ISO-10303-21;
HEADER;
FILE_DESCRIPTION(('Carrier board and the height envelope of every placed part'),'2;1');
FILE_NAME('EEG-CAR-01_RevC_carrier_with_component_envelopes','2026-09-08T00:00:00',('TI One Voice research programme'),(''),'EEG-CAR-01 step_write.py','','CC BY-SA 4.0');
FILE_SCHEMA(('AUTOMOTIVE_DESIGN { 1 0 10303 214 1 1 1 1 }'));
ENDSEC;
DATA;
#1 = CARTESIAN_POINT('',(0.,0.,0.));
#2 = DIRECTION('',(0.,0.,1.));
#3 = DIRECTION('',(1.,0.,0.));
#4 = AXIS2_PLACEMENT_3D('',#1,#2,#3);
#5 = ( NAMED_UNIT(*) SI_UNIT(.MILLI.,.METRE.) LENGTH_UNIT() );
#6 = ( NAMED_UNIT(*) PLANE_ANGLE_UNIT() SI_UNIT($,.RADIAN.) );
#7 = ( NAMED_UNIT(*) SI_UNIT($,.STERADIAN.) SOLID_ANGLE_UNIT() );
#8 = UNCERTAINTY_MEASURE_WITH_UNIT(LENGTH_MEASURE(1.E-06),#5,'distance_accuracy_value','confusion accuracy');
#9 = ( GEOMETRIC_REPRESENTATION_CONTEXT(3) GLOBAL_UNCERTAINTY_ASSIGNED_CONTEXT((#8)) GLOBAL_UNIT_ASSIGNED_CONTEXT((#5,#6,#7)) REPRESENTATION_CONTEXT('','3D') );
#10 = APPLICATION_CONTEXT('automotive design');
#11 = APPLICATION_PROTOCOL_DEFINITION('international standard','automotive_design',2000,#10);
#12 = PRODUCT_CONTEXT('',#10,'mechanical');
#13 = PRODUCT_DEFINITION_CONTEXT('part definition',#10,'design');
#14 = CARTESIAN_POINT('',(0.000000,130.000000,-1.600000));
#15 = CARTESIAN_POINT('',(150.000000,130.000000,-1.600000));
#16 = CARTESIAN_POINT('',(150.000000,0.000000,-1.600000));
#17 = CARTESIAN_POINT('',(0.000000,0.000000,-1.600000));
#18 = POLY_LOOP('',(#14,#15,#16,#17));
#19 = FACE_OUTER_BOUND('',#18,.T.);
#20 = DIRECTION('',(0.000000,0.000000,-1.000000));
#21 = DIRECTION('',(-0.000000,1.000000,0.000000));
#22 = AXIS2_PLACEMENT_3D('',#14,#20,#21);
#23 = PLANE('',#22);
#24 = FACE_SURFACE('',(#19),#23,.T.);
#25 = CARTESIAN_POINT('',(0.000000,0.000000,0.000000));
#26 = CARTESIAN_POINT('',(150.000000,0.000000,0.000000));
#27 = CARTESIAN_POINT('',(150.000000,130.000000,0.000000));
#28 = CARTESIAN_POINT('',(0.000000,130.000000,0.000000));
#29 = POLY_LOOP('',(#25,#26,#27,#28));
#30 = FACE_OUTER_BOUND('',#29,.T.);
#31 = DIRECTION('',(0.000000,0.000000,1.000000));
#32 = DIRECTION('',(0.000000,-1.000000,0.000000));
#33 = AXIS2_PLACEMENT_3D('',#25,#31,#32);
#34 = PLANE('',#33);
#35 = FACE_SURFACE('',(#30),#34,.T.);
#36 = POLY_LOOP('',(#17,#16,#26,#25));
#37 = FACE_OUTER_BOUND('',#36,.T.);
#38 = DIRECTION('',(0.000000,-1.000000,0.000000));
#39 = DIRECTION('',(0.000000,0.000000,-1.000000));
#40 = AXIS2_PLACEMENT_3D('',#17,#38,#39);
#41 = PLANE('',#40);
#42 = FACE_SURFACE('',(#37),#41,.T.);
#43 = POLY_LOOP('',(#16,#15,#27,#26));
#44 = FACE_OUTER_BOUND('',#43,.T.);
#45 = DIRECTION('',(1.000000,-0.000000,0.000000));
#46 = DIRECTION('',(0.000000,0.000000,-1.000000));
#47 = AXIS2_PLACEMENT_3D('',#16,#45,#46);
#48 = PLANE('',#47);
#49 = FACE_SURFACE('',(#44),#48,.T.);
#50 = POLY_LOOP('',(#15,#14,#28,#27));
#51 = FACE_OUTER_BOUND('',#50,.T.);
#52 = DIRECTION('',(0.000000,1.000000,0.000000));
#53 = DIRECTION('',(0.000000,0.000000,1.000000));
#54 = AXIS2_PLACEMENT_3D('',#15,#52,#53);
#55 = PLANE('',#54);
#56 = FACE_SURFACE('',(#51),#55,.T.);
#57 = POLY_LOOP('',(#14,#17,#25,#28));
#58 = FACE_OUTER_BOUND('',#57,.T.);
#59 = DIRECTION('',(-1.000000,0.000000,0.000000));
#60 = DIRECTION('',(0.000000,-0.000000,1.000000));
#61 = AXIS2_PLACEMENT_3D('',#14,#59,#60);
#62 = PLANE('',#61);
#63 = FACE_SURFACE('',(#58),#62,.T.);
#64 = CLOSED_SHELL('',(#24,#35,#42,#49,#56,#63));
#65 = FACETED_BREP('EEG-CAR-01_RevC_board',#64);
#66 = CARTESIAN_POINT('',(27.525000,5.725000,0.000000));
#67 = CARTESIAN_POINT('',(30.475000,5.725000,0.000000));
#68 = CARTESIAN_POINT('',(30.475000,4.275000,0.000000));
#69 = CARTESIAN_POINT('',(27.525000,4.275000,0.000000));
#70 = POLY_LOOP('',(#66,#67,#68,#69));
#71 = FACE_OUTER_BOUND('',#70,.T.);
#72 = DIRECTION('',(0.000000,0.000000,-1.000000));
#73 = DIRECTION('',(-0.000000,1.000000,0.000000));
#74 = AXIS2_PLACEMENT_3D('',#66,#72,#73);
#75 = PLANE('',#74);
#76 = FACE_SURFACE('',(#71),#75,.T.);
#77 = CARTESIAN_POINT('',(27.525000,4.275000,0.950000));
#78 = CARTESIAN_POINT('',(30.475000,4.275000,0.950000));
#79 = CARTESIAN_POINT('',(30.475000,5.725000,0.950000));
#80 = CARTESIAN_POINT('',(27.525000,5.725000,0.950000));
#81 = POLY_LOOP('',(#77,#78,#79,#80));
#82 = FACE_OUTER_BOUND('',#81,.T.);
#83 = DIRECTION('',(0.000000,0.000000,1.000000));
#84 = DIRECTION('',(0.000000,-1.000000,0.000000));
#85 = AXIS2_PLACEMENT_3D('',#77,#83,#84);
#86 = PLANE('',#85);
#87 = FACE_SURFACE('',(#82),#86,.T.);
#88 = POLY_LOOP('',(#69,#68,#78,#77));
#89 = FACE_OUTER_BOUND('',#88,.T.);
#90 = DIRECTION('',(0.000000,-1.000000,0.000000));
#91 = DIRECTION('',(0.000000,0.000000,-1.000000));
#92 = AXIS2_PLACEMENT_3D('',#69,#90,#91);
#93 = PLANE('',#92);
#94 = FACE_SURFACE('',(#89),#93,.T.);
#95 = POLY_LOOP('',(#68,#67,#79,#78));
#96 = FACE_OUTER_BOUND('',#95,.T.);
#97 = DIRECTION('',(1.000000,-0.000000,0.000000));
#98 = DIRECTION('',(0.000000,0.000000,-1.000000));
#99 = AXIS2_PLACEMENT_3D('',#68,#97,#98);
#100 = PLANE('',#99);
#101 = FACE_SURFACE('',(#96),#100,.T.);
#102 = POLY_LOOP('',(#67,#66,#80,#79));
#103 = FACE_OUTER_BOUND('',#102,.T.);
#104 = DIRECTION('',(0.000000,1.000000,0.000000));
#105 = DIRECTION('',(0.000000,0.000000,1.000000));
#106 = AXIS2_PLACEMENT_3D('',#67,#104,#105);
#107 = PLANE('',#106);
#108 = FACE_SURFACE('',(#103),#107,.T.);
#109 = POLY_LOOP('',(#66,#69,#77,#80));
#110 = FACE_OUTER_BOUND('',#109,.T.);
#111 = DIRECTION('',(-1.000000,-0.000000,0.000000));
#112 = DIRECTION('',(0.000000,-0.000000,1.000000));
#113 = AXIS2_PLACEMENT_3D('',#66,#111,#112);
#114 = PLANE('',#113);
#115 = FACE_SURFACE('',(#110),#114,.T.);
#116 = CLOSED_SHELL('',(#76,#87,#94,#101,#108,#115));
#117 = FACETED_BREP('carrier_C1',#116);
#118 = CARTESIAN_POINT('',(27.525000,10.025000,0.000000));
#119 = CARTESIAN_POINT('',(30.475000,10.025000,0.000000));
#120 = CARTESIAN_POINT('',(30.475000,8.575000,0.000000));
#121 = CARTESIAN_POINT('',(27.525000,8.575000,0.000000));
#122 = POLY_LOOP('',(#118,#119,#120,#121));
#123 = FACE_OUTER_BOUND('',#122,.T.);
#124 = DIRECTION('',(0.000000,0.000000,-1.000000));
#125 = DIRECTION('',(-0.000000,1.000000,0.000000));
#126 = AXIS2_PLACEMENT_3D('',#118,#124,#125);
#127 = PLANE('',#126);
#128 = FACE_SURFACE('',(#123),#127,.T.);
#129 = CARTESIAN_POINT('',(27.525000,8.575000,0.950000));
#130 = CARTESIAN_POINT('',(30.475000,8.575000,0.950000));
#131 = CARTESIAN_POINT('',(30.475000,10.025000,0.950000));
#132 = CARTESIAN_POINT('',(27.525000,10.025000,0.950000));
#133 = POLY_LOOP('',(#129,#130,#131,#132));
#134 = FACE_OUTER_BOUND('',#133,.T.);
#135 = DIRECTION('',(0.000000,0.000000,1.000000));
#136 = DIRECTION('',(0.000000,-1.000000,0.000000));
#137 = AXIS2_PLACEMENT_3D('',#129,#135,#136);
#138 = PLANE('',#137);
#139 = FACE_SURFACE('',(#134),#138,.T.);
#140 = POLY_LOOP('',(#121,#120,#130,#129));
#141 = FACE_OUTER_BOUND('',#140,.T.);
#142 = DIRECTION('',(0.000000,-1.000000,0.000000));
#143 = DIRECTION('',(0.000000,0.000000,-1.000000));
#144 = AXIS2_PLACEMENT_3D('',#121,#142,#143);
#145 = PLANE('',#144);
#146 = FACE_SURFACE('',(#141),#145,.T.);
#147 = POLY_LOOP('',(#120,#119,#131,#130));
#148 = FACE_OUTER_BOUND('',#147,.T.);
#149 = DIRECTION('',(1.000000,-0.000000,0.000000));
#150 = DIRECTION('',(0.000000,0.000000,-1.000000));
#151 = AXIS2_PLACEMENT_3D('',#120,#149,#150);
#152 = PLANE('',#151);
#153 = FACE_SURFACE('',(#148),#152,.T.);
#154 = POLY_LOOP('',(#119,#118,#132,#131));
#155 = FACE_OUTER_BOUND('',#154,.T.);
#156 = DIRECTION('',(0.000000,1.000000,0.000000));
#157 = DIRECTION('',(0.000000,0.000000,1.000000));
#158 = AXIS2_PLACEMENT_3D('',#119,#156,#157);
#159 = PLANE('',#158);
#160 = FACE_SURFACE('',(#155),#159,.T.);
#161 = POLY_LOOP('',(#118,#121,#129,#132));
#162 = FACE_OUTER_BOUND('',#161,.T.);
#163 = DIRECTION('',(-1.000000,-0.000000,0.000000));
#164 = DIRECTION('',(0.000000,-0.000000,1.000000));
#165 = AXIS2_PLACEMENT_3D('',#118,#163,#164);
#166 = PLANE('',#165);
#167 = FACE_SURFACE('',(#162),#166,.T.);
#168 = CLOSED_SHELL('',(#128,#139,#146,#153,#160,#167));
#169 = FACETED_BREP('carrier_C2',#168);
#170 = CARTESIAN_POINT('',(27.525000,14.325000,0.000000));
#171 = CARTESIAN_POINT('',(30.475000,14.325000,0.000000));
#172 = CARTESIAN_POINT('',(30.475000,12.875000,0.000000));
#173 = CARTESIAN_POINT('',(27.525000,12.875000,0.000000));
#174 = POLY_LOOP('',(#170,#171,#172,#173));
#175 = FACE_OUTER_BOUND('',#174,.T.);
#176 = DIRECTION('',(0.000000,0.000000,-1.000000));
#177 = DIRECTION('',(-0.000000,1.000000,0.000000));
#178 = AXIS2_PLACEMENT_3D('',#170,#176,#177);
#179 = PLANE('',#178);
#180 = FACE_SURFACE('',(#175),#179,.T.);
#181 = CARTESIAN_POINT('',(27.525000,12.875000,0.950000));
#182 = CARTESIAN_POINT('',(30.475000,12.875000,0.950000));
#183 = CARTESIAN_POINT('',(30.475000,14.325000,0.950000));
#184 = CARTESIAN_POINT('',(27.525000,14.325000,0.950000));
#185 = POLY_LOOP('',(#181,#182,#183,#184));
#186 = FACE_OUTER_BOUND('',#185,.T.);
#187 = DIRECTION('',(0.000000,0.000000,1.000000));
#188 = DIRECTION('',(0.000000,-1.000000,0.000000));
#189 = AXIS2_PLACEMENT_3D('',#181,#187,#188);
#190 = PLANE('',#189);
#191 = FACE_SURFACE('',(#186),#190,.T.);
#192 = POLY_LOOP('',(#173,#172,#182,#181));
#193 = FACE_OUTER_BOUND('',#192,.T.);
#194 = DIRECTION('',(0.000000,-1.000000,0.000000));
#195 = DIRECTION('',(0.000000,0.000000,-1.000000));
#196 = AXIS2_PLACEMENT_3D('',#173,#194,#195);
#197 = PLANE('',#196);
#198 = FACE_SURFACE('',(#193),#197,.T.);
#199 = POLY_LOOP('',(#172,#171,#183,#182));
#200 = FACE_OUTER_BOUND('',#199,.T.);
#201 = DIRECTION('',(1.000000,-0.000000,0.000000));
#202 = DIRECTION('',(0.000000,0.000000,-1.000000));
#203 = AXIS2_PLACEMENT_3D('',#172,#201,#202);
#204 = PLANE('',#203);
#205 = FACE_SURFACE('',(#200),#204,.T.);
#206 = POLY_LOOP('',(#171,#170,#184,#183));
#207 = FACE_OUTER_BOUND('',#206,.T.);
#208 = DIRECTION('',(0.000000,1.000000,0.000000));
#209 = DIRECTION('',(0.000000,0.000000,1.000000));
#210 = AXIS2_PLACEMENT_3D('',#171,#208,#209);
#211 = PLANE('',#210);
#212 = FACE_SURFACE('',(#207),#211,.T.);
#213 = POLY_LOOP('',(#170,#173,#181,#184));
#214 = FACE_OUTER_BOUND('',#213,.T.);
#215 = DIRECTION('',(-1.000000,-0.000000,0.000000));
#216 = DIRECTION('',(0.000000,-0.000000,1.000000));
#217 = AXIS2_PLACEMENT_3D('',#170,#215,#216);
#218 = PLANE('',#217);
#219 = FACE_SURFACE('',(#214),#218,.T.);
#220 = CLOSED_SHELL('',(#180,#191,#198,#205,#212,#219));
#221 = FACETED_BREP('carrier_C3',#220);
#222 = CARTESIAN_POINT('',(27.525000,18.625000,0.000000));
#223 = CARTESIAN_POINT('',(30.475000,18.625000,0.000000));
#224 = CARTESIAN_POINT('',(30.475000,17.175000,0.000000));
#225 = CARTESIAN_POINT('',(27.525000,17.175000,0.000000));
#226 = POLY_LOOP('',(#222,#223,#224,#225));
#227 = FACE_OUTER_BOUND('',#226,.T.);
#228 = DIRECTION('',(0.000000,0.000000,-1.000000));
#229 = DIRECTION('',(-0.000000,1.000000,0.000000));
#230 = AXIS2_PLACEMENT_3D('',#222,#228,#229);
#231 = PLANE('',#230);
#232 = FACE_SURFACE('',(#227),#231,.T.);
#233 = CARTESIAN_POINT('',(27.525000,17.175000,0.950000));
#234 = CARTESIAN_POINT('',(30.475000,17.175000,0.950000));
#235 = CARTESIAN_POINT('',(30.475000,18.625000,0.950000));
#236 = CARTESIAN_POINT('',(27.525000,18.625000,0.950000));
#237 = POLY_LOOP('',(#233,#234,#235,#236));
#238 = FACE_OUTER_BOUND('',#237,.T.);
#239 = DIRECTION('',(0.000000,0.000000,1.000000));
#240 = DIRECTION('',(0.000000,-1.000000,0.000000));
#241 = AXIS2_PLACEMENT_3D('',#233,#239,#240);
#242 = PLANE('',#241);
#243 = FACE_SURFACE('',(#238),#242,.T.);
#244 = POLY_LOOP('',(#225,#224,#234,#233));
#245 = FACE_OUTER_BOUND('',#244,.T.);
#246 = DIRECTION('',(0.000000,-1.000000,0.000000));
#247 = DIRECTION('',(0.000000,0.000000,-1.000000));
#248 = AXIS2_PLACEMENT_3D('',#225,#246,#247);
#249 = PLANE('',#248);
#250 = FACE_SURFACE('',(#245),#249,.T.);
#251 = POLY_LOOP('',(#224,#223,#235,#234));
#252 = FACE_OUTER_BOUND('',#251,.T.);
#253 = DIRECTION('',(1.000000,-0.000000,0.000000));
#254 = DIRECTION('',(0.000000,0.000000,-1.000000));
#255 = AXIS2_PLACEMENT_3D('',#224,#253,#254);
#256 = PLANE('',#255);
#257 = FACE_SURFACE('',(#252),#256,.T.);
#258 = POLY_LOOP('',(#223,#222,#236,#235));
#259 = FACE_OUTER_BOUND('',#258,.T.);
#260 = DIRECTION('',(0.000000,1.000000,0.000000));
#261 = DIRECTION('',(0.000000,0.000000,1.000000));
#262 = AXIS2_PLACEMENT_3D('',#223,#260,#261);
#263 = PLANE('',#262);
#264 = FACE_SURFACE('',(#259),#263,.T.);
#265 = POLY_LOOP('',(#222,#225,#233,#236));
#266 = FACE_OUTER_BOUND('',#265,.T.);
#267 = DIRECTION('',(-1.000000,-0.000000,0.000000));
#268 = DIRECTION('',(0.000000,-0.000000,1.000000));
#269 = AXIS2_PLACEMENT_3D('',#222,#267,#268);
#270 = PLANE('',#269);
#271 = FACE_SURFACE('',(#266),#270,.T.);
#272 = CLOSED_SHELL('',(#232,#243,#250,#257,#264,#271));
#273 = FACETED_BREP('carrier_C4',#272);
#274 = CARTESIAN_POINT('',(27.525000,22.925000,0.000000));
#275 = CARTESIAN_POINT('',(30.475000,22.925000,0.000000));
#276 = CARTESIAN_POINT('',(30.475000,21.475000,0.000000));
#277 = CARTESIAN_POINT('',(27.525000,21.475000,0.000000));
#278 = POLY_LOOP('',(#274,#275,#276,#277));
#279 = FACE_OUTER_BOUND('',#278,.T.);
#280 = DIRECTION('',(0.000000,0.000000,-1.000000));
#281 = DIRECTION('',(-0.000000,1.000000,0.000000));
#282 = AXIS2_PLACEMENT_3D('',#274,#280,#281);
#283 = PLANE('',#282);
#284 = FACE_SURFACE('',(#279),#283,.T.);
#285 = CARTESIAN_POINT('',(27.525000,21.475000,0.950000));
#286 = CARTESIAN_POINT('',(30.475000,21.475000,0.950000));
#287 = CARTESIAN_POINT('',(30.475000,22.925000,0.950000));
#288 = CARTESIAN_POINT('',(27.525000,22.925000,0.950000));
#289 = POLY_LOOP('',(#285,#286,#287,#288));
#290 = FACE_OUTER_BOUND('',#289,.T.);
#291 = DIRECTION('',(0.000000,0.000000,1.000000));
#292 = DIRECTION('',(0.000000,-1.000000,0.000000));
#293 = AXIS2_PLACEMENT_3D('',#285,#291,#292);
#294 = PLANE('',#293);
#295 = FACE_SURFACE('',(#290),#294,.T.);
#296 = POLY_LOOP('',(#277,#276,#286,#285));
#297 = FACE_OUTER_BOUND('',#296,.T.);
#298 = DIRECTION('',(0.000000,-1.000000,0.000000));
#299 = DIRECTION('',(0.000000,0.000000,-1.000000));
#300 = AXIS2_PLACEMENT_3D('',#277,#298,#299);
#301 = PLANE('',#300);
#302 = FACE_SURFACE('',(#297),#301,.T.);
#303 = POLY_LOOP('',(#276,#275,#287,#286));
#304 = FACE_OUTER_BOUND('',#303,.T.);
#305 = DIRECTION('',(1.000000,-0.000000,0.000000));
#306 = DIRECTION('',(0.000000,0.000000,-1.000000));
#307 = AXIS2_PLACEMENT_3D('',#276,#305,#306);
#308 = PLANE('',#307);
#309 = FACE_SURFACE('',(#304),#308,.T.);
#310 = POLY_LOOP('',(#275,#274,#288,#287));
#311 = FACE_OUTER_BOUND('',#310,.T.);
#312 = DIRECTION('',(0.000000,1.000000,0.000000));
#313 = DIRECTION('',(0.000000,0.000000,1.000000));
#314 = AXIS2_PLACEMENT_3D('',#275,#312,#313);
#315 = PLANE('',#314);
#316 = FACE_SURFACE('',(#311),#315,.T.);
#317 = POLY_LOOP('',(#274,#277,#285,#288));
#318 = FACE_OUTER_BOUND('',#317,.T.);
#319 = DIRECTION('',(-1.000000,-0.000000,0.000000));
#320 = DIRECTION('',(0.000000,-0.000000,1.000000));
#321 = AXIS2_PLACEMENT_3D('',#274,#319,#320);
#322 = PLANE('',#321);
#323 = FACE_SURFACE('',(#318),#322,.T.);
#324 = CLOSED_SHELL('',(#284,#295,#302,#309,#316,#323));
#325 = FACETED_BREP('carrier_C5',#324);
#326 = CARTESIAN_POINT('',(27.525000,27.225000,0.000000));
#327 = CARTESIAN_POINT('',(30.475000,27.225000,0.000000));
#328 = CARTESIAN_POINT('',(30.475000,25.775000,0.000000));
#329 = CARTESIAN_POINT('',(27.525000,25.775000,0.000000));
#330 = POLY_LOOP('',(#326,#327,#328,#329));
#331 = FACE_OUTER_BOUND('',#330,.T.);
#332 = DIRECTION('',(0.000000,0.000000,-1.000000));
#333 = DIRECTION('',(-0.000000,1.000000,0.000000));
#334 = AXIS2_PLACEMENT_3D('',#326,#332,#333);
#335 = PLANE('',#334);
#336 = FACE_SURFACE('',(#331),#335,.T.);
#337 = CARTESIAN_POINT('',(27.525000,25.775000,0.950000));
#338 = CARTESIAN_POINT('',(30.475000,25.775000,0.950000));
#339 = CARTESIAN_POINT('',(30.475000,27.225000,0.950000));
#340 = CARTESIAN_POINT('',(27.525000,27.225000,0.950000));
#341 = POLY_LOOP('',(#337,#338,#339,#340));
#342 = FACE_OUTER_BOUND('',#341,.T.);
#343 = DIRECTION('',(0.000000,0.000000,1.000000));
#344 = DIRECTION('',(0.000000,-1.000000,0.000000));
#345 = AXIS2_PLACEMENT_3D('',#337,#343,#344);
#346 = PLANE('',#345);
#347 = FACE_SURFACE('',(#342),#346,.T.);
#348 = POLY_LOOP('',(#329,#328,#338,#337));
#349 = FACE_OUTER_BOUND('',#348,.T.);
#350 = DIRECTION('',(0.000000,-1.000000,0.000000));
#351 = DIRECTION('',(0.000000,0.000000,-1.000000));
#352 = AXIS2_PLACEMENT_3D('',#329,#350,#351);
#353 = PLANE('',#352);
#354 = FACE_SURFACE('',(#349),#353,.T.);
#355 = POLY_LOOP('',(#328,#327,#339,#338));
#356 = FACE_OUTER_BOUND('',#355,.T.);
#357 = DIRECTION('',(1.000000,-0.000000,0.000000));
#358 = DIRECTION('',(0.000000,0.000000,-1.000000));
#359 = AXIS2_PLACEMENT_3D('',#328,#357,#358);
#360 = PLANE('',#359);
#361 = FACE_SURFACE('',(#356),#360,.T.);
#362 = POLY_LOOP('',(#327,#326,#340,#339));
#363 = FACE_OUTER_BOUND('',#362,.T.);
#364 = DIRECTION('',(0.000000,1.000000,0.000000));
#365 = DIRECTION('',(0.000000,0.000000,1.000000));
#366 = AXIS2_PLACEMENT_3D('',#327,#364,#365);
#367 = PLANE('',#366);
#368 = FACE_SURFACE('',(#363),#367,.T.);
#369 = POLY_LOOP('',(#326,#329,#337,#340));
#370 = FACE_OUTER_BOUND('',#369,.T.);
#371 = DIRECTION('',(-1.000000,-0.000000,0.000000));
#372 = DIRECTION('',(0.000000,-0.000000,1.000000));
#373 = AXIS2_PLACEMENT_3D('',#326,#371,#372);
#374 = PLANE('',#373);
#375 = FACE_SURFACE('',(#370),#374,.T.);
#376 = CLOSED_SHELL('',(#336,#347,#354,#361,#368,#375));
#377 = FACETED_BREP('carrier_C6',#376);
#378 = CARTESIAN_POINT('',(27.525000,31.525000,0.000000));
#379 = CARTESIAN_POINT('',(30.475000,31.525000,0.000000));
#380 = CARTESIAN_POINT('',(30.475000,30.075000,0.000000));
#381 = CARTESIAN_POINT('',(27.525000,30.075000,0.000000));
#382 = POLY_LOOP('',(#378,#379,#380,#381));
#383 = FACE_OUTER_BOUND('',#382,.T.);
#384 = DIRECTION('',(0.000000,0.000000,-1.000000));
#385 = DIRECTION('',(-0.000000,1.000000,0.000000));
#386 = AXIS2_PLACEMENT_3D('',#378,#384,#385);
#387 = PLANE('',#386);
#388 = FACE_SURFACE('',(#383),#387,.T.);
#389 = CARTESIAN_POINT('',(27.525000,30.075000,0.950000));
#390 = CARTESIAN_POINT('',(30.475000,30.075000,0.950000));
#391 = CARTESIAN_POINT('',(30.475000,31.525000,0.950000));
#392 = CARTESIAN_POINT('',(27.525000,31.525000,0.950000));
#393 = POLY_LOOP('',(#389,#390,#391,#392));
#394 = FACE_OUTER_BOUND('',#393,.T.);
#395 = DIRECTION('',(0.000000,0.000000,1.000000));
#396 = DIRECTION('',(0.000000,-1.000000,0.000000));
#397 = AXIS2_PLACEMENT_3D('',#389,#395,#396);
#398 = PLANE('',#397);
#399 = FACE_SURFACE('',(#394),#398,.T.);
#400 = POLY_LOOP('',(#381,#380,#390,#389));
#401 = FACE_OUTER_BOUND('',#400,.T.);
#402 = DIRECTION('',(0.000000,-1.000000,0.000000));
#403 = DIRECTION('',(0.000000,0.000000,-1.000000));
#404 = AXIS2_PLACEMENT_3D('',#381,#402,#403);
#405 = PLANE('',#404);
#406 = FACE_SURFACE('',(#401),#405,.T.);
#407 = POLY_LOOP('',(#380,#379,#391,#390));
#408 = FACE_OUTER_BOUND('',#407,.T.);
#409 = DIRECTION('',(1.000000,-0.000000,0.000000));
#410 = DIRECTION('',(0.000000,0.000000,-1.000000));
#411 = AXIS2_PLACEMENT_3D('',#380,#409,#410);
#412 = PLANE('',#411);
#413 = FACE_SURFACE('',(#408),#412,.T.);
#414 = POLY_LOOP('',(#379,#378,#392,#391));
#415 = FACE_OUTER_BOUND('',#414,.T.);
#416 = DIRECTION('',(0.000000,1.000000,0.000000));
#417 = DIRECTION('',(0.000000,0.000000,1.000000));
#418 = AXIS2_PLACEMENT_3D('',#379,#416,#417);
#419 = PLANE('',#418);
#420 = FACE_SURFACE('',(#415),#419,.T.);
#421 = POLY_LOOP('',(#378,#381,#389,#392));
#422 = FACE_OUTER_BOUND('',#421,.T.);
#423 = DIRECTION('',(-1.000000,-0.000000,0.000000));
#424 = DIRECTION('',(0.000000,-0.000000,1.000000));
#425 = AXIS2_PLACEMENT_3D('',#378,#423,#424);
#426 = PLANE('',#425);
#427 = FACE_SURFACE('',(#422),#426,.T.);
#428 = CLOSED_SHELL('',(#388,#399,#406,#413,#420,#427));
#429 = FACETED_BREP('carrier_C7',#428);
#430 = CARTESIAN_POINT('',(27.525000,35.825000,0.000000));
#431 = CARTESIAN_POINT('',(30.475000,35.825000,0.000000));
#432 = CARTESIAN_POINT('',(30.475000,34.375000,0.000000));
#433 = CARTESIAN_POINT('',(27.525000,34.375000,0.000000));
#434 = POLY_LOOP('',(#430,#431,#432,#433));
#435 = FACE_OUTER_BOUND('',#434,.T.);
#436 = DIRECTION('',(0.000000,0.000000,-1.000000));
#437 = DIRECTION('',(-0.000000,1.000000,0.000000));
#438 = AXIS2_PLACEMENT_3D('',#430,#436,#437);
#439 = PLANE('',#438);
#440 = FACE_SURFACE('',(#435),#439,.T.);
#441 = CARTESIAN_POINT('',(27.525000,34.375000,0.950000));
#442 = CARTESIAN_POINT('',(30.475000,34.375000,0.950000));
#443 = CARTESIAN_POINT('',(30.475000,35.825000,0.950000));
#444 = CARTESIAN_POINT('',(27.525000,35.825000,0.950000));
#445 = POLY_LOOP('',(#441,#442,#443,#444));
#446 = FACE_OUTER_BOUND('',#445,.T.);
#447 = DIRECTION('',(0.000000,0.000000,1.000000));
#448 = DIRECTION('',(0.000000,-1.000000,0.000000));
#449 = AXIS2_PLACEMENT_3D('',#441,#447,#448);
#450 = PLANE('',#449);
#451 = FACE_SURFACE('',(#446),#450,.T.);
#452 = POLY_LOOP('',(#433,#432,#442,#441));
#453 = FACE_OUTER_BOUND('',#452,.T.);
#454 = DIRECTION('',(0.000000,-1.000000,0.000000));
#455 = DIRECTION('',(0.000000,0.000000,-1.000000));
#456 = AXIS2_PLACEMENT_3D('',#433,#454,#455);
#457 = PLANE('',#456);
#458 = FACE_SURFACE('',(#453),#457,.T.);
#459 = POLY_LOOP('',(#432,#431,#443,#442));
#460 = FACE_OUTER_BOUND('',#459,.T.);
#461 = DIRECTION('',(1.000000,-0.000000,0.000000));
#462 = DIRECTION('',(0.000000,0.000000,-1.000000));
#463 = AXIS2_PLACEMENT_3D('',#432,#461,#462);
#464 = PLANE('',#463);
#465 = FACE_SURFACE('',(#460),#464,.T.);
#466 = POLY_LOOP('',(#431,#430,#444,#443));
#467 = FACE_OUTER_BOUND('',#466,.T.);
#468 = DIRECTION('',(0.000000,1.000000,0.000000));
#469 = DIRECTION('',(0.000000,0.000000,1.000000));
#470 = AXIS2_PLACEMENT_3D('',#431,#468,#469);
#471 = PLANE('',#470);
#472 = FACE_SURFACE('',(#467),#471,.T.);
#473 = POLY_LOOP('',(#430,#433,#441,#444));
#474 = FACE_OUTER_BOUND('',#473,.T.);
#475 = DIRECTION('',(-1.000000,-0.000000,0.000000));
#476 = DIRECTION('',(0.000000,-0.000000,1.000000));
#477 = AXIS2_PLACEMENT_3D('',#430,#475,#476);
#478 = PLANE('',#477);
#479 = FACE_SURFACE('',(#474),#478,.T.);
#480 = CLOSED_SHELL('',(#440,#451,#458,#465,#472,#479));
#481 = FACETED_BREP('carrier_C8',#480);
#482 = CARTESIAN_POINT('',(27.525000,40.125000,0.000000));
#483 = CARTESIAN_POINT('',(30.475000,40.125000,0.000000));
#484 = CARTESIAN_POINT('',(30.475000,38.675000,0.000000));
#485 = CARTESIAN_POINT('',(27.525000,38.675000,0.000000));
#486 = POLY_LOOP('',(#482,#483,#484,#485));
#487 = FACE_OUTER_BOUND('',#486,.T.);
#488 = DIRECTION('',(0.000000,0.000000,-1.000000));
#489 = DIRECTION('',(-0.000000,1.000000,0.000000));
#490 = AXIS2_PLACEMENT_3D('',#482,#488,#489);
#491 = PLANE('',#490);
#492 = FACE_SURFACE('',(#487),#491,.T.);
#493 = CARTESIAN_POINT('',(27.525000,38.675000,0.950000));
#494 = CARTESIAN_POINT('',(30.475000,38.675000,0.950000));
#495 = CARTESIAN_POINT('',(30.475000,40.125000,0.950000));
#496 = CARTESIAN_POINT('',(27.525000,40.125000,0.950000));
#497 = POLY_LOOP('',(#493,#494,#495,#496));
#498 = FACE_OUTER_BOUND('',#497,.T.);
#499 = DIRECTION('',(0.000000,0.000000,1.000000));
#500 = DIRECTION('',(0.000000,-1.000000,0.000000));
#501 = AXIS2_PLACEMENT_3D('',#493,#499,#500);
#502 = PLANE('',#501);
#503 = FACE_SURFACE('',(#498),#502,.T.);
#504 = POLY_LOOP('',(#485,#484,#494,#493));
#505 = FACE_OUTER_BOUND('',#504,.T.);
#506 = DIRECTION('',(0.000000,-1.000000,0.000000));
#507 = DIRECTION('',(0.000000,0.000000,-1.000000));
#508 = AXIS2_PLACEMENT_3D('',#485,#506,#507);
#509 = PLANE('',#508);
#510 = FACE_SURFACE('',(#505),#509,.T.);
#511 = POLY_LOOP('',(#484,#483,#495,#494));
#512 = FACE_OUTER_BOUND('',#511,.T.);
#513 = DIRECTION('',(1.000000,-0.000000,0.000000));
#514 = DIRECTION('',(0.000000,0.000000,-1.000000));
#515 = AXIS2_PLACEMENT_3D('',#484,#513,#514);
#516 = PLANE('',#515);
#517 = FACE_SURFACE('',(#512),#516,.T.);
#518 = POLY_LOOP('',(#483,#482,#496,#495));
#519 = FACE_OUTER_BOUND('',#518,.T.);
#520 = DIRECTION('',(0.000000,1.000000,0.000000));
#521 = DIRECTION('',(0.000000,0.000000,1.000000));
#522 = AXIS2_PLACEMENT_3D('',#483,#520,#521);
#523 = PLANE('',#522);
#524 = FACE_SURFACE('',(#519),#523,.T.);
#525 = POLY_LOOP('',(#482,#485,#493,#496));
#526 = FACE_OUTER_BOUND('',#525,.T.);
#527 = DIRECTION('',(-1.000000,-0.000000,0.000000));
#528 = DIRECTION('',(0.000000,-0.000000,1.000000));
#529 = AXIS2_PLACEMENT_3D('',#482,#527,#528);
#530 = PLANE('',#529);
#531 = FACE_SURFACE('',(#526),#530,.T.);
#532 = CLOSED_SHELL('',(#492,#503,#510,#517,#524,#531));
#533 = FACETED_BREP('carrier_C9',#532);
#534 = CARTESIAN_POINT('',(27.525000,44.425000,0.000000));
#535 = CARTESIAN_POINT('',(30.475000,44.425000,0.000000));
#536 = CARTESIAN_POINT('',(30.475000,42.975000,0.000000));
#537 = CARTESIAN_POINT('',(27.525000,42.975000,0.000000));
#538 = POLY_LOOP('',(#534,#535,#536,#537));
#539 = FACE_OUTER_BOUND('',#538,.T.);
#540 = DIRECTION('',(0.000000,0.000000,-1.000000));
#541 = DIRECTION('',(-0.000000,1.000000,0.000000));
#542 = AXIS2_PLACEMENT_3D('',#534,#540,#541);
#543 = PLANE('',#542);
#544 = FACE_SURFACE('',(#539),#543,.T.);
#545 = CARTESIAN_POINT('',(27.525000,42.975000,0.950000));
#546 = CARTESIAN_POINT('',(30.475000,42.975000,0.950000));
#547 = CARTESIAN_POINT('',(30.475000,44.425000,0.950000));
#548 = CARTESIAN_POINT('',(27.525000,44.425000,0.950000));
#549 = POLY_LOOP('',(#545,#546,#547,#548));
#550 = FACE_OUTER_BOUND('',#549,.T.);
#551 = DIRECTION('',(0.000000,0.000000,1.000000));
#552 = DIRECTION('',(0.000000,-1.000000,0.000000));
#553 = AXIS2_PLACEMENT_3D('',#545,#551,#552);
#554 = PLANE('',#553);
#555 = FACE_SURFACE('',(#550),#554,.T.);
#556 = POLY_LOOP('',(#537,#536,#546,#545));
#557 = FACE_OUTER_BOUND('',#556,.T.);
#558 = DIRECTION('',(0.000000,-1.000000,0.000000));
#559 = DIRECTION('',(0.000000,0.000000,-1.000000));
#560 = AXIS2_PLACEMENT_3D('',#537,#558,#559);
#561 = PLANE('',#560);
#562 = FACE_SURFACE('',(#557),#561,.T.);
#563 = POLY_LOOP('',(#536,#535,#547,#546));
#564 = FACE_OUTER_BOUND('',#563,.T.);
#565 = DIRECTION('',(1.000000,-0.000000,0.000000));
#566 = DIRECTION('',(0.000000,0.000000,-1.000000));
#567 = AXIS2_PLACEMENT_3D('',#536,#565,#566);
#568 = PLANE('',#567);
#569 = FACE_SURFACE('',(#564),#568,.T.);
#570 = POLY_LOOP('',(#535,#534,#548,#547));
#571 = FACE_OUTER_BOUND('',#570,.T.);
#572 = DIRECTION('',(0.000000,1.000000,0.000000));
#573 = DIRECTION('',(0.000000,0.000000,1.000000));
#574 = AXIS2_PLACEMENT_3D('',#535,#572,#573);
#575 = PLANE('',#574);
#576 = FACE_SURFACE('',(#571),#575,.T.);
#577 = POLY_LOOP('',(#534,#537,#545,#548));
#578 = FACE_OUTER_BOUND('',#577,.T.);
#579 = DIRECTION('',(-1.000000,-0.000000,0.000000));
#580 = DIRECTION('',(0.000000,-0.000000,1.000000));
#581 = AXIS2_PLACEMENT_3D('',#534,#579,#580);
#582 = PLANE('',#581);
#583 = FACE_SURFACE('',(#578),#582,.T.);
#584 = CLOSED_SHELL('',(#544,#555,#562,#569,#576,#583));
#585 = FACETED_BREP('carrier_C10',#584);
#586 = CARTESIAN_POINT('',(27.525000,48.725000,0.000000));
#587 = CARTESIAN_POINT('',(30.475000,48.725000,0.000000));
#588 = CARTESIAN_POINT('',(30.475000,47.275000,0.000000));
#589 = CARTESIAN_POINT('',(27.525000,47.275000,0.000000));
#590 = POLY_LOOP('',(#586,#587,#588,#589));
#591 = FACE_OUTER_BOUND('',#590,.T.);
#592 = DIRECTION('',(0.000000,0.000000,-1.000000));
#593 = DIRECTION('',(-0.000000,1.000000,0.000000));
#594 = AXIS2_PLACEMENT_3D('',#586,#592,#593);
#595 = PLANE('',#594);
#596 = FACE_SURFACE('',(#591),#595,.T.);
#597 = CARTESIAN_POINT('',(27.525000,47.275000,0.950000));
#598 = CARTESIAN_POINT('',(30.475000,47.275000,0.950000));
#599 = CARTESIAN_POINT('',(30.475000,48.725000,0.950000));
#600 = CARTESIAN_POINT('',(27.525000,48.725000,0.950000));
#601 = POLY_LOOP('',(#597,#598,#599,#600));
#602 = FACE_OUTER_BOUND('',#601,.T.);
#603 = DIRECTION('',(0.000000,0.000000,1.000000));
#604 = DIRECTION('',(0.000000,-1.000000,0.000000));
#605 = AXIS2_PLACEMENT_3D('',#597,#603,#604);
#606 = PLANE('',#605);
#607 = FACE_SURFACE('',(#602),#606,.T.);
#608 = POLY_LOOP('',(#589,#588,#598,#597));
#609 = FACE_OUTER_BOUND('',#608,.T.);
#610 = DIRECTION('',(0.000000,-1.000000,0.000000));
#611 = DIRECTION('',(0.000000,0.000000,-1.000000));
#612 = AXIS2_PLACEMENT_3D('',#589,#610,#611);
#613 = PLANE('',#612);
#614 = FACE_SURFACE('',(#609),#613,.T.);
#615 = POLY_LOOP('',(#588,#587,#599,#598));
#616 = FACE_OUTER_BOUND('',#615,.T.);
#617 = DIRECTION('',(1.000000,-0.000000,0.000000));
#618 = DIRECTION('',(0.000000,0.000000,-1.000000));
#619 = AXIS2_PLACEMENT_3D('',#588,#617,#618);
#620 = PLANE('',#619);
#621 = FACE_SURFACE('',(#616),#620,.T.);
#622 = POLY_LOOP('',(#587,#586,#600,#599));
#623 = FACE_OUTER_BOUND('',#622,.T.);
#624 = DIRECTION('',(0.000000,1.000000,0.000000));
#625 = DIRECTION('',(0.000000,0.000000,1.000000));
#626 = AXIS2_PLACEMENT_3D('',#587,#624,#625);
#627 = PLANE('',#626);
#628 = FACE_SURFACE('',(#623),#627,.T.);
#629 = POLY_LOOP('',(#586,#589,#597,#600));
#630 = FACE_OUTER_BOUND('',#629,.T.);
#631 = DIRECTION('',(-1.000000,-0.000000,0.000000));
#632 = DIRECTION('',(0.000000,-0.000000,1.000000));
#633 = AXIS2_PLACEMENT_3D('',#586,#631,#632);
#634 = PLANE('',#633);
#635 = FACE_SURFACE('',(#630),#634,.T.);
#636 = CLOSED_SHELL('',(#596,#607,#614,#621,#628,#635));
#637 = FACETED_BREP('carrier_C11',#636);
#638 = CARTESIAN_POINT('',(27.525000,53.025000,0.000000));
#639 = CARTESIAN_POINT('',(30.475000,53.025000,0.000000));
#640 = CARTESIAN_POINT('',(30.475000,51.575000,0.000000));
#641 = CARTESIAN_POINT('',(27.525000,51.575000,0.000000));
#642 = POLY_LOOP('',(#638,#639,#640,#641));
#643 = FACE_OUTER_BOUND('',#642,.T.);
#644 = DIRECTION('',(0.000000,0.000000,-1.000000));
#645 = DIRECTION('',(-0.000000,1.000000,0.000000));
#646 = AXIS2_PLACEMENT_3D('',#638,#644,#645);
#647 = PLANE('',#646);
#648 = FACE_SURFACE('',(#643),#647,.T.);
#649 = CARTESIAN_POINT('',(27.525000,51.575000,0.950000));
#650 = CARTESIAN_POINT('',(30.475000,51.575000,0.950000));
#651 = CARTESIAN_POINT('',(30.475000,53.025000,0.950000));
#652 = CARTESIAN_POINT('',(27.525000,53.025000,0.950000));
#653 = POLY_LOOP('',(#649,#650,#651,#652));
#654 = FACE_OUTER_BOUND('',#653,.T.);
#655 = DIRECTION('',(0.000000,0.000000,1.000000));
#656 = DIRECTION('',(0.000000,-1.000000,0.000000));
#657 = AXIS2_PLACEMENT_3D('',#649,#655,#656);
#658 = PLANE('',#657);
#659 = FACE_SURFACE('',(#654),#658,.T.);
#660 = POLY_LOOP('',(#641,#640,#650,#649));
#661 = FACE_OUTER_BOUND('',#660,.T.);
#662 = DIRECTION('',(0.000000,-1.000000,0.000000));
#663 = DIRECTION('',(0.000000,0.000000,-1.000000));
#664 = AXIS2_PLACEMENT_3D('',#641,#662,#663);
#665 = PLANE('',#664);
#666 = FACE_SURFACE('',(#661),#665,.T.);
#667 = POLY_LOOP('',(#640,#639,#651,#650));
#668 = FACE_OUTER_BOUND('',#667,.T.);
#669 = DIRECTION('',(1.000000,-0.000000,0.000000));
#670 = DIRECTION('',(0.000000,0.000000,-1.000000));
#671 = AXIS2_PLACEMENT_3D('',#640,#669,#670);
#672 = PLANE('',#671);
#673 = FACE_SURFACE('',(#668),#672,.T.);
#674 = POLY_LOOP('',(#639,#638,#652,#651));
#675 = FACE_OUTER_BOUND('',#674,.T.);
#676 = DIRECTION('',(0.000000,1.000000,0.000000));
#677 = DIRECTION('',(0.000000,0.000000,1.000000));
#678 = AXIS2_PLACEMENT_3D('',#639,#676,#677);
#679 = PLANE('',#678);
#680 = FACE_SURFACE('',(#675),#679,.T.);
#681 = POLY_LOOP('',(#638,#641,#649,#652));
#682 = FACE_OUTER_BOUND('',#681,.T.);
#683 = DIRECTION('',(-1.000000,-0.000000,0.000000));
#684 = DIRECTION('',(0.000000,-0.000000,1.000000));
#685 = AXIS2_PLACEMENT_3D('',#638,#683,#684);
#686 = PLANE('',#685);
#687 = FACE_SURFACE('',(#682),#686,.T.);
#688 = CLOSED_SHELL('',(#648,#659,#666,#673,#680,#687));
#689 = FACETED_BREP('carrier_C12',#688);
#690 = CARTESIAN_POINT('',(27.525000,57.325000,0.000000));
#691 = CARTESIAN_POINT('',(30.475000,57.325000,0.000000));
#692 = CARTESIAN_POINT('',(30.475000,55.875000,0.000000));
#693 = CARTESIAN_POINT('',(27.525000,55.875000,0.000000));
#694 = POLY_LOOP('',(#690,#691,#692,#693));
#695 = FACE_OUTER_BOUND('',#694,.T.);
#696 = DIRECTION('',(0.000000,0.000000,-1.000000));
#697 = DIRECTION('',(-0.000000,1.000000,0.000000));
#698 = AXIS2_PLACEMENT_3D('',#690,#696,#697);
#699 = PLANE('',#698);
#700 = FACE_SURFACE('',(#695),#699,.T.);
#701 = CARTESIAN_POINT('',(27.525000,55.875000,0.950000));
#702 = CARTESIAN_POINT('',(30.475000,55.875000,0.950000));
#703 = CARTESIAN_POINT('',(30.475000,57.325000,0.950000));
#704 = CARTESIAN_POINT('',(27.525000,57.325000,0.950000));
#705 = POLY_LOOP('',(#701,#702,#703,#704));
#706 = FACE_OUTER_BOUND('',#705,.T.);
#707 = DIRECTION('',(0.000000,0.000000,1.000000));
#708 = DIRECTION('',(0.000000,-1.000000,0.000000));
#709 = AXIS2_PLACEMENT_3D('',#701,#707,#708);
#710 = PLANE('',#709);
#711 = FACE_SURFACE('',(#706),#710,.T.);
#712 = POLY_LOOP('',(#693,#692,#702,#701));
#713 = FACE_OUTER_BOUND('',#712,.T.);
#714 = DIRECTION('',(0.000000,-1.000000,0.000000));
#715 = DIRECTION('',(0.000000,0.000000,-1.000000));
#716 = AXIS2_PLACEMENT_3D('',#693,#714,#715);
#717 = PLANE('',#716);
#718 = FACE_SURFACE('',(#713),#717,.T.);
#719 = POLY_LOOP('',(#692,#691,#703,#702));
#720 = FACE_OUTER_BOUND('',#719,.T.);
#721 = DIRECTION('',(1.000000,-0.000000,0.000000));
#722 = DIRECTION('',(0.000000,0.000000,-1.000000));
#723 = AXIS2_PLACEMENT_3D('',#692,#721,#722);
#724 = PLANE('',#723);
#725 = FACE_SURFACE('',(#720),#724,.T.);
#726 = POLY_LOOP('',(#691,#690,#704,#703));
#727 = FACE_OUTER_BOUND('',#726,.T.);
#728 = DIRECTION('',(0.000000,1.000000,0.000000));
#729 = DIRECTION('',(0.000000,0.000000,1.000000));
#730 = AXIS2_PLACEMENT_3D('',#691,#728,#729);
#731 = PLANE('',#730);
#732 = FACE_SURFACE('',(#727),#731,.T.);
#733 = POLY_LOOP('',(#690,#693,#701,#704));
#734 = FACE_OUTER_BOUND('',#733,.T.);
#735 = DIRECTION('',(-1.000000,-0.000000,0.000000));
#736 = DIRECTION('',(0.000000,-0.000000,1.000000));
#737 = AXIS2_PLACEMENT_3D('',#690,#735,#736);
#738 = PLANE('',#737);
#739 = FACE_SURFACE('',(#734),#738,.T.);
#740 = CLOSED_SHELL('',(#700,#711,#718,#725,#732,#739));
#741 = FACETED_BREP('carrier_C13',#740);
#742 = CARTESIAN_POINT('',(27.525000,61.625000,0.000000));
#743 = CARTESIAN_POINT('',(30.475000,61.625000,0.000000));
#744 = CARTESIAN_POINT('',(30.475000,60.175000,0.000000));
#745 = CARTESIAN_POINT('',(27.525000,60.175000,0.000000));
#746 = POLY_LOOP('',(#742,#743,#744,#745));
#747 = FACE_OUTER_BOUND('',#746,.T.);
#748 = DIRECTION('',(0.000000,0.000000,-1.000000));
#749 = DIRECTION('',(-0.000000,1.000000,0.000000));
#750 = AXIS2_PLACEMENT_3D('',#742,#748,#749);
#751 = PLANE('',#750);
#752 = FACE_SURFACE('',(#747),#751,.T.);
#753 = CARTESIAN_POINT('',(27.525000,60.175000,0.950000));
#754 = CARTESIAN_POINT('',(30.475000,60.175000,0.950000));
#755 = CARTESIAN_POINT('',(30.475000,61.625000,0.950000));
#756 = CARTESIAN_POINT('',(27.525000,61.625000,0.950000));
#757 = POLY_LOOP('',(#753,#754,#755,#756));
#758 = FACE_OUTER_BOUND('',#757,.T.);
#759 = DIRECTION('',(0.000000,0.000000,1.000000));
#760 = DIRECTION('',(0.000000,-1.000000,0.000000));
#761 = AXIS2_PLACEMENT_3D('',#753,#759,#760);
#762 = PLANE('',#761);
#763 = FACE_SURFACE('',(#758),#762,.T.);
#764 = POLY_LOOP('',(#745,#744,#754,#753));
#765 = FACE_OUTER_BOUND('',#764,.T.);
#766 = DIRECTION('',(0.000000,-1.000000,0.000000));
#767 = DIRECTION('',(0.000000,0.000000,-1.000000));
#768 = AXIS2_PLACEMENT_3D('',#745,#766,#767);
#769 = PLANE('',#768);
#770 = FACE_SURFACE('',(#765),#769,.T.);
#771 = POLY_LOOP('',(#744,#743,#755,#754));
#772 = FACE_OUTER_BOUND('',#771,.T.);
#773 = DIRECTION('',(1.000000,-0.000000,0.000000));
#774 = DIRECTION('',(0.000000,0.000000,-1.000000));
#775 = AXIS2_PLACEMENT_3D('',#744,#773,#774);
#776 = PLANE('',#775);
#777 = FACE_SURFACE('',(#772),#776,.T.);
#778 = POLY_LOOP('',(#743,#742,#756,#755));
#779 = FACE_OUTER_BOUND('',#778,.T.);
#780 = DIRECTION('',(0.000000,1.000000,0.000000));
#781 = DIRECTION('',(0.000000,0.000000,1.000000));
#782 = AXIS2_PLACEMENT_3D('',#743,#780,#781);
#783 = PLANE('',#782);
#784 = FACE_SURFACE('',(#779),#783,.T.);
#785 = POLY_LOOP('',(#742,#745,#753,#756));
#786 = FACE_OUTER_BOUND('',#785,.T.);
#787 = DIRECTION('',(-1.000000,-0.000000,0.000000));
#788 = DIRECTION('',(0.000000,-0.000000,1.000000));
#789 = AXIS2_PLACEMENT_3D('',#742,#787,#788);
#790 = PLANE('',#789);
#791 = FACE_SURFACE('',(#786),#790,.T.);
#792 = CLOSED_SHELL('',(#752,#763,#770,#777,#784,#791));
#793 = FACETED_BREP('carrier_C14',#792);
#794 = CARTESIAN_POINT('',(27.525000,65.925000,0.000000));
#795 = CARTESIAN_POINT('',(30.475000,65.925000,0.000000));
#796 = CARTESIAN_POINT('',(30.475000,64.475000,0.000000));
#797 = CARTESIAN_POINT('',(27.525000,64.475000,0.000000));
#798 = POLY_LOOP('',(#794,#795,#796,#797));
#799 = FACE_OUTER_BOUND('',#798,.T.);
#800 = DIRECTION('',(0.000000,0.000000,-1.000000));
#801 = DIRECTION('',(-0.000000,1.000000,0.000000));
#802 = AXIS2_PLACEMENT_3D('',#794,#800,#801);
#803 = PLANE('',#802);
#804 = FACE_SURFACE('',(#799),#803,.T.);
#805 = CARTESIAN_POINT('',(27.525000,64.475000,0.950000));
#806 = CARTESIAN_POINT('',(30.475000,64.475000,0.950000));
#807 = CARTESIAN_POINT('',(30.475000,65.925000,0.950000));
#808 = CARTESIAN_POINT('',(27.525000,65.925000,0.950000));
#809 = POLY_LOOP('',(#805,#806,#807,#808));
#810 = FACE_OUTER_BOUND('',#809,.T.);
#811 = DIRECTION('',(0.000000,0.000000,1.000000));
#812 = DIRECTION('',(0.000000,-1.000000,0.000000));
#813 = AXIS2_PLACEMENT_3D('',#805,#811,#812);
#814 = PLANE('',#813);
#815 = FACE_SURFACE('',(#810),#814,.T.);
#816 = POLY_LOOP('',(#797,#796,#806,#805));
#817 = FACE_OUTER_BOUND('',#816,.T.);
#818 = DIRECTION('',(0.000000,-1.000000,0.000000));
#819 = DIRECTION('',(0.000000,0.000000,-1.000000));
#820 = AXIS2_PLACEMENT_3D('',#797,#818,#819);
#821 = PLANE('',#820);
#822 = FACE_SURFACE('',(#817),#821,.T.);
#823 = POLY_LOOP('',(#796,#795,#807,#806));
#824 = FACE_OUTER_BOUND('',#823,.T.);
#825 = DIRECTION('',(1.000000,-0.000000,0.000000));
#826 = DIRECTION('',(0.000000,0.000000,-1.000000));
#827 = AXIS2_PLACEMENT_3D('',#796,#825,#826);
#828 = PLANE('',#827);
#829 = FACE_SURFACE('',(#824),#828,.T.);
#830 = POLY_LOOP('',(#795,#794,#808,#807));
#831 = FACE_OUTER_BOUND('',#830,.T.);
#832 = DIRECTION('',(0.000000,1.000000,0.000000));
#833 = DIRECTION('',(0.000000,0.000000,1.000000));
#834 = AXIS2_PLACEMENT_3D('',#795,#832,#833);
#835 = PLANE('',#834);
#836 = FACE_SURFACE('',(#831),#835,.T.);
#837 = POLY_LOOP('',(#794,#797,#805,#808));
#838 = FACE_OUTER_BOUND('',#837,.T.);
#839 = DIRECTION('',(-1.000000,-0.000000,0.000000));
#840 = DIRECTION('',(0.000000,-0.000000,1.000000));
#841 = AXIS2_PLACEMENT_3D('',#794,#839,#840);
#842 = PLANE('',#841);
#843 = FACE_SURFACE('',(#838),#842,.T.);
#844 = CLOSED_SHELL('',(#804,#815,#822,#829,#836,#843));
#845 = FACETED_BREP('carrier_C15',#844);
#846 = CARTESIAN_POINT('',(27.525000,70.225000,0.000000));
#847 = CARTESIAN_POINT('',(30.475000,70.225000,0.000000));
#848 = CARTESIAN_POINT('',(30.475000,68.775000,0.000000));
#849 = CARTESIAN_POINT('',(27.525000,68.775000,0.000000));
#850 = POLY_LOOP('',(#846,#847,#848,#849));
#851 = FACE_OUTER_BOUND('',#850,.T.);
#852 = DIRECTION('',(0.000000,0.000000,-1.000000));
#853 = DIRECTION('',(-0.000000,1.000000,0.000000));
#854 = AXIS2_PLACEMENT_3D('',#846,#852,#853);
#855 = PLANE('',#854);
#856 = FACE_SURFACE('',(#851),#855,.T.);
#857 = CARTESIAN_POINT('',(27.525000,68.775000,0.950000));
#858 = CARTESIAN_POINT('',(30.475000,68.775000,0.950000));
#859 = CARTESIAN_POINT('',(30.475000,70.225000,0.950000));
#860 = CARTESIAN_POINT('',(27.525000,70.225000,0.950000));
#861 = POLY_LOOP('',(#857,#858,#859,#860));
#862 = FACE_OUTER_BOUND('',#861,.T.);
#863 = DIRECTION('',(0.000000,0.000000,1.000000));
#864 = DIRECTION('',(0.000000,-1.000000,0.000000));
#865 = AXIS2_PLACEMENT_3D('',#857,#863,#864);
#866 = PLANE('',#865);
#867 = FACE_SURFACE('',(#862),#866,.T.);
#868 = POLY_LOOP('',(#849,#848,#858,#857));
#869 = FACE_OUTER_BOUND('',#868,.T.);
#870 = DIRECTION('',(0.000000,-1.000000,0.000000));
#871 = DIRECTION('',(0.000000,0.000000,-1.000000));
#872 = AXIS2_PLACEMENT_3D('',#849,#870,#871);
#873 = PLANE('',#872);
#874 = FACE_SURFACE('',(#869),#873,.T.);
#875 = POLY_LOOP('',(#848,#847,#859,#858));
#876 = FACE_OUTER_BOUND('',#875,.T.);
#877 = DIRECTION('',(1.000000,-0.000000,0.000000));
#878 = DIRECTION('',(0.000000,0.000000,-1.000000));
#879 = AXIS2_PLACEMENT_3D('',#848,#877,#878);
#880 = PLANE('',#879);
#881 = FACE_SURFACE('',(#876),#880,.T.);
#882 = POLY_LOOP('',(#847,#846,#860,#859));
#883 = FACE_OUTER_BOUND('',#882,.T.);
#884 = DIRECTION('',(0.000000,1.000000,0.000000));
#885 = DIRECTION('',(0.000000,0.000000,1.000000));
#886 = AXIS2_PLACEMENT_3D('',#847,#884,#885);
#887 = PLANE('',#886);
#888 = FACE_SURFACE('',(#883),#887,.T.);
#889 = POLY_LOOP('',(#846,#849,#857,#860));
#890 = FACE_OUTER_BOUND('',#889,.T.);
#891 = DIRECTION('',(-1.000000,-0.000000,0.000000));
#892 = DIRECTION('',(0.000000,-0.000000,1.000000));
#893 = AXIS2_PLACEMENT_3D('',#846,#891,#892);
#894 = PLANE('',#893);
#895 = FACE_SURFACE('',(#890),#894,.T.);
#896 = CLOSED_SHELL('',(#856,#867,#874,#881,#888,#895));
#897 = FACETED_BREP('carrier_C16',#896);
#898 = CARTESIAN_POINT('',(14.525000,77.725000,0.000000));
#899 = CARTESIAN_POINT('',(17.475000,77.725000,0.000000));
#900 = CARTESIAN_POINT('',(17.475000,76.275000,0.000000));
#901 = CARTESIAN_POINT('',(14.525000,76.275000,0.000000));
#902 = POLY_LOOP('',(#898,#899,#900,#901));
#903 = FACE_OUTER_BOUND('',#902,.T.);
#904 = DIRECTION('',(0.000000,0.000000,-1.000000));
#905 = DIRECTION('',(-0.000000,1.000000,0.000000));
#906 = AXIS2_PLACEMENT_3D('',#898,#904,#905);
#907 = PLANE('',#906);
#908 = FACE_SURFACE('',(#903),#907,.T.);
#909 = CARTESIAN_POINT('',(14.525000,76.275000,0.950000));
#910 = CARTESIAN_POINT('',(17.475000,76.275000,0.950000));
#911 = CARTESIAN_POINT('',(17.475000,77.725000,0.950000));
#912 = CARTESIAN_POINT('',(14.525000,77.725000,0.950000));
#913 = POLY_LOOP('',(#909,#910,#911,#912));
#914 = FACE_OUTER_BOUND('',#913,.T.);
#915 = DIRECTION('',(0.000000,0.000000,1.000000));
#916 = DIRECTION('',(0.000000,-1.000000,0.000000));
#917 = AXIS2_PLACEMENT_3D('',#909,#915,#916);
#918 = PLANE('',#917);
#919 = FACE_SURFACE('',(#914),#918,.T.);
#920 = POLY_LOOP('',(#901,#900,#910,#909));
#921 = FACE_OUTER_BOUND('',#920,.T.);
#922 = DIRECTION('',(0.000000,-1.000000,0.000000));
#923 = DIRECTION('',(0.000000,0.000000,-1.000000));
#924 = AXIS2_PLACEMENT_3D('',#901,#922,#923);
#925 = PLANE('',#924);
#926 = FACE_SURFACE('',(#921),#925,.T.);
#927 = POLY_LOOP('',(#900,#899,#911,#910));
#928 = FACE_OUTER_BOUND('',#927,.T.);
#929 = DIRECTION('',(1.000000,-0.000000,0.000000));
#930 = DIRECTION('',(0.000000,0.000000,-1.000000));
#931 = AXIS2_PLACEMENT_3D('',#900,#929,#930);
#932 = PLANE('',#931);
#933 = FACE_SURFACE('',(#928),#932,.T.);
#934 = POLY_LOOP('',(#899,#898,#912,#911));
#935 = FACE_OUTER_BOUND('',#934,.T.);
#936 = DIRECTION('',(0.000000,1.000000,0.000000));
#937 = DIRECTION('',(0.000000,0.000000,1.000000));
#938 = AXIS2_PLACEMENT_3D('',#899,#936,#937);
#939 = PLANE('',#938);
#940 = FACE_SURFACE('',(#935),#939,.T.);
#941 = POLY_LOOP('',(#898,#901,#909,#912));
#942 = FACE_OUTER_BOUND('',#941,.T.);
#943 = DIRECTION('',(-1.000000,-0.000000,0.000000));
#944 = DIRECTION('',(0.000000,-0.000000,1.000000));
#945 = AXIS2_PLACEMENT_3D('',#898,#943,#944);
#946 = PLANE('',#945);
#947 = FACE_SURFACE('',(#942),#946,.T.);
#948 = CLOSED_SHELL('',(#908,#919,#926,#933,#940,#947));
#949 = FACETED_BREP('carrier_C20',#948);
#950 = CARTESIAN_POINT('',(14.525000,85.725000,0.000000));
#951 = CARTESIAN_POINT('',(17.475000,85.725000,0.000000));
#952 = CARTESIAN_POINT('',(17.475000,84.275000,0.000000));
#953 = CARTESIAN_POINT('',(14.525000,84.275000,0.000000));
#954 = POLY_LOOP('',(#950,#951,#952,#953));
#955 = FACE_OUTER_BOUND('',#954,.T.);
#956 = DIRECTION('',(0.000000,0.000000,-1.000000));
#957 = DIRECTION('',(-0.000000,1.000000,0.000000));
#958 = AXIS2_PLACEMENT_3D('',#950,#956,#957);
#959 = PLANE('',#958);
#960 = FACE_SURFACE('',(#955),#959,.T.);
#961 = CARTESIAN_POINT('',(14.525000,84.275000,0.950000));
#962 = CARTESIAN_POINT('',(17.475000,84.275000,0.950000));
#963 = CARTESIAN_POINT('',(17.475000,85.725000,0.950000));
#964 = CARTESIAN_POINT('',(14.525000,85.725000,0.950000));
#965 = POLY_LOOP('',(#961,#962,#963,#964));
#966 = FACE_OUTER_BOUND('',#965,.T.);
#967 = DIRECTION('',(0.000000,0.000000,1.000000));
#968 = DIRECTION('',(0.000000,-1.000000,0.000000));
#969 = AXIS2_PLACEMENT_3D('',#961,#967,#968);
#970 = PLANE('',#969);
#971 = FACE_SURFACE('',(#966),#970,.T.);
#972 = POLY_LOOP('',(#953,#952,#962,#961));
#973 = FACE_OUTER_BOUND('',#972,.T.);
#974 = DIRECTION('',(0.000000,-1.000000,0.000000));
#975 = DIRECTION('',(0.000000,0.000000,-1.000000));
#976 = AXIS2_PLACEMENT_3D('',#953,#974,#975);
#977 = PLANE('',#976);
#978 = FACE_SURFACE('',(#973),#977,.T.);
#979 = POLY_LOOP('',(#952,#951,#963,#962));
#980 = FACE_OUTER_BOUND('',#979,.T.);
#981 = DIRECTION('',(1.000000,-0.000000,0.000000));
#982 = DIRECTION('',(0.000000,0.000000,-1.000000));
#983 = AXIS2_PLACEMENT_3D('',#952,#981,#982);
#984 = PLANE('',#983);
#985 = FACE_SURFACE('',(#980),#984,.T.);
#986 = POLY_LOOP('',(#951,#950,#964,#963));
#987 = FACE_OUTER_BOUND('',#986,.T.);
#988 = DIRECTION('',(0.000000,1.000000,0.000000));
#989 = DIRECTION('',(0.000000,0.000000,1.000000));
#990 = AXIS2_PLACEMENT_3D('',#951,#988,#989);
#991 = PLANE('',#990);
#992 = FACE_SURFACE('',(#987),#991,.T.);
#993 = POLY_LOOP('',(#950,#953,#961,#964));
#994 = FACE_OUTER_BOUND('',#993,.T.);
#995 = DIRECTION('',(-1.000000,-0.000000,0.000000));
#996 = DIRECTION('',(0.000000,-0.000000,1.000000));
#997 = AXIS2_PLACEMENT_3D('',#950,#995,#996);
#998 = PLANE('',#997);
#999 = FACE_SURFACE('',(#994),#998,.T.);
#1000 = CLOSED_SHELL('',(#960,#971,#978,#985,#992,#999));
#1001 = FACETED_BREP('carrier_C21',#1000);
#1002 = CARTESIAN_POINT('',(20.525000,85.725000,0.000000));
#1003 = CARTESIAN_POINT('',(23.475000,85.725000,0.000000));
#1004 = CARTESIAN_POINT('',(23.475000,84.275000,0.000000));
#1005 = CARTESIAN_POINT('',(20.525000,84.275000,0.000000));
#1006 = POLY_LOOP('',(#1002,#1003,#1004,#1005));
#1007 = FACE_OUTER_BOUND('',#1006,.T.);
#1008 = DIRECTION('',(0.000000,0.000000,-1.000000));
#1009 = DIRECTION('',(-0.000000,1.000000,0.000000));
#1010 = AXIS2_PLACEMENT_3D('',#1002,#1008,#1009);
#1011 = PLANE('',#1010);
#1012 = FACE_SURFACE('',(#1007),#1011,.T.);
#1013 = CARTESIAN_POINT('',(20.525000,84.275000,0.950000));
#1014 = CARTESIAN_POINT('',(23.475000,84.275000,0.950000));
#1015 = CARTESIAN_POINT('',(23.475000,85.725000,0.950000));
#1016 = CARTESIAN_POINT('',(20.525000,85.725000,0.950000));
#1017 = POLY_LOOP('',(#1013,#1014,#1015,#1016));
#1018 = FACE_OUTER_BOUND('',#1017,.T.);
#1019 = DIRECTION('',(0.000000,0.000000,1.000000));
#1020 = DIRECTION('',(0.000000,-1.000000,0.000000));
#1021 = AXIS2_PLACEMENT_3D('',#1013,#1019,#1020);
#1022 = PLANE('',#1021);
#1023 = FACE_SURFACE('',(#1018),#1022,.T.);
#1024 = POLY_LOOP('',(#1005,#1004,#1014,#1013));
#1025 = FACE_OUTER_BOUND('',#1024,.T.);
#1026 = DIRECTION('',(0.000000,-1.000000,0.000000));
#1027 = DIRECTION('',(0.000000,0.000000,-1.000000));
#1028 = AXIS2_PLACEMENT_3D('',#1005,#1026,#1027);
#1029 = PLANE('',#1028);
#1030 = FACE_SURFACE('',(#1025),#1029,.T.);
#1031 = POLY_LOOP('',(#1004,#1003,#1015,#1014));
#1032 = FACE_OUTER_BOUND('',#1031,.T.);
#1033 = DIRECTION('',(1.000000,-0.000000,0.000000));
#1034 = DIRECTION('',(0.000000,0.000000,-1.000000));
#1035 = AXIS2_PLACEMENT_3D('',#1004,#1033,#1034);
#1036 = PLANE('',#1035);
#1037 = FACE_SURFACE('',(#1032),#1036,.T.);
#1038 = POLY_LOOP('',(#1003,#1002,#1016,#1015));
#1039 = FACE_OUTER_BOUND('',#1038,.T.);
#1040 = DIRECTION('',(0.000000,1.000000,0.000000));
#1041 = DIRECTION('',(0.000000,0.000000,1.000000));
#1042 = AXIS2_PLACEMENT_3D('',#1003,#1040,#1041);
#1043 = PLANE('',#1042);
#1044 = FACE_SURFACE('',(#1039),#1043,.T.);
#1045 = POLY_LOOP('',(#1002,#1005,#1013,#1016));
#1046 = FACE_OUTER_BOUND('',#1045,.T.);
#1047 = DIRECTION('',(-1.000000,-0.000000,0.000000));
#1048 = DIRECTION('',(0.000000,-0.000000,1.000000));
#1049 = AXIS2_PLACEMENT_3D('',#1002,#1047,#1048);
#1050 = PLANE('',#1049);
#1051 = FACE_SURFACE('',(#1046),#1050,.T.);
#1052 = CLOSED_SHELL('',(#1012,#1023,#1030,#1037,#1044,#1051));
#1053 = FACETED_BREP('carrier_C22',#1052);
#1054 = CARTESIAN_POINT('',(38.525000,77.725000,0.000000));
#1055 = CARTESIAN_POINT('',(41.475000,77.725000,0.000000));
#1056 = CARTESIAN_POINT('',(41.475000,76.275000,0.000000));
#1057 = CARTESIAN_POINT('',(38.525000,76.275000,0.000000));
#1058 = POLY_LOOP('',(#1054,#1055,#1056,#1057));
#1059 = FACE_OUTER_BOUND('',#1058,.T.);
#1060 = DIRECTION('',(0.000000,0.000000,-1.000000));
#1061 = DIRECTION('',(-0.000000,1.000000,0.000000));
#1062 = AXIS2_PLACEMENT_3D('',#1054,#1060,#1061);
#1063 = PLANE('',#1062);
#1064 = FACE_SURFACE('',(#1059),#1063,.T.);
#1065 = CARTESIAN_POINT('',(38.525000,76.275000,0.950000));
#1066 = CARTESIAN_POINT('',(41.475000,76.275000,0.950000));
#1067 = CARTESIAN_POINT('',(41.475000,77.725000,0.950000));
#1068 = CARTESIAN_POINT('',(38.525000,77.725000,0.950000));
#1069 = POLY_LOOP('',(#1065,#1066,#1067,#1068));
#1070 = FACE_OUTER_BOUND('',#1069,.T.);
#1071 = DIRECTION('',(0.000000,0.000000,1.000000));
#1072 = DIRECTION('',(0.000000,-1.000000,0.000000));
#1073 = AXIS2_PLACEMENT_3D('',#1065,#1071,#1072);
#1074 = PLANE('',#1073);
#1075 = FACE_SURFACE('',(#1070),#1074,.T.);
#1076 = POLY_LOOP('',(#1057,#1056,#1066,#1065));
#1077 = FACE_OUTER_BOUND('',#1076,.T.);
#1078 = DIRECTION('',(0.000000,-1.000000,0.000000));
#1079 = DIRECTION('',(0.000000,0.000000,-1.000000));
#1080 = AXIS2_PLACEMENT_3D('',#1057,#1078,#1079);
#1081 = PLANE('',#1080);
#1082 = FACE_SURFACE('',(#1077),#1081,.T.);
#1083 = POLY_LOOP('',(#1056,#1055,#1067,#1066));
#1084 = FACE_OUTER_BOUND('',#1083,.T.);
#1085 = DIRECTION('',(1.000000,-0.000000,0.000000));
#1086 = DIRECTION('',(0.000000,0.000000,-1.000000));
#1087 = AXIS2_PLACEMENT_3D('',#1056,#1085,#1086);
#1088 = PLANE('',#1087);
#1089 = FACE_SURFACE('',(#1084),#1088,.T.);
#1090 = POLY_LOOP('',(#1055,#1054,#1068,#1067));
#1091 = FACE_OUTER_BOUND('',#1090,.T.);
#1092 = DIRECTION('',(0.000000,1.000000,0.000000));
#1093 = DIRECTION('',(0.000000,0.000000,1.000000));
#1094 = AXIS2_PLACEMENT_3D('',#1055,#1092,#1093);
#1095 = PLANE('',#1094);
#1096 = FACE_SURFACE('',(#1091),#1095,.T.);
#1097 = POLY_LOOP('',(#1054,#1057,#1065,#1068));
#1098 = FACE_OUTER_BOUND('',#1097,.T.);
#1099 = DIRECTION('',(-1.000000,-0.000000,0.000000));
#1100 = DIRECTION('',(0.000000,-0.000000,1.000000));
#1101 = AXIS2_PLACEMENT_3D('',#1054,#1099,#1100);
#1102 = PLANE('',#1101);
#1103 = FACE_SURFACE('',(#1098),#1102,.T.);
#1104 = CLOSED_SHELL('',(#1064,#1075,#1082,#1089,#1096,#1103));
#1105 = FACETED_BREP('carrier_C23',#1104);
#1106 = CARTESIAN_POINT('',(38.525000,85.725000,0.000000));
#1107 = CARTESIAN_POINT('',(41.475000,85.725000,0.000000));
#1108 = CARTESIAN_POINT('',(41.475000,84.275000,0.000000));
#1109 = CARTESIAN_POINT('',(38.525000,84.275000,0.000000));
#1110 = POLY_LOOP('',(#1106,#1107,#1108,#1109));
#1111 = FACE_OUTER_BOUND('',#1110,.T.);
#1112 = DIRECTION('',(0.000000,0.000000,-1.000000));
#1113 = DIRECTION('',(-0.000000,1.000000,0.000000));
#1114 = AXIS2_PLACEMENT_3D('',#1106,#1112,#1113);
#1115 = PLANE('',#1114);
#1116 = FACE_SURFACE('',(#1111),#1115,.T.);
#1117 = CARTESIAN_POINT('',(38.525000,84.275000,0.950000));
#1118 = CARTESIAN_POINT('',(41.475000,84.275000,0.950000));
#1119 = CARTESIAN_POINT('',(41.475000,85.725000,0.950000));
#1120 = CARTESIAN_POINT('',(38.525000,85.725000,0.950000));
#1121 = POLY_LOOP('',(#1117,#1118,#1119,#1120));
#1122 = FACE_OUTER_BOUND('',#1121,.T.);
#1123 = DIRECTION('',(0.000000,0.000000,1.000000));
#1124 = DIRECTION('',(0.000000,-1.000000,0.000000));
#1125 = AXIS2_PLACEMENT_3D('',#1117,#1123,#1124);
#1126 = PLANE('',#1125);
#1127 = FACE_SURFACE('',(#1122),#1126,.T.);
#1128 = POLY_LOOP('',(#1109,#1108,#1118,#1117));
#1129 = FACE_OUTER_BOUND('',#1128,.T.);
#1130 = DIRECTION('',(0.000000,-1.000000,0.000000));
#1131 = DIRECTION('',(0.000000,0.000000,-1.000000));
#1132 = AXIS2_PLACEMENT_3D('',#1109,#1130,#1131);
#1133 = PLANE('',#1132);
#1134 = FACE_SURFACE('',(#1129),#1133,.T.);
#1135 = POLY_LOOP('',(#1108,#1107,#1119,#1118));
#1136 = FACE_OUTER_BOUND('',#1135,.T.);
#1137 = DIRECTION('',(1.000000,-0.000000,0.000000));
#1138 = DIRECTION('',(0.000000,0.000000,-1.000000));
#1139 = AXIS2_PLACEMENT_3D('',#1108,#1137,#1138);
#1140 = PLANE('',#1139);
#1141 = FACE_SURFACE('',(#1136),#1140,.T.);
#1142 = POLY_LOOP('',(#1107,#1106,#1120,#1119));
#1143 = FACE_OUTER_BOUND('',#1142,.T.);
#1144 = DIRECTION('',(0.000000,1.000000,0.000000));
#1145 = DIRECTION('',(0.000000,0.000000,1.000000));
#1146 = AXIS2_PLACEMENT_3D('',#1107,#1144,#1145);
#1147 = PLANE('',#1146);
#1148 = FACE_SURFACE('',(#1143),#1147,.T.);
#1149 = POLY_LOOP('',(#1106,#1109,#1117,#1120));
#1150 = FACE_OUTER_BOUND('',#1149,.T.);
#1151 = DIRECTION('',(-1.000000,-0.000000,0.000000));
#1152 = DIRECTION('',(0.000000,-0.000000,1.000000));
#1153 = AXIS2_PLACEMENT_3D('',#1106,#1151,#1152);
#1154 = PLANE('',#1153);
#1155 = FACE_SURFACE('',(#1150),#1154,.T.);
#1156 = CLOSED_SHELL('',(#1116,#1127,#1134,#1141,#1148,#1155));
#1157 = FACETED_BREP('carrier_C24',#1156);
#1158 = CARTESIAN_POINT('',(14.525000,89.725000,0.000000));
#1159 = CARTESIAN_POINT('',(17.475000,89.725000,0.000000));
#1160 = CARTESIAN_POINT('',(17.475000,88.275000,0.000000));
#1161 = CARTESIAN_POINT('',(14.525000,88.275000,0.000000));
#1162 = POLY_LOOP('',(#1158,#1159,#1160,#1161));
#1163 = FACE_OUTER_BOUND('',#1162,.T.);
#1164 = DIRECTION('',(0.000000,0.000000,-1.000000));
#1165 = DIRECTION('',(-0.000000,1.000000,0.000000));
#1166 = AXIS2_PLACEMENT_3D('',#1158,#1164,#1165);
#1167 = PLANE('',#1166);
#1168 = FACE_SURFACE('',(#1163),#1167,.T.);
#1169 = CARTESIAN_POINT('',(14.525000,88.275000,0.950000));
#1170 = CARTESIAN_POINT('',(17.475000,88.275000,0.950000));
#1171 = CARTESIAN_POINT('',(17.475000,89.725000,0.950000));
#1172 = CARTESIAN_POINT('',(14.525000,89.725000,0.950000));
#1173 = POLY_LOOP('',(#1169,#1170,#1171,#1172));
#1174 = FACE_OUTER_BOUND('',#1173,.T.);
#1175 = DIRECTION('',(0.000000,0.000000,1.000000));
#1176 = DIRECTION('',(0.000000,-1.000000,0.000000));
#1177 = AXIS2_PLACEMENT_3D('',#1169,#1175,#1176);
#1178 = PLANE('',#1177);
#1179 = FACE_SURFACE('',(#1174),#1178,.T.);
#1180 = POLY_LOOP('',(#1161,#1160,#1170,#1169));
#1181 = FACE_OUTER_BOUND('',#1180,.T.);
#1182 = DIRECTION('',(0.000000,-1.000000,0.000000));
#1183 = DIRECTION('',(0.000000,0.000000,-1.000000));
#1184 = AXIS2_PLACEMENT_3D('',#1161,#1182,#1183);
#1185 = PLANE('',#1184);
#1186 = FACE_SURFACE('',(#1181),#1185,.T.);
#1187 = POLY_LOOP('',(#1160,#1159,#1171,#1170));
#1188 = FACE_OUTER_BOUND('',#1187,.T.);
#1189 = DIRECTION('',(1.000000,-0.000000,0.000000));
#1190 = DIRECTION('',(0.000000,0.000000,-1.000000));
#1191 = AXIS2_PLACEMENT_3D('',#1160,#1189,#1190);
#1192 = PLANE('',#1191);
#1193 = FACE_SURFACE('',(#1188),#1192,.T.);
#1194 = POLY_LOOP('',(#1159,#1158,#1172,#1171));
#1195 = FACE_OUTER_BOUND('',#1194,.T.);
#1196 = DIRECTION('',(0.000000,1.000000,0.000000));
#1197 = DIRECTION('',(0.000000,0.000000,1.000000));
#1198 = AXIS2_PLACEMENT_3D('',#1159,#1196,#1197);
#1199 = PLANE('',#1198);
#1200 = FACE_SURFACE('',(#1195),#1199,.T.);
#1201 = POLY_LOOP('',(#1158,#1161,#1169,#1172));
#1202 = FACE_OUTER_BOUND('',#1201,.T.);
#1203 = DIRECTION('',(-1.000000,-0.000000,0.000000));
#1204 = DIRECTION('',(0.000000,-0.000000,1.000000));
#1205 = AXIS2_PLACEMENT_3D('',#1158,#1203,#1204);
#1206 = PLANE('',#1205);
#1207 = FACE_SURFACE('',(#1202),#1206,.T.);
#1208 = CLOSED_SHELL('',(#1168,#1179,#1186,#1193,#1200,#1207));
#1209 = FACETED_BREP('carrier_C40',#1208);
#1210 = CARTESIAN_POINT('',(14.525000,97.725000,0.000000));
#1211 = CARTESIAN_POINT('',(17.475000,97.725000,0.000000));
#1212 = CARTESIAN_POINT('',(17.475000,96.275000,0.000000));
#1213 = CARTESIAN_POINT('',(14.525000,96.275000,0.000000));
#1214 = POLY_LOOP('',(#1210,#1211,#1212,#1213));
#1215 = FACE_OUTER_BOUND('',#1214,.T.);
#1216 = DIRECTION('',(0.000000,0.000000,-1.000000));
#1217 = DIRECTION('',(-0.000000,1.000000,0.000000));
#1218 = AXIS2_PLACEMENT_3D('',#1210,#1216,#1217);
#1219 = PLANE('',#1218);
#1220 = FACE_SURFACE('',(#1215),#1219,.T.);
#1221 = CARTESIAN_POINT('',(14.525000,96.275000,0.950000));
#1222 = CARTESIAN_POINT('',(17.475000,96.275000,0.950000));
#1223 = CARTESIAN_POINT('',(17.475000,97.725000,0.950000));
#1224 = CARTESIAN_POINT('',(14.525000,97.725000,0.950000));
#1225 = POLY_LOOP('',(#1221,#1222,#1223,#1224));
#1226 = FACE_OUTER_BOUND('',#1225,.T.);
#1227 = DIRECTION('',(0.000000,0.000000,1.000000));
#1228 = DIRECTION('',(0.000000,-1.000000,0.000000));
#1229 = AXIS2_PLACEMENT_3D('',#1221,#1227,#1228);
#1230 = PLANE('',#1229);
#1231 = FACE_SURFACE('',(#1226),#1230,.T.);
#1232 = POLY_LOOP('',(#1213,#1212,#1222,#1221));
#1233 = FACE_OUTER_BOUND('',#1232,.T.);
#1234 = DIRECTION('',(0.000000,-1.000000,0.000000));
#1235 = DIRECTION('',(0.000000,0.000000,-1.000000));
#1236 = AXIS2_PLACEMENT_3D('',#1213,#1234,#1235);
#1237 = PLANE('',#1236);
#1238 = FACE_SURFACE('',(#1233),#1237,.T.);
#1239 = POLY_LOOP('',(#1212,#1211,#1223,#1222));
#1240 = FACE_OUTER_BOUND('',#1239,.T.);
#1241 = DIRECTION('',(1.000000,-0.000000,0.000000));
#1242 = DIRECTION('',(0.000000,0.000000,-1.000000));
#1243 = AXIS2_PLACEMENT_3D('',#1212,#1241,#1242);
#1244 = PLANE('',#1243);
#1245 = FACE_SURFACE('',(#1240),#1244,.T.);
#1246 = POLY_LOOP('',(#1211,#1210,#1224,#1223));
#1247 = FACE_OUTER_BOUND('',#1246,.T.);
#1248 = DIRECTION('',(0.000000,1.000000,0.000000));
#1249 = DIRECTION('',(0.000000,0.000000,1.000000));
#1250 = AXIS2_PLACEMENT_3D('',#1211,#1248,#1249);
#1251 = PLANE('',#1250);
#1252 = FACE_SURFACE('',(#1247),#1251,.T.);
#1253 = POLY_LOOP('',(#1210,#1213,#1221,#1224));
#1254 = FACE_OUTER_BOUND('',#1253,.T.);
#1255 = DIRECTION('',(-1.000000,-0.000000,0.000000));
#1256 = DIRECTION('',(0.000000,-0.000000,1.000000));
#1257 = AXIS2_PLACEMENT_3D('',#1210,#1255,#1256);
#1258 = PLANE('',#1257);
#1259 = FACE_SURFACE('',(#1254),#1258,.T.);
#1260 = CLOSED_SHELL('',(#1220,#1231,#1238,#1245,#1252,#1259));
#1261 = FACETED_BREP('carrier_C41',#1260);
#1262 = CARTESIAN_POINT('',(20.525000,97.725000,0.000000));
#1263 = CARTESIAN_POINT('',(23.475000,97.725000,0.000000));
#1264 = CARTESIAN_POINT('',(23.475000,96.275000,0.000000));
#1265 = CARTESIAN_POINT('',(20.525000,96.275000,0.000000));
#1266 = POLY_LOOP('',(#1262,#1263,#1264,#1265));
#1267 = FACE_OUTER_BOUND('',#1266,.T.);
#1268 = DIRECTION('',(0.000000,0.000000,-1.000000));
#1269 = DIRECTION('',(-0.000000,1.000000,0.000000));
#1270 = AXIS2_PLACEMENT_3D('',#1262,#1268,#1269);
#1271 = PLANE('',#1270);
#1272 = FACE_SURFACE('',(#1267),#1271,.T.);
#1273 = CARTESIAN_POINT('',(20.525000,96.275000,0.950000));
#1274 = CARTESIAN_POINT('',(23.475000,96.275000,0.950000));
#1275 = CARTESIAN_POINT('',(23.475000,97.725000,0.950000));
#1276 = CARTESIAN_POINT('',(20.525000,97.725000,0.950000));
#1277 = POLY_LOOP('',(#1273,#1274,#1275,#1276));
#1278 = FACE_OUTER_BOUND('',#1277,.T.);
#1279 = DIRECTION('',(0.000000,0.000000,1.000000));
#1280 = DIRECTION('',(0.000000,-1.000000,0.000000));
#1281 = AXIS2_PLACEMENT_3D('',#1273,#1279,#1280);
#1282 = PLANE('',#1281);
#1283 = FACE_SURFACE('',(#1278),#1282,.T.);
#1284 = POLY_LOOP('',(#1265,#1264,#1274,#1273));
#1285 = FACE_OUTER_BOUND('',#1284,.T.);
#1286 = DIRECTION('',(0.000000,-1.000000,0.000000));
#1287 = DIRECTION('',(0.000000,0.000000,-1.000000));
#1288 = AXIS2_PLACEMENT_3D('',#1265,#1286,#1287);
#1289 = PLANE('',#1288);
#1290 = FACE_SURFACE('',(#1285),#1289,.T.);
#1291 = POLY_LOOP('',(#1264,#1263,#1275,#1274));
#1292 = FACE_OUTER_BOUND('',#1291,.T.);
#1293 = DIRECTION('',(1.000000,-0.000000,0.000000));
#1294 = DIRECTION('',(0.000000,0.000000,-1.000000));
#1295 = AXIS2_PLACEMENT_3D('',#1264,#1293,#1294);
#1296 = PLANE('',#1295);
#1297 = FACE_SURFACE('',(#1292),#1296,.T.);
#1298 = POLY_LOOP('',(#1263,#1262,#1276,#1275));
#1299 = FACE_OUTER_BOUND('',#1298,.T.);
#1300 = DIRECTION('',(0.000000,1.000000,0.000000));
#1301 = DIRECTION('',(0.000000,0.000000,1.000000));
#1302 = AXIS2_PLACEMENT_3D('',#1263,#1300,#1301);
#1303 = PLANE('',#1302);
#1304 = FACE_SURFACE('',(#1299),#1303,.T.);
#1305 = POLY_LOOP('',(#1262,#1265,#1273,#1276));
#1306 = FACE_OUTER_BOUND('',#1305,.T.);
#1307 = DIRECTION('',(-1.000000,-0.000000,0.000000));
#1308 = DIRECTION('',(0.000000,-0.000000,1.000000));
#1309 = AXIS2_PLACEMENT_3D('',#1262,#1307,#1308);
#1310 = PLANE('',#1309);
#1311 = FACE_SURFACE('',(#1306),#1310,.T.);
#1312 = CLOSED_SHELL('',(#1272,#1283,#1290,#1297,#1304,#1311));
#1313 = FACETED_BREP('carrier_C42',#1312);
#1314 = CARTESIAN_POINT('',(38.525000,89.725000,0.000000));
#1315 = CARTESIAN_POINT('',(41.475000,89.725000,0.000000));
#1316 = CARTESIAN_POINT('',(41.475000,88.275000,0.000000));
#1317 = CARTESIAN_POINT('',(38.525000,88.275000,0.000000));
#1318 = POLY_LOOP('',(#1314,#1315,#1316,#1317));
#1319 = FACE_OUTER_BOUND('',#1318,.T.);
#1320 = DIRECTION('',(0.000000,0.000000,-1.000000));
#1321 = DIRECTION('',(-0.000000,1.000000,0.000000));
#1322 = AXIS2_PLACEMENT_3D('',#1314,#1320,#1321);
#1323 = PLANE('',#1322);
#1324 = FACE_SURFACE('',(#1319),#1323,.T.);
#1325 = CARTESIAN_POINT('',(38.525000,88.275000,0.950000));
#1326 = CARTESIAN_POINT('',(41.475000,88.275000,0.950000));
#1327 = CARTESIAN_POINT('',(41.475000,89.725000,0.950000));
#1328 = CARTESIAN_POINT('',(38.525000,89.725000,0.950000));
#1329 = POLY_LOOP('',(#1325,#1326,#1327,#1328));
#1330 = FACE_OUTER_BOUND('',#1329,.T.);
#1331 = DIRECTION('',(0.000000,0.000000,1.000000));
#1332 = DIRECTION('',(0.000000,-1.000000,0.000000));
#1333 = AXIS2_PLACEMENT_3D('',#1325,#1331,#1332);
#1334 = PLANE('',#1333);
#1335 = FACE_SURFACE('',(#1330),#1334,.T.);
#1336 = POLY_LOOP('',(#1317,#1316,#1326,#1325));
#1337 = FACE_OUTER_BOUND('',#1336,.T.);
#1338 = DIRECTION('',(0.000000,-1.000000,0.000000));
#1339 = DIRECTION('',(0.000000,0.000000,-1.000000));
#1340 = AXIS2_PLACEMENT_3D('',#1317,#1338,#1339);
#1341 = PLANE('',#1340);
#1342 = FACE_SURFACE('',(#1337),#1341,.T.);
#1343 = POLY_LOOP('',(#1316,#1315,#1327,#1326));
#1344 = FACE_OUTER_BOUND('',#1343,.T.);
#1345 = DIRECTION('',(1.000000,-0.000000,0.000000));
#1346 = DIRECTION('',(0.000000,0.000000,-1.000000));
#1347 = AXIS2_PLACEMENT_3D('',#1316,#1345,#1346);
#1348 = PLANE('',#1347);
#1349 = FACE_SURFACE('',(#1344),#1348,.T.);
#1350 = POLY_LOOP('',(#1315,#1314,#1328,#1327));
#1351 = FACE_OUTER_BOUND('',#1350,.T.);
#1352 = DIRECTION('',(0.000000,1.000000,0.000000));
#1353 = DIRECTION('',(0.000000,0.000000,1.000000));
#1354 = AXIS2_PLACEMENT_3D('',#1315,#1352,#1353);
#1355 = PLANE('',#1354);
#1356 = FACE_SURFACE('',(#1351),#1355,.T.);
#1357 = POLY_LOOP('',(#1314,#1317,#1325,#1328));
#1358 = FACE_OUTER_BOUND('',#1357,.T.);
#1359 = DIRECTION('',(-1.000000,-0.000000,0.000000));
#1360 = DIRECTION('',(0.000000,-0.000000,1.000000));
#1361 = AXIS2_PLACEMENT_3D('',#1314,#1359,#1360);
#1362 = PLANE('',#1361);
#1363 = FACE_SURFACE('',(#1358),#1362,.T.);
#1364 = CLOSED_SHELL('',(#1324,#1335,#1342,#1349,#1356,#1363));
#1365 = FACETED_BREP('carrier_C43',#1364);
#1366 = CARTESIAN_POINT('',(38.525000,97.725000,0.000000));
#1367 = CARTESIAN_POINT('',(41.475000,97.725000,0.000000));
#1368 = CARTESIAN_POINT('',(41.475000,96.275000,0.000000));
#1369 = CARTESIAN_POINT('',(38.525000,96.275000,0.000000));
#1370 = POLY_LOOP('',(#1366,#1367,#1368,#1369));
#1371 = FACE_OUTER_BOUND('',#1370,.T.);
#1372 = DIRECTION('',(0.000000,0.000000,-1.000000));
#1373 = DIRECTION('',(-0.000000,1.000000,0.000000));
#1374 = AXIS2_PLACEMENT_3D('',#1366,#1372,#1373);
#1375 = PLANE('',#1374);
#1376 = FACE_SURFACE('',(#1371),#1375,.T.);
#1377 = CARTESIAN_POINT('',(38.525000,96.275000,0.950000));
#1378 = CARTESIAN_POINT('',(41.475000,96.275000,0.950000));
#1379 = CARTESIAN_POINT('',(41.475000,97.725000,0.950000));
#1380 = CARTESIAN_POINT('',(38.525000,97.725000,0.950000));
#1381 = POLY_LOOP('',(#1377,#1378,#1379,#1380));
#1382 = FACE_OUTER_BOUND('',#1381,.T.);
#1383 = DIRECTION('',(0.000000,0.000000,1.000000));
#1384 = DIRECTION('',(0.000000,-1.000000,0.000000));
#1385 = AXIS2_PLACEMENT_3D('',#1377,#1383,#1384);
#1386 = PLANE('',#1385);
#1387 = FACE_SURFACE('',(#1382),#1386,.T.);
#1388 = POLY_LOOP('',(#1369,#1368,#1378,#1377));
#1389 = FACE_OUTER_BOUND('',#1388,.T.);
#1390 = DIRECTION('',(0.000000,-1.000000,0.000000));
#1391 = DIRECTION('',(0.000000,0.000000,-1.000000));
#1392 = AXIS2_PLACEMENT_3D('',#1369,#1390,#1391);
#1393 = PLANE('',#1392);
#1394 = FACE_SURFACE('',(#1389),#1393,.T.);
#1395 = POLY_LOOP('',(#1368,#1367,#1379,#1378));
#1396 = FACE_OUTER_BOUND('',#1395,.T.);
#1397 = DIRECTION('',(1.000000,-0.000000,0.000000));
#1398 = DIRECTION('',(0.000000,0.000000,-1.000000));
#1399 = AXIS2_PLACEMENT_3D('',#1368,#1397,#1398);
#1400 = PLANE('',#1399);
#1401 = FACE_SURFACE('',(#1396),#1400,.T.);
#1402 = POLY_LOOP('',(#1367,#1366,#1380,#1379));
#1403 = FACE_OUTER_BOUND('',#1402,.T.);
#1404 = DIRECTION('',(0.000000,1.000000,0.000000));
#1405 = DIRECTION('',(0.000000,0.000000,1.000000));
#1406 = AXIS2_PLACEMENT_3D('',#1367,#1404,#1405);
#1407 = PLANE('',#1406);
#1408 = FACE_SURFACE('',(#1403),#1407,.T.);
#1409 = POLY_LOOP('',(#1366,#1369,#1377,#1380));
#1410 = FACE_OUTER_BOUND('',#1409,.T.);
#1411 = DIRECTION('',(-1.000000,-0.000000,0.000000));
#1412 = DIRECTION('',(0.000000,-0.000000,1.000000));
#1413 = AXIS2_PLACEMENT_3D('',#1366,#1411,#1412);
#1414 = PLANE('',#1413);
#1415 = FACE_SURFACE('',(#1410),#1414,.T.);
#1416 = CLOSED_SHELL('',(#1376,#1387,#1394,#1401,#1408,#1415));
#1417 = FACETED_BREP('carrier_C44',#1416);
#1418 = CARTESIAN_POINT('',(113.525000,76.725000,0.000000));
#1419 = CARTESIAN_POINT('',(116.475000,76.725000,0.000000));
#1420 = CARTESIAN_POINT('',(116.475000,75.275000,0.000000));
#1421 = CARTESIAN_POINT('',(113.525000,75.275000,0.000000));
#1422 = POLY_LOOP('',(#1418,#1419,#1420,#1421));
#1423 = FACE_OUTER_BOUND('',#1422,.T.);
#1424 = DIRECTION('',(0.000000,0.000000,-1.000000));
#1425 = DIRECTION('',(-0.000000,1.000000,0.000000));
#1426 = AXIS2_PLACEMENT_3D('',#1418,#1424,#1425);
#1427 = PLANE('',#1426);
#1428 = FACE_SURFACE('',(#1423),#1427,.T.);
#1429 = CARTESIAN_POINT('',(113.525000,75.275000,0.950000));
#1430 = CARTESIAN_POINT('',(116.475000,75.275000,0.950000));
#1431 = CARTESIAN_POINT('',(116.475000,76.725000,0.950000));
#1432 = CARTESIAN_POINT('',(113.525000,76.725000,0.950000));
#1433 = POLY_LOOP('',(#1429,#1430,#1431,#1432));
#1434 = FACE_OUTER_BOUND('',#1433,.T.);
#1435 = DIRECTION('',(0.000000,0.000000,1.000000));
#1436 = DIRECTION('',(0.000000,-1.000000,0.000000));
#1437 = AXIS2_PLACEMENT_3D('',#1429,#1435,#1436);
#1438 = PLANE('',#1437);
#1439 = FACE_SURFACE('',(#1434),#1438,.T.);
#1440 = POLY_LOOP('',(#1421,#1420,#1430,#1429));
#1441 = FACE_OUTER_BOUND('',#1440,.T.);
#1442 = DIRECTION('',(0.000000,-1.000000,0.000000));
#1443 = DIRECTION('',(0.000000,0.000000,-1.000000));
#1444 = AXIS2_PLACEMENT_3D('',#1421,#1442,#1443);
#1445 = PLANE('',#1444);
#1446 = FACE_SURFACE('',(#1441),#1445,.T.);
#1447 = POLY_LOOP('',(#1420,#1419,#1431,#1430));
#1448 = FACE_OUTER_BOUND('',#1447,.T.);
#1449 = DIRECTION('',(1.000000,-0.000000,0.000000));
#1450 = DIRECTION('',(0.000000,0.000000,-1.000000));
#1451 = AXIS2_PLACEMENT_3D('',#1420,#1449,#1450);
#1452 = PLANE('',#1451);
#1453 = FACE_SURFACE('',(#1448),#1452,.T.);
#1454 = POLY_LOOP('',(#1419,#1418,#1432,#1431));
#1455 = FACE_OUTER_BOUND('',#1454,.T.);
#1456 = DIRECTION('',(0.000000,1.000000,0.000000));
#1457 = DIRECTION('',(0.000000,0.000000,1.000000));
#1458 = AXIS2_PLACEMENT_3D('',#1419,#1456,#1457);
#1459 = PLANE('',#1458);
#1460 = FACE_SURFACE('',(#1455),#1459,.T.);
#1461 = POLY_LOOP('',(#1418,#1421,#1429,#1432));
#1462 = FACE_OUTER_BOUND('',#1461,.T.);
#1463 = DIRECTION('',(-1.000000,-0.000000,0.000000));
#1464 = DIRECTION('',(0.000000,-0.000000,1.000000));
#1465 = AXIS2_PLACEMENT_3D('',#1418,#1463,#1464);
#1466 = PLANE('',#1465);
#1467 = FACE_SURFACE('',(#1462),#1466,.T.);
#1468 = CLOSED_SHELL('',(#1428,#1439,#1446,#1453,#1460,#1467));
#1469 = FACETED_BREP('carrier_C50',#1468);
#1470 = CARTESIAN_POINT('',(113.525000,90.725000,0.000000));
#1471 = CARTESIAN_POINT('',(116.475000,90.725000,0.000000));
#1472 = CARTESIAN_POINT('',(116.475000,89.275000,0.000000));
#1473 = CARTESIAN_POINT('',(113.525000,89.275000,0.000000));
#1474 = POLY_LOOP('',(#1470,#1471,#1472,#1473));
#1475 = FACE_OUTER_BOUND('',#1474,.T.);
#1476 = DIRECTION('',(0.000000,0.000000,-1.000000));
#1477 = DIRECTION('',(-0.000000,1.000000,0.000000));
#1478 = AXIS2_PLACEMENT_3D('',#1470,#1476,#1477);
#1479 = PLANE('',#1478);
#1480 = FACE_SURFACE('',(#1475),#1479,.T.);
#1481 = CARTESIAN_POINT('',(113.525000,89.275000,0.950000));
#1482 = CARTESIAN_POINT('',(116.475000,89.275000,0.950000));
#1483 = CARTESIAN_POINT('',(116.475000,90.725000,0.950000));
#1484 = CARTESIAN_POINT('',(113.525000,90.725000,0.950000));
#1485 = POLY_LOOP('',(#1481,#1482,#1483,#1484));
#1486 = FACE_OUTER_BOUND('',#1485,.T.);
#1487 = DIRECTION('',(0.000000,0.000000,1.000000));
#1488 = DIRECTION('',(0.000000,-1.000000,0.000000));
#1489 = AXIS2_PLACEMENT_3D('',#1481,#1487,#1488);
#1490 = PLANE('',#1489);
#1491 = FACE_SURFACE('',(#1486),#1490,.T.);
#1492 = POLY_LOOP('',(#1473,#1472,#1482,#1481));
#1493 = FACE_OUTER_BOUND('',#1492,.T.);
#1494 = DIRECTION('',(0.000000,-1.000000,0.000000));
#1495 = DIRECTION('',(0.000000,0.000000,-1.000000));
#1496 = AXIS2_PLACEMENT_3D('',#1473,#1494,#1495);
#1497 = PLANE('',#1496);
#1498 = FACE_SURFACE('',(#1493),#1497,.T.);
#1499 = POLY_LOOP('',(#1472,#1471,#1483,#1482));
#1500 = FACE_OUTER_BOUND('',#1499,.T.);
#1501 = DIRECTION('',(1.000000,-0.000000,0.000000));
#1502 = DIRECTION('',(0.000000,0.000000,-1.000000));
#1503 = AXIS2_PLACEMENT_3D('',#1472,#1501,#1502);
#1504 = PLANE('',#1503);
#1505 = FACE_SURFACE('',(#1500),#1504,.T.);
#1506 = POLY_LOOP('',(#1471,#1470,#1484,#1483));
#1507 = FACE_OUTER_BOUND('',#1506,.T.);
#1508 = DIRECTION('',(0.000000,1.000000,0.000000));
#1509 = DIRECTION('',(0.000000,0.000000,1.000000));
#1510 = AXIS2_PLACEMENT_3D('',#1471,#1508,#1509);
#1511 = PLANE('',#1510);
#1512 = FACE_SURFACE('',(#1507),#1511,.T.);
#1513 = POLY_LOOP('',(#1470,#1473,#1481,#1484));
#1514 = FACE_OUTER_BOUND('',#1513,.T.);
#1515 = DIRECTION('',(-1.000000,-0.000000,0.000000));
#1516 = DIRECTION('',(0.000000,-0.000000,1.000000));
#1517 = AXIS2_PLACEMENT_3D('',#1470,#1515,#1516);
#1518 = PLANE('',#1517);
#1519 = FACE_SURFACE('',(#1514),#1518,.T.);
#1520 = CLOSED_SHELL('',(#1480,#1491,#1498,#1505,#1512,#1519));
#1521 = FACETED_BREP('carrier_C51',#1520);
#1522 = CARTESIAN_POINT('',(113.525000,104.725000,0.000000));
#1523 = CARTESIAN_POINT('',(116.475000,104.725000,0.000000));
#1524 = CARTESIAN_POINT('',(116.475000,103.275000,0.000000));
#1525 = CARTESIAN_POINT('',(113.525000,103.275000,0.000000));
#1526 = POLY_LOOP('',(#1522,#1523,#1524,#1525));
#1527 = FACE_OUTER_BOUND('',#1526,.T.);
#1528 = DIRECTION('',(0.000000,0.000000,-1.000000));
#1529 = DIRECTION('',(-0.000000,1.000000,0.000000));
#1530 = AXIS2_PLACEMENT_3D('',#1522,#1528,#1529);
#1531 = PLANE('',#1530);
#1532 = FACE_SURFACE('',(#1527),#1531,.T.);
#1533 = CARTESIAN_POINT('',(113.525000,103.275000,0.950000));
#1534 = CARTESIAN_POINT('',(116.475000,103.275000,0.950000));
#1535 = CARTESIAN_POINT('',(116.475000,104.725000,0.950000));
#1536 = CARTESIAN_POINT('',(113.525000,104.725000,0.950000));
#1537 = POLY_LOOP('',(#1533,#1534,#1535,#1536));
#1538 = FACE_OUTER_BOUND('',#1537,.T.);
#1539 = DIRECTION('',(0.000000,0.000000,1.000000));
#1540 = DIRECTION('',(0.000000,-1.000000,0.000000));
#1541 = AXIS2_PLACEMENT_3D('',#1533,#1539,#1540);
#1542 = PLANE('',#1541);
#1543 = FACE_SURFACE('',(#1538),#1542,.T.);
#1544 = POLY_LOOP('',(#1525,#1524,#1534,#1533));
#1545 = FACE_OUTER_BOUND('',#1544,.T.);
#1546 = DIRECTION('',(0.000000,-1.000000,0.000000));
#1547 = DIRECTION('',(0.000000,0.000000,-1.000000));
#1548 = AXIS2_PLACEMENT_3D('',#1525,#1546,#1547);
#1549 = PLANE('',#1548);
#1550 = FACE_SURFACE('',(#1545),#1549,.T.);
#1551 = POLY_LOOP('',(#1524,#1523,#1535,#1534));
#1552 = FACE_OUTER_BOUND('',#1551,.T.);
#1553 = DIRECTION('',(1.000000,-0.000000,0.000000));
#1554 = DIRECTION('',(0.000000,0.000000,-1.000000));
#1555 = AXIS2_PLACEMENT_3D('',#1524,#1553,#1554);
#1556 = PLANE('',#1555);
#1557 = FACE_SURFACE('',(#1552),#1556,.T.);
#1558 = POLY_LOOP('',(#1523,#1522,#1536,#1535));
#1559 = FACE_OUTER_BOUND('',#1558,.T.);
#1560 = DIRECTION('',(0.000000,1.000000,0.000000));
#1561 = DIRECTION('',(0.000000,0.000000,1.000000));
#1562 = AXIS2_PLACEMENT_3D('',#1523,#1560,#1561);
#1563 = PLANE('',#1562);
#1564 = FACE_SURFACE('',(#1559),#1563,.T.);
#1565 = POLY_LOOP('',(#1522,#1525,#1533,#1536));
#1566 = FACE_OUTER_BOUND('',#1565,.T.);
#1567 = DIRECTION('',(-1.000000,-0.000000,0.000000));
#1568 = DIRECTION('',(0.000000,-0.000000,1.000000));
#1569 = AXIS2_PLACEMENT_3D('',#1522,#1567,#1568);
#1570 = PLANE('',#1569);
#1571 = FACE_SURFACE('',(#1566),#1570,.T.);
#1572 = CLOSED_SHELL('',(#1532,#1543,#1550,#1557,#1564,#1571));
#1573 = FACETED_BREP('carrier_C52',#1572);
#1574 = CARTESIAN_POINT('',(14.525000,101.725000,0.000000));
#1575 = CARTESIAN_POINT('',(17.475000,101.725000,0.000000));
#1576 = CARTESIAN_POINT('',(17.475000,100.275000,0.000000));
#1577 = CARTESIAN_POINT('',(14.525000,100.275000,0.000000));
#1578 = POLY_LOOP('',(#1574,#1575,#1576,#1577));
#1579 = FACE_OUTER_BOUND('',#1578,.T.);
#1580 = DIRECTION('',(0.000000,0.000000,-1.000000));
#1581 = DIRECTION('',(-0.000000,1.000000,0.000000));
#1582 = AXIS2_PLACEMENT_3D('',#1574,#1580,#1581);
#1583 = PLANE('',#1582);
#1584 = FACE_SURFACE('',(#1579),#1583,.T.);
#1585 = CARTESIAN_POINT('',(14.525000,100.275000,0.950000));
#1586 = CARTESIAN_POINT('',(17.475000,100.275000,0.950000));
#1587 = CARTESIAN_POINT('',(17.475000,101.725000,0.950000));
#1588 = CARTESIAN_POINT('',(14.525000,101.725000,0.950000));
#1589 = POLY_LOOP('',(#1585,#1586,#1587,#1588));
#1590 = FACE_OUTER_BOUND('',#1589,.T.);
#1591 = DIRECTION('',(0.000000,0.000000,1.000000));
#1592 = DIRECTION('',(0.000000,-1.000000,0.000000));
#1593 = AXIS2_PLACEMENT_3D('',#1585,#1591,#1592);
#1594 = PLANE('',#1593);
#1595 = FACE_SURFACE('',(#1590),#1594,.T.);
#1596 = POLY_LOOP('',(#1577,#1576,#1586,#1585));
#1597 = FACE_OUTER_BOUND('',#1596,.T.);
#1598 = DIRECTION('',(0.000000,-1.000000,0.000000));
#1599 = DIRECTION('',(0.000000,0.000000,-1.000000));
#1600 = AXIS2_PLACEMENT_3D('',#1577,#1598,#1599);
#1601 = PLANE('',#1600);
#1602 = FACE_SURFACE('',(#1597),#1601,.T.);
#1603 = POLY_LOOP('',(#1576,#1575,#1587,#1586));
#1604 = FACE_OUTER_BOUND('',#1603,.T.);
#1605 = DIRECTION('',(1.000000,-0.000000,0.000000));
#1606 = DIRECTION('',(0.000000,0.000000,-1.000000));
#1607 = AXIS2_PLACEMENT_3D('',#1576,#1605,#1606);
#1608 = PLANE('',#1607);
#1609 = FACE_SURFACE('',(#1604),#1608,.T.);
#1610 = POLY_LOOP('',(#1575,#1574,#1588,#1587));
#1611 = FACE_OUTER_BOUND('',#1610,.T.);
#1612 = DIRECTION('',(0.000000,1.000000,0.000000));
#1613 = DIRECTION('',(0.000000,0.000000,1.000000));
#1614 = AXIS2_PLACEMENT_3D('',#1575,#1612,#1613);
#1615 = PLANE('',#1614);
#1616 = FACE_SURFACE('',(#1611),#1615,.T.);
#1617 = POLY_LOOP('',(#1574,#1577,#1585,#1588));
#1618 = FACE_OUTER_BOUND('',#1617,.T.);
#1619 = DIRECTION('',(-1.000000,-0.000000,0.000000));
#1620 = DIRECTION('',(0.000000,-0.000000,1.000000));
#1621 = AXIS2_PLACEMENT_3D('',#1574,#1619,#1620);
#1622 = PLANE('',#1621);
#1623 = FACE_SURFACE('',(#1618),#1622,.T.);
#1624 = CLOSED_SHELL('',(#1584,#1595,#1602,#1609,#1616,#1623));
#1625 = FACETED_BREP('carrier_C60',#1624);
#1626 = CARTESIAN_POINT('',(14.525000,109.725000,0.000000));
#1627 = CARTESIAN_POINT('',(17.475000,109.725000,0.000000));
#1628 = CARTESIAN_POINT('',(17.475000,108.275000,0.000000));
#1629 = CARTESIAN_POINT('',(14.525000,108.275000,0.000000));
#1630 = POLY_LOOP('',(#1626,#1627,#1628,#1629));
#1631 = FACE_OUTER_BOUND('',#1630,.T.);
#1632 = DIRECTION('',(0.000000,0.000000,-1.000000));
#1633 = DIRECTION('',(-0.000000,1.000000,0.000000));
#1634 = AXIS2_PLACEMENT_3D('',#1626,#1632,#1633);
#1635 = PLANE('',#1634);
#1636 = FACE_SURFACE('',(#1631),#1635,.T.);
#1637 = CARTESIAN_POINT('',(14.525000,108.275000,0.950000));
#1638 = CARTESIAN_POINT('',(17.475000,108.275000,0.950000));
#1639 = CARTESIAN_POINT('',(17.475000,109.725000,0.950000));
#1640 = CARTESIAN_POINT('',(14.525000,109.725000,0.950000));
#1641 = POLY_LOOP('',(#1637,#1638,#1639,#1640));
#1642 = FACE_OUTER_BOUND('',#1641,.T.);
#1643 = DIRECTION('',(0.000000,0.000000,1.000000));
#1644 = DIRECTION('',(0.000000,-1.000000,0.000000));
#1645 = AXIS2_PLACEMENT_3D('',#1637,#1643,#1644);
#1646 = PLANE('',#1645);
#1647 = FACE_SURFACE('',(#1642),#1646,.T.);
#1648 = POLY_LOOP('',(#1629,#1628,#1638,#1637));
#1649 = FACE_OUTER_BOUND('',#1648,.T.);
#1650 = DIRECTION('',(0.000000,-1.000000,0.000000));
#1651 = DIRECTION('',(0.000000,0.000000,-1.000000));
#1652 = AXIS2_PLACEMENT_3D('',#1629,#1650,#1651);
#1653 = PLANE('',#1652);
#1654 = FACE_SURFACE('',(#1649),#1653,.T.);
#1655 = POLY_LOOP('',(#1628,#1627,#1639,#1638));
#1656 = FACE_OUTER_BOUND('',#1655,.T.);
#1657 = DIRECTION('',(1.000000,-0.000000,0.000000));
#1658 = DIRECTION('',(0.000000,0.000000,-1.000000));
#1659 = AXIS2_PLACEMENT_3D('',#1628,#1657,#1658);
#1660 = PLANE('',#1659);
#1661 = FACE_SURFACE('',(#1656),#1660,.T.);
#1662 = POLY_LOOP('',(#1627,#1626,#1640,#1639));
#1663 = FACE_OUTER_BOUND('',#1662,.T.);
#1664 = DIRECTION('',(0.000000,1.000000,0.000000));
#1665 = DIRECTION('',(0.000000,0.000000,1.000000));
#1666 = AXIS2_PLACEMENT_3D('',#1627,#1664,#1665);
#1667 = PLANE('',#1666);
#1668 = FACE_SURFACE('',(#1663),#1667,.T.);
#1669 = POLY_LOOP('',(#1626,#1629,#1637,#1640));
#1670 = FACE_OUTER_BOUND('',#1669,.T.);
#1671 = DIRECTION('',(-1.000000,-0.000000,0.000000));
#1672 = DIRECTION('',(0.000000,-0.000000,1.000000));
#1673 = AXIS2_PLACEMENT_3D('',#1626,#1671,#1672);
#1674 = PLANE('',#1673);
#1675 = FACE_SURFACE('',(#1670),#1674,.T.);
#1676 = CLOSED_SHELL('',(#1636,#1647,#1654,#1661,#1668,#1675));
#1677 = FACETED_BREP('carrier_C61',#1676);
#1678 = CARTESIAN_POINT('',(20.525000,109.725000,0.000000));
#1679 = CARTESIAN_POINT('',(23.475000,109.725000,0.000000));
#1680 = CARTESIAN_POINT('',(23.475000,108.275000,0.000000));
#1681 = CARTESIAN_POINT('',(20.525000,108.275000,0.000000));
#1682 = POLY_LOOP('',(#1678,#1679,#1680,#1681));
#1683 = FACE_OUTER_BOUND('',#1682,.T.);
#1684 = DIRECTION('',(0.000000,0.000000,-1.000000));
#1685 = DIRECTION('',(-0.000000,1.000000,0.000000));
#1686 = AXIS2_PLACEMENT_3D('',#1678,#1684,#1685);
#1687 = PLANE('',#1686);
#1688 = FACE_SURFACE('',(#1683),#1687,.T.);
#1689 = CARTESIAN_POINT('',(20.525000,108.275000,0.950000));
#1690 = CARTESIAN_POINT('',(23.475000,108.275000,0.950000));
#1691 = CARTESIAN_POINT('',(23.475000,109.725000,0.950000));
#1692 = CARTESIAN_POINT('',(20.525000,109.725000,0.950000));
#1693 = POLY_LOOP('',(#1689,#1690,#1691,#1692));
#1694 = FACE_OUTER_BOUND('',#1693,.T.);
#1695 = DIRECTION('',(0.000000,0.000000,1.000000));
#1696 = DIRECTION('',(0.000000,-1.000000,0.000000));
#1697 = AXIS2_PLACEMENT_3D('',#1689,#1695,#1696);
#1698 = PLANE('',#1697);
#1699 = FACE_SURFACE('',(#1694),#1698,.T.);
#1700 = POLY_LOOP('',(#1681,#1680,#1690,#1689));
#1701 = FACE_OUTER_BOUND('',#1700,.T.);
#1702 = DIRECTION('',(0.000000,-1.000000,0.000000));
#1703 = DIRECTION('',(0.000000,0.000000,-1.000000));
#1704 = AXIS2_PLACEMENT_3D('',#1681,#1702,#1703);
#1705 = PLANE('',#1704);
#1706 = FACE_SURFACE('',(#1701),#1705,.T.);
#1707 = POLY_LOOP('',(#1680,#1679,#1691,#1690));
#1708 = FACE_OUTER_BOUND('',#1707,.T.);
#1709 = DIRECTION('',(1.000000,-0.000000,0.000000));
#1710 = DIRECTION('',(0.000000,0.000000,-1.000000));
#1711 = AXIS2_PLACEMENT_3D('',#1680,#1709,#1710);
#1712 = PLANE('',#1711);
#1713 = FACE_SURFACE('',(#1708),#1712,.T.);
#1714 = POLY_LOOP('',(#1679,#1678,#1692,#1691));
#1715 = FACE_OUTER_BOUND('',#1714,.T.);
#1716 = DIRECTION('',(0.000000,1.000000,0.000000));
#1717 = DIRECTION('',(0.000000,0.000000,1.000000));
#1718 = AXIS2_PLACEMENT_3D('',#1679,#1716,#1717);
#1719 = PLANE('',#1718);
#1720 = FACE_SURFACE('',(#1715),#1719,.T.);
#1721 = POLY_LOOP('',(#1678,#1681,#1689,#1692));
#1722 = FACE_OUTER_BOUND('',#1721,.T.);
#1723 = DIRECTION('',(-1.000000,-0.000000,0.000000));
#1724 = DIRECTION('',(0.000000,-0.000000,1.000000));
#1725 = AXIS2_PLACEMENT_3D('',#1678,#1723,#1724);
#1726 = PLANE('',#1725);
#1727 = FACE_SURFACE('',(#1722),#1726,.T.);
#1728 = CLOSED_SHELL('',(#1688,#1699,#1706,#1713,#1720,#1727));
#1729 = FACETED_BREP('carrier_C62',#1728);
#1730 = CARTESIAN_POINT('',(38.525000,101.725000,0.000000));
#1731 = CARTESIAN_POINT('',(41.475000,101.725000,0.000000));
#1732 = CARTESIAN_POINT('',(41.475000,100.275000,0.000000));
#1733 = CARTESIAN_POINT('',(38.525000,100.275000,0.000000));
#1734 = POLY_LOOP('',(#1730,#1731,#1732,#1733));
#1735 = FACE_OUTER_BOUND('',#1734,.T.);
#1736 = DIRECTION('',(0.000000,0.000000,-1.000000));
#1737 = DIRECTION('',(-0.000000,1.000000,0.000000));
#1738 = AXIS2_PLACEMENT_3D('',#1730,#1736,#1737);
#1739 = PLANE('',#1738);
#1740 = FACE_SURFACE('',(#1735),#1739,.T.);
#1741 = CARTESIAN_POINT('',(38.525000,100.275000,0.950000));
#1742 = CARTESIAN_POINT('',(41.475000,100.275000,0.950000));
#1743 = CARTESIAN_POINT('',(41.475000,101.725000,0.950000));
#1744 = CARTESIAN_POINT('',(38.525000,101.725000,0.950000));
#1745 = POLY_LOOP('',(#1741,#1742,#1743,#1744));
#1746 = FACE_OUTER_BOUND('',#1745,.T.);
#1747 = DIRECTION('',(0.000000,0.000000,1.000000));
#1748 = DIRECTION('',(0.000000,-1.000000,0.000000));
#1749 = AXIS2_PLACEMENT_3D('',#1741,#1747,#1748);
#1750 = PLANE('',#1749);
#1751 = FACE_SURFACE('',(#1746),#1750,.T.);
#1752 = POLY_LOOP('',(#1733,#1732,#1742,#1741));
#1753 = FACE_OUTER_BOUND('',#1752,.T.);
#1754 = DIRECTION('',(0.000000,-1.000000,0.000000));
#1755 = DIRECTION('',(0.000000,0.000000,-1.000000));
#1756 = AXIS2_PLACEMENT_3D('',#1733,#1754,#1755);
#1757 = PLANE('',#1756);
#1758 = FACE_SURFACE('',(#1753),#1757,.T.);
#1759 = POLY_LOOP('',(#1732,#1731,#1743,#1742));
#1760 = FACE_OUTER_BOUND('',#1759,.T.);
#1761 = DIRECTION('',(1.000000,-0.000000,0.000000));
#1762 = DIRECTION('',(0.000000,0.000000,-1.000000));
#1763 = AXIS2_PLACEMENT_3D('',#1732,#1761,#1762);
#1764 = PLANE('',#1763);
#1765 = FACE_SURFACE('',(#1760),#1764,.T.);
#1766 = POLY_LOOP('',(#1731,#1730,#1744,#1743));
#1767 = FACE_OUTER_BOUND('',#1766,.T.);
#1768 = DIRECTION('',(0.000000,1.000000,0.000000));
#1769 = DIRECTION('',(0.000000,0.000000,1.000000));
#1770 = AXIS2_PLACEMENT_3D('',#1731,#1768,#1769);
#1771 = PLANE('',#1770);
#1772 = FACE_SURFACE('',(#1767),#1771,.T.);
#1773 = POLY_LOOP('',(#1730,#1733,#1741,#1744));
#1774 = FACE_OUTER_BOUND('',#1773,.T.);
#1775 = DIRECTION('',(-1.000000,-0.000000,0.000000));
#1776 = DIRECTION('',(0.000000,-0.000000,1.000000));
#1777 = AXIS2_PLACEMENT_3D('',#1730,#1775,#1776);
#1778 = PLANE('',#1777);
#1779 = FACE_SURFACE('',(#1774),#1778,.T.);
#1780 = CLOSED_SHELL('',(#1740,#1751,#1758,#1765,#1772,#1779));
#1781 = FACETED_BREP('carrier_C63',#1780);
#1782 = CARTESIAN_POINT('',(38.525000,109.725000,0.000000));
#1783 = CARTESIAN_POINT('',(41.475000,109.725000,0.000000));
#1784 = CARTESIAN_POINT('',(41.475000,108.275000,0.000000));
#1785 = CARTESIAN_POINT('',(38.525000,108.275000,0.000000));
#1786 = POLY_LOOP('',(#1782,#1783,#1784,#1785));
#1787 = FACE_OUTER_BOUND('',#1786,.T.);
#1788 = DIRECTION('',(0.000000,0.000000,-1.000000));
#1789 = DIRECTION('',(-0.000000,1.000000,0.000000));
#1790 = AXIS2_PLACEMENT_3D('',#1782,#1788,#1789);
#1791 = PLANE('',#1790);
#1792 = FACE_SURFACE('',(#1787),#1791,.T.);
#1793 = CARTESIAN_POINT('',(38.525000,108.275000,0.950000));
#1794 = CARTESIAN_POINT('',(41.475000,108.275000,0.950000));
#1795 = CARTESIAN_POINT('',(41.475000,109.725000,0.950000));
#1796 = CARTESIAN_POINT('',(38.525000,109.725000,0.950000));
#1797 = POLY_LOOP('',(#1793,#1794,#1795,#1796));
#1798 = FACE_OUTER_BOUND('',#1797,.T.);
#1799 = DIRECTION('',(0.000000,0.000000,1.000000));
#1800 = DIRECTION('',(0.000000,-1.000000,0.000000));
#1801 = AXIS2_PLACEMENT_3D('',#1793,#1799,#1800);
#1802 = PLANE('',#1801);
#1803 = FACE_SURFACE('',(#1798),#1802,.T.);
#1804 = POLY_LOOP('',(#1785,#1784,#1794,#1793));
#1805 = FACE_OUTER_BOUND('',#1804,.T.);
#1806 = DIRECTION('',(0.000000,-1.000000,0.000000));
#1807 = DIRECTION('',(0.000000,0.000000,-1.000000));
#1808 = AXIS2_PLACEMENT_3D('',#1785,#1806,#1807);
#1809 = PLANE('',#1808);
#1810 = FACE_SURFACE('',(#1805),#1809,.T.);
#1811 = POLY_LOOP('',(#1784,#1783,#1795,#1794));
#1812 = FACE_OUTER_BOUND('',#1811,.T.);
#1813 = DIRECTION('',(1.000000,-0.000000,0.000000));
#1814 = DIRECTION('',(0.000000,0.000000,-1.000000));
#1815 = AXIS2_PLACEMENT_3D('',#1784,#1813,#1814);
#1816 = PLANE('',#1815);
#1817 = FACE_SURFACE('',(#1812),#1816,.T.);
#1818 = POLY_LOOP('',(#1783,#1782,#1796,#1795));
#1819 = FACE_OUTER_BOUND('',#1818,.T.);
#1820 = DIRECTION('',(0.000000,1.000000,0.000000));
#1821 = DIRECTION('',(0.000000,0.000000,1.000000));
#1822 = AXIS2_PLACEMENT_3D('',#1783,#1820,#1821);
#1823 = PLANE('',#1822);
#1824 = FACE_SURFACE('',(#1819),#1823,.T.);
#1825 = POLY_LOOP('',(#1782,#1785,#1793,#1796));
#1826 = FACE_OUTER_BOUND('',#1825,.T.);
#1827 = DIRECTION('',(-1.000000,-0.000000,0.000000));
#1828 = DIRECTION('',(0.000000,-0.000000,1.000000));
#1829 = AXIS2_PLACEMENT_3D('',#1782,#1827,#1828);
#1830 = PLANE('',#1829);
#1831 = FACE_SURFACE('',(#1826),#1830,.T.);
#1832 = CLOSED_SHELL('',(#1792,#1803,#1810,#1817,#1824,#1831));
#1833 = FACETED_BREP('carrier_C64',#1832);
#1834 = CARTESIAN_POINT('',(143.525000,51.725000,0.000000));
#1835 = CARTESIAN_POINT('',(146.475000,51.725000,0.000000));
#1836 = CARTESIAN_POINT('',(146.475000,50.275000,0.000000));
#1837 = CARTESIAN_POINT('',(143.525000,50.275000,0.000000));
#1838 = POLY_LOOP('',(#1834,#1835,#1836,#1837));
#1839 = FACE_OUTER_BOUND('',#1838,.T.);
#1840 = DIRECTION('',(0.000000,0.000000,-1.000000));
#1841 = DIRECTION('',(-0.000000,1.000000,0.000000));
#1842 = AXIS2_PLACEMENT_3D('',#1834,#1840,#1841);
#1843 = PLANE('',#1842);
#1844 = FACE_SURFACE('',(#1839),#1843,.T.);
#1845 = CARTESIAN_POINT('',(143.525000,50.275000,0.950000));
#1846 = CARTESIAN_POINT('',(146.475000,50.275000,0.950000));
#1847 = CARTESIAN_POINT('',(146.475000,51.725000,0.950000));
#1848 = CARTESIAN_POINT('',(143.525000,51.725000,0.950000));
#1849 = POLY_LOOP('',(#1845,#1846,#1847,#1848));
#1850 = FACE_OUTER_BOUND('',#1849,.T.);
#1851 = DIRECTION('',(0.000000,0.000000,1.000000));
#1852 = DIRECTION('',(0.000000,-1.000000,0.000000));
#1853 = AXIS2_PLACEMENT_3D('',#1845,#1851,#1852);
#1854 = PLANE('',#1853);
#1855 = FACE_SURFACE('',(#1850),#1854,.T.);
#1856 = POLY_LOOP('',(#1837,#1836,#1846,#1845));
#1857 = FACE_OUTER_BOUND('',#1856,.T.);
#1858 = DIRECTION('',(0.000000,-1.000000,0.000000));
#1859 = DIRECTION('',(0.000000,0.000000,-1.000000));
#1860 = AXIS2_PLACEMENT_3D('',#1837,#1858,#1859);
#1861 = PLANE('',#1860);
#1862 = FACE_SURFACE('',(#1857),#1861,.T.);
#1863 = POLY_LOOP('',(#1836,#1835,#1847,#1846));
#1864 = FACE_OUTER_BOUND('',#1863,.T.);
#1865 = DIRECTION('',(1.000000,-0.000000,0.000000));
#1866 = DIRECTION('',(0.000000,0.000000,-1.000000));
#1867 = AXIS2_PLACEMENT_3D('',#1836,#1865,#1866);
#1868 = PLANE('',#1867);
#1869 = FACE_SURFACE('',(#1864),#1868,.T.);
#1870 = POLY_LOOP('',(#1835,#1834,#1848,#1847));
#1871 = FACE_OUTER_BOUND('',#1870,.T.);
#1872 = DIRECTION('',(0.000000,1.000000,0.000000));
#1873 = DIRECTION('',(0.000000,0.000000,1.000000));
#1874 = AXIS2_PLACEMENT_3D('',#1835,#1872,#1873);
#1875 = PLANE('',#1874);
#1876 = FACE_SURFACE('',(#1871),#1875,.T.);
#1877 = POLY_LOOP('',(#1834,#1837,#1845,#1848));
#1878 = FACE_OUTER_BOUND('',#1877,.T.);
#1879 = DIRECTION('',(-1.000000,-0.000000,0.000000));
#1880 = DIRECTION('',(0.000000,-0.000000,1.000000));
#1881 = AXIS2_PLACEMENT_3D('',#1834,#1879,#1880);
#1882 = PLANE('',#1881);
#1883 = FACE_SURFACE('',(#1878),#1882,.T.);
#1884 = CLOSED_SHELL('',(#1844,#1855,#1862,#1869,#1876,#1883));
#1885 = FACETED_BREP('carrier_C70',#1884);
#1886 = CARTESIAN_POINT('',(143.525000,55.725000,0.000000));
#1887 = CARTESIAN_POINT('',(146.475000,55.725000,0.000000));
#1888 = CARTESIAN_POINT('',(146.475000,54.275000,0.000000));
#1889 = CARTESIAN_POINT('',(143.525000,54.275000,0.000000));
#1890 = POLY_LOOP('',(#1886,#1887,#1888,#1889));
#1891 = FACE_OUTER_BOUND('',#1890,.T.);
#1892 = DIRECTION('',(0.000000,0.000000,-1.000000));
#1893 = DIRECTION('',(-0.000000,1.000000,0.000000));
#1894 = AXIS2_PLACEMENT_3D('',#1886,#1892,#1893);
#1895 = PLANE('',#1894);
#1896 = FACE_SURFACE('',(#1891),#1895,.T.);
#1897 = CARTESIAN_POINT('',(143.525000,54.275000,0.950000));
#1898 = CARTESIAN_POINT('',(146.475000,54.275000,0.950000));
#1899 = CARTESIAN_POINT('',(146.475000,55.725000,0.950000));
#1900 = CARTESIAN_POINT('',(143.525000,55.725000,0.950000));
#1901 = POLY_LOOP('',(#1897,#1898,#1899,#1900));
#1902 = FACE_OUTER_BOUND('',#1901,.T.);
#1903 = DIRECTION('',(0.000000,0.000000,1.000000));
#1904 = DIRECTION('',(0.000000,-1.000000,0.000000));
#1905 = AXIS2_PLACEMENT_3D('',#1897,#1903,#1904);
#1906 = PLANE('',#1905);
#1907 = FACE_SURFACE('',(#1902),#1906,.T.);
#1908 = POLY_LOOP('',(#1889,#1888,#1898,#1897));
#1909 = FACE_OUTER_BOUND('',#1908,.T.);
#1910 = DIRECTION('',(0.000000,-1.000000,0.000000));
#1911 = DIRECTION('',(0.000000,0.000000,-1.000000));
#1912 = AXIS2_PLACEMENT_3D('',#1889,#1910,#1911);
#1913 = PLANE('',#1912);
#1914 = FACE_SURFACE('',(#1909),#1913,.T.);
#1915 = POLY_LOOP('',(#1888,#1887,#1899,#1898));
#1916 = FACE_OUTER_BOUND('',#1915,.T.);
#1917 = DIRECTION('',(1.000000,-0.000000,0.000000));
#1918 = DIRECTION('',(0.000000,0.000000,-1.000000));
#1919 = AXIS2_PLACEMENT_3D('',#1888,#1917,#1918);
#1920 = PLANE('',#1919);
#1921 = FACE_SURFACE('',(#1916),#1920,.T.);
#1922 = POLY_LOOP('',(#1887,#1886,#1900,#1899));
#1923 = FACE_OUTER_BOUND('',#1922,.T.);
#1924 = DIRECTION('',(0.000000,1.000000,0.000000));
#1925 = DIRECTION('',(0.000000,0.000000,1.000000));
#1926 = AXIS2_PLACEMENT_3D('',#1887,#1924,#1925);
#1927 = PLANE('',#1926);
#1928 = FACE_SURFACE('',(#1923),#1927,.T.);
#1929 = POLY_LOOP('',(#1886,#1889,#1897,#1900));
#1930 = FACE_OUTER_BOUND('',#1929,.T.);
#1931 = DIRECTION('',(-1.000000,-0.000000,0.000000));
#1932 = DIRECTION('',(0.000000,-0.000000,1.000000));
#1933 = AXIS2_PLACEMENT_3D('',#1886,#1931,#1932);
#1934 = PLANE('',#1933);
#1935 = FACE_SURFACE('',(#1930),#1934,.T.);
#1936 = CLOSED_SHELL('',(#1896,#1907,#1914,#1921,#1928,#1935));
#1937 = FACETED_BREP('carrier_C71',#1936);
#1938 = CARTESIAN_POINT('',(143.525000,59.725000,0.000000));
#1939 = CARTESIAN_POINT('',(146.475000,59.725000,0.000000));
#1940 = CARTESIAN_POINT('',(146.475000,58.275000,0.000000));
#1941 = CARTESIAN_POINT('',(143.525000,58.275000,0.000000));
#1942 = POLY_LOOP('',(#1938,#1939,#1940,#1941));
#1943 = FACE_OUTER_BOUND('',#1942,.T.);
#1944 = DIRECTION('',(0.000000,0.000000,-1.000000));
#1945 = DIRECTION('',(-0.000000,1.000000,0.000000));
#1946 = AXIS2_PLACEMENT_3D('',#1938,#1944,#1945);
#1947 = PLANE('',#1946);
#1948 = FACE_SURFACE('',(#1943),#1947,.T.);
#1949 = CARTESIAN_POINT('',(143.525000,58.275000,0.950000));
#1950 = CARTESIAN_POINT('',(146.475000,58.275000,0.950000));
#1951 = CARTESIAN_POINT('',(146.475000,59.725000,0.950000));
#1952 = CARTESIAN_POINT('',(143.525000,59.725000,0.950000));
#1953 = POLY_LOOP('',(#1949,#1950,#1951,#1952));
#1954 = FACE_OUTER_BOUND('',#1953,.T.);
#1955 = DIRECTION('',(0.000000,0.000000,1.000000));
#1956 = DIRECTION('',(0.000000,-1.000000,0.000000));
#1957 = AXIS2_PLACEMENT_3D('',#1949,#1955,#1956);
#1958 = PLANE('',#1957);
#1959 = FACE_SURFACE('',(#1954),#1958,.T.);
#1960 = POLY_LOOP('',(#1941,#1940,#1950,#1949));
#1961 = FACE_OUTER_BOUND('',#1960,.T.);
#1962 = DIRECTION('',(0.000000,-1.000000,0.000000));
#1963 = DIRECTION('',(0.000000,0.000000,-1.000000));
#1964 = AXIS2_PLACEMENT_3D('',#1941,#1962,#1963);
#1965 = PLANE('',#1964);
#1966 = FACE_SURFACE('',(#1961),#1965,.T.);
#1967 = POLY_LOOP('',(#1940,#1939,#1951,#1950));
#1968 = FACE_OUTER_BOUND('',#1967,.T.);
#1969 = DIRECTION('',(1.000000,-0.000000,0.000000));
#1970 = DIRECTION('',(0.000000,0.000000,-1.000000));
#1971 = AXIS2_PLACEMENT_3D('',#1940,#1969,#1970);
#1972 = PLANE('',#1971);
#1973 = FACE_SURFACE('',(#1968),#1972,.T.);
#1974 = POLY_LOOP('',(#1939,#1938,#1952,#1951));
#1975 = FACE_OUTER_BOUND('',#1974,.T.);
#1976 = DIRECTION('',(0.000000,1.000000,0.000000));
#1977 = DIRECTION('',(0.000000,0.000000,1.000000));
#1978 = AXIS2_PLACEMENT_3D('',#1939,#1976,#1977);
#1979 = PLANE('',#1978);
#1980 = FACE_SURFACE('',(#1975),#1979,.T.);
#1981 = POLY_LOOP('',(#1938,#1941,#1949,#1952));
#1982 = FACE_OUTER_BOUND('',#1981,.T.);
#1983 = DIRECTION('',(-1.000000,-0.000000,0.000000));
#1984 = DIRECTION('',(0.000000,-0.000000,1.000000));
#1985 = AXIS2_PLACEMENT_3D('',#1938,#1983,#1984);
#1986 = PLANE('',#1985);
#1987 = FACE_SURFACE('',(#1982),#1986,.T.);
#1988 = CLOSED_SHELL('',(#1948,#1959,#1966,#1973,#1980,#1987));
#1989 = FACETED_BREP('carrier_C72',#1988);
#1990 = CARTESIAN_POINT('',(143.525000,63.725000,0.000000));
#1991 = CARTESIAN_POINT('',(146.475000,63.725000,0.000000));
#1992 = CARTESIAN_POINT('',(146.475000,62.275000,0.000000));
#1993 = CARTESIAN_POINT('',(143.525000,62.275000,0.000000));
#1994 = POLY_LOOP('',(#1990,#1991,#1992,#1993));
#1995 = FACE_OUTER_BOUND('',#1994,.T.);
#1996 = DIRECTION('',(0.000000,0.000000,-1.000000));
#1997 = DIRECTION('',(-0.000000,1.000000,0.000000));
#1998 = AXIS2_PLACEMENT_3D('',#1990,#1996,#1997);
#1999 = PLANE('',#1998);
#2000 = FACE_SURFACE('',(#1995),#1999,.T.);
#2001 = CARTESIAN_POINT('',(143.525000,62.275000,0.950000));
#2002 = CARTESIAN_POINT('',(146.475000,62.275000,0.950000));
#2003 = CARTESIAN_POINT('',(146.475000,63.725000,0.950000));
#2004 = CARTESIAN_POINT('',(143.525000,63.725000,0.950000));
#2005 = POLY_LOOP('',(#2001,#2002,#2003,#2004));
#2006 = FACE_OUTER_BOUND('',#2005,.T.);
#2007 = DIRECTION('',(0.000000,0.000000,1.000000));
#2008 = DIRECTION('',(0.000000,-1.000000,0.000000));
#2009 = AXIS2_PLACEMENT_3D('',#2001,#2007,#2008);
#2010 = PLANE('',#2009);
#2011 = FACE_SURFACE('',(#2006),#2010,.T.);
#2012 = POLY_LOOP('',(#1993,#1992,#2002,#2001));
#2013 = FACE_OUTER_BOUND('',#2012,.T.);
#2014 = DIRECTION('',(0.000000,-1.000000,0.000000));
#2015 = DIRECTION('',(0.000000,0.000000,-1.000000));
#2016 = AXIS2_PLACEMENT_3D('',#1993,#2014,#2015);
#2017 = PLANE('',#2016);
#2018 = FACE_SURFACE('',(#2013),#2017,.T.);
#2019 = POLY_LOOP('',(#1992,#1991,#2003,#2002));
#2020 = FACE_OUTER_BOUND('',#2019,.T.);
#2021 = DIRECTION('',(1.000000,-0.000000,0.000000));
#2022 = DIRECTION('',(0.000000,0.000000,-1.000000));
#2023 = AXIS2_PLACEMENT_3D('',#1992,#2021,#2022);
#2024 = PLANE('',#2023);
#2025 = FACE_SURFACE('',(#2020),#2024,.T.);
#2026 = POLY_LOOP('',(#1991,#1990,#2004,#2003));
#2027 = FACE_OUTER_BOUND('',#2026,.T.);
#2028 = DIRECTION('',(0.000000,1.000000,0.000000));
#2029 = DIRECTION('',(0.000000,0.000000,1.000000));
#2030 = AXIS2_PLACEMENT_3D('',#1991,#2028,#2029);
#2031 = PLANE('',#2030);
#2032 = FACE_SURFACE('',(#2027),#2031,.T.);
#2033 = POLY_LOOP('',(#1990,#1993,#2001,#2004));
#2034 = FACE_OUTER_BOUND('',#2033,.T.);
#2035 = DIRECTION('',(-1.000000,-0.000000,0.000000));
#2036 = DIRECTION('',(0.000000,-0.000000,1.000000));
#2037 = AXIS2_PLACEMENT_3D('',#1990,#2035,#2036);
#2038 = PLANE('',#2037);
#2039 = FACE_SURFACE('',(#2034),#2038,.T.);
#2040 = CLOSED_SHELL('',(#2000,#2011,#2018,#2025,#2032,#2039));
#2041 = FACETED_BREP('carrier_C73',#2040);
#2042 = CARTESIAN_POINT('',(143.525000,67.725000,0.000000));
#2043 = CARTESIAN_POINT('',(146.475000,67.725000,0.000000));
#2044 = CARTESIAN_POINT('',(146.475000,66.275000,0.000000));
#2045 = CARTESIAN_POINT('',(143.525000,66.275000,0.000000));
#2046 = POLY_LOOP('',(#2042,#2043,#2044,#2045));
#2047 = FACE_OUTER_BOUND('',#2046,.T.);
#2048 = DIRECTION('',(0.000000,0.000000,-1.000000));
#2049 = DIRECTION('',(-0.000000,1.000000,0.000000));
#2050 = AXIS2_PLACEMENT_3D('',#2042,#2048,#2049);
#2051 = PLANE('',#2050);
#2052 = FACE_SURFACE('',(#2047),#2051,.T.);
#2053 = CARTESIAN_POINT('',(143.525000,66.275000,0.950000));
#2054 = CARTESIAN_POINT('',(146.475000,66.275000,0.950000));
#2055 = CARTESIAN_POINT('',(146.475000,67.725000,0.950000));
#2056 = CARTESIAN_POINT('',(143.525000,67.725000,0.950000));
#2057 = POLY_LOOP('',(#2053,#2054,#2055,#2056));
#2058 = FACE_OUTER_BOUND('',#2057,.T.);
#2059 = DIRECTION('',(0.000000,0.000000,1.000000));
#2060 = DIRECTION('',(0.000000,-1.000000,0.000000));
#2061 = AXIS2_PLACEMENT_3D('',#2053,#2059,#2060);
#2062 = PLANE('',#2061);
#2063 = FACE_SURFACE('',(#2058),#2062,.T.);
#2064 = POLY_LOOP('',(#2045,#2044,#2054,#2053));
#2065 = FACE_OUTER_BOUND('',#2064,.T.);
#2066 = DIRECTION('',(0.000000,-1.000000,0.000000));
#2067 = DIRECTION('',(0.000000,0.000000,-1.000000));
#2068 = AXIS2_PLACEMENT_3D('',#2045,#2066,#2067);
#2069 = PLANE('',#2068);
#2070 = FACE_SURFACE('',(#2065),#2069,.T.);
#2071 = POLY_LOOP('',(#2044,#2043,#2055,#2054));
#2072 = FACE_OUTER_BOUND('',#2071,.T.);
#2073 = DIRECTION('',(1.000000,-0.000000,0.000000));
#2074 = DIRECTION('',(0.000000,0.000000,-1.000000));
#2075 = AXIS2_PLACEMENT_3D('',#2044,#2073,#2074);
#2076 = PLANE('',#2075);
#2077 = FACE_SURFACE('',(#2072),#2076,.T.);
#2078 = POLY_LOOP('',(#2043,#2042,#2056,#2055));
#2079 = FACE_OUTER_BOUND('',#2078,.T.);
#2080 = DIRECTION('',(0.000000,1.000000,0.000000));
#2081 = DIRECTION('',(0.000000,0.000000,1.000000));
#2082 = AXIS2_PLACEMENT_3D('',#2043,#2080,#2081);
#2083 = PLANE('',#2082);
#2084 = FACE_SURFACE('',(#2079),#2083,.T.);
#2085 = POLY_LOOP('',(#2042,#2045,#2053,#2056));
#2086 = FACE_OUTER_BOUND('',#2085,.T.);
#2087 = DIRECTION('',(-1.000000,-0.000000,0.000000));
#2088 = DIRECTION('',(0.000000,-0.000000,1.000000));
#2089 = AXIS2_PLACEMENT_3D('',#2042,#2087,#2088);
#2090 = PLANE('',#2089);
#2091 = FACE_SURFACE('',(#2086),#2090,.T.);
#2092 = CLOSED_SHELL('',(#2052,#2063,#2070,#2077,#2084,#2091));
#2093 = FACETED_BREP('carrier_C74',#2092);
#2094 = CARTESIAN_POINT('',(64.525000,4.025000,0.000000));
#2095 = CARTESIAN_POINT('',(67.475000,4.025000,0.000000));
#2096 = CARTESIAN_POINT('',(67.475000,2.575000,0.000000));
#2097 = CARTESIAN_POINT('',(64.525000,2.575000,0.000000));
#2098 = POLY_LOOP('',(#2094,#2095,#2096,#2097));
#2099 = FACE_OUTER_BOUND('',#2098,.T.);
#2100 = DIRECTION('',(0.000000,0.000000,-1.000000));
#2101 = DIRECTION('',(-0.000000,1.000000,0.000000));
#2102 = AXIS2_PLACEMENT_3D('',#2094,#2100,#2101);
#2103 = PLANE('',#2102);
#2104 = FACE_SURFACE('',(#2099),#2103,.T.);
#2105 = CARTESIAN_POINT('',(64.525000,2.575000,0.950000));
#2106 = CARTESIAN_POINT('',(67.475000,2.575000,0.950000));
#2107 = CARTESIAN_POINT('',(67.475000,4.025000,0.950000));
#2108 = CARTESIAN_POINT('',(64.525000,4.025000,0.950000));
#2109 = POLY_LOOP('',(#2105,#2106,#2107,#2108));
#2110 = FACE_OUTER_BOUND('',#2109,.T.);
#2111 = DIRECTION('',(0.000000,0.000000,1.000000));
#2112 = DIRECTION('',(0.000000,-1.000000,0.000000));
#2113 = AXIS2_PLACEMENT_3D('',#2105,#2111,#2112);
#2114 = PLANE('',#2113);
#2115 = FACE_SURFACE('',(#2110),#2114,.T.);
#2116 = POLY_LOOP('',(#2097,#2096,#2106,#2105));
#2117 = FACE_OUTER_BOUND('',#2116,.T.);
#2118 = DIRECTION('',(0.000000,-1.000000,0.000000));
#2119 = DIRECTION('',(0.000000,0.000000,-1.000000));
#2120 = AXIS2_PLACEMENT_3D('',#2097,#2118,#2119);
#2121 = PLANE('',#2120);
#2122 = FACE_SURFACE('',(#2117),#2121,.T.);
#2123 = POLY_LOOP('',(#2096,#2095,#2107,#2106));
#2124 = FACE_OUTER_BOUND('',#2123,.T.);
#2125 = DIRECTION('',(1.000000,-0.000000,0.000000));
#2126 = DIRECTION('',(0.000000,0.000000,-1.000000));
#2127 = AXIS2_PLACEMENT_3D('',#2096,#2125,#2126);
#2128 = PLANE('',#2127);
#2129 = FACE_SURFACE('',(#2124),#2128,.T.);
#2130 = POLY_LOOP('',(#2095,#2094,#2108,#2107));
#2131 = FACE_OUTER_BOUND('',#2130,.T.);
#2132 = DIRECTION('',(0.000000,1.000000,0.000000));
#2133 = DIRECTION('',(0.000000,0.000000,1.000000));
#2134 = AXIS2_PLACEMENT_3D('',#2095,#2132,#2133);
#2135 = PLANE('',#2134);
#2136 = FACE_SURFACE('',(#2131),#2135,.T.);
#2137 = POLY_LOOP('',(#2094,#2097,#2105,#2108));
#2138 = FACE_OUTER_BOUND('',#2137,.T.);
#2139 = DIRECTION('',(-1.000000,-0.000000,0.000000));
#2140 = DIRECTION('',(0.000000,-0.000000,1.000000));
#2141 = AXIS2_PLACEMENT_3D('',#2094,#2139,#2140);
#2142 = PLANE('',#2141);
#2143 = FACE_SURFACE('',(#2138),#2142,.T.);
#2144 = CLOSED_SHELL('',(#2104,#2115,#2122,#2129,#2136,#2143));
#2145 = FACETED_BREP('carrier_C80',#2144);
#2146 = CARTESIAN_POINT('',(64.525000,38.725000,0.000000));
#2147 = CARTESIAN_POINT('',(67.475000,38.725000,0.000000));
#2148 = CARTESIAN_POINT('',(67.475000,37.275000,0.000000));
#2149 = CARTESIAN_POINT('',(64.525000,37.275000,0.000000));
#2150 = POLY_LOOP('',(#2146,#2147,#2148,#2149));
#2151 = FACE_OUTER_BOUND('',#2150,.T.);
#2152 = DIRECTION('',(0.000000,0.000000,-1.000000));
#2153 = DIRECTION('',(-0.000000,1.000000,0.000000));
#2154 = AXIS2_PLACEMENT_3D('',#2146,#2152,#2153);
#2155 = PLANE('',#2154);
#2156 = FACE_SURFACE('',(#2151),#2155,.T.);
#2157 = CARTESIAN_POINT('',(64.525000,37.275000,0.950000));
#2158 = CARTESIAN_POINT('',(67.475000,37.275000,0.950000));
#2159 = CARTESIAN_POINT('',(67.475000,38.725000,0.950000));
#2160 = CARTESIAN_POINT('',(64.525000,38.725000,0.950000));
#2161 = POLY_LOOP('',(#2157,#2158,#2159,#2160));
#2162 = FACE_OUTER_BOUND('',#2161,.T.);
#2163 = DIRECTION('',(0.000000,0.000000,1.000000));
#2164 = DIRECTION('',(0.000000,-1.000000,0.000000));
#2165 = AXIS2_PLACEMENT_3D('',#2157,#2163,#2164);
#2166 = PLANE('',#2165);
#2167 = FACE_SURFACE('',(#2162),#2166,.T.);
#2168 = POLY_LOOP('',(#2149,#2148,#2158,#2157));
#2169 = FACE_OUTER_BOUND('',#2168,.T.);
#2170 = DIRECTION('',(0.000000,-1.000000,0.000000));
#2171 = DIRECTION('',(0.000000,0.000000,-1.000000));
#2172 = AXIS2_PLACEMENT_3D('',#2149,#2170,#2171);
#2173 = PLANE('',#2172);
#2174 = FACE_SURFACE('',(#2169),#2173,.T.);
#2175 = POLY_LOOP('',(#2148,#2147,#2159,#2158));
#2176 = FACE_OUTER_BOUND('',#2175,.T.);
#2177 = DIRECTION('',(1.000000,-0.000000,0.000000));
#2178 = DIRECTION('',(0.000000,0.000000,-1.000000));
#2179 = AXIS2_PLACEMENT_3D('',#2148,#2177,#2178);
#2180 = PLANE('',#2179);
#2181 = FACE_SURFACE('',(#2176),#2180,.T.);
#2182 = POLY_LOOP('',(#2147,#2146,#2160,#2159));
#2183 = FACE_OUTER_BOUND('',#2182,.T.);
#2184 = DIRECTION('',(0.000000,1.000000,0.000000));
#2185 = DIRECTION('',(0.000000,0.000000,1.000000));
#2186 = AXIS2_PLACEMENT_3D('',#2147,#2184,#2185);
#2187 = PLANE('',#2186);
#2188 = FACE_SURFACE('',(#2183),#2187,.T.);
#2189 = POLY_LOOP('',(#2146,#2149,#2157,#2160));
#2190 = FACE_OUTER_BOUND('',#2189,.T.);
#2191 = DIRECTION('',(-1.000000,-0.000000,0.000000));
#2192 = DIRECTION('',(0.000000,-0.000000,1.000000));
#2193 = AXIS2_PLACEMENT_3D('',#2146,#2191,#2192);
#2194 = PLANE('',#2193);
#2195 = FACE_SURFACE('',(#2190),#2194,.T.);
#2196 = CLOSED_SHELL('',(#2156,#2167,#2174,#2181,#2188,#2195));
#2197 = FACETED_BREP('carrier_C81',#2196);
#2198 = CARTESIAN_POINT('',(92.525000,110.725000,0.000000));
#2199 = CARTESIAN_POINT('',(95.475000,110.725000,0.000000));
#2200 = CARTESIAN_POINT('',(95.475000,109.275000,0.000000));
#2201 = CARTESIAN_POINT('',(92.525000,109.275000,0.000000));
#2202 = POLY_LOOP('',(#2198,#2199,#2200,#2201));
#2203 = FACE_OUTER_BOUND('',#2202,.T.);
#2204 = DIRECTION('',(0.000000,0.000000,-1.000000));
#2205 = DIRECTION('',(-0.000000,1.000000,0.000000));
#2206 = AXIS2_PLACEMENT_3D('',#2198,#2204,#2205);
#2207 = PLANE('',#2206);
#2208 = FACE_SURFACE('',(#2203),#2207,.T.);
#2209 = CARTESIAN_POINT('',(92.525000,109.275000,0.950000));
#2210 = CARTESIAN_POINT('',(95.475000,109.275000,0.950000));
#2211 = CARTESIAN_POINT('',(95.475000,110.725000,0.950000));
#2212 = CARTESIAN_POINT('',(92.525000,110.725000,0.950000));
#2213 = POLY_LOOP('',(#2209,#2210,#2211,#2212));
#2214 = FACE_OUTER_BOUND('',#2213,.T.);
#2215 = DIRECTION('',(0.000000,0.000000,1.000000));
#2216 = DIRECTION('',(0.000000,-1.000000,0.000000));
#2217 = AXIS2_PLACEMENT_3D('',#2209,#2215,#2216);
#2218 = PLANE('',#2217);
#2219 = FACE_SURFACE('',(#2214),#2218,.T.);
#2220 = POLY_LOOP('',(#2201,#2200,#2210,#2209));
#2221 = FACE_OUTER_BOUND('',#2220,.T.);
#2222 = DIRECTION('',(0.000000,-1.000000,0.000000));
#2223 = DIRECTION('',(0.000000,0.000000,-1.000000));
#2224 = AXIS2_PLACEMENT_3D('',#2201,#2222,#2223);
#2225 = PLANE('',#2224);
#2226 = FACE_SURFACE('',(#2221),#2225,.T.);
#2227 = POLY_LOOP('',(#2200,#2199,#2211,#2210));
#2228 = FACE_OUTER_BOUND('',#2227,.T.);
#2229 = DIRECTION('',(1.000000,-0.000000,0.000000));
#2230 = DIRECTION('',(0.000000,0.000000,-1.000000));
#2231 = AXIS2_PLACEMENT_3D('',#2200,#2229,#2230);
#2232 = PLANE('',#2231);
#2233 = FACE_SURFACE('',(#2228),#2232,.T.);
#2234 = POLY_LOOP('',(#2199,#2198,#2212,#2211));
#2235 = FACE_OUTER_BOUND('',#2234,.T.);
#2236 = DIRECTION('',(0.000000,1.000000,0.000000));
#2237 = DIRECTION('',(0.000000,0.000000,1.000000));
#2238 = AXIS2_PLACEMENT_3D('',#2199,#2236,#2237);
#2239 = PLANE('',#2238);
#2240 = FACE_SURFACE('',(#2235),#2239,.T.);
#2241 = POLY_LOOP('',(#2198,#2201,#2209,#2212));
#2242 = FACE_OUTER_BOUND('',#2241,.T.);
#2243 = DIRECTION('',(-1.000000,-0.000000,0.000000));
#2244 = DIRECTION('',(0.000000,-0.000000,1.000000));
#2245 = AXIS2_PLACEMENT_3D('',#2198,#2243,#2244);
#2246 = PLANE('',#2245);
#2247 = FACE_SURFACE('',(#2242),#2246,.T.);
#2248 = CLOSED_SHELL('',(#2208,#2219,#2226,#2233,#2240,#2247));
#2249 = FACETED_BREP('carrier_C82',#2248);
#2250 = CARTESIAN_POINT('',(128.525000,20.725000,0.000000));
#2251 = CARTESIAN_POINT('',(131.475000,20.725000,0.000000));
#2252 = CARTESIAN_POINT('',(131.475000,19.275000,0.000000));
#2253 = CARTESIAN_POINT('',(128.525000,19.275000,0.000000));
#2254 = POLY_LOOP('',(#2250,#2251,#2252,#2253));
#2255 = FACE_OUTER_BOUND('',#2254,.T.);
#2256 = DIRECTION('',(0.000000,0.000000,-1.000000));
#2257 = DIRECTION('',(-0.000000,1.000000,0.000000));
#2258 = AXIS2_PLACEMENT_3D('',#2250,#2256,#2257);
#2259 = PLANE('',#2258);
#2260 = FACE_SURFACE('',(#2255),#2259,.T.);
#2261 = CARTESIAN_POINT('',(128.525000,19.275000,0.950000));
#2262 = CARTESIAN_POINT('',(131.475000,19.275000,0.950000));
#2263 = CARTESIAN_POINT('',(131.475000,20.725000,0.950000));
#2264 = CARTESIAN_POINT('',(128.525000,20.725000,0.950000));
#2265 = POLY_LOOP('',(#2261,#2262,#2263,#2264));
#2266 = FACE_OUTER_BOUND('',#2265,.T.);
#2267 = DIRECTION('',(0.000000,0.000000,1.000000));
#2268 = DIRECTION('',(0.000000,-1.000000,0.000000));
#2269 = AXIS2_PLACEMENT_3D('',#2261,#2267,#2268);
#2270 = PLANE('',#2269);
#2271 = FACE_SURFACE('',(#2266),#2270,.T.);
#2272 = POLY_LOOP('',(#2253,#2252,#2262,#2261));
#2273 = FACE_OUTER_BOUND('',#2272,.T.);
#2274 = DIRECTION('',(0.000000,-1.000000,0.000000));
#2275 = DIRECTION('',(0.000000,0.000000,-1.000000));
#2276 = AXIS2_PLACEMENT_3D('',#2253,#2274,#2275);
#2277 = PLANE('',#2276);
#2278 = FACE_SURFACE('',(#2273),#2277,.T.);
#2279 = POLY_LOOP('',(#2252,#2251,#2263,#2262));
#2280 = FACE_OUTER_BOUND('',#2279,.T.);
#2281 = DIRECTION('',(1.000000,-0.000000,0.000000));
#2282 = DIRECTION('',(0.000000,0.000000,-1.000000));
#2283 = AXIS2_PLACEMENT_3D('',#2252,#2281,#2282);
#2284 = PLANE('',#2283);
#2285 = FACE_SURFACE('',(#2280),#2284,.T.);
#2286 = POLY_LOOP('',(#2251,#2250,#2264,#2263));
#2287 = FACE_OUTER_BOUND('',#2286,.T.);
#2288 = DIRECTION('',(0.000000,1.000000,0.000000));
#2289 = DIRECTION('',(0.000000,0.000000,1.000000));
#2290 = AXIS2_PLACEMENT_3D('',#2251,#2288,#2289);
#2291 = PLANE('',#2290);
#2292 = FACE_SURFACE('',(#2287),#2291,.T.);
#2293 = POLY_LOOP('',(#2250,#2253,#2261,#2264));
#2294 = FACE_OUTER_BOUND('',#2293,.T.);
#2295 = DIRECTION('',(-1.000000,-0.000000,0.000000));
#2296 = DIRECTION('',(0.000000,-0.000000,1.000000));
#2297 = AXIS2_PLACEMENT_3D('',#2250,#2295,#2296);
#2298 = PLANE('',#2297);
#2299 = FACE_SURFACE('',(#2294),#2298,.T.);
#2300 = CLOSED_SHELL('',(#2260,#2271,#2278,#2285,#2292,#2299));
#2301 = FACETED_BREP('carrier_C83',#2300);
#2302 = CARTESIAN_POINT('',(64.525000,120.725000,0.000000));
#2303 = CARTESIAN_POINT('',(67.475000,120.725000,0.000000));
#2304 = CARTESIAN_POINT('',(67.475000,119.275000,0.000000));
#2305 = CARTESIAN_POINT('',(64.525000,119.275000,0.000000));
#2306 = POLY_LOOP('',(#2302,#2303,#2304,#2305));
#2307 = FACE_OUTER_BOUND('',#2306,.T.);
#2308 = DIRECTION('',(0.000000,0.000000,-1.000000));
#2309 = DIRECTION('',(-0.000000,1.000000,0.000000));
#2310 = AXIS2_PLACEMENT_3D('',#2302,#2308,#2309);
#2311 = PLANE('',#2310);
#2312 = FACE_SURFACE('',(#2307),#2311,.T.);
#2313 = CARTESIAN_POINT('',(64.525000,119.275000,0.950000));
#2314 = CARTESIAN_POINT('',(67.475000,119.275000,0.950000));
#2315 = CARTESIAN_POINT('',(67.475000,120.725000,0.950000));
#2316 = CARTESIAN_POINT('',(64.525000,120.725000,0.950000));
#2317 = POLY_LOOP('',(#2313,#2314,#2315,#2316));
#2318 = FACE_OUTER_BOUND('',#2317,.T.);
#2319 = DIRECTION('',(0.000000,0.000000,1.000000));
#2320 = DIRECTION('',(0.000000,-1.000000,0.000000));
#2321 = AXIS2_PLACEMENT_3D('',#2313,#2319,#2320);
#2322 = PLANE('',#2321);
#2323 = FACE_SURFACE('',(#2318),#2322,.T.);
#2324 = POLY_LOOP('',(#2305,#2304,#2314,#2313));
#2325 = FACE_OUTER_BOUND('',#2324,.T.);
#2326 = DIRECTION('',(0.000000,-1.000000,0.000000));
#2327 = DIRECTION('',(0.000000,0.000000,-1.000000));
#2328 = AXIS2_PLACEMENT_3D('',#2305,#2326,#2327);
#2329 = PLANE('',#2328);
#2330 = FACE_SURFACE('',(#2325),#2329,.T.);
#2331 = POLY_LOOP('',(#2304,#2303,#2315,#2314));
#2332 = FACE_OUTER_BOUND('',#2331,.T.);
#2333 = DIRECTION('',(1.000000,-0.000000,0.000000));
#2334 = DIRECTION('',(0.000000,0.000000,-1.000000));
#2335 = AXIS2_PLACEMENT_3D('',#2304,#2333,#2334);
#2336 = PLANE('',#2335);
#2337 = FACE_SURFACE('',(#2332),#2336,.T.);
#2338 = POLY_LOOP('',(#2303,#2302,#2316,#2315));
#2339 = FACE_OUTER_BOUND('',#2338,.T.);
#2340 = DIRECTION('',(0.000000,1.000000,0.000000));
#2341 = DIRECTION('',(0.000000,0.000000,1.000000));
#2342 = AXIS2_PLACEMENT_3D('',#2303,#2340,#2341);
#2343 = PLANE('',#2342);
#2344 = FACE_SURFACE('',(#2339),#2343,.T.);
#2345 = POLY_LOOP('',(#2302,#2305,#2313,#2316));
#2346 = FACE_OUTER_BOUND('',#2345,.T.);
#2347 = DIRECTION('',(-1.000000,-0.000000,0.000000));
#2348 = DIRECTION('',(0.000000,-0.000000,1.000000));
#2349 = AXIS2_PLACEMENT_3D('',#2302,#2347,#2348);
#2350 = PLANE('',#2349);
#2351 = FACE_SURFACE('',(#2346),#2350,.T.);
#2352 = CLOSED_SHELL('',(#2312,#2323,#2330,#2337,#2344,#2351));
#2353 = FACETED_BREP('carrier_C84',#2352);
#2354 = CARTESIAN_POINT('',(138.525000,96.725000,0.000000));
#2355 = CARTESIAN_POINT('',(141.475000,96.725000,0.000000));
#2356 = CARTESIAN_POINT('',(141.475000,95.275000,0.000000));
#2357 = CARTESIAN_POINT('',(138.525000,95.275000,0.000000));
#2358 = POLY_LOOP('',(#2354,#2355,#2356,#2357));
#2359 = FACE_OUTER_BOUND('',#2358,.T.);
#2360 = DIRECTION('',(0.000000,0.000000,-1.000000));
#2361 = DIRECTION('',(-0.000000,1.000000,0.000000));
#2362 = AXIS2_PLACEMENT_3D('',#2354,#2360,#2361);
#2363 = PLANE('',#2362);
#2364 = FACE_SURFACE('',(#2359),#2363,.T.);
#2365 = CARTESIAN_POINT('',(138.525000,95.275000,0.950000));
#2366 = CARTESIAN_POINT('',(141.475000,95.275000,0.950000));
#2367 = CARTESIAN_POINT('',(141.475000,96.725000,0.950000));
#2368 = CARTESIAN_POINT('',(138.525000,96.725000,0.950000));
#2369 = POLY_LOOP('',(#2365,#2366,#2367,#2368));
#2370 = FACE_OUTER_BOUND('',#2369,.T.);
#2371 = DIRECTION('',(0.000000,0.000000,1.000000));
#2372 = DIRECTION('',(0.000000,-1.000000,0.000000));
#2373 = AXIS2_PLACEMENT_3D('',#2365,#2371,#2372);
#2374 = PLANE('',#2373);
#2375 = FACE_SURFACE('',(#2370),#2374,.T.);
#2376 = POLY_LOOP('',(#2357,#2356,#2366,#2365));
#2377 = FACE_OUTER_BOUND('',#2376,.T.);
#2378 = DIRECTION('',(0.000000,-1.000000,0.000000));
#2379 = DIRECTION('',(0.000000,0.000000,-1.000000));
#2380 = AXIS2_PLACEMENT_3D('',#2357,#2378,#2379);
#2381 = PLANE('',#2380);
#2382 = FACE_SURFACE('',(#2377),#2381,.T.);
#2383 = POLY_LOOP('',(#2356,#2355,#2367,#2366));
#2384 = FACE_OUTER_BOUND('',#2383,.T.);
#2385 = DIRECTION('',(1.000000,-0.000000,0.000000));
#2386 = DIRECTION('',(0.000000,0.000000,-1.000000));
#2387 = AXIS2_PLACEMENT_3D('',#2356,#2385,#2386);
#2388 = PLANE('',#2387);
#2389 = FACE_SURFACE('',(#2384),#2388,.T.);
#2390 = POLY_LOOP('',(#2355,#2354,#2368,#2367));
#2391 = FACE_OUTER_BOUND('',#2390,.T.);
#2392 = DIRECTION('',(0.000000,1.000000,0.000000));
#2393 = DIRECTION('',(0.000000,0.000000,1.000000));
#2394 = AXIS2_PLACEMENT_3D('',#2355,#2392,#2393);
#2395 = PLANE('',#2394);
#2396 = FACE_SURFACE('',(#2391),#2395,.T.);
#2397 = POLY_LOOP('',(#2354,#2357,#2365,#2368));
#2398 = FACE_OUTER_BOUND('',#2397,.T.);
#2399 = DIRECTION('',(-1.000000,-0.000000,0.000000));
#2400 = DIRECTION('',(0.000000,-0.000000,1.000000));
#2401 = AXIS2_PLACEMENT_3D('',#2354,#2399,#2400);
#2402 = PLANE('',#2401);
#2403 = FACE_SURFACE('',(#2398),#2402,.T.);
#2404 = CLOSED_SHELL('',(#2364,#2375,#2382,#2389,#2396,#2403));
#2405 = FACETED_BREP('carrier_C85',#2404);
#2406 = CARTESIAN_POINT('',(126.525000,120.725000,0.000000));
#2407 = CARTESIAN_POINT('',(129.475000,120.725000,0.000000));
#2408 = CARTESIAN_POINT('',(129.475000,119.275000,0.000000));
#2409 = CARTESIAN_POINT('',(126.525000,119.275000,0.000000));
#2410 = POLY_LOOP('',(#2406,#2407,#2408,#2409));
#2411 = FACE_OUTER_BOUND('',#2410,.T.);
#2412 = DIRECTION('',(0.000000,0.000000,-1.000000));
#2413 = DIRECTION('',(-0.000000,1.000000,0.000000));
#2414 = AXIS2_PLACEMENT_3D('',#2406,#2412,#2413);
#2415 = PLANE('',#2414);
#2416 = FACE_SURFACE('',(#2411),#2415,.T.);
#2417 = CARTESIAN_POINT('',(126.525000,119.275000,0.950000));
#2418 = CARTESIAN_POINT('',(129.475000,119.275000,0.950000));
#2419 = CARTESIAN_POINT('',(129.475000,120.725000,0.950000));
#2420 = CARTESIAN_POINT('',(126.525000,120.725000,0.950000));
#2421 = POLY_LOOP('',(#2417,#2418,#2419,#2420));
#2422 = FACE_OUTER_BOUND('',#2421,.T.);
#2423 = DIRECTION('',(0.000000,0.000000,1.000000));
#2424 = DIRECTION('',(0.000000,-1.000000,0.000000));
#2425 = AXIS2_PLACEMENT_3D('',#2417,#2423,#2424);
#2426 = PLANE('',#2425);
#2427 = FACE_SURFACE('',(#2422),#2426,.T.);
#2428 = POLY_LOOP('',(#2409,#2408,#2418,#2417));
#2429 = FACE_OUTER_BOUND('',#2428,.T.);
#2430 = DIRECTION('',(0.000000,-1.000000,0.000000));
#2431 = DIRECTION('',(0.000000,0.000000,-1.000000));
#2432 = AXIS2_PLACEMENT_3D('',#2409,#2430,#2431);
#2433 = PLANE('',#2432);
#2434 = FACE_SURFACE('',(#2429),#2433,.T.);
#2435 = POLY_LOOP('',(#2408,#2407,#2419,#2418));
#2436 = FACE_OUTER_BOUND('',#2435,.T.);
#2437 = DIRECTION('',(1.000000,-0.000000,0.000000));
#2438 = DIRECTION('',(0.000000,0.000000,-1.000000));
#2439 = AXIS2_PLACEMENT_3D('',#2408,#2437,#2438);
#2440 = PLANE('',#2439);
#2441 = FACE_SURFACE('',(#2436),#2440,.T.);
#2442 = POLY_LOOP('',(#2407,#2406,#2420,#2419));
#2443 = FACE_OUTER_BOUND('',#2442,.T.);
#2444 = DIRECTION('',(0.000000,1.000000,0.000000));
#2445 = DIRECTION('',(0.000000,0.000000,1.000000));
#2446 = AXIS2_PLACEMENT_3D('',#2407,#2444,#2445);
#2447 = PLANE('',#2446);
#2448 = FACE_SURFACE('',(#2443),#2447,.T.);
#2449 = POLY_LOOP('',(#2406,#2409,#2417,#2420));
#2450 = FACE_OUTER_BOUND('',#2449,.T.);
#2451 = DIRECTION('',(-1.000000,-0.000000,0.000000));
#2452 = DIRECTION('',(0.000000,-0.000000,1.000000));
#2453 = AXIS2_PLACEMENT_3D('',#2406,#2451,#2452);
#2454 = PLANE('',#2453);
#2455 = FACE_SURFACE('',(#2450),#2454,.T.);
#2456 = CLOSED_SHELL('',(#2416,#2427,#2434,#2441,#2448,#2455));
#2457 = FACETED_BREP('carrier_C86',#2456);
#2458 = CARTESIAN_POINT('',(128.525000,8.725000,0.000000));
#2459 = CARTESIAN_POINT('',(131.475000,8.725000,0.000000));
#2460 = CARTESIAN_POINT('',(131.475000,7.275000,0.000000));
#2461 = CARTESIAN_POINT('',(128.525000,7.275000,0.000000));
#2462 = POLY_LOOP('',(#2458,#2459,#2460,#2461));
#2463 = FACE_OUTER_BOUND('',#2462,.T.);
#2464 = DIRECTION('',(0.000000,0.000000,-1.000000));
#2465 = DIRECTION('',(-0.000000,1.000000,0.000000));
#2466 = AXIS2_PLACEMENT_3D('',#2458,#2464,#2465);
#2467 = PLANE('',#2466);
#2468 = FACE_SURFACE('',(#2463),#2467,.T.);
#2469 = CARTESIAN_POINT('',(128.525000,7.275000,0.950000));
#2470 = CARTESIAN_POINT('',(131.475000,7.275000,0.950000));
#2471 = CARTESIAN_POINT('',(131.475000,8.725000,0.950000));
#2472 = CARTESIAN_POINT('',(128.525000,8.725000,0.950000));
#2473 = POLY_LOOP('',(#2469,#2470,#2471,#2472));
#2474 = FACE_OUTER_BOUND('',#2473,.T.);
#2475 = DIRECTION('',(0.000000,0.000000,1.000000));
#2476 = DIRECTION('',(0.000000,-1.000000,0.000000));
#2477 = AXIS2_PLACEMENT_3D('',#2469,#2475,#2476);
#2478 = PLANE('',#2477);
#2479 = FACE_SURFACE('',(#2474),#2478,.T.);
#2480 = POLY_LOOP('',(#2461,#2460,#2470,#2469));
#2481 = FACE_OUTER_BOUND('',#2480,.T.);
#2482 = DIRECTION('',(0.000000,-1.000000,0.000000));
#2483 = DIRECTION('',(0.000000,0.000000,-1.000000));
#2484 = AXIS2_PLACEMENT_3D('',#2461,#2482,#2483);
#2485 = PLANE('',#2484);
#2486 = FACE_SURFACE('',(#2481),#2485,.T.);
#2487 = POLY_LOOP('',(#2460,#2459,#2471,#2470));
#2488 = FACE_OUTER_BOUND('',#2487,.T.);
#2489 = DIRECTION('',(1.000000,-0.000000,0.000000));
#2490 = DIRECTION('',(0.000000,0.000000,-1.000000));
#2491 = AXIS2_PLACEMENT_3D('',#2460,#2489,#2490);
#2492 = PLANE('',#2491);
#2493 = FACE_SURFACE('',(#2488),#2492,.T.);
#2494 = POLY_LOOP('',(#2459,#2458,#2472,#2471));
#2495 = FACE_OUTER_BOUND('',#2494,.T.);
#2496 = DIRECTION('',(0.000000,1.000000,0.000000));
#2497 = DIRECTION('',(0.000000,0.000000,1.000000));
#2498 = AXIS2_PLACEMENT_3D('',#2459,#2496,#2497);
#2499 = PLANE('',#2498);
#2500 = FACE_SURFACE('',(#2495),#2499,.T.);
#2501 = POLY_LOOP('',(#2458,#2461,#2469,#2472));
#2502 = FACE_OUTER_BOUND('',#2501,.T.);
#2503 = DIRECTION('',(-1.000000,-0.000000,0.000000));
#2504 = DIRECTION('',(0.000000,-0.000000,1.000000));
#2505 = AXIS2_PLACEMENT_3D('',#2458,#2503,#2504);
#2506 = PLANE('',#2505);
#2507 = FACE_SURFACE('',(#2502),#2506,.T.);
#2508 = CLOSED_SHELL('',(#2468,#2479,#2486,#2493,#2500,#2507));
#2509 = FACETED_BREP('carrier_C87',#2508);
#2510 = CARTESIAN_POINT('',(70.525000,123.725000,0.000000));
#2511 = CARTESIAN_POINT('',(73.475000,123.725000,0.000000));
#2512 = CARTESIAN_POINT('',(73.475000,122.275000,0.000000));
#2513 = CARTESIAN_POINT('',(70.525000,122.275000,0.000000));
#2514 = POLY_LOOP('',(#2510,#2511,#2512,#2513));
#2515 = FACE_OUTER_BOUND('',#2514,.T.);
#2516 = DIRECTION('',(0.000000,0.000000,-1.000000));
#2517 = DIRECTION('',(-0.000000,1.000000,0.000000));
#2518 = AXIS2_PLACEMENT_3D('',#2510,#2516,#2517);
#2519 = PLANE('',#2518);
#2520 = FACE_SURFACE('',(#2515),#2519,.T.);
#2521 = CARTESIAN_POINT('',(70.525000,122.275000,0.950000));
#2522 = CARTESIAN_POINT('',(73.475000,122.275000,0.950000));
#2523 = CARTESIAN_POINT('',(73.475000,123.725000,0.950000));
#2524 = CARTESIAN_POINT('',(70.525000,123.725000,0.950000));
#2525 = POLY_LOOP('',(#2521,#2522,#2523,#2524));
#2526 = FACE_OUTER_BOUND('',#2525,.T.);
#2527 = DIRECTION('',(0.000000,0.000000,1.000000));
#2528 = DIRECTION('',(0.000000,-1.000000,0.000000));
#2529 = AXIS2_PLACEMENT_3D('',#2521,#2527,#2528);
#2530 = PLANE('',#2529);
#2531 = FACE_SURFACE('',(#2526),#2530,.T.);
#2532 = POLY_LOOP('',(#2513,#2512,#2522,#2521));
#2533 = FACE_OUTER_BOUND('',#2532,.T.);
#2534 = DIRECTION('',(0.000000,-1.000000,0.000000));
#2535 = DIRECTION('',(0.000000,0.000000,-1.000000));
#2536 = AXIS2_PLACEMENT_3D('',#2513,#2534,#2535);
#2537 = PLANE('',#2536);
#2538 = FACE_SURFACE('',(#2533),#2537,.T.);
#2539 = POLY_LOOP('',(#2512,#2511,#2523,#2522));
#2540 = FACE_OUTER_BOUND('',#2539,.T.);
#2541 = DIRECTION('',(1.000000,-0.000000,0.000000));
#2542 = DIRECTION('',(0.000000,0.000000,-1.000000));
#2543 = AXIS2_PLACEMENT_3D('',#2512,#2541,#2542);
#2544 = PLANE('',#2543);
#2545 = FACE_SURFACE('',(#2540),#2544,.T.);
#2546 = POLY_LOOP('',(#2511,#2510,#2524,#2523));
#2547 = FACE_OUTER_BOUND('',#2546,.T.);
#2548 = DIRECTION('',(0.000000,1.000000,0.000000));
#2549 = DIRECTION('',(0.000000,0.000000,1.000000));
#2550 = AXIS2_PLACEMENT_3D('',#2511,#2548,#2549);
#2551 = PLANE('',#2550);
#2552 = FACE_SURFACE('',(#2547),#2551,.T.);
#2553 = POLY_LOOP('',(#2510,#2513,#2521,#2524));
#2554 = FACE_OUTER_BOUND('',#2553,.T.);
#2555 = DIRECTION('',(-1.000000,-0.000000,0.000000));
#2556 = DIRECTION('',(0.000000,-0.000000,1.000000));
#2557 = AXIS2_PLACEMENT_3D('',#2510,#2555,#2556);
#2558 = PLANE('',#2557);
#2559 = FACE_SURFACE('',(#2554),#2558,.T.);
#2560 = CLOSED_SHELL('',(#2520,#2531,#2538,#2545,#2552,#2559));
#2561 = FACETED_BREP('carrier_C88',#2560);
#2562 = CARTESIAN_POINT('',(128.525000,12.725000,0.000000));
#2563 = CARTESIAN_POINT('',(131.475000,12.725000,0.000000));
#2564 = CARTESIAN_POINT('',(131.475000,11.275000,0.000000));
#2565 = CARTESIAN_POINT('',(128.525000,11.275000,0.000000));
#2566 = POLY_LOOP('',(#2562,#2563,#2564,#2565));
#2567 = FACE_OUTER_BOUND('',#2566,.T.);
#2568 = DIRECTION('',(0.000000,0.000000,-1.000000));
#2569 = DIRECTION('',(-0.000000,1.000000,0.000000));
#2570 = AXIS2_PLACEMENT_3D('',#2562,#2568,#2569);
#2571 = PLANE('',#2570);
#2572 = FACE_SURFACE('',(#2567),#2571,.T.);
#2573 = CARTESIAN_POINT('',(128.525000,11.275000,0.950000));
#2574 = CARTESIAN_POINT('',(131.475000,11.275000,0.950000));
#2575 = CARTESIAN_POINT('',(131.475000,12.725000,0.950000));
#2576 = CARTESIAN_POINT('',(128.525000,12.725000,0.950000));
#2577 = POLY_LOOP('',(#2573,#2574,#2575,#2576));
#2578 = FACE_OUTER_BOUND('',#2577,.T.);
#2579 = DIRECTION('',(0.000000,0.000000,1.000000));
#2580 = DIRECTION('',(0.000000,-1.000000,0.000000));
#2581 = AXIS2_PLACEMENT_3D('',#2573,#2579,#2580);
#2582 = PLANE('',#2581);
#2583 = FACE_SURFACE('',(#2578),#2582,.T.);
#2584 = POLY_LOOP('',(#2565,#2564,#2574,#2573));
#2585 = FACE_OUTER_BOUND('',#2584,.T.);
#2586 = DIRECTION('',(0.000000,-1.000000,0.000000));
#2587 = DIRECTION('',(0.000000,0.000000,-1.000000));
#2588 = AXIS2_PLACEMENT_3D('',#2565,#2586,#2587);
#2589 = PLANE('',#2588);
#2590 = FACE_SURFACE('',(#2585),#2589,.T.);
#2591 = POLY_LOOP('',(#2564,#2563,#2575,#2574));
#2592 = FACE_OUTER_BOUND('',#2591,.T.);
#2593 = DIRECTION('',(1.000000,-0.000000,0.000000));
#2594 = DIRECTION('',(0.000000,0.000000,-1.000000));
#2595 = AXIS2_PLACEMENT_3D('',#2564,#2593,#2594);
#2596 = PLANE('',#2595);
#2597 = FACE_SURFACE('',(#2592),#2596,.T.);
#2598 = POLY_LOOP('',(#2563,#2562,#2576,#2575));
#2599 = FACE_OUTER_BOUND('',#2598,.T.);
#2600 = DIRECTION('',(0.000000,1.000000,0.000000));
#2601 = DIRECTION('',(0.000000,0.000000,1.000000));
#2602 = AXIS2_PLACEMENT_3D('',#2563,#2600,#2601);
#2603 = PLANE('',#2602);
#2604 = FACE_SURFACE('',(#2599),#2603,.T.);
#2605 = POLY_LOOP('',(#2562,#2565,#2573,#2576));
#2606 = FACE_OUTER_BOUND('',#2605,.T.);
#2607 = DIRECTION('',(-1.000000,-0.000000,0.000000));
#2608 = DIRECTION('',(0.000000,-0.000000,1.000000));
#2609 = AXIS2_PLACEMENT_3D('',#2562,#2607,#2608);
#2610 = PLANE('',#2609);
#2611 = FACE_SURFACE('',(#2606),#2610,.T.);
#2612 = CLOSED_SHELL('',(#2572,#2583,#2590,#2597,#2604,#2611));
#2613 = FACETED_BREP('carrier_C89',#2612);
#2614 = CARTESIAN_POINT('',(120.525000,117.725000,0.000000));
#2615 = CARTESIAN_POINT('',(123.475000,117.725000,0.000000));
#2616 = CARTESIAN_POINT('',(123.475000,116.275000,0.000000));
#2617 = CARTESIAN_POINT('',(120.525000,116.275000,0.000000));
#2618 = POLY_LOOP('',(#2614,#2615,#2616,#2617));
#2619 = FACE_OUTER_BOUND('',#2618,.T.);
#2620 = DIRECTION('',(0.000000,0.000000,-1.000000));
#2621 = DIRECTION('',(-0.000000,1.000000,0.000000));
#2622 = AXIS2_PLACEMENT_3D('',#2614,#2620,#2621);
#2623 = PLANE('',#2622);
#2624 = FACE_SURFACE('',(#2619),#2623,.T.);
#2625 = CARTESIAN_POINT('',(120.525000,116.275000,0.950000));
#2626 = CARTESIAN_POINT('',(123.475000,116.275000,0.950000));
#2627 = CARTESIAN_POINT('',(123.475000,117.725000,0.950000));
#2628 = CARTESIAN_POINT('',(120.525000,117.725000,0.950000));
#2629 = POLY_LOOP('',(#2625,#2626,#2627,#2628));
#2630 = FACE_OUTER_BOUND('',#2629,.T.);
#2631 = DIRECTION('',(0.000000,0.000000,1.000000));
#2632 = DIRECTION('',(0.000000,-1.000000,0.000000));
#2633 = AXIS2_PLACEMENT_3D('',#2625,#2631,#2632);
#2634 = PLANE('',#2633);
#2635 = FACE_SURFACE('',(#2630),#2634,.T.);
#2636 = POLY_LOOP('',(#2617,#2616,#2626,#2625));
#2637 = FACE_OUTER_BOUND('',#2636,.T.);
#2638 = DIRECTION('',(0.000000,-1.000000,0.000000));
#2639 = DIRECTION('',(0.000000,0.000000,-1.000000));
#2640 = AXIS2_PLACEMENT_3D('',#2617,#2638,#2639);
#2641 = PLANE('',#2640);
#2642 = FACE_SURFACE('',(#2637),#2641,.T.);
#2643 = POLY_LOOP('',(#2616,#2615,#2627,#2626));
#2644 = FACE_OUTER_BOUND('',#2643,.T.);
#2645 = DIRECTION('',(1.000000,-0.000000,0.000000));
#2646 = DIRECTION('',(0.000000,0.000000,-1.000000));
#2647 = AXIS2_PLACEMENT_3D('',#2616,#2645,#2646);
#2648 = PLANE('',#2647);
#2649 = FACE_SURFACE('',(#2644),#2648,.T.);
#2650 = POLY_LOOP('',(#2615,#2614,#2628,#2627));
#2651 = FACE_OUTER_BOUND('',#2650,.T.);
#2652 = DIRECTION('',(0.000000,1.000000,0.000000));
#2653 = DIRECTION('',(0.000000,0.000000,1.000000));
#2654 = AXIS2_PLACEMENT_3D('',#2615,#2652,#2653);
#2655 = PLANE('',#2654);
#2656 = FACE_SURFACE('',(#2651),#2655,.T.);
#2657 = POLY_LOOP('',(#2614,#2617,#2625,#2628));
#2658 = FACE_OUTER_BOUND('',#2657,.T.);
#2659 = DIRECTION('',(-1.000000,-0.000000,0.000000));
#2660 = DIRECTION('',(0.000000,-0.000000,1.000000));
#2661 = AXIS2_PLACEMENT_3D('',#2614,#2659,#2660);
#2662 = PLANE('',#2661);
#2663 = FACE_SURFACE('',(#2658),#2662,.T.);
#2664 = CLOSED_SHELL('',(#2624,#2635,#2642,#2649,#2656,#2663));
#2665 = FACETED_BREP('carrier_C90',#2664);
#2666 = CARTESIAN_POINT('',(52.525000,5.725000,0.000000));
#2667 = CARTESIAN_POINT('',(55.475000,5.725000,0.000000));
#2668 = CARTESIAN_POINT('',(55.475000,4.275000,0.000000));
#2669 = CARTESIAN_POINT('',(52.525000,4.275000,0.000000));
#2670 = POLY_LOOP('',(#2666,#2667,#2668,#2669));
#2671 = FACE_OUTER_BOUND('',#2670,.T.);
#2672 = DIRECTION('',(0.000000,0.000000,-1.000000));
#2673 = DIRECTION('',(-0.000000,1.000000,0.000000));
#2674 = AXIS2_PLACEMENT_3D('',#2666,#2672,#2673);
#2675 = PLANE('',#2674);
#2676 = FACE_SURFACE('',(#2671),#2675,.T.);
#2677 = CARTESIAN_POINT('',(52.525000,4.275000,0.950000));
#2678 = CARTESIAN_POINT('',(55.475000,4.275000,0.950000));
#2679 = CARTESIAN_POINT('',(55.475000,5.725000,0.950000));
#2680 = CARTESIAN_POINT('',(52.525000,5.725000,0.950000));
#2681 = POLY_LOOP('',(#2677,#2678,#2679,#2680));
#2682 = FACE_OUTER_BOUND('',#2681,.T.);
#2683 = DIRECTION('',(0.000000,0.000000,1.000000));
#2684 = DIRECTION('',(0.000000,-1.000000,0.000000));
#2685 = AXIS2_PLACEMENT_3D('',#2677,#2683,#2684);
#2686 = PLANE('',#2685);
#2687 = FACE_SURFACE('',(#2682),#2686,.T.);
#2688 = POLY_LOOP('',(#2669,#2668,#2678,#2677));
#2689 = FACE_OUTER_BOUND('',#2688,.T.);
#2690 = DIRECTION('',(0.000000,-1.000000,0.000000));
#2691 = DIRECTION('',(0.000000,0.000000,-1.000000));
#2692 = AXIS2_PLACEMENT_3D('',#2669,#2690,#2691);
#2693 = PLANE('',#2692);
#2694 = FACE_SURFACE('',(#2689),#2693,.T.);
#2695 = POLY_LOOP('',(#2668,#2667,#2679,#2678));
#2696 = FACE_OUTER_BOUND('',#2695,.T.);
#2697 = DIRECTION('',(1.000000,-0.000000,0.000000));
#2698 = DIRECTION('',(0.000000,0.000000,-1.000000));
#2699 = AXIS2_PLACEMENT_3D('',#2668,#2697,#2698);
#2700 = PLANE('',#2699);
#2701 = FACE_SURFACE('',(#2696),#2700,.T.);
#2702 = POLY_LOOP('',(#2667,#2666,#2680,#2679));
#2703 = FACE_OUTER_BOUND('',#2702,.T.);
#2704 = DIRECTION('',(0.000000,1.000000,0.000000));
#2705 = DIRECTION('',(0.000000,0.000000,1.000000));
#2706 = AXIS2_PLACEMENT_3D('',#2667,#2704,#2705);
#2707 = PLANE('',#2706);
#2708 = FACE_SURFACE('',(#2703),#2707,.T.);
#2709 = POLY_LOOP('',(#2666,#2669,#2677,#2680));
#2710 = FACE_OUTER_BOUND('',#2709,.T.);
#2711 = DIRECTION('',(-1.000000,-0.000000,0.000000));
#2712 = DIRECTION('',(0.000000,-0.000000,1.000000));
#2713 = AXIS2_PLACEMENT_3D('',#2666,#2711,#2712);
#2714 = PLANE('',#2713);
#2715 = FACE_SURFACE('',(#2710),#2714,.T.);
#2716 = CLOSED_SHELL('',(#2676,#2687,#2694,#2701,#2708,#2715));
#2717 = FACETED_BREP('carrier_C100',#2716);
#2718 = CARTESIAN_POINT('',(52.525000,9.725000,0.000000));
#2719 = CARTESIAN_POINT('',(55.475000,9.725000,0.000000));
#2720 = CARTESIAN_POINT('',(55.475000,8.275000,0.000000));
#2721 = CARTESIAN_POINT('',(52.525000,8.275000,0.000000));
#2722 = POLY_LOOP('',(#2718,#2719,#2720,#2721));
#2723 = FACE_OUTER_BOUND('',#2722,.T.);
#2724 = DIRECTION('',(0.000000,0.000000,-1.000000));
#2725 = DIRECTION('',(-0.000000,1.000000,0.000000));
#2726 = AXIS2_PLACEMENT_3D('',#2718,#2724,#2725);
#2727 = PLANE('',#2726);
#2728 = FACE_SURFACE('',(#2723),#2727,.T.);
#2729 = CARTESIAN_POINT('',(52.525000,8.275000,0.950000));
#2730 = CARTESIAN_POINT('',(55.475000,8.275000,0.950000));
#2731 = CARTESIAN_POINT('',(55.475000,9.725000,0.950000));
#2732 = CARTESIAN_POINT('',(52.525000,9.725000,0.950000));
#2733 = POLY_LOOP('',(#2729,#2730,#2731,#2732));
#2734 = FACE_OUTER_BOUND('',#2733,.T.);
#2735 = DIRECTION('',(0.000000,0.000000,1.000000));
#2736 = DIRECTION('',(0.000000,-1.000000,0.000000));
#2737 = AXIS2_PLACEMENT_3D('',#2729,#2735,#2736);
#2738 = PLANE('',#2737);
#2739 = FACE_SURFACE('',(#2734),#2738,.T.);
#2740 = POLY_LOOP('',(#2721,#2720,#2730,#2729));
#2741 = FACE_OUTER_BOUND('',#2740,.T.);
#2742 = DIRECTION('',(0.000000,-1.000000,0.000000));
#2743 = DIRECTION('',(0.000000,0.000000,-1.000000));
#2744 = AXIS2_PLACEMENT_3D('',#2721,#2742,#2743);
#2745 = PLANE('',#2744);
#2746 = FACE_SURFACE('',(#2741),#2745,.T.);
#2747 = POLY_LOOP('',(#2720,#2719,#2731,#2730));
#2748 = FACE_OUTER_BOUND('',#2747,.T.);
#2749 = DIRECTION('',(1.000000,-0.000000,0.000000));
#2750 = DIRECTION('',(0.000000,0.000000,-1.000000));
#2751 = AXIS2_PLACEMENT_3D('',#2720,#2749,#2750);
#2752 = PLANE('',#2751);
#2753 = FACE_SURFACE('',(#2748),#2752,.T.);
#2754 = POLY_LOOP('',(#2719,#2718,#2732,#2731));
#2755 = FACE_OUTER_BOUND('',#2754,.T.);
#2756 = DIRECTION('',(0.000000,1.000000,0.000000));
#2757 = DIRECTION('',(0.000000,0.000000,1.000000));
#2758 = AXIS2_PLACEMENT_3D('',#2719,#2756,#2757);
#2759 = PLANE('',#2758);
#2760 = FACE_SURFACE('',(#2755),#2759,.T.);
#2761 = POLY_LOOP('',(#2718,#2721,#2729,#2732));
#2762 = FACE_OUTER_BOUND('',#2761,.T.);
#2763 = DIRECTION('',(-1.000000,-0.000000,0.000000));
#2764 = DIRECTION('',(0.000000,-0.000000,1.000000));
#2765 = AXIS2_PLACEMENT_3D('',#2718,#2763,#2764);
#2766 = PLANE('',#2765);
#2767 = FACE_SURFACE('',(#2762),#2766,.T.);
#2768 = CLOSED_SHELL('',(#2728,#2739,#2746,#2753,#2760,#2767));
#2769 = FACETED_BREP('carrier_C101',#2768);
#2770 = CARTESIAN_POINT('',(52.525000,13.725000,0.000000));
#2771 = CARTESIAN_POINT('',(55.475000,13.725000,0.000000));
#2772 = CARTESIAN_POINT('',(55.475000,12.275000,0.000000));
#2773 = CARTESIAN_POINT('',(52.525000,12.275000,0.000000));
#2774 = POLY_LOOP('',(#2770,#2771,#2772,#2773));
#2775 = FACE_OUTER_BOUND('',#2774,.T.);
#2776 = DIRECTION('',(0.000000,0.000000,-1.000000));
#2777 = DIRECTION('',(-0.000000,1.000000,0.000000));
#2778 = AXIS2_PLACEMENT_3D('',#2770,#2776,#2777);
#2779 = PLANE('',#2778);
#2780 = FACE_SURFACE('',(#2775),#2779,.T.);
#2781 = CARTESIAN_POINT('',(52.525000,12.275000,0.950000));
#2782 = CARTESIAN_POINT('',(55.475000,12.275000,0.950000));
#2783 = CARTESIAN_POINT('',(55.475000,13.725000,0.950000));
#2784 = CARTESIAN_POINT('',(52.525000,13.725000,0.950000));
#2785 = POLY_LOOP('',(#2781,#2782,#2783,#2784));
#2786 = FACE_OUTER_BOUND('',#2785,.T.);
#2787 = DIRECTION('',(0.000000,0.000000,1.000000));
#2788 = DIRECTION('',(0.000000,-1.000000,0.000000));
#2789 = AXIS2_PLACEMENT_3D('',#2781,#2787,#2788);
#2790 = PLANE('',#2789);
#2791 = FACE_SURFACE('',(#2786),#2790,.T.);
#2792 = POLY_LOOP('',(#2773,#2772,#2782,#2781));
#2793 = FACE_OUTER_BOUND('',#2792,.T.);
#2794 = DIRECTION('',(0.000000,-1.000000,0.000000));
#2795 = DIRECTION('',(0.000000,0.000000,-1.000000));
#2796 = AXIS2_PLACEMENT_3D('',#2773,#2794,#2795);
#2797 = PLANE('',#2796);
#2798 = FACE_SURFACE('',(#2793),#2797,.T.);
#2799 = POLY_LOOP('',(#2772,#2771,#2783,#2782));
#2800 = FACE_OUTER_BOUND('',#2799,.T.);
#2801 = DIRECTION('',(1.000000,-0.000000,0.000000));
#2802 = DIRECTION('',(0.000000,0.000000,-1.000000));
#2803 = AXIS2_PLACEMENT_3D('',#2772,#2801,#2802);
#2804 = PLANE('',#2803);
#2805 = FACE_SURFACE('',(#2800),#2804,.T.);
#2806 = POLY_LOOP('',(#2771,#2770,#2784,#2783));
#2807 = FACE_OUTER_BOUND('',#2806,.T.);
#2808 = DIRECTION('',(0.000000,1.000000,0.000000));
#2809 = DIRECTION('',(0.000000,0.000000,1.000000));
#2810 = AXIS2_PLACEMENT_3D('',#2771,#2808,#2809);
#2811 = PLANE('',#2810);
#2812 = FACE_SURFACE('',(#2807),#2811,.T.);
#2813 = POLY_LOOP('',(#2770,#2773,#2781,#2784));
#2814 = FACE_OUTER_BOUND('',#2813,.T.);
#2815 = DIRECTION('',(-1.000000,-0.000000,0.000000));
#2816 = DIRECTION('',(0.000000,-0.000000,1.000000));
#2817 = AXIS2_PLACEMENT_3D('',#2770,#2815,#2816);
#2818 = PLANE('',#2817);
#2819 = FACE_SURFACE('',(#2814),#2818,.T.);
#2820 = CLOSED_SHELL('',(#2780,#2791,#2798,#2805,#2812,#2819));
#2821 = FACETED_BREP('carrier_C102',#2820);
#2822 = CARTESIAN_POINT('',(52.525000,17.725000,0.000000));
#2823 = CARTESIAN_POINT('',(55.475000,17.725000,0.000000));
#2824 = CARTESIAN_POINT('',(55.475000,16.275000,0.000000));
#2825 = CARTESIAN_POINT('',(52.525000,16.275000,0.000000));
#2826 = POLY_LOOP('',(#2822,#2823,#2824,#2825));
#2827 = FACE_OUTER_BOUND('',#2826,.T.);
#2828 = DIRECTION('',(0.000000,0.000000,-1.000000));
#2829 = DIRECTION('',(-0.000000,1.000000,0.000000));
#2830 = AXIS2_PLACEMENT_3D('',#2822,#2828,#2829);
#2831 = PLANE('',#2830);
#2832 = FACE_SURFACE('',(#2827),#2831,.T.);
#2833 = CARTESIAN_POINT('',(52.525000,16.275000,0.950000));
#2834 = CARTESIAN_POINT('',(55.475000,16.275000,0.950000));
#2835 = CARTESIAN_POINT('',(55.475000,17.725000,0.950000));
#2836 = CARTESIAN_POINT('',(52.525000,17.725000,0.950000));
#2837 = POLY_LOOP('',(#2833,#2834,#2835,#2836));
#2838 = FACE_OUTER_BOUND('',#2837,.T.);
#2839 = DIRECTION('',(0.000000,0.000000,1.000000));
#2840 = DIRECTION('',(0.000000,-1.000000,0.000000));
#2841 = AXIS2_PLACEMENT_3D('',#2833,#2839,#2840);
#2842 = PLANE('',#2841);
#2843 = FACE_SURFACE('',(#2838),#2842,.T.);
#2844 = POLY_LOOP('',(#2825,#2824,#2834,#2833));
#2845 = FACE_OUTER_BOUND('',#2844,.T.);
#2846 = DIRECTION('',(0.000000,-1.000000,0.000000));
#2847 = DIRECTION('',(0.000000,0.000000,-1.000000));
#2848 = AXIS2_PLACEMENT_3D('',#2825,#2846,#2847);
#2849 = PLANE('',#2848);
#2850 = FACE_SURFACE('',(#2845),#2849,.T.);
#2851 = POLY_LOOP('',(#2824,#2823,#2835,#2834));
#2852 = FACE_OUTER_BOUND('',#2851,.T.);
#2853 = DIRECTION('',(1.000000,-0.000000,0.000000));
#2854 = DIRECTION('',(0.000000,0.000000,-1.000000));
#2855 = AXIS2_PLACEMENT_3D('',#2824,#2853,#2854);
#2856 = PLANE('',#2855);
#2857 = FACE_SURFACE('',(#2852),#2856,.T.);
#2858 = POLY_LOOP('',(#2823,#2822,#2836,#2835));
#2859 = FACE_OUTER_BOUND('',#2858,.T.);
#2860 = DIRECTION('',(0.000000,1.000000,0.000000));
#2861 = DIRECTION('',(0.000000,0.000000,1.000000));
#2862 = AXIS2_PLACEMENT_3D('',#2823,#2860,#2861);
#2863 = PLANE('',#2862);
#2864 = FACE_SURFACE('',(#2859),#2863,.T.);
#2865 = POLY_LOOP('',(#2822,#2825,#2833,#2836));
#2866 = FACE_OUTER_BOUND('',#2865,.T.);
#2867 = DIRECTION('',(-1.000000,-0.000000,0.000000));
#2868 = DIRECTION('',(0.000000,-0.000000,1.000000));
#2869 = AXIS2_PLACEMENT_3D('',#2822,#2867,#2868);
#2870 = PLANE('',#2869);
#2871 = FACE_SURFACE('',(#2866),#2870,.T.);
#2872 = CLOSED_SHELL('',(#2832,#2843,#2850,#2857,#2864,#2871));
#2873 = FACETED_BREP('carrier_C103',#2872);
#2874 = CARTESIAN_POINT('',(21.280000,6.800000,0.000000));
#2875 = CARTESIAN_POINT('',(24.720000,6.800000,0.000000));
#2876 = CARTESIAN_POINT('',(24.720000,3.200000,0.000000));
#2877 = CARTESIAN_POINT('',(21.280000,3.200000,0.000000));
#2878 = POLY_LOOP('',(#2874,#2875,#2876,#2877));
#2879 = FACE_OUTER_BOUND('',#2878,.T.);
#2880 = DIRECTION('',(0.000000,0.000000,-1.000000));
#2881 = DIRECTION('',(-0.000000,1.000000,0.000000));
#2882 = AXIS2_PLACEMENT_3D('',#2874,#2880,#2881);
#2883 = PLANE('',#2882);
#2884 = FACE_SURFACE('',(#2879),#2883,.T.);
#2885 = CARTESIAN_POINT('',(21.280000,3.200000,1.450000));
#2886 = CARTESIAN_POINT('',(24.720000,3.200000,1.450000));
#2887 = CARTESIAN_POINT('',(24.720000,6.800000,1.450000));
#2888 = CARTESIAN_POINT('',(21.280000,6.800000,1.450000));
#2889 = POLY_LOOP('',(#2885,#2886,#2887,#2888));
#2890 = FACE_OUTER_BOUND('',#2889,.T.);
#2891 = DIRECTION('',(0.000000,0.000000,1.000000));
#2892 = DIRECTION('',(0.000000,-1.000000,0.000000));
#2893 = AXIS2_PLACEMENT_3D('',#2885,#2891,#2892);
#2894 = PLANE('',#2893);
#2895 = FACE_SURFACE('',(#2890),#2894,.T.);
#2896 = POLY_LOOP('',(#2877,#2876,#2886,#2885));
#2897 = FACE_OUTER_BOUND('',#2896,.T.);
#2898 = DIRECTION('',(0.000000,-1.000000,0.000000));
#2899 = DIRECTION('',(0.000000,0.000000,-1.000000));
#2900 = AXIS2_PLACEMENT_3D('',#2877,#2898,#2899);
#2901 = PLANE('',#2900);
#2902 = FACE_SURFACE('',(#2897),#2901,.T.);
#2903 = POLY_LOOP('',(#2876,#2875,#2887,#2886));
#2904 = FACE_OUTER_BOUND('',#2903,.T.);
#2905 = DIRECTION('',(1.000000,-0.000000,0.000000));
#2906 = DIRECTION('',(0.000000,0.000000,-1.000000));
#2907 = AXIS2_PLACEMENT_3D('',#2876,#2905,#2906);
#2908 = PLANE('',#2907);
#2909 = FACE_SURFACE('',(#2904),#2908,.T.);
#2910 = POLY_LOOP('',(#2875,#2874,#2888,#2887));
#2911 = FACE_OUTER_BOUND('',#2910,.T.);
#2912 = DIRECTION('',(0.000000,1.000000,0.000000));
#2913 = DIRECTION('',(0.000000,0.000000,1.000000));
#2914 = AXIS2_PLACEMENT_3D('',#2875,#2912,#2913);
#2915 = PLANE('',#2914);
#2916 = FACE_SURFACE('',(#2911),#2915,.T.);
#2917 = POLY_LOOP('',(#2874,#2877,#2885,#2888));
#2918 = FACE_OUTER_BOUND('',#2917,.T.);
#2919 = DIRECTION('',(-1.000000,-0.000000,0.000000));
#2920 = DIRECTION('',(0.000000,-0.000000,1.000000));
#2921 = AXIS2_PLACEMENT_3D('',#2874,#2919,#2920);
#2922 = PLANE('',#2921);
#2923 = FACE_SURFACE('',(#2918),#2922,.T.);
#2924 = CLOSED_SHELL('',(#2884,#2895,#2902,#2909,#2916,#2923));
#2925 = FACETED_BREP('carrier_D1',#2924);
#2926 = CARTESIAN_POINT('',(21.280000,11.100000,0.000000));
#2927 = CARTESIAN_POINT('',(24.720000,11.100000,0.000000));
#2928 = CARTESIAN_POINT('',(24.720000,7.500000,0.000000));
#2929 = CARTESIAN_POINT('',(21.280000,7.500000,0.000000));
#2930 = POLY_LOOP('',(#2926,#2927,#2928,#2929));
#2931 = FACE_OUTER_BOUND('',#2930,.T.);
#2932 = DIRECTION('',(0.000000,0.000000,-1.000000));
#2933 = DIRECTION('',(-0.000000,1.000000,0.000000));
#2934 = AXIS2_PLACEMENT_3D('',#2926,#2932,#2933);
#2935 = PLANE('',#2934);
#2936 = FACE_SURFACE('',(#2931),#2935,.T.);
#2937 = CARTESIAN_POINT('',(21.280000,7.500000,1.450000));
#2938 = CARTESIAN_POINT('',(24.720000,7.500000,1.450000));
#2939 = CARTESIAN_POINT('',(24.720000,11.100000,1.450000));
#2940 = CARTESIAN_POINT('',(21.280000,11.100000,1.450000));
#2941 = POLY_LOOP('',(#2937,#2938,#2939,#2940));
#2942 = FACE_OUTER_BOUND('',#2941,.T.);
#2943 = DIRECTION('',(0.000000,0.000000,1.000000));
#2944 = DIRECTION('',(0.000000,-1.000000,0.000000));
#2945 = AXIS2_PLACEMENT_3D('',#2937,#2943,#2944);
#2946 = PLANE('',#2945);
#2947 = FACE_SURFACE('',(#2942),#2946,.T.);
#2948 = POLY_LOOP('',(#2929,#2928,#2938,#2937));
#2949 = FACE_OUTER_BOUND('',#2948,.T.);
#2950 = DIRECTION('',(0.000000,-1.000000,0.000000));
#2951 = DIRECTION('',(0.000000,0.000000,-1.000000));
#2952 = AXIS2_PLACEMENT_3D('',#2929,#2950,#2951);
#2953 = PLANE('',#2952);
#2954 = FACE_SURFACE('',(#2949),#2953,.T.);
#2955 = POLY_LOOP('',(#2928,#2927,#2939,#2938));
#2956 = FACE_OUTER_BOUND('',#2955,.T.);
#2957 = DIRECTION('',(1.000000,-0.000000,0.000000));
#2958 = DIRECTION('',(0.000000,0.000000,-1.000000));
#2959 = AXIS2_PLACEMENT_3D('',#2928,#2957,#2958);
#2960 = PLANE('',#2959);
#2961 = FACE_SURFACE('',(#2956),#2960,.T.);
#2962 = POLY_LOOP('',(#2927,#2926,#2940,#2939));
#2963 = FACE_OUTER_BOUND('',#2962,.T.);
#2964 = DIRECTION('',(0.000000,1.000000,0.000000));
#2965 = DIRECTION('',(0.000000,0.000000,1.000000));
#2966 = AXIS2_PLACEMENT_3D('',#2927,#2964,#2965);
#2967 = PLANE('',#2966);
#2968 = FACE_SURFACE('',(#2963),#2967,.T.);
#2969 = POLY_LOOP('',(#2926,#2929,#2937,#2940));
#2970 = FACE_OUTER_BOUND('',#2969,.T.);
#2971 = DIRECTION('',(-1.000000,-0.000000,0.000000));
#2972 = DIRECTION('',(0.000000,-0.000000,1.000000));
#2973 = AXIS2_PLACEMENT_3D('',#2926,#2971,#2972);
#2974 = PLANE('',#2973);
#2975 = FACE_SURFACE('',(#2970),#2974,.T.);
#2976 = CLOSED_SHELL('',(#2936,#2947,#2954,#2961,#2968,#2975));
#2977 = FACETED_BREP('carrier_D2',#2976);
#2978 = CARTESIAN_POINT('',(21.280000,15.400000,0.000000));
#2979 = CARTESIAN_POINT('',(24.720000,15.400000,0.000000));
#2980 = CARTESIAN_POINT('',(24.720000,11.800000,0.000000));
#2981 = CARTESIAN_POINT('',(21.280000,11.800000,0.000000));
#2982 = POLY_LOOP('',(#2978,#2979,#2980,#2981));
#2983 = FACE_OUTER_BOUND('',#2982,.T.);
#2984 = DIRECTION('',(0.000000,0.000000,-1.000000));
#2985 = DIRECTION('',(-0.000000,1.000000,0.000000));
#2986 = AXIS2_PLACEMENT_3D('',#2978,#2984,#2985);
#2987 = PLANE('',#2986);
#2988 = FACE_SURFACE('',(#2983),#2987,.T.);
#2989 = CARTESIAN_POINT('',(21.280000,11.800000,1.450000));
#2990 = CARTESIAN_POINT('',(24.720000,11.800000,1.450000));
#2991 = CARTESIAN_POINT('',(24.720000,15.400000,1.450000));
#2992 = CARTESIAN_POINT('',(21.280000,15.400000,1.450000));
#2993 = POLY_LOOP('',(#2989,#2990,#2991,#2992));
#2994 = FACE_OUTER_BOUND('',#2993,.T.);
#2995 = DIRECTION('',(0.000000,0.000000,1.000000));
#2996 = DIRECTION('',(0.000000,-1.000000,0.000000));
#2997 = AXIS2_PLACEMENT_3D('',#2989,#2995,#2996);
#2998 = PLANE('',#2997);
#2999 = FACE_SURFACE('',(#2994),#2998,.T.);
#3000 = POLY_LOOP('',(#2981,#2980,#2990,#2989));
#3001 = FACE_OUTER_BOUND('',#3000,.T.);
#3002 = DIRECTION('',(0.000000,-1.000000,0.000000));
#3003 = DIRECTION('',(0.000000,0.000000,-1.000000));
#3004 = AXIS2_PLACEMENT_3D('',#2981,#3002,#3003);
#3005 = PLANE('',#3004);
#3006 = FACE_SURFACE('',(#3001),#3005,.T.);
#3007 = POLY_LOOP('',(#2980,#2979,#2991,#2990));
#3008 = FACE_OUTER_BOUND('',#3007,.T.);
#3009 = DIRECTION('',(1.000000,-0.000000,0.000000));
#3010 = DIRECTION('',(0.000000,0.000000,-1.000000));
#3011 = AXIS2_PLACEMENT_3D('',#2980,#3009,#3010);
#3012 = PLANE('',#3011);
#3013 = FACE_SURFACE('',(#3008),#3012,.T.);
#3014 = POLY_LOOP('',(#2979,#2978,#2992,#2991));
#3015 = FACE_OUTER_BOUND('',#3014,.T.);
#3016 = DIRECTION('',(0.000000,1.000000,0.000000));
#3017 = DIRECTION('',(0.000000,0.000000,1.000000));
#3018 = AXIS2_PLACEMENT_3D('',#2979,#3016,#3017);
#3019 = PLANE('',#3018);
#3020 = FACE_SURFACE('',(#3015),#3019,.T.);
#3021 = POLY_LOOP('',(#2978,#2981,#2989,#2992));
#3022 = FACE_OUTER_BOUND('',#3021,.T.);
#3023 = DIRECTION('',(-1.000000,-0.000000,0.000000));
#3024 = DIRECTION('',(0.000000,-0.000000,1.000000));
#3025 = AXIS2_PLACEMENT_3D('',#2978,#3023,#3024);
#3026 = PLANE('',#3025);
#3027 = FACE_SURFACE('',(#3022),#3026,.T.);
#3028 = CLOSED_SHELL('',(#2988,#2999,#3006,#3013,#3020,#3027));
#3029 = FACETED_BREP('carrier_D3',#3028);
#3030 = CARTESIAN_POINT('',(21.280000,19.700000,0.000000));
#3031 = CARTESIAN_POINT('',(24.720000,19.700000,0.000000));
#3032 = CARTESIAN_POINT('',(24.720000,16.100000,0.000000));
#3033 = CARTESIAN_POINT('',(21.280000,16.100000,0.000000));
#3034 = POLY_LOOP('',(#3030,#3031,#3032,#3033));
#3035 = FACE_OUTER_BOUND('',#3034,.T.);
#3036 = DIRECTION('',(0.000000,0.000000,-1.000000));
#3037 = DIRECTION('',(-0.000000,1.000000,0.000000));
#3038 = AXIS2_PLACEMENT_3D('',#3030,#3036,#3037);
#3039 = PLANE('',#3038);
#3040 = FACE_SURFACE('',(#3035),#3039,.T.);
#3041 = CARTESIAN_POINT('',(21.280000,16.100000,1.450000));
#3042 = CARTESIAN_POINT('',(24.720000,16.100000,1.450000));
#3043 = CARTESIAN_POINT('',(24.720000,19.700000,1.450000));
#3044 = CARTESIAN_POINT('',(21.280000,19.700000,1.450000));
#3045 = POLY_LOOP('',(#3041,#3042,#3043,#3044));
#3046 = FACE_OUTER_BOUND('',#3045,.T.);
#3047 = DIRECTION('',(0.000000,0.000000,1.000000));
#3048 = DIRECTION('',(0.000000,-1.000000,0.000000));
#3049 = AXIS2_PLACEMENT_3D('',#3041,#3047,#3048);
#3050 = PLANE('',#3049);
#3051 = FACE_SURFACE('',(#3046),#3050,.T.);
#3052 = POLY_LOOP('',(#3033,#3032,#3042,#3041));
#3053 = FACE_OUTER_BOUND('',#3052,.T.);
#3054 = DIRECTION('',(0.000000,-1.000000,0.000000));
#3055 = DIRECTION('',(0.000000,0.000000,-1.000000));
#3056 = AXIS2_PLACEMENT_3D('',#3033,#3054,#3055);
#3057 = PLANE('',#3056);
#3058 = FACE_SURFACE('',(#3053),#3057,.T.);
#3059 = POLY_LOOP('',(#3032,#3031,#3043,#3042));
#3060 = FACE_OUTER_BOUND('',#3059,.T.);
#3061 = DIRECTION('',(1.000000,-0.000000,0.000000));
#3062 = DIRECTION('',(0.000000,0.000000,-1.000000));
#3063 = AXIS2_PLACEMENT_3D('',#3032,#3061,#3062);
#3064 = PLANE('',#3063);
#3065 = FACE_SURFACE('',(#3060),#3064,.T.);
#3066 = POLY_LOOP('',(#3031,#3030,#3044,#3043));
#3067 = FACE_OUTER_BOUND('',#3066,.T.);
#3068 = DIRECTION('',(0.000000,1.000000,0.000000));
#3069 = DIRECTION('',(0.000000,0.000000,1.000000));
#3070 = AXIS2_PLACEMENT_3D('',#3031,#3068,#3069);
#3071 = PLANE('',#3070);
#3072 = FACE_SURFACE('',(#3067),#3071,.T.);
#3073 = POLY_LOOP('',(#3030,#3033,#3041,#3044));
#3074 = FACE_OUTER_BOUND('',#3073,.T.);
#3075 = DIRECTION('',(-1.000000,-0.000000,0.000000));
#3076 = DIRECTION('',(0.000000,-0.000000,1.000000));
#3077 = AXIS2_PLACEMENT_3D('',#3030,#3075,#3076);
#3078 = PLANE('',#3077);
#3079 = FACE_SURFACE('',(#3074),#3078,.T.);
#3080 = CLOSED_SHELL('',(#3040,#3051,#3058,#3065,#3072,#3079));
#3081 = FACETED_BREP('carrier_D4',#3080);
#3082 = CARTESIAN_POINT('',(21.280000,24.000000,0.000000));
#3083 = CARTESIAN_POINT('',(24.720000,24.000000,0.000000));
#3084 = CARTESIAN_POINT('',(24.720000,20.400000,0.000000));
#3085 = CARTESIAN_POINT('',(21.280000,20.400000,0.000000));
#3086 = POLY_LOOP('',(#3082,#3083,#3084,#3085));
#3087 = FACE_OUTER_BOUND('',#3086,.T.);
#3088 = DIRECTION('',(0.000000,0.000000,-1.000000));
#3089 = DIRECTION('',(-0.000000,1.000000,0.000000));
#3090 = AXIS2_PLACEMENT_3D('',#3082,#3088,#3089);
#3091 = PLANE('',#3090);
#3092 = FACE_SURFACE('',(#3087),#3091,.T.);
#3093 = CARTESIAN_POINT('',(21.280000,20.400000,1.450000));
#3094 = CARTESIAN_POINT('',(24.720000,20.400000,1.450000));
#3095 = CARTESIAN_POINT('',(24.720000,24.000000,1.450000));
#3096 = CARTESIAN_POINT('',(21.280000,24.000000,1.450000));
#3097 = POLY_LOOP('',(#3093,#3094,#3095,#3096));
#3098 = FACE_OUTER_BOUND('',#3097,.T.);
#3099 = DIRECTION('',(0.000000,0.000000,1.000000));
#3100 = DIRECTION('',(0.000000,-1.000000,0.000000));
#3101 = AXIS2_PLACEMENT_3D('',#3093,#3099,#3100);
#3102 = PLANE('',#3101);
#3103 = FACE_SURFACE('',(#3098),#3102,.T.);
#3104 = POLY_LOOP('',(#3085,#3084,#3094,#3093));
#3105 = FACE_OUTER_BOUND('',#3104,.T.);
#3106 = DIRECTION('',(0.000000,-1.000000,0.000000));
#3107 = DIRECTION('',(0.000000,0.000000,-1.000000));
#3108 = AXIS2_PLACEMENT_3D('',#3085,#3106,#3107);
#3109 = PLANE('',#3108);
#3110 = FACE_SURFACE('',(#3105),#3109,.T.);
#3111 = POLY_LOOP('',(#3084,#3083,#3095,#3094));
#3112 = FACE_OUTER_BOUND('',#3111,.T.);
#3113 = DIRECTION('',(1.000000,-0.000000,0.000000));
#3114 = DIRECTION('',(0.000000,0.000000,-1.000000));
#3115 = AXIS2_PLACEMENT_3D('',#3084,#3113,#3114);
#3116 = PLANE('',#3115);
#3117 = FACE_SURFACE('',(#3112),#3116,.T.);
#3118 = POLY_LOOP('',(#3083,#3082,#3096,#3095));
#3119 = FACE_OUTER_BOUND('',#3118,.T.);
#3120 = DIRECTION('',(0.000000,1.000000,0.000000));
#3121 = DIRECTION('',(0.000000,0.000000,1.000000));
#3122 = AXIS2_PLACEMENT_3D('',#3083,#3120,#3121);
#3123 = PLANE('',#3122);
#3124 = FACE_SURFACE('',(#3119),#3123,.T.);
#3125 = POLY_LOOP('',(#3082,#3085,#3093,#3096));
#3126 = FACE_OUTER_BOUND('',#3125,.T.);
#3127 = DIRECTION('',(-1.000000,-0.000000,0.000000));
#3128 = DIRECTION('',(0.000000,-0.000000,1.000000));
#3129 = AXIS2_PLACEMENT_3D('',#3082,#3127,#3128);
#3130 = PLANE('',#3129);
#3131 = FACE_SURFACE('',(#3126),#3130,.T.);
#3132 = CLOSED_SHELL('',(#3092,#3103,#3110,#3117,#3124,#3131));
#3133 = FACETED_BREP('carrier_D5',#3132);
#3134 = CARTESIAN_POINT('',(21.280000,28.300000,0.000000));
#3135 = CARTESIAN_POINT('',(24.720000,28.300000,0.000000));
#3136 = CARTESIAN_POINT('',(24.720000,24.700000,0.000000));
#3137 = CARTESIAN_POINT('',(21.280000,24.700000,0.000000));
#3138 = POLY_LOOP('',(#3134,#3135,#3136,#3137));
#3139 = FACE_OUTER_BOUND('',#3138,.T.);
#3140 = DIRECTION('',(0.000000,0.000000,-1.000000));
#3141 = DIRECTION('',(-0.000000,1.000000,0.000000));
#3142 = AXIS2_PLACEMENT_3D('',#3134,#3140,#3141);
#3143 = PLANE('',#3142);
#3144 = FACE_SURFACE('',(#3139),#3143,.T.);
#3145 = CARTESIAN_POINT('',(21.280000,24.700000,1.450000));
#3146 = CARTESIAN_POINT('',(24.720000,24.700000,1.450000));
#3147 = CARTESIAN_POINT('',(24.720000,28.300000,1.450000));
#3148 = CARTESIAN_POINT('',(21.280000,28.300000,1.450000));
#3149 = POLY_LOOP('',(#3145,#3146,#3147,#3148));
#3150 = FACE_OUTER_BOUND('',#3149,.T.);
#3151 = DIRECTION('',(0.000000,0.000000,1.000000));
#3152 = DIRECTION('',(0.000000,-1.000000,0.000000));
#3153 = AXIS2_PLACEMENT_3D('',#3145,#3151,#3152);
#3154 = PLANE('',#3153);
#3155 = FACE_SURFACE('',(#3150),#3154,.T.);
#3156 = POLY_LOOP('',(#3137,#3136,#3146,#3145));
#3157 = FACE_OUTER_BOUND('',#3156,.T.);
#3158 = DIRECTION('',(0.000000,-1.000000,0.000000));
#3159 = DIRECTION('',(0.000000,0.000000,-1.000000));
#3160 = AXIS2_PLACEMENT_3D('',#3137,#3158,#3159);
#3161 = PLANE('',#3160);
#3162 = FACE_SURFACE('',(#3157),#3161,.T.);
#3163 = POLY_LOOP('',(#3136,#3135,#3147,#3146));
#3164 = FACE_OUTER_BOUND('',#3163,.T.);
#3165 = DIRECTION('',(1.000000,-0.000000,0.000000));
#3166 = DIRECTION('',(0.000000,0.000000,-1.000000));
#3167 = AXIS2_PLACEMENT_3D('',#3136,#3165,#3166);
#3168 = PLANE('',#3167);
#3169 = FACE_SURFACE('',(#3164),#3168,.T.);
#3170 = POLY_LOOP('',(#3135,#3134,#3148,#3147));
#3171 = FACE_OUTER_BOUND('',#3170,.T.);
#3172 = DIRECTION('',(0.000000,1.000000,0.000000));
#3173 = DIRECTION('',(0.000000,0.000000,1.000000));
#3174 = AXIS2_PLACEMENT_3D('',#3135,#3172,#3173);
#3175 = PLANE('',#3174);
#3176 = FACE_SURFACE('',(#3171),#3175,.T.);
#3177 = POLY_LOOP('',(#3134,#3137,#3145,#3148));
#3178 = FACE_OUTER_BOUND('',#3177,.T.);
#3179 = DIRECTION('',(-1.000000,-0.000000,0.000000));
#3180 = DIRECTION('',(0.000000,-0.000000,1.000000));
#3181 = AXIS2_PLACEMENT_3D('',#3134,#3179,#3180);
#3182 = PLANE('',#3181);
#3183 = FACE_SURFACE('',(#3178),#3182,.T.);
#3184 = CLOSED_SHELL('',(#3144,#3155,#3162,#3169,#3176,#3183));
#3185 = FACETED_BREP('carrier_D6',#3184);
#3186 = CARTESIAN_POINT('',(21.280000,32.600000,0.000000));
#3187 = CARTESIAN_POINT('',(24.720000,32.600000,0.000000));
#3188 = CARTESIAN_POINT('',(24.720000,29.000000,0.000000));
#3189 = CARTESIAN_POINT('',(21.280000,29.000000,0.000000));
#3190 = POLY_LOOP('',(#3186,#3187,#3188,#3189));
#3191 = FACE_OUTER_BOUND('',#3190,.T.);
#3192 = DIRECTION('',(0.000000,0.000000,-1.000000));
#3193 = DIRECTION('',(-0.000000,1.000000,0.000000));
#3194 = AXIS2_PLACEMENT_3D('',#3186,#3192,#3193);
#3195 = PLANE('',#3194);
#3196 = FACE_SURFACE('',(#3191),#3195,.T.);
#3197 = CARTESIAN_POINT('',(21.280000,29.000000,1.450000));
#3198 = CARTESIAN_POINT('',(24.720000,29.000000,1.450000));
#3199 = CARTESIAN_POINT('',(24.720000,32.600000,1.450000));
#3200 = CARTESIAN_POINT('',(21.280000,32.600000,1.450000));
#3201 = POLY_LOOP('',(#3197,#3198,#3199,#3200));
#3202 = FACE_OUTER_BOUND('',#3201,.T.);
#3203 = DIRECTION('',(0.000000,0.000000,1.000000));
#3204 = DIRECTION('',(0.000000,-1.000000,0.000000));
#3205 = AXIS2_PLACEMENT_3D('',#3197,#3203,#3204);
#3206 = PLANE('',#3205);
#3207 = FACE_SURFACE('',(#3202),#3206,.T.);
#3208 = POLY_LOOP('',(#3189,#3188,#3198,#3197));
#3209 = FACE_OUTER_BOUND('',#3208,.T.);
#3210 = DIRECTION('',(0.000000,-1.000000,0.000000));
#3211 = DIRECTION('',(0.000000,0.000000,-1.000000));
#3212 = AXIS2_PLACEMENT_3D('',#3189,#3210,#3211);
#3213 = PLANE('',#3212);
#3214 = FACE_SURFACE('',(#3209),#3213,.T.);
#3215 = POLY_LOOP('',(#3188,#3187,#3199,#3198));
#3216 = FACE_OUTER_BOUND('',#3215,.T.);
#3217 = DIRECTION('',(1.000000,-0.000000,0.000000));
#3218 = DIRECTION('',(0.000000,0.000000,-1.000000));
#3219 = AXIS2_PLACEMENT_3D('',#3188,#3217,#3218);
#3220 = PLANE('',#3219);
#3221 = FACE_SURFACE('',(#3216),#3220,.T.);
#3222 = POLY_LOOP('',(#3187,#3186,#3200,#3199));
#3223 = FACE_OUTER_BOUND('',#3222,.T.);
#3224 = DIRECTION('',(0.000000,1.000000,0.000000));
#3225 = DIRECTION('',(0.000000,0.000000,1.000000));
#3226 = AXIS2_PLACEMENT_3D('',#3187,#3224,#3225);
#3227 = PLANE('',#3226);
#3228 = FACE_SURFACE('',(#3223),#3227,.T.);
#3229 = POLY_LOOP('',(#3186,#3189,#3197,#3200));
#3230 = FACE_OUTER_BOUND('',#3229,.T.);
#3231 = DIRECTION('',(-1.000000,-0.000000,0.000000));
#3232 = DIRECTION('',(0.000000,-0.000000,1.000000));
#3233 = AXIS2_PLACEMENT_3D('',#3186,#3231,#3232);
#3234 = PLANE('',#3233);
#3235 = FACE_SURFACE('',(#3230),#3234,.T.);
#3236 = CLOSED_SHELL('',(#3196,#3207,#3214,#3221,#3228,#3235));
#3237 = FACETED_BREP('carrier_D7',#3236);
#3238 = CARTESIAN_POINT('',(21.280000,36.900000,0.000000));
#3239 = CARTESIAN_POINT('',(24.720000,36.900000,0.000000));
#3240 = CARTESIAN_POINT('',(24.720000,33.300000,0.000000));
#3241 = CARTESIAN_POINT('',(21.280000,33.300000,0.000000));
#3242 = POLY_LOOP('',(#3238,#3239,#3240,#3241));
#3243 = FACE_OUTER_BOUND('',#3242,.T.);
#3244 = DIRECTION('',(0.000000,0.000000,-1.000000));
#3245 = DIRECTION('',(-0.000000,1.000000,0.000000));
#3246 = AXIS2_PLACEMENT_3D('',#3238,#3244,#3245);
#3247 = PLANE('',#3246);
#3248 = FACE_SURFACE('',(#3243),#3247,.T.);
#3249 = CARTESIAN_POINT('',(21.280000,33.300000,1.450000));
#3250 = CARTESIAN_POINT('',(24.720000,33.300000,1.450000));
#3251 = CARTESIAN_POINT('',(24.720000,36.900000,1.450000));
#3252 = CARTESIAN_POINT('',(21.280000,36.900000,1.450000));
#3253 = POLY_LOOP('',(#3249,#3250,#3251,#3252));
#3254 = FACE_OUTER_BOUND('',#3253,.T.);
#3255 = DIRECTION('',(0.000000,0.000000,1.000000));
#3256 = DIRECTION('',(0.000000,-1.000000,0.000000));
#3257 = AXIS2_PLACEMENT_3D('',#3249,#3255,#3256);
#3258 = PLANE('',#3257);
#3259 = FACE_SURFACE('',(#3254),#3258,.T.);
#3260 = POLY_LOOP('',(#3241,#3240,#3250,#3249));
#3261 = FACE_OUTER_BOUND('',#3260,.T.);
#3262 = DIRECTION('',(0.000000,-1.000000,0.000000));
#3263 = DIRECTION('',(0.000000,0.000000,-1.000000));
#3264 = AXIS2_PLACEMENT_3D('',#3241,#3262,#3263);
#3265 = PLANE('',#3264);
#3266 = FACE_SURFACE('',(#3261),#3265,.T.);
#3267 = POLY_LOOP('',(#3240,#3239,#3251,#3250));
#3268 = FACE_OUTER_BOUND('',#3267,.T.);
#3269 = DIRECTION('',(1.000000,-0.000000,0.000000));
#3270 = DIRECTION('',(0.000000,0.000000,-1.000000));
#3271 = AXIS2_PLACEMENT_3D('',#3240,#3269,#3270);
#3272 = PLANE('',#3271);
#3273 = FACE_SURFACE('',(#3268),#3272,.T.);
#3274 = POLY_LOOP('',(#3239,#3238,#3252,#3251));
#3275 = FACE_OUTER_BOUND('',#3274,.T.);
#3276 = DIRECTION('',(0.000000,1.000000,0.000000));
#3277 = DIRECTION('',(0.000000,0.000000,1.000000));
#3278 = AXIS2_PLACEMENT_3D('',#3239,#3276,#3277);
#3279 = PLANE('',#3278);
#3280 = FACE_SURFACE('',(#3275),#3279,.T.);
#3281 = POLY_LOOP('',(#3238,#3241,#3249,#3252));
#3282 = FACE_OUTER_BOUND('',#3281,.T.);
#3283 = DIRECTION('',(-1.000000,-0.000000,0.000000));
#3284 = DIRECTION('',(0.000000,-0.000000,1.000000));
#3285 = AXIS2_PLACEMENT_3D('',#3238,#3283,#3284);
#3286 = PLANE('',#3285);
#3287 = FACE_SURFACE('',(#3282),#3286,.T.);
#3288 = CLOSED_SHELL('',(#3248,#3259,#3266,#3273,#3280,#3287));
#3289 = FACETED_BREP('carrier_D8',#3288);
#3290 = CARTESIAN_POINT('',(21.280000,41.200000,0.000000));
#3291 = CARTESIAN_POINT('',(24.720000,41.200000,0.000000));
#3292 = CARTESIAN_POINT('',(24.720000,37.600000,0.000000));
#3293 = CARTESIAN_POINT('',(21.280000,37.600000,0.000000));
#3294 = POLY_LOOP('',(#3290,#3291,#3292,#3293));
#3295 = FACE_OUTER_BOUND('',#3294,.T.);
#3296 = DIRECTION('',(0.000000,0.000000,-1.000000));
#3297 = DIRECTION('',(-0.000000,1.000000,0.000000));
#3298 = AXIS2_PLACEMENT_3D('',#3290,#3296,#3297);
#3299 = PLANE('',#3298);
#3300 = FACE_SURFACE('',(#3295),#3299,.T.);
#3301 = CARTESIAN_POINT('',(21.280000,37.600000,1.450000));
#3302 = CARTESIAN_POINT('',(24.720000,37.600000,1.450000));
#3303 = CARTESIAN_POINT('',(24.720000,41.200000,1.450000));
#3304 = CARTESIAN_POINT('',(21.280000,41.200000,1.450000));
#3305 = POLY_LOOP('',(#3301,#3302,#3303,#3304));
#3306 = FACE_OUTER_BOUND('',#3305,.T.);
#3307 = DIRECTION('',(0.000000,0.000000,1.000000));
#3308 = DIRECTION('',(0.000000,-1.000000,0.000000));
#3309 = AXIS2_PLACEMENT_3D('',#3301,#3307,#3308);
#3310 = PLANE('',#3309);
#3311 = FACE_SURFACE('',(#3306),#3310,.T.);
#3312 = POLY_LOOP('',(#3293,#3292,#3302,#3301));
#3313 = FACE_OUTER_BOUND('',#3312,.T.);
#3314 = DIRECTION('',(0.000000,-1.000000,0.000000));
#3315 = DIRECTION('',(0.000000,0.000000,-1.000000));
#3316 = AXIS2_PLACEMENT_3D('',#3293,#3314,#3315);
#3317 = PLANE('',#3316);
#3318 = FACE_SURFACE('',(#3313),#3317,.T.);
#3319 = POLY_LOOP('',(#3292,#3291,#3303,#3302));
#3320 = FACE_OUTER_BOUND('',#3319,.T.);
#3321 = DIRECTION('',(1.000000,-0.000000,0.000000));
#3322 = DIRECTION('',(0.000000,0.000000,-1.000000));
#3323 = AXIS2_PLACEMENT_3D('',#3292,#3321,#3322);
#3324 = PLANE('',#3323);
#3325 = FACE_SURFACE('',(#3320),#3324,.T.);
#3326 = POLY_LOOP('',(#3291,#3290,#3304,#3303));
#3327 = FACE_OUTER_BOUND('',#3326,.T.);
#3328 = DIRECTION('',(0.000000,1.000000,0.000000));
#3329 = DIRECTION('',(0.000000,0.000000,1.000000));
#3330 = AXIS2_PLACEMENT_3D('',#3291,#3328,#3329);
#3331 = PLANE('',#3330);
#3332 = FACE_SURFACE('',(#3327),#3331,.T.);
#3333 = POLY_LOOP('',(#3290,#3293,#3301,#3304));
#3334 = FACE_OUTER_BOUND('',#3333,.T.);
#3335 = DIRECTION('',(-1.000000,-0.000000,0.000000));
#3336 = DIRECTION('',(0.000000,-0.000000,1.000000));
#3337 = AXIS2_PLACEMENT_3D('',#3290,#3335,#3336);
#3338 = PLANE('',#3337);
#3339 = FACE_SURFACE('',(#3334),#3338,.T.);
#3340 = CLOSED_SHELL('',(#3300,#3311,#3318,#3325,#3332,#3339));
#3341 = FACETED_BREP('carrier_D9',#3340);
#3342 = CARTESIAN_POINT('',(21.280000,45.500000,0.000000));
#3343 = CARTESIAN_POINT('',(24.720000,45.500000,0.000000));
#3344 = CARTESIAN_POINT('',(24.720000,41.900000,0.000000));
#3345 = CARTESIAN_POINT('',(21.280000,41.900000,0.000000));
#3346 = POLY_LOOP('',(#3342,#3343,#3344,#3345));
#3347 = FACE_OUTER_BOUND('',#3346,.T.);
#3348 = DIRECTION('',(0.000000,0.000000,-1.000000));
#3349 = DIRECTION('',(-0.000000,1.000000,0.000000));
#3350 = AXIS2_PLACEMENT_3D('',#3342,#3348,#3349);
#3351 = PLANE('',#3350);
#3352 = FACE_SURFACE('',(#3347),#3351,.T.);
#3353 = CARTESIAN_POINT('',(21.280000,41.900000,1.450000));
#3354 = CARTESIAN_POINT('',(24.720000,41.900000,1.450000));
#3355 = CARTESIAN_POINT('',(24.720000,45.500000,1.450000));
#3356 = CARTESIAN_POINT('',(21.280000,45.500000,1.450000));
#3357 = POLY_LOOP('',(#3353,#3354,#3355,#3356));
#3358 = FACE_OUTER_BOUND('',#3357,.T.);
#3359 = DIRECTION('',(0.000000,0.000000,1.000000));
#3360 = DIRECTION('',(0.000000,-1.000000,0.000000));
#3361 = AXIS2_PLACEMENT_3D('',#3353,#3359,#3360);
#3362 = PLANE('',#3361);
#3363 = FACE_SURFACE('',(#3358),#3362,.T.);
#3364 = POLY_LOOP('',(#3345,#3344,#3354,#3353));
#3365 = FACE_OUTER_BOUND('',#3364,.T.);
#3366 = DIRECTION('',(0.000000,-1.000000,0.000000));
#3367 = DIRECTION('',(0.000000,0.000000,-1.000000));
#3368 = AXIS2_PLACEMENT_3D('',#3345,#3366,#3367);
#3369 = PLANE('',#3368);
#3370 = FACE_SURFACE('',(#3365),#3369,.T.);
#3371 = POLY_LOOP('',(#3344,#3343,#3355,#3354));
#3372 = FACE_OUTER_BOUND('',#3371,.T.);
#3373 = DIRECTION('',(1.000000,-0.000000,0.000000));
#3374 = DIRECTION('',(0.000000,0.000000,-1.000000));
#3375 = AXIS2_PLACEMENT_3D('',#3344,#3373,#3374);
#3376 = PLANE('',#3375);
#3377 = FACE_SURFACE('',(#3372),#3376,.T.);
#3378 = POLY_LOOP('',(#3343,#3342,#3356,#3355));
#3379 = FACE_OUTER_BOUND('',#3378,.T.);
#3380 = DIRECTION('',(0.000000,1.000000,0.000000));
#3381 = DIRECTION('',(0.000000,0.000000,1.000000));
#3382 = AXIS2_PLACEMENT_3D('',#3343,#3380,#3381);
#3383 = PLANE('',#3382);
#3384 = FACE_SURFACE('',(#3379),#3383,.T.);
#3385 = POLY_LOOP('',(#3342,#3345,#3353,#3356));
#3386 = FACE_OUTER_BOUND('',#3385,.T.);
#3387 = DIRECTION('',(-1.000000,-0.000000,0.000000));
#3388 = DIRECTION('',(0.000000,-0.000000,1.000000));
#3389 = AXIS2_PLACEMENT_3D('',#3342,#3387,#3388);
#3390 = PLANE('',#3389);
#3391 = FACE_SURFACE('',(#3386),#3390,.T.);
#3392 = CLOSED_SHELL('',(#3352,#3363,#3370,#3377,#3384,#3391));
#3393 = FACETED_BREP('carrier_D10',#3392);
#3394 = CARTESIAN_POINT('',(21.280000,49.800000,0.000000));
#3395 = CARTESIAN_POINT('',(24.720000,49.800000,0.000000));
#3396 = CARTESIAN_POINT('',(24.720000,46.200000,0.000000));
#3397 = CARTESIAN_POINT('',(21.280000,46.200000,0.000000));
#3398 = POLY_LOOP('',(#3394,#3395,#3396,#3397));
#3399 = FACE_OUTER_BOUND('',#3398,.T.);
#3400 = DIRECTION('',(0.000000,0.000000,-1.000000));
#3401 = DIRECTION('',(-0.000000,1.000000,0.000000));
#3402 = AXIS2_PLACEMENT_3D('',#3394,#3400,#3401);
#3403 = PLANE('',#3402);
#3404 = FACE_SURFACE('',(#3399),#3403,.T.);
#3405 = CARTESIAN_POINT('',(21.280000,46.200000,1.450000));
#3406 = CARTESIAN_POINT('',(24.720000,46.200000,1.450000));
#3407 = CARTESIAN_POINT('',(24.720000,49.800000,1.450000));
#3408 = CARTESIAN_POINT('',(21.280000,49.800000,1.450000));
#3409 = POLY_LOOP('',(#3405,#3406,#3407,#3408));
#3410 = FACE_OUTER_BOUND('',#3409,.T.);
#3411 = DIRECTION('',(0.000000,0.000000,1.000000));
#3412 = DIRECTION('',(0.000000,-1.000000,0.000000));
#3413 = AXIS2_PLACEMENT_3D('',#3405,#3411,#3412);
#3414 = PLANE('',#3413);
#3415 = FACE_SURFACE('',(#3410),#3414,.T.);
#3416 = POLY_LOOP('',(#3397,#3396,#3406,#3405));
#3417 = FACE_OUTER_BOUND('',#3416,.T.);
#3418 = DIRECTION('',(0.000000,-1.000000,0.000000));
#3419 = DIRECTION('',(0.000000,0.000000,-1.000000));
#3420 = AXIS2_PLACEMENT_3D('',#3397,#3418,#3419);
#3421 = PLANE('',#3420);
#3422 = FACE_SURFACE('',(#3417),#3421,.T.);
#3423 = POLY_LOOP('',(#3396,#3395,#3407,#3406));
#3424 = FACE_OUTER_BOUND('',#3423,.T.);
#3425 = DIRECTION('',(1.000000,-0.000000,0.000000));
#3426 = DIRECTION('',(0.000000,0.000000,-1.000000));
#3427 = AXIS2_PLACEMENT_3D('',#3396,#3425,#3426);
#3428 = PLANE('',#3427);
#3429 = FACE_SURFACE('',(#3424),#3428,.T.);
#3430 = POLY_LOOP('',(#3395,#3394,#3408,#3407));
#3431 = FACE_OUTER_BOUND('',#3430,.T.);
#3432 = DIRECTION('',(0.000000,1.000000,0.000000));
#3433 = DIRECTION('',(0.000000,0.000000,1.000000));
#3434 = AXIS2_PLACEMENT_3D('',#3395,#3432,#3433);
#3435 = PLANE('',#3434);
#3436 = FACE_SURFACE('',(#3431),#3435,.T.);
#3437 = POLY_LOOP('',(#3394,#3397,#3405,#3408));
#3438 = FACE_OUTER_BOUND('',#3437,.T.);
#3439 = DIRECTION('',(-1.000000,-0.000000,0.000000));
#3440 = DIRECTION('',(0.000000,-0.000000,1.000000));
#3441 = AXIS2_PLACEMENT_3D('',#3394,#3439,#3440);
#3442 = PLANE('',#3441);
#3443 = FACE_SURFACE('',(#3438),#3442,.T.);
#3444 = CLOSED_SHELL('',(#3404,#3415,#3422,#3429,#3436,#3443));
#3445 = FACETED_BREP('carrier_D11',#3444);
#3446 = CARTESIAN_POINT('',(21.280000,54.100000,0.000000));
#3447 = CARTESIAN_POINT('',(24.720000,54.100000,0.000000));
#3448 = CARTESIAN_POINT('',(24.720000,50.500000,0.000000));
#3449 = CARTESIAN_POINT('',(21.280000,50.500000,0.000000));
#3450 = POLY_LOOP('',(#3446,#3447,#3448,#3449));
#3451 = FACE_OUTER_BOUND('',#3450,.T.);
#3452 = DIRECTION('',(0.000000,0.000000,-1.000000));
#3453 = DIRECTION('',(-0.000000,1.000000,0.000000));
#3454 = AXIS2_PLACEMENT_3D('',#3446,#3452,#3453);
#3455 = PLANE('',#3454);
#3456 = FACE_SURFACE('',(#3451),#3455,.T.);
#3457 = CARTESIAN_POINT('',(21.280000,50.500000,1.450000));
#3458 = CARTESIAN_POINT('',(24.720000,50.500000,1.450000));
#3459 = CARTESIAN_POINT('',(24.720000,54.100000,1.450000));
#3460 = CARTESIAN_POINT('',(21.280000,54.100000,1.450000));
#3461 = POLY_LOOP('',(#3457,#3458,#3459,#3460));
#3462 = FACE_OUTER_BOUND('',#3461,.T.);
#3463 = DIRECTION('',(0.000000,0.000000,1.000000));
#3464 = DIRECTION('',(0.000000,-1.000000,0.000000));
#3465 = AXIS2_PLACEMENT_3D('',#3457,#3463,#3464);
#3466 = PLANE('',#3465);
#3467 = FACE_SURFACE('',(#3462),#3466,.T.);
#3468 = POLY_LOOP('',(#3449,#3448,#3458,#3457));
#3469 = FACE_OUTER_BOUND('',#3468,.T.);
#3470 = DIRECTION('',(0.000000,-1.000000,0.000000));
#3471 = DIRECTION('',(0.000000,0.000000,-1.000000));
#3472 = AXIS2_PLACEMENT_3D('',#3449,#3470,#3471);
#3473 = PLANE('',#3472);
#3474 = FACE_SURFACE('',(#3469),#3473,.T.);
#3475 = POLY_LOOP('',(#3448,#3447,#3459,#3458));
#3476 = FACE_OUTER_BOUND('',#3475,.T.);
#3477 = DIRECTION('',(1.000000,-0.000000,0.000000));
#3478 = DIRECTION('',(0.000000,0.000000,-1.000000));
#3479 = AXIS2_PLACEMENT_3D('',#3448,#3477,#3478);
#3480 = PLANE('',#3479);
#3481 = FACE_SURFACE('',(#3476),#3480,.T.);
#3482 = POLY_LOOP('',(#3447,#3446,#3460,#3459));
#3483 = FACE_OUTER_BOUND('',#3482,.T.);
#3484 = DIRECTION('',(0.000000,1.000000,0.000000));
#3485 = DIRECTION('',(0.000000,0.000000,1.000000));
#3486 = AXIS2_PLACEMENT_3D('',#3447,#3484,#3485);
#3487 = PLANE('',#3486);
#3488 = FACE_SURFACE('',(#3483),#3487,.T.);
#3489 = POLY_LOOP('',(#3446,#3449,#3457,#3460));
#3490 = FACE_OUTER_BOUND('',#3489,.T.);
#3491 = DIRECTION('',(-1.000000,-0.000000,0.000000));
#3492 = DIRECTION('',(0.000000,-0.000000,1.000000));
#3493 = AXIS2_PLACEMENT_3D('',#3446,#3491,#3492);
#3494 = PLANE('',#3493);
#3495 = FACE_SURFACE('',(#3490),#3494,.T.);
#3496 = CLOSED_SHELL('',(#3456,#3467,#3474,#3481,#3488,#3495));
#3497 = FACETED_BREP('carrier_D12',#3496);
#3498 = CARTESIAN_POINT('',(21.280000,58.400000,0.000000));
#3499 = CARTESIAN_POINT('',(24.720000,58.400000,0.000000));
#3500 = CARTESIAN_POINT('',(24.720000,54.800000,0.000000));
#3501 = CARTESIAN_POINT('',(21.280000,54.800000,0.000000));
#3502 = POLY_LOOP('',(#3498,#3499,#3500,#3501));
#3503 = FACE_OUTER_BOUND('',#3502,.T.);
#3504 = DIRECTION('',(0.000000,0.000000,-1.000000));
#3505 = DIRECTION('',(-0.000000,1.000000,0.000000));
#3506 = AXIS2_PLACEMENT_3D('',#3498,#3504,#3505);
#3507 = PLANE('',#3506);
#3508 = FACE_SURFACE('',(#3503),#3507,.T.);
#3509 = CARTESIAN_POINT('',(21.280000,54.800000,1.450000));
#3510 = CARTESIAN_POINT('',(24.720000,54.800000,1.450000));
#3511 = CARTESIAN_POINT('',(24.720000,58.400000,1.450000));
#3512 = CARTESIAN_POINT('',(21.280000,58.400000,1.450000));
#3513 = POLY_LOOP('',(#3509,#3510,#3511,#3512));
#3514 = FACE_OUTER_BOUND('',#3513,.T.);
#3515 = DIRECTION('',(0.000000,0.000000,1.000000));
#3516 = DIRECTION('',(0.000000,-1.000000,0.000000));
#3517 = AXIS2_PLACEMENT_3D('',#3509,#3515,#3516);
#3518 = PLANE('',#3517);
#3519 = FACE_SURFACE('',(#3514),#3518,.T.);
#3520 = POLY_LOOP('',(#3501,#3500,#3510,#3509));
#3521 = FACE_OUTER_BOUND('',#3520,.T.);
#3522 = DIRECTION('',(0.000000,-1.000000,0.000000));
#3523 = DIRECTION('',(0.000000,0.000000,-1.000000));
#3524 = AXIS2_PLACEMENT_3D('',#3501,#3522,#3523);
#3525 = PLANE('',#3524);
#3526 = FACE_SURFACE('',(#3521),#3525,.T.);
#3527 = POLY_LOOP('',(#3500,#3499,#3511,#3510));
#3528 = FACE_OUTER_BOUND('',#3527,.T.);
#3529 = DIRECTION('',(1.000000,-0.000000,0.000000));
#3530 = DIRECTION('',(0.000000,0.000000,-1.000000));
#3531 = AXIS2_PLACEMENT_3D('',#3500,#3529,#3530);
#3532 = PLANE('',#3531);
#3533 = FACE_SURFACE('',(#3528),#3532,.T.);
#3534 = POLY_LOOP('',(#3499,#3498,#3512,#3511));
#3535 = FACE_OUTER_BOUND('',#3534,.T.);
#3536 = DIRECTION('',(0.000000,1.000000,0.000000));
#3537 = DIRECTION('',(0.000000,0.000000,1.000000));
#3538 = AXIS2_PLACEMENT_3D('',#3499,#3536,#3537);
#3539 = PLANE('',#3538);
#3540 = FACE_SURFACE('',(#3535),#3539,.T.);
#3541 = POLY_LOOP('',(#3498,#3501,#3509,#3512));
#3542 = FACE_OUTER_BOUND('',#3541,.T.);
#3543 = DIRECTION('',(-1.000000,-0.000000,0.000000));
#3544 = DIRECTION('',(0.000000,-0.000000,1.000000));
#3545 = AXIS2_PLACEMENT_3D('',#3498,#3543,#3544);
#3546 = PLANE('',#3545);
#3547 = FACE_SURFACE('',(#3542),#3546,.T.);
#3548 = CLOSED_SHELL('',(#3508,#3519,#3526,#3533,#3540,#3547));
#3549 = FACETED_BREP('carrier_D13',#3548);
#3550 = CARTESIAN_POINT('',(21.280000,62.700000,0.000000));
#3551 = CARTESIAN_POINT('',(24.720000,62.700000,0.000000));
#3552 = CARTESIAN_POINT('',(24.720000,59.100000,0.000000));
#3553 = CARTESIAN_POINT('',(21.280000,59.100000,0.000000));
#3554 = POLY_LOOP('',(#3550,#3551,#3552,#3553));
#3555 = FACE_OUTER_BOUND('',#3554,.T.);
#3556 = DIRECTION('',(0.000000,0.000000,-1.000000));
#3557 = DIRECTION('',(-0.000000,1.000000,0.000000));
#3558 = AXIS2_PLACEMENT_3D('',#3550,#3556,#3557);
#3559 = PLANE('',#3558);
#3560 = FACE_SURFACE('',(#3555),#3559,.T.);
#3561 = CARTESIAN_POINT('',(21.280000,59.100000,1.450000));
#3562 = CARTESIAN_POINT('',(24.720000,59.100000,1.450000));
#3563 = CARTESIAN_POINT('',(24.720000,62.700000,1.450000));
#3564 = CARTESIAN_POINT('',(21.280000,62.700000,1.450000));
#3565 = POLY_LOOP('',(#3561,#3562,#3563,#3564));
#3566 = FACE_OUTER_BOUND('',#3565,.T.);
#3567 = DIRECTION('',(0.000000,0.000000,1.000000));
#3568 = DIRECTION('',(0.000000,-1.000000,0.000000));
#3569 = AXIS2_PLACEMENT_3D('',#3561,#3567,#3568);
#3570 = PLANE('',#3569);
#3571 = FACE_SURFACE('',(#3566),#3570,.T.);
#3572 = POLY_LOOP('',(#3553,#3552,#3562,#3561));
#3573 = FACE_OUTER_BOUND('',#3572,.T.);
#3574 = DIRECTION('',(0.000000,-1.000000,0.000000));
#3575 = DIRECTION('',(0.000000,0.000000,-1.000000));
#3576 = AXIS2_PLACEMENT_3D('',#3553,#3574,#3575);
#3577 = PLANE('',#3576);
#3578 = FACE_SURFACE('',(#3573),#3577,.T.);
#3579 = POLY_LOOP('',(#3552,#3551,#3563,#3562));
#3580 = FACE_OUTER_BOUND('',#3579,.T.);
#3581 = DIRECTION('',(1.000000,-0.000000,0.000000));
#3582 = DIRECTION('',(0.000000,0.000000,-1.000000));
#3583 = AXIS2_PLACEMENT_3D('',#3552,#3581,#3582);
#3584 = PLANE('',#3583);
#3585 = FACE_SURFACE('',(#3580),#3584,.T.);
#3586 = POLY_LOOP('',(#3551,#3550,#3564,#3563));
#3587 = FACE_OUTER_BOUND('',#3586,.T.);
#3588 = DIRECTION('',(0.000000,1.000000,0.000000));
#3589 = DIRECTION('',(0.000000,0.000000,1.000000));
#3590 = AXIS2_PLACEMENT_3D('',#3551,#3588,#3589);
#3591 = PLANE('',#3590);
#3592 = FACE_SURFACE('',(#3587),#3591,.T.);
#3593 = POLY_LOOP('',(#3550,#3553,#3561,#3564));
#3594 = FACE_OUTER_BOUND('',#3593,.T.);
#3595 = DIRECTION('',(-1.000000,-0.000000,0.000000));
#3596 = DIRECTION('',(0.000000,-0.000000,1.000000));
#3597 = AXIS2_PLACEMENT_3D('',#3550,#3595,#3596);
#3598 = PLANE('',#3597);
#3599 = FACE_SURFACE('',(#3594),#3598,.T.);
#3600 = CLOSED_SHELL('',(#3560,#3571,#3578,#3585,#3592,#3599));
#3601 = FACETED_BREP('carrier_D14',#3600);
#3602 = CARTESIAN_POINT('',(21.280000,67.000000,0.000000));
#3603 = CARTESIAN_POINT('',(24.720000,67.000000,0.000000));
#3604 = CARTESIAN_POINT('',(24.720000,63.400000,0.000000));
#3605 = CARTESIAN_POINT('',(21.280000,63.400000,0.000000));
#3606 = POLY_LOOP('',(#3602,#3603,#3604,#3605));
#3607 = FACE_OUTER_BOUND('',#3606,.T.);
#3608 = DIRECTION('',(0.000000,0.000000,-1.000000));
#3609 = DIRECTION('',(-0.000000,1.000000,0.000000));
#3610 = AXIS2_PLACEMENT_3D('',#3602,#3608,#3609);
#3611 = PLANE('',#3610);
#3612 = FACE_SURFACE('',(#3607),#3611,.T.);
#3613 = CARTESIAN_POINT('',(21.280000,63.400000,1.450000));
#3614 = CARTESIAN_POINT('',(24.720000,63.400000,1.450000));
#3615 = CARTESIAN_POINT('',(24.720000,67.000000,1.450000));
#3616 = CARTESIAN_POINT('',(21.280000,67.000000,1.450000));
#3617 = POLY_LOOP('',(#3613,#3614,#3615,#3616));
#3618 = FACE_OUTER_BOUND('',#3617,.T.);
#3619 = DIRECTION('',(0.000000,0.000000,1.000000));
#3620 = DIRECTION('',(0.000000,-1.000000,0.000000));
#3621 = AXIS2_PLACEMENT_3D('',#3613,#3619,#3620);
#3622 = PLANE('',#3621);
#3623 = FACE_SURFACE('',(#3618),#3622,.T.);
#3624 = POLY_LOOP('',(#3605,#3604,#3614,#3613));
#3625 = FACE_OUTER_BOUND('',#3624,.T.);
#3626 = DIRECTION('',(0.000000,-1.000000,0.000000));
#3627 = DIRECTION('',(0.000000,0.000000,-1.000000));
#3628 = AXIS2_PLACEMENT_3D('',#3605,#3626,#3627);
#3629 = PLANE('',#3628);
#3630 = FACE_SURFACE('',(#3625),#3629,.T.);
#3631 = POLY_LOOP('',(#3604,#3603,#3615,#3614));
#3632 = FACE_OUTER_BOUND('',#3631,.T.);
#3633 = DIRECTION('',(1.000000,-0.000000,0.000000));
#3634 = DIRECTION('',(0.000000,0.000000,-1.000000));
#3635 = AXIS2_PLACEMENT_3D('',#3604,#3633,#3634);
#3636 = PLANE('',#3635);
#3637 = FACE_SURFACE('',(#3632),#3636,.T.);
#3638 = POLY_LOOP('',(#3603,#3602,#3616,#3615));
#3639 = FACE_OUTER_BOUND('',#3638,.T.);
#3640 = DIRECTION('',(0.000000,1.000000,0.000000));
#3641 = DIRECTION('',(0.000000,0.000000,1.000000));
#3642 = AXIS2_PLACEMENT_3D('',#3603,#3640,#3641);
#3643 = PLANE('',#3642);
#3644 = FACE_SURFACE('',(#3639),#3643,.T.);
#3645 = POLY_LOOP('',(#3602,#3605,#3613,#3616));
#3646 = FACE_OUTER_BOUND('',#3645,.T.);
#3647 = DIRECTION('',(-1.000000,-0.000000,0.000000));
#3648 = DIRECTION('',(0.000000,-0.000000,1.000000));
#3649 = AXIS2_PLACEMENT_3D('',#3602,#3647,#3648);
#3650 = PLANE('',#3649);
#3651 = FACE_SURFACE('',(#3646),#3650,.T.);
#3652 = CLOSED_SHELL('',(#3612,#3623,#3630,#3637,#3644,#3651));
#3653 = FACETED_BREP('carrier_D15',#3652);
#3654 = CARTESIAN_POINT('',(21.280000,71.300000,0.000000));
#3655 = CARTESIAN_POINT('',(24.720000,71.300000,0.000000));
#3656 = CARTESIAN_POINT('',(24.720000,67.700000,0.000000));
#3657 = CARTESIAN_POINT('',(21.280000,67.700000,0.000000));
#3658 = POLY_LOOP('',(#3654,#3655,#3656,#3657));
#3659 = FACE_OUTER_BOUND('',#3658,.T.);
#3660 = DIRECTION('',(0.000000,0.000000,-1.000000));
#3661 = DIRECTION('',(-0.000000,1.000000,0.000000));
#3662 = AXIS2_PLACEMENT_3D('',#3654,#3660,#3661);
#3663 = PLANE('',#3662);
#3664 = FACE_SURFACE('',(#3659),#3663,.T.);
#3665 = CARTESIAN_POINT('',(21.280000,67.700000,1.450000));
#3666 = CARTESIAN_POINT('',(24.720000,67.700000,1.450000));
#3667 = CARTESIAN_POINT('',(24.720000,71.300000,1.450000));
#3668 = CARTESIAN_POINT('',(21.280000,71.300000,1.450000));
#3669 = POLY_LOOP('',(#3665,#3666,#3667,#3668));
#3670 = FACE_OUTER_BOUND('',#3669,.T.);
#3671 = DIRECTION('',(0.000000,0.000000,1.000000));
#3672 = DIRECTION('',(0.000000,-1.000000,0.000000));
#3673 = AXIS2_PLACEMENT_3D('',#3665,#3671,#3672);
#3674 = PLANE('',#3673);
#3675 = FACE_SURFACE('',(#3670),#3674,.T.);
#3676 = POLY_LOOP('',(#3657,#3656,#3666,#3665));
#3677 = FACE_OUTER_BOUND('',#3676,.T.);
#3678 = DIRECTION('',(0.000000,-1.000000,0.000000));
#3679 = DIRECTION('',(0.000000,0.000000,-1.000000));
#3680 = AXIS2_PLACEMENT_3D('',#3657,#3678,#3679);
#3681 = PLANE('',#3680);
#3682 = FACE_SURFACE('',(#3677),#3681,.T.);
#3683 = POLY_LOOP('',(#3656,#3655,#3667,#3666));
#3684 = FACE_OUTER_BOUND('',#3683,.T.);
#3685 = DIRECTION('',(1.000000,-0.000000,0.000000));
#3686 = DIRECTION('',(0.000000,0.000000,-1.000000));
#3687 = AXIS2_PLACEMENT_3D('',#3656,#3685,#3686);
#3688 = PLANE('',#3687);
#3689 = FACE_SURFACE('',(#3684),#3688,.T.);
#3690 = POLY_LOOP('',(#3655,#3654,#3668,#3667));
#3691 = FACE_OUTER_BOUND('',#3690,.T.);
#3692 = DIRECTION('',(0.000000,1.000000,0.000000));
#3693 = DIRECTION('',(0.000000,0.000000,1.000000));
#3694 = AXIS2_PLACEMENT_3D('',#3655,#3692,#3693);
#3695 = PLANE('',#3694);
#3696 = FACE_SURFACE('',(#3691),#3695,.T.);
#3697 = POLY_LOOP('',(#3654,#3657,#3665,#3668));
#3698 = FACE_OUTER_BOUND('',#3697,.T.);
#3699 = DIRECTION('',(-1.000000,-0.000000,0.000000));
#3700 = DIRECTION('',(0.000000,-0.000000,1.000000));
#3701 = AXIS2_PLACEMENT_3D('',#3654,#3699,#3700);
#3702 = PLANE('',#3701);
#3703 = FACE_SURFACE('',(#3698),#3702,.T.);
#3704 = CLOSED_SHELL('',(#3664,#3675,#3682,#3689,#3696,#3703));
#3705 = FACETED_BREP('carrier_D16',#3704);
#3706 = CARTESIAN_POINT('',(32.280000,78.800000,0.000000));
#3707 = CARTESIAN_POINT('',(35.720000,78.800000,0.000000));
#3708 = CARTESIAN_POINT('',(35.720000,75.200000,0.000000));
#3709 = CARTESIAN_POINT('',(32.280000,75.200000,0.000000));
#3710 = POLY_LOOP('',(#3706,#3707,#3708,#3709));
#3711 = FACE_OUTER_BOUND('',#3710,.T.);
#3712 = DIRECTION('',(0.000000,0.000000,-1.000000));
#3713 = DIRECTION('',(-0.000000,1.000000,0.000000));
#3714 = AXIS2_PLACEMENT_3D('',#3706,#3712,#3713);
#3715 = PLANE('',#3714);
#3716 = FACE_SURFACE('',(#3711),#3715,.T.);
#3717 = CARTESIAN_POINT('',(32.280000,75.200000,1.450000));
#3718 = CARTESIAN_POINT('',(35.720000,75.200000,1.450000));
#3719 = CARTESIAN_POINT('',(35.720000,78.800000,1.450000));
#3720 = CARTESIAN_POINT('',(32.280000,78.800000,1.450000));
#3721 = POLY_LOOP('',(#3717,#3718,#3719,#3720));
#3722 = FACE_OUTER_BOUND('',#3721,.T.);
#3723 = DIRECTION('',(0.000000,0.000000,1.000000));
#3724 = DIRECTION('',(0.000000,-1.000000,0.000000));
#3725 = AXIS2_PLACEMENT_3D('',#3717,#3723,#3724);
#3726 = PLANE('',#3725);
#3727 = FACE_SURFACE('',(#3722),#3726,.T.);
#3728 = POLY_LOOP('',(#3709,#3708,#3718,#3717));
#3729 = FACE_OUTER_BOUND('',#3728,.T.);
#3730 = DIRECTION('',(0.000000,-1.000000,0.000000));
#3731 = DIRECTION('',(0.000000,0.000000,-1.000000));
#3732 = AXIS2_PLACEMENT_3D('',#3709,#3730,#3731);
#3733 = PLANE('',#3732);
#3734 = FACE_SURFACE('',(#3729),#3733,.T.);
#3735 = POLY_LOOP('',(#3708,#3707,#3719,#3718));
#3736 = FACE_OUTER_BOUND('',#3735,.T.);
#3737 = DIRECTION('',(1.000000,-0.000000,0.000000));
#3738 = DIRECTION('',(0.000000,0.000000,-1.000000));
#3739 = AXIS2_PLACEMENT_3D('',#3708,#3737,#3738);
#3740 = PLANE('',#3739);
#3741 = FACE_SURFACE('',(#3736),#3740,.T.);
#3742 = POLY_LOOP('',(#3707,#3706,#3720,#3719));
#3743 = FACE_OUTER_BOUND('',#3742,.T.);
#3744 = DIRECTION('',(0.000000,1.000000,0.000000));
#3745 = DIRECTION('',(0.000000,0.000000,1.000000));
#3746 = AXIS2_PLACEMENT_3D('',#3707,#3744,#3745);
#3747 = PLANE('',#3746);
#3748 = FACE_SURFACE('',(#3743),#3747,.T.);
#3749 = POLY_LOOP('',(#3706,#3709,#3717,#3720));
#3750 = FACE_OUTER_BOUND('',#3749,.T.);
#3751 = DIRECTION('',(-1.000000,-0.000000,0.000000));
#3752 = DIRECTION('',(0.000000,-0.000000,1.000000));
#3753 = AXIS2_PLACEMENT_3D('',#3706,#3751,#3752);
#3754 = PLANE('',#3753);
#3755 = FACE_SURFACE('',(#3750),#3754,.T.);
#3756 = CLOSED_SHELL('',(#3716,#3727,#3734,#3741,#3748,#3755));
#3757 = FACETED_BREP('carrier_D20',#3756);
#3758 = CARTESIAN_POINT('',(105.280000,119.800000,0.000000));
#3759 = CARTESIAN_POINT('',(108.720000,119.800000,0.000000));
#3760 = CARTESIAN_POINT('',(108.720000,116.200000,0.000000));
#3761 = CARTESIAN_POINT('',(105.280000,116.200000,0.000000));
#3762 = POLY_LOOP('',(#3758,#3759,#3760,#3761));
#3763 = FACE_OUTER_BOUND('',#3762,.T.);
#3764 = DIRECTION('',(0.000000,0.000000,-1.000000));
#3765 = DIRECTION('',(-0.000000,1.000000,0.000000));
#3766 = AXIS2_PLACEMENT_3D('',#3758,#3764,#3765);
#3767 = PLANE('',#3766);
#3768 = FACE_SURFACE('',(#3763),#3767,.T.);
#3769 = CARTESIAN_POINT('',(105.280000,116.200000,1.450000));
#3770 = CARTESIAN_POINT('',(108.720000,116.200000,1.450000));
#3771 = CARTESIAN_POINT('',(108.720000,119.800000,1.450000));
#3772 = CARTESIAN_POINT('',(105.280000,119.800000,1.450000));
#3773 = POLY_LOOP('',(#3769,#3770,#3771,#3772));
#3774 = FACE_OUTER_BOUND('',#3773,.T.);
#3775 = DIRECTION('',(0.000000,0.000000,1.000000));
#3776 = DIRECTION('',(0.000000,-1.000000,0.000000));
#3777 = AXIS2_PLACEMENT_3D('',#3769,#3775,#3776);
#3778 = PLANE('',#3777);
#3779 = FACE_SURFACE('',(#3774),#3778,.T.);
#3780 = POLY_LOOP('',(#3761,#3760,#3770,#3769));
#3781 = FACE_OUTER_BOUND('',#3780,.T.);
#3782 = DIRECTION('',(0.000000,-1.000000,0.000000));
#3783 = DIRECTION('',(0.000000,0.000000,-1.000000));
#3784 = AXIS2_PLACEMENT_3D('',#3761,#3782,#3783);
#3785 = PLANE('',#3784);
#3786 = FACE_SURFACE('',(#3781),#3785,.T.);
#3787 = POLY_LOOP('',(#3760,#3759,#3771,#3770));
#3788 = FACE_OUTER_BOUND('',#3787,.T.);
#3789 = DIRECTION('',(1.000000,-0.000000,0.000000));
#3790 = DIRECTION('',(0.000000,0.000000,-1.000000));
#3791 = AXIS2_PLACEMENT_3D('',#3760,#3789,#3790);
#3792 = PLANE('',#3791);
#3793 = FACE_SURFACE('',(#3788),#3792,.T.);
#3794 = POLY_LOOP('',(#3759,#3758,#3772,#3771));
#3795 = FACE_OUTER_BOUND('',#3794,.T.);
#3796 = DIRECTION('',(0.000000,1.000000,0.000000));
#3797 = DIRECTION('',(0.000000,0.000000,1.000000));
#3798 = AXIS2_PLACEMENT_3D('',#3759,#3796,#3797);
#3799 = PLANE('',#3798);
#3800 = FACE_SURFACE('',(#3795),#3799,.T.);
#3801 = POLY_LOOP('',(#3758,#3761,#3769,#3772));
#3802 = FACE_OUTER_BOUND('',#3801,.T.);
#3803 = DIRECTION('',(-1.000000,-0.000000,0.000000));
#3804 = DIRECTION('',(0.000000,-0.000000,1.000000));
#3805 = AXIS2_PLACEMENT_3D('',#3758,#3803,#3804);
#3806 = PLANE('',#3805);
#3807 = FACE_SURFACE('',(#3802),#3806,.T.);
#3808 = CLOSED_SHELL('',(#3768,#3779,#3786,#3793,#3800,#3807));
#3809 = FACETED_BREP('carrier_D23',#3808);
#3810 = CARTESIAN_POINT('',(143.280000,42.800000,0.000000));
#3811 = CARTESIAN_POINT('',(146.720000,42.800000,0.000000));
#3812 = CARTESIAN_POINT('',(146.720000,39.200000,0.000000));
#3813 = CARTESIAN_POINT('',(143.280000,39.200000,0.000000));
#3814 = POLY_LOOP('',(#3810,#3811,#3812,#3813));
#3815 = FACE_OUTER_BOUND('',#3814,.T.);
#3816 = DIRECTION('',(0.000000,0.000000,-1.000000));
#3817 = DIRECTION('',(-0.000000,1.000000,0.000000));
#3818 = AXIS2_PLACEMENT_3D('',#3810,#3816,#3817);
#3819 = PLANE('',#3818);
#3820 = FACE_SURFACE('',(#3815),#3819,.T.);
#3821 = CARTESIAN_POINT('',(143.280000,39.200000,1.450000));
#3822 = CARTESIAN_POINT('',(146.720000,39.200000,1.450000));
#3823 = CARTESIAN_POINT('',(146.720000,42.800000,1.450000));
#3824 = CARTESIAN_POINT('',(143.280000,42.800000,1.450000));
#3825 = POLY_LOOP('',(#3821,#3822,#3823,#3824));
#3826 = FACE_OUTER_BOUND('',#3825,.T.);
#3827 = DIRECTION('',(0.000000,0.000000,1.000000));
#3828 = DIRECTION('',(0.000000,-1.000000,0.000000));
#3829 = AXIS2_PLACEMENT_3D('',#3821,#3827,#3828);
#3830 = PLANE('',#3829);
#3831 = FACE_SURFACE('',(#3826),#3830,.T.);
#3832 = POLY_LOOP('',(#3813,#3812,#3822,#3821));
#3833 = FACE_OUTER_BOUND('',#3832,.T.);
#3834 = DIRECTION('',(0.000000,-1.000000,0.000000));
#3835 = DIRECTION('',(0.000000,0.000000,-1.000000));
#3836 = AXIS2_PLACEMENT_3D('',#3813,#3834,#3835);
#3837 = PLANE('',#3836);
#3838 = FACE_SURFACE('',(#3833),#3837,.T.);
#3839 = POLY_LOOP('',(#3812,#3811,#3823,#3822));
#3840 = FACE_OUTER_BOUND('',#3839,.T.);
#3841 = DIRECTION('',(1.000000,-0.000000,0.000000));
#3842 = DIRECTION('',(0.000000,0.000000,-1.000000));
#3843 = AXIS2_PLACEMENT_3D('',#3812,#3841,#3842);
#3844 = PLANE('',#3843);
#3845 = FACE_SURFACE('',(#3840),#3844,.T.);
#3846 = POLY_LOOP('',(#3811,#3810,#3824,#3823));
#3847 = FACE_OUTER_BOUND('',#3846,.T.);
#3848 = DIRECTION('',(0.000000,1.000000,0.000000));
#3849 = DIRECTION('',(0.000000,0.000000,1.000000));
#3850 = AXIS2_PLACEMENT_3D('',#3811,#3848,#3849);
#3851 = PLANE('',#3850);
#3852 = FACE_SURFACE('',(#3847),#3851,.T.);
#3853 = POLY_LOOP('',(#3810,#3813,#3821,#3824));
#3854 = FACE_OUTER_BOUND('',#3853,.T.);
#3855 = DIRECTION('',(-1.000000,-0.000000,0.000000));
#3856 = DIRECTION('',(0.000000,-0.000000,1.000000));
#3857 = AXIS2_PLACEMENT_3D('',#3810,#3855,#3856);
#3858 = PLANE('',#3857);
#3859 = FACE_SURFACE('',(#3854),#3858,.T.);
#3860 = CLOSED_SHELL('',(#3820,#3831,#3838,#3845,#3852,#3859));
#3861 = FACETED_BREP('carrier_D24',#3860);
#3862 = CARTESIAN_POINT('',(32.280000,90.800000,0.000000));
#3863 = CARTESIAN_POINT('',(35.720000,90.800000,0.000000));
#3864 = CARTESIAN_POINT('',(35.720000,87.200000,0.000000));
#3865 = CARTESIAN_POINT('',(32.280000,87.200000,0.000000));
#3866 = POLY_LOOP('',(#3862,#3863,#3864,#3865));
#3867 = FACE_OUTER_BOUND('',#3866,.T.);
#3868 = DIRECTION('',(0.000000,0.000000,-1.000000));
#3869 = DIRECTION('',(-0.000000,1.000000,0.000000));
#3870 = AXIS2_PLACEMENT_3D('',#3862,#3868,#3869);
#3871 = PLANE('',#3870);
#3872 = FACE_SURFACE('',(#3867),#3871,.T.);
#3873 = CARTESIAN_POINT('',(32.280000,87.200000,1.450000));
#3874 = CARTESIAN_POINT('',(35.720000,87.200000,1.450000));
#3875 = CARTESIAN_POINT('',(35.720000,90.800000,1.450000));
#3876 = CARTESIAN_POINT('',(32.280000,90.800000,1.450000));
#3877 = POLY_LOOP('',(#3873,#3874,#3875,#3876));
#3878 = FACE_OUTER_BOUND('',#3877,.T.);
#3879 = DIRECTION('',(0.000000,0.000000,1.000000));
#3880 = DIRECTION('',(0.000000,-1.000000,0.000000));
#3881 = AXIS2_PLACEMENT_3D('',#3873,#3879,#3880);
#3882 = PLANE('',#3881);
#3883 = FACE_SURFACE('',(#3878),#3882,.T.);
#3884 = POLY_LOOP('',(#3865,#3864,#3874,#3873));
#3885 = FACE_OUTER_BOUND('',#3884,.T.);
#3886 = DIRECTION('',(0.000000,-1.000000,0.000000));
#3887 = DIRECTION('',(0.000000,0.000000,-1.000000));
#3888 = AXIS2_PLACEMENT_3D('',#3865,#3886,#3887);
#3889 = PLANE('',#3888);
#3890 = FACE_SURFACE('',(#3885),#3889,.T.);
#3891 = POLY_LOOP('',(#3864,#3863,#3875,#3874));
#3892 = FACE_OUTER_BOUND('',#3891,.T.);
#3893 = DIRECTION('',(1.000000,-0.000000,0.000000));
#3894 = DIRECTION('',(0.000000,0.000000,-1.000000));
#3895 = AXIS2_PLACEMENT_3D('',#3864,#3893,#3894);
#3896 = PLANE('',#3895);
#3897 = FACE_SURFACE('',(#3892),#3896,.T.);
#3898 = POLY_LOOP('',(#3863,#3862,#3876,#3875));
#3899 = FACE_OUTER_BOUND('',#3898,.T.);
#3900 = DIRECTION('',(0.000000,1.000000,0.000000));
#3901 = DIRECTION('',(0.000000,0.000000,1.000000));
#3902 = AXIS2_PLACEMENT_3D('',#3863,#3900,#3901);
#3903 = PLANE('',#3902);
#3904 = FACE_SURFACE('',(#3899),#3903,.T.);
#3905 = POLY_LOOP('',(#3862,#3865,#3873,#3876));
#3906 = FACE_OUTER_BOUND('',#3905,.T.);
#3907 = DIRECTION('',(-1.000000,-0.000000,0.000000));
#3908 = DIRECTION('',(0.000000,-0.000000,1.000000));
#3909 = AXIS2_PLACEMENT_3D('',#3862,#3907,#3908);
#3910 = PLANE('',#3909);
#3911 = FACE_SURFACE('',(#3906),#3910,.T.);
#3912 = CLOSED_SHELL('',(#3872,#3883,#3890,#3897,#3904,#3911));
#3913 = FACETED_BREP('carrier_D40',#3912);
#3914 = CARTESIAN_POINT('',(32.280000,102.800000,0.000000));
#3915 = CARTESIAN_POINT('',(35.720000,102.800000,0.000000));
#3916 = CARTESIAN_POINT('',(35.720000,99.200000,0.000000));
#3917 = CARTESIAN_POINT('',(32.280000,99.200000,0.000000));
#3918 = POLY_LOOP('',(#3914,#3915,#3916,#3917));
#3919 = FACE_OUTER_BOUND('',#3918,.T.);
#3920 = DIRECTION('',(0.000000,0.000000,-1.000000));
#3921 = DIRECTION('',(-0.000000,1.000000,0.000000));
#3922 = AXIS2_PLACEMENT_3D('',#3914,#3920,#3921);
#3923 = PLANE('',#3922);
#3924 = FACE_SURFACE('',(#3919),#3923,.T.);
#3925 = CARTESIAN_POINT('',(32.280000,99.200000,1.450000));
#3926 = CARTESIAN_POINT('',(35.720000,99.200000,1.450000));
#3927 = CARTESIAN_POINT('',(35.720000,102.800000,1.450000));
#3928 = CARTESIAN_POINT('',(32.280000,102.800000,1.450000));
#3929 = POLY_LOOP('',(#3925,#3926,#3927,#3928));
#3930 = FACE_OUTER_BOUND('',#3929,.T.);
#3931 = DIRECTION('',(0.000000,0.000000,1.000000));
#3932 = DIRECTION('',(0.000000,-1.000000,0.000000));
#3933 = AXIS2_PLACEMENT_3D('',#3925,#3931,#3932);
#3934 = PLANE('',#3933);
#3935 = FACE_SURFACE('',(#3930),#3934,.T.);
#3936 = POLY_LOOP('',(#3917,#3916,#3926,#3925));
#3937 = FACE_OUTER_BOUND('',#3936,.T.);
#3938 = DIRECTION('',(0.000000,-1.000000,0.000000));
#3939 = DIRECTION('',(0.000000,0.000000,-1.000000));
#3940 = AXIS2_PLACEMENT_3D('',#3917,#3938,#3939);
#3941 = PLANE('',#3940);
#3942 = FACE_SURFACE('',(#3937),#3941,.T.);
#3943 = POLY_LOOP('',(#3916,#3915,#3927,#3926));
#3944 = FACE_OUTER_BOUND('',#3943,.T.);
#3945 = DIRECTION('',(1.000000,-0.000000,0.000000));
#3946 = DIRECTION('',(0.000000,0.000000,-1.000000));
#3947 = AXIS2_PLACEMENT_3D('',#3916,#3945,#3946);
#3948 = PLANE('',#3947);
#3949 = FACE_SURFACE('',(#3944),#3948,.T.);
#3950 = POLY_LOOP('',(#3915,#3914,#3928,#3927));
#3951 = FACE_OUTER_BOUND('',#3950,.T.);
#3952 = DIRECTION('',(0.000000,1.000000,0.000000));
#3953 = DIRECTION('',(0.000000,0.000000,1.000000));
#3954 = AXIS2_PLACEMENT_3D('',#3915,#3952,#3953);
#3955 = PLANE('',#3954);
#3956 = FACE_SURFACE('',(#3951),#3955,.T.);
#3957 = POLY_LOOP('',(#3914,#3917,#3925,#3928));
#3958 = FACE_OUTER_BOUND('',#3957,.T.);
#3959 = DIRECTION('',(-1.000000,-0.000000,0.000000));
#3960 = DIRECTION('',(0.000000,-0.000000,1.000000));
#3961 = AXIS2_PLACEMENT_3D('',#3914,#3959,#3960);
#3962 = PLANE('',#3961);
#3963 = FACE_SURFACE('',(#3958),#3962,.T.);
#3964 = CLOSED_SHELL('',(#3924,#3935,#3942,#3949,#3956,#3963));
#3965 = FACETED_BREP('carrier_D60',#3964);
#3966 = CARTESIAN_POINT('',(143.875000,48.275000,0.000000));
#3967 = CARTESIAN_POINT('',(146.125000,48.275000,0.000000));
#3968 = CARTESIAN_POINT('',(146.125000,43.725000,0.000000));
#3969 = CARTESIAN_POINT('',(143.875000,43.725000,0.000000));
#3970 = POLY_LOOP('',(#3966,#3967,#3968,#3969));
#3971 = FACE_OUTER_BOUND('',#3970,.T.);
#3972 = DIRECTION('',(0.000000,0.000000,-1.000000));
#3973 = DIRECTION('',(-0.000000,1.000000,0.000000));
#3974 = AXIS2_PLACEMENT_3D('',#3966,#3972,#3973);
#3975 = PLANE('',#3974);
#3976 = FACE_SURFACE('',(#3971),#3975,.T.);
#3977 = CARTESIAN_POINT('',(143.875000,43.725000,1.200000));
#3978 = CARTESIAN_POINT('',(146.125000,43.725000,1.200000));
#3979 = CARTESIAN_POINT('',(146.125000,48.275000,1.200000));
#3980 = CARTESIAN_POINT('',(143.875000,48.275000,1.200000));
#3981 = POLY_LOOP('',(#3977,#3978,#3979,#3980));
#3982 = FACE_OUTER_BOUND('',#3981,.T.);
#3983 = DIRECTION('',(0.000000,0.000000,1.000000));
#3984 = DIRECTION('',(0.000000,-1.000000,0.000000));
#3985 = AXIS2_PLACEMENT_3D('',#3977,#3983,#3984);
#3986 = PLANE('',#3985);
#3987 = FACE_SURFACE('',(#3982),#3986,.T.);
#3988 = POLY_LOOP('',(#3969,#3968,#3978,#3977));
#3989 = FACE_OUTER_BOUND('',#3988,.T.);
#3990 = DIRECTION('',(0.000000,-1.000000,0.000000));
#3991 = DIRECTION('',(0.000000,0.000000,-1.000000));
#3992 = AXIS2_PLACEMENT_3D('',#3969,#3990,#3991);
#3993 = PLANE('',#3992);
#3994 = FACE_SURFACE('',(#3989),#3993,.T.);
#3995 = POLY_LOOP('',(#3968,#3967,#3979,#3978));
#3996 = FACE_OUTER_BOUND('',#3995,.T.);
#3997 = DIRECTION('',(1.000000,-0.000000,0.000000));
#3998 = DIRECTION('',(0.000000,0.000000,-1.000000));
#3999 = AXIS2_PLACEMENT_3D('',#3968,#3997,#3998);
#4000 = PLANE('',#3999);
#4001 = FACE_SURFACE('',(#3996),#4000,.T.);
#4002 = POLY_LOOP('',(#3967,#3966,#3980,#3979));
#4003 = FACE_OUTER_BOUND('',#4002,.T.);
#4004 = DIRECTION('',(0.000000,1.000000,0.000000));
#4005 = DIRECTION('',(0.000000,0.000000,1.000000));
#4006 = AXIS2_PLACEMENT_3D('',#3967,#4004,#4005);
#4007 = PLANE('',#4006);
#4008 = FACE_SURFACE('',(#4003),#4007,.T.);
#4009 = POLY_LOOP('',(#3966,#3969,#3977,#3980));
#4010 = FACE_OUTER_BOUND('',#4009,.T.);
#4011 = DIRECTION('',(-1.000000,-0.000000,0.000000));
#4012 = DIRECTION('',(0.000000,-0.000000,1.000000));
#4013 = AXIS2_PLACEMENT_3D('',#3966,#4011,#4012);
#4014 = PLANE('',#4013);
#4015 = FACE_SURFACE('',(#4010),#4014,.T.);
#4016 = CLOSED_SHELL('',(#3976,#3987,#3994,#4001,#4008,#4015));
#4017 = FACETED_BREP('carrier_F1',#4016);
#4018 = CARTESIAN_POINT('',(64.200000,35.670000,0.000000));
#4019 = CARTESIAN_POINT('',(67.800000,35.670000,0.000000));
#4020 = CARTESIAN_POINT('',(67.800000,4.270000,0.000000));
#4021 = CARTESIAN_POINT('',(64.200000,4.270000,0.000000));
#4022 = POLY_LOOP('',(#4018,#4019,#4020,#4021));
#4023 = FACE_OUTER_BOUND('',#4022,.T.);
#4024 = DIRECTION('',(0.000000,0.000000,-1.000000));
#4025 = DIRECTION('',(-0.000000,1.000000,0.000000));
#4026 = AXIS2_PLACEMENT_3D('',#4018,#4024,#4025);
#4027 = PLANE('',#4026);
#4028 = FACE_SURFACE('',(#4023),#4027,.T.);
#4029 = CARTESIAN_POINT('',(64.200000,4.270000,8.500000));
#4030 = CARTESIAN_POINT('',(67.800000,4.270000,8.500000));
#4031 = CARTESIAN_POINT('',(67.800000,35.670000,8.500000));
#4032 = CARTESIAN_POINT('',(64.200000,35.670000,8.500000));
#4033 = POLY_LOOP('',(#4029,#4030,#4031,#4032));
#4034 = FACE_OUTER_BOUND('',#4033,.T.);
#4035 = DIRECTION('',(0.000000,0.000000,1.000000));
#4036 = DIRECTION('',(0.000000,-1.000000,0.000000));
#4037 = AXIS2_PLACEMENT_3D('',#4029,#4035,#4036);
#4038 = PLANE('',#4037);
#4039 = FACE_SURFACE('',(#4034),#4038,.T.);
#4040 = POLY_LOOP('',(#4021,#4020,#4030,#4029));
#4041 = FACE_OUTER_BOUND('',#4040,.T.);
#4042 = DIRECTION('',(0.000000,-1.000000,0.000000));
#4043 = DIRECTION('',(0.000000,0.000000,-1.000000));
#4044 = AXIS2_PLACEMENT_3D('',#4021,#4042,#4043);
#4045 = PLANE('',#4044);
#4046 = FACE_SURFACE('',(#4041),#4045,.T.);
#4047 = POLY_LOOP('',(#4020,#4019,#4031,#4030));
#4048 = FACE_OUTER_BOUND('',#4047,.T.);
#4049 = DIRECTION('',(1.000000,-0.000000,0.000000));
#4050 = DIRECTION('',(0.000000,0.000000,-1.000000));
#4051 = AXIS2_PLACEMENT_3D('',#4020,#4049,#4050);
#4052 = PLANE('',#4051);
#4053 = FACE_SURFACE('',(#4048),#4052,.T.);
#4054 = POLY_LOOP('',(#4019,#4018,#4032,#4031));
#4055 = FACE_OUTER_BOUND('',#4054,.T.);
#4056 = DIRECTION('',(0.000000,1.000000,0.000000));
#4057 = DIRECTION('',(0.000000,0.000000,1.000000));
#4058 = AXIS2_PLACEMENT_3D('',#4019,#4056,#4057);
#4059 = PLANE('',#4058);
#4060 = FACE_SURFACE('',(#4055),#4059,.T.);
#4061 = POLY_LOOP('',(#4018,#4021,#4029,#4032));
#4062 = FACE_OUTER_BOUND('',#4061,.T.);
#4063 = DIRECTION('',(-1.000000,-0.000000,0.000000));
#4064 = DIRECTION('',(0.000000,-0.000000,1.000000));
#4065 = AXIS2_PLACEMENT_3D('',#4018,#4063,#4064);
#4066 = PLANE('',#4065);
#4067 = FACE_SURFACE('',(#4062),#4066,.T.);
#4068 = CLOSED_SHELL('',(#4028,#4039,#4046,#4053,#4060,#4067));
#4069 = FACETED_BREP('carrier_J1',#4068);
#4070 = CARTESIAN_POINT('',(39.200000,29.590000,0.000000));
#4071 = CARTESIAN_POINT('',(42.800000,29.590000,0.000000));
#4072 = CARTESIAN_POINT('',(42.800000,3.270000,0.000000));
#4073 = CARTESIAN_POINT('',(39.200000,3.270000,0.000000));
#4074 = POLY_LOOP('',(#4070,#4071,#4072,#4073));
#4075 = FACE_OUTER_BOUND('',#4074,.T.);
#4076 = DIRECTION('',(0.000000,0.000000,-1.000000));
#4077 = DIRECTION('',(-0.000000,1.000000,0.000000));
#4078 = AXIS2_PLACEMENT_3D('',#4070,#4076,#4077);
#4079 = PLANE('',#4078);
#4080 = FACE_SURFACE('',(#4075),#4079,.T.);
#4081 = CARTESIAN_POINT('',(39.200000,3.270000,8.500000));
#4082 = CARTESIAN_POINT('',(42.800000,3.270000,8.500000));
#4083 = CARTESIAN_POINT('',(42.800000,29.590000,8.500000));
#4084 = CARTESIAN_POINT('',(39.200000,29.590000,8.500000));
#4085 = POLY_LOOP('',(#4081,#4082,#4083,#4084));
#4086 = FACE_OUTER_BOUND('',#4085,.T.);
#4087 = DIRECTION('',(0.000000,0.000000,1.000000));
#4088 = DIRECTION('',(0.000000,-1.000000,0.000000));
#4089 = AXIS2_PLACEMENT_3D('',#4081,#4087,#4088);
#4090 = PLANE('',#4089);
#4091 = FACE_SURFACE('',(#4086),#4090,.T.);
#4092 = POLY_LOOP('',(#4073,#4072,#4082,#4081));
#4093 = FACE_OUTER_BOUND('',#4092,.T.);
#4094 = DIRECTION('',(0.000000,-1.000000,0.000000));
#4095 = DIRECTION('',(0.000000,0.000000,-1.000000));
#4096 = AXIS2_PLACEMENT_3D('',#4073,#4094,#4095);
#4097 = PLANE('',#4096);
#4098 = FACE_SURFACE('',(#4093),#4097,.T.);
#4099 = POLY_LOOP('',(#4072,#4071,#4083,#4082));
#4100 = FACE_OUTER_BOUND('',#4099,.T.);
#4101 = DIRECTION('',(1.000000,-0.000000,0.000000));
#4102 = DIRECTION('',(0.000000,0.000000,-1.000000));
#4103 = AXIS2_PLACEMENT_3D('',#4072,#4101,#4102);
#4104 = PLANE('',#4103);
#4105 = FACE_SURFACE('',(#4100),#4104,.T.);
#4106 = POLY_LOOP('',(#4071,#4070,#4084,#4083));
#4107 = FACE_OUTER_BOUND('',#4106,.T.);
#4108 = DIRECTION('',(0.000000,1.000000,0.000000));
#4109 = DIRECTION('',(0.000000,0.000000,1.000000));
#4110 = AXIS2_PLACEMENT_3D('',#4071,#4108,#4109);
#4111 = PLANE('',#4110);
#4112 = FACE_SURFACE('',(#4107),#4111,.T.);
#4113 = POLY_LOOP('',(#4070,#4073,#4081,#4084));
#4114 = FACE_OUTER_BOUND('',#4113,.T.);
#4115 = DIRECTION('',(-1.000000,-0.000000,0.000000));
#4116 = DIRECTION('',(0.000000,-0.000000,1.000000));
#4117 = AXIS2_PLACEMENT_3D('',#4070,#4115,#4116);
#4118 = PLANE('',#4117);
#4119 = FACE_SURFACE('',(#4114),#4118,.T.);
#4120 = CLOSED_SHELL('',(#4080,#4091,#4098,#4105,#4112,#4119));
#4121 = FACETED_BREP('carrier_J2',#4120);
#4122 = CARTESIAN_POINT('',(64.200000,71.670000,0.000000));
#4123 = CARTESIAN_POINT('',(67.800000,71.670000,0.000000));
#4124 = CARTESIAN_POINT('',(67.800000,40.270000,0.000000));
#4125 = CARTESIAN_POINT('',(64.200000,40.270000,0.000000));
#4126 = POLY_LOOP('',(#4122,#4123,#4124,#4125));
#4127 = FACE_OUTER_BOUND('',#4126,.T.);
#4128 = DIRECTION('',(0.000000,0.000000,-1.000000));
#4129 = DIRECTION('',(-0.000000,1.000000,0.000000));
#4130 = AXIS2_PLACEMENT_3D('',#4122,#4128,#4129);
#4131 = PLANE('',#4130);
#4132 = FACE_SURFACE('',(#4127),#4131,.T.);
#4133 = CARTESIAN_POINT('',(64.200000,40.270000,8.500000));
#4134 = CARTESIAN_POINT('',(67.800000,40.270000,8.500000));
#4135 = CARTESIAN_POINT('',(67.800000,71.670000,8.500000));
#4136 = CARTESIAN_POINT('',(64.200000,71.670000,8.500000));
#4137 = POLY_LOOP('',(#4133,#4134,#4135,#4136));
#4138 = FACE_OUTER_BOUND('',#4137,.T.);
#4139 = DIRECTION('',(0.000000,0.000000,1.000000));
#4140 = DIRECTION('',(0.000000,-1.000000,0.000000));
#4141 = AXIS2_PLACEMENT_3D('',#4133,#4139,#4140);
#4142 = PLANE('',#4141);
#4143 = FACE_SURFACE('',(#4138),#4142,.T.);
#4144 = POLY_LOOP('',(#4125,#4124,#4134,#4133));
#4145 = FACE_OUTER_BOUND('',#4144,.T.);
#4146 = DIRECTION('',(0.000000,-1.000000,0.000000));
#4147 = DIRECTION('',(0.000000,0.000000,-1.000000));
#4148 = AXIS2_PLACEMENT_3D('',#4125,#4146,#4147);
#4149 = PLANE('',#4148);
#4150 = FACE_SURFACE('',(#4145),#4149,.T.);
#4151 = POLY_LOOP('',(#4124,#4123,#4135,#4134));
#4152 = FACE_OUTER_BOUND('',#4151,.T.);
#4153 = DIRECTION('',(1.000000,-0.000000,0.000000));
#4154 = DIRECTION('',(0.000000,0.000000,-1.000000));
#4155 = AXIS2_PLACEMENT_3D('',#4124,#4153,#4154);
#4156 = PLANE('',#4155);
#4157 = FACE_SURFACE('',(#4152),#4156,.T.);
#4158 = POLY_LOOP('',(#4123,#4122,#4136,#4135));
#4159 = FACE_OUTER_BOUND('',#4158,.T.);
#4160 = DIRECTION('',(0.000000,1.000000,0.000000));
#4161 = DIRECTION('',(0.000000,0.000000,1.000000));
#4162 = AXIS2_PLACEMENT_3D('',#4123,#4160,#4161);
#4163 = PLANE('',#4162);
#4164 = FACE_SURFACE('',(#4159),#4163,.T.);
#4165 = POLY_LOOP('',(#4122,#4125,#4133,#4136));
#4166 = FACE_OUTER_BOUND('',#4165,.T.);
#4167 = DIRECTION('',(-1.000000,-0.000000,0.000000));
#4168 = DIRECTION('',(0.000000,-0.000000,1.000000));
#4169 = AXIS2_PLACEMENT_3D('',#4122,#4167,#4168);
#4170 = PLANE('',#4169);
#4171 = FACE_SURFACE('',(#4166),#4170,.T.);
#4172 = CLOSED_SHELL('',(#4132,#4143,#4150,#4157,#4164,#4171));
#4173 = FACETED_BREP('carrier_J3',#4172);
#4174 = CARTESIAN_POINT('',(39.200000,74.590000,0.000000));
#4175 = CARTESIAN_POINT('',(42.800000,74.590000,0.000000));
#4176 = CARTESIAN_POINT('',(42.800000,48.270000,0.000000));
#4177 = CARTESIAN_POINT('',(39.200000,48.270000,0.000000));
#4178 = POLY_LOOP('',(#4174,#4175,#4176,#4177));
#4179 = FACE_OUTER_BOUND('',#4178,.T.);
#4180 = DIRECTION('',(0.000000,0.000000,-1.000000));
#4181 = DIRECTION('',(-0.000000,1.000000,0.000000));
#4182 = AXIS2_PLACEMENT_3D('',#4174,#4180,#4181);
#4183 = PLANE('',#4182);
#4184 = FACE_SURFACE('',(#4179),#4183,.T.);
#4185 = CARTESIAN_POINT('',(39.200000,48.270000,8.500000));
#4186 = CARTESIAN_POINT('',(42.800000,48.270000,8.500000));
#4187 = CARTESIAN_POINT('',(42.800000,74.590000,8.500000));
#4188 = CARTESIAN_POINT('',(39.200000,74.590000,8.500000));
#4189 = POLY_LOOP('',(#4185,#4186,#4187,#4188));
#4190 = FACE_OUTER_BOUND('',#4189,.T.);
#4191 = DIRECTION('',(0.000000,0.000000,1.000000));
#4192 = DIRECTION('',(0.000000,-1.000000,0.000000));
#4193 = AXIS2_PLACEMENT_3D('',#4185,#4191,#4192);
#4194 = PLANE('',#4193);
#4195 = FACE_SURFACE('',(#4190),#4194,.T.);
#4196 = POLY_LOOP('',(#4177,#4176,#4186,#4185));
#4197 = FACE_OUTER_BOUND('',#4196,.T.);
#4198 = DIRECTION('',(0.000000,-1.000000,0.000000));
#4199 = DIRECTION('',(0.000000,0.000000,-1.000000));
#4200 = AXIS2_PLACEMENT_3D('',#4177,#4198,#4199);
#4201 = PLANE('',#4200);
#4202 = FACE_SURFACE('',(#4197),#4201,.T.);
#4203 = POLY_LOOP('',(#4176,#4175,#4187,#4186));
#4204 = FACE_OUTER_BOUND('',#4203,.T.);
#4205 = DIRECTION('',(1.000000,-0.000000,0.000000));
#4206 = DIRECTION('',(0.000000,0.000000,-1.000000));
#4207 = AXIS2_PLACEMENT_3D('',#4176,#4205,#4206);
#4208 = PLANE('',#4207);
#4209 = FACE_SURFACE('',(#4204),#4208,.T.);
#4210 = POLY_LOOP('',(#4175,#4174,#4188,#4187));
#4211 = FACE_OUTER_BOUND('',#4210,.T.);
#4212 = DIRECTION('',(0.000000,1.000000,0.000000));
#4213 = DIRECTION('',(0.000000,0.000000,1.000000));
#4214 = AXIS2_PLACEMENT_3D('',#4175,#4212,#4213);
#4215 = PLANE('',#4214);
#4216 = FACE_SURFACE('',(#4211),#4215,.T.);
#4217 = POLY_LOOP('',(#4174,#4177,#4185,#4188));
#4218 = FACE_OUTER_BOUND('',#4217,.T.);
#4219 = DIRECTION('',(-1.000000,-0.000000,0.000000));
#4220 = DIRECTION('',(0.000000,-0.000000,1.000000));
#4221 = AXIS2_PLACEMENT_3D('',#4174,#4219,#4220);
#4222 = PLANE('',#4221);
#4223 = FACE_SURFACE('',(#4218),#4222,.T.);
#4224 = CLOSED_SHELL('',(#4184,#4195,#4202,#4209,#4216,#4223));
#4225 = FACETED_BREP('carrier_J4',#4224);
#4226 = CARTESIAN_POINT('',(70.200000,15.350000,0.000000));
#4227 = CARTESIAN_POINT('',(73.800000,15.350000,0.000000));
#4228 = CARTESIAN_POINT('',(73.800000,4.270000,0.000000));
#4229 = CARTESIAN_POINT('',(70.200000,4.270000,0.000000));
#4230 = POLY_LOOP('',(#4226,#4227,#4228,#4229));
#4231 = FACE_OUTER_BOUND('',#4230,.T.);
#4232 = DIRECTION('',(0.000000,0.000000,-1.000000));
#4233 = DIRECTION('',(-0.000000,1.000000,0.000000));
#4234 = AXIS2_PLACEMENT_3D('',#4226,#4232,#4233);
#4235 = PLANE('',#4234);
#4236 = FACE_SURFACE('',(#4231),#4235,.T.);
#4237 = CARTESIAN_POINT('',(70.200000,4.270000,8.500000));
#4238 = CARTESIAN_POINT('',(73.800000,4.270000,8.500000));
#4239 = CARTESIAN_POINT('',(73.800000,15.350000,8.500000));
#4240 = CARTESIAN_POINT('',(70.200000,15.350000,8.500000));
#4241 = POLY_LOOP('',(#4237,#4238,#4239,#4240));
#4242 = FACE_OUTER_BOUND('',#4241,.T.);
#4243 = DIRECTION('',(0.000000,0.000000,1.000000));
#4244 = DIRECTION('',(0.000000,-1.000000,0.000000));
#4245 = AXIS2_PLACEMENT_3D('',#4237,#4243,#4244);
#4246 = PLANE('',#4245);
#4247 = FACE_SURFACE('',(#4242),#4246,.T.);
#4248 = POLY_LOOP('',(#4229,#4228,#4238,#4237));
#4249 = FACE_OUTER_BOUND('',#4248,.T.);
#4250 = DIRECTION('',(0.000000,-1.000000,0.000000));
#4251 = DIRECTION('',(0.000000,0.000000,-1.000000));
#4252 = AXIS2_PLACEMENT_3D('',#4229,#4250,#4251);
#4253 = PLANE('',#4252);
#4254 = FACE_SURFACE('',(#4249),#4253,.T.);
#4255 = POLY_LOOP('',(#4228,#4227,#4239,#4238));
#4256 = FACE_OUTER_BOUND('',#4255,.T.);
#4257 = DIRECTION('',(1.000000,-0.000000,0.000000));
#4258 = DIRECTION('',(0.000000,0.000000,-1.000000));
#4259 = AXIS2_PLACEMENT_3D('',#4228,#4257,#4258);
#4260 = PLANE('',#4259);
#4261 = FACE_SURFACE('',(#4256),#4260,.T.);
#4262 = POLY_LOOP('',(#4227,#4226,#4240,#4239));
#4263 = FACE_OUTER_BOUND('',#4262,.T.);
#4264 = DIRECTION('',(0.000000,1.000000,0.000000));
#4265 = DIRECTION('',(0.000000,0.000000,1.000000));
#4266 = AXIS2_PLACEMENT_3D('',#4227,#4264,#4265);
#4267 = PLANE('',#4266);
#4268 = FACE_SURFACE('',(#4263),#4267,.T.);
#4269 = POLY_LOOP('',(#4226,#4229,#4237,#4240));
#4270 = FACE_OUTER_BOUND('',#4269,.T.);
#4271 = DIRECTION('',(-1.000000,-0.000000,0.000000));
#4272 = DIRECTION('',(0.000000,-0.000000,1.000000));
#4273 = AXIS2_PLACEMENT_3D('',#4226,#4271,#4272);
#4274 = PLANE('',#4273);
#4275 = FACE_SURFACE('',(#4270),#4274,.T.);
#4276 = CLOSED_SHELL('',(#4236,#4247,#4254,#4261,#4268,#4275));
#4277 = FACETED_BREP('carrier_J5',#4276);
#4278 = CARTESIAN_POINT('',(80.200000,63.070000,0.000000));
#4279 = CARTESIAN_POINT('',(83.800000,63.070000,0.000000));
#4280 = CARTESIAN_POINT('',(83.800000,6.270000,0.000000));
#4281 = CARTESIAN_POINT('',(80.200000,6.270000,0.000000));
#4282 = POLY_LOOP('',(#4278,#4279,#4280,#4281));
#4283 = FACE_OUTER_BOUND('',#4282,.T.);
#4284 = DIRECTION('',(0.000000,0.000000,-1.000000));
#4285 = DIRECTION('',(-0.000000,1.000000,0.000000));
#4286 = AXIS2_PLACEMENT_3D('',#4278,#4284,#4285);
#4287 = PLANE('',#4286);
#4288 = FACE_SURFACE('',(#4283),#4287,.T.);
#4289 = CARTESIAN_POINT('',(80.200000,6.270000,8.500000));
#4290 = CARTESIAN_POINT('',(83.800000,6.270000,8.500000));
#4291 = CARTESIAN_POINT('',(83.800000,63.070000,8.500000));
#4292 = CARTESIAN_POINT('',(80.200000,63.070000,8.500000));
#4293 = POLY_LOOP('',(#4289,#4290,#4291,#4292));
#4294 = FACE_OUTER_BOUND('',#4293,.T.);
#4295 = DIRECTION('',(0.000000,0.000000,1.000000));
#4296 = DIRECTION('',(0.000000,-1.000000,0.000000));
#4297 = AXIS2_PLACEMENT_3D('',#4289,#4295,#4296);
#4298 = PLANE('',#4297);
#4299 = FACE_SURFACE('',(#4294),#4298,.T.);
#4300 = POLY_LOOP('',(#4281,#4280,#4290,#4289));
#4301 = FACE_OUTER_BOUND('',#4300,.T.);
#4302 = DIRECTION('',(0.000000,-1.000000,0.000000));
#4303 = DIRECTION('',(0.000000,0.000000,-1.000000));
#4304 = AXIS2_PLACEMENT_3D('',#4281,#4302,#4303);
#4305 = PLANE('',#4304);
#4306 = FACE_SURFACE('',(#4301),#4305,.T.);
#4307 = POLY_LOOP('',(#4280,#4279,#4291,#4290));
#4308 = FACE_OUTER_BOUND('',#4307,.T.);
#4309 = DIRECTION('',(1.000000,-0.000000,0.000000));
#4310 = DIRECTION('',(0.000000,0.000000,-1.000000));
#4311 = AXIS2_PLACEMENT_3D('',#4280,#4309,#4310);
#4312 = PLANE('',#4311);
#4313 = FACE_SURFACE('',(#4308),#4312,.T.);
#4314 = POLY_LOOP('',(#4279,#4278,#4292,#4291));
#4315 = FACE_OUTER_BOUND('',#4314,.T.);
#4316 = DIRECTION('',(0.000000,1.000000,0.000000));
#4317 = DIRECTION('',(0.000000,0.000000,1.000000));
#4318 = AXIS2_PLACEMENT_3D('',#4279,#4316,#4317);
#4319 = PLANE('',#4318);
#4320 = FACE_SURFACE('',(#4315),#4319,.T.);
#4321 = POLY_LOOP('',(#4278,#4281,#4289,#4292));
#4322 = FACE_OUTER_BOUND('',#4321,.T.);
#4323 = DIRECTION('',(-1.000000,-0.000000,0.000000));
#4324 = DIRECTION('',(0.000000,-0.000000,1.000000));
#4325 = AXIS2_PLACEMENT_3D('',#4278,#4323,#4324);
#4326 = PLANE('',#4325);
#4327 = FACE_SURFACE('',(#4322),#4326,.T.);
#4328 = CLOSED_SHELL('',(#4288,#4299,#4306,#4313,#4320,#4327));
#4329 = FACETED_BREP('carrier_J6',#4328);
#4330 = CARTESIAN_POINT('',(103.060000,63.070000,0.000000));
#4331 = CARTESIAN_POINT('',(106.660000,63.070000,0.000000));
#4332 = CARTESIAN_POINT('',(106.660000,6.270000,0.000000));
#4333 = CARTESIAN_POINT('',(103.060000,6.270000,0.000000));
#4334 = POLY_LOOP('',(#4330,#4331,#4332,#4333));
#4335 = FACE_OUTER_BOUND('',#4334,.T.);
#4336 = DIRECTION('',(0.000000,0.000000,-1.000000));
#4337 = DIRECTION('',(-0.000000,1.000000,0.000000));
#4338 = AXIS2_PLACEMENT_3D('',#4330,#4336,#4337);
#4339 = PLANE('',#4338);
#4340 = FACE_SURFACE('',(#4335),#4339,.T.);
#4341 = CARTESIAN_POINT('',(103.060000,6.270000,8.500000));
#4342 = CARTESIAN_POINT('',(106.660000,6.270000,8.500000));
#4343 = CARTESIAN_POINT('',(106.660000,63.070000,8.500000));
#4344 = CARTESIAN_POINT('',(103.060000,63.070000,8.500000));
#4345 = POLY_LOOP('',(#4341,#4342,#4343,#4344));
#4346 = FACE_OUTER_BOUND('',#4345,.T.);
#4347 = DIRECTION('',(0.000000,0.000000,1.000000));
#4348 = DIRECTION('',(0.000000,-1.000000,0.000000));
#4349 = AXIS2_PLACEMENT_3D('',#4341,#4347,#4348);
#4350 = PLANE('',#4349);
#4351 = FACE_SURFACE('',(#4346),#4350,.T.);
#4352 = POLY_LOOP('',(#4333,#4332,#4342,#4341));
#4353 = FACE_OUTER_BOUND('',#4352,.T.);
#4354 = DIRECTION('',(0.000000,-1.000000,0.000000));
#4355 = DIRECTION('',(0.000000,0.000000,-1.000000));
#4356 = AXIS2_PLACEMENT_3D('',#4333,#4354,#4355);
#4357 = PLANE('',#4356);
#4358 = FACE_SURFACE('',(#4353),#4357,.T.);
#4359 = POLY_LOOP('',(#4332,#4331,#4343,#4342));
#4360 = FACE_OUTER_BOUND('',#4359,.T.);
#4361 = DIRECTION('',(1.000000,-0.000000,0.000000));
#4362 = DIRECTION('',(0.000000,0.000000,-1.000000));
#4363 = AXIS2_PLACEMENT_3D('',#4332,#4361,#4362);
#4364 = PLANE('',#4363);
#4365 = FACE_SURFACE('',(#4360),#4364,.T.);
#4366 = POLY_LOOP('',(#4331,#4330,#4344,#4343));
#4367 = FACE_OUTER_BOUND('',#4366,.T.);
#4368 = DIRECTION('',(0.000000,1.000000,0.000000));
#4369 = DIRECTION('',(0.000000,0.000000,1.000000));
#4370 = AXIS2_PLACEMENT_3D('',#4331,#4368,#4369);
#4371 = PLANE('',#4370);
#4372 = FACE_SURFACE('',(#4367),#4371,.T.);
#4373 = POLY_LOOP('',(#4330,#4333,#4341,#4344));
#4374 = FACE_OUTER_BOUND('',#4373,.T.);
#4375 = DIRECTION('',(-1.000000,-0.000000,0.000000));
#4376 = DIRECTION('',(0.000000,-0.000000,1.000000));
#4377 = AXIS2_PLACEMENT_3D('',#4330,#4375,#4376);
#4378 = PLANE('',#4377);
#4379 = FACE_SURFACE('',(#4374),#4378,.T.);
#4380 = CLOSED_SHELL('',(#4340,#4351,#4358,#4365,#4372,#4379));
#4381 = FACETED_BREP('carrier_J7',#4380);
#4382 = CARTESIAN_POINT('',(88.200000,106.750000,0.000000));
#4383 = CARTESIAN_POINT('',(91.800000,106.750000,0.000000));
#4384 = CARTESIAN_POINT('',(91.800000,70.270000,0.000000));
#4385 = CARTESIAN_POINT('',(88.200000,70.270000,0.000000));
#4386 = POLY_LOOP('',(#4382,#4383,#4384,#4385));
#4387 = FACE_OUTER_BOUND('',#4386,.T.);
#4388 = DIRECTION('',(0.000000,0.000000,-1.000000));
#4389 = DIRECTION('',(-0.000000,1.000000,0.000000));
#4390 = AXIS2_PLACEMENT_3D('',#4382,#4388,#4389);
#4391 = PLANE('',#4390);
#4392 = FACE_SURFACE('',(#4387),#4391,.T.);
#4393 = CARTESIAN_POINT('',(88.200000,70.270000,8.500000));
#4394 = CARTESIAN_POINT('',(91.800000,70.270000,8.500000));
#4395 = CARTESIAN_POINT('',(91.800000,106.750000,8.500000));
#4396 = CARTESIAN_POINT('',(88.200000,106.750000,8.500000));
#4397 = POLY_LOOP('',(#4393,#4394,#4395,#4396));
#4398 = FACE_OUTER_BOUND('',#4397,.T.);
#4399 = DIRECTION('',(0.000000,0.000000,1.000000));
#4400 = DIRECTION('',(0.000000,-1.000000,0.000000));
#4401 = AXIS2_PLACEMENT_3D('',#4393,#4399,#4400);
#4402 = PLANE('',#4401);
#4403 = FACE_SURFACE('',(#4398),#4402,.T.);
#4404 = POLY_LOOP('',(#4385,#4384,#4394,#4393));
#4405 = FACE_OUTER_BOUND('',#4404,.T.);
#4406 = DIRECTION('',(0.000000,-1.000000,0.000000));
#4407 = DIRECTION('',(0.000000,0.000000,-1.000000));
#4408 = AXIS2_PLACEMENT_3D('',#4385,#4406,#4407);
#4409 = PLANE('',#4408);
#4410 = FACE_SURFACE('',(#4405),#4409,.T.);
#4411 = POLY_LOOP('',(#4384,#4383,#4395,#4394));
#4412 = FACE_OUTER_BOUND('',#4411,.T.);
#4413 = DIRECTION('',(1.000000,-0.000000,0.000000));
#4414 = DIRECTION('',(0.000000,0.000000,-1.000000));
#4415 = AXIS2_PLACEMENT_3D('',#4384,#4413,#4414);
#4416 = PLANE('',#4415);
#4417 = FACE_SURFACE('',(#4412),#4416,.T.);
#4418 = POLY_LOOP('',(#4383,#4382,#4396,#4395));
#4419 = FACE_OUTER_BOUND('',#4418,.T.);
#4420 = DIRECTION('',(0.000000,1.000000,0.000000));
#4421 = DIRECTION('',(0.000000,0.000000,1.000000));
#4422 = AXIS2_PLACEMENT_3D('',#4383,#4420,#4421);
#4423 = PLANE('',#4422);
#4424 = FACE_SURFACE('',(#4419),#4423,.T.);
#4425 = POLY_LOOP('',(#4382,#4385,#4393,#4396));
#4426 = FACE_OUTER_BOUND('',#4425,.T.);
#4427 = DIRECTION('',(-1.000000,-0.000000,0.000000));
#4428 = DIRECTION('',(0.000000,-0.000000,1.000000));
#4429 = AXIS2_PLACEMENT_3D('',#4382,#4427,#4428);
#4430 = PLANE('',#4429);
#4431 = FACE_SURFACE('',(#4426),#4430,.T.);
#4432 = CLOSED_SHELL('',(#4392,#4403,#4410,#4417,#4424,#4431));
#4433 = FACETED_BREP('carrier_J8',#4432);
#4434 = CARTESIAN_POINT('',(112.200000,71.350000,0.000000));
#4435 = CARTESIAN_POINT('',(115.800000,71.350000,0.000000));
#4436 = CARTESIAN_POINT('',(115.800000,60.270000,0.000000));
#4437 = CARTESIAN_POINT('',(112.200000,60.270000,0.000000));
#4438 = POLY_LOOP('',(#4434,#4435,#4436,#4437));
#4439 = FACE_OUTER_BOUND('',#4438,.T.);
#4440 = DIRECTION('',(0.000000,0.000000,-1.000000));
#4441 = DIRECTION('',(-0.000000,1.000000,0.000000));
#4442 = AXIS2_PLACEMENT_3D('',#4434,#4440,#4441);
#4443 = PLANE('',#4442);
#4444 = FACE_SURFACE('',(#4439),#4443,.T.);
#4445 = CARTESIAN_POINT('',(112.200000,60.270000,8.500000));
#4446 = CARTESIAN_POINT('',(115.800000,60.270000,8.500000));
#4447 = CARTESIAN_POINT('',(115.800000,71.350000,8.500000));
#4448 = CARTESIAN_POINT('',(112.200000,71.350000,8.500000));
#4449 = POLY_LOOP('',(#4445,#4446,#4447,#4448));
#4450 = FACE_OUTER_BOUND('',#4449,.T.);
#4451 = DIRECTION('',(0.000000,0.000000,1.000000));
#4452 = DIRECTION('',(0.000000,-1.000000,0.000000));
#4453 = AXIS2_PLACEMENT_3D('',#4445,#4451,#4452);
#4454 = PLANE('',#4453);
#4455 = FACE_SURFACE('',(#4450),#4454,.T.);
#4456 = POLY_LOOP('',(#4437,#4436,#4446,#4445));
#4457 = FACE_OUTER_BOUND('',#4456,.T.);
#4458 = DIRECTION('',(0.000000,-1.000000,0.000000));
#4459 = DIRECTION('',(0.000000,0.000000,-1.000000));
#4460 = AXIS2_PLACEMENT_3D('',#4437,#4458,#4459);
#4461 = PLANE('',#4460);
#4462 = FACE_SURFACE('',(#4457),#4461,.T.);
#4463 = POLY_LOOP('',(#4436,#4435,#4447,#4446));
#4464 = FACE_OUTER_BOUND('',#4463,.T.);
#4465 = DIRECTION('',(1.000000,-0.000000,0.000000));
#4466 = DIRECTION('',(0.000000,0.000000,-1.000000));
#4467 = AXIS2_PLACEMENT_3D('',#4436,#4465,#4466);
#4468 = PLANE('',#4467);
#4469 = FACE_SURFACE('',(#4464),#4468,.T.);
#4470 = POLY_LOOP('',(#4435,#4434,#4448,#4447));
#4471 = FACE_OUTER_BOUND('',#4470,.T.);
#4472 = DIRECTION('',(0.000000,1.000000,0.000000));
#4473 = DIRECTION('',(0.000000,0.000000,1.000000));
#4474 = AXIS2_PLACEMENT_3D('',#4435,#4472,#4473);
#4475 = PLANE('',#4474);
#4476 = FACE_SURFACE('',(#4471),#4475,.T.);
#4477 = POLY_LOOP('',(#4434,#4437,#4445,#4448));
#4478 = FACE_OUTER_BOUND('',#4477,.T.);
#4479 = DIRECTION('',(-1.000000,-0.000000,0.000000));
#4480 = DIRECTION('',(0.000000,-0.000000,1.000000));
#4481 = AXIS2_PLACEMENT_3D('',#4434,#4479,#4480);
#4482 = PLANE('',#4481);
#4483 = FACE_SURFACE('',(#4478),#4482,.T.);
#4484 = CLOSED_SHELL('',(#4444,#4455,#4462,#4469,#4476,#4483));
#4485 = FACETED_BREP('carrier_J9',#4484);
#4486 = CARTESIAN_POINT('',(134.200000,15.350000,0.000000));
#4487 = CARTESIAN_POINT('',(137.800000,15.350000,0.000000));
#4488 = CARTESIAN_POINT('',(137.800000,4.270000,0.000000));
#4489 = CARTESIAN_POINT('',(134.200000,4.270000,0.000000));
#4490 = POLY_LOOP('',(#4486,#4487,#4488,#4489));
#4491 = FACE_OUTER_BOUND('',#4490,.T.);
#4492 = DIRECTION('',(0.000000,0.000000,-1.000000));
#4493 = DIRECTION('',(-0.000000,1.000000,0.000000));
#4494 = AXIS2_PLACEMENT_3D('',#4486,#4492,#4493);
#4495 = PLANE('',#4494);
#4496 = FACE_SURFACE('',(#4491),#4495,.T.);
#4497 = CARTESIAN_POINT('',(134.200000,4.270000,8.500000));
#4498 = CARTESIAN_POINT('',(137.800000,4.270000,8.500000));
#4499 = CARTESIAN_POINT('',(137.800000,15.350000,8.500000));
#4500 = CARTESIAN_POINT('',(134.200000,15.350000,8.500000));
#4501 = POLY_LOOP('',(#4497,#4498,#4499,#4500));
#4502 = FACE_OUTER_BOUND('',#4501,.T.);
#4503 = DIRECTION('',(0.000000,0.000000,1.000000));
#4504 = DIRECTION('',(0.000000,-1.000000,0.000000));
#4505 = AXIS2_PLACEMENT_3D('',#4497,#4503,#4504);
#4506 = PLANE('',#4505);
#4507 = FACE_SURFACE('',(#4502),#4506,.T.);
#4508 = POLY_LOOP('',(#4489,#4488,#4498,#4497));
#4509 = FACE_OUTER_BOUND('',#4508,.T.);
#4510 = DIRECTION('',(0.000000,-1.000000,0.000000));
#4511 = DIRECTION('',(0.000000,0.000000,-1.000000));
#4512 = AXIS2_PLACEMENT_3D('',#4489,#4510,#4511);
#4513 = PLANE('',#4512);
#4514 = FACE_SURFACE('',(#4509),#4513,.T.);
#4515 = POLY_LOOP('',(#4488,#4487,#4499,#4498));
#4516 = FACE_OUTER_BOUND('',#4515,.T.);
#4517 = DIRECTION('',(1.000000,-0.000000,0.000000));
#4518 = DIRECTION('',(0.000000,0.000000,-1.000000));
#4519 = AXIS2_PLACEMENT_3D('',#4488,#4517,#4518);
#4520 = PLANE('',#4519);
#4521 = FACE_SURFACE('',(#4516),#4520,.T.);
#4522 = POLY_LOOP('',(#4487,#4486,#4500,#4499));
#4523 = FACE_OUTER_BOUND('',#4522,.T.);
#4524 = DIRECTION('',(0.000000,1.000000,0.000000));
#4525 = DIRECTION('',(0.000000,0.000000,1.000000));
#4526 = AXIS2_PLACEMENT_3D('',#4487,#4524,#4525);
#4527 = PLANE('',#4526);
#4528 = FACE_SURFACE('',(#4523),#4527,.T.);
#4529 = POLY_LOOP('',(#4486,#4489,#4497,#4500));
#4530 = FACE_OUTER_BOUND('',#4529,.T.);
#4531 = DIRECTION('',(-1.000000,-0.000000,0.000000));
#4532 = DIRECTION('',(0.000000,-0.000000,1.000000));
#4533 = AXIS2_PLACEMENT_3D('',#4486,#4531,#4532);
#4534 = PLANE('',#4533);
#4535 = FACE_SURFACE('',(#4530),#4534,.T.);
#4536 = CLOSED_SHELL('',(#4496,#4507,#4514,#4521,#4528,#4535));
#4537 = FACETED_BREP('carrier_J10',#4536);
#4538 = CARTESIAN_POINT('',(134.200000,29.350000,0.000000));
#4539 = CARTESIAN_POINT('',(137.800000,29.350000,0.000000));
#4540 = CARTESIAN_POINT('',(137.800000,18.270000,0.000000));
#4541 = CARTESIAN_POINT('',(134.200000,18.270000,0.000000));
#4542 = POLY_LOOP('',(#4538,#4539,#4540,#4541));
#4543 = FACE_OUTER_BOUND('',#4542,.T.);
#4544 = DIRECTION('',(0.000000,0.000000,-1.000000));
#4545 = DIRECTION('',(-0.000000,1.000000,0.000000));
#4546 = AXIS2_PLACEMENT_3D('',#4538,#4544,#4545);
#4547 = PLANE('',#4546);
#4548 = FACE_SURFACE('',(#4543),#4547,.T.);
#4549 = CARTESIAN_POINT('',(134.200000,18.270000,8.500000));
#4550 = CARTESIAN_POINT('',(137.800000,18.270000,8.500000));
#4551 = CARTESIAN_POINT('',(137.800000,29.350000,8.500000));
#4552 = CARTESIAN_POINT('',(134.200000,29.350000,8.500000));
#4553 = POLY_LOOP('',(#4549,#4550,#4551,#4552));
#4554 = FACE_OUTER_BOUND('',#4553,.T.);
#4555 = DIRECTION('',(0.000000,0.000000,1.000000));
#4556 = DIRECTION('',(0.000000,-1.000000,0.000000));
#4557 = AXIS2_PLACEMENT_3D('',#4549,#4555,#4556);
#4558 = PLANE('',#4557);
#4559 = FACE_SURFACE('',(#4554),#4558,.T.);
#4560 = POLY_LOOP('',(#4541,#4540,#4550,#4549));
#4561 = FACE_OUTER_BOUND('',#4560,.T.);
#4562 = DIRECTION('',(0.000000,-1.000000,0.000000));
#4563 = DIRECTION('',(0.000000,0.000000,-1.000000));
#4564 = AXIS2_PLACEMENT_3D('',#4541,#4562,#4563);
#4565 = PLANE('',#4564);
#4566 = FACE_SURFACE('',(#4561),#4565,.T.);
#4567 = POLY_LOOP('',(#4540,#4539,#4551,#4550));
#4568 = FACE_OUTER_BOUND('',#4567,.T.);
#4569 = DIRECTION('',(1.000000,-0.000000,0.000000));
#4570 = DIRECTION('',(0.000000,0.000000,-1.000000));
#4571 = AXIS2_PLACEMENT_3D('',#4540,#4569,#4570);
#4572 = PLANE('',#4571);
#4573 = FACE_SURFACE('',(#4568),#4572,.T.);
#4574 = POLY_LOOP('',(#4539,#4538,#4552,#4551));
#4575 = FACE_OUTER_BOUND('',#4574,.T.);
#4576 = DIRECTION('',(0.000000,1.000000,0.000000));
#4577 = DIRECTION('',(0.000000,0.000000,1.000000));
#4578 = AXIS2_PLACEMENT_3D('',#4539,#4576,#4577);
#4579 = PLANE('',#4578);
#4580 = FACE_SURFACE('',(#4575),#4579,.T.);
#4581 = POLY_LOOP('',(#4538,#4541,#4549,#4552));
#4582 = FACE_OUTER_BOUND('',#4581,.T.);
#4583 = DIRECTION('',(-1.000000,-0.000000,0.000000));
#4584 = DIRECTION('',(0.000000,-0.000000,1.000000));
#4585 = AXIS2_PLACEMENT_3D('',#4538,#4583,#4584);
#4586 = PLANE('',#4585);
#4587 = FACE_SURFACE('',(#4582),#4586,.T.);
#4588 = CLOSED_SHELL('',(#4548,#4559,#4566,#4573,#4580,#4587));
#4589 = FACETED_BREP('carrier_J11',#4588);
#4590 = CARTESIAN_POINT('',(134.200000,53.510000,0.000000));
#4591 = CARTESIAN_POINT('',(137.800000,53.510000,0.000000));
#4592 = CARTESIAN_POINT('',(137.800000,32.270000,0.000000));
#4593 = CARTESIAN_POINT('',(134.200000,32.270000,0.000000));
#4594 = POLY_LOOP('',(#4590,#4591,#4592,#4593));
#4595 = FACE_OUTER_BOUND('',#4594,.T.);
#4596 = DIRECTION('',(0.000000,0.000000,-1.000000));
#4597 = DIRECTION('',(-0.000000,1.000000,0.000000));
#4598 = AXIS2_PLACEMENT_3D('',#4590,#4596,#4597);
#4599 = PLANE('',#4598);
#4600 = FACE_SURFACE('',(#4595),#4599,.T.);
#4601 = CARTESIAN_POINT('',(134.200000,32.270000,8.500000));
#4602 = CARTESIAN_POINT('',(137.800000,32.270000,8.500000));
#4603 = CARTESIAN_POINT('',(137.800000,53.510000,8.500000));
#4604 = CARTESIAN_POINT('',(134.200000,53.510000,8.500000));
#4605 = POLY_LOOP('',(#4601,#4602,#4603,#4604));
#4606 = FACE_OUTER_BOUND('',#4605,.T.);
#4607 = DIRECTION('',(0.000000,0.000000,1.000000));
#4608 = DIRECTION('',(0.000000,-1.000000,0.000000));
#4609 = AXIS2_PLACEMENT_3D('',#4601,#4607,#4608);
#4610 = PLANE('',#4609);
#4611 = FACE_SURFACE('',(#4606),#4610,.T.);
#4612 = POLY_LOOP('',(#4593,#4592,#4602,#4601));
#4613 = FACE_OUTER_BOUND('',#4612,.T.);
#4614 = DIRECTION('',(0.000000,-1.000000,0.000000));
#4615 = DIRECTION('',(0.000000,0.000000,-1.000000));
#4616 = AXIS2_PLACEMENT_3D('',#4593,#4614,#4615);
#4617 = PLANE('',#4616);
#4618 = FACE_SURFACE('',(#4613),#4617,.T.);
#4619 = POLY_LOOP('',(#4592,#4591,#4603,#4602));
#4620 = FACE_OUTER_BOUND('',#4619,.T.);
#4621 = DIRECTION('',(1.000000,-0.000000,0.000000));
#4622 = DIRECTION('',(0.000000,0.000000,-1.000000));
#4623 = AXIS2_PLACEMENT_3D('',#4592,#4621,#4622);
#4624 = PLANE('',#4623);
#4625 = FACE_SURFACE('',(#4620),#4624,.T.);
#4626 = POLY_LOOP('',(#4591,#4590,#4604,#4603));
#4627 = FACE_OUTER_BOUND('',#4626,.T.);
#4628 = DIRECTION('',(0.000000,1.000000,0.000000));
#4629 = DIRECTION('',(0.000000,0.000000,1.000000));
#4630 = AXIS2_PLACEMENT_3D('',#4591,#4628,#4629);
#4631 = PLANE('',#4630);
#4632 = FACE_SURFACE('',(#4627),#4631,.T.);
#4633 = POLY_LOOP('',(#4590,#4593,#4601,#4604));
#4634 = FACE_OUTER_BOUND('',#4633,.T.);
#4635 = DIRECTION('',(-1.000000,-0.000000,0.000000));
#4636 = DIRECTION('',(0.000000,-0.000000,1.000000));
#4637 = AXIS2_PLACEMENT_3D('',#4590,#4635,#4636);
#4638 = PLANE('',#4637);
#4639 = FACE_SURFACE('',(#4634),#4638,.T.);
#4640 = CLOSED_SHELL('',(#4600,#4611,#4618,#4625,#4632,#4639));
#4641 = FACETED_BREP('carrier_J12',#4640);
#4642 = CARTESIAN_POINT('',(132.600000,63.100000,0.000000));
#4643 = CARTESIAN_POINT('',(139.400000,63.100000,0.000000));
#4644 = CARTESIAN_POINT('',(139.400000,57.800000,0.000000));
#4645 = CARTESIAN_POINT('',(132.600000,57.800000,0.000000));
#4646 = POLY_LOOP('',(#4642,#4643,#4644,#4645));
#4647 = FACE_OUTER_BOUND('',#4646,.T.);
#4648 = DIRECTION('',(0.000000,0.000000,-1.000000));
#4649 = DIRECTION('',(-0.000000,1.000000,0.000000));
#4650 = AXIS2_PLACEMENT_3D('',#4642,#4648,#4649);
#4651 = PLANE('',#4650);
#4652 = FACE_SURFACE('',(#4647),#4651,.T.);
#4653 = CARTESIAN_POINT('',(132.600000,57.800000,6.000000));
#4654 = CARTESIAN_POINT('',(139.400000,57.800000,6.000000));
#4655 = CARTESIAN_POINT('',(139.400000,63.100000,6.000000));
#4656 = CARTESIAN_POINT('',(132.600000,63.100000,6.000000));
#4657 = POLY_LOOP('',(#4653,#4654,#4655,#4656));
#4658 = FACE_OUTER_BOUND('',#4657,.T.);
#4659 = DIRECTION('',(0.000000,0.000000,1.000000));
#4660 = DIRECTION('',(0.000000,-1.000000,0.000000));
#4661 = AXIS2_PLACEMENT_3D('',#4653,#4659,#4660);
#4662 = PLANE('',#4661);
#4663 = FACE_SURFACE('',(#4658),#4662,.T.);
#4664 = POLY_LOOP('',(#4645,#4644,#4654,#4653));
#4665 = FACE_OUTER_BOUND('',#4664,.T.);
#4666 = DIRECTION('',(0.000000,-1.000000,0.000000));
#4667 = DIRECTION('',(0.000000,0.000000,-1.000000));
#4668 = AXIS2_PLACEMENT_3D('',#4645,#4666,#4667);
#4669 = PLANE('',#4668);
#4670 = FACE_SURFACE('',(#4665),#4669,.T.);
#4671 = POLY_LOOP('',(#4644,#4643,#4655,#4654));
#4672 = FACE_OUTER_BOUND('',#4671,.T.);
#4673 = DIRECTION('',(1.000000,-0.000000,0.000000));
#4674 = DIRECTION('',(0.000000,0.000000,-1.000000));
#4675 = AXIS2_PLACEMENT_3D('',#4644,#4673,#4674);
#4676 = PLANE('',#4675);
#4677 = FACE_SURFACE('',(#4672),#4676,.T.);
#4678 = POLY_LOOP('',(#4643,#4642,#4656,#4655));
#4679 = FACE_OUTER_BOUND('',#4678,.T.);
#4680 = DIRECTION('',(0.000000,1.000000,0.000000));
#4681 = DIRECTION('',(0.000000,0.000000,1.000000));
#4682 = AXIS2_PLACEMENT_3D('',#4643,#4680,#4681);
#4683 = PLANE('',#4682);
#4684 = FACE_SURFACE('',(#4679),#4683,.T.);
#4685 = POLY_LOOP('',(#4642,#4645,#4653,#4656));
#4686 = FACE_OUTER_BOUND('',#4685,.T.);
#4687 = DIRECTION('',(-1.000000,-0.000000,0.000000));
#4688 = DIRECTION('',(0.000000,-0.000000,1.000000));
#4689 = AXIS2_PLACEMENT_3D('',#4642,#4687,#4688);
#4690 = PLANE('',#4689);
#4691 = FACE_SURFACE('',(#4686),#4690,.T.);
#4692 = CLOSED_SHELL('',(#4652,#4663,#4670,#4677,#4684,#4691));
#4693 = FACETED_BREP('carrier_J13',#4692);
#4694 = CARTESIAN_POINT('',(3.200000,41.670000,0.000000));
#4695 = CARTESIAN_POINT('',(6.800000,41.670000,0.000000));
#4696 = CARTESIAN_POINT('',(6.800000,10.270000,0.000000));
#4697 = CARTESIAN_POINT('',(3.200000,10.270000,0.000000));
#4698 = POLY_LOOP('',(#4694,#4695,#4696,#4697));
#4699 = FACE_OUTER_BOUND('',#4698,.T.);
#4700 = DIRECTION('',(0.000000,0.000000,-1.000000));
#4701 = DIRECTION('',(-0.000000,1.000000,0.000000));
#4702 = AXIS2_PLACEMENT_3D('',#4694,#4700,#4701);
#4703 = PLANE('',#4702);
#4704 = FACE_SURFACE('',(#4699),#4703,.T.);
#4705 = CARTESIAN_POINT('',(3.200000,10.270000,8.500000));
#4706 = CARTESIAN_POINT('',(6.800000,10.270000,8.500000));
#4707 = CARTESIAN_POINT('',(6.800000,41.670000,8.500000));
#4708 = CARTESIAN_POINT('',(3.200000,41.670000,8.500000));
#4709 = POLY_LOOP('',(#4705,#4706,#4707,#4708));
#4710 = FACE_OUTER_BOUND('',#4709,.T.);
#4711 = DIRECTION('',(0.000000,0.000000,1.000000));
#4712 = DIRECTION('',(0.000000,-1.000000,0.000000));
#4713 = AXIS2_PLACEMENT_3D('',#4705,#4711,#4712);
#4714 = PLANE('',#4713);
#4715 = FACE_SURFACE('',(#4710),#4714,.T.);
#4716 = POLY_LOOP('',(#4697,#4696,#4706,#4705));
#4717 = FACE_OUTER_BOUND('',#4716,.T.);
#4718 = DIRECTION('',(0.000000,-1.000000,0.000000));
#4719 = DIRECTION('',(0.000000,0.000000,-1.000000));
#4720 = AXIS2_PLACEMENT_3D('',#4697,#4718,#4719);
#4721 = PLANE('',#4720);
#4722 = FACE_SURFACE('',(#4717),#4721,.T.);
#4723 = POLY_LOOP('',(#4696,#4695,#4707,#4706));
#4724 = FACE_OUTER_BOUND('',#4723,.T.);
#4725 = DIRECTION('',(1.000000,-0.000000,0.000000));
#4726 = DIRECTION('',(0.000000,0.000000,-1.000000));
#4727 = AXIS2_PLACEMENT_3D('',#4696,#4725,#4726);
#4728 = PLANE('',#4727);
#4729 = FACE_SURFACE('',(#4724),#4728,.T.);
#4730 = POLY_LOOP('',(#4695,#4694,#4708,#4707));
#4731 = FACE_OUTER_BOUND('',#4730,.T.);
#4732 = DIRECTION('',(0.000000,1.000000,0.000000));
#4733 = DIRECTION('',(0.000000,0.000000,1.000000));
#4734 = AXIS2_PLACEMENT_3D('',#4695,#4732,#4733);
#4735 = PLANE('',#4734);
#4736 = FACE_SURFACE('',(#4731),#4735,.T.);
#4737 = POLY_LOOP('',(#4694,#4697,#4705,#4708));
#4738 = FACE_OUTER_BOUND('',#4737,.T.);
#4739 = DIRECTION('',(-1.000000,-0.000000,0.000000));
#4740 = DIRECTION('',(0.000000,-0.000000,1.000000));
#4741 = AXIS2_PLACEMENT_3D('',#4694,#4739,#4740);
#4742 = PLANE('',#4741);
#4743 = FACE_SURFACE('',(#4738),#4742,.T.);
#4744 = CLOSED_SHELL('',(#4704,#4715,#4722,#4729,#4736,#4743));
#4745 = FACETED_BREP('carrier_J14',#4744);
#4746 = CARTESIAN_POINT('',(2.600000,80.400000,0.000000));
#4747 = CARTESIAN_POINT('',(13.400000,80.400000,0.000000));
#4748 = CARTESIAN_POINT('',(13.400000,71.600000,0.000000));
#4749 = CARTESIAN_POINT('',(2.600000,71.600000,0.000000));
#4750 = POLY_LOOP('',(#4746,#4747,#4748,#4749));
#4751 = FACE_OUTER_BOUND('',#4750,.T.);
#4752 = DIRECTION('',(0.000000,0.000000,-1.000000));
#4753 = DIRECTION('',(-0.000000,1.000000,0.000000));
#4754 = AXIS2_PLACEMENT_3D('',#4746,#4752,#4753);
#4755 = PLANE('',#4754);
#4756 = FACE_SURFACE('',(#4751),#4755,.T.);
#4757 = CARTESIAN_POINT('',(2.600000,71.600000,10.000000));
#4758 = CARTESIAN_POINT('',(13.400000,71.600000,10.000000));
#4759 = CARTESIAN_POINT('',(13.400000,80.400000,10.000000));
#4760 = CARTESIAN_POINT('',(2.600000,80.400000,10.000000));
#4761 = POLY_LOOP('',(#4757,#4758,#4759,#4760));
#4762 = FACE_OUTER_BOUND('',#4761,.T.);
#4763 = DIRECTION('',(0.000000,0.000000,1.000000));
#4764 = DIRECTION('',(0.000000,-1.000000,0.000000));
#4765 = AXIS2_PLACEMENT_3D('',#4757,#4763,#4764);
#4766 = PLANE('',#4765);
#4767 = FACE_SURFACE('',(#4762),#4766,.T.);
#4768 = POLY_LOOP('',(#4749,#4748,#4758,#4757));
#4769 = FACE_OUTER_BOUND('',#4768,.T.);
#4770 = DIRECTION('',(0.000000,-1.000000,0.000000));
#4771 = DIRECTION('',(0.000000,0.000000,-1.000000));
#4772 = AXIS2_PLACEMENT_3D('',#4749,#4770,#4771);
#4773 = PLANE('',#4772);
#4774 = FACE_SURFACE('',(#4769),#4773,.T.);
#4775 = POLY_LOOP('',(#4748,#4747,#4759,#4758));
#4776 = FACE_OUTER_BOUND('',#4775,.T.);
#4777 = DIRECTION('',(1.000000,-0.000000,0.000000));
#4778 = DIRECTION('',(0.000000,0.000000,-1.000000));
#4779 = AXIS2_PLACEMENT_3D('',#4748,#4777,#4778);
#4780 = PLANE('',#4779);
#4781 = FACE_SURFACE('',(#4776),#4780,.T.);
#4782 = POLY_LOOP('',(#4747,#4746,#4760,#4759));
#4783 = FACE_OUTER_BOUND('',#4782,.T.);
#4784 = DIRECTION('',(0.000000,1.000000,0.000000));
#4785 = DIRECTION('',(0.000000,0.000000,1.000000));
#4786 = AXIS2_PLACEMENT_3D('',#4747,#4784,#4785);
#4787 = PLANE('',#4786);
#4788 = FACE_SURFACE('',(#4783),#4787,.T.);
#4789 = POLY_LOOP('',(#4746,#4749,#4757,#4760));
#4790 = FACE_OUTER_BOUND('',#4789,.T.);
#4791 = DIRECTION('',(-1.000000,-0.000000,0.000000));
#4792 = DIRECTION('',(0.000000,-0.000000,1.000000));
#4793 = AXIS2_PLACEMENT_3D('',#4746,#4791,#4792);
#4794 = PLANE('',#4793);
#4795 = FACE_SURFACE('',(#4790),#4794,.T.);
#4796 = CLOSED_SHELL('',(#4756,#4767,#4774,#4781,#4788,#4795));
#4797 = FACETED_BREP('carrier_J15',#4796);
#4798 = CARTESIAN_POINT('',(2.600000,92.400000,0.000000));
#4799 = CARTESIAN_POINT('',(13.400000,92.400000,0.000000));
#4800 = CARTESIAN_POINT('',(13.400000,83.600000,0.000000));
#4801 = CARTESIAN_POINT('',(2.600000,83.600000,0.000000));
#4802 = POLY_LOOP('',(#4798,#4799,#4800,#4801));
#4803 = FACE_OUTER_BOUND('',#4802,.T.);
#4804 = DIRECTION('',(0.000000,0.000000,-1.000000));
#4805 = DIRECTION('',(-0.000000,1.000000,0.000000));
#4806 = AXIS2_PLACEMENT_3D('',#4798,#4804,#4805);
#4807 = PLANE('',#4806);
#4808 = FACE_SURFACE('',(#4803),#4807,.T.);
#4809 = CARTESIAN_POINT('',(2.600000,83.600000,10.000000));
#4810 = CARTESIAN_POINT('',(13.400000,83.600000,10.000000));
#4811 = CARTESIAN_POINT('',(13.400000,92.400000,10.000000));
#4812 = CARTESIAN_POINT('',(2.600000,92.400000,10.000000));
#4813 = POLY_LOOP('',(#4809,#4810,#4811,#4812));
#4814 = FACE_OUTER_BOUND('',#4813,.T.);
#4815 = DIRECTION('',(0.000000,0.000000,1.000000));
#4816 = DIRECTION('',(0.000000,-1.000000,0.000000));
#4817 = AXIS2_PLACEMENT_3D('',#4809,#4815,#4816);
#4818 = PLANE('',#4817);
#4819 = FACE_SURFACE('',(#4814),#4818,.T.);
#4820 = POLY_LOOP('',(#4801,#4800,#4810,#4809));
#4821 = FACE_OUTER_BOUND('',#4820,.T.);
#4822 = DIRECTION('',(0.000000,-1.000000,0.000000));
#4823 = DIRECTION('',(0.000000,0.000000,-1.000000));
#4824 = AXIS2_PLACEMENT_3D('',#4801,#4822,#4823);
#4825 = PLANE('',#4824);
#4826 = FACE_SURFACE('',(#4821),#4825,.T.);
#4827 = POLY_LOOP('',(#4800,#4799,#4811,#4810));
#4828 = FACE_OUTER_BOUND('',#4827,.T.);
#4829 = DIRECTION('',(1.000000,-0.000000,0.000000));
#4830 = DIRECTION('',(0.000000,0.000000,-1.000000));
#4831 = AXIS2_PLACEMENT_3D('',#4800,#4829,#4830);
#4832 = PLANE('',#4831);
#4833 = FACE_SURFACE('',(#4828),#4832,.T.);
#4834 = POLY_LOOP('',(#4799,#4798,#4812,#4811));
#4835 = FACE_OUTER_BOUND('',#4834,.T.);
#4836 = DIRECTION('',(0.000000,1.000000,0.000000));
#4837 = DIRECTION('',(0.000000,0.000000,1.000000));
#4838 = AXIS2_PLACEMENT_3D('',#4799,#4836,#4837);
#4839 = PLANE('',#4838);
#4840 = FACE_SURFACE('',(#4835),#4839,.T.);
#4841 = POLY_LOOP('',(#4798,#4801,#4809,#4812));
#4842 = FACE_OUTER_BOUND('',#4841,.T.);
#4843 = DIRECTION('',(-1.000000,-0.000000,0.000000));
#4844 = DIRECTION('',(0.000000,-0.000000,1.000000));
#4845 = AXIS2_PLACEMENT_3D('',#4798,#4843,#4844);
#4846 = PLANE('',#4845);
#4847 = FACE_SURFACE('',(#4842),#4846,.T.);
#4848 = CLOSED_SHELL('',(#4808,#4819,#4826,#4833,#4840,#4847));
#4849 = FACETED_BREP('carrier_J16',#4848);
#4850 = CARTESIAN_POINT('',(2.600000,104.400000,0.000000));
#4851 = CARTESIAN_POINT('',(13.400000,104.400000,0.000000));
#4852 = CARTESIAN_POINT('',(13.400000,95.600000,0.000000));
#4853 = CARTESIAN_POINT('',(2.600000,95.600000,0.000000));
#4854 = POLY_LOOP('',(#4850,#4851,#4852,#4853));
#4855 = FACE_OUTER_BOUND('',#4854,.T.);
#4856 = DIRECTION('',(0.000000,0.000000,-1.000000));
#4857 = DIRECTION('',(-0.000000,1.000000,0.000000));
#4858 = AXIS2_PLACEMENT_3D('',#4850,#4856,#4857);
#4859 = PLANE('',#4858);
#4860 = FACE_SURFACE('',(#4855),#4859,.T.);
#4861 = CARTESIAN_POINT('',(2.600000,95.600000,10.000000));
#4862 = CARTESIAN_POINT('',(13.400000,95.600000,10.000000));
#4863 = CARTESIAN_POINT('',(13.400000,104.400000,10.000000));
#4864 = CARTESIAN_POINT('',(2.600000,104.400000,10.000000));
#4865 = POLY_LOOP('',(#4861,#4862,#4863,#4864));
#4866 = FACE_OUTER_BOUND('',#4865,.T.);
#4867 = DIRECTION('',(0.000000,0.000000,1.000000));
#4868 = DIRECTION('',(0.000000,-1.000000,0.000000));
#4869 = AXIS2_PLACEMENT_3D('',#4861,#4867,#4868);
#4870 = PLANE('',#4869);
#4871 = FACE_SURFACE('',(#4866),#4870,.T.);
#4872 = POLY_LOOP('',(#4853,#4852,#4862,#4861));
#4873 = FACE_OUTER_BOUND('',#4872,.T.);
#4874 = DIRECTION('',(0.000000,-1.000000,0.000000));
#4875 = DIRECTION('',(0.000000,0.000000,-1.000000));
#4876 = AXIS2_PLACEMENT_3D('',#4853,#4874,#4875);
#4877 = PLANE('',#4876);
#4878 = FACE_SURFACE('',(#4873),#4877,.T.);
#4879 = POLY_LOOP('',(#4852,#4851,#4863,#4862));
#4880 = FACE_OUTER_BOUND('',#4879,.T.);
#4881 = DIRECTION('',(1.000000,-0.000000,0.000000));
#4882 = DIRECTION('',(0.000000,0.000000,-1.000000));
#4883 = AXIS2_PLACEMENT_3D('',#4852,#4881,#4882);
#4884 = PLANE('',#4883);
#4885 = FACE_SURFACE('',(#4880),#4884,.T.);
#4886 = POLY_LOOP('',(#4851,#4850,#4864,#4863));
#4887 = FACE_OUTER_BOUND('',#4886,.T.);
#4888 = DIRECTION('',(0.000000,1.000000,0.000000));
#4889 = DIRECTION('',(0.000000,0.000000,1.000000));
#4890 = AXIS2_PLACEMENT_3D('',#4851,#4888,#4889);
#4891 = PLANE('',#4890);
#4892 = FACE_SURFACE('',(#4887),#4891,.T.);
#4893 = POLY_LOOP('',(#4850,#4853,#4861,#4864));
#4894 = FACE_OUTER_BOUND('',#4893,.T.);
#4895 = DIRECTION('',(-1.000000,-0.000000,0.000000));
#4896 = DIRECTION('',(0.000000,-0.000000,1.000000));
#4897 = AXIS2_PLACEMENT_3D('',#4850,#4895,#4896);
#4898 = PLANE('',#4897);
#4899 = FACE_SURFACE('',(#4894),#4898,.T.);
#4900 = CLOSED_SHELL('',(#4860,#4871,#4878,#4885,#4892,#4899));
#4901 = FACETED_BREP('carrier_J17',#4900);
#4902 = CARTESIAN_POINT('',(120.200000,99.350000,0.000000));
#4903 = CARTESIAN_POINT('',(123.800000,99.350000,0.000000));
#4904 = CARTESIAN_POINT('',(123.800000,88.270000,0.000000));
#4905 = CARTESIAN_POINT('',(120.200000,88.270000,0.000000));
#4906 = POLY_LOOP('',(#4902,#4903,#4904,#4905));
#4907 = FACE_OUTER_BOUND('',#4906,.T.);
#4908 = DIRECTION('',(0.000000,0.000000,-1.000000));
#4909 = DIRECTION('',(-0.000000,1.000000,0.000000));
#4910 = AXIS2_PLACEMENT_3D('',#4902,#4908,#4909);
#4911 = PLANE('',#4910);
#4912 = FACE_SURFACE('',(#4907),#4911,.T.);
#4913 = CARTESIAN_POINT('',(120.200000,88.270000,8.500000));
#4914 = CARTESIAN_POINT('',(123.800000,88.270000,8.500000));
#4915 = CARTESIAN_POINT('',(123.800000,99.350000,8.500000));
#4916 = CARTESIAN_POINT('',(120.200000,99.350000,8.500000));
#4917 = POLY_LOOP('',(#4913,#4914,#4915,#4916));
#4918 = FACE_OUTER_BOUND('',#4917,.T.);
#4919 = DIRECTION('',(0.000000,0.000000,1.000000));
#4920 = DIRECTION('',(0.000000,-1.000000,0.000000));
#4921 = AXIS2_PLACEMENT_3D('',#4913,#4919,#4920);
#4922 = PLANE('',#4921);
#4923 = FACE_SURFACE('',(#4918),#4922,.T.);
#4924 = POLY_LOOP('',(#4905,#4904,#4914,#4913));
#4925 = FACE_OUTER_BOUND('',#4924,.T.);
#4926 = DIRECTION('',(0.000000,-1.000000,0.000000));
#4927 = DIRECTION('',(0.000000,0.000000,-1.000000));
#4928 = AXIS2_PLACEMENT_3D('',#4905,#4926,#4927);
#4929 = PLANE('',#4928);
#4930 = FACE_SURFACE('',(#4925),#4929,.T.);
#4931 = POLY_LOOP('',(#4904,#4903,#4915,#4914));
#4932 = FACE_OUTER_BOUND('',#4931,.T.);
#4933 = DIRECTION('',(1.000000,-0.000000,0.000000));
#4934 = DIRECTION('',(0.000000,0.000000,-1.000000));
#4935 = AXIS2_PLACEMENT_3D('',#4904,#4933,#4934);
#4936 = PLANE('',#4935);
#4937 = FACE_SURFACE('',(#4932),#4936,.T.);
#4938 = POLY_LOOP('',(#4903,#4902,#4916,#4915));
#4939 = FACE_OUTER_BOUND('',#4938,.T.);
#4940 = DIRECTION('',(0.000000,1.000000,0.000000));
#4941 = DIRECTION('',(0.000000,0.000000,1.000000));
#4942 = AXIS2_PLACEMENT_3D('',#4903,#4940,#4941);
#4943 = PLANE('',#4942);
#4944 = FACE_SURFACE('',(#4939),#4943,.T.);
#4945 = POLY_LOOP('',(#4902,#4905,#4913,#4916));
#4946 = FACE_OUTER_BOUND('',#4945,.T.);
#4947 = DIRECTION('',(-1.000000,-0.000000,0.000000));
#4948 = DIRECTION('',(0.000000,-0.000000,1.000000));
#4949 = AXIS2_PLACEMENT_3D('',#4902,#4947,#4948);
#4950 = PLANE('',#4949);
#4951 = FACE_SURFACE('',(#4946),#4950,.T.);
#4952 = CLOSED_SHELL('',(#4912,#4923,#4930,#4937,#4944,#4951));
#4953 = FACETED_BREP('carrier_J18',#4952);
#4954 = CARTESIAN_POINT('',(76.200000,111.830000,0.000000));
#4955 = CARTESIAN_POINT('',(79.800000,111.830000,0.000000));
#4956 = CARTESIAN_POINT('',(79.800000,70.270000,0.000000));
#4957 = CARTESIAN_POINT('',(76.200000,70.270000,0.000000));
#4958 = POLY_LOOP('',(#4954,#4955,#4956,#4957));
#4959 = FACE_OUTER_BOUND('',#4958,.T.);
#4960 = DIRECTION('',(0.000000,0.000000,-1.000000));
#4961 = DIRECTION('',(-0.000000,1.000000,0.000000));
#4962 = AXIS2_PLACEMENT_3D('',#4954,#4960,#4961);
#4963 = PLANE('',#4962);
#4964 = FACE_SURFACE('',(#4959),#4963,.T.);
#4965 = CARTESIAN_POINT('',(76.200000,70.270000,8.500000));
#4966 = CARTESIAN_POINT('',(79.800000,70.270000,8.500000));
#4967 = CARTESIAN_POINT('',(79.800000,111.830000,8.500000));
#4968 = CARTESIAN_POINT('',(76.200000,111.830000,8.500000));
#4969 = POLY_LOOP('',(#4965,#4966,#4967,#4968));
#4970 = FACE_OUTER_BOUND('',#4969,.T.);
#4971 = DIRECTION('',(0.000000,0.000000,1.000000));
#4972 = DIRECTION('',(0.000000,-1.000000,0.000000));
#4973 = AXIS2_PLACEMENT_3D('',#4965,#4971,#4972);
#4974 = PLANE('',#4973);
#4975 = FACE_SURFACE('',(#4970),#4974,.T.);
#4976 = POLY_LOOP('',(#4957,#4956,#4966,#4965));
#4977 = FACE_OUTER_BOUND('',#4976,.T.);
#4978 = DIRECTION('',(0.000000,-1.000000,0.000000));
#4979 = DIRECTION('',(0.000000,0.000000,-1.000000));
#4980 = AXIS2_PLACEMENT_3D('',#4957,#4978,#4979);
#4981 = PLANE('',#4980);
#4982 = FACE_SURFACE('',(#4977),#4981,.T.);
#4983 = POLY_LOOP('',(#4956,#4955,#4967,#4966));
#4984 = FACE_OUTER_BOUND('',#4983,.T.);
#4985 = DIRECTION('',(1.000000,-0.000000,0.000000));
#4986 = DIRECTION('',(0.000000,0.000000,-1.000000));
#4987 = AXIS2_PLACEMENT_3D('',#4956,#4985,#4986);
#4988 = PLANE('',#4987);
#4989 = FACE_SURFACE('',(#4984),#4988,.T.);
#4990 = POLY_LOOP('',(#4955,#4954,#4968,#4967));
#4991 = FACE_OUTER_BOUND('',#4990,.T.);
#4992 = DIRECTION('',(0.000000,1.000000,0.000000));
#4993 = DIRECTION('',(0.000000,0.000000,1.000000));
#4994 = AXIS2_PLACEMENT_3D('',#4955,#4992,#4993);
#4995 = PLANE('',#4994);
#4996 = FACE_SURFACE('',(#4991),#4995,.T.);
#4997 = POLY_LOOP('',(#4954,#4957,#4965,#4968));
#4998 = FACE_OUTER_BOUND('',#4997,.T.);
#4999 = DIRECTION('',(-1.000000,-0.000000,0.000000));
#5000 = DIRECTION('',(0.000000,-0.000000,1.000000));
#5001 = AXIS2_PLACEMENT_3D('',#4954,#4999,#5000);
#5002 = PLANE('',#5001);
#5003 = FACE_SURFACE('',(#4998),#5002,.T.);
#5004 = CLOSED_SHELL('',(#4964,#4975,#4982,#4989,#4996,#5003));
#5005 = FACETED_BREP('carrier_J19',#5004);
#5006 = CARTESIAN_POINT('',(134.200000,91.510000,0.000000));
#5007 = CARTESIAN_POINT('',(137.800000,91.510000,0.000000));
#5008 = CARTESIAN_POINT('',(137.800000,70.270000,0.000000));
#5009 = CARTESIAN_POINT('',(134.200000,70.270000,0.000000));
#5010 = POLY_LOOP('',(#5006,#5007,#5008,#5009));
#5011 = FACE_OUTER_BOUND('',#5010,.T.);
#5012 = DIRECTION('',(0.000000,0.000000,-1.000000));
#5013 = DIRECTION('',(-0.000000,1.000000,0.000000));
#5014 = AXIS2_PLACEMENT_3D('',#5006,#5012,#5013);
#5015 = PLANE('',#5014);
#5016 = FACE_SURFACE('',(#5011),#5015,.T.);
#5017 = CARTESIAN_POINT('',(134.200000,70.270000,8.500000));
#5018 = CARTESIAN_POINT('',(137.800000,70.270000,8.500000));
#5019 = CARTESIAN_POINT('',(137.800000,91.510000,8.500000));
#5020 = CARTESIAN_POINT('',(134.200000,91.510000,8.500000));
#5021 = POLY_LOOP('',(#5017,#5018,#5019,#5020));
#5022 = FACE_OUTER_BOUND('',#5021,.T.);
#5023 = DIRECTION('',(0.000000,0.000000,1.000000));
#5024 = DIRECTION('',(0.000000,-1.000000,0.000000));
#5025 = AXIS2_PLACEMENT_3D('',#5017,#5023,#5024);
#5026 = PLANE('',#5025);
#5027 = FACE_SURFACE('',(#5022),#5026,.T.);
#5028 = POLY_LOOP('',(#5009,#5008,#5018,#5017));
#5029 = FACE_OUTER_BOUND('',#5028,.T.);
#5030 = DIRECTION('',(0.000000,-1.000000,0.000000));
#5031 = DIRECTION('',(0.000000,0.000000,-1.000000));
#5032 = AXIS2_PLACEMENT_3D('',#5009,#5030,#5031);
#5033 = PLANE('',#5032);
#5034 = FACE_SURFACE('',(#5029),#5033,.T.);
#5035 = POLY_LOOP('',(#5008,#5007,#5019,#5018));
#5036 = FACE_OUTER_BOUND('',#5035,.T.);
#5037 = DIRECTION('',(1.000000,-0.000000,0.000000));
#5038 = DIRECTION('',(0.000000,0.000000,-1.000000));
#5039 = AXIS2_PLACEMENT_3D('',#5008,#5037,#5038);
#5040 = PLANE('',#5039);
#5041 = FACE_SURFACE('',(#5036),#5040,.T.);
#5042 = POLY_LOOP('',(#5007,#5006,#5020,#5019));
#5043 = FACE_OUTER_BOUND('',#5042,.T.);
#5044 = DIRECTION('',(0.000000,1.000000,0.000000));
#5045 = DIRECTION('',(0.000000,0.000000,1.000000));
#5046 = AXIS2_PLACEMENT_3D('',#5007,#5044,#5045);
#5047 = PLANE('',#5046);
#5048 = FACE_SURFACE('',(#5043),#5047,.T.);
#5049 = POLY_LOOP('',(#5006,#5009,#5017,#5020));
#5050 = FACE_OUTER_BOUND('',#5049,.T.);
#5051 = DIRECTION('',(-1.000000,-0.000000,0.000000));
#5052 = DIRECTION('',(0.000000,-0.000000,1.000000));
#5053 = AXIS2_PLACEMENT_3D('',#5006,#5051,#5052);
#5054 = PLANE('',#5053);
#5055 = FACE_SURFACE('',(#5050),#5054,.T.);
#5056 = CLOSED_SHELL('',(#5016,#5027,#5034,#5041,#5048,#5055));
#5057 = FACETED_BREP('carrier_J20',#5056);
#5058 = CARTESIAN_POINT('',(120.200000,86.430000,0.000000));
#5059 = CARTESIAN_POINT('',(123.800000,86.430000,0.000000));
#5060 = CARTESIAN_POINT('',(123.800000,70.270000,0.000000));
#5061 = CARTESIAN_POINT('',(120.200000,70.270000,0.000000));
#5062 = POLY_LOOP('',(#5058,#5059,#5060,#5061));
#5063 = FACE_OUTER_BOUND('',#5062,.T.);
#5064 = DIRECTION('',(0.000000,0.000000,-1.000000));
#5065 = DIRECTION('',(-0.000000,1.000000,0.000000));
#5066 = AXIS2_PLACEMENT_3D('',#5058,#5064,#5065);
#5067 = PLANE('',#5066);
#5068 = FACE_SURFACE('',(#5063),#5067,.T.);
#5069 = CARTESIAN_POINT('',(120.200000,70.270000,8.500000));
#5070 = CARTESIAN_POINT('',(123.800000,70.270000,8.500000));
#5071 = CARTESIAN_POINT('',(123.800000,86.430000,8.500000));
#5072 = CARTESIAN_POINT('',(120.200000,86.430000,8.500000));
#5073 = POLY_LOOP('',(#5069,#5070,#5071,#5072));
#5074 = FACE_OUTER_BOUND('',#5073,.T.);
#5075 = DIRECTION('',(0.000000,0.000000,1.000000));
#5076 = DIRECTION('',(0.000000,-1.000000,0.000000));
#5077 = AXIS2_PLACEMENT_3D('',#5069,#5075,#5076);
#5078 = PLANE('',#5077);
#5079 = FACE_SURFACE('',(#5074),#5078,.T.);
#5080 = POLY_LOOP('',(#5061,#5060,#5070,#5069));
#5081 = FACE_OUTER_BOUND('',#5080,.T.);
#5082 = DIRECTION('',(0.000000,-1.000000,0.000000));
#5083 = DIRECTION('',(0.000000,0.000000,-1.000000));
#5084 = AXIS2_PLACEMENT_3D('',#5061,#5082,#5083);
#5085 = PLANE('',#5084);
#5086 = FACE_SURFACE('',(#5081),#5085,.T.);
#5087 = POLY_LOOP('',(#5060,#5059,#5071,#5070));
#5088 = FACE_OUTER_BOUND('',#5087,.T.);
#5089 = DIRECTION('',(1.000000,-0.000000,0.000000));
#5090 = DIRECTION('',(0.000000,0.000000,-1.000000));
#5091 = AXIS2_PLACEMENT_3D('',#5060,#5089,#5090);
#5092 = PLANE('',#5091);
#5093 = FACE_SURFACE('',(#5088),#5092,.T.);
#5094 = POLY_LOOP('',(#5059,#5058,#5072,#5071));
#5095 = FACE_OUTER_BOUND('',#5094,.T.);
#5096 = DIRECTION('',(0.000000,1.000000,0.000000));
#5097 = DIRECTION('',(0.000000,0.000000,1.000000));
#5098 = AXIS2_PLACEMENT_3D('',#5059,#5096,#5097);
#5099 = PLANE('',#5098);
#5100 = FACE_SURFACE('',(#5095),#5099,.T.);
#5101 = POLY_LOOP('',(#5058,#5061,#5069,#5072));
#5102 = FACE_OUTER_BOUND('',#5101,.T.);
#5103 = DIRECTION('',(-1.000000,-0.000000,0.000000));
#5104 = DIRECTION('',(0.000000,-0.000000,1.000000));
#5105 = AXIS2_PLACEMENT_3D('',#5058,#5103,#5104);
#5106 = PLANE('',#5105);
#5107 = FACE_SURFACE('',(#5102),#5106,.T.);
#5108 = CLOSED_SHELL('',(#5068,#5079,#5086,#5093,#5100,#5107));
#5109 = FACETED_BREP('carrier_J21',#5108);
#5110 = CARTESIAN_POINT('',(13.970000,75.300000,0.000000));
#5111 = CARTESIAN_POINT('',(22.510000,75.300000,0.000000));
#5112 = CARTESIAN_POINT('',(22.510000,71.700000,0.000000));
#5113 = CARTESIAN_POINT('',(13.970000,71.700000,0.000000));
#5114 = POLY_LOOP('',(#5110,#5111,#5112,#5113));
#5115 = FACE_OUTER_BOUND('',#5114,.T.);
#5116 = DIRECTION('',(0.000000,0.000000,-1.000000));
#5117 = DIRECTION('',(-0.000000,1.000000,0.000000));
#5118 = AXIS2_PLACEMENT_3D('',#5110,#5116,#5117);
#5119 = PLANE('',#5118);
#5120 = FACE_SURFACE('',(#5115),#5119,.T.);
#5121 = CARTESIAN_POINT('',(13.970000,71.700000,8.500000));
#5122 = CARTESIAN_POINT('',(22.510000,71.700000,8.500000));
#5123 = CARTESIAN_POINT('',(22.510000,75.300000,8.500000));
#5124 = CARTESIAN_POINT('',(13.970000,75.300000,8.500000));
#5125 = POLY_LOOP('',(#5121,#5122,#5123,#5124));
#5126 = FACE_OUTER_BOUND('',#5125,.T.);
#5127 = DIRECTION('',(0.000000,0.000000,1.000000));
#5128 = DIRECTION('',(0.000000,-1.000000,0.000000));
#5129 = AXIS2_PLACEMENT_3D('',#5121,#5127,#5128);
#5130 = PLANE('',#5129);
#5131 = FACE_SURFACE('',(#5126),#5130,.T.);
#5132 = POLY_LOOP('',(#5113,#5112,#5122,#5121));
#5133 = FACE_OUTER_BOUND('',#5132,.T.);
#5134 = DIRECTION('',(0.000000,-1.000000,0.000000));
#5135 = DIRECTION('',(0.000000,0.000000,-1.000000));
#5136 = AXIS2_PLACEMENT_3D('',#5113,#5134,#5135);
#5137 = PLANE('',#5136);
#5138 = FACE_SURFACE('',(#5133),#5137,.T.);
#5139 = POLY_LOOP('',(#5112,#5111,#5123,#5122));
#5140 = FACE_OUTER_BOUND('',#5139,.T.);
#5141 = DIRECTION('',(1.000000,-0.000000,0.000000));
#5142 = DIRECTION('',(0.000000,0.000000,-1.000000));
#5143 = AXIS2_PLACEMENT_3D('',#5112,#5141,#5142);
#5144 = PLANE('',#5143);
#5145 = FACE_SURFACE('',(#5140),#5144,.T.);
#5146 = POLY_LOOP('',(#5111,#5110,#5124,#5123));
#5147 = FACE_OUTER_BOUND('',#5146,.T.);
#5148 = DIRECTION('',(0.000000,1.000000,0.000000));
#5149 = DIRECTION('',(0.000000,0.000000,1.000000));
#5150 = AXIS2_PLACEMENT_3D('',#5111,#5148,#5149);
#5151 = PLANE('',#5150);
#5152 = FACE_SURFACE('',(#5147),#5151,.T.);
#5153 = POLY_LOOP('',(#5110,#5113,#5121,#5124));
#5154 = FACE_OUTER_BOUND('',#5153,.T.);
#5155 = DIRECTION('',(-1.000000,-0.000000,0.000000));
#5156 = DIRECTION('',(0.000000,-0.000000,1.000000));
#5157 = AXIS2_PLACEMENT_3D('',#5110,#5155,#5156);
#5158 = PLANE('',#5157);
#5159 = FACE_SURFACE('',(#5154),#5158,.T.);
#5160 = CLOSED_SHELL('',(#5120,#5131,#5138,#5145,#5152,#5159));
#5161 = FACETED_BREP('carrier_J22',#5160);
#5162 = CARTESIAN_POINT('',(45.200000,19.430000,0.000000));
#5163 = CARTESIAN_POINT('',(48.800000,19.430000,0.000000));
#5164 = CARTESIAN_POINT('',(48.800000,3.270000,0.000000));
#5165 = CARTESIAN_POINT('',(45.200000,3.270000,0.000000));
#5166 = POLY_LOOP('',(#5162,#5163,#5164,#5165));
#5167 = FACE_OUTER_BOUND('',#5166,.T.);
#5168 = DIRECTION('',(0.000000,0.000000,-1.000000));
#5169 = DIRECTION('',(-0.000000,1.000000,0.000000));
#5170 = AXIS2_PLACEMENT_3D('',#5162,#5168,#5169);
#5171 = PLANE('',#5170);
#5172 = FACE_SURFACE('',(#5167),#5171,.T.);
#5173 = CARTESIAN_POINT('',(45.200000,3.270000,8.500000));
#5174 = CARTESIAN_POINT('',(48.800000,3.270000,8.500000));
#5175 = CARTESIAN_POINT('',(48.800000,19.430000,8.500000));
#5176 = CARTESIAN_POINT('',(45.200000,19.430000,8.500000));
#5177 = POLY_LOOP('',(#5173,#5174,#5175,#5176));
#5178 = FACE_OUTER_BOUND('',#5177,.T.);
#5179 = DIRECTION('',(0.000000,0.000000,1.000000));
#5180 = DIRECTION('',(0.000000,-1.000000,0.000000));
#5181 = AXIS2_PLACEMENT_3D('',#5173,#5179,#5180);
#5182 = PLANE('',#5181);
#5183 = FACE_SURFACE('',(#5178),#5182,.T.);
#5184 = POLY_LOOP('',(#5165,#5164,#5174,#5173));
#5185 = FACE_OUTER_BOUND('',#5184,.T.);
#5186 = DIRECTION('',(0.000000,-1.000000,0.000000));
#5187 = DIRECTION('',(0.000000,0.000000,-1.000000));
#5188 = AXIS2_PLACEMENT_3D('',#5165,#5186,#5187);
#5189 = PLANE('',#5188);
#5190 = FACE_SURFACE('',(#5185),#5189,.T.);
#5191 = POLY_LOOP('',(#5164,#5163,#5175,#5174));
#5192 = FACE_OUTER_BOUND('',#5191,.T.);
#5193 = DIRECTION('',(1.000000,-0.000000,0.000000));
#5194 = DIRECTION('',(0.000000,0.000000,-1.000000));
#5195 = AXIS2_PLACEMENT_3D('',#5164,#5193,#5194);
#5196 = PLANE('',#5195);
#5197 = FACE_SURFACE('',(#5192),#5196,.T.);
#5198 = POLY_LOOP('',(#5163,#5162,#5176,#5175));
#5199 = FACE_OUTER_BOUND('',#5198,.T.);
#5200 = DIRECTION('',(0.000000,1.000000,0.000000));
#5201 = DIRECTION('',(0.000000,0.000000,1.000000));
#5202 = AXIS2_PLACEMENT_3D('',#5163,#5200,#5201);
#5203 = PLANE('',#5202);
#5204 = FACE_SURFACE('',(#5199),#5203,.T.);
#5205 = POLY_LOOP('',(#5162,#5165,#5173,#5176));
#5206 = FACE_OUTER_BOUND('',#5205,.T.);
#5207 = DIRECTION('',(-1.000000,-0.000000,0.000000));
#5208 = DIRECTION('',(0.000000,-0.000000,1.000000));
#5209 = AXIS2_PLACEMENT_3D('',#5162,#5207,#5208);
#5210 = PLANE('',#5209);
#5211 = FACE_SURFACE('',(#5206),#5210,.T.);
#5212 = CLOSED_SHELL('',(#5172,#5183,#5190,#5197,#5204,#5211));
#5213 = FACETED_BREP('carrier_J23',#5212);
#5214 = CARTESIAN_POINT('',(139.600000,83.100000,0.000000));
#5215 = CARTESIAN_POINT('',(146.400000,83.100000,0.000000));
#5216 = CARTESIAN_POINT('',(146.400000,77.800000,0.000000));
#5217 = CARTESIAN_POINT('',(139.600000,77.800000,0.000000));
#5218 = POLY_LOOP('',(#5214,#5215,#5216,#5217));
#5219 = FACE_OUTER_BOUND('',#5218,.T.);
#5220 = DIRECTION('',(0.000000,0.000000,-1.000000));
#5221 = DIRECTION('',(-0.000000,1.000000,0.000000));
#5222 = AXIS2_PLACEMENT_3D('',#5214,#5220,#5221);
#5223 = PLANE('',#5222);
#5224 = FACE_SURFACE('',(#5219),#5223,.T.);
#5225 = CARTESIAN_POINT('',(139.600000,77.800000,6.000000));
#5226 = CARTESIAN_POINT('',(146.400000,77.800000,6.000000));
#5227 = CARTESIAN_POINT('',(146.400000,83.100000,6.000000));
#5228 = CARTESIAN_POINT('',(139.600000,83.100000,6.000000));
#5229 = POLY_LOOP('',(#5225,#5226,#5227,#5228));
#5230 = FACE_OUTER_BOUND('',#5229,.T.);
#5231 = DIRECTION('',(0.000000,0.000000,1.000000));
#5232 = DIRECTION('',(0.000000,-1.000000,0.000000));
#5233 = AXIS2_PLACEMENT_3D('',#5225,#5231,#5232);
#5234 = PLANE('',#5233);
#5235 = FACE_SURFACE('',(#5230),#5234,.T.);
#5236 = POLY_LOOP('',(#5217,#5216,#5226,#5225));
#5237 = FACE_OUTER_BOUND('',#5236,.T.);
#5238 = DIRECTION('',(0.000000,-1.000000,0.000000));
#5239 = DIRECTION('',(0.000000,0.000000,-1.000000));
#5240 = AXIS2_PLACEMENT_3D('',#5217,#5238,#5239);
#5241 = PLANE('',#5240);
#5242 = FACE_SURFACE('',(#5237),#5241,.T.);
#5243 = POLY_LOOP('',(#5216,#5215,#5227,#5226));
#5244 = FACE_OUTER_BOUND('',#5243,.T.);
#5245 = DIRECTION('',(1.000000,-0.000000,0.000000));
#5246 = DIRECTION('',(0.000000,0.000000,-1.000000));
#5247 = AXIS2_PLACEMENT_3D('',#5216,#5245,#5246);
#5248 = PLANE('',#5247);
#5249 = FACE_SURFACE('',(#5244),#5248,.T.);
#5250 = POLY_LOOP('',(#5215,#5214,#5228,#5227));
#5251 = FACE_OUTER_BOUND('',#5250,.T.);
#5252 = DIRECTION('',(0.000000,1.000000,0.000000));
#5253 = DIRECTION('',(0.000000,0.000000,1.000000));
#5254 = AXIS2_PLACEMENT_3D('',#5215,#5252,#5253);
#5255 = PLANE('',#5254);
#5256 = FACE_SURFACE('',(#5251),#5255,.T.);
#5257 = POLY_LOOP('',(#5214,#5217,#5225,#5228));
#5258 = FACE_OUTER_BOUND('',#5257,.T.);
#5259 = DIRECTION('',(-1.000000,-0.000000,0.000000));
#5260 = DIRECTION('',(0.000000,-0.000000,1.000000));
#5261 = AXIS2_PLACEMENT_3D('',#5214,#5259,#5260);
#5262 = PLANE('',#5261);
#5263 = FACE_SURFACE('',(#5258),#5262,.T.);
#5264 = CLOSED_SHELL('',(#5224,#5235,#5242,#5249,#5256,#5263));
#5265 = FACETED_BREP('carrier_J24',#5264);
#5266 = CARTESIAN_POINT('',(126.200000,100.430000,0.000000));
#5267 = CARTESIAN_POINT('',(129.800000,100.430000,0.000000));
#5268 = CARTESIAN_POINT('',(129.800000,84.270000,0.000000));
#5269 = CARTESIAN_POINT('',(126.200000,84.270000,0.000000));
#5270 = POLY_LOOP('',(#5266,#5267,#5268,#5269));
#5271 = FACE_OUTER_BOUND('',#5270,.T.);
#5272 = DIRECTION('',(0.000000,0.000000,-1.000000));
#5273 = DIRECTION('',(-0.000000,1.000000,0.000000));
#5274 = AXIS2_PLACEMENT_3D('',#5266,#5272,#5273);
#5275 = PLANE('',#5274);
#5276 = FACE_SURFACE('',(#5271),#5275,.T.);
#5277 = CARTESIAN_POINT('',(126.200000,84.270000,8.500000));
#5278 = CARTESIAN_POINT('',(129.800000,84.270000,8.500000));
#5279 = CARTESIAN_POINT('',(129.800000,100.430000,8.500000));
#5280 = CARTESIAN_POINT('',(126.200000,100.430000,8.500000));
#5281 = POLY_LOOP('',(#5277,#5278,#5279,#5280));
#5282 = FACE_OUTER_BOUND('',#5281,.T.);
#5283 = DIRECTION('',(0.000000,0.000000,1.000000));
#5284 = DIRECTION('',(0.000000,-1.000000,0.000000));
#5285 = AXIS2_PLACEMENT_3D('',#5277,#5283,#5284);
#5286 = PLANE('',#5285);
#5287 = FACE_SURFACE('',(#5282),#5286,.T.);
#5288 = POLY_LOOP('',(#5269,#5268,#5278,#5277));
#5289 = FACE_OUTER_BOUND('',#5288,.T.);
#5290 = DIRECTION('',(0.000000,-1.000000,0.000000));
#5291 = DIRECTION('',(0.000000,0.000000,-1.000000));
#5292 = AXIS2_PLACEMENT_3D('',#5269,#5290,#5291);
#5293 = PLANE('',#5292);
#5294 = FACE_SURFACE('',(#5289),#5293,.T.);
#5295 = POLY_LOOP('',(#5268,#5267,#5279,#5278));
#5296 = FACE_OUTER_BOUND('',#5295,.T.);
#5297 = DIRECTION('',(1.000000,-0.000000,0.000000));
#5298 = DIRECTION('',(0.000000,0.000000,-1.000000));
#5299 = AXIS2_PLACEMENT_3D('',#5268,#5297,#5298);
#5300 = PLANE('',#5299);
#5301 = FACE_SURFACE('',(#5296),#5300,.T.);
#5302 = POLY_LOOP('',(#5267,#5266,#5280,#5279));
#5303 = FACE_OUTER_BOUND('',#5302,.T.);
#5304 = DIRECTION('',(0.000000,1.000000,0.000000));
#5305 = DIRECTION('',(0.000000,0.000000,1.000000));
#5306 = AXIS2_PLACEMENT_3D('',#5267,#5304,#5305);
#5307 = PLANE('',#5306);
#5308 = FACE_SURFACE('',(#5303),#5307,.T.);
#5309 = POLY_LOOP('',(#5266,#5269,#5277,#5280));
#5310 = FACE_OUTER_BOUND('',#5309,.T.);
#5311 = DIRECTION('',(-1.000000,-0.000000,0.000000));
#5312 = DIRECTION('',(0.000000,-0.000000,1.000000));
#5313 = AXIS2_PLACEMENT_3D('',#5266,#5311,#5312);
#5314 = PLANE('',#5313);
#5315 = FACE_SURFACE('',(#5310),#5314,.T.);
#5316 = CLOSED_SHELL('',(#5276,#5287,#5294,#5301,#5308,#5315));
#5317 = FACETED_BREP('carrier_J25',#5316);
#5318 = CARTESIAN_POINT('',(115.200000,22.430000,0.000000));
#5319 = CARTESIAN_POINT('',(118.800000,22.430000,0.000000));
#5320 = CARTESIAN_POINT('',(118.800000,6.270000,0.000000));
#5321 = CARTESIAN_POINT('',(115.200000,6.270000,0.000000));
#5322 = POLY_LOOP('',(#5318,#5319,#5320,#5321));
#5323 = FACE_OUTER_BOUND('',#5322,.T.);
#5324 = DIRECTION('',(0.000000,0.000000,-1.000000));
#5325 = DIRECTION('',(-0.000000,1.000000,0.000000));
#5326 = AXIS2_PLACEMENT_3D('',#5318,#5324,#5325);
#5327 = PLANE('',#5326);
#5328 = FACE_SURFACE('',(#5323),#5327,.T.);
#5329 = CARTESIAN_POINT('',(115.200000,6.270000,8.500000));
#5330 = CARTESIAN_POINT('',(118.800000,6.270000,8.500000));
#5331 = CARTESIAN_POINT('',(118.800000,22.430000,8.500000));
#5332 = CARTESIAN_POINT('',(115.200000,22.430000,8.500000));
#5333 = POLY_LOOP('',(#5329,#5330,#5331,#5332));
#5334 = FACE_OUTER_BOUND('',#5333,.T.);
#5335 = DIRECTION('',(0.000000,0.000000,1.000000));
#5336 = DIRECTION('',(0.000000,-1.000000,0.000000));
#5337 = AXIS2_PLACEMENT_3D('',#5329,#5335,#5336);
#5338 = PLANE('',#5337);
#5339 = FACE_SURFACE('',(#5334),#5338,.T.);
#5340 = POLY_LOOP('',(#5321,#5320,#5330,#5329));
#5341 = FACE_OUTER_BOUND('',#5340,.T.);
#5342 = DIRECTION('',(0.000000,-1.000000,0.000000));
#5343 = DIRECTION('',(0.000000,0.000000,-1.000000));
#5344 = AXIS2_PLACEMENT_3D('',#5321,#5342,#5343);
#5345 = PLANE('',#5344);
#5346 = FACE_SURFACE('',(#5341),#5345,.T.);
#5347 = POLY_LOOP('',(#5320,#5319,#5331,#5330));
#5348 = FACE_OUTER_BOUND('',#5347,.T.);
#5349 = DIRECTION('',(1.000000,-0.000000,0.000000));
#5350 = DIRECTION('',(0.000000,0.000000,-1.000000));
#5351 = AXIS2_PLACEMENT_3D('',#5320,#5349,#5350);
#5352 = PLANE('',#5351);
#5353 = FACE_SURFACE('',(#5348),#5352,.T.);
#5354 = POLY_LOOP('',(#5319,#5318,#5332,#5331));
#5355 = FACE_OUTER_BOUND('',#5354,.T.);
#5356 = DIRECTION('',(0.000000,1.000000,0.000000));
#5357 = DIRECTION('',(0.000000,0.000000,1.000000));
#5358 = AXIS2_PLACEMENT_3D('',#5319,#5356,#5357);
#5359 = PLANE('',#5358);
#5360 = FACE_SURFACE('',(#5355),#5359,.T.);
#5361 = POLY_LOOP('',(#5318,#5321,#5329,#5332));
#5362 = FACE_OUTER_BOUND('',#5361,.T.);
#5363 = DIRECTION('',(-1.000000,-0.000000,0.000000));
#5364 = DIRECTION('',(0.000000,-0.000000,1.000000));
#5365 = AXIS2_PLACEMENT_3D('',#5318,#5363,#5364);
#5366 = PLANE('',#5365);
#5367 = FACE_SURFACE('',(#5362),#5366,.T.);
#5368 = CLOSED_SHELL('',(#5328,#5339,#5346,#5353,#5360,#5367));
#5369 = FACETED_BREP('carrier_J26',#5368);
#5370 = CARTESIAN_POINT('',(126.200000,81.350000,0.000000));
#5371 = CARTESIAN_POINT('',(129.800000,81.350000,0.000000));
#5372 = CARTESIAN_POINT('',(129.800000,70.270000,0.000000));
#5373 = CARTESIAN_POINT('',(126.200000,70.270000,0.000000));
#5374 = POLY_LOOP('',(#5370,#5371,#5372,#5373));
#5375 = FACE_OUTER_BOUND('',#5374,.T.);
#5376 = DIRECTION('',(0.000000,0.000000,-1.000000));
#5377 = DIRECTION('',(-0.000000,1.000000,0.000000));
#5378 = AXIS2_PLACEMENT_3D('',#5370,#5376,#5377);
#5379 = PLANE('',#5378);
#5380 = FACE_SURFACE('',(#5375),#5379,.T.);
#5381 = CARTESIAN_POINT('',(126.200000,70.270000,8.500000));
#5382 = CARTESIAN_POINT('',(129.800000,70.270000,8.500000));
#5383 = CARTESIAN_POINT('',(129.800000,81.350000,8.500000));
#5384 = CARTESIAN_POINT('',(126.200000,81.350000,8.500000));
#5385 = POLY_LOOP('',(#5381,#5382,#5383,#5384));
#5386 = FACE_OUTER_BOUND('',#5385,.T.);
#5387 = DIRECTION('',(0.000000,0.000000,1.000000));
#5388 = DIRECTION('',(0.000000,-1.000000,0.000000));
#5389 = AXIS2_PLACEMENT_3D('',#5381,#5387,#5388);
#5390 = PLANE('',#5389);
#5391 = FACE_SURFACE('',(#5386),#5390,.T.);
#5392 = POLY_LOOP('',(#5373,#5372,#5382,#5381));
#5393 = FACE_OUTER_BOUND('',#5392,.T.);
#5394 = DIRECTION('',(0.000000,-1.000000,0.000000));
#5395 = DIRECTION('',(0.000000,0.000000,-1.000000));
#5396 = AXIS2_PLACEMENT_3D('',#5373,#5394,#5395);
#5397 = PLANE('',#5396);
#5398 = FACE_SURFACE('',(#5393),#5397,.T.);
#5399 = POLY_LOOP('',(#5372,#5371,#5383,#5382));
#5400 = FACE_OUTER_BOUND('',#5399,.T.);
#5401 = DIRECTION('',(1.000000,-0.000000,0.000000));
#5402 = DIRECTION('',(0.000000,0.000000,-1.000000));
#5403 = AXIS2_PLACEMENT_3D('',#5372,#5401,#5402);
#5404 = PLANE('',#5403);
#5405 = FACE_SURFACE('',(#5400),#5404,.T.);
#5406 = POLY_LOOP('',(#5371,#5370,#5384,#5383));
#5407 = FACE_OUTER_BOUND('',#5406,.T.);
#5408 = DIRECTION('',(0.000000,1.000000,0.000000));
#5409 = DIRECTION('',(0.000000,0.000000,1.000000));
#5410 = AXIS2_PLACEMENT_3D('',#5371,#5408,#5409);
#5411 = PLANE('',#5410);
#5412 = FACE_SURFACE('',(#5407),#5411,.T.);
#5413 = POLY_LOOP('',(#5370,#5373,#5381,#5384));
#5414 = FACE_OUTER_BOUND('',#5413,.T.);
#5415 = DIRECTION('',(-1.000000,-0.000000,0.000000));
#5416 = DIRECTION('',(0.000000,-0.000000,1.000000));
#5417 = AXIS2_PLACEMENT_3D('',#5370,#5415,#5416);
#5418 = PLANE('',#5417);
#5419 = FACE_SURFACE('',(#5414),#5418,.T.);
#5420 = CLOSED_SHELL('',(#5380,#5391,#5398,#5405,#5412,#5419));
#5421 = FACETED_BREP('carrier_J27',#5420);
#5422 = CARTESIAN_POINT('',(120.200000,111.350000,0.000000));
#5423 = CARTESIAN_POINT('',(123.800000,111.350000,0.000000));
#5424 = CARTESIAN_POINT('',(123.800000,100.270000,0.000000));
#5425 = CARTESIAN_POINT('',(120.200000,100.270000,0.000000));
#5426 = POLY_LOOP('',(#5422,#5423,#5424,#5425));
#5427 = FACE_OUTER_BOUND('',#5426,.T.);
#5428 = DIRECTION('',(0.000000,0.000000,-1.000000));
#5429 = DIRECTION('',(-0.000000,1.000000,0.000000));
#5430 = AXIS2_PLACEMENT_3D('',#5422,#5428,#5429);
#5431 = PLANE('',#5430);
#5432 = FACE_SURFACE('',(#5427),#5431,.T.);
#5433 = CARTESIAN_POINT('',(120.200000,100.270000,8.500000));
#5434 = CARTESIAN_POINT('',(123.800000,100.270000,8.500000));
#5435 = CARTESIAN_POINT('',(123.800000,111.350000,8.500000));
#5436 = CARTESIAN_POINT('',(120.200000,111.350000,8.500000));
#5437 = POLY_LOOP('',(#5433,#5434,#5435,#5436));
#5438 = FACE_OUTER_BOUND('',#5437,.T.);
#5439 = DIRECTION('',(0.000000,0.000000,1.000000));
#5440 = DIRECTION('',(0.000000,-1.000000,0.000000));
#5441 = AXIS2_PLACEMENT_3D('',#5433,#5439,#5440);
#5442 = PLANE('',#5441);
#5443 = FACE_SURFACE('',(#5438),#5442,.T.);
#5444 = POLY_LOOP('',(#5425,#5424,#5434,#5433));
#5445 = FACE_OUTER_BOUND('',#5444,.T.);
#5446 = DIRECTION('',(0.000000,-1.000000,0.000000));
#5447 = DIRECTION('',(0.000000,0.000000,-1.000000));
#5448 = AXIS2_PLACEMENT_3D('',#5425,#5446,#5447);
#5449 = PLANE('',#5448);
#5450 = FACE_SURFACE('',(#5445),#5449,.T.);
#5451 = POLY_LOOP('',(#5424,#5423,#5435,#5434));
#5452 = FACE_OUTER_BOUND('',#5451,.T.);
#5453 = DIRECTION('',(1.000000,-0.000000,0.000000));
#5454 = DIRECTION('',(0.000000,0.000000,-1.000000));
#5455 = AXIS2_PLACEMENT_3D('',#5424,#5453,#5454);
#5456 = PLANE('',#5455);
#5457 = FACE_SURFACE('',(#5452),#5456,.T.);
#5458 = POLY_LOOP('',(#5423,#5422,#5436,#5435));
#5459 = FACE_OUTER_BOUND('',#5458,.T.);
#5460 = DIRECTION('',(0.000000,1.000000,0.000000));
#5461 = DIRECTION('',(0.000000,0.000000,1.000000));
#5462 = AXIS2_PLACEMENT_3D('',#5423,#5460,#5461);
#5463 = PLANE('',#5462);
#5464 = FACE_SURFACE('',(#5459),#5463,.T.);
#5465 = POLY_LOOP('',(#5422,#5425,#5433,#5436));
#5466 = FACE_OUTER_BOUND('',#5465,.T.);
#5467 = DIRECTION('',(-1.000000,-0.000000,0.000000));
#5468 = DIRECTION('',(0.000000,-0.000000,1.000000));
#5469 = AXIS2_PLACEMENT_3D('',#5422,#5467,#5468);
#5470 = PLANE('',#5469);
#5471 = FACE_SURFACE('',(#5466),#5470,.T.);
#5472 = CLOSED_SHELL('',(#5432,#5443,#5450,#5457,#5464,#5471));
#5473 = FACETED_BREP('carrier_J28',#5472);
#5474 = CARTESIAN_POINT('',(45.200000,38.430000,0.000000));
#5475 = CARTESIAN_POINT('',(48.800000,38.430000,0.000000));
#5476 = CARTESIAN_POINT('',(48.800000,22.270000,0.000000));
#5477 = CARTESIAN_POINT('',(45.200000,22.270000,0.000000));
#5478 = POLY_LOOP('',(#5474,#5475,#5476,#5477));
#5479 = FACE_OUTER_BOUND('',#5478,.T.);
#5480 = DIRECTION('',(0.000000,0.000000,-1.000000));
#5481 = DIRECTION('',(-0.000000,1.000000,0.000000));
#5482 = AXIS2_PLACEMENT_3D('',#5474,#5480,#5481);
#5483 = PLANE('',#5482);
#5484 = FACE_SURFACE('',(#5479),#5483,.T.);
#5485 = CARTESIAN_POINT('',(45.200000,22.270000,8.500000));
#5486 = CARTESIAN_POINT('',(48.800000,22.270000,8.500000));
#5487 = CARTESIAN_POINT('',(48.800000,38.430000,8.500000));
#5488 = CARTESIAN_POINT('',(45.200000,38.430000,8.500000));
#5489 = POLY_LOOP('',(#5485,#5486,#5487,#5488));
#5490 = FACE_OUTER_BOUND('',#5489,.T.);
#5491 = DIRECTION('',(0.000000,0.000000,1.000000));
#5492 = DIRECTION('',(0.000000,-1.000000,0.000000));
#5493 = AXIS2_PLACEMENT_3D('',#5485,#5491,#5492);
#5494 = PLANE('',#5493);
#5495 = FACE_SURFACE('',(#5490),#5494,.T.);
#5496 = POLY_LOOP('',(#5477,#5476,#5486,#5485));
#5497 = FACE_OUTER_BOUND('',#5496,.T.);
#5498 = DIRECTION('',(0.000000,-1.000000,0.000000));
#5499 = DIRECTION('',(0.000000,0.000000,-1.000000));
#5500 = AXIS2_PLACEMENT_3D('',#5477,#5498,#5499);
#5501 = PLANE('',#5500);
#5502 = FACE_SURFACE('',(#5497),#5501,.T.);
#5503 = POLY_LOOP('',(#5476,#5475,#5487,#5486));
#5504 = FACE_OUTER_BOUND('',#5503,.T.);
#5505 = DIRECTION('',(1.000000,-0.000000,0.000000));
#5506 = DIRECTION('',(0.000000,0.000000,-1.000000));
#5507 = AXIS2_PLACEMENT_3D('',#5476,#5505,#5506);
#5508 = PLANE('',#5507);
#5509 = FACE_SURFACE('',(#5504),#5508,.T.);
#5510 = POLY_LOOP('',(#5475,#5474,#5488,#5487));
#5511 = FACE_OUTER_BOUND('',#5510,.T.);
#5512 = DIRECTION('',(0.000000,1.000000,0.000000));
#5513 = DIRECTION('',(0.000000,0.000000,1.000000));
#5514 = AXIS2_PLACEMENT_3D('',#5475,#5512,#5513);
#5515 = PLANE('',#5514);
#5516 = FACE_SURFACE('',(#5511),#5515,.T.);
#5517 = POLY_LOOP('',(#5474,#5477,#5485,#5488));
#5518 = FACE_OUTER_BOUND('',#5517,.T.);
#5519 = DIRECTION('',(-1.000000,-0.000000,0.000000));
#5520 = DIRECTION('',(0.000000,-0.000000,1.000000));
#5521 = AXIS2_PLACEMENT_3D('',#5474,#5519,#5520);
#5522 = PLANE('',#5521);
#5523 = FACE_SURFACE('',(#5518),#5522,.T.);
#5524 = CLOSED_SHELL('',(#5484,#5495,#5502,#5509,#5516,#5523));
#5525 = FACETED_BREP('carrier_J29',#5524);
#5526 = CARTESIAN_POINT('',(64.200000,114.590000,0.000000));
#5527 = CARTESIAN_POINT('',(67.800000,114.590000,0.000000));
#5528 = CARTESIAN_POINT('',(67.800000,88.270000,0.000000));
#5529 = CARTESIAN_POINT('',(64.200000,88.270000,0.000000));
#5530 = POLY_LOOP('',(#5526,#5527,#5528,#5529));
#5531 = FACE_OUTER_BOUND('',#5530,.T.);
#5532 = DIRECTION('',(0.000000,0.000000,-1.000000));
#5533 = DIRECTION('',(-0.000000,1.000000,0.000000));
#5534 = AXIS2_PLACEMENT_3D('',#5526,#5532,#5533);
#5535 = PLANE('',#5534);
#5536 = FACE_SURFACE('',(#5531),#5535,.T.);
#5537 = CARTESIAN_POINT('',(64.200000,88.270000,8.500000));
#5538 = CARTESIAN_POINT('',(67.800000,88.270000,8.500000));
#5539 = CARTESIAN_POINT('',(67.800000,114.590000,8.500000));
#5540 = CARTESIAN_POINT('',(64.200000,114.590000,8.500000));
#5541 = POLY_LOOP('',(#5537,#5538,#5539,#5540));
#5542 = FACE_OUTER_BOUND('',#5541,.T.);
#5543 = DIRECTION('',(0.000000,0.000000,1.000000));
#5544 = DIRECTION('',(0.000000,-1.000000,0.000000));
#5545 = AXIS2_PLACEMENT_3D('',#5537,#5543,#5544);
#5546 = PLANE('',#5545);
#5547 = FACE_SURFACE('',(#5542),#5546,.T.);
#5548 = POLY_LOOP('',(#5529,#5528,#5538,#5537));
#5549 = FACE_OUTER_BOUND('',#5548,.T.);
#5550 = DIRECTION('',(0.000000,-1.000000,0.000000));
#5551 = DIRECTION('',(0.000000,0.000000,-1.000000));
#5552 = AXIS2_PLACEMENT_3D('',#5529,#5550,#5551);
#5553 = PLANE('',#5552);
#5554 = FACE_SURFACE('',(#5549),#5553,.T.);
#5555 = POLY_LOOP('',(#5528,#5527,#5539,#5538));
#5556 = FACE_OUTER_BOUND('',#5555,.T.);
#5557 = DIRECTION('',(1.000000,-0.000000,0.000000));
#5558 = DIRECTION('',(0.000000,0.000000,-1.000000));
#5559 = AXIS2_PLACEMENT_3D('',#5528,#5557,#5558);
#5560 = PLANE('',#5559);
#5561 = FACE_SURFACE('',(#5556),#5560,.T.);
#5562 = POLY_LOOP('',(#5527,#5526,#5540,#5539));
#5563 = FACE_OUTER_BOUND('',#5562,.T.);
#5564 = DIRECTION('',(0.000000,1.000000,0.000000));
#5565 = DIRECTION('',(0.000000,0.000000,1.000000));
#5566 = AXIS2_PLACEMENT_3D('',#5527,#5564,#5565);
#5567 = PLANE('',#5566);
#5568 = FACE_SURFACE('',(#5563),#5567,.T.);
#5569 = POLY_LOOP('',(#5526,#5529,#5537,#5540));
#5570 = FACE_OUTER_BOUND('',#5569,.T.);
#5571 = DIRECTION('',(-1.000000,-0.000000,0.000000));
#5572 = DIRECTION('',(0.000000,-0.000000,1.000000));
#5573 = AXIS2_PLACEMENT_3D('',#5526,#5571,#5572);
#5574 = PLANE('',#5573);
#5575 = FACE_SURFACE('',(#5570),#5574,.T.);
#5576 = CLOSED_SHELL('',(#5536,#5547,#5554,#5561,#5568,#5575));
#5577 = FACETED_BREP('carrier_J30',#5576);
#5578 = CARTESIAN_POINT('',(129.275000,17.475000,0.000000));
#5579 = CARTESIAN_POINT('',(130.725000,17.475000,0.000000));
#5580 = CARTESIAN_POINT('',(130.725000,14.525000,0.000000));
#5581 = CARTESIAN_POINT('',(129.275000,14.525000,0.000000));
#5582 = POLY_LOOP('',(#5578,#5579,#5580,#5581));
#5583 = FACE_OUTER_BOUND('',#5582,.T.);
#5584 = DIRECTION('',(0.000000,0.000000,-1.000000));
#5585 = DIRECTION('',(-0.000000,1.000000,0.000000));
#5586 = AXIS2_PLACEMENT_3D('',#5578,#5584,#5585);
#5587 = PLANE('',#5586);
#5588 = FACE_SURFACE('',(#5583),#5587,.T.);
#5589 = CARTESIAN_POINT('',(129.275000,14.525000,0.950000));
#5590 = CARTESIAN_POINT('',(130.725000,14.525000,0.950000));
#5591 = CARTESIAN_POINT('',(130.725000,17.475000,0.950000));
#5592 = CARTESIAN_POINT('',(129.275000,17.475000,0.950000));
#5593 = POLY_LOOP('',(#5589,#5590,#5591,#5592));
#5594 = FACE_OUTER_BOUND('',#5593,.T.);
#5595 = DIRECTION('',(0.000000,0.000000,1.000000));
#5596 = DIRECTION('',(0.000000,-1.000000,0.000000));
#5597 = AXIS2_PLACEMENT_3D('',#5589,#5595,#5596);
#5598 = PLANE('',#5597);
#5599 = FACE_SURFACE('',(#5594),#5598,.T.);
#5600 = POLY_LOOP('',(#5581,#5580,#5590,#5589));
#5601 = FACE_OUTER_BOUND('',#5600,.T.);
#5602 = DIRECTION('',(0.000000,-1.000000,0.000000));
#5603 = DIRECTION('',(0.000000,0.000000,-1.000000));
#5604 = AXIS2_PLACEMENT_3D('',#5581,#5602,#5603);
#5605 = PLANE('',#5604);
#5606 = FACE_SURFACE('',(#5601),#5605,.T.);
#5607 = POLY_LOOP('',(#5580,#5579,#5591,#5590));
#5608 = FACE_OUTER_BOUND('',#5607,.T.);
#5609 = DIRECTION('',(1.000000,-0.000000,0.000000));
#5610 = DIRECTION('',(0.000000,0.000000,-1.000000));
#5611 = AXIS2_PLACEMENT_3D('',#5580,#5609,#5610);
#5612 = PLANE('',#5611);
#5613 = FACE_SURFACE('',(#5608),#5612,.T.);
#5614 = POLY_LOOP('',(#5579,#5578,#5592,#5591));
#5615 = FACE_OUTER_BOUND('',#5614,.T.);
#5616 = DIRECTION('',(0.000000,1.000000,0.000000));
#5617 = DIRECTION('',(0.000000,0.000000,1.000000));
#5618 = AXIS2_PLACEMENT_3D('',#5579,#5616,#5617);
#5619 = PLANE('',#5618);
#5620 = FACE_SURFACE('',(#5615),#5619,.T.);
#5621 = POLY_LOOP('',(#5578,#5581,#5589,#5592));
#5622 = FACE_OUTER_BOUND('',#5621,.T.);
#5623 = DIRECTION('',(-1.000000,-0.000000,0.000000));
#5624 = DIRECTION('',(0.000000,-0.000000,1.000000));
#5625 = AXIS2_PLACEMENT_3D('',#5578,#5623,#5624);
#5626 = PLANE('',#5625);
#5627 = FACE_SURFACE('',(#5622),#5626,.T.);
#5628 = CLOSED_SHELL('',(#5588,#5599,#5606,#5613,#5620,#5627));
#5629 = FACETED_BREP('carrier_L1',#5628);
#5630 = CARTESIAN_POINT('',(14.525000,5.725000,0.000000));
#5631 = CARTESIAN_POINT('',(17.475000,5.725000,0.000000));
#5632 = CARTESIAN_POINT('',(17.475000,4.275000,0.000000));
#5633 = CARTESIAN_POINT('',(14.525000,4.275000,0.000000));
#5634 = POLY_LOOP('',(#5630,#5631,#5632,#5633));
#5635 = FACE_OUTER_BOUND('',#5634,.T.);
#5636 = DIRECTION('',(0.000000,0.000000,-1.000000));
#5637 = DIRECTION('',(-0.000000,1.000000,0.000000));
#5638 = AXIS2_PLACEMENT_3D('',#5630,#5636,#5637);
#5639 = PLANE('',#5638);
#5640 = FACE_SURFACE('',(#5635),#5639,.T.);
#5641 = CARTESIAN_POINT('',(14.525000,4.275000,0.950000));
#5642 = CARTESIAN_POINT('',(17.475000,4.275000,0.950000));
#5643 = CARTESIAN_POINT('',(17.475000,5.725000,0.950000));
#5644 = CARTESIAN_POINT('',(14.525000,5.725000,0.950000));
#5645 = POLY_LOOP('',(#5641,#5642,#5643,#5644));
#5646 = FACE_OUTER_BOUND('',#5645,.T.);
#5647 = DIRECTION('',(0.000000,0.000000,1.000000));
#5648 = DIRECTION('',(0.000000,-1.000000,0.000000));
#5649 = AXIS2_PLACEMENT_3D('',#5641,#5647,#5648);
#5650 = PLANE('',#5649);
#5651 = FACE_SURFACE('',(#5646),#5650,.T.);
#5652 = POLY_LOOP('',(#5633,#5632,#5642,#5641));
#5653 = FACE_OUTER_BOUND('',#5652,.T.);
#5654 = DIRECTION('',(0.000000,-1.000000,0.000000));
#5655 = DIRECTION('',(0.000000,0.000000,-1.000000));
#5656 = AXIS2_PLACEMENT_3D('',#5633,#5654,#5655);
#5657 = PLANE('',#5656);
#5658 = FACE_SURFACE('',(#5653),#5657,.T.);
#5659 = POLY_LOOP('',(#5632,#5631,#5643,#5642));
#5660 = FACE_OUTER_BOUND('',#5659,.T.);
#5661 = DIRECTION('',(1.000000,-0.000000,0.000000));
#5662 = DIRECTION('',(0.000000,0.000000,-1.000000));
#5663 = AXIS2_PLACEMENT_3D('',#5632,#5661,#5662);
#5664 = PLANE('',#5663);
#5665 = FACE_SURFACE('',(#5660),#5664,.T.);
#5666 = POLY_LOOP('',(#5631,#5630,#5644,#5643));
#5667 = FACE_OUTER_BOUND('',#5666,.T.);
#5668 = DIRECTION('',(0.000000,1.000000,0.000000));
#5669 = DIRECTION('',(0.000000,0.000000,1.000000));
#5670 = AXIS2_PLACEMENT_3D('',#5631,#5668,#5669);
#5671 = PLANE('',#5670);
#5672 = FACE_SURFACE('',(#5667),#5671,.T.);
#5673 = POLY_LOOP('',(#5630,#5633,#5641,#5644));
#5674 = FACE_OUTER_BOUND('',#5673,.T.);
#5675 = DIRECTION('',(-1.000000,-0.000000,0.000000));
#5676 = DIRECTION('',(0.000000,-0.000000,1.000000));
#5677 = AXIS2_PLACEMENT_3D('',#5630,#5675,#5676);
#5678 = PLANE('',#5677);
#5679 = FACE_SURFACE('',(#5674),#5678,.T.);
#5680 = CLOSED_SHELL('',(#5640,#5651,#5658,#5665,#5672,#5679));
#5681 = FACETED_BREP('carrier_R1',#5680);
#5682 = CARTESIAN_POINT('',(14.525000,10.025000,0.000000));
#5683 = CARTESIAN_POINT('',(17.475000,10.025000,0.000000));
#5684 = CARTESIAN_POINT('',(17.475000,8.575000,0.000000));
#5685 = CARTESIAN_POINT('',(14.525000,8.575000,0.000000));
#5686 = POLY_LOOP('',(#5682,#5683,#5684,#5685));
#5687 = FACE_OUTER_BOUND('',#5686,.T.);
#5688 = DIRECTION('',(0.000000,0.000000,-1.000000));
#5689 = DIRECTION('',(-0.000000,1.000000,0.000000));
#5690 = AXIS2_PLACEMENT_3D('',#5682,#5688,#5689);
#5691 = PLANE('',#5690);
#5692 = FACE_SURFACE('',(#5687),#5691,.T.);
#5693 = CARTESIAN_POINT('',(14.525000,8.575000,0.950000));
#5694 = CARTESIAN_POINT('',(17.475000,8.575000,0.950000));
#5695 = CARTESIAN_POINT('',(17.475000,10.025000,0.950000));
#5696 = CARTESIAN_POINT('',(14.525000,10.025000,0.950000));
#5697 = POLY_LOOP('',(#5693,#5694,#5695,#5696));
#5698 = FACE_OUTER_BOUND('',#5697,.T.);
#5699 = DIRECTION('',(0.000000,0.000000,1.000000));
#5700 = DIRECTION('',(0.000000,-1.000000,0.000000));
#5701 = AXIS2_PLACEMENT_3D('',#5693,#5699,#5700);
#5702 = PLANE('',#5701);
#5703 = FACE_SURFACE('',(#5698),#5702,.T.);
#5704 = POLY_LOOP('',(#5685,#5684,#5694,#5693));
#5705 = FACE_OUTER_BOUND('',#5704,.T.);
#5706 = DIRECTION('',(0.000000,-1.000000,0.000000));
#5707 = DIRECTION('',(0.000000,0.000000,-1.000000));
#5708 = AXIS2_PLACEMENT_3D('',#5685,#5706,#5707);
#5709 = PLANE('',#5708);
#5710 = FACE_SURFACE('',(#5705),#5709,.T.);
#5711 = POLY_LOOP('',(#5684,#5683,#5695,#5694));
#5712 = FACE_OUTER_BOUND('',#5711,.T.);
#5713 = DIRECTION('',(1.000000,-0.000000,0.000000));
#5714 = DIRECTION('',(0.000000,0.000000,-1.000000));
#5715 = AXIS2_PLACEMENT_3D('',#5684,#5713,#5714);
#5716 = PLANE('',#5715);
#5717 = FACE_SURFACE('',(#5712),#5716,.T.);
#5718 = POLY_LOOP('',(#5683,#5682,#5696,#5695));
#5719 = FACE_OUTER_BOUND('',#5718,.T.);
#5720 = DIRECTION('',(0.000000,1.000000,0.000000));
#5721 = DIRECTION('',(0.000000,0.000000,1.000000));
#5722 = AXIS2_PLACEMENT_3D('',#5683,#5720,#5721);
#5723 = PLANE('',#5722);
#5724 = FACE_SURFACE('',(#5719),#5723,.T.);
#5725 = POLY_LOOP('',(#5682,#5685,#5693,#5696));
#5726 = FACE_OUTER_BOUND('',#5725,.T.);
#5727 = DIRECTION('',(-1.000000,-0.000000,0.000000));
#5728 = DIRECTION('',(0.000000,-0.000000,1.000000));
#5729 = AXIS2_PLACEMENT_3D('',#5682,#5727,#5728);
#5730 = PLANE('',#5729);
#5731 = FACE_SURFACE('',(#5726),#5730,.T.);
#5732 = CLOSED_SHELL('',(#5692,#5703,#5710,#5717,#5724,#5731));
#5733 = FACETED_BREP('carrier_R2',#5732);
#5734 = CARTESIAN_POINT('',(14.525000,14.325000,0.000000));
#5735 = CARTESIAN_POINT('',(17.475000,14.325000,0.000000));
#5736 = CARTESIAN_POINT('',(17.475000,12.875000,0.000000));
#5737 = CARTESIAN_POINT('',(14.525000,12.875000,0.000000));
#5738 = POLY_LOOP('',(#5734,#5735,#5736,#5737));
#5739 = FACE_OUTER_BOUND('',#5738,.T.);
#5740 = DIRECTION('',(0.000000,0.000000,-1.000000));
#5741 = DIRECTION('',(-0.000000,1.000000,0.000000));
#5742 = AXIS2_PLACEMENT_3D('',#5734,#5740,#5741);
#5743 = PLANE('',#5742);
#5744 = FACE_SURFACE('',(#5739),#5743,.T.);
#5745 = CARTESIAN_POINT('',(14.525000,12.875000,0.950000));
#5746 = CARTESIAN_POINT('',(17.475000,12.875000,0.950000));
#5747 = CARTESIAN_POINT('',(17.475000,14.325000,0.950000));
#5748 = CARTESIAN_POINT('',(14.525000,14.325000,0.950000));
#5749 = POLY_LOOP('',(#5745,#5746,#5747,#5748));
#5750 = FACE_OUTER_BOUND('',#5749,.T.);
#5751 = DIRECTION('',(0.000000,0.000000,1.000000));
#5752 = DIRECTION('',(0.000000,-1.000000,0.000000));
#5753 = AXIS2_PLACEMENT_3D('',#5745,#5751,#5752);
#5754 = PLANE('',#5753);
#5755 = FACE_SURFACE('',(#5750),#5754,.T.);
#5756 = POLY_LOOP('',(#5737,#5736,#5746,#5745));
#5757 = FACE_OUTER_BOUND('',#5756,.T.);
#5758 = DIRECTION('',(0.000000,-1.000000,0.000000));
#5759 = DIRECTION('',(0.000000,0.000000,-1.000000));
#5760 = AXIS2_PLACEMENT_3D('',#5737,#5758,#5759);
#5761 = PLANE('',#5760);
#5762 = FACE_SURFACE('',(#5757),#5761,.T.);
#5763 = POLY_LOOP('',(#5736,#5735,#5747,#5746));
#5764 = FACE_OUTER_BOUND('',#5763,.T.);
#5765 = DIRECTION('',(1.000000,-0.000000,0.000000));
#5766 = DIRECTION('',(0.000000,0.000000,-1.000000));
#5767 = AXIS2_PLACEMENT_3D('',#5736,#5765,#5766);
#5768 = PLANE('',#5767);
#5769 = FACE_SURFACE('',(#5764),#5768,.T.);
#5770 = POLY_LOOP('',(#5735,#5734,#5748,#5747));
#5771 = FACE_OUTER_BOUND('',#5770,.T.);
#5772 = DIRECTION('',(0.000000,1.000000,0.000000));
#5773 = DIRECTION('',(0.000000,0.000000,1.000000));
#5774 = AXIS2_PLACEMENT_3D('',#5735,#5772,#5773);
#5775 = PLANE('',#5774);
#5776 = FACE_SURFACE('',(#5771),#5775,.T.);
#5777 = POLY_LOOP('',(#5734,#5737,#5745,#5748));
#5778 = FACE_OUTER_BOUND('',#5777,.T.);
#5779 = DIRECTION('',(-1.000000,-0.000000,0.000000));
#5780 = DIRECTION('',(0.000000,-0.000000,1.000000));
#5781 = AXIS2_PLACEMENT_3D('',#5734,#5779,#5780);
#5782 = PLANE('',#5781);
#5783 = FACE_SURFACE('',(#5778),#5782,.T.);
#5784 = CLOSED_SHELL('',(#5744,#5755,#5762,#5769,#5776,#5783));
#5785 = FACETED_BREP('carrier_R3',#5784);
#5786 = CARTESIAN_POINT('',(14.525000,18.625000,0.000000));
#5787 = CARTESIAN_POINT('',(17.475000,18.625000,0.000000));
#5788 = CARTESIAN_POINT('',(17.475000,17.175000,0.000000));
#5789 = CARTESIAN_POINT('',(14.525000,17.175000,0.000000));
#5790 = POLY_LOOP('',(#5786,#5787,#5788,#5789));
#5791 = FACE_OUTER_BOUND('',#5790,.T.);
#5792 = DIRECTION('',(0.000000,0.000000,-1.000000));
#5793 = DIRECTION('',(-0.000000,1.000000,0.000000));
#5794 = AXIS2_PLACEMENT_3D('',#5786,#5792,#5793);
#5795 = PLANE('',#5794);
#5796 = FACE_SURFACE('',(#5791),#5795,.T.);
#5797 = CARTESIAN_POINT('',(14.525000,17.175000,0.950000));
#5798 = CARTESIAN_POINT('',(17.475000,17.175000,0.950000));
#5799 = CARTESIAN_POINT('',(17.475000,18.625000,0.950000));
#5800 = CARTESIAN_POINT('',(14.525000,18.625000,0.950000));
#5801 = POLY_LOOP('',(#5797,#5798,#5799,#5800));
#5802 = FACE_OUTER_BOUND('',#5801,.T.);
#5803 = DIRECTION('',(0.000000,0.000000,1.000000));
#5804 = DIRECTION('',(0.000000,-1.000000,0.000000));
#5805 = AXIS2_PLACEMENT_3D('',#5797,#5803,#5804);
#5806 = PLANE('',#5805);
#5807 = FACE_SURFACE('',(#5802),#5806,.T.);
#5808 = POLY_LOOP('',(#5789,#5788,#5798,#5797));
#5809 = FACE_OUTER_BOUND('',#5808,.T.);
#5810 = DIRECTION('',(0.000000,-1.000000,0.000000));
#5811 = DIRECTION('',(0.000000,0.000000,-1.000000));
#5812 = AXIS2_PLACEMENT_3D('',#5789,#5810,#5811);
#5813 = PLANE('',#5812);
#5814 = FACE_SURFACE('',(#5809),#5813,.T.);
#5815 = POLY_LOOP('',(#5788,#5787,#5799,#5798));
#5816 = FACE_OUTER_BOUND('',#5815,.T.);
#5817 = DIRECTION('',(1.000000,-0.000000,0.000000));
#5818 = DIRECTION('',(0.000000,0.000000,-1.000000));
#5819 = AXIS2_PLACEMENT_3D('',#5788,#5817,#5818);
#5820 = PLANE('',#5819);
#5821 = FACE_SURFACE('',(#5816),#5820,.T.);
#5822 = POLY_LOOP('',(#5787,#5786,#5800,#5799));
#5823 = FACE_OUTER_BOUND('',#5822,.T.);
#5824 = DIRECTION('',(0.000000,1.000000,0.000000));
#5825 = DIRECTION('',(0.000000,0.000000,1.000000));
#5826 = AXIS2_PLACEMENT_3D('',#5787,#5824,#5825);
#5827 = PLANE('',#5826);
#5828 = FACE_SURFACE('',(#5823),#5827,.T.);
#5829 = POLY_LOOP('',(#5786,#5789,#5797,#5800));
#5830 = FACE_OUTER_BOUND('',#5829,.T.);
#5831 = DIRECTION('',(-1.000000,-0.000000,0.000000));
#5832 = DIRECTION('',(0.000000,-0.000000,1.000000));
#5833 = AXIS2_PLACEMENT_3D('',#5786,#5831,#5832);
#5834 = PLANE('',#5833);
#5835 = FACE_SURFACE('',(#5830),#5834,.T.);
#5836 = CLOSED_SHELL('',(#5796,#5807,#5814,#5821,#5828,#5835));
#5837 = FACETED_BREP('carrier_R4',#5836);
#5838 = CARTESIAN_POINT('',(14.525000,22.925000,0.000000));
#5839 = CARTESIAN_POINT('',(17.475000,22.925000,0.000000));
#5840 = CARTESIAN_POINT('',(17.475000,21.475000,0.000000));
#5841 = CARTESIAN_POINT('',(14.525000,21.475000,0.000000));
#5842 = POLY_LOOP('',(#5838,#5839,#5840,#5841));
#5843 = FACE_OUTER_BOUND('',#5842,.T.);
#5844 = DIRECTION('',(0.000000,0.000000,-1.000000));
#5845 = DIRECTION('',(-0.000000,1.000000,0.000000));
#5846 = AXIS2_PLACEMENT_3D('',#5838,#5844,#5845);
#5847 = PLANE('',#5846);
#5848 = FACE_SURFACE('',(#5843),#5847,.T.);
#5849 = CARTESIAN_POINT('',(14.525000,21.475000,0.950000));
#5850 = CARTESIAN_POINT('',(17.475000,21.475000,0.950000));
#5851 = CARTESIAN_POINT('',(17.475000,22.925000,0.950000));
#5852 = CARTESIAN_POINT('',(14.525000,22.925000,0.950000));
#5853 = POLY_LOOP('',(#5849,#5850,#5851,#5852));
#5854 = FACE_OUTER_BOUND('',#5853,.T.);
#5855 = DIRECTION('',(0.000000,0.000000,1.000000));
#5856 = DIRECTION('',(0.000000,-1.000000,0.000000));
#5857 = AXIS2_PLACEMENT_3D('',#5849,#5855,#5856);
#5858 = PLANE('',#5857);
#5859 = FACE_SURFACE('',(#5854),#5858,.T.);
#5860 = POLY_LOOP('',(#5841,#5840,#5850,#5849));
#5861 = FACE_OUTER_BOUND('',#5860,.T.);
#5862 = DIRECTION('',(0.000000,-1.000000,0.000000));
#5863 = DIRECTION('',(0.000000,0.000000,-1.000000));
#5864 = AXIS2_PLACEMENT_3D('',#5841,#5862,#5863);
#5865 = PLANE('',#5864);
#5866 = FACE_SURFACE('',(#5861),#5865,.T.);
#5867 = POLY_LOOP('',(#5840,#5839,#5851,#5850));
#5868 = FACE_OUTER_BOUND('',#5867,.T.);
#5869 = DIRECTION('',(1.000000,-0.000000,0.000000));
#5870 = DIRECTION('',(0.000000,0.000000,-1.000000));
#5871 = AXIS2_PLACEMENT_3D('',#5840,#5869,#5870);
#5872 = PLANE('',#5871);
#5873 = FACE_SURFACE('',(#5868),#5872,.T.);
#5874 = POLY_LOOP('',(#5839,#5838,#5852,#5851));
#5875 = FACE_OUTER_BOUND('',#5874,.T.);
#5876 = DIRECTION('',(0.000000,1.000000,0.000000));
#5877 = DIRECTION('',(0.000000,0.000000,1.000000));
#5878 = AXIS2_PLACEMENT_3D('',#5839,#5876,#5877);
#5879 = PLANE('',#5878);
#5880 = FACE_SURFACE('',(#5875),#5879,.T.);
#5881 = POLY_LOOP('',(#5838,#5841,#5849,#5852));
#5882 = FACE_OUTER_BOUND('',#5881,.T.);
#5883 = DIRECTION('',(-1.000000,-0.000000,0.000000));
#5884 = DIRECTION('',(0.000000,-0.000000,1.000000));
#5885 = AXIS2_PLACEMENT_3D('',#5838,#5883,#5884);
#5886 = PLANE('',#5885);
#5887 = FACE_SURFACE('',(#5882),#5886,.T.);
#5888 = CLOSED_SHELL('',(#5848,#5859,#5866,#5873,#5880,#5887));
#5889 = FACETED_BREP('carrier_R5',#5888);
#5890 = CARTESIAN_POINT('',(14.525000,27.225000,0.000000));
#5891 = CARTESIAN_POINT('',(17.475000,27.225000,0.000000));
#5892 = CARTESIAN_POINT('',(17.475000,25.775000,0.000000));
#5893 = CARTESIAN_POINT('',(14.525000,25.775000,0.000000));
#5894 = POLY_LOOP('',(#5890,#5891,#5892,#5893));
#5895 = FACE_OUTER_BOUND('',#5894,.T.);
#5896 = DIRECTION('',(0.000000,0.000000,-1.000000));
#5897 = DIRECTION('',(-0.000000,1.000000,0.000000));
#5898 = AXIS2_PLACEMENT_3D('',#5890,#5896,#5897);
#5899 = PLANE('',#5898);
#5900 = FACE_SURFACE('',(#5895),#5899,.T.);
#5901 = CARTESIAN_POINT('',(14.525000,25.775000,0.950000));
#5902 = CARTESIAN_POINT('',(17.475000,25.775000,0.950000));
#5903 = CARTESIAN_POINT('',(17.475000,27.225000,0.950000));
#5904 = CARTESIAN_POINT('',(14.525000,27.225000,0.950000));
#5905 = POLY_LOOP('',(#5901,#5902,#5903,#5904));
#5906 = FACE_OUTER_BOUND('',#5905,.T.);
#5907 = DIRECTION('',(0.000000,0.000000,1.000000));
#5908 = DIRECTION('',(0.000000,-1.000000,0.000000));
#5909 = AXIS2_PLACEMENT_3D('',#5901,#5907,#5908);
#5910 = PLANE('',#5909);
#5911 = FACE_SURFACE('',(#5906),#5910,.T.);
#5912 = POLY_LOOP('',(#5893,#5892,#5902,#5901));
#5913 = FACE_OUTER_BOUND('',#5912,.T.);
#5914 = DIRECTION('',(0.000000,-1.000000,0.000000));
#5915 = DIRECTION('',(0.000000,0.000000,-1.000000));
#5916 = AXIS2_PLACEMENT_3D('',#5893,#5914,#5915);
#5917 = PLANE('',#5916);
#5918 = FACE_SURFACE('',(#5913),#5917,.T.);
#5919 = POLY_LOOP('',(#5892,#5891,#5903,#5902));
#5920 = FACE_OUTER_BOUND('',#5919,.T.);
#5921 = DIRECTION('',(1.000000,-0.000000,0.000000));
#5922 = DIRECTION('',(0.000000,0.000000,-1.000000));
#5923 = AXIS2_PLACEMENT_3D('',#5892,#5921,#5922);
#5924 = PLANE('',#5923);
#5925 = FACE_SURFACE('',(#5920),#5924,.T.);
#5926 = POLY_LOOP('',(#5891,#5890,#5904,#5903));
#5927 = FACE_OUTER_BOUND('',#5926,.T.);
#5928 = DIRECTION('',(0.000000,1.000000,0.000000));
#5929 = DIRECTION('',(0.000000,0.000000,1.000000));
#5930 = AXIS2_PLACEMENT_3D('',#5891,#5928,#5929);
#5931 = PLANE('',#5930);
#5932 = FACE_SURFACE('',(#5927),#5931,.T.);
#5933 = POLY_LOOP('',(#5890,#5893,#5901,#5904));
#5934 = FACE_OUTER_BOUND('',#5933,.T.);
#5935 = DIRECTION('',(-1.000000,-0.000000,0.000000));
#5936 = DIRECTION('',(0.000000,-0.000000,1.000000));
#5937 = AXIS2_PLACEMENT_3D('',#5890,#5935,#5936);
#5938 = PLANE('',#5937);
#5939 = FACE_SURFACE('',(#5934),#5938,.T.);
#5940 = CLOSED_SHELL('',(#5900,#5911,#5918,#5925,#5932,#5939));
#5941 = FACETED_BREP('carrier_R6',#5940);
#5942 = CARTESIAN_POINT('',(14.525000,31.525000,0.000000));
#5943 = CARTESIAN_POINT('',(17.475000,31.525000,0.000000));
#5944 = CARTESIAN_POINT('',(17.475000,30.075000,0.000000));
#5945 = CARTESIAN_POINT('',(14.525000,30.075000,0.000000));
#5946 = POLY_LOOP('',(#5942,#5943,#5944,#5945));
#5947 = FACE_OUTER_BOUND('',#5946,.T.);
#5948 = DIRECTION('',(0.000000,0.000000,-1.000000));
#5949 = DIRECTION('',(-0.000000,1.000000,0.000000));
#5950 = AXIS2_PLACEMENT_3D('',#5942,#5948,#5949);
#5951 = PLANE('',#5950);
#5952 = FACE_SURFACE('',(#5947),#5951,.T.);
#5953 = CARTESIAN_POINT('',(14.525000,30.075000,0.950000));
#5954 = CARTESIAN_POINT('',(17.475000,30.075000,0.950000));
#5955 = CARTESIAN_POINT('',(17.475000,31.525000,0.950000));
#5956 = CARTESIAN_POINT('',(14.525000,31.525000,0.950000));
#5957 = POLY_LOOP('',(#5953,#5954,#5955,#5956));
#5958 = FACE_OUTER_BOUND('',#5957,.T.);
#5959 = DIRECTION('',(0.000000,0.000000,1.000000));
#5960 = DIRECTION('',(0.000000,-1.000000,0.000000));
#5961 = AXIS2_PLACEMENT_3D('',#5953,#5959,#5960);
#5962 = PLANE('',#5961);
#5963 = FACE_SURFACE('',(#5958),#5962,.T.);
#5964 = POLY_LOOP('',(#5945,#5944,#5954,#5953));
#5965 = FACE_OUTER_BOUND('',#5964,.T.);
#5966 = DIRECTION('',(0.000000,-1.000000,0.000000));
#5967 = DIRECTION('',(0.000000,0.000000,-1.000000));
#5968 = AXIS2_PLACEMENT_3D('',#5945,#5966,#5967);
#5969 = PLANE('',#5968);
#5970 = FACE_SURFACE('',(#5965),#5969,.T.);
#5971 = POLY_LOOP('',(#5944,#5943,#5955,#5954));
#5972 = FACE_OUTER_BOUND('',#5971,.T.);
#5973 = DIRECTION('',(1.000000,-0.000000,0.000000));
#5974 = DIRECTION('',(0.000000,0.000000,-1.000000));
#5975 = AXIS2_PLACEMENT_3D('',#5944,#5973,#5974);
#5976 = PLANE('',#5975);
#5977 = FACE_SURFACE('',(#5972),#5976,.T.);
#5978 = POLY_LOOP('',(#5943,#5942,#5956,#5955));
#5979 = FACE_OUTER_BOUND('',#5978,.T.);
#5980 = DIRECTION('',(0.000000,1.000000,0.000000));
#5981 = DIRECTION('',(0.000000,0.000000,1.000000));
#5982 = AXIS2_PLACEMENT_3D('',#5943,#5980,#5981);
#5983 = PLANE('',#5982);
#5984 = FACE_SURFACE('',(#5979),#5983,.T.);
#5985 = POLY_LOOP('',(#5942,#5945,#5953,#5956));
#5986 = FACE_OUTER_BOUND('',#5985,.T.);
#5987 = DIRECTION('',(-1.000000,-0.000000,0.000000));
#5988 = DIRECTION('',(0.000000,-0.000000,1.000000));
#5989 = AXIS2_PLACEMENT_3D('',#5942,#5987,#5988);
#5990 = PLANE('',#5989);
#5991 = FACE_SURFACE('',(#5986),#5990,.T.);
#5992 = CLOSED_SHELL('',(#5952,#5963,#5970,#5977,#5984,#5991));
#5993 = FACETED_BREP('carrier_R7',#5992);
#5994 = CARTESIAN_POINT('',(14.525000,35.825000,0.000000));
#5995 = CARTESIAN_POINT('',(17.475000,35.825000,0.000000));
#5996 = CARTESIAN_POINT('',(17.475000,34.375000,0.000000));
#5997 = CARTESIAN_POINT('',(14.525000,34.375000,0.000000));
#5998 = POLY_LOOP('',(#5994,#5995,#5996,#5997));
#5999 = FACE_OUTER_BOUND('',#5998,.T.);
#6000 = DIRECTION('',(0.000000,0.000000,-1.000000));
#6001 = DIRECTION('',(-0.000000,1.000000,0.000000));
#6002 = AXIS2_PLACEMENT_3D('',#5994,#6000,#6001);
#6003 = PLANE('',#6002);
#6004 = FACE_SURFACE('',(#5999),#6003,.T.);
#6005 = CARTESIAN_POINT('',(14.525000,34.375000,0.950000));
#6006 = CARTESIAN_POINT('',(17.475000,34.375000,0.950000));
#6007 = CARTESIAN_POINT('',(17.475000,35.825000,0.950000));
#6008 = CARTESIAN_POINT('',(14.525000,35.825000,0.950000));
#6009 = POLY_LOOP('',(#6005,#6006,#6007,#6008));
#6010 = FACE_OUTER_BOUND('',#6009,.T.);
#6011 = DIRECTION('',(0.000000,0.000000,1.000000));
#6012 = DIRECTION('',(0.000000,-1.000000,0.000000));
#6013 = AXIS2_PLACEMENT_3D('',#6005,#6011,#6012);
#6014 = PLANE('',#6013);
#6015 = FACE_SURFACE('',(#6010),#6014,.T.);
#6016 = POLY_LOOP('',(#5997,#5996,#6006,#6005));
#6017 = FACE_OUTER_BOUND('',#6016,.T.);
#6018 = DIRECTION('',(0.000000,-1.000000,0.000000));
#6019 = DIRECTION('',(0.000000,0.000000,-1.000000));
#6020 = AXIS2_PLACEMENT_3D('',#5997,#6018,#6019);
#6021 = PLANE('',#6020);
#6022 = FACE_SURFACE('',(#6017),#6021,.T.);
#6023 = POLY_LOOP('',(#5996,#5995,#6007,#6006));
#6024 = FACE_OUTER_BOUND('',#6023,.T.);
#6025 = DIRECTION('',(1.000000,-0.000000,0.000000));
#6026 = DIRECTION('',(0.000000,0.000000,-1.000000));
#6027 = AXIS2_PLACEMENT_3D('',#5996,#6025,#6026);
#6028 = PLANE('',#6027);
#6029 = FACE_SURFACE('',(#6024),#6028,.T.);
#6030 = POLY_LOOP('',(#5995,#5994,#6008,#6007));
#6031 = FACE_OUTER_BOUND('',#6030,.T.);
#6032 = DIRECTION('',(0.000000,1.000000,0.000000));
#6033 = DIRECTION('',(0.000000,0.000000,1.000000));
#6034 = AXIS2_PLACEMENT_3D('',#5995,#6032,#6033);
#6035 = PLANE('',#6034);
#6036 = FACE_SURFACE('',(#6031),#6035,.T.);
#6037 = POLY_LOOP('',(#5994,#5997,#6005,#6008));
#6038 = FACE_OUTER_BOUND('',#6037,.T.);
#6039 = DIRECTION('',(-1.000000,-0.000000,0.000000));
#6040 = DIRECTION('',(0.000000,-0.000000,1.000000));
#6041 = AXIS2_PLACEMENT_3D('',#5994,#6039,#6040);
#6042 = PLANE('',#6041);
#6043 = FACE_SURFACE('',(#6038),#6042,.T.);
#6044 = CLOSED_SHELL('',(#6004,#6015,#6022,#6029,#6036,#6043));
#6045 = FACETED_BREP('carrier_R8',#6044);
#6046 = CARTESIAN_POINT('',(14.525000,40.125000,0.000000));
#6047 = CARTESIAN_POINT('',(17.475000,40.125000,0.000000));
#6048 = CARTESIAN_POINT('',(17.475000,38.675000,0.000000));
#6049 = CARTESIAN_POINT('',(14.525000,38.675000,0.000000));
#6050 = POLY_LOOP('',(#6046,#6047,#6048,#6049));
#6051 = FACE_OUTER_BOUND('',#6050,.T.);
#6052 = DIRECTION('',(0.000000,0.000000,-1.000000));
#6053 = DIRECTION('',(-0.000000,1.000000,0.000000));
#6054 = AXIS2_PLACEMENT_3D('',#6046,#6052,#6053);
#6055 = PLANE('',#6054);
#6056 = FACE_SURFACE('',(#6051),#6055,.T.);
#6057 = CARTESIAN_POINT('',(14.525000,38.675000,0.950000));
#6058 = CARTESIAN_POINT('',(17.475000,38.675000,0.950000));
#6059 = CARTESIAN_POINT('',(17.475000,40.125000,0.950000));
#6060 = CARTESIAN_POINT('',(14.525000,40.125000,0.950000));
#6061 = POLY_LOOP('',(#6057,#6058,#6059,#6060));
#6062 = FACE_OUTER_BOUND('',#6061,.T.);
#6063 = DIRECTION('',(0.000000,0.000000,1.000000));
#6064 = DIRECTION('',(0.000000,-1.000000,0.000000));
#6065 = AXIS2_PLACEMENT_3D('',#6057,#6063,#6064);
#6066 = PLANE('',#6065);
#6067 = FACE_SURFACE('',(#6062),#6066,.T.);
#6068 = POLY_LOOP('',(#6049,#6048,#6058,#6057));
#6069 = FACE_OUTER_BOUND('',#6068,.T.);
#6070 = DIRECTION('',(0.000000,-1.000000,0.000000));
#6071 = DIRECTION('',(0.000000,0.000000,-1.000000));
#6072 = AXIS2_PLACEMENT_3D('',#6049,#6070,#6071);
#6073 = PLANE('',#6072);
#6074 = FACE_SURFACE('',(#6069),#6073,.T.);
#6075 = POLY_LOOP('',(#6048,#6047,#6059,#6058));
#6076 = FACE_OUTER_BOUND('',#6075,.T.);
#6077 = DIRECTION('',(1.000000,-0.000000,0.000000));
#6078 = DIRECTION('',(0.000000,0.000000,-1.000000));
#6079 = AXIS2_PLACEMENT_3D('',#6048,#6077,#6078);
#6080 = PLANE('',#6079);
#6081 = FACE_SURFACE('',(#6076),#6080,.T.);
#6082 = POLY_LOOP('',(#6047,#6046,#6060,#6059));
#6083 = FACE_OUTER_BOUND('',#6082,.T.);
#6084 = DIRECTION('',(0.000000,1.000000,0.000000));
#6085 = DIRECTION('',(0.000000,0.000000,1.000000));
#6086 = AXIS2_PLACEMENT_3D('',#6047,#6084,#6085);
#6087 = PLANE('',#6086);
#6088 = FACE_SURFACE('',(#6083),#6087,.T.);
#6089 = POLY_LOOP('',(#6046,#6049,#6057,#6060));
#6090 = FACE_OUTER_BOUND('',#6089,.T.);
#6091 = DIRECTION('',(-1.000000,-0.000000,0.000000));
#6092 = DIRECTION('',(0.000000,-0.000000,1.000000));
#6093 = AXIS2_PLACEMENT_3D('',#6046,#6091,#6092);
#6094 = PLANE('',#6093);
#6095 = FACE_SURFACE('',(#6090),#6094,.T.);
#6096 = CLOSED_SHELL('',(#6056,#6067,#6074,#6081,#6088,#6095));
#6097 = FACETED_BREP('carrier_R9',#6096);
#6098 = CARTESIAN_POINT('',(14.525000,44.425000,0.000000));
#6099 = CARTESIAN_POINT('',(17.475000,44.425000,0.000000));
#6100 = CARTESIAN_POINT('',(17.475000,42.975000,0.000000));
#6101 = CARTESIAN_POINT('',(14.525000,42.975000,0.000000));
#6102 = POLY_LOOP('',(#6098,#6099,#6100,#6101));
#6103 = FACE_OUTER_BOUND('',#6102,.T.);
#6104 = DIRECTION('',(0.000000,0.000000,-1.000000));
#6105 = DIRECTION('',(-0.000000,1.000000,0.000000));
#6106 = AXIS2_PLACEMENT_3D('',#6098,#6104,#6105);
#6107 = PLANE('',#6106);
#6108 = FACE_SURFACE('',(#6103),#6107,.T.);
#6109 = CARTESIAN_POINT('',(14.525000,42.975000,0.950000));
#6110 = CARTESIAN_POINT('',(17.475000,42.975000,0.950000));
#6111 = CARTESIAN_POINT('',(17.475000,44.425000,0.950000));
#6112 = CARTESIAN_POINT('',(14.525000,44.425000,0.950000));
#6113 = POLY_LOOP('',(#6109,#6110,#6111,#6112));
#6114 = FACE_OUTER_BOUND('',#6113,.T.);
#6115 = DIRECTION('',(0.000000,0.000000,1.000000));
#6116 = DIRECTION('',(0.000000,-1.000000,0.000000));
#6117 = AXIS2_PLACEMENT_3D('',#6109,#6115,#6116);
#6118 = PLANE('',#6117);
#6119 = FACE_SURFACE('',(#6114),#6118,.T.);
#6120 = POLY_LOOP('',(#6101,#6100,#6110,#6109));
#6121 = FACE_OUTER_BOUND('',#6120,.T.);
#6122 = DIRECTION('',(0.000000,-1.000000,0.000000));
#6123 = DIRECTION('',(0.000000,0.000000,-1.000000));
#6124 = AXIS2_PLACEMENT_3D('',#6101,#6122,#6123);
#6125 = PLANE('',#6124);
#6126 = FACE_SURFACE('',(#6121),#6125,.T.);
#6127 = POLY_LOOP('',(#6100,#6099,#6111,#6110));
#6128 = FACE_OUTER_BOUND('',#6127,.T.);
#6129 = DIRECTION('',(1.000000,-0.000000,0.000000));
#6130 = DIRECTION('',(0.000000,0.000000,-1.000000));
#6131 = AXIS2_PLACEMENT_3D('',#6100,#6129,#6130);
#6132 = PLANE('',#6131);
#6133 = FACE_SURFACE('',(#6128),#6132,.T.);
#6134 = POLY_LOOP('',(#6099,#6098,#6112,#6111));
#6135 = FACE_OUTER_BOUND('',#6134,.T.);
#6136 = DIRECTION('',(0.000000,1.000000,0.000000));
#6137 = DIRECTION('',(0.000000,0.000000,1.000000));
#6138 = AXIS2_PLACEMENT_3D('',#6099,#6136,#6137);
#6139 = PLANE('',#6138);
#6140 = FACE_SURFACE('',(#6135),#6139,.T.);
#6141 = POLY_LOOP('',(#6098,#6101,#6109,#6112));
#6142 = FACE_OUTER_BOUND('',#6141,.T.);
#6143 = DIRECTION('',(-1.000000,-0.000000,0.000000));
#6144 = DIRECTION('',(0.000000,-0.000000,1.000000));
#6145 = AXIS2_PLACEMENT_3D('',#6098,#6143,#6144);
#6146 = PLANE('',#6145);
#6147 = FACE_SURFACE('',(#6142),#6146,.T.);
#6148 = CLOSED_SHELL('',(#6108,#6119,#6126,#6133,#6140,#6147));
#6149 = FACETED_BREP('carrier_R10',#6148);
#6150 = CARTESIAN_POINT('',(14.525000,48.725000,0.000000));
#6151 = CARTESIAN_POINT('',(17.475000,48.725000,0.000000));
#6152 = CARTESIAN_POINT('',(17.475000,47.275000,0.000000));
#6153 = CARTESIAN_POINT('',(14.525000,47.275000,0.000000));
#6154 = POLY_LOOP('',(#6150,#6151,#6152,#6153));
#6155 = FACE_OUTER_BOUND('',#6154,.T.);
#6156 = DIRECTION('',(0.000000,0.000000,-1.000000));
#6157 = DIRECTION('',(-0.000000,1.000000,0.000000));
#6158 = AXIS2_PLACEMENT_3D('',#6150,#6156,#6157);
#6159 = PLANE('',#6158);
#6160 = FACE_SURFACE('',(#6155),#6159,.T.);
#6161 = CARTESIAN_POINT('',(14.525000,47.275000,0.950000));
#6162 = CARTESIAN_POINT('',(17.475000,47.275000,0.950000));
#6163 = CARTESIAN_POINT('',(17.475000,48.725000,0.950000));
#6164 = CARTESIAN_POINT('',(14.525000,48.725000,0.950000));
#6165 = POLY_LOOP('',(#6161,#6162,#6163,#6164));
#6166 = FACE_OUTER_BOUND('',#6165,.T.);
#6167 = DIRECTION('',(0.000000,0.000000,1.000000));
#6168 = DIRECTION('',(0.000000,-1.000000,0.000000));
#6169 = AXIS2_PLACEMENT_3D('',#6161,#6167,#6168);
#6170 = PLANE('',#6169);
#6171 = FACE_SURFACE('',(#6166),#6170,.T.);
#6172 = POLY_LOOP('',(#6153,#6152,#6162,#6161));
#6173 = FACE_OUTER_BOUND('',#6172,.T.);
#6174 = DIRECTION('',(0.000000,-1.000000,0.000000));
#6175 = DIRECTION('',(0.000000,0.000000,-1.000000));
#6176 = AXIS2_PLACEMENT_3D('',#6153,#6174,#6175);
#6177 = PLANE('',#6176);
#6178 = FACE_SURFACE('',(#6173),#6177,.T.);
#6179 = POLY_LOOP('',(#6152,#6151,#6163,#6162));
#6180 = FACE_OUTER_BOUND('',#6179,.T.);
#6181 = DIRECTION('',(1.000000,-0.000000,0.000000));
#6182 = DIRECTION('',(0.000000,0.000000,-1.000000));
#6183 = AXIS2_PLACEMENT_3D('',#6152,#6181,#6182);
#6184 = PLANE('',#6183);
#6185 = FACE_SURFACE('',(#6180),#6184,.T.);
#6186 = POLY_LOOP('',(#6151,#6150,#6164,#6163));
#6187 = FACE_OUTER_BOUND('',#6186,.T.);
#6188 = DIRECTION('',(0.000000,1.000000,0.000000));
#6189 = DIRECTION('',(0.000000,0.000000,1.000000));
#6190 = AXIS2_PLACEMENT_3D('',#6151,#6188,#6189);
#6191 = PLANE('',#6190);
#6192 = FACE_SURFACE('',(#6187),#6191,.T.);
#6193 = POLY_LOOP('',(#6150,#6153,#6161,#6164));
#6194 = FACE_OUTER_BOUND('',#6193,.T.);
#6195 = DIRECTION('',(-1.000000,-0.000000,0.000000));
#6196 = DIRECTION('',(0.000000,-0.000000,1.000000));
#6197 = AXIS2_PLACEMENT_3D('',#6150,#6195,#6196);
#6198 = PLANE('',#6197);
#6199 = FACE_SURFACE('',(#6194),#6198,.T.);
#6200 = CLOSED_SHELL('',(#6160,#6171,#6178,#6185,#6192,#6199));
#6201 = FACETED_BREP('carrier_R11',#6200);
#6202 = CARTESIAN_POINT('',(14.525000,53.025000,0.000000));
#6203 = CARTESIAN_POINT('',(17.475000,53.025000,0.000000));
#6204 = CARTESIAN_POINT('',(17.475000,51.575000,0.000000));
#6205 = CARTESIAN_POINT('',(14.525000,51.575000,0.000000));
#6206 = POLY_LOOP('',(#6202,#6203,#6204,#6205));
#6207 = FACE_OUTER_BOUND('',#6206,.T.);
#6208 = DIRECTION('',(0.000000,0.000000,-1.000000));
#6209 = DIRECTION('',(-0.000000,1.000000,0.000000));
#6210 = AXIS2_PLACEMENT_3D('',#6202,#6208,#6209);
#6211 = PLANE('',#6210);
#6212 = FACE_SURFACE('',(#6207),#6211,.T.);
#6213 = CARTESIAN_POINT('',(14.525000,51.575000,0.950000));
#6214 = CARTESIAN_POINT('',(17.475000,51.575000,0.950000));
#6215 = CARTESIAN_POINT('',(17.475000,53.025000,0.950000));
#6216 = CARTESIAN_POINT('',(14.525000,53.025000,0.950000));
#6217 = POLY_LOOP('',(#6213,#6214,#6215,#6216));
#6218 = FACE_OUTER_BOUND('',#6217,.T.);
#6219 = DIRECTION('',(0.000000,0.000000,1.000000));
#6220 = DIRECTION('',(0.000000,-1.000000,0.000000));
#6221 = AXIS2_PLACEMENT_3D('',#6213,#6219,#6220);
#6222 = PLANE('',#6221);
#6223 = FACE_SURFACE('',(#6218),#6222,.T.);
#6224 = POLY_LOOP('',(#6205,#6204,#6214,#6213));
#6225 = FACE_OUTER_BOUND('',#6224,.T.);
#6226 = DIRECTION('',(0.000000,-1.000000,0.000000));
#6227 = DIRECTION('',(0.000000,0.000000,-1.000000));
#6228 = AXIS2_PLACEMENT_3D('',#6205,#6226,#6227);
#6229 = PLANE('',#6228);
#6230 = FACE_SURFACE('',(#6225),#6229,.T.);
#6231 = POLY_LOOP('',(#6204,#6203,#6215,#6214));
#6232 = FACE_OUTER_BOUND('',#6231,.T.);
#6233 = DIRECTION('',(1.000000,-0.000000,0.000000));
#6234 = DIRECTION('',(0.000000,0.000000,-1.000000));
#6235 = AXIS2_PLACEMENT_3D('',#6204,#6233,#6234);
#6236 = PLANE('',#6235);
#6237 = FACE_SURFACE('',(#6232),#6236,.T.);
#6238 = POLY_LOOP('',(#6203,#6202,#6216,#6215));
#6239 = FACE_OUTER_BOUND('',#6238,.T.);
#6240 = DIRECTION('',(0.000000,1.000000,0.000000));
#6241 = DIRECTION('',(0.000000,0.000000,1.000000));
#6242 = AXIS2_PLACEMENT_3D('',#6203,#6240,#6241);
#6243 = PLANE('',#6242);
#6244 = FACE_SURFACE('',(#6239),#6243,.T.);
#6245 = POLY_LOOP('',(#6202,#6205,#6213,#6216));
#6246 = FACE_OUTER_BOUND('',#6245,.T.);
#6247 = DIRECTION('',(-1.000000,-0.000000,0.000000));
#6248 = DIRECTION('',(0.000000,-0.000000,1.000000));
#6249 = AXIS2_PLACEMENT_3D('',#6202,#6247,#6248);
#6250 = PLANE('',#6249);
#6251 = FACE_SURFACE('',(#6246),#6250,.T.);
#6252 = CLOSED_SHELL('',(#6212,#6223,#6230,#6237,#6244,#6251));
#6253 = FACETED_BREP('carrier_R12',#6252);
#6254 = CARTESIAN_POINT('',(14.525000,57.325000,0.000000));
#6255 = CARTESIAN_POINT('',(17.475000,57.325000,0.000000));
#6256 = CARTESIAN_POINT('',(17.475000,55.875000,0.000000));
#6257 = CARTESIAN_POINT('',(14.525000,55.875000,0.000000));
#6258 = POLY_LOOP('',(#6254,#6255,#6256,#6257));
#6259 = FACE_OUTER_BOUND('',#6258,.T.);
#6260 = DIRECTION('',(0.000000,0.000000,-1.000000));
#6261 = DIRECTION('',(-0.000000,1.000000,0.000000));
#6262 = AXIS2_PLACEMENT_3D('',#6254,#6260,#6261);
#6263 = PLANE('',#6262);
#6264 = FACE_SURFACE('',(#6259),#6263,.T.);
#6265 = CARTESIAN_POINT('',(14.525000,55.875000,0.950000));
#6266 = CARTESIAN_POINT('',(17.475000,55.875000,0.950000));
#6267 = CARTESIAN_POINT('',(17.475000,57.325000,0.950000));
#6268 = CARTESIAN_POINT('',(14.525000,57.325000,0.950000));
#6269 = POLY_LOOP('',(#6265,#6266,#6267,#6268));
#6270 = FACE_OUTER_BOUND('',#6269,.T.);
#6271 = DIRECTION('',(0.000000,0.000000,1.000000));
#6272 = DIRECTION('',(0.000000,-1.000000,0.000000));
#6273 = AXIS2_PLACEMENT_3D('',#6265,#6271,#6272);
#6274 = PLANE('',#6273);
#6275 = FACE_SURFACE('',(#6270),#6274,.T.);
#6276 = POLY_LOOP('',(#6257,#6256,#6266,#6265));
#6277 = FACE_OUTER_BOUND('',#6276,.T.);
#6278 = DIRECTION('',(0.000000,-1.000000,0.000000));
#6279 = DIRECTION('',(0.000000,0.000000,-1.000000));
#6280 = AXIS2_PLACEMENT_3D('',#6257,#6278,#6279);
#6281 = PLANE('',#6280);
#6282 = FACE_SURFACE('',(#6277),#6281,.T.);
#6283 = POLY_LOOP('',(#6256,#6255,#6267,#6266));
#6284 = FACE_OUTER_BOUND('',#6283,.T.);
#6285 = DIRECTION('',(1.000000,-0.000000,0.000000));
#6286 = DIRECTION('',(0.000000,0.000000,-1.000000));
#6287 = AXIS2_PLACEMENT_3D('',#6256,#6285,#6286);
#6288 = PLANE('',#6287);
#6289 = FACE_SURFACE('',(#6284),#6288,.T.);
#6290 = POLY_LOOP('',(#6255,#6254,#6268,#6267));
#6291 = FACE_OUTER_BOUND('',#6290,.T.);
#6292 = DIRECTION('',(0.000000,1.000000,0.000000));
#6293 = DIRECTION('',(0.000000,0.000000,1.000000));
#6294 = AXIS2_PLACEMENT_3D('',#6255,#6292,#6293);
#6295 = PLANE('',#6294);
#6296 = FACE_SURFACE('',(#6291),#6295,.T.);
#6297 = POLY_LOOP('',(#6254,#6257,#6265,#6268));
#6298 = FACE_OUTER_BOUND('',#6297,.T.);
#6299 = DIRECTION('',(-1.000000,-0.000000,0.000000));
#6300 = DIRECTION('',(0.000000,-0.000000,1.000000));
#6301 = AXIS2_PLACEMENT_3D('',#6254,#6299,#6300);
#6302 = PLANE('',#6301);
#6303 = FACE_SURFACE('',(#6298),#6302,.T.);
#6304 = CLOSED_SHELL('',(#6264,#6275,#6282,#6289,#6296,#6303));
#6305 = FACETED_BREP('carrier_R13',#6304);
#6306 = CARTESIAN_POINT('',(14.525000,61.625000,0.000000));
#6307 = CARTESIAN_POINT('',(17.475000,61.625000,0.000000));
#6308 = CARTESIAN_POINT('',(17.475000,60.175000,0.000000));
#6309 = CARTESIAN_POINT('',(14.525000,60.175000,0.000000));
#6310 = POLY_LOOP('',(#6306,#6307,#6308,#6309));
#6311 = FACE_OUTER_BOUND('',#6310,.T.);
#6312 = DIRECTION('',(0.000000,0.000000,-1.000000));
#6313 = DIRECTION('',(-0.000000,1.000000,0.000000));
#6314 = AXIS2_PLACEMENT_3D('',#6306,#6312,#6313);
#6315 = PLANE('',#6314);
#6316 = FACE_SURFACE('',(#6311),#6315,.T.);
#6317 = CARTESIAN_POINT('',(14.525000,60.175000,0.950000));
#6318 = CARTESIAN_POINT('',(17.475000,60.175000,0.950000));
#6319 = CARTESIAN_POINT('',(17.475000,61.625000,0.950000));
#6320 = CARTESIAN_POINT('',(14.525000,61.625000,0.950000));
#6321 = POLY_LOOP('',(#6317,#6318,#6319,#6320));
#6322 = FACE_OUTER_BOUND('',#6321,.T.);
#6323 = DIRECTION('',(0.000000,0.000000,1.000000));
#6324 = DIRECTION('',(0.000000,-1.000000,0.000000));
#6325 = AXIS2_PLACEMENT_3D('',#6317,#6323,#6324);
#6326 = PLANE('',#6325);
#6327 = FACE_SURFACE('',(#6322),#6326,.T.);
#6328 = POLY_LOOP('',(#6309,#6308,#6318,#6317));
#6329 = FACE_OUTER_BOUND('',#6328,.T.);
#6330 = DIRECTION('',(0.000000,-1.000000,0.000000));
#6331 = DIRECTION('',(0.000000,0.000000,-1.000000));
#6332 = AXIS2_PLACEMENT_3D('',#6309,#6330,#6331);
#6333 = PLANE('',#6332);
#6334 = FACE_SURFACE('',(#6329),#6333,.T.);
#6335 = POLY_LOOP('',(#6308,#6307,#6319,#6318));
#6336 = FACE_OUTER_BOUND('',#6335,.T.);
#6337 = DIRECTION('',(1.000000,-0.000000,0.000000));
#6338 = DIRECTION('',(0.000000,0.000000,-1.000000));
#6339 = AXIS2_PLACEMENT_3D('',#6308,#6337,#6338);
#6340 = PLANE('',#6339);
#6341 = FACE_SURFACE('',(#6336),#6340,.T.);
#6342 = POLY_LOOP('',(#6307,#6306,#6320,#6319));
#6343 = FACE_OUTER_BOUND('',#6342,.T.);
#6344 = DIRECTION('',(0.000000,1.000000,0.000000));
#6345 = DIRECTION('',(0.000000,0.000000,1.000000));
#6346 = AXIS2_PLACEMENT_3D('',#6307,#6344,#6345);
#6347 = PLANE('',#6346);
#6348 = FACE_SURFACE('',(#6343),#6347,.T.);
#6349 = POLY_LOOP('',(#6306,#6309,#6317,#6320));
#6350 = FACE_OUTER_BOUND('',#6349,.T.);
#6351 = DIRECTION('',(-1.000000,-0.000000,0.000000));
#6352 = DIRECTION('',(0.000000,-0.000000,1.000000));
#6353 = AXIS2_PLACEMENT_3D('',#6306,#6351,#6352);
#6354 = PLANE('',#6353);
#6355 = FACE_SURFACE('',(#6350),#6354,.T.);
#6356 = CLOSED_SHELL('',(#6316,#6327,#6334,#6341,#6348,#6355));
#6357 = FACETED_BREP('carrier_R14',#6356);
#6358 = CARTESIAN_POINT('',(14.525000,65.925000,0.000000));
#6359 = CARTESIAN_POINT('',(17.475000,65.925000,0.000000));
#6360 = CARTESIAN_POINT('',(17.475000,64.475000,0.000000));
#6361 = CARTESIAN_POINT('',(14.525000,64.475000,0.000000));
#6362 = POLY_LOOP('',(#6358,#6359,#6360,#6361));
#6363 = FACE_OUTER_BOUND('',#6362,.T.);
#6364 = DIRECTION('',(0.000000,0.000000,-1.000000));
#6365 = DIRECTION('',(-0.000000,1.000000,0.000000));
#6366 = AXIS2_PLACEMENT_3D('',#6358,#6364,#6365);
#6367 = PLANE('',#6366);
#6368 = FACE_SURFACE('',(#6363),#6367,.T.);
#6369 = CARTESIAN_POINT('',(14.525000,64.475000,0.950000));
#6370 = CARTESIAN_POINT('',(17.475000,64.475000,0.950000));
#6371 = CARTESIAN_POINT('',(17.475000,65.925000,0.950000));
#6372 = CARTESIAN_POINT('',(14.525000,65.925000,0.950000));
#6373 = POLY_LOOP('',(#6369,#6370,#6371,#6372));
#6374 = FACE_OUTER_BOUND('',#6373,.T.);
#6375 = DIRECTION('',(0.000000,0.000000,1.000000));
#6376 = DIRECTION('',(0.000000,-1.000000,0.000000));
#6377 = AXIS2_PLACEMENT_3D('',#6369,#6375,#6376);
#6378 = PLANE('',#6377);
#6379 = FACE_SURFACE('',(#6374),#6378,.T.);
#6380 = POLY_LOOP('',(#6361,#6360,#6370,#6369));
#6381 = FACE_OUTER_BOUND('',#6380,.T.);
#6382 = DIRECTION('',(0.000000,-1.000000,0.000000));
#6383 = DIRECTION('',(0.000000,0.000000,-1.000000));
#6384 = AXIS2_PLACEMENT_3D('',#6361,#6382,#6383);
#6385 = PLANE('',#6384);
#6386 = FACE_SURFACE('',(#6381),#6385,.T.);
#6387 = POLY_LOOP('',(#6360,#6359,#6371,#6370));
#6388 = FACE_OUTER_BOUND('',#6387,.T.);
#6389 = DIRECTION('',(1.000000,-0.000000,0.000000));
#6390 = DIRECTION('',(0.000000,0.000000,-1.000000));
#6391 = AXIS2_PLACEMENT_3D('',#6360,#6389,#6390);
#6392 = PLANE('',#6391);
#6393 = FACE_SURFACE('',(#6388),#6392,.T.);
#6394 = POLY_LOOP('',(#6359,#6358,#6372,#6371));
#6395 = FACE_OUTER_BOUND('',#6394,.T.);
#6396 = DIRECTION('',(0.000000,1.000000,0.000000));
#6397 = DIRECTION('',(0.000000,0.000000,1.000000));
#6398 = AXIS2_PLACEMENT_3D('',#6359,#6396,#6397);
#6399 = PLANE('',#6398);
#6400 = FACE_SURFACE('',(#6395),#6399,.T.);
#6401 = POLY_LOOP('',(#6358,#6361,#6369,#6372));
#6402 = FACE_OUTER_BOUND('',#6401,.T.);
#6403 = DIRECTION('',(-1.000000,-0.000000,0.000000));
#6404 = DIRECTION('',(0.000000,-0.000000,1.000000));
#6405 = AXIS2_PLACEMENT_3D('',#6358,#6403,#6404);
#6406 = PLANE('',#6405);
#6407 = FACE_SURFACE('',(#6402),#6406,.T.);
#6408 = CLOSED_SHELL('',(#6368,#6379,#6386,#6393,#6400,#6407));
#6409 = FACETED_BREP('carrier_R15',#6408);
#6410 = CARTESIAN_POINT('',(14.525000,70.225000,0.000000));
#6411 = CARTESIAN_POINT('',(17.475000,70.225000,0.000000));
#6412 = CARTESIAN_POINT('',(17.475000,68.775000,0.000000));
#6413 = CARTESIAN_POINT('',(14.525000,68.775000,0.000000));
#6414 = POLY_LOOP('',(#6410,#6411,#6412,#6413));
#6415 = FACE_OUTER_BOUND('',#6414,.T.);
#6416 = DIRECTION('',(0.000000,0.000000,-1.000000));
#6417 = DIRECTION('',(-0.000000,1.000000,0.000000));
#6418 = AXIS2_PLACEMENT_3D('',#6410,#6416,#6417);
#6419 = PLANE('',#6418);
#6420 = FACE_SURFACE('',(#6415),#6419,.T.);
#6421 = CARTESIAN_POINT('',(14.525000,68.775000,0.950000));
#6422 = CARTESIAN_POINT('',(17.475000,68.775000,0.950000));
#6423 = CARTESIAN_POINT('',(17.475000,70.225000,0.950000));
#6424 = CARTESIAN_POINT('',(14.525000,70.225000,0.950000));
#6425 = POLY_LOOP('',(#6421,#6422,#6423,#6424));
#6426 = FACE_OUTER_BOUND('',#6425,.T.);
#6427 = DIRECTION('',(0.000000,0.000000,1.000000));
#6428 = DIRECTION('',(0.000000,-1.000000,0.000000));
#6429 = AXIS2_PLACEMENT_3D('',#6421,#6427,#6428);
#6430 = PLANE('',#6429);
#6431 = FACE_SURFACE('',(#6426),#6430,.T.);
#6432 = POLY_LOOP('',(#6413,#6412,#6422,#6421));
#6433 = FACE_OUTER_BOUND('',#6432,.T.);
#6434 = DIRECTION('',(0.000000,-1.000000,0.000000));
#6435 = DIRECTION('',(0.000000,0.000000,-1.000000));
#6436 = AXIS2_PLACEMENT_3D('',#6413,#6434,#6435);
#6437 = PLANE('',#6436);
#6438 = FACE_SURFACE('',(#6433),#6437,.T.);
#6439 = POLY_LOOP('',(#6412,#6411,#6423,#6422));
#6440 = FACE_OUTER_BOUND('',#6439,.T.);
#6441 = DIRECTION('',(1.000000,-0.000000,0.000000));
#6442 = DIRECTION('',(0.000000,0.000000,-1.000000));
#6443 = AXIS2_PLACEMENT_3D('',#6412,#6441,#6442);
#6444 = PLANE('',#6443);
#6445 = FACE_SURFACE('',(#6440),#6444,.T.);
#6446 = POLY_LOOP('',(#6411,#6410,#6424,#6423));
#6447 = FACE_OUTER_BOUND('',#6446,.T.);
#6448 = DIRECTION('',(0.000000,1.000000,0.000000));
#6449 = DIRECTION('',(0.000000,0.000000,1.000000));
#6450 = AXIS2_PLACEMENT_3D('',#6411,#6448,#6449);
#6451 = PLANE('',#6450);
#6452 = FACE_SURFACE('',(#6447),#6451,.T.);
#6453 = POLY_LOOP('',(#6410,#6413,#6421,#6424));
#6454 = FACE_OUTER_BOUND('',#6453,.T.);
#6455 = DIRECTION('',(-1.000000,-0.000000,0.000000));
#6456 = DIRECTION('',(0.000000,-0.000000,1.000000));
#6457 = AXIS2_PLACEMENT_3D('',#6410,#6455,#6456);
#6458 = PLANE('',#6457);
#6459 = FACE_SURFACE('',(#6454),#6458,.T.);
#6460 = CLOSED_SHELL('',(#6420,#6431,#6438,#6445,#6452,#6459));
#6461 = FACETED_BREP('carrier_R16',#6460);
#6462 = CARTESIAN_POINT('',(20.525000,77.725000,0.000000));
#6463 = CARTESIAN_POINT('',(23.475000,77.725000,0.000000));
#6464 = CARTESIAN_POINT('',(23.475000,76.275000,0.000000));
#6465 = CARTESIAN_POINT('',(20.525000,76.275000,0.000000));
#6466 = POLY_LOOP('',(#6462,#6463,#6464,#6465));
#6467 = FACE_OUTER_BOUND('',#6466,.T.);
#6468 = DIRECTION('',(0.000000,0.000000,-1.000000));
#6469 = DIRECTION('',(-0.000000,1.000000,0.000000));
#6470 = AXIS2_PLACEMENT_3D('',#6462,#6468,#6469);
#6471 = PLANE('',#6470);
#6472 = FACE_SURFACE('',(#6467),#6471,.T.);
#6473 = CARTESIAN_POINT('',(20.525000,76.275000,0.950000));
#6474 = CARTESIAN_POINT('',(23.475000,76.275000,0.950000));
#6475 = CARTESIAN_POINT('',(23.475000,77.725000,0.950000));
#6476 = CARTESIAN_POINT('',(20.525000,77.725000,0.950000));
#6477 = POLY_LOOP('',(#6473,#6474,#6475,#6476));
#6478 = FACE_OUTER_BOUND('',#6477,.T.);
#6479 = DIRECTION('',(0.000000,0.000000,1.000000));
#6480 = DIRECTION('',(0.000000,-1.000000,0.000000));
#6481 = AXIS2_PLACEMENT_3D('',#6473,#6479,#6480);
#6482 = PLANE('',#6481);
#6483 = FACE_SURFACE('',(#6478),#6482,.T.);
#6484 = POLY_LOOP('',(#6465,#6464,#6474,#6473));
#6485 = FACE_OUTER_BOUND('',#6484,.T.);
#6486 = DIRECTION('',(0.000000,-1.000000,0.000000));
#6487 = DIRECTION('',(0.000000,0.000000,-1.000000));
#6488 = AXIS2_PLACEMENT_3D('',#6465,#6486,#6487);
#6489 = PLANE('',#6488);
#6490 = FACE_SURFACE('',(#6485),#6489,.T.);
#6491 = POLY_LOOP('',(#6464,#6463,#6475,#6474));
#6492 = FACE_OUTER_BOUND('',#6491,.T.);
#6493 = DIRECTION('',(1.000000,-0.000000,0.000000));
#6494 = DIRECTION('',(0.000000,0.000000,-1.000000));
#6495 = AXIS2_PLACEMENT_3D('',#6464,#6493,#6494);
#6496 = PLANE('',#6495);
#6497 = FACE_SURFACE('',(#6492),#6496,.T.);
#6498 = POLY_LOOP('',(#6463,#6462,#6476,#6475));
#6499 = FACE_OUTER_BOUND('',#6498,.T.);
#6500 = DIRECTION('',(0.000000,1.000000,0.000000));
#6501 = DIRECTION('',(0.000000,0.000000,1.000000));
#6502 = AXIS2_PLACEMENT_3D('',#6463,#6500,#6501);
#6503 = PLANE('',#6502);
#6504 = FACE_SURFACE('',(#6499),#6503,.T.);
#6505 = POLY_LOOP('',(#6462,#6465,#6473,#6476));
#6506 = FACE_OUTER_BOUND('',#6505,.T.);
#6507 = DIRECTION('',(-1.000000,-0.000000,0.000000));
#6508 = DIRECTION('',(0.000000,-0.000000,1.000000));
#6509 = AXIS2_PLACEMENT_3D('',#6462,#6507,#6508);
#6510 = PLANE('',#6509);
#6511 = FACE_SURFACE('',(#6506),#6510,.T.);
#6512 = CLOSED_SHELL('',(#6472,#6483,#6490,#6497,#6504,#6511));
#6513 = FACETED_BREP('carrier_R20',#6512);
#6514 = CARTESIAN_POINT('',(26.525000,77.725000,0.000000));
#6515 = CARTESIAN_POINT('',(29.475000,77.725000,0.000000));
#6516 = CARTESIAN_POINT('',(29.475000,76.275000,0.000000));
#6517 = CARTESIAN_POINT('',(26.525000,76.275000,0.000000));
#6518 = POLY_LOOP('',(#6514,#6515,#6516,#6517));
#6519 = FACE_OUTER_BOUND('',#6518,.T.);
#6520 = DIRECTION('',(0.000000,0.000000,-1.000000));
#6521 = DIRECTION('',(-0.000000,1.000000,0.000000));
#6522 = AXIS2_PLACEMENT_3D('',#6514,#6520,#6521);
#6523 = PLANE('',#6522);
#6524 = FACE_SURFACE('',(#6519),#6523,.T.);
#6525 = CARTESIAN_POINT('',(26.525000,76.275000,0.950000));
#6526 = CARTESIAN_POINT('',(29.475000,76.275000,0.950000));
#6527 = CARTESIAN_POINT('',(29.475000,77.725000,0.950000));
#6528 = CARTESIAN_POINT('',(26.525000,77.725000,0.950000));
#6529 = POLY_LOOP('',(#6525,#6526,#6527,#6528));
#6530 = FACE_OUTER_BOUND('',#6529,.T.);
#6531 = DIRECTION('',(0.000000,0.000000,1.000000));
#6532 = DIRECTION('',(0.000000,-1.000000,0.000000));
#6533 = AXIS2_PLACEMENT_3D('',#6525,#6531,#6532);
#6534 = PLANE('',#6533);
#6535 = FACE_SURFACE('',(#6530),#6534,.T.);
#6536 = POLY_LOOP('',(#6517,#6516,#6526,#6525));
#6537 = FACE_OUTER_BOUND('',#6536,.T.);
#6538 = DIRECTION('',(0.000000,-1.000000,0.000000));
#6539 = DIRECTION('',(0.000000,0.000000,-1.000000));
#6540 = AXIS2_PLACEMENT_3D('',#6517,#6538,#6539);
#6541 = PLANE('',#6540);
#6542 = FACE_SURFACE('',(#6537),#6541,.T.);
#6543 = POLY_LOOP('',(#6516,#6515,#6527,#6526));
#6544 = FACE_OUTER_BOUND('',#6543,.T.);
#6545 = DIRECTION('',(1.000000,-0.000000,0.000000));
#6546 = DIRECTION('',(0.000000,0.000000,-1.000000));
#6547 = AXIS2_PLACEMENT_3D('',#6516,#6545,#6546);
#6548 = PLANE('',#6547);
#6549 = FACE_SURFACE('',(#6544),#6548,.T.);
#6550 = POLY_LOOP('',(#6515,#6514,#6528,#6527));
#6551 = FACE_OUTER_BOUND('',#6550,.T.);
#6552 = DIRECTION('',(0.000000,1.000000,0.000000));
#6553 = DIRECTION('',(0.000000,0.000000,1.000000));
#6554 = AXIS2_PLACEMENT_3D('',#6515,#6552,#6553);
#6555 = PLANE('',#6554);
#6556 = FACE_SURFACE('',(#6551),#6555,.T.);
#6557 = POLY_LOOP('',(#6514,#6517,#6525,#6528));
#6558 = FACE_OUTER_BOUND('',#6557,.T.);
#6559 = DIRECTION('',(-1.000000,-0.000000,0.000000));
#6560 = DIRECTION('',(0.000000,-0.000000,1.000000));
#6561 = AXIS2_PLACEMENT_3D('',#6514,#6559,#6560);
#6562 = PLANE('',#6561);
#6563 = FACE_SURFACE('',(#6558),#6562,.T.);
#6564 = CLOSED_SHELL('',(#6524,#6535,#6542,#6549,#6556,#6563));
#6565 = FACETED_BREP('carrier_R21',#6564);
#6566 = CARTESIAN_POINT('',(14.525000,81.725000,0.000000));
#6567 = CARTESIAN_POINT('',(17.475000,81.725000,0.000000));
#6568 = CARTESIAN_POINT('',(17.475000,80.275000,0.000000));
#6569 = CARTESIAN_POINT('',(14.525000,80.275000,0.000000));
#6570 = POLY_LOOP('',(#6566,#6567,#6568,#6569));
#6571 = FACE_OUTER_BOUND('',#6570,.T.);
#6572 = DIRECTION('',(0.000000,0.000000,-1.000000));
#6573 = DIRECTION('',(-0.000000,1.000000,0.000000));
#6574 = AXIS2_PLACEMENT_3D('',#6566,#6572,#6573);
#6575 = PLANE('',#6574);
#6576 = FACE_SURFACE('',(#6571),#6575,.T.);
#6577 = CARTESIAN_POINT('',(14.525000,80.275000,0.950000));
#6578 = CARTESIAN_POINT('',(17.475000,80.275000,0.950000));
#6579 = CARTESIAN_POINT('',(17.475000,81.725000,0.950000));
#6580 = CARTESIAN_POINT('',(14.525000,81.725000,0.950000));
#6581 = POLY_LOOP('',(#6577,#6578,#6579,#6580));
#6582 = FACE_OUTER_BOUND('',#6581,.T.);
#6583 = DIRECTION('',(0.000000,0.000000,1.000000));
#6584 = DIRECTION('',(0.000000,-1.000000,0.000000));
#6585 = AXIS2_PLACEMENT_3D('',#6577,#6583,#6584);
#6586 = PLANE('',#6585);
#6587 = FACE_SURFACE('',(#6582),#6586,.T.);
#6588 = POLY_LOOP('',(#6569,#6568,#6578,#6577));
#6589 = FACE_OUTER_BOUND('',#6588,.T.);
#6590 = DIRECTION('',(0.000000,-1.000000,0.000000));
#6591 = DIRECTION('',(0.000000,0.000000,-1.000000));
#6592 = AXIS2_PLACEMENT_3D('',#6569,#6590,#6591);
#6593 = PLANE('',#6592);
#6594 = FACE_SURFACE('',(#6589),#6593,.T.);
#6595 = POLY_LOOP('',(#6568,#6567,#6579,#6578));
#6596 = FACE_OUTER_BOUND('',#6595,.T.);
#6597 = DIRECTION('',(1.000000,-0.000000,0.000000));
#6598 = DIRECTION('',(0.000000,0.000000,-1.000000));
#6599 = AXIS2_PLACEMENT_3D('',#6568,#6597,#6598);
#6600 = PLANE('',#6599);
#6601 = FACE_SURFACE('',(#6596),#6600,.T.);
#6602 = POLY_LOOP('',(#6567,#6566,#6580,#6579));
#6603 = FACE_OUTER_BOUND('',#6602,.T.);
#6604 = DIRECTION('',(0.000000,1.000000,0.000000));
#6605 = DIRECTION('',(0.000000,0.000000,1.000000));
#6606 = AXIS2_PLACEMENT_3D('',#6567,#6604,#6605);
#6607 = PLANE('',#6606);
#6608 = FACE_SURFACE('',(#6603),#6607,.T.);
#6609 = POLY_LOOP('',(#6566,#6569,#6577,#6580));
#6610 = FACE_OUTER_BOUND('',#6609,.T.);
#6611 = DIRECTION('',(-1.000000,-0.000000,0.000000));
#6612 = DIRECTION('',(0.000000,-0.000000,1.000000));
#6613 = AXIS2_PLACEMENT_3D('',#6566,#6611,#6612);
#6614 = PLANE('',#6613);
#6615 = FACE_SURFACE('',(#6610),#6614,.T.);
#6616 = CLOSED_SHELL('',(#6576,#6587,#6594,#6601,#6608,#6615));
#6617 = FACETED_BREP('carrier_R22',#6616);
#6618 = CARTESIAN_POINT('',(20.525000,81.725000,0.000000));
#6619 = CARTESIAN_POINT('',(23.475000,81.725000,0.000000));
#6620 = CARTESIAN_POINT('',(23.475000,80.275000,0.000000));
#6621 = CARTESIAN_POINT('',(20.525000,80.275000,0.000000));
#6622 = POLY_LOOP('',(#6618,#6619,#6620,#6621));
#6623 = FACE_OUTER_BOUND('',#6622,.T.);
#6624 = DIRECTION('',(0.000000,0.000000,-1.000000));
#6625 = DIRECTION('',(-0.000000,1.000000,0.000000));
#6626 = AXIS2_PLACEMENT_3D('',#6618,#6624,#6625);
#6627 = PLANE('',#6626);
#6628 = FACE_SURFACE('',(#6623),#6627,.T.);
#6629 = CARTESIAN_POINT('',(20.525000,80.275000,0.950000));
#6630 = CARTESIAN_POINT('',(23.475000,80.275000,0.950000));
#6631 = CARTESIAN_POINT('',(23.475000,81.725000,0.950000));
#6632 = CARTESIAN_POINT('',(20.525000,81.725000,0.950000));
#6633 = POLY_LOOP('',(#6629,#6630,#6631,#6632));
#6634 = FACE_OUTER_BOUND('',#6633,.T.);
#6635 = DIRECTION('',(0.000000,0.000000,1.000000));
#6636 = DIRECTION('',(0.000000,-1.000000,0.000000));
#6637 = AXIS2_PLACEMENT_3D('',#6629,#6635,#6636);
#6638 = PLANE('',#6637);
#6639 = FACE_SURFACE('',(#6634),#6638,.T.);
#6640 = POLY_LOOP('',(#6621,#6620,#6630,#6629));
#6641 = FACE_OUTER_BOUND('',#6640,.T.);
#6642 = DIRECTION('',(0.000000,-1.000000,0.000000));
#6643 = DIRECTION('',(0.000000,0.000000,-1.000000));
#6644 = AXIS2_PLACEMENT_3D('',#6621,#6642,#6643);
#6645 = PLANE('',#6644);
#6646 = FACE_SURFACE('',(#6641),#6645,.T.);
#6647 = POLY_LOOP('',(#6620,#6619,#6631,#6630));
#6648 = FACE_OUTER_BOUND('',#6647,.T.);
#6649 = DIRECTION('',(1.000000,-0.000000,0.000000));
#6650 = DIRECTION('',(0.000000,0.000000,-1.000000));
#6651 = AXIS2_PLACEMENT_3D('',#6620,#6649,#6650);
#6652 = PLANE('',#6651);
#6653 = FACE_SURFACE('',(#6648),#6652,.T.);
#6654 = POLY_LOOP('',(#6619,#6618,#6632,#6631));
#6655 = FACE_OUTER_BOUND('',#6654,.T.);
#6656 = DIRECTION('',(0.000000,1.000000,0.000000));
#6657 = DIRECTION('',(0.000000,0.000000,1.000000));
#6658 = AXIS2_PLACEMENT_3D('',#6619,#6656,#6657);
#6659 = PLANE('',#6658);
#6660 = FACE_SURFACE('',(#6655),#6659,.T.);
#6661 = POLY_LOOP('',(#6618,#6621,#6629,#6632));
#6662 = FACE_OUTER_BOUND('',#6661,.T.);
#6663 = DIRECTION('',(-1.000000,-0.000000,0.000000));
#6664 = DIRECTION('',(0.000000,-0.000000,1.000000));
#6665 = AXIS2_PLACEMENT_3D('',#6618,#6663,#6664);
#6666 = PLANE('',#6665);
#6667 = FACE_SURFACE('',(#6662),#6666,.T.);
#6668 = CLOSED_SHELL('',(#6628,#6639,#6646,#6653,#6660,#6667));
#6669 = FACETED_BREP('carrier_R23',#6668);
#6670 = CARTESIAN_POINT('',(26.525000,81.725000,0.000000));
#6671 = CARTESIAN_POINT('',(29.475000,81.725000,0.000000));
#6672 = CARTESIAN_POINT('',(29.475000,80.275000,0.000000));
#6673 = CARTESIAN_POINT('',(26.525000,80.275000,0.000000));
#6674 = POLY_LOOP('',(#6670,#6671,#6672,#6673));
#6675 = FACE_OUTER_BOUND('',#6674,.T.);
#6676 = DIRECTION('',(0.000000,0.000000,-1.000000));
#6677 = DIRECTION('',(-0.000000,1.000000,0.000000));
#6678 = AXIS2_PLACEMENT_3D('',#6670,#6676,#6677);
#6679 = PLANE('',#6678);
#6680 = FACE_SURFACE('',(#6675),#6679,.T.);
#6681 = CARTESIAN_POINT('',(26.525000,80.275000,0.950000));
#6682 = CARTESIAN_POINT('',(29.475000,80.275000,0.950000));
#6683 = CARTESIAN_POINT('',(29.475000,81.725000,0.950000));
#6684 = CARTESIAN_POINT('',(26.525000,81.725000,0.950000));
#6685 = POLY_LOOP('',(#6681,#6682,#6683,#6684));
#6686 = FACE_OUTER_BOUND('',#6685,.T.);
#6687 = DIRECTION('',(0.000000,0.000000,1.000000));
#6688 = DIRECTION('',(0.000000,-1.000000,0.000000));
#6689 = AXIS2_PLACEMENT_3D('',#6681,#6687,#6688);
#6690 = PLANE('',#6689);
#6691 = FACE_SURFACE('',(#6686),#6690,.T.);
#6692 = POLY_LOOP('',(#6673,#6672,#6682,#6681));
#6693 = FACE_OUTER_BOUND('',#6692,.T.);
#6694 = DIRECTION('',(0.000000,-1.000000,0.000000));
#6695 = DIRECTION('',(0.000000,0.000000,-1.000000));
#6696 = AXIS2_PLACEMENT_3D('',#6673,#6694,#6695);
#6697 = PLANE('',#6696);
#6698 = FACE_SURFACE('',(#6693),#6697,.T.);
#6699 = POLY_LOOP('',(#6672,#6671,#6683,#6682));
#6700 = FACE_OUTER_BOUND('',#6699,.T.);
#6701 = DIRECTION('',(1.000000,-0.000000,0.000000));
#6702 = DIRECTION('',(0.000000,0.000000,-1.000000));
#6703 = AXIS2_PLACEMENT_3D('',#6672,#6701,#6702);
#6704 = PLANE('',#6703);
#6705 = FACE_SURFACE('',(#6700),#6704,.T.);
#6706 = POLY_LOOP('',(#6671,#6670,#6684,#6683));
#6707 = FACE_OUTER_BOUND('',#6706,.T.);
#6708 = DIRECTION('',(0.000000,1.000000,0.000000));
#6709 = DIRECTION('',(0.000000,0.000000,1.000000));
#6710 = AXIS2_PLACEMENT_3D('',#6671,#6708,#6709);
#6711 = PLANE('',#6710);
#6712 = FACE_SURFACE('',(#6707),#6711,.T.);
#6713 = POLY_LOOP('',(#6670,#6673,#6681,#6684));
#6714 = FACE_OUTER_BOUND('',#6713,.T.);
#6715 = DIRECTION('',(-1.000000,-0.000000,0.000000));
#6716 = DIRECTION('',(0.000000,-0.000000,1.000000));
#6717 = AXIS2_PLACEMENT_3D('',#6670,#6715,#6716);
#6718 = PLANE('',#6717);
#6719 = FACE_SURFACE('',(#6714),#6718,.T.);
#6720 = CLOSED_SHELL('',(#6680,#6691,#6698,#6705,#6712,#6719));
#6721 = FACETED_BREP('carrier_R24',#6720);
#6722 = CARTESIAN_POINT('',(32.525000,81.725000,0.000000));
#6723 = CARTESIAN_POINT('',(35.475000,81.725000,0.000000));
#6724 = CARTESIAN_POINT('',(35.475000,80.275000,0.000000));
#6725 = CARTESIAN_POINT('',(32.525000,80.275000,0.000000));
#6726 = POLY_LOOP('',(#6722,#6723,#6724,#6725));
#6727 = FACE_OUTER_BOUND('',#6726,.T.);
#6728 = DIRECTION('',(0.000000,0.000000,-1.000000));
#6729 = DIRECTION('',(-0.000000,1.000000,0.000000));
#6730 = AXIS2_PLACEMENT_3D('',#6722,#6728,#6729);
#6731 = PLANE('',#6730);
#6732 = FACE_SURFACE('',(#6727),#6731,.T.);
#6733 = CARTESIAN_POINT('',(32.525000,80.275000,0.950000));
#6734 = CARTESIAN_POINT('',(35.475000,80.275000,0.950000));
#6735 = CARTESIAN_POINT('',(35.475000,81.725000,0.950000));
#6736 = CARTESIAN_POINT('',(32.525000,81.725000,0.950000));
#6737 = POLY_LOOP('',(#6733,#6734,#6735,#6736));
#6738 = FACE_OUTER_BOUND('',#6737,.T.);
#6739 = DIRECTION('',(0.000000,0.000000,1.000000));
#6740 = DIRECTION('',(0.000000,-1.000000,0.000000));
#6741 = AXIS2_PLACEMENT_3D('',#6733,#6739,#6740);
#6742 = PLANE('',#6741);
#6743 = FACE_SURFACE('',(#6738),#6742,.T.);
#6744 = POLY_LOOP('',(#6725,#6724,#6734,#6733));
#6745 = FACE_OUTER_BOUND('',#6744,.T.);
#6746 = DIRECTION('',(0.000000,-1.000000,0.000000));
#6747 = DIRECTION('',(0.000000,0.000000,-1.000000));
#6748 = AXIS2_PLACEMENT_3D('',#6725,#6746,#6747);
#6749 = PLANE('',#6748);
#6750 = FACE_SURFACE('',(#6745),#6749,.T.);
#6751 = POLY_LOOP('',(#6724,#6723,#6735,#6734));
#6752 = FACE_OUTER_BOUND('',#6751,.T.);
#6753 = DIRECTION('',(1.000000,-0.000000,0.000000));
#6754 = DIRECTION('',(0.000000,0.000000,-1.000000));
#6755 = AXIS2_PLACEMENT_3D('',#6724,#6753,#6754);
#6756 = PLANE('',#6755);
#6757 = FACE_SURFACE('',(#6752),#6756,.T.);
#6758 = POLY_LOOP('',(#6723,#6722,#6736,#6735));
#6759 = FACE_OUTER_BOUND('',#6758,.T.);
#6760 = DIRECTION('',(0.000000,1.000000,0.000000));
#6761 = DIRECTION('',(0.000000,0.000000,1.000000));
#6762 = AXIS2_PLACEMENT_3D('',#6723,#6760,#6761);
#6763 = PLANE('',#6762);
#6764 = FACE_SURFACE('',(#6759),#6763,.T.);
#6765 = POLY_LOOP('',(#6722,#6725,#6733,#6736));
#6766 = FACE_OUTER_BOUND('',#6765,.T.);
#6767 = DIRECTION('',(-1.000000,-0.000000,0.000000));
#6768 = DIRECTION('',(0.000000,-0.000000,1.000000));
#6769 = AXIS2_PLACEMENT_3D('',#6722,#6767,#6768);
#6770 = PLANE('',#6769);
#6771 = FACE_SURFACE('',(#6766),#6770,.T.);
#6772 = CLOSED_SHELL('',(#6732,#6743,#6750,#6757,#6764,#6771));
#6773 = FACETED_BREP('carrier_R25',#6772);
#6774 = CARTESIAN_POINT('',(38.525000,81.725000,0.000000));
#6775 = CARTESIAN_POINT('',(41.475000,81.725000,0.000000));
#6776 = CARTESIAN_POINT('',(41.475000,80.275000,0.000000));
#6777 = CARTESIAN_POINT('',(38.525000,80.275000,0.000000));
#6778 = POLY_LOOP('',(#6774,#6775,#6776,#6777));
#6779 = FACE_OUTER_BOUND('',#6778,.T.);
#6780 = DIRECTION('',(0.000000,0.000000,-1.000000));
#6781 = DIRECTION('',(-0.000000,1.000000,0.000000));
#6782 = AXIS2_PLACEMENT_3D('',#6774,#6780,#6781);
#6783 = PLANE('',#6782);
#6784 = FACE_SURFACE('',(#6779),#6783,.T.);
#6785 = CARTESIAN_POINT('',(38.525000,80.275000,0.950000));
#6786 = CARTESIAN_POINT('',(41.475000,80.275000,0.950000));
#6787 = CARTESIAN_POINT('',(41.475000,81.725000,0.950000));
#6788 = CARTESIAN_POINT('',(38.525000,81.725000,0.950000));
#6789 = POLY_LOOP('',(#6785,#6786,#6787,#6788));
#6790 = FACE_OUTER_BOUND('',#6789,.T.);
#6791 = DIRECTION('',(0.000000,0.000000,1.000000));
#6792 = DIRECTION('',(0.000000,-1.000000,0.000000));
#6793 = AXIS2_PLACEMENT_3D('',#6785,#6791,#6792);
#6794 = PLANE('',#6793);
#6795 = FACE_SURFACE('',(#6790),#6794,.T.);
#6796 = POLY_LOOP('',(#6777,#6776,#6786,#6785));
#6797 = FACE_OUTER_BOUND('',#6796,.T.);
#6798 = DIRECTION('',(0.000000,-1.000000,0.000000));
#6799 = DIRECTION('',(0.000000,0.000000,-1.000000));
#6800 = AXIS2_PLACEMENT_3D('',#6777,#6798,#6799);
#6801 = PLANE('',#6800);
#6802 = FACE_SURFACE('',(#6797),#6801,.T.);
#6803 = POLY_LOOP('',(#6776,#6775,#6787,#6786));
#6804 = FACE_OUTER_BOUND('',#6803,.T.);
#6805 = DIRECTION('',(1.000000,-0.000000,0.000000));
#6806 = DIRECTION('',(0.000000,0.000000,-1.000000));
#6807 = AXIS2_PLACEMENT_3D('',#6776,#6805,#6806);
#6808 = PLANE('',#6807);
#6809 = FACE_SURFACE('',(#6804),#6808,.T.);
#6810 = POLY_LOOP('',(#6775,#6774,#6788,#6787));
#6811 = FACE_OUTER_BOUND('',#6810,.T.);
#6812 = DIRECTION('',(0.000000,1.000000,0.000000));
#6813 = DIRECTION('',(0.000000,0.000000,1.000000));
#6814 = AXIS2_PLACEMENT_3D('',#6775,#6812,#6813);
#6815 = PLANE('',#6814);
#6816 = FACE_SURFACE('',(#6811),#6815,.T.);
#6817 = POLY_LOOP('',(#6774,#6777,#6785,#6788));
#6818 = FACE_OUTER_BOUND('',#6817,.T.);
#6819 = DIRECTION('',(-1.000000,-0.000000,0.000000));
#6820 = DIRECTION('',(0.000000,-0.000000,1.000000));
#6821 = AXIS2_PLACEMENT_3D('',#6774,#6819,#6820);
#6822 = PLANE('',#6821);
#6823 = FACE_SURFACE('',(#6818),#6822,.T.);
#6824 = CLOSED_SHELL('',(#6784,#6795,#6802,#6809,#6816,#6823));
#6825 = FACETED_BREP('carrier_R26',#6824);
#6826 = CARTESIAN_POINT('',(26.525000,85.725000,0.000000));
#6827 = CARTESIAN_POINT('',(29.475000,85.725000,0.000000));
#6828 = CARTESIAN_POINT('',(29.475000,84.275000,0.000000));
#6829 = CARTESIAN_POINT('',(26.525000,84.275000,0.000000));
#6830 = POLY_LOOP('',(#6826,#6827,#6828,#6829));
#6831 = FACE_OUTER_BOUND('',#6830,.T.);
#6832 = DIRECTION('',(0.000000,0.000000,-1.000000));
#6833 = DIRECTION('',(-0.000000,1.000000,0.000000));
#6834 = AXIS2_PLACEMENT_3D('',#6826,#6832,#6833);
#6835 = PLANE('',#6834);
#6836 = FACE_SURFACE('',(#6831),#6835,.T.);
#6837 = CARTESIAN_POINT('',(26.525000,84.275000,0.950000));
#6838 = CARTESIAN_POINT('',(29.475000,84.275000,0.950000));
#6839 = CARTESIAN_POINT('',(29.475000,85.725000,0.950000));
#6840 = CARTESIAN_POINT('',(26.525000,85.725000,0.950000));
#6841 = POLY_LOOP('',(#6837,#6838,#6839,#6840));
#6842 = FACE_OUTER_BOUND('',#6841,.T.);
#6843 = DIRECTION('',(0.000000,0.000000,1.000000));
#6844 = DIRECTION('',(0.000000,-1.000000,0.000000));
#6845 = AXIS2_PLACEMENT_3D('',#6837,#6843,#6844);
#6846 = PLANE('',#6845);
#6847 = FACE_SURFACE('',(#6842),#6846,.T.);
#6848 = POLY_LOOP('',(#6829,#6828,#6838,#6837));
#6849 = FACE_OUTER_BOUND('',#6848,.T.);
#6850 = DIRECTION('',(0.000000,-1.000000,0.000000));
#6851 = DIRECTION('',(0.000000,0.000000,-1.000000));
#6852 = AXIS2_PLACEMENT_3D('',#6829,#6850,#6851);
#6853 = PLANE('',#6852);
#6854 = FACE_SURFACE('',(#6849),#6853,.T.);
#6855 = POLY_LOOP('',(#6828,#6827,#6839,#6838));
#6856 = FACE_OUTER_BOUND('',#6855,.T.);
#6857 = DIRECTION('',(1.000000,-0.000000,0.000000));
#6858 = DIRECTION('',(0.000000,0.000000,-1.000000));
#6859 = AXIS2_PLACEMENT_3D('',#6828,#6857,#6858);
#6860 = PLANE('',#6859);
#6861 = FACE_SURFACE('',(#6856),#6860,.T.);
#6862 = POLY_LOOP('',(#6827,#6826,#6840,#6839));
#6863 = FACE_OUTER_BOUND('',#6862,.T.);
#6864 = DIRECTION('',(0.000000,1.000000,0.000000));
#6865 = DIRECTION('',(0.000000,0.000000,1.000000));
#6866 = AXIS2_PLACEMENT_3D('',#6827,#6864,#6865);
#6867 = PLANE('',#6866);
#6868 = FACE_SURFACE('',(#6863),#6867,.T.);
#6869 = POLY_LOOP('',(#6826,#6829,#6837,#6840));
#6870 = FACE_OUTER_BOUND('',#6869,.T.);
#6871 = DIRECTION('',(-1.000000,-0.000000,0.000000));
#6872 = DIRECTION('',(0.000000,-0.000000,1.000000));
#6873 = AXIS2_PLACEMENT_3D('',#6826,#6871,#6872);
#6874 = PLANE('',#6873);
#6875 = FACE_SURFACE('',(#6870),#6874,.T.);
#6876 = CLOSED_SHELL('',(#6836,#6847,#6854,#6861,#6868,#6875));
#6877 = FACETED_BREP('carrier_R27',#6876);
#6878 = CARTESIAN_POINT('',(32.525000,85.725000,0.000000));
#6879 = CARTESIAN_POINT('',(35.475000,85.725000,0.000000));
#6880 = CARTESIAN_POINT('',(35.475000,84.275000,0.000000));
#6881 = CARTESIAN_POINT('',(32.525000,84.275000,0.000000));
#6882 = POLY_LOOP('',(#6878,#6879,#6880,#6881));
#6883 = FACE_OUTER_BOUND('',#6882,.T.);
#6884 = DIRECTION('',(0.000000,0.000000,-1.000000));
#6885 = DIRECTION('',(-0.000000,1.000000,0.000000));
#6886 = AXIS2_PLACEMENT_3D('',#6878,#6884,#6885);
#6887 = PLANE('',#6886);
#6888 = FACE_SURFACE('',(#6883),#6887,.T.);
#6889 = CARTESIAN_POINT('',(32.525000,84.275000,0.950000));
#6890 = CARTESIAN_POINT('',(35.475000,84.275000,0.950000));
#6891 = CARTESIAN_POINT('',(35.475000,85.725000,0.950000));
#6892 = CARTESIAN_POINT('',(32.525000,85.725000,0.950000));
#6893 = POLY_LOOP('',(#6889,#6890,#6891,#6892));
#6894 = FACE_OUTER_BOUND('',#6893,.T.);
#6895 = DIRECTION('',(0.000000,0.000000,1.000000));
#6896 = DIRECTION('',(0.000000,-1.000000,0.000000));
#6897 = AXIS2_PLACEMENT_3D('',#6889,#6895,#6896);
#6898 = PLANE('',#6897);
#6899 = FACE_SURFACE('',(#6894),#6898,.T.);
#6900 = POLY_LOOP('',(#6881,#6880,#6890,#6889));
#6901 = FACE_OUTER_BOUND('',#6900,.T.);
#6902 = DIRECTION('',(0.000000,-1.000000,0.000000));
#6903 = DIRECTION('',(0.000000,0.000000,-1.000000));
#6904 = AXIS2_PLACEMENT_3D('',#6881,#6902,#6903);
#6905 = PLANE('',#6904);
#6906 = FACE_SURFACE('',(#6901),#6905,.T.);
#6907 = POLY_LOOP('',(#6880,#6879,#6891,#6890));
#6908 = FACE_OUTER_BOUND('',#6907,.T.);
#6909 = DIRECTION('',(1.000000,-0.000000,0.000000));
#6910 = DIRECTION('',(0.000000,0.000000,-1.000000));
#6911 = AXIS2_PLACEMENT_3D('',#6880,#6909,#6910);
#6912 = PLANE('',#6911);
#6913 = FACE_SURFACE('',(#6908),#6912,.T.);
#6914 = POLY_LOOP('',(#6879,#6878,#6892,#6891));
#6915 = FACE_OUTER_BOUND('',#6914,.T.);
#6916 = DIRECTION('',(0.000000,1.000000,0.000000));
#6917 = DIRECTION('',(0.000000,0.000000,1.000000));
#6918 = AXIS2_PLACEMENT_3D('',#6879,#6916,#6917);
#6919 = PLANE('',#6918);
#6920 = FACE_SURFACE('',(#6915),#6919,.T.);
#6921 = POLY_LOOP('',(#6878,#6881,#6889,#6892));
#6922 = FACE_OUTER_BOUND('',#6921,.T.);
#6923 = DIRECTION('',(-1.000000,-0.000000,0.000000));
#6924 = DIRECTION('',(0.000000,-0.000000,1.000000));
#6925 = AXIS2_PLACEMENT_3D('',#6878,#6923,#6924);
#6926 = PLANE('',#6925);
#6927 = FACE_SURFACE('',(#6922),#6926,.T.);
#6928 = CLOSED_SHELL('',(#6888,#6899,#6906,#6913,#6920,#6927));
#6929 = FACETED_BREP('carrier_R28',#6928);
#6930 = CARTESIAN_POINT('',(20.525000,89.725000,0.000000));
#6931 = CARTESIAN_POINT('',(23.475000,89.725000,0.000000));
#6932 = CARTESIAN_POINT('',(23.475000,88.275000,0.000000));
#6933 = CARTESIAN_POINT('',(20.525000,88.275000,0.000000));
#6934 = POLY_LOOP('',(#6930,#6931,#6932,#6933));
#6935 = FACE_OUTER_BOUND('',#6934,.T.);
#6936 = DIRECTION('',(0.000000,0.000000,-1.000000));
#6937 = DIRECTION('',(-0.000000,1.000000,0.000000));
#6938 = AXIS2_PLACEMENT_3D('',#6930,#6936,#6937);
#6939 = PLANE('',#6938);
#6940 = FACE_SURFACE('',(#6935),#6939,.T.);
#6941 = CARTESIAN_POINT('',(20.525000,88.275000,0.950000));
#6942 = CARTESIAN_POINT('',(23.475000,88.275000,0.950000));
#6943 = CARTESIAN_POINT('',(23.475000,89.725000,0.950000));
#6944 = CARTESIAN_POINT('',(20.525000,89.725000,0.950000));
#6945 = POLY_LOOP('',(#6941,#6942,#6943,#6944));
#6946 = FACE_OUTER_BOUND('',#6945,.T.);
#6947 = DIRECTION('',(0.000000,0.000000,1.000000));
#6948 = DIRECTION('',(0.000000,-1.000000,0.000000));
#6949 = AXIS2_PLACEMENT_3D('',#6941,#6947,#6948);
#6950 = PLANE('',#6949);
#6951 = FACE_SURFACE('',(#6946),#6950,.T.);
#6952 = POLY_LOOP('',(#6933,#6932,#6942,#6941));
#6953 = FACE_OUTER_BOUND('',#6952,.T.);
#6954 = DIRECTION('',(0.000000,-1.000000,0.000000));
#6955 = DIRECTION('',(0.000000,0.000000,-1.000000));
#6956 = AXIS2_PLACEMENT_3D('',#6933,#6954,#6955);
#6957 = PLANE('',#6956);
#6958 = FACE_SURFACE('',(#6953),#6957,.T.);
#6959 = POLY_LOOP('',(#6932,#6931,#6943,#6942));
#6960 = FACE_OUTER_BOUND('',#6959,.T.);
#6961 = DIRECTION('',(1.000000,-0.000000,0.000000));
#6962 = DIRECTION('',(0.000000,0.000000,-1.000000));
#6963 = AXIS2_PLACEMENT_3D('',#6932,#6961,#6962);
#6964 = PLANE('',#6963);
#6965 = FACE_SURFACE('',(#6960),#6964,.T.);
#6966 = POLY_LOOP('',(#6931,#6930,#6944,#6943));
#6967 = FACE_OUTER_BOUND('',#6966,.T.);
#6968 = DIRECTION('',(0.000000,1.000000,0.000000));
#6969 = DIRECTION('',(0.000000,0.000000,1.000000));
#6970 = AXIS2_PLACEMENT_3D('',#6931,#6968,#6969);
#6971 = PLANE('',#6970);
#6972 = FACE_SURFACE('',(#6967),#6971,.T.);
#6973 = POLY_LOOP('',(#6930,#6933,#6941,#6944));
#6974 = FACE_OUTER_BOUND('',#6973,.T.);
#6975 = DIRECTION('',(-1.000000,-0.000000,0.000000));
#6976 = DIRECTION('',(0.000000,-0.000000,1.000000));
#6977 = AXIS2_PLACEMENT_3D('',#6930,#6975,#6976);
#6978 = PLANE('',#6977);
#6979 = FACE_SURFACE('',(#6974),#6978,.T.);
#6980 = CLOSED_SHELL('',(#6940,#6951,#6958,#6965,#6972,#6979));
#6981 = FACETED_BREP('carrier_R40',#6980);
#6982 = CARTESIAN_POINT('',(26.525000,89.725000,0.000000));
#6983 = CARTESIAN_POINT('',(29.475000,89.725000,0.000000));
#6984 = CARTESIAN_POINT('',(29.475000,88.275000,0.000000));
#6985 = CARTESIAN_POINT('',(26.525000,88.275000,0.000000));
#6986 = POLY_LOOP('',(#6982,#6983,#6984,#6985));
#6987 = FACE_OUTER_BOUND('',#6986,.T.);
#6988 = DIRECTION('',(0.000000,0.000000,-1.000000));
#6989 = DIRECTION('',(-0.000000,1.000000,0.000000));
#6990 = AXIS2_PLACEMENT_3D('',#6982,#6988,#6989);
#6991 = PLANE('',#6990);
#6992 = FACE_SURFACE('',(#6987),#6991,.T.);
#6993 = CARTESIAN_POINT('',(26.525000,88.275000,0.950000));
#6994 = CARTESIAN_POINT('',(29.475000,88.275000,0.950000));
#6995 = CARTESIAN_POINT('',(29.475000,89.725000,0.950000));
#6996 = CARTESIAN_POINT('',(26.525000,89.725000,0.950000));
#6997 = POLY_LOOP('',(#6993,#6994,#6995,#6996));
#6998 = FACE_OUTER_BOUND('',#6997,.T.);
#6999 = DIRECTION('',(0.000000,0.000000,1.000000));
#7000 = DIRECTION('',(0.000000,-1.000000,0.000000));
#7001 = AXIS2_PLACEMENT_3D('',#6993,#6999,#7000);
#7002 = PLANE('',#7001);
#7003 = FACE_SURFACE('',(#6998),#7002,.T.);
#7004 = POLY_LOOP('',(#6985,#6984,#6994,#6993));
#7005 = FACE_OUTER_BOUND('',#7004,.T.);
#7006 = DIRECTION('',(0.000000,-1.000000,0.000000));
#7007 = DIRECTION('',(0.000000,0.000000,-1.000000));
#7008 = AXIS2_PLACEMENT_3D('',#6985,#7006,#7007);
#7009 = PLANE('',#7008);
#7010 = FACE_SURFACE('',(#7005),#7009,.T.);
#7011 = POLY_LOOP('',(#6984,#6983,#6995,#6994));
#7012 = FACE_OUTER_BOUND('',#7011,.T.);
#7013 = DIRECTION('',(1.000000,-0.000000,0.000000));
#7014 = DIRECTION('',(0.000000,0.000000,-1.000000));
#7015 = AXIS2_PLACEMENT_3D('',#6984,#7013,#7014);
#7016 = PLANE('',#7015);
#7017 = FACE_SURFACE('',(#7012),#7016,.T.);
#7018 = POLY_LOOP('',(#6983,#6982,#6996,#6995));
#7019 = FACE_OUTER_BOUND('',#7018,.T.);
#7020 = DIRECTION('',(0.000000,1.000000,0.000000));
#7021 = DIRECTION('',(0.000000,0.000000,1.000000));
#7022 = AXIS2_PLACEMENT_3D('',#6983,#7020,#7021);
#7023 = PLANE('',#7022);
#7024 = FACE_SURFACE('',(#7019),#7023,.T.);
#7025 = POLY_LOOP('',(#6982,#6985,#6993,#6996));
#7026 = FACE_OUTER_BOUND('',#7025,.T.);
#7027 = DIRECTION('',(-1.000000,-0.000000,0.000000));
#7028 = DIRECTION('',(0.000000,-0.000000,1.000000));
#7029 = AXIS2_PLACEMENT_3D('',#6982,#7027,#7028);
#7030 = PLANE('',#7029);
#7031 = FACE_SURFACE('',(#7026),#7030,.T.);
#7032 = CLOSED_SHELL('',(#6992,#7003,#7010,#7017,#7024,#7031));
#7033 = FACETED_BREP('carrier_R41',#7032);
#7034 = CARTESIAN_POINT('',(14.525000,93.725000,0.000000));
#7035 = CARTESIAN_POINT('',(17.475000,93.725000,0.000000));
#7036 = CARTESIAN_POINT('',(17.475000,92.275000,0.000000));
#7037 = CARTESIAN_POINT('',(14.525000,92.275000,0.000000));
#7038 = POLY_LOOP('',(#7034,#7035,#7036,#7037));
#7039 = FACE_OUTER_BOUND('',#7038,.T.);
#7040 = DIRECTION('',(0.000000,0.000000,-1.000000));
#7041 = DIRECTION('',(-0.000000,1.000000,0.000000));
#7042 = AXIS2_PLACEMENT_3D('',#7034,#7040,#7041);
#7043 = PLANE('',#7042);
#7044 = FACE_SURFACE('',(#7039),#7043,.T.);
#7045 = CARTESIAN_POINT('',(14.525000,92.275000,0.950000));
#7046 = CARTESIAN_POINT('',(17.475000,92.275000,0.950000));
#7047 = CARTESIAN_POINT('',(17.475000,93.725000,0.950000));
#7048 = CARTESIAN_POINT('',(14.525000,93.725000,0.950000));
#7049 = POLY_LOOP('',(#7045,#7046,#7047,#7048));
#7050 = FACE_OUTER_BOUND('',#7049,.T.);
#7051 = DIRECTION('',(0.000000,0.000000,1.000000));
#7052 = DIRECTION('',(0.000000,-1.000000,0.000000));
#7053 = AXIS2_PLACEMENT_3D('',#7045,#7051,#7052);
#7054 = PLANE('',#7053);
#7055 = FACE_SURFACE('',(#7050),#7054,.T.);
#7056 = POLY_LOOP('',(#7037,#7036,#7046,#7045));
#7057 = FACE_OUTER_BOUND('',#7056,.T.);
#7058 = DIRECTION('',(0.000000,-1.000000,0.000000));
#7059 = DIRECTION('',(0.000000,0.000000,-1.000000));
#7060 = AXIS2_PLACEMENT_3D('',#7037,#7058,#7059);
#7061 = PLANE('',#7060);
#7062 = FACE_SURFACE('',(#7057),#7061,.T.);
#7063 = POLY_LOOP('',(#7036,#7035,#7047,#7046));
#7064 = FACE_OUTER_BOUND('',#7063,.T.);
#7065 = DIRECTION('',(1.000000,-0.000000,0.000000));
#7066 = DIRECTION('',(0.000000,0.000000,-1.000000));
#7067 = AXIS2_PLACEMENT_3D('',#7036,#7065,#7066);
#7068 = PLANE('',#7067);
#7069 = FACE_SURFACE('',(#7064),#7068,.T.);
#7070 = POLY_LOOP('',(#7035,#7034,#7048,#7047));
#7071 = FACE_OUTER_BOUND('',#7070,.T.);
#7072 = DIRECTION('',(0.000000,1.000000,0.000000));
#7073 = DIRECTION('',(0.000000,0.000000,1.000000));
#7074 = AXIS2_PLACEMENT_3D('',#7035,#7072,#7073);
#7075 = PLANE('',#7074);
#7076 = FACE_SURFACE('',(#7071),#7075,.T.);
#7077 = POLY_LOOP('',(#7034,#7037,#7045,#7048));
#7078 = FACE_OUTER_BOUND('',#7077,.T.);
#7079 = DIRECTION('',(-1.000000,-0.000000,0.000000));
#7080 = DIRECTION('',(0.000000,-0.000000,1.000000));
#7081 = AXIS2_PLACEMENT_3D('',#7034,#7079,#7080);
#7082 = PLANE('',#7081);
#7083 = FACE_SURFACE('',(#7078),#7082,.T.);
#7084 = CLOSED_SHELL('',(#7044,#7055,#7062,#7069,#7076,#7083));
#7085 = FACETED_BREP('carrier_R42',#7084);
#7086 = CARTESIAN_POINT('',(20.525000,93.725000,0.000000));
#7087 = CARTESIAN_POINT('',(23.475000,93.725000,0.000000));
#7088 = CARTESIAN_POINT('',(23.475000,92.275000,0.000000));
#7089 = CARTESIAN_POINT('',(20.525000,92.275000,0.000000));
#7090 = POLY_LOOP('',(#7086,#7087,#7088,#7089));
#7091 = FACE_OUTER_BOUND('',#7090,.T.);
#7092 = DIRECTION('',(0.000000,0.000000,-1.000000));
#7093 = DIRECTION('',(-0.000000,1.000000,0.000000));
#7094 = AXIS2_PLACEMENT_3D('',#7086,#7092,#7093);
#7095 = PLANE('',#7094);
#7096 = FACE_SURFACE('',(#7091),#7095,.T.);
#7097 = CARTESIAN_POINT('',(20.525000,92.275000,0.950000));
#7098 = CARTESIAN_POINT('',(23.475000,92.275000,0.950000));
#7099 = CARTESIAN_POINT('',(23.475000,93.725000,0.950000));
#7100 = CARTESIAN_POINT('',(20.525000,93.725000,0.950000));
#7101 = POLY_LOOP('',(#7097,#7098,#7099,#7100));
#7102 = FACE_OUTER_BOUND('',#7101,.T.);
#7103 = DIRECTION('',(0.000000,0.000000,1.000000));
#7104 = DIRECTION('',(0.000000,-1.000000,0.000000));
#7105 = AXIS2_PLACEMENT_3D('',#7097,#7103,#7104);
#7106 = PLANE('',#7105);
#7107 = FACE_SURFACE('',(#7102),#7106,.T.);
#7108 = POLY_LOOP('',(#7089,#7088,#7098,#7097));
#7109 = FACE_OUTER_BOUND('',#7108,.T.);
#7110 = DIRECTION('',(0.000000,-1.000000,0.000000));
#7111 = DIRECTION('',(0.000000,0.000000,-1.000000));
#7112 = AXIS2_PLACEMENT_3D('',#7089,#7110,#7111);
#7113 = PLANE('',#7112);
#7114 = FACE_SURFACE('',(#7109),#7113,.T.);
#7115 = POLY_LOOP('',(#7088,#7087,#7099,#7098));
#7116 = FACE_OUTER_BOUND('',#7115,.T.);
#7117 = DIRECTION('',(1.000000,-0.000000,0.000000));
#7118 = DIRECTION('',(0.000000,0.000000,-1.000000));
#7119 = AXIS2_PLACEMENT_3D('',#7088,#7117,#7118);
#7120 = PLANE('',#7119);
#7121 = FACE_SURFACE('',(#7116),#7120,.T.);
#7122 = POLY_LOOP('',(#7087,#7086,#7100,#7099));
#7123 = FACE_OUTER_BOUND('',#7122,.T.);
#7124 = DIRECTION('',(0.000000,1.000000,0.000000));
#7125 = DIRECTION('',(0.000000,0.000000,1.000000));
#7126 = AXIS2_PLACEMENT_3D('',#7087,#7124,#7125);
#7127 = PLANE('',#7126);
#7128 = FACE_SURFACE('',(#7123),#7127,.T.);
#7129 = POLY_LOOP('',(#7086,#7089,#7097,#7100));
#7130 = FACE_OUTER_BOUND('',#7129,.T.);
#7131 = DIRECTION('',(-1.000000,-0.000000,0.000000));
#7132 = DIRECTION('',(0.000000,-0.000000,1.000000));
#7133 = AXIS2_PLACEMENT_3D('',#7086,#7131,#7132);
#7134 = PLANE('',#7133);
#7135 = FACE_SURFACE('',(#7130),#7134,.T.);
#7136 = CLOSED_SHELL('',(#7096,#7107,#7114,#7121,#7128,#7135));
#7137 = FACETED_BREP('carrier_R43',#7136);
#7138 = CARTESIAN_POINT('',(26.525000,93.725000,0.000000));
#7139 = CARTESIAN_POINT('',(29.475000,93.725000,0.000000));
#7140 = CARTESIAN_POINT('',(29.475000,92.275000,0.000000));
#7141 = CARTESIAN_POINT('',(26.525000,92.275000,0.000000));
#7142 = POLY_LOOP('',(#7138,#7139,#7140,#7141));
#7143 = FACE_OUTER_BOUND('',#7142,.T.);
#7144 = DIRECTION('',(0.000000,0.000000,-1.000000));
#7145 = DIRECTION('',(-0.000000,1.000000,0.000000));
#7146 = AXIS2_PLACEMENT_3D('',#7138,#7144,#7145);
#7147 = PLANE('',#7146);
#7148 = FACE_SURFACE('',(#7143),#7147,.T.);
#7149 = CARTESIAN_POINT('',(26.525000,92.275000,0.950000));
#7150 = CARTESIAN_POINT('',(29.475000,92.275000,0.950000));
#7151 = CARTESIAN_POINT('',(29.475000,93.725000,0.950000));
#7152 = CARTESIAN_POINT('',(26.525000,93.725000,0.950000));
#7153 = POLY_LOOP('',(#7149,#7150,#7151,#7152));
#7154 = FACE_OUTER_BOUND('',#7153,.T.);
#7155 = DIRECTION('',(0.000000,0.000000,1.000000));
#7156 = DIRECTION('',(0.000000,-1.000000,0.000000));
#7157 = AXIS2_PLACEMENT_3D('',#7149,#7155,#7156);
#7158 = PLANE('',#7157);
#7159 = FACE_SURFACE('',(#7154),#7158,.T.);
#7160 = POLY_LOOP('',(#7141,#7140,#7150,#7149));
#7161 = FACE_OUTER_BOUND('',#7160,.T.);
#7162 = DIRECTION('',(0.000000,-1.000000,0.000000));
#7163 = DIRECTION('',(0.000000,0.000000,-1.000000));
#7164 = AXIS2_PLACEMENT_3D('',#7141,#7162,#7163);
#7165 = PLANE('',#7164);
#7166 = FACE_SURFACE('',(#7161),#7165,.T.);
#7167 = POLY_LOOP('',(#7140,#7139,#7151,#7150));
#7168 = FACE_OUTER_BOUND('',#7167,.T.);
#7169 = DIRECTION('',(1.000000,-0.000000,0.000000));
#7170 = DIRECTION('',(0.000000,0.000000,-1.000000));
#7171 = AXIS2_PLACEMENT_3D('',#7140,#7169,#7170);
#7172 = PLANE('',#7171);
#7173 = FACE_SURFACE('',(#7168),#7172,.T.);
#7174 = POLY_LOOP('',(#7139,#7138,#7152,#7151));
#7175 = FACE_OUTER_BOUND('',#7174,.T.);
#7176 = DIRECTION('',(0.000000,1.000000,0.000000));
#7177 = DIRECTION('',(0.000000,0.000000,1.000000));
#7178 = AXIS2_PLACEMENT_3D('',#7139,#7176,#7177);
#7179 = PLANE('',#7178);
#7180 = FACE_SURFACE('',(#7175),#7179,.T.);
#7181 = POLY_LOOP('',(#7138,#7141,#7149,#7152));
#7182 = FACE_OUTER_BOUND('',#7181,.T.);
#7183 = DIRECTION('',(-1.000000,-0.000000,0.000000));
#7184 = DIRECTION('',(0.000000,-0.000000,1.000000));
#7185 = AXIS2_PLACEMENT_3D('',#7138,#7183,#7184);
#7186 = PLANE('',#7185);
#7187 = FACE_SURFACE('',(#7182),#7186,.T.);
#7188 = CLOSED_SHELL('',(#7148,#7159,#7166,#7173,#7180,#7187));
#7189 = FACETED_BREP('carrier_R44',#7188);
#7190 = CARTESIAN_POINT('',(32.525000,93.725000,0.000000));
#7191 = CARTESIAN_POINT('',(35.475000,93.725000,0.000000));
#7192 = CARTESIAN_POINT('',(35.475000,92.275000,0.000000));
#7193 = CARTESIAN_POINT('',(32.525000,92.275000,0.000000));
#7194 = POLY_LOOP('',(#7190,#7191,#7192,#7193));
#7195 = FACE_OUTER_BOUND('',#7194,.T.);
#7196 = DIRECTION('',(0.000000,0.000000,-1.000000));
#7197 = DIRECTION('',(-0.000000,1.000000,0.000000));
#7198 = AXIS2_PLACEMENT_3D('',#7190,#7196,#7197);
#7199 = PLANE('',#7198);
#7200 = FACE_SURFACE('',(#7195),#7199,.T.);
#7201 = CARTESIAN_POINT('',(32.525000,92.275000,0.950000));
#7202 = CARTESIAN_POINT('',(35.475000,92.275000,0.950000));
#7203 = CARTESIAN_POINT('',(35.475000,93.725000,0.950000));
#7204 = CARTESIAN_POINT('',(32.525000,93.725000,0.950000));
#7205 = POLY_LOOP('',(#7201,#7202,#7203,#7204));
#7206 = FACE_OUTER_BOUND('',#7205,.T.);
#7207 = DIRECTION('',(0.000000,0.000000,1.000000));
#7208 = DIRECTION('',(0.000000,-1.000000,0.000000));
#7209 = AXIS2_PLACEMENT_3D('',#7201,#7207,#7208);
#7210 = PLANE('',#7209);
#7211 = FACE_SURFACE('',(#7206),#7210,.T.);
#7212 = POLY_LOOP('',(#7193,#7192,#7202,#7201));
#7213 = FACE_OUTER_BOUND('',#7212,.T.);
#7214 = DIRECTION('',(0.000000,-1.000000,0.000000));
#7215 = DIRECTION('',(0.000000,0.000000,-1.000000));
#7216 = AXIS2_PLACEMENT_3D('',#7193,#7214,#7215);
#7217 = PLANE('',#7216);
#7218 = FACE_SURFACE('',(#7213),#7217,.T.);
#7219 = POLY_LOOP('',(#7192,#7191,#7203,#7202));
#7220 = FACE_OUTER_BOUND('',#7219,.T.);
#7221 = DIRECTION('',(1.000000,-0.000000,0.000000));
#7222 = DIRECTION('',(0.000000,0.000000,-1.000000));
#7223 = AXIS2_PLACEMENT_3D('',#7192,#7221,#7222);
#7224 = PLANE('',#7223);
#7225 = FACE_SURFACE('',(#7220),#7224,.T.);
#7226 = POLY_LOOP('',(#7191,#7190,#7204,#7203));
#7227 = FACE_OUTER_BOUND('',#7226,.T.);
#7228 = DIRECTION('',(0.000000,1.000000,0.000000));
#7229 = DIRECTION('',(0.000000,0.000000,1.000000));
#7230 = AXIS2_PLACEMENT_3D('',#7191,#7228,#7229);
#7231 = PLANE('',#7230);
#7232 = FACE_SURFACE('',(#7227),#7231,.T.);
#7233 = POLY_LOOP('',(#7190,#7193,#7201,#7204));
#7234 = FACE_OUTER_BOUND('',#7233,.T.);
#7235 = DIRECTION('',(-1.000000,-0.000000,0.000000));
#7236 = DIRECTION('',(0.000000,-0.000000,1.000000));
#7237 = AXIS2_PLACEMENT_3D('',#7190,#7235,#7236);
#7238 = PLANE('',#7237);
#7239 = FACE_SURFACE('',(#7234),#7238,.T.);
#7240 = CLOSED_SHELL('',(#7200,#7211,#7218,#7225,#7232,#7239));
#7241 = FACETED_BREP('carrier_R45',#7240);
#7242 = CARTESIAN_POINT('',(38.525000,93.725000,0.000000));
#7243 = CARTESIAN_POINT('',(41.475000,93.725000,0.000000));
#7244 = CARTESIAN_POINT('',(41.475000,92.275000,0.000000));
#7245 = CARTESIAN_POINT('',(38.525000,92.275000,0.000000));
#7246 = POLY_LOOP('',(#7242,#7243,#7244,#7245));
#7247 = FACE_OUTER_BOUND('',#7246,.T.);
#7248 = DIRECTION('',(0.000000,0.000000,-1.000000));
#7249 = DIRECTION('',(-0.000000,1.000000,0.000000));
#7250 = AXIS2_PLACEMENT_3D('',#7242,#7248,#7249);
#7251 = PLANE('',#7250);
#7252 = FACE_SURFACE('',(#7247),#7251,.T.);
#7253 = CARTESIAN_POINT('',(38.525000,92.275000,0.950000));
#7254 = CARTESIAN_POINT('',(41.475000,92.275000,0.950000));
#7255 = CARTESIAN_POINT('',(41.475000,93.725000,0.950000));
#7256 = CARTESIAN_POINT('',(38.525000,93.725000,0.950000));
#7257 = POLY_LOOP('',(#7253,#7254,#7255,#7256));
#7258 = FACE_OUTER_BOUND('',#7257,.T.);
#7259 = DIRECTION('',(0.000000,0.000000,1.000000));
#7260 = DIRECTION('',(0.000000,-1.000000,0.000000));
#7261 = AXIS2_PLACEMENT_3D('',#7253,#7259,#7260);
#7262 = PLANE('',#7261);
#7263 = FACE_SURFACE('',(#7258),#7262,.T.);
#7264 = POLY_LOOP('',(#7245,#7244,#7254,#7253));
#7265 = FACE_OUTER_BOUND('',#7264,.T.);
#7266 = DIRECTION('',(0.000000,-1.000000,0.000000));
#7267 = DIRECTION('',(0.000000,0.000000,-1.000000));
#7268 = AXIS2_PLACEMENT_3D('',#7245,#7266,#7267);
#7269 = PLANE('',#7268);
#7270 = FACE_SURFACE('',(#7265),#7269,.T.);
#7271 = POLY_LOOP('',(#7244,#7243,#7255,#7254));
#7272 = FACE_OUTER_BOUND('',#7271,.T.);
#7273 = DIRECTION('',(1.000000,-0.000000,0.000000));
#7274 = DIRECTION('',(0.000000,0.000000,-1.000000));
#7275 = AXIS2_PLACEMENT_3D('',#7244,#7273,#7274);
#7276 = PLANE('',#7275);
#7277 = FACE_SURFACE('',(#7272),#7276,.T.);
#7278 = POLY_LOOP('',(#7243,#7242,#7256,#7255));
#7279 = FACE_OUTER_BOUND('',#7278,.T.);
#7280 = DIRECTION('',(0.000000,1.000000,0.000000));
#7281 = DIRECTION('',(0.000000,0.000000,1.000000));
#7282 = AXIS2_PLACEMENT_3D('',#7243,#7280,#7281);
#7283 = PLANE('',#7282);
#7284 = FACE_SURFACE('',(#7279),#7283,.T.);
#7285 = POLY_LOOP('',(#7242,#7245,#7253,#7256));
#7286 = FACE_OUTER_BOUND('',#7285,.T.);
#7287 = DIRECTION('',(-1.000000,-0.000000,0.000000));
#7288 = DIRECTION('',(0.000000,-0.000000,1.000000));
#7289 = AXIS2_PLACEMENT_3D('',#7242,#7287,#7288);
#7290 = PLANE('',#7289);
#7291 = FACE_SURFACE('',(#7286),#7290,.T.);
#7292 = CLOSED_SHELL('',(#7252,#7263,#7270,#7277,#7284,#7291));
#7293 = FACETED_BREP('carrier_R46',#7292);
#7294 = CARTESIAN_POINT('',(26.525000,97.725000,0.000000));
#7295 = CARTESIAN_POINT('',(29.475000,97.725000,0.000000));
#7296 = CARTESIAN_POINT('',(29.475000,96.275000,0.000000));
#7297 = CARTESIAN_POINT('',(26.525000,96.275000,0.000000));
#7298 = POLY_LOOP('',(#7294,#7295,#7296,#7297));
#7299 = FACE_OUTER_BOUND('',#7298,.T.);
#7300 = DIRECTION('',(0.000000,0.000000,-1.000000));
#7301 = DIRECTION('',(-0.000000,1.000000,0.000000));
#7302 = AXIS2_PLACEMENT_3D('',#7294,#7300,#7301);
#7303 = PLANE('',#7302);
#7304 = FACE_SURFACE('',(#7299),#7303,.T.);
#7305 = CARTESIAN_POINT('',(26.525000,96.275000,0.950000));
#7306 = CARTESIAN_POINT('',(29.475000,96.275000,0.950000));
#7307 = CARTESIAN_POINT('',(29.475000,97.725000,0.950000));
#7308 = CARTESIAN_POINT('',(26.525000,97.725000,0.950000));
#7309 = POLY_LOOP('',(#7305,#7306,#7307,#7308));
#7310 = FACE_OUTER_BOUND('',#7309,.T.);
#7311 = DIRECTION('',(0.000000,0.000000,1.000000));
#7312 = DIRECTION('',(0.000000,-1.000000,0.000000));
#7313 = AXIS2_PLACEMENT_3D('',#7305,#7311,#7312);
#7314 = PLANE('',#7313);
#7315 = FACE_SURFACE('',(#7310),#7314,.T.);
#7316 = POLY_LOOP('',(#7297,#7296,#7306,#7305));
#7317 = FACE_OUTER_BOUND('',#7316,.T.);
#7318 = DIRECTION('',(0.000000,-1.000000,0.000000));
#7319 = DIRECTION('',(0.000000,0.000000,-1.000000));
#7320 = AXIS2_PLACEMENT_3D('',#7297,#7318,#7319);
#7321 = PLANE('',#7320);
#7322 = FACE_SURFACE('',(#7317),#7321,.T.);
#7323 = POLY_LOOP('',(#7296,#7295,#7307,#7306));
#7324 = FACE_OUTER_BOUND('',#7323,.T.);
#7325 = DIRECTION('',(1.000000,-0.000000,0.000000));
#7326 = DIRECTION('',(0.000000,0.000000,-1.000000));
#7327 = AXIS2_PLACEMENT_3D('',#7296,#7325,#7326);
#7328 = PLANE('',#7327);
#7329 = FACE_SURFACE('',(#7324),#7328,.T.);
#7330 = POLY_LOOP('',(#7295,#7294,#7308,#7307));
#7331 = FACE_OUTER_BOUND('',#7330,.T.);
#7332 = DIRECTION('',(0.000000,1.000000,0.000000));
#7333 = DIRECTION('',(0.000000,0.000000,1.000000));
#7334 = AXIS2_PLACEMENT_3D('',#7295,#7332,#7333);
#7335 = PLANE('',#7334);
#7336 = FACE_SURFACE('',(#7331),#7335,.T.);
#7337 = POLY_LOOP('',(#7294,#7297,#7305,#7308));
#7338 = FACE_OUTER_BOUND('',#7337,.T.);
#7339 = DIRECTION('',(-1.000000,-0.000000,0.000000));
#7340 = DIRECTION('',(0.000000,-0.000000,1.000000));
#7341 = AXIS2_PLACEMENT_3D('',#7294,#7339,#7340);
#7342 = PLANE('',#7341);
#7343 = FACE_SURFACE('',(#7338),#7342,.T.);
#7344 = CLOSED_SHELL('',(#7304,#7315,#7322,#7329,#7336,#7343));
#7345 = FACETED_BREP('carrier_R47',#7344);
#7346 = CARTESIAN_POINT('',(32.525000,97.725000,0.000000));
#7347 = CARTESIAN_POINT('',(35.475000,97.725000,0.000000));
#7348 = CARTESIAN_POINT('',(35.475000,96.275000,0.000000));
#7349 = CARTESIAN_POINT('',(32.525000,96.275000,0.000000));
#7350 = POLY_LOOP('',(#7346,#7347,#7348,#7349));
#7351 = FACE_OUTER_BOUND('',#7350,.T.);
#7352 = DIRECTION('',(0.000000,0.000000,-1.000000));
#7353 = DIRECTION('',(-0.000000,1.000000,0.000000));
#7354 = AXIS2_PLACEMENT_3D('',#7346,#7352,#7353);
#7355 = PLANE('',#7354);
#7356 = FACE_SURFACE('',(#7351),#7355,.T.);
#7357 = CARTESIAN_POINT('',(32.525000,96.275000,0.950000));
#7358 = CARTESIAN_POINT('',(35.475000,96.275000,0.950000));
#7359 = CARTESIAN_POINT('',(35.475000,97.725000,0.950000));
#7360 = CARTESIAN_POINT('',(32.525000,97.725000,0.950000));
#7361 = POLY_LOOP('',(#7357,#7358,#7359,#7360));
#7362 = FACE_OUTER_BOUND('',#7361,.T.);
#7363 = DIRECTION('',(0.000000,0.000000,1.000000));
#7364 = DIRECTION('',(0.000000,-1.000000,0.000000));
#7365 = AXIS2_PLACEMENT_3D('',#7357,#7363,#7364);
#7366 = PLANE('',#7365);
#7367 = FACE_SURFACE('',(#7362),#7366,.T.);
#7368 = POLY_LOOP('',(#7349,#7348,#7358,#7357));
#7369 = FACE_OUTER_BOUND('',#7368,.T.);
#7370 = DIRECTION('',(0.000000,-1.000000,0.000000));
#7371 = DIRECTION('',(0.000000,0.000000,-1.000000));
#7372 = AXIS2_PLACEMENT_3D('',#7349,#7370,#7371);
#7373 = PLANE('',#7372);
#7374 = FACE_SURFACE('',(#7369),#7373,.T.);
#7375 = POLY_LOOP('',(#7348,#7347,#7359,#7358));
#7376 = FACE_OUTER_BOUND('',#7375,.T.);
#7377 = DIRECTION('',(1.000000,-0.000000,0.000000));
#7378 = DIRECTION('',(0.000000,0.000000,-1.000000));
#7379 = AXIS2_PLACEMENT_3D('',#7348,#7377,#7378);
#7380 = PLANE('',#7379);
#7381 = FACE_SURFACE('',(#7376),#7380,.T.);
#7382 = POLY_LOOP('',(#7347,#7346,#7360,#7359));
#7383 = FACE_OUTER_BOUND('',#7382,.T.);
#7384 = DIRECTION('',(0.000000,1.000000,0.000000));
#7385 = DIRECTION('',(0.000000,0.000000,1.000000));
#7386 = AXIS2_PLACEMENT_3D('',#7347,#7384,#7385);
#7387 = PLANE('',#7386);
#7388 = FACE_SURFACE('',(#7383),#7387,.T.);
#7389 = POLY_LOOP('',(#7346,#7349,#7357,#7360));
#7390 = FACE_OUTER_BOUND('',#7389,.T.);
#7391 = DIRECTION('',(-1.000000,-0.000000,0.000000));
#7392 = DIRECTION('',(0.000000,-0.000000,1.000000));
#7393 = AXIS2_PLACEMENT_3D('',#7346,#7391,#7392);
#7394 = PLANE('',#7393);
#7395 = FACE_SURFACE('',(#7390),#7394,.T.);
#7396 = CLOSED_SHELL('',(#7356,#7367,#7374,#7381,#7388,#7395));
#7397 = FACETED_BREP('carrier_R48',#7396);
#7398 = CARTESIAN_POINT('',(108.525000,76.725000,0.000000));
#7399 = CARTESIAN_POINT('',(111.475000,76.725000,0.000000));
#7400 = CARTESIAN_POINT('',(111.475000,75.275000,0.000000));
#7401 = CARTESIAN_POINT('',(108.525000,75.275000,0.000000));
#7402 = POLY_LOOP('',(#7398,#7399,#7400,#7401));
#7403 = FACE_OUTER_BOUND('',#7402,.T.);
#7404 = DIRECTION('',(0.000000,0.000000,-1.000000));
#7405 = DIRECTION('',(-0.000000,1.000000,0.000000));
#7406 = AXIS2_PLACEMENT_3D('',#7398,#7404,#7405);
#7407 = PLANE('',#7406);
#7408 = FACE_SURFACE('',(#7403),#7407,.T.);
#7409 = CARTESIAN_POINT('',(108.525000,75.275000,0.950000));
#7410 = CARTESIAN_POINT('',(111.475000,75.275000,0.950000));
#7411 = CARTESIAN_POINT('',(111.475000,76.725000,0.950000));
#7412 = CARTESIAN_POINT('',(108.525000,76.725000,0.950000));
#7413 = POLY_LOOP('',(#7409,#7410,#7411,#7412));
#7414 = FACE_OUTER_BOUND('',#7413,.T.);
#7415 = DIRECTION('',(0.000000,0.000000,1.000000));
#7416 = DIRECTION('',(0.000000,-1.000000,0.000000));
#7417 = AXIS2_PLACEMENT_3D('',#7409,#7415,#7416);
#7418 = PLANE('',#7417);
#7419 = FACE_SURFACE('',(#7414),#7418,.T.);
#7420 = POLY_LOOP('',(#7401,#7400,#7410,#7409));
#7421 = FACE_OUTER_BOUND('',#7420,.T.);
#7422 = DIRECTION('',(0.000000,-1.000000,0.000000));
#7423 = DIRECTION('',(0.000000,0.000000,-1.000000));
#7424 = AXIS2_PLACEMENT_3D('',#7401,#7422,#7423);
#7425 = PLANE('',#7424);
#7426 = FACE_SURFACE('',(#7421),#7425,.T.);
#7427 = POLY_LOOP('',(#7400,#7399,#7411,#7410));
#7428 = FACE_OUTER_BOUND('',#7427,.T.);
#7429 = DIRECTION('',(1.000000,-0.000000,0.000000));
#7430 = DIRECTION('',(0.000000,0.000000,-1.000000));
#7431 = AXIS2_PLACEMENT_3D('',#7400,#7429,#7430);
#7432 = PLANE('',#7431);
#7433 = FACE_SURFACE('',(#7428),#7432,.T.);
#7434 = POLY_LOOP('',(#7399,#7398,#7412,#7411));
#7435 = FACE_OUTER_BOUND('',#7434,.T.);
#7436 = DIRECTION('',(0.000000,1.000000,0.000000));
#7437 = DIRECTION('',(0.000000,0.000000,1.000000));
#7438 = AXIS2_PLACEMENT_3D('',#7399,#7436,#7437);
#7439 = PLANE('',#7438);
#7440 = FACE_SURFACE('',(#7435),#7439,.T.);
#7441 = POLY_LOOP('',(#7398,#7401,#7409,#7412));
#7442 = FACE_OUTER_BOUND('',#7441,.T.);
#7443 = DIRECTION('',(-1.000000,-0.000000,0.000000));
#7444 = DIRECTION('',(0.000000,-0.000000,1.000000));
#7445 = AXIS2_PLACEMENT_3D('',#7398,#7443,#7444);
#7446 = PLANE('',#7445);
#7447 = FACE_SURFACE('',(#7442),#7446,.T.);
#7448 = CLOSED_SHELL('',(#7408,#7419,#7426,#7433,#7440,#7447));
#7449 = FACETED_BREP('carrier_R50',#7448);
#7450 = CARTESIAN_POINT('',(108.525000,90.725000,0.000000));
#7451 = CARTESIAN_POINT('',(111.475000,90.725000,0.000000));
#7452 = CARTESIAN_POINT('',(111.475000,89.275000,0.000000));
#7453 = CARTESIAN_POINT('',(108.525000,89.275000,0.000000));
#7454 = POLY_LOOP('',(#7450,#7451,#7452,#7453));
#7455 = FACE_OUTER_BOUND('',#7454,.T.);
#7456 = DIRECTION('',(0.000000,0.000000,-1.000000));
#7457 = DIRECTION('',(-0.000000,1.000000,0.000000));
#7458 = AXIS2_PLACEMENT_3D('',#7450,#7456,#7457);
#7459 = PLANE('',#7458);
#7460 = FACE_SURFACE('',(#7455),#7459,.T.);
#7461 = CARTESIAN_POINT('',(108.525000,89.275000,0.950000));
#7462 = CARTESIAN_POINT('',(111.475000,89.275000,0.950000));
#7463 = CARTESIAN_POINT('',(111.475000,90.725000,0.950000));
#7464 = CARTESIAN_POINT('',(108.525000,90.725000,0.950000));
#7465 = POLY_LOOP('',(#7461,#7462,#7463,#7464));
#7466 = FACE_OUTER_BOUND('',#7465,.T.);
#7467 = DIRECTION('',(0.000000,0.000000,1.000000));
#7468 = DIRECTION('',(0.000000,-1.000000,0.000000));
#7469 = AXIS2_PLACEMENT_3D('',#7461,#7467,#7468);
#7470 = PLANE('',#7469);
#7471 = FACE_SURFACE('',(#7466),#7470,.T.);
#7472 = POLY_LOOP('',(#7453,#7452,#7462,#7461));
#7473 = FACE_OUTER_BOUND('',#7472,.T.);
#7474 = DIRECTION('',(0.000000,-1.000000,0.000000));
#7475 = DIRECTION('',(0.000000,0.000000,-1.000000));
#7476 = AXIS2_PLACEMENT_3D('',#7453,#7474,#7475);
#7477 = PLANE('',#7476);
#7478 = FACE_SURFACE('',(#7473),#7477,.T.);
#7479 = POLY_LOOP('',(#7452,#7451,#7463,#7462));
#7480 = FACE_OUTER_BOUND('',#7479,.T.);
#7481 = DIRECTION('',(1.000000,-0.000000,0.000000));
#7482 = DIRECTION('',(0.000000,0.000000,-1.000000));
#7483 = AXIS2_PLACEMENT_3D('',#7452,#7481,#7482);
#7484 = PLANE('',#7483);
#7485 = FACE_SURFACE('',(#7480),#7484,.T.);
#7486 = POLY_LOOP('',(#7451,#7450,#7464,#7463));
#7487 = FACE_OUTER_BOUND('',#7486,.T.);
#7488 = DIRECTION('',(0.000000,1.000000,0.000000));
#7489 = DIRECTION('',(0.000000,0.000000,1.000000));
#7490 = AXIS2_PLACEMENT_3D('',#7451,#7488,#7489);
#7491 = PLANE('',#7490);
#7492 = FACE_SURFACE('',(#7487),#7491,.T.);
#7493 = POLY_LOOP('',(#7450,#7453,#7461,#7464));
#7494 = FACE_OUTER_BOUND('',#7493,.T.);
#7495 = DIRECTION('',(-1.000000,-0.000000,0.000000));
#7496 = DIRECTION('',(0.000000,-0.000000,1.000000));
#7497 = AXIS2_PLACEMENT_3D('',#7450,#7495,#7496);
#7498 = PLANE('',#7497);
#7499 = FACE_SURFACE('',(#7494),#7498,.T.);
#7500 = CLOSED_SHELL('',(#7460,#7471,#7478,#7485,#7492,#7499));
#7501 = FACETED_BREP('carrier_R51',#7500);
#7502 = CARTESIAN_POINT('',(108.525000,104.725000,0.000000));
#7503 = CARTESIAN_POINT('',(111.475000,104.725000,0.000000));
#7504 = CARTESIAN_POINT('',(111.475000,103.275000,0.000000));
#7505 = CARTESIAN_POINT('',(108.525000,103.275000,0.000000));
#7506 = POLY_LOOP('',(#7502,#7503,#7504,#7505));
#7507 = FACE_OUTER_BOUND('',#7506,.T.);
#7508 = DIRECTION('',(0.000000,0.000000,-1.000000));
#7509 = DIRECTION('',(-0.000000,1.000000,0.000000));
#7510 = AXIS2_PLACEMENT_3D('',#7502,#7508,#7509);
#7511 = PLANE('',#7510);
#7512 = FACE_SURFACE('',(#7507),#7511,.T.);
#7513 = CARTESIAN_POINT('',(108.525000,103.275000,0.950000));
#7514 = CARTESIAN_POINT('',(111.475000,103.275000,0.950000));
#7515 = CARTESIAN_POINT('',(111.475000,104.725000,0.950000));
#7516 = CARTESIAN_POINT('',(108.525000,104.725000,0.950000));
#7517 = POLY_LOOP('',(#7513,#7514,#7515,#7516));
#7518 = FACE_OUTER_BOUND('',#7517,.T.);
#7519 = DIRECTION('',(0.000000,0.000000,1.000000));
#7520 = DIRECTION('',(0.000000,-1.000000,0.000000));
#7521 = AXIS2_PLACEMENT_3D('',#7513,#7519,#7520);
#7522 = PLANE('',#7521);
#7523 = FACE_SURFACE('',(#7518),#7522,.T.);
#7524 = POLY_LOOP('',(#7505,#7504,#7514,#7513));
#7525 = FACE_OUTER_BOUND('',#7524,.T.);
#7526 = DIRECTION('',(0.000000,-1.000000,0.000000));
#7527 = DIRECTION('',(0.000000,0.000000,-1.000000));
#7528 = AXIS2_PLACEMENT_3D('',#7505,#7526,#7527);
#7529 = PLANE('',#7528);
#7530 = FACE_SURFACE('',(#7525),#7529,.T.);
#7531 = POLY_LOOP('',(#7504,#7503,#7515,#7514));
#7532 = FACE_OUTER_BOUND('',#7531,.T.);
#7533 = DIRECTION('',(1.000000,-0.000000,0.000000));
#7534 = DIRECTION('',(0.000000,0.000000,-1.000000));
#7535 = AXIS2_PLACEMENT_3D('',#7504,#7533,#7534);
#7536 = PLANE('',#7535);
#7537 = FACE_SURFACE('',(#7532),#7536,.T.);
#7538 = POLY_LOOP('',(#7503,#7502,#7516,#7515));
#7539 = FACE_OUTER_BOUND('',#7538,.T.);
#7540 = DIRECTION('',(0.000000,1.000000,0.000000));
#7541 = DIRECTION('',(0.000000,0.000000,1.000000));
#7542 = AXIS2_PLACEMENT_3D('',#7503,#7540,#7541);
#7543 = PLANE('',#7542);
#7544 = FACE_SURFACE('',(#7539),#7543,.T.);
#7545 = POLY_LOOP('',(#7502,#7505,#7513,#7516));
#7546 = FACE_OUTER_BOUND('',#7545,.T.);
#7547 = DIRECTION('',(-1.000000,-0.000000,0.000000));
#7548 = DIRECTION('',(0.000000,-0.000000,1.000000));
#7549 = AXIS2_PLACEMENT_3D('',#7502,#7547,#7548);
#7550 = PLANE('',#7549);
#7551 = FACE_SURFACE('',(#7546),#7550,.T.);
#7552 = CLOSED_SHELL('',(#7512,#7523,#7530,#7537,#7544,#7551));
#7553 = FACETED_BREP('carrier_R52',#7552);
#7554 = CARTESIAN_POINT('',(20.525000,101.725000,0.000000));
#7555 = CARTESIAN_POINT('',(23.475000,101.725000,0.000000));
#7556 = CARTESIAN_POINT('',(23.475000,100.275000,0.000000));
#7557 = CARTESIAN_POINT('',(20.525000,100.275000,0.000000));
#7558 = POLY_LOOP('',(#7554,#7555,#7556,#7557));
#7559 = FACE_OUTER_BOUND('',#7558,.T.);
#7560 = DIRECTION('',(0.000000,0.000000,-1.000000));
#7561 = DIRECTION('',(-0.000000,1.000000,0.000000));
#7562 = AXIS2_PLACEMENT_3D('',#7554,#7560,#7561);
#7563 = PLANE('',#7562);
#7564 = FACE_SURFACE('',(#7559),#7563,.T.);
#7565 = CARTESIAN_POINT('',(20.525000,100.275000,0.950000));
#7566 = CARTESIAN_POINT('',(23.475000,100.275000,0.950000));
#7567 = CARTESIAN_POINT('',(23.475000,101.725000,0.950000));
#7568 = CARTESIAN_POINT('',(20.525000,101.725000,0.950000));
#7569 = POLY_LOOP('',(#7565,#7566,#7567,#7568));
#7570 = FACE_OUTER_BOUND('',#7569,.T.);
#7571 = DIRECTION('',(0.000000,0.000000,1.000000));
#7572 = DIRECTION('',(0.000000,-1.000000,0.000000));
#7573 = AXIS2_PLACEMENT_3D('',#7565,#7571,#7572);
#7574 = PLANE('',#7573);
#7575 = FACE_SURFACE('',(#7570),#7574,.T.);
#7576 = POLY_LOOP('',(#7557,#7556,#7566,#7565));
#7577 = FACE_OUTER_BOUND('',#7576,.T.);
#7578 = DIRECTION('',(0.000000,-1.000000,0.000000));
#7579 = DIRECTION('',(0.000000,0.000000,-1.000000));
#7580 = AXIS2_PLACEMENT_3D('',#7557,#7578,#7579);
#7581 = PLANE('',#7580);
#7582 = FACE_SURFACE('',(#7577),#7581,.T.);
#7583 = POLY_LOOP('',(#7556,#7555,#7567,#7566));
#7584 = FACE_OUTER_BOUND('',#7583,.T.);
#7585 = DIRECTION('',(1.000000,-0.000000,0.000000));
#7586 = DIRECTION('',(0.000000,0.000000,-1.000000));
#7587 = AXIS2_PLACEMENT_3D('',#7556,#7585,#7586);
#7588 = PLANE('',#7587);
#7589 = FACE_SURFACE('',(#7584),#7588,.T.);
#7590 = POLY_LOOP('',(#7555,#7554,#7568,#7567));
#7591 = FACE_OUTER_BOUND('',#7590,.T.);
#7592 = DIRECTION('',(0.000000,1.000000,0.000000));
#7593 = DIRECTION('',(0.000000,0.000000,1.000000));
#7594 = AXIS2_PLACEMENT_3D('',#7555,#7592,#7593);
#7595 = PLANE('',#7594);
#7596 = FACE_SURFACE('',(#7591),#7595,.T.);
#7597 = POLY_LOOP('',(#7554,#7557,#7565,#7568));
#7598 = FACE_OUTER_BOUND('',#7597,.T.);
#7599 = DIRECTION('',(-1.000000,-0.000000,0.000000));
#7600 = DIRECTION('',(0.000000,-0.000000,1.000000));
#7601 = AXIS2_PLACEMENT_3D('',#7554,#7599,#7600);
#7602 = PLANE('',#7601);
#7603 = FACE_SURFACE('',(#7598),#7602,.T.);
#7604 = CLOSED_SHELL('',(#7564,#7575,#7582,#7589,#7596,#7603));
#7605 = FACETED_BREP('carrier_R60',#7604);
#7606 = CARTESIAN_POINT('',(26.525000,101.725000,0.000000));
#7607 = CARTESIAN_POINT('',(29.475000,101.725000,0.000000));
#7608 = CARTESIAN_POINT('',(29.475000,100.275000,0.000000));
#7609 = CARTESIAN_POINT('',(26.525000,100.275000,0.000000));
#7610 = POLY_LOOP('',(#7606,#7607,#7608,#7609));
#7611 = FACE_OUTER_BOUND('',#7610,.T.);
#7612 = DIRECTION('',(0.000000,0.000000,-1.000000));
#7613 = DIRECTION('',(-0.000000,1.000000,0.000000));
#7614 = AXIS2_PLACEMENT_3D('',#7606,#7612,#7613);
#7615 = PLANE('',#7614);
#7616 = FACE_SURFACE('',(#7611),#7615,.T.);
#7617 = CARTESIAN_POINT('',(26.525000,100.275000,0.950000));
#7618 = CARTESIAN_POINT('',(29.475000,100.275000,0.950000));
#7619 = CARTESIAN_POINT('',(29.475000,101.725000,0.950000));
#7620 = CARTESIAN_POINT('',(26.525000,101.725000,0.950000));
#7621 = POLY_LOOP('',(#7617,#7618,#7619,#7620));
#7622 = FACE_OUTER_BOUND('',#7621,.T.);
#7623 = DIRECTION('',(0.000000,0.000000,1.000000));
#7624 = DIRECTION('',(0.000000,-1.000000,0.000000));
#7625 = AXIS2_PLACEMENT_3D('',#7617,#7623,#7624);
#7626 = PLANE('',#7625);
#7627 = FACE_SURFACE('',(#7622),#7626,.T.);
#7628 = POLY_LOOP('',(#7609,#7608,#7618,#7617));
#7629 = FACE_OUTER_BOUND('',#7628,.T.);
#7630 = DIRECTION('',(0.000000,-1.000000,0.000000));
#7631 = DIRECTION('',(0.000000,0.000000,-1.000000));
#7632 = AXIS2_PLACEMENT_3D('',#7609,#7630,#7631);
#7633 = PLANE('',#7632);
#7634 = FACE_SURFACE('',(#7629),#7633,.T.);
#7635 = POLY_LOOP('',(#7608,#7607,#7619,#7618));
#7636 = FACE_OUTER_BOUND('',#7635,.T.);
#7637 = DIRECTION('',(1.000000,-0.000000,0.000000));
#7638 = DIRECTION('',(0.000000,0.000000,-1.000000));
#7639 = AXIS2_PLACEMENT_3D('',#7608,#7637,#7638);
#7640 = PLANE('',#7639);
#7641 = FACE_SURFACE('',(#7636),#7640,.T.);
#7642 = POLY_LOOP('',(#7607,#7606,#7620,#7619));
#7643 = FACE_OUTER_BOUND('',#7642,.T.);
#7644 = DIRECTION('',(0.000000,1.000000,0.000000));
#7645 = DIRECTION('',(0.000000,0.000000,1.000000));
#7646 = AXIS2_PLACEMENT_3D('',#7607,#7644,#7645);
#7647 = PLANE('',#7646);
#7648 = FACE_SURFACE('',(#7643),#7647,.T.);
#7649 = POLY_LOOP('',(#7606,#7609,#7617,#7620));
#7650 = FACE_OUTER_BOUND('',#7649,.T.);
#7651 = DIRECTION('',(-1.000000,-0.000000,0.000000));
#7652 = DIRECTION('',(0.000000,-0.000000,1.000000));
#7653 = AXIS2_PLACEMENT_3D('',#7606,#7651,#7652);
#7654 = PLANE('',#7653);
#7655 = FACE_SURFACE('',(#7650),#7654,.T.);
#7656 = CLOSED_SHELL('',(#7616,#7627,#7634,#7641,#7648,#7655));
#7657 = FACETED_BREP('carrier_R61',#7656);
#7658 = CARTESIAN_POINT('',(14.525000,105.725000,0.000000));
#7659 = CARTESIAN_POINT('',(17.475000,105.725000,0.000000));
#7660 = CARTESIAN_POINT('',(17.475000,104.275000,0.000000));
#7661 = CARTESIAN_POINT('',(14.525000,104.275000,0.000000));
#7662 = POLY_LOOP('',(#7658,#7659,#7660,#7661));
#7663 = FACE_OUTER_BOUND('',#7662,.T.);
#7664 = DIRECTION('',(0.000000,0.000000,-1.000000));
#7665 = DIRECTION('',(-0.000000,1.000000,0.000000));
#7666 = AXIS2_PLACEMENT_3D('',#7658,#7664,#7665);
#7667 = PLANE('',#7666);
#7668 = FACE_SURFACE('',(#7663),#7667,.T.);
#7669 = CARTESIAN_POINT('',(14.525000,104.275000,0.950000));
#7670 = CARTESIAN_POINT('',(17.475000,104.275000,0.950000));
#7671 = CARTESIAN_POINT('',(17.475000,105.725000,0.950000));
#7672 = CARTESIAN_POINT('',(14.525000,105.725000,0.950000));
#7673 = POLY_LOOP('',(#7669,#7670,#7671,#7672));
#7674 = FACE_OUTER_BOUND('',#7673,.T.);
#7675 = DIRECTION('',(0.000000,0.000000,1.000000));
#7676 = DIRECTION('',(0.000000,-1.000000,0.000000));
#7677 = AXIS2_PLACEMENT_3D('',#7669,#7675,#7676);
#7678 = PLANE('',#7677);
#7679 = FACE_SURFACE('',(#7674),#7678,.T.);
#7680 = POLY_LOOP('',(#7661,#7660,#7670,#7669));
#7681 = FACE_OUTER_BOUND('',#7680,.T.);
#7682 = DIRECTION('',(0.000000,-1.000000,0.000000));
#7683 = DIRECTION('',(0.000000,0.000000,-1.000000));
#7684 = AXIS2_PLACEMENT_3D('',#7661,#7682,#7683);
#7685 = PLANE('',#7684);
#7686 = FACE_SURFACE('',(#7681),#7685,.T.);
#7687 = POLY_LOOP('',(#7660,#7659,#7671,#7670));
#7688 = FACE_OUTER_BOUND('',#7687,.T.);
#7689 = DIRECTION('',(1.000000,-0.000000,0.000000));
#7690 = DIRECTION('',(0.000000,0.000000,-1.000000));
#7691 = AXIS2_PLACEMENT_3D('',#7660,#7689,#7690);
#7692 = PLANE('',#7691);
#7693 = FACE_SURFACE('',(#7688),#7692,.T.);
#7694 = POLY_LOOP('',(#7659,#7658,#7672,#7671));
#7695 = FACE_OUTER_BOUND('',#7694,.T.);
#7696 = DIRECTION('',(0.000000,1.000000,0.000000));
#7697 = DIRECTION('',(0.000000,0.000000,1.000000));
#7698 = AXIS2_PLACEMENT_3D('',#7659,#7696,#7697);
#7699 = PLANE('',#7698);
#7700 = FACE_SURFACE('',(#7695),#7699,.T.);
#7701 = POLY_LOOP('',(#7658,#7661,#7669,#7672));
#7702 = FACE_OUTER_BOUND('',#7701,.T.);
#7703 = DIRECTION('',(-1.000000,-0.000000,0.000000));
#7704 = DIRECTION('',(0.000000,-0.000000,1.000000));
#7705 = AXIS2_PLACEMENT_3D('',#7658,#7703,#7704);
#7706 = PLANE('',#7705);
#7707 = FACE_SURFACE('',(#7702),#7706,.T.);
#7708 = CLOSED_SHELL('',(#7668,#7679,#7686,#7693,#7700,#7707));
#7709 = FACETED_BREP('carrier_R62',#7708);
#7710 = CARTESIAN_POINT('',(20.525000,105.725000,0.000000));
#7711 = CARTESIAN_POINT('',(23.475000,105.725000,0.000000));
#7712 = CARTESIAN_POINT('',(23.475000,104.275000,0.000000));
#7713 = CARTESIAN_POINT('',(20.525000,104.275000,0.000000));
#7714 = POLY_LOOP('',(#7710,#7711,#7712,#7713));
#7715 = FACE_OUTER_BOUND('',#7714,.T.);
#7716 = DIRECTION('',(0.000000,0.000000,-1.000000));
#7717 = DIRECTION('',(-0.000000,1.000000,0.000000));
#7718 = AXIS2_PLACEMENT_3D('',#7710,#7716,#7717);
#7719 = PLANE('',#7718);
#7720 = FACE_SURFACE('',(#7715),#7719,.T.);
#7721 = CARTESIAN_POINT('',(20.525000,104.275000,0.950000));
#7722 = CARTESIAN_POINT('',(23.475000,104.275000,0.950000));
#7723 = CARTESIAN_POINT('',(23.475000,105.725000,0.950000));
#7724 = CARTESIAN_POINT('',(20.525000,105.725000,0.950000));
#7725 = POLY_LOOP('',(#7721,#7722,#7723,#7724));
#7726 = FACE_OUTER_BOUND('',#7725,.T.);
#7727 = DIRECTION('',(0.000000,0.000000,1.000000));
#7728 = DIRECTION('',(0.000000,-1.000000,0.000000));
#7729 = AXIS2_PLACEMENT_3D('',#7721,#7727,#7728);
#7730 = PLANE('',#7729);
#7731 = FACE_SURFACE('',(#7726),#7730,.T.);
#7732 = POLY_LOOP('',(#7713,#7712,#7722,#7721));
#7733 = FACE_OUTER_BOUND('',#7732,.T.);
#7734 = DIRECTION('',(0.000000,-1.000000,0.000000));
#7735 = DIRECTION('',(0.000000,0.000000,-1.000000));
#7736 = AXIS2_PLACEMENT_3D('',#7713,#7734,#7735);
#7737 = PLANE('',#7736);
#7738 = FACE_SURFACE('',(#7733),#7737,.T.);
#7739 = POLY_LOOP('',(#7712,#7711,#7723,#7722));
#7740 = FACE_OUTER_BOUND('',#7739,.T.);
#7741 = DIRECTION('',(1.000000,-0.000000,0.000000));
#7742 = DIRECTION('',(0.000000,0.000000,-1.000000));
#7743 = AXIS2_PLACEMENT_3D('',#7712,#7741,#7742);
#7744 = PLANE('',#7743);
#7745 = FACE_SURFACE('',(#7740),#7744,.T.);
#7746 = POLY_LOOP('',(#7711,#7710,#7724,#7723));
#7747 = FACE_OUTER_BOUND('',#7746,.T.);
#7748 = DIRECTION('',(0.000000,1.000000,0.000000));
#7749 = DIRECTION('',(0.000000,0.000000,1.000000));
#7750 = AXIS2_PLACEMENT_3D('',#7711,#7748,#7749);
#7751 = PLANE('',#7750);
#7752 = FACE_SURFACE('',(#7747),#7751,.T.);
#7753 = POLY_LOOP('',(#7710,#7713,#7721,#7724));
#7754 = FACE_OUTER_BOUND('',#7753,.T.);
#7755 = DIRECTION('',(-1.000000,-0.000000,0.000000));
#7756 = DIRECTION('',(0.000000,-0.000000,1.000000));
#7757 = AXIS2_PLACEMENT_3D('',#7710,#7755,#7756);
#7758 = PLANE('',#7757);
#7759 = FACE_SURFACE('',(#7754),#7758,.T.);
#7760 = CLOSED_SHELL('',(#7720,#7731,#7738,#7745,#7752,#7759));
#7761 = FACETED_BREP('carrier_R63',#7760);
#7762 = CARTESIAN_POINT('',(26.525000,105.725000,0.000000));
#7763 = CARTESIAN_POINT('',(29.475000,105.725000,0.000000));
#7764 = CARTESIAN_POINT('',(29.475000,104.275000,0.000000));
#7765 = CARTESIAN_POINT('',(26.525000,104.275000,0.000000));
#7766 = POLY_LOOP('',(#7762,#7763,#7764,#7765));
#7767 = FACE_OUTER_BOUND('',#7766,.T.);
#7768 = DIRECTION('',(0.000000,0.000000,-1.000000));
#7769 = DIRECTION('',(-0.000000,1.000000,0.000000));
#7770 = AXIS2_PLACEMENT_3D('',#7762,#7768,#7769);
#7771 = PLANE('',#7770);
#7772 = FACE_SURFACE('',(#7767),#7771,.T.);
#7773 = CARTESIAN_POINT('',(26.525000,104.275000,0.950000));
#7774 = CARTESIAN_POINT('',(29.475000,104.275000,0.950000));
#7775 = CARTESIAN_POINT('',(29.475000,105.725000,0.950000));
#7776 = CARTESIAN_POINT('',(26.525000,105.725000,0.950000));
#7777 = POLY_LOOP('',(#7773,#7774,#7775,#7776));
#7778 = FACE_OUTER_BOUND('',#7777,.T.);
#7779 = DIRECTION('',(0.000000,0.000000,1.000000));
#7780 = DIRECTION('',(0.000000,-1.000000,0.000000));
#7781 = AXIS2_PLACEMENT_3D('',#7773,#7779,#7780);
#7782 = PLANE('',#7781);
#7783 = FACE_SURFACE('',(#7778),#7782,.T.);
#7784 = POLY_LOOP('',(#7765,#7764,#7774,#7773));
#7785 = FACE_OUTER_BOUND('',#7784,.T.);
#7786 = DIRECTION('',(0.000000,-1.000000,0.000000));
#7787 = DIRECTION('',(0.000000,0.000000,-1.000000));
#7788 = AXIS2_PLACEMENT_3D('',#7765,#7786,#7787);
#7789 = PLANE('',#7788);
#7790 = FACE_SURFACE('',(#7785),#7789,.T.);
#7791 = POLY_LOOP('',(#7764,#7763,#7775,#7774));
#7792 = FACE_OUTER_BOUND('',#7791,.T.);
#7793 = DIRECTION('',(1.000000,-0.000000,0.000000));
#7794 = DIRECTION('',(0.000000,0.000000,-1.000000));
#7795 = AXIS2_PLACEMENT_3D('',#7764,#7793,#7794);
#7796 = PLANE('',#7795);
#7797 = FACE_SURFACE('',(#7792),#7796,.T.);
#7798 = POLY_LOOP('',(#7763,#7762,#7776,#7775));
#7799 = FACE_OUTER_BOUND('',#7798,.T.);
#7800 = DIRECTION('',(0.000000,1.000000,0.000000));
#7801 = DIRECTION('',(0.000000,0.000000,1.000000));
#7802 = AXIS2_PLACEMENT_3D('',#7763,#7800,#7801);
#7803 = PLANE('',#7802);
#7804 = FACE_SURFACE('',(#7799),#7803,.T.);
#7805 = POLY_LOOP('',(#7762,#7765,#7773,#7776));
#7806 = FACE_OUTER_BOUND('',#7805,.T.);
#7807 = DIRECTION('',(-1.000000,-0.000000,0.000000));
#7808 = DIRECTION('',(0.000000,-0.000000,1.000000));
#7809 = AXIS2_PLACEMENT_3D('',#7762,#7807,#7808);
#7810 = PLANE('',#7809);
#7811 = FACE_SURFACE('',(#7806),#7810,.T.);
#7812 = CLOSED_SHELL('',(#7772,#7783,#7790,#7797,#7804,#7811));
#7813 = FACETED_BREP('carrier_R64',#7812);
#7814 = CARTESIAN_POINT('',(32.525000,105.725000,0.000000));
#7815 = CARTESIAN_POINT('',(35.475000,105.725000,0.000000));
#7816 = CARTESIAN_POINT('',(35.475000,104.275000,0.000000));
#7817 = CARTESIAN_POINT('',(32.525000,104.275000,0.000000));
#7818 = POLY_LOOP('',(#7814,#7815,#7816,#7817));
#7819 = FACE_OUTER_BOUND('',#7818,.T.);
#7820 = DIRECTION('',(0.000000,0.000000,-1.000000));
#7821 = DIRECTION('',(-0.000000,1.000000,0.000000));
#7822 = AXIS2_PLACEMENT_3D('',#7814,#7820,#7821);
#7823 = PLANE('',#7822);
#7824 = FACE_SURFACE('',(#7819),#7823,.T.);
#7825 = CARTESIAN_POINT('',(32.525000,104.275000,0.950000));
#7826 = CARTESIAN_POINT('',(35.475000,104.275000,0.950000));
#7827 = CARTESIAN_POINT('',(35.475000,105.725000,0.950000));
#7828 = CARTESIAN_POINT('',(32.525000,105.725000,0.950000));
#7829 = POLY_LOOP('',(#7825,#7826,#7827,#7828));
#7830 = FACE_OUTER_BOUND('',#7829,.T.);
#7831 = DIRECTION('',(0.000000,0.000000,1.000000));
#7832 = DIRECTION('',(0.000000,-1.000000,0.000000));
#7833 = AXIS2_PLACEMENT_3D('',#7825,#7831,#7832);
#7834 = PLANE('',#7833);
#7835 = FACE_SURFACE('',(#7830),#7834,.T.);
#7836 = POLY_LOOP('',(#7817,#7816,#7826,#7825));
#7837 = FACE_OUTER_BOUND('',#7836,.T.);
#7838 = DIRECTION('',(0.000000,-1.000000,0.000000));
#7839 = DIRECTION('',(0.000000,0.000000,-1.000000));
#7840 = AXIS2_PLACEMENT_3D('',#7817,#7838,#7839);
#7841 = PLANE('',#7840);
#7842 = FACE_SURFACE('',(#7837),#7841,.T.);
#7843 = POLY_LOOP('',(#7816,#7815,#7827,#7826));
#7844 = FACE_OUTER_BOUND('',#7843,.T.);
#7845 = DIRECTION('',(1.000000,-0.000000,0.000000));
#7846 = DIRECTION('',(0.000000,0.000000,-1.000000));
#7847 = AXIS2_PLACEMENT_3D('',#7816,#7845,#7846);
#7848 = PLANE('',#7847);
#7849 = FACE_SURFACE('',(#7844),#7848,.T.);
#7850 = POLY_LOOP('',(#7815,#7814,#7828,#7827));
#7851 = FACE_OUTER_BOUND('',#7850,.T.);
#7852 = DIRECTION('',(0.000000,1.000000,0.000000));
#7853 = DIRECTION('',(0.000000,0.000000,1.000000));
#7854 = AXIS2_PLACEMENT_3D('',#7815,#7852,#7853);
#7855 = PLANE('',#7854);
#7856 = FACE_SURFACE('',(#7851),#7855,.T.);
#7857 = POLY_LOOP('',(#7814,#7817,#7825,#7828));
#7858 = FACE_OUTER_BOUND('',#7857,.T.);
#7859 = DIRECTION('',(-1.000000,-0.000000,0.000000));
#7860 = DIRECTION('',(0.000000,-0.000000,1.000000));
#7861 = AXIS2_PLACEMENT_3D('',#7814,#7859,#7860);
#7862 = PLANE('',#7861);
#7863 = FACE_SURFACE('',(#7858),#7862,.T.);
#7864 = CLOSED_SHELL('',(#7824,#7835,#7842,#7849,#7856,#7863));
#7865 = FACETED_BREP('carrier_R65',#7864);
#7866 = CARTESIAN_POINT('',(38.525000,105.725000,0.000000));
#7867 = CARTESIAN_POINT('',(41.475000,105.725000,0.000000));
#7868 = CARTESIAN_POINT('',(41.475000,104.275000,0.000000));
#7869 = CARTESIAN_POINT('',(38.525000,104.275000,0.000000));
#7870 = POLY_LOOP('',(#7866,#7867,#7868,#7869));
#7871 = FACE_OUTER_BOUND('',#7870,.T.);
#7872 = DIRECTION('',(0.000000,0.000000,-1.000000));
#7873 = DIRECTION('',(-0.000000,1.000000,0.000000));
#7874 = AXIS2_PLACEMENT_3D('',#7866,#7872,#7873);
#7875 = PLANE('',#7874);
#7876 = FACE_SURFACE('',(#7871),#7875,.T.);
#7877 = CARTESIAN_POINT('',(38.525000,104.275000,0.950000));
#7878 = CARTESIAN_POINT('',(41.475000,104.275000,0.950000));
#7879 = CARTESIAN_POINT('',(41.475000,105.725000,0.950000));
#7880 = CARTESIAN_POINT('',(38.525000,105.725000,0.950000));
#7881 = POLY_LOOP('',(#7877,#7878,#7879,#7880));
#7882 = FACE_OUTER_BOUND('',#7881,.T.);
#7883 = DIRECTION('',(0.000000,0.000000,1.000000));
#7884 = DIRECTION('',(0.000000,-1.000000,0.000000));
#7885 = AXIS2_PLACEMENT_3D('',#7877,#7883,#7884);
#7886 = PLANE('',#7885);
#7887 = FACE_SURFACE('',(#7882),#7886,.T.);
#7888 = POLY_LOOP('',(#7869,#7868,#7878,#7877));
#7889 = FACE_OUTER_BOUND('',#7888,.T.);
#7890 = DIRECTION('',(0.000000,-1.000000,0.000000));
#7891 = DIRECTION('',(0.000000,0.000000,-1.000000));
#7892 = AXIS2_PLACEMENT_3D('',#7869,#7890,#7891);
#7893 = PLANE('',#7892);
#7894 = FACE_SURFACE('',(#7889),#7893,.T.);
#7895 = POLY_LOOP('',(#7868,#7867,#7879,#7878));
#7896 = FACE_OUTER_BOUND('',#7895,.T.);
#7897 = DIRECTION('',(1.000000,-0.000000,0.000000));
#7898 = DIRECTION('',(0.000000,0.000000,-1.000000));
#7899 = AXIS2_PLACEMENT_3D('',#7868,#7897,#7898);
#7900 = PLANE('',#7899);
#7901 = FACE_SURFACE('',(#7896),#7900,.T.);
#7902 = POLY_LOOP('',(#7867,#7866,#7880,#7879));
#7903 = FACE_OUTER_BOUND('',#7902,.T.);
#7904 = DIRECTION('',(0.000000,1.000000,0.000000));
#7905 = DIRECTION('',(0.000000,0.000000,1.000000));
#7906 = AXIS2_PLACEMENT_3D('',#7867,#7904,#7905);
#7907 = PLANE('',#7906);
#7908 = FACE_SURFACE('',(#7903),#7907,.T.);
#7909 = POLY_LOOP('',(#7866,#7869,#7877,#7880));
#7910 = FACE_OUTER_BOUND('',#7909,.T.);
#7911 = DIRECTION('',(-1.000000,-0.000000,0.000000));
#7912 = DIRECTION('',(0.000000,-0.000000,1.000000));
#7913 = AXIS2_PLACEMENT_3D('',#7866,#7911,#7912);
#7914 = PLANE('',#7913);
#7915 = FACE_SURFACE('',(#7910),#7914,.T.);
#7916 = CLOSED_SHELL('',(#7876,#7887,#7894,#7901,#7908,#7915));
#7917 = FACETED_BREP('carrier_R66',#7916);
#7918 = CARTESIAN_POINT('',(26.525000,109.725000,0.000000));
#7919 = CARTESIAN_POINT('',(29.475000,109.725000,0.000000));
#7920 = CARTESIAN_POINT('',(29.475000,108.275000,0.000000));
#7921 = CARTESIAN_POINT('',(26.525000,108.275000,0.000000));
#7922 = POLY_LOOP('',(#7918,#7919,#7920,#7921));
#7923 = FACE_OUTER_BOUND('',#7922,.T.);
#7924 = DIRECTION('',(0.000000,0.000000,-1.000000));
#7925 = DIRECTION('',(-0.000000,1.000000,0.000000));
#7926 = AXIS2_PLACEMENT_3D('',#7918,#7924,#7925);
#7927 = PLANE('',#7926);
#7928 = FACE_SURFACE('',(#7923),#7927,.T.);
#7929 = CARTESIAN_POINT('',(26.525000,108.275000,0.950000));
#7930 = CARTESIAN_POINT('',(29.475000,108.275000,0.950000));
#7931 = CARTESIAN_POINT('',(29.475000,109.725000,0.950000));
#7932 = CARTESIAN_POINT('',(26.525000,109.725000,0.950000));
#7933 = POLY_LOOP('',(#7929,#7930,#7931,#7932));
#7934 = FACE_OUTER_BOUND('',#7933,.T.);
#7935 = DIRECTION('',(0.000000,0.000000,1.000000));
#7936 = DIRECTION('',(0.000000,-1.000000,0.000000));
#7937 = AXIS2_PLACEMENT_3D('',#7929,#7935,#7936);
#7938 = PLANE('',#7937);
#7939 = FACE_SURFACE('',(#7934),#7938,.T.);
#7940 = POLY_LOOP('',(#7921,#7920,#7930,#7929));
#7941 = FACE_OUTER_BOUND('',#7940,.T.);
#7942 = DIRECTION('',(0.000000,-1.000000,0.000000));
#7943 = DIRECTION('',(0.000000,0.000000,-1.000000));
#7944 = AXIS2_PLACEMENT_3D('',#7921,#7942,#7943);
#7945 = PLANE('',#7944);
#7946 = FACE_SURFACE('',(#7941),#7945,.T.);
#7947 = POLY_LOOP('',(#7920,#7919,#7931,#7930));
#7948 = FACE_OUTER_BOUND('',#7947,.T.);
#7949 = DIRECTION('',(1.000000,-0.000000,0.000000));
#7950 = DIRECTION('',(0.000000,0.000000,-1.000000));
#7951 = AXIS2_PLACEMENT_3D('',#7920,#7949,#7950);
#7952 = PLANE('',#7951);
#7953 = FACE_SURFACE('',(#7948),#7952,.T.);
#7954 = POLY_LOOP('',(#7919,#7918,#7932,#7931));
#7955 = FACE_OUTER_BOUND('',#7954,.T.);
#7956 = DIRECTION('',(0.000000,1.000000,0.000000));
#7957 = DIRECTION('',(0.000000,0.000000,1.000000));
#7958 = AXIS2_PLACEMENT_3D('',#7919,#7956,#7957);
#7959 = PLANE('',#7958);
#7960 = FACE_SURFACE('',(#7955),#7959,.T.);
#7961 = POLY_LOOP('',(#7918,#7921,#7929,#7932));
#7962 = FACE_OUTER_BOUND('',#7961,.T.);
#7963 = DIRECTION('',(-1.000000,-0.000000,0.000000));
#7964 = DIRECTION('',(0.000000,-0.000000,1.000000));
#7965 = AXIS2_PLACEMENT_3D('',#7918,#7963,#7964);
#7966 = PLANE('',#7965);
#7967 = FACE_SURFACE('',(#7962),#7966,.T.);
#7968 = CLOSED_SHELL('',(#7928,#7939,#7946,#7953,#7960,#7967));
#7969 = FACETED_BREP('carrier_R67',#7968);
#7970 = CARTESIAN_POINT('',(32.525000,109.725000,0.000000));
#7971 = CARTESIAN_POINT('',(35.475000,109.725000,0.000000));
#7972 = CARTESIAN_POINT('',(35.475000,108.275000,0.000000));
#7973 = CARTESIAN_POINT('',(32.525000,108.275000,0.000000));
#7974 = POLY_LOOP('',(#7970,#7971,#7972,#7973));
#7975 = FACE_OUTER_BOUND('',#7974,.T.);
#7976 = DIRECTION('',(0.000000,0.000000,-1.000000));
#7977 = DIRECTION('',(-0.000000,1.000000,0.000000));
#7978 = AXIS2_PLACEMENT_3D('',#7970,#7976,#7977);
#7979 = PLANE('',#7978);
#7980 = FACE_SURFACE('',(#7975),#7979,.T.);
#7981 = CARTESIAN_POINT('',(32.525000,108.275000,0.950000));
#7982 = CARTESIAN_POINT('',(35.475000,108.275000,0.950000));
#7983 = CARTESIAN_POINT('',(35.475000,109.725000,0.950000));
#7984 = CARTESIAN_POINT('',(32.525000,109.725000,0.950000));
#7985 = POLY_LOOP('',(#7981,#7982,#7983,#7984));
#7986 = FACE_OUTER_BOUND('',#7985,.T.);
#7987 = DIRECTION('',(0.000000,0.000000,1.000000));
#7988 = DIRECTION('',(0.000000,-1.000000,0.000000));
#7989 = AXIS2_PLACEMENT_3D('',#7981,#7987,#7988);
#7990 = PLANE('',#7989);
#7991 = FACE_SURFACE('',(#7986),#7990,.T.);
#7992 = POLY_LOOP('',(#7973,#7972,#7982,#7981));
#7993 = FACE_OUTER_BOUND('',#7992,.T.);
#7994 = DIRECTION('',(0.000000,-1.000000,0.000000));
#7995 = DIRECTION('',(0.000000,0.000000,-1.000000));
#7996 = AXIS2_PLACEMENT_3D('',#7973,#7994,#7995);
#7997 = PLANE('',#7996);
#7998 = FACE_SURFACE('',(#7993),#7997,.T.);
#7999 = POLY_LOOP('',(#7972,#7971,#7983,#7982));
#8000 = FACE_OUTER_BOUND('',#7999,.T.);
#8001 = DIRECTION('',(1.000000,-0.000000,0.000000));
#8002 = DIRECTION('',(0.000000,0.000000,-1.000000));
#8003 = AXIS2_PLACEMENT_3D('',#7972,#8001,#8002);
#8004 = PLANE('',#8003);
#8005 = FACE_SURFACE('',(#8000),#8004,.T.);
#8006 = POLY_LOOP('',(#7971,#7970,#7984,#7983));
#8007 = FACE_OUTER_BOUND('',#8006,.T.);
#8008 = DIRECTION('',(0.000000,1.000000,0.000000));
#8009 = DIRECTION('',(0.000000,0.000000,1.000000));
#8010 = AXIS2_PLACEMENT_3D('',#7971,#8008,#8009);
#8011 = PLANE('',#8010);
#8012 = FACE_SURFACE('',(#8007),#8011,.T.);
#8013 = POLY_LOOP('',(#7970,#7973,#7981,#7984));
#8014 = FACE_OUTER_BOUND('',#8013,.T.);
#8015 = DIRECTION('',(-1.000000,-0.000000,0.000000));
#8016 = DIRECTION('',(0.000000,-0.000000,1.000000));
#8017 = AXIS2_PLACEMENT_3D('',#7970,#8015,#8016);
#8018 = PLANE('',#8017);
#8019 = FACE_SURFACE('',(#8014),#8018,.T.);
#8020 = CLOSED_SHELL('',(#7980,#7991,#7998,#8005,#8012,#8019));
#8021 = FACETED_BREP('carrier_R68',#8020);
#8022 = CARTESIAN_POINT('',(70.525000,90.625000,0.000000));
#8023 = CARTESIAN_POINT('',(73.475000,90.625000,0.000000));
#8024 = CARTESIAN_POINT('',(73.475000,89.175000,0.000000));
#8025 = CARTESIAN_POINT('',(70.525000,89.175000,0.000000));
#8026 = POLY_LOOP('',(#8022,#8023,#8024,#8025));
#8027 = FACE_OUTER_BOUND('',#8026,.T.);
#8028 = DIRECTION('',(0.000000,0.000000,-1.000000));
#8029 = DIRECTION('',(-0.000000,1.000000,0.000000));
#8030 = AXIS2_PLACEMENT_3D('',#8022,#8028,#8029);
#8031 = PLANE('',#8030);
#8032 = FACE_SURFACE('',(#8027),#8031,.T.);
#8033 = CARTESIAN_POINT('',(70.525000,89.175000,0.950000));
#8034 = CARTESIAN_POINT('',(73.475000,89.175000,0.950000));
#8035 = CARTESIAN_POINT('',(73.475000,90.625000,0.950000));
#8036 = CARTESIAN_POINT('',(70.525000,90.625000,0.950000));
#8037 = POLY_LOOP('',(#8033,#8034,#8035,#8036));
#8038 = FACE_OUTER_BOUND('',#8037,.T.);
#8039 = DIRECTION('',(0.000000,0.000000,1.000000));
#8040 = DIRECTION('',(0.000000,-1.000000,0.000000));
#8041 = AXIS2_PLACEMENT_3D('',#8033,#8039,#8040);
#8042 = PLANE('',#8041);
#8043 = FACE_SURFACE('',(#8038),#8042,.T.);
#8044 = POLY_LOOP('',(#8025,#8024,#8034,#8033));
#8045 = FACE_OUTER_BOUND('',#8044,.T.);
#8046 = DIRECTION('',(0.000000,-1.000000,0.000000));
#8047 = DIRECTION('',(0.000000,0.000000,-1.000000));
#8048 = AXIS2_PLACEMENT_3D('',#8025,#8046,#8047);
#8049 = PLANE('',#8048);
#8050 = FACE_SURFACE('',(#8045),#8049,.T.);
#8051 = POLY_LOOP('',(#8024,#8023,#8035,#8034));
#8052 = FACE_OUTER_BOUND('',#8051,.T.);
#8053 = DIRECTION('',(1.000000,-0.000000,0.000000));
#8054 = DIRECTION('',(0.000000,0.000000,-1.000000));
#8055 = AXIS2_PLACEMENT_3D('',#8024,#8053,#8054);
#8056 = PLANE('',#8055);
#8057 = FACE_SURFACE('',(#8052),#8056,.T.);
#8058 = POLY_LOOP('',(#8023,#8022,#8036,#8035));
#8059 = FACE_OUTER_BOUND('',#8058,.T.);
#8060 = DIRECTION('',(0.000000,1.000000,0.000000));
#8061 = DIRECTION('',(0.000000,0.000000,1.000000));
#8062 = AXIS2_PLACEMENT_3D('',#8023,#8060,#8061);
#8063 = PLANE('',#8062);
#8064 = FACE_SURFACE('',(#8059),#8063,.T.);
#8065 = POLY_LOOP('',(#8022,#8025,#8033,#8036));
#8066 = FACE_OUTER_BOUND('',#8065,.T.);
#8067 = DIRECTION('',(-1.000000,-0.000000,0.000000));
#8068 = DIRECTION('',(0.000000,-0.000000,1.000000));
#8069 = AXIS2_PLACEMENT_3D('',#8022,#8067,#8068);
#8070 = PLANE('',#8069);
#8071 = FACE_SURFACE('',(#8066),#8070,.T.);
#8072 = CLOSED_SHELL('',(#8032,#8043,#8050,#8057,#8064,#8071));
#8073 = FACETED_BREP('carrier_R70',#8072);
#8074 = CARTESIAN_POINT('',(70.525000,93.165000,0.000000));
#8075 = CARTESIAN_POINT('',(73.475000,93.165000,0.000000));
#8076 = CARTESIAN_POINT('',(73.475000,91.715000,0.000000));
#8077 = CARTESIAN_POINT('',(70.525000,91.715000,0.000000));
#8078 = POLY_LOOP('',(#8074,#8075,#8076,#8077));
#8079 = FACE_OUTER_BOUND('',#8078,.T.);
#8080 = DIRECTION('',(0.000000,0.000000,-1.000000));
#8081 = DIRECTION('',(-0.000000,1.000000,0.000000));
#8082 = AXIS2_PLACEMENT_3D('',#8074,#8080,#8081);
#8083 = PLANE('',#8082);
#8084 = FACE_SURFACE('',(#8079),#8083,.T.);
#8085 = CARTESIAN_POINT('',(70.525000,91.715000,0.950000));
#8086 = CARTESIAN_POINT('',(73.475000,91.715000,0.950000));
#8087 = CARTESIAN_POINT('',(73.475000,93.165000,0.950000));
#8088 = CARTESIAN_POINT('',(70.525000,93.165000,0.950000));
#8089 = POLY_LOOP('',(#8085,#8086,#8087,#8088));
#8090 = FACE_OUTER_BOUND('',#8089,.T.);
#8091 = DIRECTION('',(0.000000,0.000000,1.000000));
#8092 = DIRECTION('',(0.000000,-1.000000,0.000000));
#8093 = AXIS2_PLACEMENT_3D('',#8085,#8091,#8092);
#8094 = PLANE('',#8093);
#8095 = FACE_SURFACE('',(#8090),#8094,.T.);
#8096 = POLY_LOOP('',(#8077,#8076,#8086,#8085));
#8097 = FACE_OUTER_BOUND('',#8096,.T.);
#8098 = DIRECTION('',(0.000000,-1.000000,0.000000));
#8099 = DIRECTION('',(0.000000,0.000000,-1.000000));
#8100 = AXIS2_PLACEMENT_3D('',#8077,#8098,#8099);
#8101 = PLANE('',#8100);
#8102 = FACE_SURFACE('',(#8097),#8101,.T.);
#8103 = POLY_LOOP('',(#8076,#8075,#8087,#8086));
#8104 = FACE_OUTER_BOUND('',#8103,.T.);
#8105 = DIRECTION('',(1.000000,-0.000000,0.000000));
#8106 = DIRECTION('',(0.000000,0.000000,-1.000000));
#8107 = AXIS2_PLACEMENT_3D('',#8076,#8105,#8106);
#8108 = PLANE('',#8107);
#8109 = FACE_SURFACE('',(#8104),#8108,.T.);
#8110 = POLY_LOOP('',(#8075,#8074,#8088,#8087));
#8111 = FACE_OUTER_BOUND('',#8110,.T.);
#8112 = DIRECTION('',(0.000000,1.000000,0.000000));
#8113 = DIRECTION('',(0.000000,0.000000,1.000000));
#8114 = AXIS2_PLACEMENT_3D('',#8075,#8112,#8113);
#8115 = PLANE('',#8114);
#8116 = FACE_SURFACE('',(#8111),#8115,.T.);
#8117 = POLY_LOOP('',(#8074,#8077,#8085,#8088));
#8118 = FACE_OUTER_BOUND('',#8117,.T.);
#8119 = DIRECTION('',(-1.000000,-0.000000,0.000000));
#8120 = DIRECTION('',(0.000000,-0.000000,1.000000));
#8121 = AXIS2_PLACEMENT_3D('',#8074,#8119,#8120);
#8122 = PLANE('',#8121);
#8123 = FACE_SURFACE('',(#8118),#8122,.T.);
#8124 = CLOSED_SHELL('',(#8084,#8095,#8102,#8109,#8116,#8123));
#8125 = FACETED_BREP('carrier_R71',#8124);
#8126 = CARTESIAN_POINT('',(70.525000,95.705000,0.000000));
#8127 = CARTESIAN_POINT('',(73.475000,95.705000,0.000000));
#8128 = CARTESIAN_POINT('',(73.475000,94.255000,0.000000));
#8129 = CARTESIAN_POINT('',(70.525000,94.255000,0.000000));
#8130 = POLY_LOOP('',(#8126,#8127,#8128,#8129));
#8131 = FACE_OUTER_BOUND('',#8130,.T.);
#8132 = DIRECTION('',(0.000000,0.000000,-1.000000));
#8133 = DIRECTION('',(-0.000000,1.000000,0.000000));
#8134 = AXIS2_PLACEMENT_3D('',#8126,#8132,#8133);
#8135 = PLANE('',#8134);
#8136 = FACE_SURFACE('',(#8131),#8135,.T.);
#8137 = CARTESIAN_POINT('',(70.525000,94.255000,0.950000));
#8138 = CARTESIAN_POINT('',(73.475000,94.255000,0.950000));
#8139 = CARTESIAN_POINT('',(73.475000,95.705000,0.950000));
#8140 = CARTESIAN_POINT('',(70.525000,95.705000,0.950000));
#8141 = POLY_LOOP('',(#8137,#8138,#8139,#8140));
#8142 = FACE_OUTER_BOUND('',#8141,.T.);
#8143 = DIRECTION('',(0.000000,0.000000,1.000000));
#8144 = DIRECTION('',(0.000000,-1.000000,0.000000));
#8145 = AXIS2_PLACEMENT_3D('',#8137,#8143,#8144);
#8146 = PLANE('',#8145);
#8147 = FACE_SURFACE('',(#8142),#8146,.T.);
#8148 = POLY_LOOP('',(#8129,#8128,#8138,#8137));
#8149 = FACE_OUTER_BOUND('',#8148,.T.);
#8150 = DIRECTION('',(0.000000,-1.000000,0.000000));
#8151 = DIRECTION('',(0.000000,0.000000,-1.000000));
#8152 = AXIS2_PLACEMENT_3D('',#8129,#8150,#8151);
#8153 = PLANE('',#8152);
#8154 = FACE_SURFACE('',(#8149),#8153,.T.);
#8155 = POLY_LOOP('',(#8128,#8127,#8139,#8138));
#8156 = FACE_OUTER_BOUND('',#8155,.T.);
#8157 = DIRECTION('',(1.000000,-0.000000,0.000000));
#8158 = DIRECTION('',(0.000000,0.000000,-1.000000));
#8159 = AXIS2_PLACEMENT_3D('',#8128,#8157,#8158);
#8160 = PLANE('',#8159);
#8161 = FACE_SURFACE('',(#8156),#8160,.T.);
#8162 = POLY_LOOP('',(#8127,#8126,#8140,#8139));
#8163 = FACE_OUTER_BOUND('',#8162,.T.);
#8164 = DIRECTION('',(0.000000,1.000000,0.000000));
#8165 = DIRECTION('',(0.000000,0.000000,1.000000));
#8166 = AXIS2_PLACEMENT_3D('',#8127,#8164,#8165);
#8167 = PLANE('',#8166);
#8168 = FACE_SURFACE('',(#8163),#8167,.T.);
#8169 = POLY_LOOP('',(#8126,#8129,#8137,#8140));
#8170 = FACE_OUTER_BOUND('',#8169,.T.);
#8171 = DIRECTION('',(-1.000000,-0.000000,0.000000));
#8172 = DIRECTION('',(0.000000,-0.000000,1.000000));
#8173 = AXIS2_PLACEMENT_3D('',#8126,#8171,#8172);
#8174 = PLANE('',#8173);
#8175 = FACE_SURFACE('',(#8170),#8174,.T.);
#8176 = CLOSED_SHELL('',(#8136,#8147,#8154,#8161,#8168,#8175));
#8177 = FACETED_BREP('carrier_R72',#8176);
#8178 = CARTESIAN_POINT('',(70.525000,98.245000,0.000000));
#8179 = CARTESIAN_POINT('',(73.475000,98.245000,0.000000));
#8180 = CARTESIAN_POINT('',(73.475000,96.795000,0.000000));
#8181 = CARTESIAN_POINT('',(70.525000,96.795000,0.000000));
#8182 = POLY_LOOP('',(#8178,#8179,#8180,#8181));
#8183 = FACE_OUTER_BOUND('',#8182,.T.);
#8184 = DIRECTION('',(0.000000,0.000000,-1.000000));
#8185 = DIRECTION('',(-0.000000,1.000000,0.000000));
#8186 = AXIS2_PLACEMENT_3D('',#8178,#8184,#8185);
#8187 = PLANE('',#8186);
#8188 = FACE_SURFACE('',(#8183),#8187,.T.);
#8189 = CARTESIAN_POINT('',(70.525000,96.795000,0.950000));
#8190 = CARTESIAN_POINT('',(73.475000,96.795000,0.950000));
#8191 = CARTESIAN_POINT('',(73.475000,98.245000,0.950000));
#8192 = CARTESIAN_POINT('',(70.525000,98.245000,0.950000));
#8193 = POLY_LOOP('',(#8189,#8190,#8191,#8192));
#8194 = FACE_OUTER_BOUND('',#8193,.T.);
#8195 = DIRECTION('',(0.000000,0.000000,1.000000));
#8196 = DIRECTION('',(0.000000,-1.000000,0.000000));
#8197 = AXIS2_PLACEMENT_3D('',#8189,#8195,#8196);
#8198 = PLANE('',#8197);
#8199 = FACE_SURFACE('',(#8194),#8198,.T.);
#8200 = POLY_LOOP('',(#8181,#8180,#8190,#8189));
#8201 = FACE_OUTER_BOUND('',#8200,.T.);
#8202 = DIRECTION('',(0.000000,-1.000000,0.000000));
#8203 = DIRECTION('',(0.000000,0.000000,-1.000000));
#8204 = AXIS2_PLACEMENT_3D('',#8181,#8202,#8203);
#8205 = PLANE('',#8204);
#8206 = FACE_SURFACE('',(#8201),#8205,.T.);
#8207 = POLY_LOOP('',(#8180,#8179,#8191,#8190));
#8208 = FACE_OUTER_BOUND('',#8207,.T.);
#8209 = DIRECTION('',(1.000000,-0.000000,0.000000));
#8210 = DIRECTION('',(0.000000,0.000000,-1.000000));
#8211 = AXIS2_PLACEMENT_3D('',#8180,#8209,#8210);
#8212 = PLANE('',#8211);
#8213 = FACE_SURFACE('',(#8208),#8212,.T.);
#8214 = POLY_LOOP('',(#8179,#8178,#8192,#8191));
#8215 = FACE_OUTER_BOUND('',#8214,.T.);
#8216 = DIRECTION('',(0.000000,1.000000,0.000000));
#8217 = DIRECTION('',(0.000000,0.000000,1.000000));
#8218 = AXIS2_PLACEMENT_3D('',#8179,#8216,#8217);
#8219 = PLANE('',#8218);
#8220 = FACE_SURFACE('',(#8215),#8219,.T.);
#8221 = POLY_LOOP('',(#8178,#8181,#8189,#8192));
#8222 = FACE_OUTER_BOUND('',#8221,.T.);
#8223 = DIRECTION('',(-1.000000,-0.000000,0.000000));
#8224 = DIRECTION('',(0.000000,-0.000000,1.000000));
#8225 = AXIS2_PLACEMENT_3D('',#8178,#8223,#8224);
#8226 = PLANE('',#8225);
#8227 = FACE_SURFACE('',(#8222),#8226,.T.);
#8228 = CLOSED_SHELL('',(#8188,#8199,#8206,#8213,#8220,#8227));
#8229 = FACETED_BREP('carrier_R73',#8228);
#8230 = CARTESIAN_POINT('',(70.525000,100.785000,0.000000));
#8231 = CARTESIAN_POINT('',(73.475000,100.785000,0.000000));
#8232 = CARTESIAN_POINT('',(73.475000,99.335000,0.000000));
#8233 = CARTESIAN_POINT('',(70.525000,99.335000,0.000000));
#8234 = POLY_LOOP('',(#8230,#8231,#8232,#8233));
#8235 = FACE_OUTER_BOUND('',#8234,.T.);
#8236 = DIRECTION('',(0.000000,0.000000,-1.000000));
#8237 = DIRECTION('',(-0.000000,1.000000,0.000000));
#8238 = AXIS2_PLACEMENT_3D('',#8230,#8236,#8237);
#8239 = PLANE('',#8238);
#8240 = FACE_SURFACE('',(#8235),#8239,.T.);
#8241 = CARTESIAN_POINT('',(70.525000,99.335000,0.950000));
#8242 = CARTESIAN_POINT('',(73.475000,99.335000,0.950000));
#8243 = CARTESIAN_POINT('',(73.475000,100.785000,0.950000));
#8244 = CARTESIAN_POINT('',(70.525000,100.785000,0.950000));
#8245 = POLY_LOOP('',(#8241,#8242,#8243,#8244));
#8246 = FACE_OUTER_BOUND('',#8245,.T.);
#8247 = DIRECTION('',(0.000000,0.000000,1.000000));
#8248 = DIRECTION('',(0.000000,-1.000000,0.000000));
#8249 = AXIS2_PLACEMENT_3D('',#8241,#8247,#8248);
#8250 = PLANE('',#8249);
#8251 = FACE_SURFACE('',(#8246),#8250,.T.);
#8252 = POLY_LOOP('',(#8233,#8232,#8242,#8241));
#8253 = FACE_OUTER_BOUND('',#8252,.T.);
#8254 = DIRECTION('',(0.000000,-1.000000,0.000000));
#8255 = DIRECTION('',(0.000000,0.000000,-1.000000));
#8256 = AXIS2_PLACEMENT_3D('',#8233,#8254,#8255);
#8257 = PLANE('',#8256);
#8258 = FACE_SURFACE('',(#8253),#8257,.T.);
#8259 = POLY_LOOP('',(#8232,#8231,#8243,#8242));
#8260 = FACE_OUTER_BOUND('',#8259,.T.);
#8261 = DIRECTION('',(1.000000,-0.000000,0.000000));
#8262 = DIRECTION('',(0.000000,0.000000,-1.000000));
#8263 = AXIS2_PLACEMENT_3D('',#8232,#8261,#8262);
#8264 = PLANE('',#8263);
#8265 = FACE_SURFACE('',(#8260),#8264,.T.);
#8266 = POLY_LOOP('',(#8231,#8230,#8244,#8243));
#8267 = FACE_OUTER_BOUND('',#8266,.T.);
#8268 = DIRECTION('',(0.000000,1.000000,0.000000));
#8269 = DIRECTION('',(0.000000,0.000000,1.000000));
#8270 = AXIS2_PLACEMENT_3D('',#8231,#8268,#8269);
#8271 = PLANE('',#8270);
#8272 = FACE_SURFACE('',(#8267),#8271,.T.);
#8273 = POLY_LOOP('',(#8230,#8233,#8241,#8244));
#8274 = FACE_OUTER_BOUND('',#8273,.T.);
#8275 = DIRECTION('',(-1.000000,-0.000000,0.000000));
#8276 = DIRECTION('',(0.000000,-0.000000,1.000000));
#8277 = AXIS2_PLACEMENT_3D('',#8230,#8275,#8276);
#8278 = PLANE('',#8277);
#8279 = FACE_SURFACE('',(#8274),#8278,.T.);
#8280 = CLOSED_SHELL('',(#8240,#8251,#8258,#8265,#8272,#8279));
#8281 = FACETED_BREP('carrier_R74',#8280);
#8282 = CARTESIAN_POINT('',(70.525000,103.325000,0.000000));
#8283 = CARTESIAN_POINT('',(73.475000,103.325000,0.000000));
#8284 = CARTESIAN_POINT('',(73.475000,101.875000,0.000000));
#8285 = CARTESIAN_POINT('',(70.525000,101.875000,0.000000));
#8286 = POLY_LOOP('',(#8282,#8283,#8284,#8285));
#8287 = FACE_OUTER_BOUND('',#8286,.T.);
#8288 = DIRECTION('',(0.000000,0.000000,-1.000000));
#8289 = DIRECTION('',(-0.000000,1.000000,0.000000));
#8290 = AXIS2_PLACEMENT_3D('',#8282,#8288,#8289);
#8291 = PLANE('',#8290);
#8292 = FACE_SURFACE('',(#8287),#8291,.T.);
#8293 = CARTESIAN_POINT('',(70.525000,101.875000,0.950000));
#8294 = CARTESIAN_POINT('',(73.475000,101.875000,0.950000));
#8295 = CARTESIAN_POINT('',(73.475000,103.325000,0.950000));
#8296 = CARTESIAN_POINT('',(70.525000,103.325000,0.950000));
#8297 = POLY_LOOP('',(#8293,#8294,#8295,#8296));
#8298 = FACE_OUTER_BOUND('',#8297,.T.);
#8299 = DIRECTION('',(0.000000,0.000000,1.000000));
#8300 = DIRECTION('',(0.000000,-1.000000,0.000000));
#8301 = AXIS2_PLACEMENT_3D('',#8293,#8299,#8300);
#8302 = PLANE('',#8301);
#8303 = FACE_SURFACE('',(#8298),#8302,.T.);
#8304 = POLY_LOOP('',(#8285,#8284,#8294,#8293));
#8305 = FACE_OUTER_BOUND('',#8304,.T.);
#8306 = DIRECTION('',(0.000000,-1.000000,0.000000));
#8307 = DIRECTION('',(0.000000,0.000000,-1.000000));
#8308 = AXIS2_PLACEMENT_3D('',#8285,#8306,#8307);
#8309 = PLANE('',#8308);
#8310 = FACE_SURFACE('',(#8305),#8309,.T.);
#8311 = POLY_LOOP('',(#8284,#8283,#8295,#8294));
#8312 = FACE_OUTER_BOUND('',#8311,.T.);
#8313 = DIRECTION('',(1.000000,-0.000000,0.000000));
#8314 = DIRECTION('',(0.000000,0.000000,-1.000000));
#8315 = AXIS2_PLACEMENT_3D('',#8284,#8313,#8314);
#8316 = PLANE('',#8315);
#8317 = FACE_SURFACE('',(#8312),#8316,.T.);
#8318 = POLY_LOOP('',(#8283,#8282,#8296,#8295));
#8319 = FACE_OUTER_BOUND('',#8318,.T.);
#8320 = DIRECTION('',(0.000000,1.000000,0.000000));
#8321 = DIRECTION('',(0.000000,0.000000,1.000000));
#8322 = AXIS2_PLACEMENT_3D('',#8283,#8320,#8321);
#8323 = PLANE('',#8322);
#8324 = FACE_SURFACE('',(#8319),#8323,.T.);
#8325 = POLY_LOOP('',(#8282,#8285,#8293,#8296));
#8326 = FACE_OUTER_BOUND('',#8325,.T.);
#8327 = DIRECTION('',(-1.000000,-0.000000,0.000000));
#8328 = DIRECTION('',(0.000000,-0.000000,1.000000));
#8329 = AXIS2_PLACEMENT_3D('',#8282,#8327,#8328);
#8330 = PLANE('',#8329);
#8331 = FACE_SURFACE('',(#8326),#8330,.T.);
#8332 = CLOSED_SHELL('',(#8292,#8303,#8310,#8317,#8324,#8331));
#8333 = FACETED_BREP('carrier_R75',#8332);
#8334 = CARTESIAN_POINT('',(70.525000,105.865000,0.000000));
#8335 = CARTESIAN_POINT('',(73.475000,105.865000,0.000000));
#8336 = CARTESIAN_POINT('',(73.475000,104.415000,0.000000));
#8337 = CARTESIAN_POINT('',(70.525000,104.415000,0.000000));
#8338 = POLY_LOOP('',(#8334,#8335,#8336,#8337));
#8339 = FACE_OUTER_BOUND('',#8338,.T.);
#8340 = DIRECTION('',(0.000000,0.000000,-1.000000));
#8341 = DIRECTION('',(-0.000000,1.000000,0.000000));
#8342 = AXIS2_PLACEMENT_3D('',#8334,#8340,#8341);
#8343 = PLANE('',#8342);
#8344 = FACE_SURFACE('',(#8339),#8343,.T.);
#8345 = CARTESIAN_POINT('',(70.525000,104.415000,0.950000));
#8346 = CARTESIAN_POINT('',(73.475000,104.415000,0.950000));
#8347 = CARTESIAN_POINT('',(73.475000,105.865000,0.950000));
#8348 = CARTESIAN_POINT('',(70.525000,105.865000,0.950000));
#8349 = POLY_LOOP('',(#8345,#8346,#8347,#8348));
#8350 = FACE_OUTER_BOUND('',#8349,.T.);
#8351 = DIRECTION('',(0.000000,0.000000,1.000000));
#8352 = DIRECTION('',(0.000000,-1.000000,0.000000));
#8353 = AXIS2_PLACEMENT_3D('',#8345,#8351,#8352);
#8354 = PLANE('',#8353);
#8355 = FACE_SURFACE('',(#8350),#8354,.T.);
#8356 = POLY_LOOP('',(#8337,#8336,#8346,#8345));
#8357 = FACE_OUTER_BOUND('',#8356,.T.);
#8358 = DIRECTION('',(0.000000,-1.000000,0.000000));
#8359 = DIRECTION('',(0.000000,0.000000,-1.000000));
#8360 = AXIS2_PLACEMENT_3D('',#8337,#8358,#8359);
#8361 = PLANE('',#8360);
#8362 = FACE_SURFACE('',(#8357),#8361,.T.);
#8363 = POLY_LOOP('',(#8336,#8335,#8347,#8346));
#8364 = FACE_OUTER_BOUND('',#8363,.T.);
#8365 = DIRECTION('',(1.000000,-0.000000,0.000000));
#8366 = DIRECTION('',(0.000000,0.000000,-1.000000));
#8367 = AXIS2_PLACEMENT_3D('',#8336,#8365,#8366);
#8368 = PLANE('',#8367);
#8369 = FACE_SURFACE('',(#8364),#8368,.T.);
#8370 = POLY_LOOP('',(#8335,#8334,#8348,#8347));
#8371 = FACE_OUTER_BOUND('',#8370,.T.);
#8372 = DIRECTION('',(0.000000,1.000000,0.000000));
#8373 = DIRECTION('',(0.000000,0.000000,1.000000));
#8374 = AXIS2_PLACEMENT_3D('',#8335,#8372,#8373);
#8375 = PLANE('',#8374);
#8376 = FACE_SURFACE('',(#8371),#8375,.T.);
#8377 = POLY_LOOP('',(#8334,#8337,#8345,#8348));
#8378 = FACE_OUTER_BOUND('',#8377,.T.);
#8379 = DIRECTION('',(-1.000000,-0.000000,0.000000));
#8380 = DIRECTION('',(0.000000,-0.000000,1.000000));
#8381 = AXIS2_PLACEMENT_3D('',#8334,#8379,#8380);
#8382 = PLANE('',#8381);
#8383 = FACE_SURFACE('',(#8378),#8382,.T.);
#8384 = CLOSED_SHELL('',(#8344,#8355,#8362,#8369,#8376,#8383));
#8385 = FACETED_BREP('carrier_R76',#8384);
#8386 = CARTESIAN_POINT('',(70.525000,108.405000,0.000000));
#8387 = CARTESIAN_POINT('',(73.475000,108.405000,0.000000));
#8388 = CARTESIAN_POINT('',(73.475000,106.955000,0.000000));
#8389 = CARTESIAN_POINT('',(70.525000,106.955000,0.000000));
#8390 = POLY_LOOP('',(#8386,#8387,#8388,#8389));
#8391 = FACE_OUTER_BOUND('',#8390,.T.);
#8392 = DIRECTION('',(0.000000,0.000000,-1.000000));
#8393 = DIRECTION('',(-0.000000,1.000000,0.000000));
#8394 = AXIS2_PLACEMENT_3D('',#8386,#8392,#8393);
#8395 = PLANE('',#8394);
#8396 = FACE_SURFACE('',(#8391),#8395,.T.);
#8397 = CARTESIAN_POINT('',(70.525000,106.955000,0.950000));
#8398 = CARTESIAN_POINT('',(73.475000,106.955000,0.950000));
#8399 = CARTESIAN_POINT('',(73.475000,108.405000,0.950000));
#8400 = CARTESIAN_POINT('',(70.525000,108.405000,0.950000));
#8401 = POLY_LOOP('',(#8397,#8398,#8399,#8400));
#8402 = FACE_OUTER_BOUND('',#8401,.T.);
#8403 = DIRECTION('',(0.000000,0.000000,1.000000));
#8404 = DIRECTION('',(0.000000,-1.000000,0.000000));
#8405 = AXIS2_PLACEMENT_3D('',#8397,#8403,#8404);
#8406 = PLANE('',#8405);
#8407 = FACE_SURFACE('',(#8402),#8406,.T.);
#8408 = POLY_LOOP('',(#8389,#8388,#8398,#8397));
#8409 = FACE_OUTER_BOUND('',#8408,.T.);
#8410 = DIRECTION('',(0.000000,-1.000000,0.000000));
#8411 = DIRECTION('',(0.000000,0.000000,-1.000000));
#8412 = AXIS2_PLACEMENT_3D('',#8389,#8410,#8411);
#8413 = PLANE('',#8412);
#8414 = FACE_SURFACE('',(#8409),#8413,.T.);
#8415 = POLY_LOOP('',(#8388,#8387,#8399,#8398));
#8416 = FACE_OUTER_BOUND('',#8415,.T.);
#8417 = DIRECTION('',(1.000000,-0.000000,0.000000));
#8418 = DIRECTION('',(0.000000,0.000000,-1.000000));
#8419 = AXIS2_PLACEMENT_3D('',#8388,#8417,#8418);
#8420 = PLANE('',#8419);
#8421 = FACE_SURFACE('',(#8416),#8420,.T.);
#8422 = POLY_LOOP('',(#8387,#8386,#8400,#8399));
#8423 = FACE_OUTER_BOUND('',#8422,.T.);
#8424 = DIRECTION('',(0.000000,1.000000,0.000000));
#8425 = DIRECTION('',(0.000000,0.000000,1.000000));
#8426 = AXIS2_PLACEMENT_3D('',#8387,#8424,#8425);
#8427 = PLANE('',#8426);
#8428 = FACE_SURFACE('',(#8423),#8427,.T.);
#8429 = POLY_LOOP('',(#8386,#8389,#8397,#8400));
#8430 = FACE_OUTER_BOUND('',#8429,.T.);
#8431 = DIRECTION('',(-1.000000,-0.000000,0.000000));
#8432 = DIRECTION('',(0.000000,-0.000000,1.000000));
#8433 = AXIS2_PLACEMENT_3D('',#8386,#8431,#8432);
#8434 = PLANE('',#8433);
#8435 = FACE_SURFACE('',(#8430),#8434,.T.);
#8436 = CLOSED_SHELL('',(#8396,#8407,#8414,#8421,#8428,#8435));
#8437 = FACETED_BREP('carrier_R77',#8436);
#8438 = CARTESIAN_POINT('',(70.525000,111.725000,0.000000));
#8439 = CARTESIAN_POINT('',(73.475000,111.725000,0.000000));
#8440 = CARTESIAN_POINT('',(73.475000,110.275000,0.000000));
#8441 = CARTESIAN_POINT('',(70.525000,110.275000,0.000000));
#8442 = POLY_LOOP('',(#8438,#8439,#8440,#8441));
#8443 = FACE_OUTER_BOUND('',#8442,.T.);
#8444 = DIRECTION('',(0.000000,0.000000,-1.000000));
#8445 = DIRECTION('',(-0.000000,1.000000,0.000000));
#8446 = AXIS2_PLACEMENT_3D('',#8438,#8444,#8445);
#8447 = PLANE('',#8446);
#8448 = FACE_SURFACE('',(#8443),#8447,.T.);
#8449 = CARTESIAN_POINT('',(70.525000,110.275000,0.950000));
#8450 = CARTESIAN_POINT('',(73.475000,110.275000,0.950000));
#8451 = CARTESIAN_POINT('',(73.475000,111.725000,0.950000));
#8452 = CARTESIAN_POINT('',(70.525000,111.725000,0.950000));
#8453 = POLY_LOOP('',(#8449,#8450,#8451,#8452));
#8454 = FACE_OUTER_BOUND('',#8453,.T.);
#8455 = DIRECTION('',(0.000000,0.000000,1.000000));
#8456 = DIRECTION('',(0.000000,-1.000000,0.000000));
#8457 = AXIS2_PLACEMENT_3D('',#8449,#8455,#8456);
#8458 = PLANE('',#8457);
#8459 = FACE_SURFACE('',(#8454),#8458,.T.);
#8460 = POLY_LOOP('',(#8441,#8440,#8450,#8449));
#8461 = FACE_OUTER_BOUND('',#8460,.T.);
#8462 = DIRECTION('',(0.000000,-1.000000,0.000000));
#8463 = DIRECTION('',(0.000000,0.000000,-1.000000));
#8464 = AXIS2_PLACEMENT_3D('',#8441,#8462,#8463);
#8465 = PLANE('',#8464);
#8466 = FACE_SURFACE('',(#8461),#8465,.T.);
#8467 = POLY_LOOP('',(#8440,#8439,#8451,#8450));
#8468 = FACE_OUTER_BOUND('',#8467,.T.);
#8469 = DIRECTION('',(1.000000,-0.000000,0.000000));
#8470 = DIRECTION('',(0.000000,0.000000,-1.000000));
#8471 = AXIS2_PLACEMENT_3D('',#8440,#8469,#8470);
#8472 = PLANE('',#8471);
#8473 = FACE_SURFACE('',(#8468),#8472,.T.);
#8474 = POLY_LOOP('',(#8439,#8438,#8452,#8451));
#8475 = FACE_OUTER_BOUND('',#8474,.T.);
#8476 = DIRECTION('',(0.000000,1.000000,0.000000));
#8477 = DIRECTION('',(0.000000,0.000000,1.000000));
#8478 = AXIS2_PLACEMENT_3D('',#8439,#8476,#8477);
#8479 = PLANE('',#8478);
#8480 = FACE_SURFACE('',(#8475),#8479,.T.);
#8481 = POLY_LOOP('',(#8438,#8441,#8449,#8452));
#8482 = FACE_OUTER_BOUND('',#8481,.T.);
#8483 = DIRECTION('',(-1.000000,-0.000000,0.000000));
#8484 = DIRECTION('',(0.000000,-0.000000,1.000000));
#8485 = AXIS2_PLACEMENT_3D('',#8438,#8483,#8484);
#8486 = PLANE('',#8485);
#8487 = FACE_SURFACE('',(#8482),#8486,.T.);
#8488 = CLOSED_SHELL('',(#8448,#8459,#8466,#8473,#8480,#8487));
#8489 = FACETED_BREP('carrier_R78',#8488);
#8490 = CARTESIAN_POINT('',(70.525000,114.725000,0.000000));
#8491 = CARTESIAN_POINT('',(73.475000,114.725000,0.000000));
#8492 = CARTESIAN_POINT('',(73.475000,113.275000,0.000000));
#8493 = CARTESIAN_POINT('',(70.525000,113.275000,0.000000));
#8494 = POLY_LOOP('',(#8490,#8491,#8492,#8493));
#8495 = FACE_OUTER_BOUND('',#8494,.T.);
#8496 = DIRECTION('',(0.000000,0.000000,-1.000000));
#8497 = DIRECTION('',(-0.000000,1.000000,0.000000));
#8498 = AXIS2_PLACEMENT_3D('',#8490,#8496,#8497);
#8499 = PLANE('',#8498);
#8500 = FACE_SURFACE('',(#8495),#8499,.T.);
#8501 = CARTESIAN_POINT('',(70.525000,113.275000,0.950000));
#8502 = CARTESIAN_POINT('',(73.475000,113.275000,0.950000));
#8503 = CARTESIAN_POINT('',(73.475000,114.725000,0.950000));
#8504 = CARTESIAN_POINT('',(70.525000,114.725000,0.950000));
#8505 = POLY_LOOP('',(#8501,#8502,#8503,#8504));
#8506 = FACE_OUTER_BOUND('',#8505,.T.);
#8507 = DIRECTION('',(0.000000,0.000000,1.000000));
#8508 = DIRECTION('',(0.000000,-1.000000,0.000000));
#8509 = AXIS2_PLACEMENT_3D('',#8501,#8507,#8508);
#8510 = PLANE('',#8509);
#8511 = FACE_SURFACE('',(#8506),#8510,.T.);
#8512 = POLY_LOOP('',(#8493,#8492,#8502,#8501));
#8513 = FACE_OUTER_BOUND('',#8512,.T.);
#8514 = DIRECTION('',(0.000000,-1.000000,0.000000));
#8515 = DIRECTION('',(0.000000,0.000000,-1.000000));
#8516 = AXIS2_PLACEMENT_3D('',#8493,#8514,#8515);
#8517 = PLANE('',#8516);
#8518 = FACE_SURFACE('',(#8513),#8517,.T.);
#8519 = POLY_LOOP('',(#8492,#8491,#8503,#8502));
#8520 = FACE_OUTER_BOUND('',#8519,.T.);
#8521 = DIRECTION('',(1.000000,-0.000000,0.000000));
#8522 = DIRECTION('',(0.000000,0.000000,-1.000000));
#8523 = AXIS2_PLACEMENT_3D('',#8492,#8521,#8522);
#8524 = PLANE('',#8523);
#8525 = FACE_SURFACE('',(#8520),#8524,.T.);
#8526 = POLY_LOOP('',(#8491,#8490,#8504,#8503));
#8527 = FACE_OUTER_BOUND('',#8526,.T.);
#8528 = DIRECTION('',(0.000000,1.000000,0.000000));
#8529 = DIRECTION('',(0.000000,0.000000,1.000000));
#8530 = AXIS2_PLACEMENT_3D('',#8491,#8528,#8529);
#8531 = PLANE('',#8530);
#8532 = FACE_SURFACE('',(#8527),#8531,.T.);
#8533 = POLY_LOOP('',(#8490,#8493,#8501,#8504));
#8534 = FACE_OUTER_BOUND('',#8533,.T.);
#8535 = DIRECTION('',(-1.000000,-0.000000,0.000000));
#8536 = DIRECTION('',(0.000000,-0.000000,1.000000));
#8537 = AXIS2_PLACEMENT_3D('',#8490,#8535,#8536);
#8538 = PLANE('',#8537);
#8539 = FACE_SURFACE('',(#8534),#8538,.T.);
#8540 = CLOSED_SHELL('',(#8500,#8511,#8518,#8525,#8532,#8539));
#8541 = FACETED_BREP('carrier_R79',#8540);
#8542 = CARTESIAN_POINT('',(54.525000,66.725000,0.000000));
#8543 = CARTESIAN_POINT('',(57.475000,66.725000,0.000000));
#8544 = CARTESIAN_POINT('',(57.475000,65.275000,0.000000));
#8545 = CARTESIAN_POINT('',(54.525000,65.275000,0.000000));
#8546 = POLY_LOOP('',(#8542,#8543,#8544,#8545));
#8547 = FACE_OUTER_BOUND('',#8546,.T.);
#8548 = DIRECTION('',(0.000000,0.000000,-1.000000));
#8549 = DIRECTION('',(-0.000000,1.000000,0.000000));
#8550 = AXIS2_PLACEMENT_3D('',#8542,#8548,#8549);
#8551 = PLANE('',#8550);
#8552 = FACE_SURFACE('',(#8547),#8551,.T.);
#8553 = CARTESIAN_POINT('',(54.525000,65.275000,0.950000));
#8554 = CARTESIAN_POINT('',(57.475000,65.275000,0.950000));
#8555 = CARTESIAN_POINT('',(57.475000,66.725000,0.950000));
#8556 = CARTESIAN_POINT('',(54.525000,66.725000,0.950000));
#8557 = POLY_LOOP('',(#8553,#8554,#8555,#8556));
#8558 = FACE_OUTER_BOUND('',#8557,.T.);
#8559 = DIRECTION('',(0.000000,0.000000,1.000000));
#8560 = DIRECTION('',(0.000000,-1.000000,0.000000));
#8561 = AXIS2_PLACEMENT_3D('',#8553,#8559,#8560);
#8562 = PLANE('',#8561);
#8563 = FACE_SURFACE('',(#8558),#8562,.T.);
#8564 = POLY_LOOP('',(#8545,#8544,#8554,#8553));
#8565 = FACE_OUTER_BOUND('',#8564,.T.);
#8566 = DIRECTION('',(0.000000,-1.000000,0.000000));
#8567 = DIRECTION('',(0.000000,0.000000,-1.000000));
#8568 = AXIS2_PLACEMENT_3D('',#8545,#8566,#8567);
#8569 = PLANE('',#8568);
#8570 = FACE_SURFACE('',(#8565),#8569,.T.);
#8571 = POLY_LOOP('',(#8544,#8543,#8555,#8554));
#8572 = FACE_OUTER_BOUND('',#8571,.T.);
#8573 = DIRECTION('',(1.000000,-0.000000,0.000000));
#8574 = DIRECTION('',(0.000000,0.000000,-1.000000));
#8575 = AXIS2_PLACEMENT_3D('',#8544,#8573,#8574);
#8576 = PLANE('',#8575);
#8577 = FACE_SURFACE('',(#8572),#8576,.T.);
#8578 = POLY_LOOP('',(#8543,#8542,#8556,#8555));
#8579 = FACE_OUTER_BOUND('',#8578,.T.);
#8580 = DIRECTION('',(0.000000,1.000000,0.000000));
#8581 = DIRECTION('',(0.000000,0.000000,1.000000));
#8582 = AXIS2_PLACEMENT_3D('',#8543,#8580,#8581);
#8583 = PLANE('',#8582);
#8584 = FACE_SURFACE('',(#8579),#8583,.T.);
#8585 = POLY_LOOP('',(#8542,#8545,#8553,#8556));
#8586 = FACE_OUTER_BOUND('',#8585,.T.);
#8587 = DIRECTION('',(-1.000000,-0.000000,0.000000));
#8588 = DIRECTION('',(0.000000,-0.000000,1.000000));
#8589 = AXIS2_PLACEMENT_3D('',#8542,#8587,#8588);
#8590 = PLANE('',#8589);
#8591 = FACE_SURFACE('',(#8586),#8590,.T.);
#8592 = CLOSED_SHELL('',(#8552,#8563,#8570,#8577,#8584,#8591));
#8593 = FACETED_BREP('carrier_R80',#8592);
#8594 = CARTESIAN_POINT('',(54.525000,70.725000,0.000000));
#8595 = CARTESIAN_POINT('',(57.475000,70.725000,0.000000));
#8596 = CARTESIAN_POINT('',(57.475000,69.275000,0.000000));
#8597 = CARTESIAN_POINT('',(54.525000,69.275000,0.000000));
#8598 = POLY_LOOP('',(#8594,#8595,#8596,#8597));
#8599 = FACE_OUTER_BOUND('',#8598,.T.);
#8600 = DIRECTION('',(0.000000,0.000000,-1.000000));
#8601 = DIRECTION('',(-0.000000,1.000000,0.000000));
#8602 = AXIS2_PLACEMENT_3D('',#8594,#8600,#8601);
#8603 = PLANE('',#8602);
#8604 = FACE_SURFACE('',(#8599),#8603,.T.);
#8605 = CARTESIAN_POINT('',(54.525000,69.275000,0.950000));
#8606 = CARTESIAN_POINT('',(57.475000,69.275000,0.950000));
#8607 = CARTESIAN_POINT('',(57.475000,70.725000,0.950000));
#8608 = CARTESIAN_POINT('',(54.525000,70.725000,0.950000));
#8609 = POLY_LOOP('',(#8605,#8606,#8607,#8608));
#8610 = FACE_OUTER_BOUND('',#8609,.T.);
#8611 = DIRECTION('',(0.000000,0.000000,1.000000));
#8612 = DIRECTION('',(0.000000,-1.000000,0.000000));
#8613 = AXIS2_PLACEMENT_3D('',#8605,#8611,#8612);
#8614 = PLANE('',#8613);
#8615 = FACE_SURFACE('',(#8610),#8614,.T.);
#8616 = POLY_LOOP('',(#8597,#8596,#8606,#8605));
#8617 = FACE_OUTER_BOUND('',#8616,.T.);
#8618 = DIRECTION('',(0.000000,-1.000000,0.000000));
#8619 = DIRECTION('',(0.000000,0.000000,-1.000000));
#8620 = AXIS2_PLACEMENT_3D('',#8597,#8618,#8619);
#8621 = PLANE('',#8620);
#8622 = FACE_SURFACE('',(#8617),#8621,.T.);
#8623 = POLY_LOOP('',(#8596,#8595,#8607,#8606));
#8624 = FACE_OUTER_BOUND('',#8623,.T.);
#8625 = DIRECTION('',(1.000000,-0.000000,0.000000));
#8626 = DIRECTION('',(0.000000,0.000000,-1.000000));
#8627 = AXIS2_PLACEMENT_3D('',#8596,#8625,#8626);
#8628 = PLANE('',#8627);
#8629 = FACE_SURFACE('',(#8624),#8628,.T.);
#8630 = POLY_LOOP('',(#8595,#8594,#8608,#8607));
#8631 = FACE_OUTER_BOUND('',#8630,.T.);
#8632 = DIRECTION('',(0.000000,1.000000,0.000000));
#8633 = DIRECTION('',(0.000000,0.000000,1.000000));
#8634 = AXIS2_PLACEMENT_3D('',#8595,#8632,#8633);
#8635 = PLANE('',#8634);
#8636 = FACE_SURFACE('',(#8631),#8635,.T.);
#8637 = POLY_LOOP('',(#8594,#8597,#8605,#8608));
#8638 = FACE_OUTER_BOUND('',#8637,.T.);
#8639 = DIRECTION('',(-1.000000,-0.000000,0.000000));
#8640 = DIRECTION('',(0.000000,-0.000000,1.000000));
#8641 = AXIS2_PLACEMENT_3D('',#8594,#8639,#8640);
#8642 = PLANE('',#8641);
#8643 = FACE_SURFACE('',(#8638),#8642,.T.);
#8644 = CLOSED_SHELL('',(#8604,#8615,#8622,#8629,#8636,#8643));
#8645 = FACETED_BREP('carrier_R81',#8644);
#8646 = CARTESIAN_POINT('',(54.525000,74.725000,0.000000));
#8647 = CARTESIAN_POINT('',(57.475000,74.725000,0.000000));
#8648 = CARTESIAN_POINT('',(57.475000,73.275000,0.000000));
#8649 = CARTESIAN_POINT('',(54.525000,73.275000,0.000000));
#8650 = POLY_LOOP('',(#8646,#8647,#8648,#8649));
#8651 = FACE_OUTER_BOUND('',#8650,.T.);
#8652 = DIRECTION('',(0.000000,0.000000,-1.000000));
#8653 = DIRECTION('',(-0.000000,1.000000,0.000000));
#8654 = AXIS2_PLACEMENT_3D('',#8646,#8652,#8653);
#8655 = PLANE('',#8654);
#8656 = FACE_SURFACE('',(#8651),#8655,.T.);
#8657 = CARTESIAN_POINT('',(54.525000,73.275000,0.950000));
#8658 = CARTESIAN_POINT('',(57.475000,73.275000,0.950000));
#8659 = CARTESIAN_POINT('',(57.475000,74.725000,0.950000));
#8660 = CARTESIAN_POINT('',(54.525000,74.725000,0.950000));
#8661 = POLY_LOOP('',(#8657,#8658,#8659,#8660));
#8662 = FACE_OUTER_BOUND('',#8661,.T.);
#8663 = DIRECTION('',(0.000000,0.000000,1.000000));
#8664 = DIRECTION('',(0.000000,-1.000000,0.000000));
#8665 = AXIS2_PLACEMENT_3D('',#8657,#8663,#8664);
#8666 = PLANE('',#8665);
#8667 = FACE_SURFACE('',(#8662),#8666,.T.);
#8668 = POLY_LOOP('',(#8649,#8648,#8658,#8657));
#8669 = FACE_OUTER_BOUND('',#8668,.T.);
#8670 = DIRECTION('',(0.000000,-1.000000,0.000000));
#8671 = DIRECTION('',(0.000000,0.000000,-1.000000));
#8672 = AXIS2_PLACEMENT_3D('',#8649,#8670,#8671);
#8673 = PLANE('',#8672);
#8674 = FACE_SURFACE('',(#8669),#8673,.T.);
#8675 = POLY_LOOP('',(#8648,#8647,#8659,#8658));
#8676 = FACE_OUTER_BOUND('',#8675,.T.);
#8677 = DIRECTION('',(1.000000,-0.000000,0.000000));
#8678 = DIRECTION('',(0.000000,0.000000,-1.000000));
#8679 = AXIS2_PLACEMENT_3D('',#8648,#8677,#8678);
#8680 = PLANE('',#8679);
#8681 = FACE_SURFACE('',(#8676),#8680,.T.);
#8682 = POLY_LOOP('',(#8647,#8646,#8660,#8659));
#8683 = FACE_OUTER_BOUND('',#8682,.T.);
#8684 = DIRECTION('',(0.000000,1.000000,0.000000));
#8685 = DIRECTION('',(0.000000,0.000000,1.000000));
#8686 = AXIS2_PLACEMENT_3D('',#8647,#8684,#8685);
#8687 = PLANE('',#8686);
#8688 = FACE_SURFACE('',(#8683),#8687,.T.);
#8689 = POLY_LOOP('',(#8646,#8649,#8657,#8660));
#8690 = FACE_OUTER_BOUND('',#8689,.T.);
#8691 = DIRECTION('',(-1.000000,-0.000000,0.000000));
#8692 = DIRECTION('',(0.000000,-0.000000,1.000000));
#8693 = AXIS2_PLACEMENT_3D('',#8646,#8691,#8692);
#8694 = PLANE('',#8693);
#8695 = FACE_SURFACE('',(#8690),#8694,.T.);
#8696 = CLOSED_SHELL('',(#8656,#8667,#8674,#8681,#8688,#8695));
#8697 = FACETED_BREP('carrier_R82',#8696);
#8698 = CARTESIAN_POINT('',(100.525000,118.725000,0.000000));
#8699 = CARTESIAN_POINT('',(103.475000,118.725000,0.000000));
#8700 = CARTESIAN_POINT('',(103.475000,117.275000,0.000000));
#8701 = CARTESIAN_POINT('',(100.525000,117.275000,0.000000));
#8702 = POLY_LOOP('',(#8698,#8699,#8700,#8701));
#8703 = FACE_OUTER_BOUND('',#8702,.T.);
#8704 = DIRECTION('',(0.000000,0.000000,-1.000000));
#8705 = DIRECTION('',(-0.000000,1.000000,0.000000));
#8706 = AXIS2_PLACEMENT_3D('',#8698,#8704,#8705);
#8707 = PLANE('',#8706);
#8708 = FACE_SURFACE('',(#8703),#8707,.T.);
#8709 = CARTESIAN_POINT('',(100.525000,117.275000,0.950000));
#8710 = CARTESIAN_POINT('',(103.475000,117.275000,0.950000));
#8711 = CARTESIAN_POINT('',(103.475000,118.725000,0.950000));
#8712 = CARTESIAN_POINT('',(100.525000,118.725000,0.950000));
#8713 = POLY_LOOP('',(#8709,#8710,#8711,#8712));
#8714 = FACE_OUTER_BOUND('',#8713,.T.);
#8715 = DIRECTION('',(0.000000,0.000000,1.000000));
#8716 = DIRECTION('',(0.000000,-1.000000,0.000000));
#8717 = AXIS2_PLACEMENT_3D('',#8709,#8715,#8716);
#8718 = PLANE('',#8717);
#8719 = FACE_SURFACE('',(#8714),#8718,.T.);
#8720 = POLY_LOOP('',(#8701,#8700,#8710,#8709));
#8721 = FACE_OUTER_BOUND('',#8720,.T.);
#8722 = DIRECTION('',(0.000000,-1.000000,0.000000));
#8723 = DIRECTION('',(0.000000,0.000000,-1.000000));
#8724 = AXIS2_PLACEMENT_3D('',#8701,#8722,#8723);
#8725 = PLANE('',#8724);
#8726 = FACE_SURFACE('',(#8721),#8725,.T.);
#8727 = POLY_LOOP('',(#8700,#8699,#8711,#8710));
#8728 = FACE_OUTER_BOUND('',#8727,.T.);
#8729 = DIRECTION('',(1.000000,-0.000000,0.000000));
#8730 = DIRECTION('',(0.000000,0.000000,-1.000000));
#8731 = AXIS2_PLACEMENT_3D('',#8700,#8729,#8730);
#8732 = PLANE('',#8731);
#8733 = FACE_SURFACE('',(#8728),#8732,.T.);
#8734 = POLY_LOOP('',(#8699,#8698,#8712,#8711));
#8735 = FACE_OUTER_BOUND('',#8734,.T.);
#8736 = DIRECTION('',(0.000000,1.000000,0.000000));
#8737 = DIRECTION('',(0.000000,0.000000,1.000000));
#8738 = AXIS2_PLACEMENT_3D('',#8699,#8736,#8737);
#8739 = PLANE('',#8738);
#8740 = FACE_SURFACE('',(#8735),#8739,.T.);
#8741 = POLY_LOOP('',(#8698,#8701,#8709,#8712));
#8742 = FACE_OUTER_BOUND('',#8741,.T.);
#8743 = DIRECTION('',(-1.000000,-0.000000,0.000000));
#8744 = DIRECTION('',(0.000000,-0.000000,1.000000));
#8745 = AXIS2_PLACEMENT_3D('',#8698,#8743,#8744);
#8746 = PLANE('',#8745);
#8747 = FACE_SURFACE('',(#8742),#8746,.T.);
#8748 = CLOSED_SHELL('',(#8708,#8719,#8726,#8733,#8740,#8747));
#8749 = FACETED_BREP('carrier_R83',#8748);
#8750 = CARTESIAN_POINT('',(143.525000,36.725000,0.000000));
#8751 = CARTESIAN_POINT('',(146.475000,36.725000,0.000000));
#8752 = CARTESIAN_POINT('',(146.475000,35.275000,0.000000));
#8753 = CARTESIAN_POINT('',(143.525000,35.275000,0.000000));
#8754 = POLY_LOOP('',(#8750,#8751,#8752,#8753));
#8755 = FACE_OUTER_BOUND('',#8754,.T.);
#8756 = DIRECTION('',(0.000000,0.000000,-1.000000));
#8757 = DIRECTION('',(-0.000000,1.000000,0.000000));
#8758 = AXIS2_PLACEMENT_3D('',#8750,#8756,#8757);
#8759 = PLANE('',#8758);
#8760 = FACE_SURFACE('',(#8755),#8759,.T.);
#8761 = CARTESIAN_POINT('',(143.525000,35.275000,0.950000));
#8762 = CARTESIAN_POINT('',(146.475000,35.275000,0.950000));
#8763 = CARTESIAN_POINT('',(146.475000,36.725000,0.950000));
#8764 = CARTESIAN_POINT('',(143.525000,36.725000,0.950000));
#8765 = POLY_LOOP('',(#8761,#8762,#8763,#8764));
#8766 = FACE_OUTER_BOUND('',#8765,.T.);
#8767 = DIRECTION('',(0.000000,0.000000,1.000000));
#8768 = DIRECTION('',(0.000000,-1.000000,0.000000));
#8769 = AXIS2_PLACEMENT_3D('',#8761,#8767,#8768);
#8770 = PLANE('',#8769);
#8771 = FACE_SURFACE('',(#8766),#8770,.T.);
#8772 = POLY_LOOP('',(#8753,#8752,#8762,#8761));
#8773 = FACE_OUTER_BOUND('',#8772,.T.);
#8774 = DIRECTION('',(0.000000,-1.000000,0.000000));
#8775 = DIRECTION('',(0.000000,0.000000,-1.000000));
#8776 = AXIS2_PLACEMENT_3D('',#8753,#8774,#8775);
#8777 = PLANE('',#8776);
#8778 = FACE_SURFACE('',(#8773),#8777,.T.);
#8779 = POLY_LOOP('',(#8752,#8751,#8763,#8762));
#8780 = FACE_OUTER_BOUND('',#8779,.T.);
#8781 = DIRECTION('',(1.000000,-0.000000,0.000000));
#8782 = DIRECTION('',(0.000000,0.000000,-1.000000));
#8783 = AXIS2_PLACEMENT_3D('',#8752,#8781,#8782);
#8784 = PLANE('',#8783);
#8785 = FACE_SURFACE('',(#8780),#8784,.T.);
#8786 = POLY_LOOP('',(#8751,#8750,#8764,#8763));
#8787 = FACE_OUTER_BOUND('',#8786,.T.);
#8788 = DIRECTION('',(0.000000,1.000000,0.000000));
#8789 = DIRECTION('',(0.000000,0.000000,1.000000));
#8790 = AXIS2_PLACEMENT_3D('',#8751,#8788,#8789);
#8791 = PLANE('',#8790);
#8792 = FACE_SURFACE('',(#8787),#8791,.T.);
#8793 = POLY_LOOP('',(#8750,#8753,#8761,#8764));
#8794 = FACE_OUTER_BOUND('',#8793,.T.);
#8795 = DIRECTION('',(-1.000000,-0.000000,0.000000));
#8796 = DIRECTION('',(0.000000,-0.000000,1.000000));
#8797 = AXIS2_PLACEMENT_3D('',#8750,#8795,#8796);
#8798 = PLANE('',#8797);
#8799 = FACE_SURFACE('',(#8794),#8798,.T.);
#8800 = CLOSED_SHELL('',(#8760,#8771,#8778,#8785,#8792,#8799));
#8801 = FACETED_BREP('carrier_R84',#8800);
#8802 = CARTESIAN_POINT('',(143.525000,32.725000,0.000000));
#8803 = CARTESIAN_POINT('',(146.475000,32.725000,0.000000));
#8804 = CARTESIAN_POINT('',(146.475000,31.275000,0.000000));
#8805 = CARTESIAN_POINT('',(143.525000,31.275000,0.000000));
#8806 = POLY_LOOP('',(#8802,#8803,#8804,#8805));
#8807 = FACE_OUTER_BOUND('',#8806,.T.);
#8808 = DIRECTION('',(0.000000,0.000000,-1.000000));
#8809 = DIRECTION('',(-0.000000,1.000000,0.000000));
#8810 = AXIS2_PLACEMENT_3D('',#8802,#8808,#8809);
#8811 = PLANE('',#8810);
#8812 = FACE_SURFACE('',(#8807),#8811,.T.);
#8813 = CARTESIAN_POINT('',(143.525000,31.275000,0.950000));
#8814 = CARTESIAN_POINT('',(146.475000,31.275000,0.950000));
#8815 = CARTESIAN_POINT('',(146.475000,32.725000,0.950000));
#8816 = CARTESIAN_POINT('',(143.525000,32.725000,0.950000));
#8817 = POLY_LOOP('',(#8813,#8814,#8815,#8816));
#8818 = FACE_OUTER_BOUND('',#8817,.T.);
#8819 = DIRECTION('',(0.000000,0.000000,1.000000));
#8820 = DIRECTION('',(0.000000,-1.000000,0.000000));
#8821 = AXIS2_PLACEMENT_3D('',#8813,#8819,#8820);
#8822 = PLANE('',#8821);
#8823 = FACE_SURFACE('',(#8818),#8822,.T.);
#8824 = POLY_LOOP('',(#8805,#8804,#8814,#8813));
#8825 = FACE_OUTER_BOUND('',#8824,.T.);
#8826 = DIRECTION('',(0.000000,-1.000000,0.000000));
#8827 = DIRECTION('',(0.000000,0.000000,-1.000000));
#8828 = AXIS2_PLACEMENT_3D('',#8805,#8826,#8827);
#8829 = PLANE('',#8828);
#8830 = FACE_SURFACE('',(#8825),#8829,.T.);
#8831 = POLY_LOOP('',(#8804,#8803,#8815,#8814));
#8832 = FACE_OUTER_BOUND('',#8831,.T.);
#8833 = DIRECTION('',(1.000000,-0.000000,0.000000));
#8834 = DIRECTION('',(0.000000,0.000000,-1.000000));
#8835 = AXIS2_PLACEMENT_3D('',#8804,#8833,#8834);
#8836 = PLANE('',#8835);
#8837 = FACE_SURFACE('',(#8832),#8836,.T.);
#8838 = POLY_LOOP('',(#8803,#8802,#8816,#8815));
#8839 = FACE_OUTER_BOUND('',#8838,.T.);
#8840 = DIRECTION('',(0.000000,1.000000,0.000000));
#8841 = DIRECTION('',(0.000000,0.000000,1.000000));
#8842 = AXIS2_PLACEMENT_3D('',#8803,#8840,#8841);
#8843 = PLANE('',#8842);
#8844 = FACE_SURFACE('',(#8839),#8843,.T.);
#8845 = POLY_LOOP('',(#8802,#8805,#8813,#8816));
#8846 = FACE_OUTER_BOUND('',#8845,.T.);
#8847 = DIRECTION('',(-1.000000,-0.000000,0.000000));
#8848 = DIRECTION('',(0.000000,-0.000000,1.000000));
#8849 = AXIS2_PLACEMENT_3D('',#8802,#8847,#8848);
#8850 = PLANE('',#8849);
#8851 = FACE_SURFACE('',(#8846),#8850,.T.);
#8852 = CLOSED_SHELL('',(#8812,#8823,#8830,#8837,#8844,#8851));
#8853 = FACETED_BREP('carrier_R85',#8852);
#8854 = CARTESIAN_POINT('',(143.525000,71.725000,0.000000));
#8855 = CARTESIAN_POINT('',(146.475000,71.725000,0.000000));
#8856 = CARTESIAN_POINT('',(146.475000,70.275000,0.000000));
#8857 = CARTESIAN_POINT('',(143.525000,70.275000,0.000000));
#8858 = POLY_LOOP('',(#8854,#8855,#8856,#8857));
#8859 = FACE_OUTER_BOUND('',#8858,.T.);
#8860 = DIRECTION('',(0.000000,0.000000,-1.000000));
#8861 = DIRECTION('',(-0.000000,1.000000,0.000000));
#8862 = AXIS2_PLACEMENT_3D('',#8854,#8860,#8861);
#8863 = PLANE('',#8862);
#8864 = FACE_SURFACE('',(#8859),#8863,.T.);
#8865 = CARTESIAN_POINT('',(143.525000,70.275000,0.950000));
#8866 = CARTESIAN_POINT('',(146.475000,70.275000,0.950000));
#8867 = CARTESIAN_POINT('',(146.475000,71.725000,0.950000));
#8868 = CARTESIAN_POINT('',(143.525000,71.725000,0.950000));
#8869 = POLY_LOOP('',(#8865,#8866,#8867,#8868));
#8870 = FACE_OUTER_BOUND('',#8869,.T.);
#8871 = DIRECTION('',(0.000000,0.000000,1.000000));
#8872 = DIRECTION('',(0.000000,-1.000000,0.000000));
#8873 = AXIS2_PLACEMENT_3D('',#8865,#8871,#8872);
#8874 = PLANE('',#8873);
#8875 = FACE_SURFACE('',(#8870),#8874,.T.);
#8876 = POLY_LOOP('',(#8857,#8856,#8866,#8865));
#8877 = FACE_OUTER_BOUND('',#8876,.T.);
#8878 = DIRECTION('',(0.000000,-1.000000,0.000000));
#8879 = DIRECTION('',(0.000000,0.000000,-1.000000));
#8880 = AXIS2_PLACEMENT_3D('',#8857,#8878,#8879);
#8881 = PLANE('',#8880);
#8882 = FACE_SURFACE('',(#8877),#8881,.T.);
#8883 = POLY_LOOP('',(#8856,#8855,#8867,#8866));
#8884 = FACE_OUTER_BOUND('',#8883,.T.);
#8885 = DIRECTION('',(1.000000,-0.000000,0.000000));
#8886 = DIRECTION('',(0.000000,0.000000,-1.000000));
#8887 = AXIS2_PLACEMENT_3D('',#8856,#8885,#8886);
#8888 = PLANE('',#8887);
#8889 = FACE_SURFACE('',(#8884),#8888,.T.);
#8890 = POLY_LOOP('',(#8855,#8854,#8868,#8867));
#8891 = FACE_OUTER_BOUND('',#8890,.T.);
#8892 = DIRECTION('',(0.000000,1.000000,0.000000));
#8893 = DIRECTION('',(0.000000,0.000000,1.000000));
#8894 = AXIS2_PLACEMENT_3D('',#8855,#8892,#8893);
#8895 = PLANE('',#8894);
#8896 = FACE_SURFACE('',(#8891),#8895,.T.);
#8897 = POLY_LOOP('',(#8854,#8857,#8865,#8868));
#8898 = FACE_OUTER_BOUND('',#8897,.T.);
#8899 = DIRECTION('',(-1.000000,-0.000000,0.000000));
#8900 = DIRECTION('',(0.000000,-0.000000,1.000000));
#8901 = AXIS2_PLACEMENT_3D('',#8854,#8899,#8900);
#8902 = PLANE('',#8901);
#8903 = FACE_SURFACE('',(#8898),#8902,.T.);
#8904 = CLOSED_SHELL('',(#8864,#8875,#8882,#8889,#8896,#8903));
#8905 = FACETED_BREP('carrier_R86',#8904);
#8906 = CARTESIAN_POINT('',(70.525000,117.725000,0.000000));
#8907 = CARTESIAN_POINT('',(73.475000,117.725000,0.000000));
#8908 = CARTESIAN_POINT('',(73.475000,116.275000,0.000000));
#8909 = CARTESIAN_POINT('',(70.525000,116.275000,0.000000));
#8910 = POLY_LOOP('',(#8906,#8907,#8908,#8909));
#8911 = FACE_OUTER_BOUND('',#8910,.T.);
#8912 = DIRECTION('',(0.000000,0.000000,-1.000000));
#8913 = DIRECTION('',(-0.000000,1.000000,0.000000));
#8914 = AXIS2_PLACEMENT_3D('',#8906,#8912,#8913);
#8915 = PLANE('',#8914);
#8916 = FACE_SURFACE('',(#8911),#8915,.T.);
#8917 = CARTESIAN_POINT('',(70.525000,116.275000,0.950000));
#8918 = CARTESIAN_POINT('',(73.475000,116.275000,0.950000));
#8919 = CARTESIAN_POINT('',(73.475000,117.725000,0.950000));
#8920 = CARTESIAN_POINT('',(70.525000,117.725000,0.950000));
#8921 = POLY_LOOP('',(#8917,#8918,#8919,#8920));
#8922 = FACE_OUTER_BOUND('',#8921,.T.);
#8923 = DIRECTION('',(0.000000,0.000000,1.000000));
#8924 = DIRECTION('',(0.000000,-1.000000,0.000000));
#8925 = AXIS2_PLACEMENT_3D('',#8917,#8923,#8924);
#8926 = PLANE('',#8925);
#8927 = FACE_SURFACE('',(#8922),#8926,.T.);
#8928 = POLY_LOOP('',(#8909,#8908,#8918,#8917));
#8929 = FACE_OUTER_BOUND('',#8928,.T.);
#8930 = DIRECTION('',(0.000000,-1.000000,0.000000));
#8931 = DIRECTION('',(0.000000,0.000000,-1.000000));
#8932 = AXIS2_PLACEMENT_3D('',#8909,#8930,#8931);
#8933 = PLANE('',#8932);
#8934 = FACE_SURFACE('',(#8929),#8933,.T.);
#8935 = POLY_LOOP('',(#8908,#8907,#8919,#8918));
#8936 = FACE_OUTER_BOUND('',#8935,.T.);
#8937 = DIRECTION('',(1.000000,-0.000000,0.000000));
#8938 = DIRECTION('',(0.000000,0.000000,-1.000000));
#8939 = AXIS2_PLACEMENT_3D('',#8908,#8937,#8938);
#8940 = PLANE('',#8939);
#8941 = FACE_SURFACE('',(#8936),#8940,.T.);
#8942 = POLY_LOOP('',(#8907,#8906,#8920,#8919));
#8943 = FACE_OUTER_BOUND('',#8942,.T.);
#8944 = DIRECTION('',(0.000000,1.000000,0.000000));
#8945 = DIRECTION('',(0.000000,0.000000,1.000000));
#8946 = AXIS2_PLACEMENT_3D('',#8907,#8944,#8945);
#8947 = PLANE('',#8946);
#8948 = FACE_SURFACE('',(#8943),#8947,.T.);
#8949 = POLY_LOOP('',(#8906,#8909,#8917,#8920));
#8950 = FACE_OUTER_BOUND('',#8949,.T.);
#8951 = DIRECTION('',(-1.000000,-0.000000,0.000000));
#8952 = DIRECTION('',(0.000000,-0.000000,1.000000));
#8953 = AXIS2_PLACEMENT_3D('',#8906,#8951,#8952);
#8954 = PLANE('',#8953);
#8955 = FACE_SURFACE('',(#8950),#8954,.T.);
#8956 = CLOSED_SHELL('',(#8916,#8927,#8934,#8941,#8948,#8955));
#8957 = FACETED_BREP('carrier_R87',#8956);
#8958 = CARTESIAN_POINT('',(70.525000,120.725000,0.000000));
#8959 = CARTESIAN_POINT('',(73.475000,120.725000,0.000000));
#8960 = CARTESIAN_POINT('',(73.475000,119.275000,0.000000));
#8961 = CARTESIAN_POINT('',(70.525000,119.275000,0.000000));
#8962 = POLY_LOOP('',(#8958,#8959,#8960,#8961));
#8963 = FACE_OUTER_BOUND('',#8962,.T.);
#8964 = DIRECTION('',(0.000000,0.000000,-1.000000));
#8965 = DIRECTION('',(-0.000000,1.000000,0.000000));
#8966 = AXIS2_PLACEMENT_3D('',#8958,#8964,#8965);
#8967 = PLANE('',#8966);
#8968 = FACE_SURFACE('',(#8963),#8967,.T.);
#8969 = CARTESIAN_POINT('',(70.525000,119.275000,0.950000));
#8970 = CARTESIAN_POINT('',(73.475000,119.275000,0.950000));
#8971 = CARTESIAN_POINT('',(73.475000,120.725000,0.950000));
#8972 = CARTESIAN_POINT('',(70.525000,120.725000,0.950000));
#8973 = POLY_LOOP('',(#8969,#8970,#8971,#8972));
#8974 = FACE_OUTER_BOUND('',#8973,.T.);
#8975 = DIRECTION('',(0.000000,0.000000,1.000000));
#8976 = DIRECTION('',(0.000000,-1.000000,0.000000));
#8977 = AXIS2_PLACEMENT_3D('',#8969,#8975,#8976);
#8978 = PLANE('',#8977);
#8979 = FACE_SURFACE('',(#8974),#8978,.T.);
#8980 = POLY_LOOP('',(#8961,#8960,#8970,#8969));
#8981 = FACE_OUTER_BOUND('',#8980,.T.);
#8982 = DIRECTION('',(0.000000,-1.000000,0.000000));
#8983 = DIRECTION('',(0.000000,0.000000,-1.000000));
#8984 = AXIS2_PLACEMENT_3D('',#8961,#8982,#8983);
#8985 = PLANE('',#8984);
#8986 = FACE_SURFACE('',(#8981),#8985,.T.);
#8987 = POLY_LOOP('',(#8960,#8959,#8971,#8970));
#8988 = FACE_OUTER_BOUND('',#8987,.T.);
#8989 = DIRECTION('',(1.000000,-0.000000,0.000000));
#8990 = DIRECTION('',(0.000000,0.000000,-1.000000));
#8991 = AXIS2_PLACEMENT_3D('',#8960,#8989,#8990);
#8992 = PLANE('',#8991);
#8993 = FACE_SURFACE('',(#8988),#8992,.T.);
#8994 = POLY_LOOP('',(#8959,#8958,#8972,#8971));
#8995 = FACE_OUTER_BOUND('',#8994,.T.);
#8996 = DIRECTION('',(0.000000,1.000000,0.000000));
#8997 = DIRECTION('',(0.000000,0.000000,1.000000));
#8998 = AXIS2_PLACEMENT_3D('',#8959,#8996,#8997);
#8999 = PLANE('',#8998);
#9000 = FACE_SURFACE('',(#8995),#8999,.T.);
#9001 = POLY_LOOP('',(#8958,#8961,#8969,#8972));
#9002 = FACE_OUTER_BOUND('',#9001,.T.);
#9003 = DIRECTION('',(-1.000000,-0.000000,0.000000));
#9004 = DIRECTION('',(0.000000,-0.000000,1.000000));
#9005 = AXIS2_PLACEMENT_3D('',#8958,#9003,#9004);
#9006 = PLANE('',#9005);
#9007 = FACE_SURFACE('',(#9002),#9006,.T.);
#9008 = CLOSED_SHELL('',(#8968,#8979,#8986,#8993,#9000,#9007));
#9009 = FACETED_BREP('carrier_R88',#9008);
#9010 = CARTESIAN_POINT('',(120.525000,114.725000,0.000000));
#9011 = CARTESIAN_POINT('',(123.475000,114.725000,0.000000));
#9012 = CARTESIAN_POINT('',(123.475000,113.275000,0.000000));
#9013 = CARTESIAN_POINT('',(120.525000,113.275000,0.000000));
#9014 = POLY_LOOP('',(#9010,#9011,#9012,#9013));
#9015 = FACE_OUTER_BOUND('',#9014,.T.);
#9016 = DIRECTION('',(0.000000,0.000000,-1.000000));
#9017 = DIRECTION('',(-0.000000,1.000000,0.000000));
#9018 = AXIS2_PLACEMENT_3D('',#9010,#9016,#9017);
#9019 = PLANE('',#9018);
#9020 = FACE_SURFACE('',(#9015),#9019,.T.);
#9021 = CARTESIAN_POINT('',(120.525000,113.275000,0.950000));
#9022 = CARTESIAN_POINT('',(123.475000,113.275000,0.950000));
#9023 = CARTESIAN_POINT('',(123.475000,114.725000,0.950000));
#9024 = CARTESIAN_POINT('',(120.525000,114.725000,0.950000));
#9025 = POLY_LOOP('',(#9021,#9022,#9023,#9024));
#9026 = FACE_OUTER_BOUND('',#9025,.T.);
#9027 = DIRECTION('',(0.000000,0.000000,1.000000));
#9028 = DIRECTION('',(0.000000,-1.000000,0.000000));
#9029 = AXIS2_PLACEMENT_3D('',#9021,#9027,#9028);
#9030 = PLANE('',#9029);
#9031 = FACE_SURFACE('',(#9026),#9030,.T.);
#9032 = POLY_LOOP('',(#9013,#9012,#9022,#9021));
#9033 = FACE_OUTER_BOUND('',#9032,.T.);
#9034 = DIRECTION('',(0.000000,-1.000000,0.000000));
#9035 = DIRECTION('',(0.000000,0.000000,-1.000000));
#9036 = AXIS2_PLACEMENT_3D('',#9013,#9034,#9035);
#9037 = PLANE('',#9036);
#9038 = FACE_SURFACE('',(#9033),#9037,.T.);
#9039 = POLY_LOOP('',(#9012,#9011,#9023,#9022));
#9040 = FACE_OUTER_BOUND('',#9039,.T.);
#9041 = DIRECTION('',(1.000000,-0.000000,0.000000));
#9042 = DIRECTION('',(0.000000,0.000000,-1.000000));
#9043 = AXIS2_PLACEMENT_3D('',#9012,#9041,#9042);
#9044 = PLANE('',#9043);
#9045 = FACE_SURFACE('',(#9040),#9044,.T.);
#9046 = POLY_LOOP('',(#9011,#9010,#9024,#9023));
#9047 = FACE_OUTER_BOUND('',#9046,.T.);
#9048 = DIRECTION('',(0.000000,1.000000,0.000000));
#9049 = DIRECTION('',(0.000000,0.000000,1.000000));
#9050 = AXIS2_PLACEMENT_3D('',#9011,#9048,#9049);
#9051 = PLANE('',#9050);
#9052 = FACE_SURFACE('',(#9047),#9051,.T.);
#9053 = POLY_LOOP('',(#9010,#9013,#9021,#9024));
#9054 = FACE_OUTER_BOUND('',#9053,.T.);
#9055 = DIRECTION('',(-1.000000,-0.000000,0.000000));
#9056 = DIRECTION('',(0.000000,-0.000000,1.000000));
#9057 = AXIS2_PLACEMENT_3D('',#9010,#9055,#9056);
#9058 = PLANE('',#9057);
#9059 = FACE_SURFACE('',(#9054),#9058,.T.);
#9060 = CLOSED_SHELL('',(#9020,#9031,#9038,#9045,#9052,#9059));
#9061 = FACETED_BREP('carrier_R89',#9060);
#9062 = CARTESIAN_POINT('',(54.525000,58.725000,0.000000));
#9063 = CARTESIAN_POINT('',(57.475000,58.725000,0.000000));
#9064 = CARTESIAN_POINT('',(57.475000,57.275000,0.000000));
#9065 = CARTESIAN_POINT('',(54.525000,57.275000,0.000000));
#9066 = POLY_LOOP('',(#9062,#9063,#9064,#9065));
#9067 = FACE_OUTER_BOUND('',#9066,.T.);
#9068 = DIRECTION('',(0.000000,0.000000,-1.000000));
#9069 = DIRECTION('',(-0.000000,1.000000,0.000000));
#9070 = AXIS2_PLACEMENT_3D('',#9062,#9068,#9069);
#9071 = PLANE('',#9070);
#9072 = FACE_SURFACE('',(#9067),#9071,.T.);
#9073 = CARTESIAN_POINT('',(54.525000,57.275000,0.950000));
#9074 = CARTESIAN_POINT('',(57.475000,57.275000,0.950000));
#9075 = CARTESIAN_POINT('',(57.475000,58.725000,0.950000));
#9076 = CARTESIAN_POINT('',(54.525000,58.725000,0.950000));
#9077 = POLY_LOOP('',(#9073,#9074,#9075,#9076));
#9078 = FACE_OUTER_BOUND('',#9077,.T.);
#9079 = DIRECTION('',(0.000000,0.000000,1.000000));
#9080 = DIRECTION('',(0.000000,-1.000000,0.000000));
#9081 = AXIS2_PLACEMENT_3D('',#9073,#9079,#9080);
#9082 = PLANE('',#9081);
#9083 = FACE_SURFACE('',(#9078),#9082,.T.);
#9084 = POLY_LOOP('',(#9065,#9064,#9074,#9073));
#9085 = FACE_OUTER_BOUND('',#9084,.T.);
#9086 = DIRECTION('',(0.000000,-1.000000,0.000000));
#9087 = DIRECTION('',(0.000000,0.000000,-1.000000));
#9088 = AXIS2_PLACEMENT_3D('',#9065,#9086,#9087);
#9089 = PLANE('',#9088);
#9090 = FACE_SURFACE('',(#9085),#9089,.T.);
#9091 = POLY_LOOP('',(#9064,#9063,#9075,#9074));
#9092 = FACE_OUTER_BOUND('',#9091,.T.);
#9093 = DIRECTION('',(1.000000,-0.000000,0.000000));
#9094 = DIRECTION('',(0.000000,0.000000,-1.000000));
#9095 = AXIS2_PLACEMENT_3D('',#9064,#9093,#9094);
#9096 = PLANE('',#9095);
#9097 = FACE_SURFACE('',(#9092),#9096,.T.);
#9098 = POLY_LOOP('',(#9063,#9062,#9076,#9075));
#9099 = FACE_OUTER_BOUND('',#9098,.T.);
#9100 = DIRECTION('',(0.000000,1.000000,0.000000));
#9101 = DIRECTION('',(0.000000,0.000000,1.000000));
#9102 = AXIS2_PLACEMENT_3D('',#9063,#9100,#9101);
#9103 = PLANE('',#9102);
#9104 = FACE_SURFACE('',(#9099),#9103,.T.);
#9105 = POLY_LOOP('',(#9062,#9065,#9073,#9076));
#9106 = FACE_OUTER_BOUND('',#9105,.T.);
#9107 = DIRECTION('',(-1.000000,-0.000000,0.000000));
#9108 = DIRECTION('',(0.000000,-0.000000,1.000000));
#9109 = AXIS2_PLACEMENT_3D('',#9062,#9107,#9108);
#9110 = PLANE('',#9109);
#9111 = FACE_SURFACE('',(#9106),#9110,.T.);
#9112 = CLOSED_SHELL('',(#9072,#9083,#9090,#9097,#9104,#9111));
#9113 = FACETED_BREP('carrier_R90',#9112);
#9114 = CARTESIAN_POINT('',(54.525000,62.725000,0.000000));
#9115 = CARTESIAN_POINT('',(57.475000,62.725000,0.000000));
#9116 = CARTESIAN_POINT('',(57.475000,61.275000,0.000000));
#9117 = CARTESIAN_POINT('',(54.525000,61.275000,0.000000));
#9118 = POLY_LOOP('',(#9114,#9115,#9116,#9117));
#9119 = FACE_OUTER_BOUND('',#9118,.T.);
#9120 = DIRECTION('',(0.000000,0.000000,-1.000000));
#9121 = DIRECTION('',(-0.000000,1.000000,0.000000));
#9122 = AXIS2_PLACEMENT_3D('',#9114,#9120,#9121);
#9123 = PLANE('',#9122);
#9124 = FACE_SURFACE('',(#9119),#9123,.T.);
#9125 = CARTESIAN_POINT('',(54.525000,61.275000,0.950000));
#9126 = CARTESIAN_POINT('',(57.475000,61.275000,0.950000));
#9127 = CARTESIAN_POINT('',(57.475000,62.725000,0.950000));
#9128 = CARTESIAN_POINT('',(54.525000,62.725000,0.950000));
#9129 = POLY_LOOP('',(#9125,#9126,#9127,#9128));
#9130 = FACE_OUTER_BOUND('',#9129,.T.);
#9131 = DIRECTION('',(0.000000,0.000000,1.000000));
#9132 = DIRECTION('',(0.000000,-1.000000,0.000000));
#9133 = AXIS2_PLACEMENT_3D('',#9125,#9131,#9132);
#9134 = PLANE('',#9133);
#9135 = FACE_SURFACE('',(#9130),#9134,.T.);
#9136 = POLY_LOOP('',(#9117,#9116,#9126,#9125));
#9137 = FACE_OUTER_BOUND('',#9136,.T.);
#9138 = DIRECTION('',(0.000000,-1.000000,0.000000));
#9139 = DIRECTION('',(0.000000,0.000000,-1.000000));
#9140 = AXIS2_PLACEMENT_3D('',#9117,#9138,#9139);
#9141 = PLANE('',#9140);
#9142 = FACE_SURFACE('',(#9137),#9141,.T.);
#9143 = POLY_LOOP('',(#9116,#9115,#9127,#9126));
#9144 = FACE_OUTER_BOUND('',#9143,.T.);
#9145 = DIRECTION('',(1.000000,-0.000000,0.000000));
#9146 = DIRECTION('',(0.000000,0.000000,-1.000000));
#9147 = AXIS2_PLACEMENT_3D('',#9116,#9145,#9146);
#9148 = PLANE('',#9147);
#9149 = FACE_SURFACE('',(#9144),#9148,.T.);
#9150 = POLY_LOOP('',(#9115,#9114,#9128,#9127));
#9151 = FACE_OUTER_BOUND('',#9150,.T.);
#9152 = DIRECTION('',(0.000000,1.000000,0.000000));
#9153 = DIRECTION('',(0.000000,0.000000,1.000000));
#9154 = AXIS2_PLACEMENT_3D('',#9115,#9152,#9153);
#9155 = PLANE('',#9154);
#9156 = FACE_SURFACE('',(#9151),#9155,.T.);
#9157 = POLY_LOOP('',(#9114,#9117,#9125,#9128));
#9158 = FACE_OUTER_BOUND('',#9157,.T.);
#9159 = DIRECTION('',(-1.000000,-0.000000,0.000000));
#9160 = DIRECTION('',(0.000000,-0.000000,1.000000));
#9161 = AXIS2_PLACEMENT_3D('',#9114,#9159,#9160);
#9162 = PLANE('',#9161);
#9163 = FACE_SURFACE('',(#9158),#9162,.T.);
#9164 = CLOSED_SHELL('',(#9124,#9135,#9142,#9149,#9156,#9163));
#9165 = FACETED_BREP('carrier_R91',#9164);
#9166 = CARTESIAN_POINT('',(49.775000,30.475000,0.000000));
#9167 = CARTESIAN_POINT('',(51.225000,30.475000,0.000000));
#9168 = CARTESIAN_POINT('',(51.225000,27.525000,0.000000));
#9169 = CARTESIAN_POINT('',(49.775000,27.525000,0.000000));
#9170 = POLY_LOOP('',(#9166,#9167,#9168,#9169));
#9171 = FACE_OUTER_BOUND('',#9170,.T.);
#9172 = DIRECTION('',(0.000000,0.000000,-1.000000));
#9173 = DIRECTION('',(-0.000000,1.000000,0.000000));
#9174 = AXIS2_PLACEMENT_3D('',#9166,#9172,#9173);
#9175 = PLANE('',#9174);
#9176 = FACE_SURFACE('',(#9171),#9175,.T.);
#9177 = CARTESIAN_POINT('',(49.775000,27.525000,0.950000));
#9178 = CARTESIAN_POINT('',(51.225000,27.525000,0.950000));
#9179 = CARTESIAN_POINT('',(51.225000,30.475000,0.950000));
#9180 = CARTESIAN_POINT('',(49.775000,30.475000,0.950000));
#9181 = POLY_LOOP('',(#9177,#9178,#9179,#9180));
#9182 = FACE_OUTER_BOUND('',#9181,.T.);
#9183 = DIRECTION('',(0.000000,0.000000,1.000000));
#9184 = DIRECTION('',(0.000000,-1.000000,0.000000));
#9185 = AXIS2_PLACEMENT_3D('',#9177,#9183,#9184);
#9186 = PLANE('',#9185);
#9187 = FACE_SURFACE('',(#9182),#9186,.T.);
#9188 = POLY_LOOP('',(#9169,#9168,#9178,#9177));
#9189 = FACE_OUTER_BOUND('',#9188,.T.);
#9190 = DIRECTION('',(0.000000,-1.000000,0.000000));
#9191 = DIRECTION('',(0.000000,0.000000,-1.000000));
#9192 = AXIS2_PLACEMENT_3D('',#9169,#9190,#9191);
#9193 = PLANE('',#9192);
#9194 = FACE_SURFACE('',(#9189),#9193,.T.);
#9195 = POLY_LOOP('',(#9168,#9167,#9179,#9178));
#9196 = FACE_OUTER_BOUND('',#9195,.T.);
#9197 = DIRECTION('',(1.000000,-0.000000,0.000000));
#9198 = DIRECTION('',(0.000000,0.000000,-1.000000));
#9199 = AXIS2_PLACEMENT_3D('',#9168,#9197,#9198);
#9200 = PLANE('',#9199);
#9201 = FACE_SURFACE('',(#9196),#9200,.T.);
#9202 = POLY_LOOP('',(#9167,#9166,#9180,#9179));
#9203 = FACE_OUTER_BOUND('',#9202,.T.);
#9204 = DIRECTION('',(0.000000,1.000000,0.000000));
#9205 = DIRECTION('',(0.000000,0.000000,1.000000));
#9206 = AXIS2_PLACEMENT_3D('',#9167,#9204,#9205);
#9207 = PLANE('',#9206);
#9208 = FACE_SURFACE('',(#9203),#9207,.T.);
#9209 = POLY_LOOP('',(#9166,#9169,#9177,#9180));
#9210 = FACE_OUTER_BOUND('',#9209,.T.);
#9211 = DIRECTION('',(-1.000000,-0.000000,0.000000));
#9212 = DIRECTION('',(0.000000,-0.000000,1.000000));
#9213 = AXIS2_PLACEMENT_3D('',#9166,#9211,#9212);
#9214 = PLANE('',#9213);
#9215 = FACE_SURFACE('',(#9210),#9214,.T.);
#9216 = CLOSED_SHELL('',(#9176,#9187,#9194,#9201,#9208,#9215));
#9217 = FACETED_BREP('carrier_R92',#9216);
#9218 = CARTESIAN_POINT('',(51.775000,32.975000,0.000000));
#9219 = CARTESIAN_POINT('',(53.225000,32.975000,0.000000));
#9220 = CARTESIAN_POINT('',(53.225000,30.025000,0.000000));
#9221 = CARTESIAN_POINT('',(51.775000,30.025000,0.000000));
#9222 = POLY_LOOP('',(#9218,#9219,#9220,#9221));
#9223 = FACE_OUTER_BOUND('',#9222,.T.);
#9224 = DIRECTION('',(0.000000,0.000000,-1.000000));
#9225 = DIRECTION('',(-0.000000,1.000000,0.000000));
#9226 = AXIS2_PLACEMENT_3D('',#9218,#9224,#9225);
#9227 = PLANE('',#9226);
#9228 = FACE_SURFACE('',(#9223),#9227,.T.);
#9229 = CARTESIAN_POINT('',(51.775000,30.025000,0.950000));
#9230 = CARTESIAN_POINT('',(53.225000,30.025000,0.950000));
#9231 = CARTESIAN_POINT('',(53.225000,32.975000,0.950000));
#9232 = CARTESIAN_POINT('',(51.775000,32.975000,0.950000));
#9233 = POLY_LOOP('',(#9229,#9230,#9231,#9232));
#9234 = FACE_OUTER_BOUND('',#9233,.T.);
#9235 = DIRECTION('',(0.000000,0.000000,1.000000));
#9236 = DIRECTION('',(0.000000,-1.000000,0.000000));
#9237 = AXIS2_PLACEMENT_3D('',#9229,#9235,#9236);
#9238 = PLANE('',#9237);
#9239 = FACE_SURFACE('',(#9234),#9238,.T.);
#9240 = POLY_LOOP('',(#9221,#9220,#9230,#9229));
#9241 = FACE_OUTER_BOUND('',#9240,.T.);
#9242 = DIRECTION('',(0.000000,-1.000000,0.000000));
#9243 = DIRECTION('',(0.000000,0.000000,-1.000000));
#9244 = AXIS2_PLACEMENT_3D('',#9221,#9242,#9243);
#9245 = PLANE('',#9244);
#9246 = FACE_SURFACE('',(#9241),#9245,.T.);
#9247 = POLY_LOOP('',(#9220,#9219,#9231,#9230));
#9248 = FACE_OUTER_BOUND('',#9247,.T.);
#9249 = DIRECTION('',(1.000000,-0.000000,0.000000));
#9250 = DIRECTION('',(0.000000,0.000000,-1.000000));
#9251 = AXIS2_PLACEMENT_3D('',#9220,#9249,#9250);
#9252 = PLANE('',#9251);
#9253 = FACE_SURFACE('',(#9248),#9252,.T.);
#9254 = POLY_LOOP('',(#9219,#9218,#9232,#9231));
#9255 = FACE_OUTER_BOUND('',#9254,.T.);
#9256 = DIRECTION('',(0.000000,1.000000,0.000000));
#9257 = DIRECTION('',(0.000000,0.000000,1.000000));
#9258 = AXIS2_PLACEMENT_3D('',#9219,#9256,#9257);
#9259 = PLANE('',#9258);
#9260 = FACE_SURFACE('',(#9255),#9259,.T.);
#9261 = POLY_LOOP('',(#9218,#9221,#9229,#9232));
#9262 = FACE_OUTER_BOUND('',#9261,.T.);
#9263 = DIRECTION('',(-1.000000,-0.000000,0.000000));
#9264 = DIRECTION('',(0.000000,-0.000000,1.000000));
#9265 = AXIS2_PLACEMENT_3D('',#9218,#9263,#9264);
#9266 = PLANE('',#9265);
#9267 = FACE_SURFACE('',(#9262),#9266,.T.);
#9268 = CLOSED_SHELL('',(#9228,#9239,#9246,#9253,#9260,#9267));
#9269 = FACETED_BREP('carrier_R93',#9268);
#9270 = CARTESIAN_POINT('',(110.525000,20.725000,0.000000));
#9271 = CARTESIAN_POINT('',(113.475000,20.725000,0.000000));
#9272 = CARTESIAN_POINT('',(113.475000,19.275000,0.000000));
#9273 = CARTESIAN_POINT('',(110.525000,19.275000,0.000000));
#9274 = POLY_LOOP('',(#9270,#9271,#9272,#9273));
#9275 = FACE_OUTER_BOUND('',#9274,.T.);
#9276 = DIRECTION('',(0.000000,0.000000,-1.000000));
#9277 = DIRECTION('',(-0.000000,1.000000,0.000000));
#9278 = AXIS2_PLACEMENT_3D('',#9270,#9276,#9277);
#9279 = PLANE('',#9278);
#9280 = FACE_SURFACE('',(#9275),#9279,.T.);
#9281 = CARTESIAN_POINT('',(110.525000,19.275000,0.950000));
#9282 = CARTESIAN_POINT('',(113.475000,19.275000,0.950000));
#9283 = CARTESIAN_POINT('',(113.475000,20.725000,0.950000));
#9284 = CARTESIAN_POINT('',(110.525000,20.725000,0.950000));
#9285 = POLY_LOOP('',(#9281,#9282,#9283,#9284));
#9286 = FACE_OUTER_BOUND('',#9285,.T.);
#9287 = DIRECTION('',(0.000000,0.000000,1.000000));
#9288 = DIRECTION('',(0.000000,-1.000000,0.000000));
#9289 = AXIS2_PLACEMENT_3D('',#9281,#9287,#9288);
#9290 = PLANE('',#9289);
#9291 = FACE_SURFACE('',(#9286),#9290,.T.);
#9292 = POLY_LOOP('',(#9273,#9272,#9282,#9281));
#9293 = FACE_OUTER_BOUND('',#9292,.T.);
#9294 = DIRECTION('',(0.000000,-1.000000,0.000000));
#9295 = DIRECTION('',(0.000000,0.000000,-1.000000));
#9296 = AXIS2_PLACEMENT_3D('',#9273,#9294,#9295);
#9297 = PLANE('',#9296);
#9298 = FACE_SURFACE('',(#9293),#9297,.T.);
#9299 = POLY_LOOP('',(#9272,#9271,#9283,#9282));
#9300 = FACE_OUTER_BOUND('',#9299,.T.);
#9301 = DIRECTION('',(1.000000,-0.000000,0.000000));
#9302 = DIRECTION('',(0.000000,0.000000,-1.000000));
#9303 = AXIS2_PLACEMENT_3D('',#9272,#9301,#9302);
#9304 = PLANE('',#9303);
#9305 = FACE_SURFACE('',(#9300),#9304,.T.);
#9306 = POLY_LOOP('',(#9271,#9270,#9284,#9283));
#9307 = FACE_OUTER_BOUND('',#9306,.T.);
#9308 = DIRECTION('',(0.000000,1.000000,0.000000));
#9309 = DIRECTION('',(0.000000,0.000000,1.000000));
#9310 = AXIS2_PLACEMENT_3D('',#9271,#9308,#9309);
#9311 = PLANE('',#9310);
#9312 = FACE_SURFACE('',(#9307),#9311,.T.);
#9313 = POLY_LOOP('',(#9270,#9273,#9281,#9284));
#9314 = FACE_OUTER_BOUND('',#9313,.T.);
#9315 = DIRECTION('',(-1.000000,-0.000000,0.000000));
#9316 = DIRECTION('',(0.000000,-0.000000,1.000000));
#9317 = AXIS2_PLACEMENT_3D('',#9270,#9315,#9316);
#9318 = PLANE('',#9317);
#9319 = FACE_SURFACE('',(#9314),#9318,.T.);
#9320 = CLOSED_SHELL('',(#9280,#9291,#9298,#9305,#9312,#9319));
#9321 = FACETED_BREP('carrier_R94',#9320);
#9322 = CARTESIAN_POINT('',(110.525000,24.725000,0.000000));
#9323 = CARTESIAN_POINT('',(113.475000,24.725000,0.000000));
#9324 = CARTESIAN_POINT('',(113.475000,23.275000,0.000000));
#9325 = CARTESIAN_POINT('',(110.525000,23.275000,0.000000));
#9326 = POLY_LOOP('',(#9322,#9323,#9324,#9325));
#9327 = FACE_OUTER_BOUND('',#9326,.T.);
#9328 = DIRECTION('',(0.000000,0.000000,-1.000000));
#9329 = DIRECTION('',(-0.000000,1.000000,0.000000));
#9330 = AXIS2_PLACEMENT_3D('',#9322,#9328,#9329);
#9331 = PLANE('',#9330);
#9332 = FACE_SURFACE('',(#9327),#9331,.T.);
#9333 = CARTESIAN_POINT('',(110.525000,23.275000,0.950000));
#9334 = CARTESIAN_POINT('',(113.475000,23.275000,0.950000));
#9335 = CARTESIAN_POINT('',(113.475000,24.725000,0.950000));
#9336 = CARTESIAN_POINT('',(110.525000,24.725000,0.950000));
#9337 = POLY_LOOP('',(#9333,#9334,#9335,#9336));
#9338 = FACE_OUTER_BOUND('',#9337,.T.);
#9339 = DIRECTION('',(0.000000,0.000000,1.000000));
#9340 = DIRECTION('',(0.000000,-1.000000,0.000000));
#9341 = AXIS2_PLACEMENT_3D('',#9333,#9339,#9340);
#9342 = PLANE('',#9341);
#9343 = FACE_SURFACE('',(#9338),#9342,.T.);
#9344 = POLY_LOOP('',(#9325,#9324,#9334,#9333));
#9345 = FACE_OUTER_BOUND('',#9344,.T.);
#9346 = DIRECTION('',(0.000000,-1.000000,0.000000));
#9347 = DIRECTION('',(0.000000,0.000000,-1.000000));
#9348 = AXIS2_PLACEMENT_3D('',#9325,#9346,#9347);
#9349 = PLANE('',#9348);
#9350 = FACE_SURFACE('',(#9345),#9349,.T.);
#9351 = POLY_LOOP('',(#9324,#9323,#9335,#9334));
#9352 = FACE_OUTER_BOUND('',#9351,.T.);
#9353 = DIRECTION('',(1.000000,-0.000000,0.000000));
#9354 = DIRECTION('',(0.000000,0.000000,-1.000000));
#9355 = AXIS2_PLACEMENT_3D('',#9324,#9353,#9354);
#9356 = PLANE('',#9355);
#9357 = FACE_SURFACE('',(#9352),#9356,.T.);
#9358 = POLY_LOOP('',(#9323,#9322,#9336,#9335));
#9359 = FACE_OUTER_BOUND('',#9358,.T.);
#9360 = DIRECTION('',(0.000000,1.000000,0.000000));
#9361 = DIRECTION('',(0.000000,0.000000,1.000000));
#9362 = AXIS2_PLACEMENT_3D('',#9323,#9360,#9361);
#9363 = PLANE('',#9362);
#9364 = FACE_SURFACE('',(#9359),#9363,.T.);
#9365 = POLY_LOOP('',(#9322,#9325,#9333,#9336));
#9366 = FACE_OUTER_BOUND('',#9365,.T.);
#9367 = DIRECTION('',(-1.000000,-0.000000,0.000000));
#9368 = DIRECTION('',(0.000000,-0.000000,1.000000));
#9369 = AXIS2_PLACEMENT_3D('',#9322,#9367,#9368);
#9370 = PLANE('',#9369);
#9371 = FACE_SURFACE('',(#9366),#9370,.T.);
#9372 = CLOSED_SHELL('',(#9332,#9343,#9350,#9357,#9364,#9371));
#9373 = FACETED_BREP('carrier_R95',#9372);
#9374 = CARTESIAN_POINT('',(97.400000,79.600000,0.000000));
#9375 = CARTESIAN_POINT('',(106.600000,79.600000,0.000000));
#9376 = CARTESIAN_POINT('',(106.600000,72.400000,0.000000));
#9377 = CARTESIAN_POINT('',(97.400000,72.400000,0.000000));
#9378 = POLY_LOOP('',(#9374,#9375,#9376,#9377));
#9379 = FACE_OUTER_BOUND('',#9378,.T.);
#9380 = DIRECTION('',(0.000000,0.000000,-1.000000));
#9381 = DIRECTION('',(-0.000000,1.000000,0.000000));
#9382 = AXIS2_PLACEMENT_3D('',#9374,#9380,#9381);
#9383 = PLANE('',#9382);
#9384 = FACE_SURFACE('',(#9379),#9383,.T.);
#9385 = CARTESIAN_POINT('',(97.400000,72.400000,7.300000));
#9386 = CARTESIAN_POINT('',(106.600000,72.400000,7.300000));
#9387 = CARTESIAN_POINT('',(106.600000,79.600000,7.300000));
#9388 = CARTESIAN_POINT('',(97.400000,79.600000,7.300000));
#9389 = POLY_LOOP('',(#9385,#9386,#9387,#9388));
#9390 = FACE_OUTER_BOUND('',#9389,.T.);
#9391 = DIRECTION('',(0.000000,0.000000,1.000000));
#9392 = DIRECTION('',(0.000000,-1.000000,0.000000));
#9393 = AXIS2_PLACEMENT_3D('',#9385,#9391,#9392);
#9394 = PLANE('',#9393);
#9395 = FACE_SURFACE('',(#9390),#9394,.T.);
#9396 = POLY_LOOP('',(#9377,#9376,#9386,#9385));
#9397 = FACE_OUTER_BOUND('',#9396,.T.);
#9398 = DIRECTION('',(0.000000,-1.000000,0.000000));
#9399 = DIRECTION('',(0.000000,0.000000,-1.000000));
#9400 = AXIS2_PLACEMENT_3D('',#9377,#9398,#9399);
#9401 = PLANE('',#9400);
#9402 = FACE_SURFACE('',(#9397),#9401,.T.);
#9403 = POLY_LOOP('',(#9376,#9375,#9387,#9386));
#9404 = FACE_OUTER_BOUND('',#9403,.T.);
#9405 = DIRECTION('',(1.000000,-0.000000,0.000000));
#9406 = DIRECTION('',(0.000000,0.000000,-1.000000));
#9407 = AXIS2_PLACEMENT_3D('',#9376,#9405,#9406);
#9408 = PLANE('',#9407);
#9409 = FACE_SURFACE('',(#9404),#9408,.T.);
#9410 = POLY_LOOP('',(#9375,#9374,#9388,#9387));
#9411 = FACE_OUTER_BOUND('',#9410,.T.);
#9412 = DIRECTION('',(0.000000,1.000000,0.000000));
#9413 = DIRECTION('',(0.000000,0.000000,1.000000));
#9414 = AXIS2_PLACEMENT_3D('',#9375,#9412,#9413);
#9415 = PLANE('',#9414);
#9416 = FACE_SURFACE('',(#9411),#9415,.T.);
#9417 = POLY_LOOP('',(#9374,#9377,#9385,#9388));
#9418 = FACE_OUTER_BOUND('',#9417,.T.);
#9419 = DIRECTION('',(-1.000000,-0.000000,0.000000));
#9420 = DIRECTION('',(0.000000,-0.000000,1.000000));
#9421 = AXIS2_PLACEMENT_3D('',#9374,#9419,#9420);
#9422 = PLANE('',#9421);
#9423 = FACE_SURFACE('',(#9418),#9422,.T.);
#9424 = CLOSED_SHELL('',(#9384,#9395,#9402,#9409,#9416,#9423));
#9425 = FACETED_BREP('carrier_SW1',#9424);
#9426 = CARTESIAN_POINT('',(97.400000,93.600000,0.000000));
#9427 = CARTESIAN_POINT('',(106.600000,93.600000,0.000000));
#9428 = CARTESIAN_POINT('',(106.600000,86.400000,0.000000));
#9429 = CARTESIAN_POINT('',(97.400000,86.400000,0.000000));
#9430 = POLY_LOOP('',(#9426,#9427,#9428,#9429));
#9431 = FACE_OUTER_BOUND('',#9430,.T.);
#9432 = DIRECTION('',(0.000000,0.000000,-1.000000));
#9433 = DIRECTION('',(-0.000000,1.000000,0.000000));
#9434 = AXIS2_PLACEMENT_3D('',#9426,#9432,#9433);
#9435 = PLANE('',#9434);
#9436 = FACE_SURFACE('',(#9431),#9435,.T.);
#9437 = CARTESIAN_POINT('',(97.400000,86.400000,7.300000));
#9438 = CARTESIAN_POINT('',(106.600000,86.400000,7.300000));
#9439 = CARTESIAN_POINT('',(106.600000,93.600000,7.300000));
#9440 = CARTESIAN_POINT('',(97.400000,93.600000,7.300000));
#9441 = POLY_LOOP('',(#9437,#9438,#9439,#9440));
#9442 = FACE_OUTER_BOUND('',#9441,.T.);
#9443 = DIRECTION('',(0.000000,0.000000,1.000000));
#9444 = DIRECTION('',(0.000000,-1.000000,0.000000));
#9445 = AXIS2_PLACEMENT_3D('',#9437,#9443,#9444);
#9446 = PLANE('',#9445);
#9447 = FACE_SURFACE('',(#9442),#9446,.T.);
#9448 = POLY_LOOP('',(#9429,#9428,#9438,#9437));
#9449 = FACE_OUTER_BOUND('',#9448,.T.);
#9450 = DIRECTION('',(0.000000,-1.000000,0.000000));
#9451 = DIRECTION('',(0.000000,0.000000,-1.000000));
#9452 = AXIS2_PLACEMENT_3D('',#9429,#9450,#9451);
#9453 = PLANE('',#9452);
#9454 = FACE_SURFACE('',(#9449),#9453,.T.);
#9455 = POLY_LOOP('',(#9428,#9427,#9439,#9438));
#9456 = FACE_OUTER_BOUND('',#9455,.T.);
#9457 = DIRECTION('',(1.000000,-0.000000,0.000000));
#9458 = DIRECTION('',(0.000000,0.000000,-1.000000));
#9459 = AXIS2_PLACEMENT_3D('',#9428,#9457,#9458);
#9460 = PLANE('',#9459);
#9461 = FACE_SURFACE('',(#9456),#9460,.T.);
#9462 = POLY_LOOP('',(#9427,#9426,#9440,#9439));
#9463 = FACE_OUTER_BOUND('',#9462,.T.);
#9464 = DIRECTION('',(0.000000,1.000000,0.000000));
#9465 = DIRECTION('',(0.000000,0.000000,1.000000));
#9466 = AXIS2_PLACEMENT_3D('',#9427,#9464,#9465);
#9467 = PLANE('',#9466);
#9468 = FACE_SURFACE('',(#9463),#9467,.T.);
#9469 = POLY_LOOP('',(#9426,#9429,#9437,#9440));
#9470 = FACE_OUTER_BOUND('',#9469,.T.);
#9471 = DIRECTION('',(-1.000000,-0.000000,0.000000));
#9472 = DIRECTION('',(0.000000,-0.000000,1.000000));
#9473 = AXIS2_PLACEMENT_3D('',#9426,#9471,#9472);
#9474 = PLANE('',#9473);
#9475 = FACE_SURFACE('',(#9470),#9474,.T.);
#9476 = CLOSED_SHELL('',(#9436,#9447,#9454,#9461,#9468,#9475));
#9477 = FACETED_BREP('carrier_SW2',#9476);
#9478 = CARTESIAN_POINT('',(97.400000,107.600000,0.000000));
#9479 = CARTESIAN_POINT('',(106.600000,107.600000,0.000000));
#9480 = CARTESIAN_POINT('',(106.600000,100.400000,0.000000));
#9481 = CARTESIAN_POINT('',(97.400000,100.400000,0.000000));
#9482 = POLY_LOOP('',(#9478,#9479,#9480,#9481));
#9483 = FACE_OUTER_BOUND('',#9482,.T.);
#9484 = DIRECTION('',(0.000000,0.000000,-1.000000));
#9485 = DIRECTION('',(-0.000000,1.000000,0.000000));
#9486 = AXIS2_PLACEMENT_3D('',#9478,#9484,#9485);
#9487 = PLANE('',#9486);
#9488 = FACE_SURFACE('',(#9483),#9487,.T.);
#9489 = CARTESIAN_POINT('',(97.400000,100.400000,7.300000));
#9490 = CARTESIAN_POINT('',(106.600000,100.400000,7.300000));
#9491 = CARTESIAN_POINT('',(106.600000,107.600000,7.300000));
#9492 = CARTESIAN_POINT('',(97.400000,107.600000,7.300000));
#9493 = POLY_LOOP('',(#9489,#9490,#9491,#9492));
#9494 = FACE_OUTER_BOUND('',#9493,.T.);
#9495 = DIRECTION('',(0.000000,0.000000,1.000000));
#9496 = DIRECTION('',(0.000000,-1.000000,0.000000));
#9497 = AXIS2_PLACEMENT_3D('',#9489,#9495,#9496);
#9498 = PLANE('',#9497);
#9499 = FACE_SURFACE('',(#9494),#9498,.T.);
#9500 = POLY_LOOP('',(#9481,#9480,#9490,#9489));
#9501 = FACE_OUTER_BOUND('',#9500,.T.);
#9502 = DIRECTION('',(0.000000,-1.000000,0.000000));
#9503 = DIRECTION('',(0.000000,0.000000,-1.000000));
#9504 = AXIS2_PLACEMENT_3D('',#9481,#9502,#9503);
#9505 = PLANE('',#9504);
#9506 = FACE_SURFACE('',(#9501),#9505,.T.);
#9507 = POLY_LOOP('',(#9480,#9479,#9491,#9490));
#9508 = FACE_OUTER_BOUND('',#9507,.T.);
#9509 = DIRECTION('',(1.000000,-0.000000,0.000000));
#9510 = DIRECTION('',(0.000000,0.000000,-1.000000));
#9511 = AXIS2_PLACEMENT_3D('',#9480,#9509,#9510);
#9512 = PLANE('',#9511);
#9513 = FACE_SURFACE('',(#9508),#9512,.T.);
#9514 = POLY_LOOP('',(#9479,#9478,#9492,#9491));
#9515 = FACE_OUTER_BOUND('',#9514,.T.);
#9516 = DIRECTION('',(0.000000,1.000000,0.000000));
#9517 = DIRECTION('',(0.000000,0.000000,1.000000));
#9518 = AXIS2_PLACEMENT_3D('',#9479,#9516,#9517);
#9519 = PLANE('',#9518);
#9520 = FACE_SURFACE('',(#9515),#9519,.T.);
#9521 = POLY_LOOP('',(#9478,#9481,#9489,#9492));
#9522 = FACE_OUTER_BOUND('',#9521,.T.);
#9523 = DIRECTION('',(-1.000000,-0.000000,0.000000));
#9524 = DIRECTION('',(0.000000,-0.000000,1.000000));
#9525 = AXIS2_PLACEMENT_3D('',#9478,#9523,#9524);
#9526 = PLANE('',#9525);
#9527 = FACE_SURFACE('',(#9522),#9526,.T.);
#9528 = CLOSED_SHELL('',(#9488,#9499,#9506,#9513,#9520,#9527));
#9529 = FACETED_BREP('carrier_SW3',#9528);
#9530 = CARTESIAN_POINT('',(43.150000,83.750000,0.000000));
#9531 = CARTESIAN_POINT('',(50.850000,83.750000,0.000000));
#9532 = CARTESIAN_POINT('',(50.850000,78.250000,0.000000));
#9533 = CARTESIAN_POINT('',(43.150000,78.250000,0.000000));
#9534 = POLY_LOOP('',(#9530,#9531,#9532,#9533));
#9535 = FACE_OUTER_BOUND('',#9534,.T.);
#9536 = DIRECTION('',(0.000000,0.000000,-1.000000));
#9537 = DIRECTION('',(-0.000000,1.000000,0.000000));
#9538 = AXIS2_PLACEMENT_3D('',#9530,#9536,#9537);
#9539 = PLANE('',#9538);
#9540 = FACE_SURFACE('',(#9535),#9539,.T.);
#9541 = CARTESIAN_POINT('',(43.150000,78.250000,1.200000));
#9542 = CARTESIAN_POINT('',(50.850000,78.250000,1.200000));
#9543 = CARTESIAN_POINT('',(50.850000,83.750000,1.200000));
#9544 = CARTESIAN_POINT('',(43.150000,83.750000,1.200000));
#9545 = POLY_LOOP('',(#9541,#9542,#9543,#9544));
#9546 = FACE_OUTER_BOUND('',#9545,.T.);
#9547 = DIRECTION('',(0.000000,0.000000,1.000000));
#9548 = DIRECTION('',(0.000000,-1.000000,0.000000));
#9549 = AXIS2_PLACEMENT_3D('',#9541,#9547,#9548);
#9550 = PLANE('',#9549);
#9551 = FACE_SURFACE('',(#9546),#9550,.T.);
#9552 = POLY_LOOP('',(#9533,#9532,#9542,#9541));
#9553 = FACE_OUTER_BOUND('',#9552,.T.);
#9554 = DIRECTION('',(0.000000,-1.000000,0.000000));
#9555 = DIRECTION('',(0.000000,0.000000,-1.000000));
#9556 = AXIS2_PLACEMENT_3D('',#9533,#9554,#9555);
#9557 = PLANE('',#9556);
#9558 = FACE_SURFACE('',(#9553),#9557,.T.);
#9559 = POLY_LOOP('',(#9532,#9531,#9543,#9542));
#9560 = FACE_OUTER_BOUND('',#9559,.T.);
#9561 = DIRECTION('',(1.000000,-0.000000,0.000000));
#9562 = DIRECTION('',(0.000000,0.000000,-1.000000));
#9563 = AXIS2_PLACEMENT_3D('',#9532,#9561,#9562);
#9564 = PLANE('',#9563);
#9565 = FACE_SURFACE('',(#9560),#9564,.T.);
#9566 = POLY_LOOP('',(#9531,#9530,#9544,#9543));
#9567 = FACE_OUTER_BOUND('',#9566,.T.);
#9568 = DIRECTION('',(0.000000,1.000000,0.000000));
#9569 = DIRECTION('',(0.000000,0.000000,1.000000));
#9570 = AXIS2_PLACEMENT_3D('',#9531,#9568,#9569);
#9571 = PLANE('',#9570);
#9572 = FACE_SURFACE('',(#9567),#9571,.T.);
#9573 = POLY_LOOP('',(#9530,#9533,#9541,#9544));
#9574 = FACE_OUTER_BOUND('',#9573,.T.);
#9575 = DIRECTION('',(-1.000000,-0.000000,0.000000));
#9576 = DIRECTION('',(0.000000,-0.000000,1.000000));
#9577 = AXIS2_PLACEMENT_3D('',#9530,#9575,#9576);
#9578 = PLANE('',#9577);
#9579 = FACE_SURFACE('',(#9574),#9578,.T.);
#9580 = CLOSED_SHELL('',(#9540,#9551,#9558,#9565,#9572,#9579));
#9581 = FACETED_BREP('carrier_U1',#9580);
#9582 = CARTESIAN_POINT('',(43.150000,95.750000,0.000000));
#9583 = CARTESIAN_POINT('',(50.850000,95.750000,0.000000));
#9584 = CARTESIAN_POINT('',(50.850000,90.250000,0.000000));
#9585 = CARTESIAN_POINT('',(43.150000,90.250000,0.000000));
#9586 = POLY_LOOP('',(#9582,#9583,#9584,#9585));
#9587 = FACE_OUTER_BOUND('',#9586,.T.);
#9588 = DIRECTION('',(0.000000,0.000000,-1.000000));
#9589 = DIRECTION('',(-0.000000,1.000000,0.000000));
#9590 = AXIS2_PLACEMENT_3D('',#9582,#9588,#9589);
#9591 = PLANE('',#9590);
#9592 = FACE_SURFACE('',(#9587),#9591,.T.);
#9593 = CARTESIAN_POINT('',(43.150000,90.250000,1.200000));
#9594 = CARTESIAN_POINT('',(50.850000,90.250000,1.200000));
#9595 = CARTESIAN_POINT('',(50.850000,95.750000,1.200000));
#9596 = CARTESIAN_POINT('',(43.150000,95.750000,1.200000));
#9597 = POLY_LOOP('',(#9593,#9594,#9595,#9596));
#9598 = FACE_OUTER_BOUND('',#9597,.T.);
#9599 = DIRECTION('',(0.000000,0.000000,1.000000));
#9600 = DIRECTION('',(0.000000,-1.000000,0.000000));
#9601 = AXIS2_PLACEMENT_3D('',#9593,#9599,#9600);
#9602 = PLANE('',#9601);
#9603 = FACE_SURFACE('',(#9598),#9602,.T.);
#9604 = POLY_LOOP('',(#9585,#9584,#9594,#9593));
#9605 = FACE_OUTER_BOUND('',#9604,.T.);
#9606 = DIRECTION('',(0.000000,-1.000000,0.000000));
#9607 = DIRECTION('',(0.000000,0.000000,-1.000000));
#9608 = AXIS2_PLACEMENT_3D('',#9585,#9606,#9607);
#9609 = PLANE('',#9608);
#9610 = FACE_SURFACE('',(#9605),#9609,.T.);
#9611 = POLY_LOOP('',(#9584,#9583,#9595,#9594));
#9612 = FACE_OUTER_BOUND('',#9611,.T.);
#9613 = DIRECTION('',(1.000000,-0.000000,0.000000));
#9614 = DIRECTION('',(0.000000,0.000000,-1.000000));
#9615 = AXIS2_PLACEMENT_3D('',#9584,#9613,#9614);
#9616 = PLANE('',#9615);
#9617 = FACE_SURFACE('',(#9612),#9616,.T.);
#9618 = POLY_LOOP('',(#9583,#9582,#9596,#9595));
#9619 = FACE_OUTER_BOUND('',#9618,.T.);
#9620 = DIRECTION('',(0.000000,1.000000,0.000000));
#9621 = DIRECTION('',(0.000000,0.000000,1.000000));
#9622 = AXIS2_PLACEMENT_3D('',#9583,#9620,#9621);
#9623 = PLANE('',#9622);
#9624 = FACE_SURFACE('',(#9619),#9623,.T.);
#9625 = POLY_LOOP('',(#9582,#9585,#9593,#9596));
#9626 = FACE_OUTER_BOUND('',#9625,.T.);
#9627 = DIRECTION('',(-1.000000,-0.000000,0.000000));
#9628 = DIRECTION('',(0.000000,-0.000000,1.000000));
#9629 = AXIS2_PLACEMENT_3D('',#9582,#9627,#9628);
#9630 = PLANE('',#9629);
#9631 = FACE_SURFACE('',(#9626),#9630,.T.);
#9632 = CLOSED_SHELL('',(#9592,#9603,#9610,#9617,#9624,#9631));
#9633 = FACETED_BREP('carrier_U2',#9632);
#9634 = CARTESIAN_POINT('',(43.150000,107.750000,0.000000));
#9635 = CARTESIAN_POINT('',(50.850000,107.750000,0.000000));
#9636 = CARTESIAN_POINT('',(50.850000,102.250000,0.000000));
#9637 = CARTESIAN_POINT('',(43.150000,102.250000,0.000000));
#9638 = POLY_LOOP('',(#9634,#9635,#9636,#9637));
#9639 = FACE_OUTER_BOUND('',#9638,.T.);
#9640 = DIRECTION('',(0.000000,0.000000,-1.000000));
#9641 = DIRECTION('',(-0.000000,1.000000,0.000000));
#9642 = AXIS2_PLACEMENT_3D('',#9634,#9640,#9641);
#9643 = PLANE('',#9642);
#9644 = FACE_SURFACE('',(#9639),#9643,.T.);
#9645 = CARTESIAN_POINT('',(43.150000,102.250000,1.200000));
#9646 = CARTESIAN_POINT('',(50.850000,102.250000,1.200000));
#9647 = CARTESIAN_POINT('',(50.850000,107.750000,1.200000));
#9648 = CARTESIAN_POINT('',(43.150000,107.750000,1.200000));
#9649 = POLY_LOOP('',(#9645,#9646,#9647,#9648));
#9650 = FACE_OUTER_BOUND('',#9649,.T.);
#9651 = DIRECTION('',(0.000000,0.000000,1.000000));
#9652 = DIRECTION('',(0.000000,-1.000000,0.000000));
#9653 = AXIS2_PLACEMENT_3D('',#9645,#9651,#9652);
#9654 = PLANE('',#9653);
#9655 = FACE_SURFACE('',(#9650),#9654,.T.);
#9656 = POLY_LOOP('',(#9637,#9636,#9646,#9645));
#9657 = FACE_OUTER_BOUND('',#9656,.T.);
#9658 = DIRECTION('',(0.000000,-1.000000,0.000000));
#9659 = DIRECTION('',(0.000000,0.000000,-1.000000));
#9660 = AXIS2_PLACEMENT_3D('',#9637,#9658,#9659);
#9661 = PLANE('',#9660);
#9662 = FACE_SURFACE('',(#9657),#9661,.T.);
#9663 = POLY_LOOP('',(#9636,#9635,#9647,#9646));
#9664 = FACE_OUTER_BOUND('',#9663,.T.);
#9665 = DIRECTION('',(1.000000,-0.000000,0.000000));
#9666 = DIRECTION('',(0.000000,0.000000,-1.000000));
#9667 = AXIS2_PLACEMENT_3D('',#9636,#9665,#9666);
#9668 = PLANE('',#9667);
#9669 = FACE_SURFACE('',(#9664),#9668,.T.);
#9670 = POLY_LOOP('',(#9635,#9634,#9648,#9647));
#9671 = FACE_OUTER_BOUND('',#9670,.T.);
#9672 = DIRECTION('',(0.000000,1.000000,0.000000));
#9673 = DIRECTION('',(0.000000,0.000000,1.000000));
#9674 = AXIS2_PLACEMENT_3D('',#9635,#9672,#9673);
#9675 = PLANE('',#9674);
#9676 = FACE_SURFACE('',(#9671),#9675,.T.);
#9677 = POLY_LOOP('',(#9634,#9637,#9645,#9648));
#9678 = FACE_OUTER_BOUND('',#9677,.T.);
#9679 = DIRECTION('',(-1.000000,-0.000000,0.000000));
#9680 = DIRECTION('',(0.000000,-0.000000,1.000000));
#9681 = AXIS2_PLACEMENT_3D('',#9634,#9679,#9680);
#9682 = PLANE('',#9681);
#9683 = FACE_SURFACE('',(#9678),#9682,.T.);
#9684 = CLOSED_SHELL('',(#9644,#9655,#9662,#9669,#9676,#9683));
#9685 = FACETED_BREP('carrier_U3',#9684);
#9686 = CARTESIAN_POINT('',(54.100000,86.800000,0.000000));
#9687 = CARTESIAN_POINT('',(57.900000,86.800000,0.000000));
#9688 = CARTESIAN_POINT('',(57.900000,83.200000,0.000000));
#9689 = CARTESIAN_POINT('',(54.100000,83.200000,0.000000));
#9690 = POLY_LOOP('',(#9686,#9687,#9688,#9689));
#9691 = FACE_OUTER_BOUND('',#9690,.T.);
#9692 = DIRECTION('',(0.000000,0.000000,-1.000000));
#9693 = DIRECTION('',(-0.000000,1.000000,0.000000));
#9694 = AXIS2_PLACEMENT_3D('',#9686,#9692,#9693);
#9695 = PLANE('',#9694);
#9696 = FACE_SURFACE('',(#9691),#9695,.T.);
#9697 = CARTESIAN_POINT('',(54.100000,83.200000,1.450000));
#9698 = CARTESIAN_POINT('',(57.900000,83.200000,1.450000));
#9699 = CARTESIAN_POINT('',(57.900000,86.800000,1.450000));
#9700 = CARTESIAN_POINT('',(54.100000,86.800000,1.450000));
#9701 = POLY_LOOP('',(#9697,#9698,#9699,#9700));
#9702 = FACE_OUTER_BOUND('',#9701,.T.);
#9703 = DIRECTION('',(0.000000,0.000000,1.000000));
#9704 = DIRECTION('',(0.000000,-1.000000,0.000000));
#9705 = AXIS2_PLACEMENT_3D('',#9697,#9703,#9704);
#9706 = PLANE('',#9705);
#9707 = FACE_SURFACE('',(#9702),#9706,.T.);
#9708 = POLY_LOOP('',(#9689,#9688,#9698,#9697));
#9709 = FACE_OUTER_BOUND('',#9708,.T.);
#9710 = DIRECTION('',(0.000000,-1.000000,0.000000));
#9711 = DIRECTION('',(0.000000,0.000000,-1.000000));
#9712 = AXIS2_PLACEMENT_3D('',#9689,#9710,#9711);
#9713 = PLANE('',#9712);
#9714 = FACE_SURFACE('',(#9709),#9713,.T.);
#9715 = POLY_LOOP('',(#9688,#9687,#9699,#9698));
#9716 = FACE_OUTER_BOUND('',#9715,.T.);
#9717 = DIRECTION('',(1.000000,-0.000000,0.000000));
#9718 = DIRECTION('',(0.000000,0.000000,-1.000000));
#9719 = AXIS2_PLACEMENT_3D('',#9688,#9717,#9718);
#9720 = PLANE('',#9719);
#9721 = FACE_SURFACE('',(#9716),#9720,.T.);
#9722 = POLY_LOOP('',(#9687,#9686,#9700,#9699));
#9723 = FACE_OUTER_BOUND('',#9722,.T.);
#9724 = DIRECTION('',(0.000000,1.000000,0.000000));
#9725 = DIRECTION('',(0.000000,0.000000,1.000000));
#9726 = AXIS2_PLACEMENT_3D('',#9687,#9724,#9725);
#9727 = PLANE('',#9726);
#9728 = FACE_SURFACE('',(#9723),#9727,.T.);
#9729 = POLY_LOOP('',(#9686,#9689,#9697,#9700));
#9730 = FACE_OUTER_BOUND('',#9729,.T.);
#9731 = DIRECTION('',(-1.000000,-0.000000,0.000000));
#9732 = DIRECTION('',(0.000000,-0.000000,1.000000));
#9733 = AXIS2_PLACEMENT_3D('',#9686,#9731,#9732);
#9734 = PLANE('',#9733);
#9735 = FACE_SURFACE('',(#9730),#9734,.T.);
#9736 = CLOSED_SHELL('',(#9696,#9707,#9714,#9721,#9728,#9735));
#9737 = FACETED_BREP('carrier_U7',#9736);
#9738 = PRODUCT('EEG-CAR-01_RevC_board','EEG-CAR-01_RevC_board','',(#12));
#9739 = PRODUCT_DEFINITION_FORMATION('','',#9738);
#9740 = PRODUCT_DEFINITION('design','',#9739,#13);
#9741 = PRODUCT_DEFINITION_SHAPE('','',#9740);
#9742 = ADVANCED_BREP_SHAPE_REPRESENTATION('EEG-CAR-01_RevC_board',(#4,#65),#9);
#9743 = SHAPE_DEFINITION_REPRESENTATION(#9741,#9742);
#9744 = PRODUCT('carrier_C1','carrier_C1','',(#12));
#9745 = PRODUCT_DEFINITION_FORMATION('','',#9744);
#9746 = PRODUCT_DEFINITION('design','',#9745,#13);
#9747 = PRODUCT_DEFINITION_SHAPE('','',#9746);
#9748 = ADVANCED_BREP_SHAPE_REPRESENTATION('carrier_C1',(#4,#117),#9);
#9749 = SHAPE_DEFINITION_REPRESENTATION(#9747,#9748);
#9750 = PRODUCT('carrier_C2','carrier_C2','',(#12));
#9751 = PRODUCT_DEFINITION_FORMATION('','',#9750);
#9752 = PRODUCT_DEFINITION('design','',#9751,#13);
#9753 = PRODUCT_DEFINITION_SHAPE('','',#9752);
#9754 = ADVANCED_BREP_SHAPE_REPRESENTATION('carrier_C2',(#4,#169),#9);
#9755 = SHAPE_DEFINITION_REPRESENTATION(#9753,#9754);
#9756 = PRODUCT('carrier_C3','carrier_C3','',(#12));
#9757 = PRODUCT_DEFINITION_FORMATION('','',#9756);
#9758 = PRODUCT_DEFINITION('design','',#9757,#13);
#9759 = PRODUCT_DEFINITION_SHAPE('','',#9758);
#9760 = ADVANCED_BREP_SHAPE_REPRESENTATION('carrier_C3',(#4,#221),#9);
#9761 = SHAPE_DEFINITION_REPRESENTATION(#9759,#9760);
#9762 = PRODUCT('carrier_C4','carrier_C4','',(#12));
#9763 = PRODUCT_DEFINITION_FORMATION('','',#9762);
#9764 = PRODUCT_DEFINITION('design','',#9763,#13);
#9765 = PRODUCT_DEFINITION_SHAPE('','',#9764);
#9766 = ADVANCED_BREP_SHAPE_REPRESENTATION('carrier_C4',(#4,#273),#9);
#9767 = SHAPE_DEFINITION_REPRESENTATION(#9765,#9766);
#9768 = PRODUCT('carrier_C5','carrier_C5','',(#12));
#9769 = PRODUCT_DEFINITION_FORMATION('','',#9768);
#9770 = PRODUCT_DEFINITION('design','',#9769,#13);
#9771 = PRODUCT_DEFINITION_SHAPE('','',#9770);
#9772 = ADVANCED_BREP_SHAPE_REPRESENTATION('carrier_C5',(#4,#325),#9);
#9773 = SHAPE_DEFINITION_REPRESENTATION(#9771,#9772);
#9774 = PRODUCT('carrier_C6','carrier_C6','',(#12));
#9775 = PRODUCT_DEFINITION_FORMATION('','',#9774);
#9776 = PRODUCT_DEFINITION('design','',#9775,#13);
#9777 = PRODUCT_DEFINITION_SHAPE('','',#9776);
#9778 = ADVANCED_BREP_SHAPE_REPRESENTATION('carrier_C6',(#4,#377),#9);
#9779 = SHAPE_DEFINITION_REPRESENTATION(#9777,#9778);
#9780 = PRODUCT('carrier_C7','carrier_C7','',(#12));
#9781 = PRODUCT_DEFINITION_FORMATION('','',#9780);
#9782 = PRODUCT_DEFINITION('design','',#9781,#13);
#9783 = PRODUCT_DEFINITION_SHAPE('','',#9782);
#9784 = ADVANCED_BREP_SHAPE_REPRESENTATION('carrier_C7',(#4,#429),#9);
#9785 = SHAPE_DEFINITION_REPRESENTATION(#9783,#9784);
#9786 = PRODUCT('carrier_C8','carrier_C8','',(#12));
#9787 = PRODUCT_DEFINITION_FORMATION('','',#9786);
#9788 = PRODUCT_DEFINITION('design','',#9787,#13);
#9789 = PRODUCT_DEFINITION_SHAPE('','',#9788);
#9790 = ADVANCED_BREP_SHAPE_REPRESENTATION('carrier_C8',(#4,#481),#9);
#9791 = SHAPE_DEFINITION_REPRESENTATION(#9789,#9790);
#9792 = PRODUCT('carrier_C9','carrier_C9','',(#12));
#9793 = PRODUCT_DEFINITION_FORMATION('','',#9792);
#9794 = PRODUCT_DEFINITION('design','',#9793,#13);
#9795 = PRODUCT_DEFINITION_SHAPE('','',#9794);
#9796 = ADVANCED_BREP_SHAPE_REPRESENTATION('carrier_C9',(#4,#533),#9);
#9797 = SHAPE_DEFINITION_REPRESENTATION(#9795,#9796);
#9798 = PRODUCT('carrier_C10','carrier_C10','',(#12));
#9799 = PRODUCT_DEFINITION_FORMATION('','',#9798);
#9800 = PRODUCT_DEFINITION('design','',#9799,#13);
#9801 = PRODUCT_DEFINITION_SHAPE('','',#9800);
#9802 = ADVANCED_BREP_SHAPE_REPRESENTATION('carrier_C10',(#4,#585),#9);
#9803 = SHAPE_DEFINITION_REPRESENTATION(#9801,#9802);
#9804 = PRODUCT('carrier_C11','carrier_C11','',(#12));
#9805 = PRODUCT_DEFINITION_FORMATION('','',#9804);
#9806 = PRODUCT_DEFINITION('design','',#9805,#13);
#9807 = PRODUCT_DEFINITION_SHAPE('','',#9806);
#9808 = ADVANCED_BREP_SHAPE_REPRESENTATION('carrier_C11',(#4,#637),#9);
#9809 = SHAPE_DEFINITION_REPRESENTATION(#9807,#9808);
#9810 = PRODUCT('carrier_C12','carrier_C12','',(#12));
#9811 = PRODUCT_DEFINITION_FORMATION('','',#9810);
#9812 = PRODUCT_DEFINITION('design','',#9811,#13);
#9813 = PRODUCT_DEFINITION_SHAPE('','',#9812);
#9814 = ADVANCED_BREP_SHAPE_REPRESENTATION('carrier_C12',(#4,#689),#9);
#9815 = SHAPE_DEFINITION_REPRESENTATION(#9813,#9814);
#9816 = PRODUCT('carrier_C13','carrier_C13','',(#12));
#9817 = PRODUCT_DEFINITION_FORMATION('','',#9816);
#9818 = PRODUCT_DEFINITION('design','',#9817,#13);
#9819 = PRODUCT_DEFINITION_SHAPE('','',#9818);
#9820 = ADVANCED_BREP_SHAPE_REPRESENTATION('carrier_C13',(#4,#741),#9);
#9821 = SHAPE_DEFINITION_REPRESENTATION(#9819,#9820);
#9822 = PRODUCT('carrier_C14','carrier_C14','',(#12));
#9823 = PRODUCT_DEFINITION_FORMATION('','',#9822);
#9824 = PRODUCT_DEFINITION('design','',#9823,#13);
#9825 = PRODUCT_DEFINITION_SHAPE('','',#9824);
#9826 = ADVANCED_BREP_SHAPE_REPRESENTATION('carrier_C14',(#4,#793),#9);
#9827 = SHAPE_DEFINITION_REPRESENTATION(#9825,#9826);
#9828 = PRODUCT('carrier_C15','carrier_C15','',(#12));
#9829 = PRODUCT_DEFINITION_FORMATION('','',#9828);
#9830 = PRODUCT_DEFINITION('design','',#9829,#13);
#9831 = PRODUCT_DEFINITION_SHAPE('','',#9830);
#9832 = ADVANCED_BREP_SHAPE_REPRESENTATION('carrier_C15',(#4,#845),#9);
#9833 = SHAPE_DEFINITION_REPRESENTATION(#9831,#9832);
#9834 = PRODUCT('carrier_C16','carrier_C16','',(#12));
#9835 = PRODUCT_DEFINITION_FORMATION('','',#9834);
#9836 = PRODUCT_DEFINITION('design','',#9835,#13);
#9837 = PRODUCT_DEFINITION_SHAPE('','',#9836);
#9838 = ADVANCED_BREP_SHAPE_REPRESENTATION('carrier_C16',(#4,#897),#9);
#9839 = SHAPE_DEFINITION_REPRESENTATION(#9837,#9838);
#9840 = PRODUCT('carrier_C20','carrier_C20','',(#12));
#9841 = PRODUCT_DEFINITION_FORMATION('','',#9840);
#9842 = PRODUCT_DEFINITION('design','',#9841,#13);
#9843 = PRODUCT_DEFINITION_SHAPE('','',#9842);
#9844 = ADVANCED_BREP_SHAPE_REPRESENTATION('carrier_C20',(#4,#949),#9);
#9845 = SHAPE_DEFINITION_REPRESENTATION(#9843,#9844);
#9846 = PRODUCT('carrier_C21','carrier_C21','',(#12));
#9847 = PRODUCT_DEFINITION_FORMATION('','',#9846);
#9848 = PRODUCT_DEFINITION('design','',#9847,#13);
#9849 = PRODUCT_DEFINITION_SHAPE('','',#9848);
#9850 = ADVANCED_BREP_SHAPE_REPRESENTATION('carrier_C21',(#4,#1001),#9);
#9851 = SHAPE_DEFINITION_REPRESENTATION(#9849,#9850);
#9852 = PRODUCT('carrier_C22','carrier_C22','',(#12));
#9853 = PRODUCT_DEFINITION_FORMATION('','',#9852);
#9854 = PRODUCT_DEFINITION('design','',#9853,#13);
#9855 = PRODUCT_DEFINITION_SHAPE('','',#9854);
#9856 = ADVANCED_BREP_SHAPE_REPRESENTATION('carrier_C22',(#4,#1053),#9);
#9857 = SHAPE_DEFINITION_REPRESENTATION(#9855,#9856);
#9858 = PRODUCT('carrier_C23','carrier_C23','',(#12));
#9859 = PRODUCT_DEFINITION_FORMATION('','',#9858);
#9860 = PRODUCT_DEFINITION('design','',#9859,#13);
#9861 = PRODUCT_DEFINITION_SHAPE('','',#9860);
#9862 = ADVANCED_BREP_SHAPE_REPRESENTATION('carrier_C23',(#4,#1105),#9);
#9863 = SHAPE_DEFINITION_REPRESENTATION(#9861,#9862);
#9864 = PRODUCT('carrier_C24','carrier_C24','',(#12));
#9865 = PRODUCT_DEFINITION_FORMATION('','',#9864);
#9866 = PRODUCT_DEFINITION('design','',#9865,#13);
#9867 = PRODUCT_DEFINITION_SHAPE('','',#9866);
#9868 = ADVANCED_BREP_SHAPE_REPRESENTATION('carrier_C24',(#4,#1157),#9);
#9869 = SHAPE_DEFINITION_REPRESENTATION(#9867,#9868);
#9870 = PRODUCT('carrier_C40','carrier_C40','',(#12));
#9871 = PRODUCT_DEFINITION_FORMATION('','',#9870);
#9872 = PRODUCT_DEFINITION('design','',#9871,#13);
#9873 = PRODUCT_DEFINITION_SHAPE('','',#9872);
#9874 = ADVANCED_BREP_SHAPE_REPRESENTATION('carrier_C40',(#4,#1209),#9);
#9875 = SHAPE_DEFINITION_REPRESENTATION(#9873,#9874);
#9876 = PRODUCT('carrier_C41','carrier_C41','',(#12));
#9877 = PRODUCT_DEFINITION_FORMATION('','',#9876);
#9878 = PRODUCT_DEFINITION('design','',#9877,#13);
#9879 = PRODUCT_DEFINITION_SHAPE('','',#9878);
#9880 = ADVANCED_BREP_SHAPE_REPRESENTATION('carrier_C41',(#4,#1261),#9);
#9881 = SHAPE_DEFINITION_REPRESENTATION(#9879,#9880);
#9882 = PRODUCT('carrier_C42','carrier_C42','',(#12));
#9883 = PRODUCT_DEFINITION_FORMATION('','',#9882);
#9884 = PRODUCT_DEFINITION('design','',#9883,#13);
#9885 = PRODUCT_DEFINITION_SHAPE('','',#9884);
#9886 = ADVANCED_BREP_SHAPE_REPRESENTATION('carrier_C42',(#4,#1313),#9);
#9887 = SHAPE_DEFINITION_REPRESENTATION(#9885,#9886);
#9888 = PRODUCT('carrier_C43','carrier_C43','',(#12));
#9889 = PRODUCT_DEFINITION_FORMATION('','',#9888);
#9890 = PRODUCT_DEFINITION('design','',#9889,#13);
#9891 = PRODUCT_DEFINITION_SHAPE('','',#9890);
#9892 = ADVANCED_BREP_SHAPE_REPRESENTATION('carrier_C43',(#4,#1365),#9);
#9893 = SHAPE_DEFINITION_REPRESENTATION(#9891,#9892);
#9894 = PRODUCT('carrier_C44','carrier_C44','',(#12));
#9895 = PRODUCT_DEFINITION_FORMATION('','',#9894);
#9896 = PRODUCT_DEFINITION('design','',#9895,#13);
#9897 = PRODUCT_DEFINITION_SHAPE('','',#9896);
#9898 = ADVANCED_BREP_SHAPE_REPRESENTATION('carrier_C44',(#4,#1417),#9);
#9899 = SHAPE_DEFINITION_REPRESENTATION(#9897,#9898);
#9900 = PRODUCT('carrier_C50','carrier_C50','',(#12));
#9901 = PRODUCT_DEFINITION_FORMATION('','',#9900);
#9902 = PRODUCT_DEFINITION('design','',#9901,#13);
#9903 = PRODUCT_DEFINITION_SHAPE('','',#9902);
#9904 = ADVANCED_BREP_SHAPE_REPRESENTATION('carrier_C50',(#4,#1469),#9);
#9905 = SHAPE_DEFINITION_REPRESENTATION(#9903,#9904);
#9906 = PRODUCT('carrier_C51','carrier_C51','',(#12));
#9907 = PRODUCT_DEFINITION_FORMATION('','',#9906);
#9908 = PRODUCT_DEFINITION('design','',#9907,#13);
#9909 = PRODUCT_DEFINITION_SHAPE('','',#9908);
#9910 = ADVANCED_BREP_SHAPE_REPRESENTATION('carrier_C51',(#4,#1521),#9);
#9911 = SHAPE_DEFINITION_REPRESENTATION(#9909,#9910);
#9912 = PRODUCT('carrier_C52','carrier_C52','',(#12));
#9913 = PRODUCT_DEFINITION_FORMATION('','',#9912);
#9914 = PRODUCT_DEFINITION('design','',#9913,#13);
#9915 = PRODUCT_DEFINITION_SHAPE('','',#9914);
#9916 = ADVANCED_BREP_SHAPE_REPRESENTATION('carrier_C52',(#4,#1573),#9);
#9917 = SHAPE_DEFINITION_REPRESENTATION(#9915,#9916);
#9918 = PRODUCT('carrier_C60','carrier_C60','',(#12));
#9919 = PRODUCT_DEFINITION_FORMATION('','',#9918);
#9920 = PRODUCT_DEFINITION('design','',#9919,#13);
#9921 = PRODUCT_DEFINITION_SHAPE('','',#9920);
#9922 = ADVANCED_BREP_SHAPE_REPRESENTATION('carrier_C60',(#4,#1625),#9);
#9923 = SHAPE_DEFINITION_REPRESENTATION(#9921,#9922);
#9924 = PRODUCT('carrier_C61','carrier_C61','',(#12));
#9925 = PRODUCT_DEFINITION_FORMATION('','',#9924);
#9926 = PRODUCT_DEFINITION('design','',#9925,#13);
#9927 = PRODUCT_DEFINITION_SHAPE('','',#9926);
#9928 = ADVANCED_BREP_SHAPE_REPRESENTATION('carrier_C61',(#4,#1677),#9);
#9929 = SHAPE_DEFINITION_REPRESENTATION(#9927,#9928);
#9930 = PRODUCT('carrier_C62','carrier_C62','',(#12));
#9931 = PRODUCT_DEFINITION_FORMATION('','',#9930);
#9932 = PRODUCT_DEFINITION('design','',#9931,#13);
#9933 = PRODUCT_DEFINITION_SHAPE('','',#9932);
#9934 = ADVANCED_BREP_SHAPE_REPRESENTATION('carrier_C62',(#4,#1729),#9);
#9935 = SHAPE_DEFINITION_REPRESENTATION(#9933,#9934);
#9936 = PRODUCT('carrier_C63','carrier_C63','',(#12));
#9937 = PRODUCT_DEFINITION_FORMATION('','',#9936);
#9938 = PRODUCT_DEFINITION('design','',#9937,#13);
#9939 = PRODUCT_DEFINITION_SHAPE('','',#9938);
#9940 = ADVANCED_BREP_SHAPE_REPRESENTATION('carrier_C63',(#4,#1781),#9);
#9941 = SHAPE_DEFINITION_REPRESENTATION(#9939,#9940);
#9942 = PRODUCT('carrier_C64','carrier_C64','',(#12));
#9943 = PRODUCT_DEFINITION_FORMATION('','',#9942);
#9944 = PRODUCT_DEFINITION('design','',#9943,#13);
#9945 = PRODUCT_DEFINITION_SHAPE('','',#9944);
#9946 = ADVANCED_BREP_SHAPE_REPRESENTATION('carrier_C64',(#4,#1833),#9);
#9947 = SHAPE_DEFINITION_REPRESENTATION(#9945,#9946);
#9948 = PRODUCT('carrier_C70','carrier_C70','',(#12));
#9949 = PRODUCT_DEFINITION_FORMATION('','',#9948);
#9950 = PRODUCT_DEFINITION('design','',#9949,#13);
#9951 = PRODUCT_DEFINITION_SHAPE('','',#9950);
#9952 = ADVANCED_BREP_SHAPE_REPRESENTATION('carrier_C70',(#4,#1885),#9);
#9953 = SHAPE_DEFINITION_REPRESENTATION(#9951,#9952);
#9954 = PRODUCT('carrier_C71','carrier_C71','',(#12));
#9955 = PRODUCT_DEFINITION_FORMATION('','',#9954);
#9956 = PRODUCT_DEFINITION('design','',#9955,#13);
#9957 = PRODUCT_DEFINITION_SHAPE('','',#9956);
#9958 = ADVANCED_BREP_SHAPE_REPRESENTATION('carrier_C71',(#4,#1937),#9);
#9959 = SHAPE_DEFINITION_REPRESENTATION(#9957,#9958);
#9960 = PRODUCT('carrier_C72','carrier_C72','',(#12));
#9961 = PRODUCT_DEFINITION_FORMATION('','',#9960);
#9962 = PRODUCT_DEFINITION('design','',#9961,#13);
#9963 = PRODUCT_DEFINITION_SHAPE('','',#9962);
#9964 = ADVANCED_BREP_SHAPE_REPRESENTATION('carrier_C72',(#4,#1989),#9);
#9965 = SHAPE_DEFINITION_REPRESENTATION(#9963,#9964);
#9966 = PRODUCT('carrier_C73','carrier_C73','',(#12));
#9967 = PRODUCT_DEFINITION_FORMATION('','',#9966);
#9968 = PRODUCT_DEFINITION('design','',#9967,#13);
#9969 = PRODUCT_DEFINITION_SHAPE('','',#9968);
#9970 = ADVANCED_BREP_SHAPE_REPRESENTATION('carrier_C73',(#4,#2041),#9);
#9971 = SHAPE_DEFINITION_REPRESENTATION(#9969,#9970);
#9972 = PRODUCT('carrier_C74','carrier_C74','',(#12));
#9973 = PRODUCT_DEFINITION_FORMATION('','',#9972);
#9974 = PRODUCT_DEFINITION('design','',#9973,#13);
#9975 = PRODUCT_DEFINITION_SHAPE('','',#9974);
#9976 = ADVANCED_BREP_SHAPE_REPRESENTATION('carrier_C74',(#4,#2093),#9);
#9977 = SHAPE_DEFINITION_REPRESENTATION(#9975,#9976);
#9978 = PRODUCT('carrier_C80','carrier_C80','',(#12));
#9979 = PRODUCT_DEFINITION_FORMATION('','',#9978);
#9980 = PRODUCT_DEFINITION('design','',#9979,#13);
#9981 = PRODUCT_DEFINITION_SHAPE('','',#9980);
#9982 = ADVANCED_BREP_SHAPE_REPRESENTATION('carrier_C80',(#4,#2145),#9);
#9983 = SHAPE_DEFINITION_REPRESENTATION(#9981,#9982);
#9984 = PRODUCT('carrier_C81','carrier_C81','',(#12));
#9985 = PRODUCT_DEFINITION_FORMATION('','',#9984);
#9986 = PRODUCT_DEFINITION('design','',#9985,#13);
#9987 = PRODUCT_DEFINITION_SHAPE('','',#9986);
#9988 = ADVANCED_BREP_SHAPE_REPRESENTATION('carrier_C81',(#4,#2197),#9);
#9989 = SHAPE_DEFINITION_REPRESENTATION(#9987,#9988);
#9990 = PRODUCT('carrier_C82','carrier_C82','',(#12));
#9991 = PRODUCT_DEFINITION_FORMATION('','',#9990);
#9992 = PRODUCT_DEFINITION('design','',#9991,#13);
#9993 = PRODUCT_DEFINITION_SHAPE('','',#9992);
#9994 = ADVANCED_BREP_SHAPE_REPRESENTATION('carrier_C82',(#4,#2249),#9);
#9995 = SHAPE_DEFINITION_REPRESENTATION(#9993,#9994);
#9996 = PRODUCT('carrier_C83','carrier_C83','',(#12));
#9997 = PRODUCT_DEFINITION_FORMATION('','',#9996);
#9998 = PRODUCT_DEFINITION('design','',#9997,#13);
#9999 = PRODUCT_DEFINITION_SHAPE('','',#9998);
#10000 = ADVANCED_BREP_SHAPE_REPRESENTATION('carrier_C83',(#4,#2301),#9);
#10001 = SHAPE_DEFINITION_REPRESENTATION(#9999,#10000);
#10002 = PRODUCT('carrier_C84','carrier_C84','',(#12));
#10003 = PRODUCT_DEFINITION_FORMATION('','',#10002);
#10004 = PRODUCT_DEFINITION('design','',#10003,#13);
#10005 = PRODUCT_DEFINITION_SHAPE('','',#10004);
#10006 = ADVANCED_BREP_SHAPE_REPRESENTATION('carrier_C84',(#4,#2353),#9);
#10007 = SHAPE_DEFINITION_REPRESENTATION(#10005,#10006);
#10008 = PRODUCT('carrier_C85','carrier_C85','',(#12));
#10009 = PRODUCT_DEFINITION_FORMATION('','',#10008);
#10010 = PRODUCT_DEFINITION('design','',#10009,#13);
#10011 = PRODUCT_DEFINITION_SHAPE('','',#10010);
#10012 = ADVANCED_BREP_SHAPE_REPRESENTATION('carrier_C85',(#4,#2405),#9);
#10013 = SHAPE_DEFINITION_REPRESENTATION(#10011,#10012);
#10014 = PRODUCT('carrier_C86','carrier_C86','',(#12));
#10015 = PRODUCT_DEFINITION_FORMATION('','',#10014);
#10016 = PRODUCT_DEFINITION('design','',#10015,#13);
#10017 = PRODUCT_DEFINITION_SHAPE('','',#10016);
#10018 = ADVANCED_BREP_SHAPE_REPRESENTATION('carrier_C86',(#4,#2457),#9);
#10019 = SHAPE_DEFINITION_REPRESENTATION(#10017,#10018);
#10020 = PRODUCT('carrier_C87','carrier_C87','',(#12));
#10021 = PRODUCT_DEFINITION_FORMATION('','',#10020);
#10022 = PRODUCT_DEFINITION('design','',#10021,#13);
#10023 = PRODUCT_DEFINITION_SHAPE('','',#10022);
#10024 = ADVANCED_BREP_SHAPE_REPRESENTATION('carrier_C87',(#4,#2509),#9);
#10025 = SHAPE_DEFINITION_REPRESENTATION(#10023,#10024);
#10026 = PRODUCT('carrier_C88','carrier_C88','',(#12));
#10027 = PRODUCT_DEFINITION_FORMATION('','',#10026);
#10028 = PRODUCT_DEFINITION('design','',#10027,#13);
#10029 = PRODUCT_DEFINITION_SHAPE('','',#10028);
#10030 = ADVANCED_BREP_SHAPE_REPRESENTATION('carrier_C88',(#4,#2561),#9);
#10031 = SHAPE_DEFINITION_REPRESENTATION(#10029,#10030);
#10032 = PRODUCT('carrier_C89','carrier_C89','',(#12));
#10033 = PRODUCT_DEFINITION_FORMATION('','',#10032);
#10034 = PRODUCT_DEFINITION('design','',#10033,#13);
#10035 = PRODUCT_DEFINITION_SHAPE('','',#10034);
#10036 = ADVANCED_BREP_SHAPE_REPRESENTATION('carrier_C89',(#4,#2613),#9);
#10037 = SHAPE_DEFINITION_REPRESENTATION(#10035,#10036);
#10038 = PRODUCT('carrier_C90','carrier_C90','',(#12));
#10039 = PRODUCT_DEFINITION_FORMATION('','',#10038);
#10040 = PRODUCT_DEFINITION('design','',#10039,#13);
#10041 = PRODUCT_DEFINITION_SHAPE('','',#10040);
#10042 = ADVANCED_BREP_SHAPE_REPRESENTATION('carrier_C90',(#4,#2665),#9);
#10043 = SHAPE_DEFINITION_REPRESENTATION(#10041,#10042);
#10044 = PRODUCT('carrier_C100','carrier_C100','',(#12));
#10045 = PRODUCT_DEFINITION_FORMATION('','',#10044);
#10046 = PRODUCT_DEFINITION('design','',#10045,#13);
#10047 = PRODUCT_DEFINITION_SHAPE('','',#10046);
#10048 = ADVANCED_BREP_SHAPE_REPRESENTATION('carrier_C100',(#4,#2717),#9);
#10049 = SHAPE_DEFINITION_REPRESENTATION(#10047,#10048);
#10050 = PRODUCT('carrier_C101','carrier_C101','',(#12));
#10051 = PRODUCT_DEFINITION_FORMATION('','',#10050);
#10052 = PRODUCT_DEFINITION('design','',#10051,#13);
#10053 = PRODUCT_DEFINITION_SHAPE('','',#10052);
#10054 = ADVANCED_BREP_SHAPE_REPRESENTATION('carrier_C101',(#4,#2769),#9);
#10055 = SHAPE_DEFINITION_REPRESENTATION(#10053,#10054);
#10056 = PRODUCT('carrier_C102','carrier_C102','',(#12));
#10057 = PRODUCT_DEFINITION_FORMATION('','',#10056);
#10058 = PRODUCT_DEFINITION('design','',#10057,#13);
#10059 = PRODUCT_DEFINITION_SHAPE('','',#10058);
#10060 = ADVANCED_BREP_SHAPE_REPRESENTATION('carrier_C102',(#4,#2821),#9);
#10061 = SHAPE_DEFINITION_REPRESENTATION(#10059,#10060);
#10062 = PRODUCT('carrier_C103','carrier_C103','',(#12));
#10063 = PRODUCT_DEFINITION_FORMATION('','',#10062);
#10064 = PRODUCT_DEFINITION('design','',#10063,#13);
#10065 = PRODUCT_DEFINITION_SHAPE('','',#10064);
#10066 = ADVANCED_BREP_SHAPE_REPRESENTATION('carrier_C103',(#4,#2873),#9);
#10067 = SHAPE_DEFINITION_REPRESENTATION(#10065,#10066);
#10068 = PRODUCT('carrier_D1','carrier_D1','',(#12));
#10069 = PRODUCT_DEFINITION_FORMATION('','',#10068);
#10070 = PRODUCT_DEFINITION('design','',#10069,#13);
#10071 = PRODUCT_DEFINITION_SHAPE('','',#10070);
#10072 = ADVANCED_BREP_SHAPE_REPRESENTATION('carrier_D1',(#4,#2925),#9);
#10073 = SHAPE_DEFINITION_REPRESENTATION(#10071,#10072);
#10074 = PRODUCT('carrier_D2','carrier_D2','',(#12));
#10075 = PRODUCT_DEFINITION_FORMATION('','',#10074);
#10076 = PRODUCT_DEFINITION('design','',#10075,#13);
#10077 = PRODUCT_DEFINITION_SHAPE('','',#10076);
#10078 = ADVANCED_BREP_SHAPE_REPRESENTATION('carrier_D2',(#4,#2977),#9);
#10079 = SHAPE_DEFINITION_REPRESENTATION(#10077,#10078);
#10080 = PRODUCT('carrier_D3','carrier_D3','',(#12));
#10081 = PRODUCT_DEFINITION_FORMATION('','',#10080);
#10082 = PRODUCT_DEFINITION('design','',#10081,#13);
#10083 = PRODUCT_DEFINITION_SHAPE('','',#10082);
#10084 = ADVANCED_BREP_SHAPE_REPRESENTATION('carrier_D3',(#4,#3029),#9);
#10085 = SHAPE_DEFINITION_REPRESENTATION(#10083,#10084);
#10086 = PRODUCT('carrier_D4','carrier_D4','',(#12));
#10087 = PRODUCT_DEFINITION_FORMATION('','',#10086);
#10088 = PRODUCT_DEFINITION('design','',#10087,#13);
#10089 = PRODUCT_DEFINITION_SHAPE('','',#10088);
#10090 = ADVANCED_BREP_SHAPE_REPRESENTATION('carrier_D4',(#4,#3081),#9);
#10091 = SHAPE_DEFINITION_REPRESENTATION(#10089,#10090);
#10092 = PRODUCT('carrier_D5','carrier_D5','',(#12));
#10093 = PRODUCT_DEFINITION_FORMATION('','',#10092);
#10094 = PRODUCT_DEFINITION('design','',#10093,#13);
#10095 = PRODUCT_DEFINITION_SHAPE('','',#10094);
#10096 = ADVANCED_BREP_SHAPE_REPRESENTATION('carrier_D5',(#4,#3133),#9);
#10097 = SHAPE_DEFINITION_REPRESENTATION(#10095,#10096);
#10098 = PRODUCT('carrier_D6','carrier_D6','',(#12));
#10099 = PRODUCT_DEFINITION_FORMATION('','',#10098);
#10100 = PRODUCT_DEFINITION('design','',#10099,#13);
#10101 = PRODUCT_DEFINITION_SHAPE('','',#10100);
#10102 = ADVANCED_BREP_SHAPE_REPRESENTATION('carrier_D6',(#4,#3185),#9);
#10103 = SHAPE_DEFINITION_REPRESENTATION(#10101,#10102);
#10104 = PRODUCT('carrier_D7','carrier_D7','',(#12));
#10105 = PRODUCT_DEFINITION_FORMATION('','',#10104);
#10106 = PRODUCT_DEFINITION('design','',#10105,#13);
#10107 = PRODUCT_DEFINITION_SHAPE('','',#10106);
#10108 = ADVANCED_BREP_SHAPE_REPRESENTATION('carrier_D7',(#4,#3237),#9);
#10109 = SHAPE_DEFINITION_REPRESENTATION(#10107,#10108);
#10110 = PRODUCT('carrier_D8','carrier_D8','',(#12));
#10111 = PRODUCT_DEFINITION_FORMATION('','',#10110);
#10112 = PRODUCT_DEFINITION('design','',#10111,#13);
#10113 = PRODUCT_DEFINITION_SHAPE('','',#10112);
#10114 = ADVANCED_BREP_SHAPE_REPRESENTATION('carrier_D8',(#4,#3289),#9);
#10115 = SHAPE_DEFINITION_REPRESENTATION(#10113,#10114);
#10116 = PRODUCT('carrier_D9','carrier_D9','',(#12));
#10117 = PRODUCT_DEFINITION_FORMATION('','',#10116);
#10118 = PRODUCT_DEFINITION('design','',#10117,#13);
#10119 = PRODUCT_DEFINITION_SHAPE('','',#10118);
#10120 = ADVANCED_BREP_SHAPE_REPRESENTATION('carrier_D9',(#4,#3341),#9);
#10121 = SHAPE_DEFINITION_REPRESENTATION(#10119,#10120);
#10122 = PRODUCT('carrier_D10','carrier_D10','',(#12));
#10123 = PRODUCT_DEFINITION_FORMATION('','',#10122);
#10124 = PRODUCT_DEFINITION('design','',#10123,#13);
#10125 = PRODUCT_DEFINITION_SHAPE('','',#10124);
#10126 = ADVANCED_BREP_SHAPE_REPRESENTATION('carrier_D10',(#4,#3393),#9);
#10127 = SHAPE_DEFINITION_REPRESENTATION(#10125,#10126);
#10128 = PRODUCT('carrier_D11','carrier_D11','',(#12));
#10129 = PRODUCT_DEFINITION_FORMATION('','',#10128);
#10130 = PRODUCT_DEFINITION('design','',#10129,#13);
#10131 = PRODUCT_DEFINITION_SHAPE('','',#10130);
#10132 = ADVANCED_BREP_SHAPE_REPRESENTATION('carrier_D11',(#4,#3445),#9);
#10133 = SHAPE_DEFINITION_REPRESENTATION(#10131,#10132);
#10134 = PRODUCT('carrier_D12','carrier_D12','',(#12));
#10135 = PRODUCT_DEFINITION_FORMATION('','',#10134);
#10136 = PRODUCT_DEFINITION('design','',#10135,#13);
#10137 = PRODUCT_DEFINITION_SHAPE('','',#10136);
#10138 = ADVANCED_BREP_SHAPE_REPRESENTATION('carrier_D12',(#4,#3497),#9);
#10139 = SHAPE_DEFINITION_REPRESENTATION(#10137,#10138);
#10140 = PRODUCT('carrier_D13','carrier_D13','',(#12));
#10141 = PRODUCT_DEFINITION_FORMATION('','',#10140);
#10142 = PRODUCT_DEFINITION('design','',#10141,#13);
#10143 = PRODUCT_DEFINITION_SHAPE('','',#10142);
#10144 = ADVANCED_BREP_SHAPE_REPRESENTATION('carrier_D13',(#4,#3549),#9);
#10145 = SHAPE_DEFINITION_REPRESENTATION(#10143,#10144);
#10146 = PRODUCT('carrier_D14','carrier_D14','',(#12));
#10147 = PRODUCT_DEFINITION_FORMATION('','',#10146);
#10148 = PRODUCT_DEFINITION('design','',#10147,#13);
#10149 = PRODUCT_DEFINITION_SHAPE('','',#10148);
#10150 = ADVANCED_BREP_SHAPE_REPRESENTATION('carrier_D14',(#4,#3601),#9);
#10151 = SHAPE_DEFINITION_REPRESENTATION(#10149,#10150);
#10152 = PRODUCT('carrier_D15','carrier_D15','',(#12));
#10153 = PRODUCT_DEFINITION_FORMATION('','',#10152);
#10154 = PRODUCT_DEFINITION('design','',#10153,#13);
#10155 = PRODUCT_DEFINITION_SHAPE('','',#10154);
#10156 = ADVANCED_BREP_SHAPE_REPRESENTATION('carrier_D15',(#4,#3653),#9);
#10157 = SHAPE_DEFINITION_REPRESENTATION(#10155,#10156);
#10158 = PRODUCT('carrier_D16','carrier_D16','',(#12));
#10159 = PRODUCT_DEFINITION_FORMATION('','',#10158);
#10160 = PRODUCT_DEFINITION('design','',#10159,#13);
#10161 = PRODUCT_DEFINITION_SHAPE('','',#10160);
#10162 = ADVANCED_BREP_SHAPE_REPRESENTATION('carrier_D16',(#4,#3705),#9);
#10163 = SHAPE_DEFINITION_REPRESENTATION(#10161,#10162);
#10164 = PRODUCT('carrier_D20','carrier_D20','',(#12));
#10165 = PRODUCT_DEFINITION_FORMATION('','',#10164);
#10166 = PRODUCT_DEFINITION('design','',#10165,#13);
#10167 = PRODUCT_DEFINITION_SHAPE('','',#10166);
#10168 = ADVANCED_BREP_SHAPE_REPRESENTATION('carrier_D20',(#4,#3757),#9);
#10169 = SHAPE_DEFINITION_REPRESENTATION(#10167,#10168);
#10170 = PRODUCT('carrier_D23','carrier_D23','',(#12));
#10171 = PRODUCT_DEFINITION_FORMATION('','',#10170);
#10172 = PRODUCT_DEFINITION('design','',#10171,#13);
#10173 = PRODUCT_DEFINITION_SHAPE('','',#10172);
#10174 = ADVANCED_BREP_SHAPE_REPRESENTATION('carrier_D23',(#4,#3809),#9);
#10175 = SHAPE_DEFINITION_REPRESENTATION(#10173,#10174);
#10176 = PRODUCT('carrier_D24','carrier_D24','',(#12));
#10177 = PRODUCT_DEFINITION_FORMATION('','',#10176);
#10178 = PRODUCT_DEFINITION('design','',#10177,#13);
#10179 = PRODUCT_DEFINITION_SHAPE('','',#10178);
#10180 = ADVANCED_BREP_SHAPE_REPRESENTATION('carrier_D24',(#4,#3861),#9);
#10181 = SHAPE_DEFINITION_REPRESENTATION(#10179,#10180);
#10182 = PRODUCT('carrier_D40','carrier_D40','',(#12));
#10183 = PRODUCT_DEFINITION_FORMATION('','',#10182);
#10184 = PRODUCT_DEFINITION('design','',#10183,#13);
#10185 = PRODUCT_DEFINITION_SHAPE('','',#10184);
#10186 = ADVANCED_BREP_SHAPE_REPRESENTATION('carrier_D40',(#4,#3913),#9);
#10187 = SHAPE_DEFINITION_REPRESENTATION(#10185,#10186);
#10188 = PRODUCT('carrier_D60','carrier_D60','',(#12));
#10189 = PRODUCT_DEFINITION_FORMATION('','',#10188);
#10190 = PRODUCT_DEFINITION('design','',#10189,#13);
#10191 = PRODUCT_DEFINITION_SHAPE('','',#10190);
#10192 = ADVANCED_BREP_SHAPE_REPRESENTATION('carrier_D60',(#4,#3965),#9);
#10193 = SHAPE_DEFINITION_REPRESENTATION(#10191,#10192);
#10194 = PRODUCT('carrier_F1','carrier_F1','',(#12));
#10195 = PRODUCT_DEFINITION_FORMATION('','',#10194);
#10196 = PRODUCT_DEFINITION('design','',#10195,#13);
#10197 = PRODUCT_DEFINITION_SHAPE('','',#10196);
#10198 = ADVANCED_BREP_SHAPE_REPRESENTATION('carrier_F1',(#4,#4017),#9);
#10199 = SHAPE_DEFINITION_REPRESENTATION(#10197,#10198);
#10200 = PRODUCT('carrier_J1','carrier_J1','',(#12));
#10201 = PRODUCT_DEFINITION_FORMATION('','',#10200);
#10202 = PRODUCT_DEFINITION('design','',#10201,#13);
#10203 = PRODUCT_DEFINITION_SHAPE('','',#10202);
#10204 = ADVANCED_BREP_SHAPE_REPRESENTATION('carrier_J1',(#4,#4069),#9);
#10205 = SHAPE_DEFINITION_REPRESENTATION(#10203,#10204);
#10206 = PRODUCT('carrier_J2','carrier_J2','',(#12));
#10207 = PRODUCT_DEFINITION_FORMATION('','',#10206);
#10208 = PRODUCT_DEFINITION('design','',#10207,#13);
#10209 = PRODUCT_DEFINITION_SHAPE('','',#10208);
#10210 = ADVANCED_BREP_SHAPE_REPRESENTATION('carrier_J2',(#4,#4121),#9);
#10211 = SHAPE_DEFINITION_REPRESENTATION(#10209,#10210);
#10212 = PRODUCT('carrier_J3','carrier_J3','',(#12));
#10213 = PRODUCT_DEFINITION_FORMATION('','',#10212);
#10214 = PRODUCT_DEFINITION('design','',#10213,#13);
#10215 = PRODUCT_DEFINITION_SHAPE('','',#10214);
#10216 = ADVANCED_BREP_SHAPE_REPRESENTATION('carrier_J3',(#4,#4173),#9);
#10217 = SHAPE_DEFINITION_REPRESENTATION(#10215,#10216);
#10218 = PRODUCT('carrier_J4','carrier_J4','',(#12));
#10219 = PRODUCT_DEFINITION_FORMATION('','',#10218);
#10220 = PRODUCT_DEFINITION('design','',#10219,#13);
#10221 = PRODUCT_DEFINITION_SHAPE('','',#10220);
#10222 = ADVANCED_BREP_SHAPE_REPRESENTATION('carrier_J4',(#4,#4225),#9);
#10223 = SHAPE_DEFINITION_REPRESENTATION(#10221,#10222);
#10224 = PRODUCT('carrier_J5','carrier_J5','',(#12));
#10225 = PRODUCT_DEFINITION_FORMATION('','',#10224);
#10226 = PRODUCT_DEFINITION('design','',#10225,#13);
#10227 = PRODUCT_DEFINITION_SHAPE('','',#10226);
#10228 = ADVANCED_BREP_SHAPE_REPRESENTATION('carrier_J5',(#4,#4277),#9);
#10229 = SHAPE_DEFINITION_REPRESENTATION(#10227,#10228);
#10230 = PRODUCT('carrier_J6','carrier_J6','',(#12));
#10231 = PRODUCT_DEFINITION_FORMATION('','',#10230);
#10232 = PRODUCT_DEFINITION('design','',#10231,#13);
#10233 = PRODUCT_DEFINITION_SHAPE('','',#10232);
#10234 = ADVANCED_BREP_SHAPE_REPRESENTATION('carrier_J6',(#4,#4329),#9);
#10235 = SHAPE_DEFINITION_REPRESENTATION(#10233,#10234);
#10236 = PRODUCT('carrier_J7','carrier_J7','',(#12));
#10237 = PRODUCT_DEFINITION_FORMATION('','',#10236);
#10238 = PRODUCT_DEFINITION('design','',#10237,#13);
#10239 = PRODUCT_DEFINITION_SHAPE('','',#10238);
#10240 = ADVANCED_BREP_SHAPE_REPRESENTATION('carrier_J7',(#4,#4381),#9);
#10241 = SHAPE_DEFINITION_REPRESENTATION(#10239,#10240);
#10242 = PRODUCT('carrier_J8','carrier_J8','',(#12));
#10243 = PRODUCT_DEFINITION_FORMATION('','',#10242);
#10244 = PRODUCT_DEFINITION('design','',#10243,#13);
#10245 = PRODUCT_DEFINITION_SHAPE('','',#10244);
#10246 = ADVANCED_BREP_SHAPE_REPRESENTATION('carrier_J8',(#4,#4433),#9);
#10247 = SHAPE_DEFINITION_REPRESENTATION(#10245,#10246);
#10248 = PRODUCT('carrier_J9','carrier_J9','',(#12));
#10249 = PRODUCT_DEFINITION_FORMATION('','',#10248);
#10250 = PRODUCT_DEFINITION('design','',#10249,#13);
#10251 = PRODUCT_DEFINITION_SHAPE('','',#10250);
#10252 = ADVANCED_BREP_SHAPE_REPRESENTATION('carrier_J9',(#4,#4485),#9);
#10253 = SHAPE_DEFINITION_REPRESENTATION(#10251,#10252);
#10254 = PRODUCT('carrier_J10','carrier_J10','',(#12));
#10255 = PRODUCT_DEFINITION_FORMATION('','',#10254);
#10256 = PRODUCT_DEFINITION('design','',#10255,#13);
#10257 = PRODUCT_DEFINITION_SHAPE('','',#10256);
#10258 = ADVANCED_BREP_SHAPE_REPRESENTATION('carrier_J10',(#4,#4537),#9);
#10259 = SHAPE_DEFINITION_REPRESENTATION(#10257,#10258);
#10260 = PRODUCT('carrier_J11','carrier_J11','',(#12));
#10261 = PRODUCT_DEFINITION_FORMATION('','',#10260);
#10262 = PRODUCT_DEFINITION('design','',#10261,#13);
#10263 = PRODUCT_DEFINITION_SHAPE('','',#10262);
#10264 = ADVANCED_BREP_SHAPE_REPRESENTATION('carrier_J11',(#4,#4589),#9);
#10265 = SHAPE_DEFINITION_REPRESENTATION(#10263,#10264);
#10266 = PRODUCT('carrier_J12','carrier_J12','',(#12));
#10267 = PRODUCT_DEFINITION_FORMATION('','',#10266);
#10268 = PRODUCT_DEFINITION('design','',#10267,#13);
#10269 = PRODUCT_DEFINITION_SHAPE('','',#10268);
#10270 = ADVANCED_BREP_SHAPE_REPRESENTATION('carrier_J12',(#4,#4641),#9);
#10271 = SHAPE_DEFINITION_REPRESENTATION(#10269,#10270);
#10272 = PRODUCT('carrier_J13','carrier_J13','',(#12));
#10273 = PRODUCT_DEFINITION_FORMATION('','',#10272);
#10274 = PRODUCT_DEFINITION('design','',#10273,#13);
#10275 = PRODUCT_DEFINITION_SHAPE('','',#10274);
#10276 = ADVANCED_BREP_SHAPE_REPRESENTATION('carrier_J13',(#4,#4693),#9);
#10277 = SHAPE_DEFINITION_REPRESENTATION(#10275,#10276);
#10278 = PRODUCT('carrier_J14','carrier_J14','',(#12));
#10279 = PRODUCT_DEFINITION_FORMATION('','',#10278);
#10280 = PRODUCT_DEFINITION('design','',#10279,#13);
#10281 = PRODUCT_DEFINITION_SHAPE('','',#10280);
#10282 = ADVANCED_BREP_SHAPE_REPRESENTATION('carrier_J14',(#4,#4745),#9);
#10283 = SHAPE_DEFINITION_REPRESENTATION(#10281,#10282);
#10284 = PRODUCT('carrier_J15','carrier_J15','',(#12));
#10285 = PRODUCT_DEFINITION_FORMATION('','',#10284);
#10286 = PRODUCT_DEFINITION('design','',#10285,#13);
#10287 = PRODUCT_DEFINITION_SHAPE('','',#10286);
#10288 = ADVANCED_BREP_SHAPE_REPRESENTATION('carrier_J15',(#4,#4797),#9);
#10289 = SHAPE_DEFINITION_REPRESENTATION(#10287,#10288);
#10290 = PRODUCT('carrier_J16','carrier_J16','',(#12));
#10291 = PRODUCT_DEFINITION_FORMATION('','',#10290);
#10292 = PRODUCT_DEFINITION('design','',#10291,#13);
#10293 = PRODUCT_DEFINITION_SHAPE('','',#10292);
#10294 = ADVANCED_BREP_SHAPE_REPRESENTATION('carrier_J16',(#4,#4849),#9);
#10295 = SHAPE_DEFINITION_REPRESENTATION(#10293,#10294);
#10296 = PRODUCT('carrier_J17','carrier_J17','',(#12));
#10297 = PRODUCT_DEFINITION_FORMATION('','',#10296);
#10298 = PRODUCT_DEFINITION('design','',#10297,#13);
#10299 = PRODUCT_DEFINITION_SHAPE('','',#10298);
#10300 = ADVANCED_BREP_SHAPE_REPRESENTATION('carrier_J17',(#4,#4901),#9);
#10301 = SHAPE_DEFINITION_REPRESENTATION(#10299,#10300);
#10302 = PRODUCT('carrier_J18','carrier_J18','',(#12));
#10303 = PRODUCT_DEFINITION_FORMATION('','',#10302);
#10304 = PRODUCT_DEFINITION('design','',#10303,#13);
#10305 = PRODUCT_DEFINITION_SHAPE('','',#10304);
#10306 = ADVANCED_BREP_SHAPE_REPRESENTATION('carrier_J18',(#4,#4953),#9);
#10307 = SHAPE_DEFINITION_REPRESENTATION(#10305,#10306);
#10308 = PRODUCT('carrier_J19','carrier_J19','',(#12));
#10309 = PRODUCT_DEFINITION_FORMATION('','',#10308);
#10310 = PRODUCT_DEFINITION('design','',#10309,#13);
#10311 = PRODUCT_DEFINITION_SHAPE('','',#10310);
#10312 = ADVANCED_BREP_SHAPE_REPRESENTATION('carrier_J19',(#4,#5005),#9);
#10313 = SHAPE_DEFINITION_REPRESENTATION(#10311,#10312);
#10314 = PRODUCT('carrier_J20','carrier_J20','',(#12));
#10315 = PRODUCT_DEFINITION_FORMATION('','',#10314);
#10316 = PRODUCT_DEFINITION('design','',#10315,#13);
#10317 = PRODUCT_DEFINITION_SHAPE('','',#10316);
#10318 = ADVANCED_BREP_SHAPE_REPRESENTATION('carrier_J20',(#4,#5057),#9);
#10319 = SHAPE_DEFINITION_REPRESENTATION(#10317,#10318);
#10320 = PRODUCT('carrier_J21','carrier_J21','',(#12));
#10321 = PRODUCT_DEFINITION_FORMATION('','',#10320);
#10322 = PRODUCT_DEFINITION('design','',#10321,#13);
#10323 = PRODUCT_DEFINITION_SHAPE('','',#10322);
#10324 = ADVANCED_BREP_SHAPE_REPRESENTATION('carrier_J21',(#4,#5109),#9);
#10325 = SHAPE_DEFINITION_REPRESENTATION(#10323,#10324);
#10326 = PRODUCT('carrier_J22','carrier_J22','',(#12));
#10327 = PRODUCT_DEFINITION_FORMATION('','',#10326);
#10328 = PRODUCT_DEFINITION('design','',#10327,#13);
#10329 = PRODUCT_DEFINITION_SHAPE('','',#10328);
#10330 = ADVANCED_BREP_SHAPE_REPRESENTATION('carrier_J22',(#4,#5161),#9);
#10331 = SHAPE_DEFINITION_REPRESENTATION(#10329,#10330);
#10332 = PRODUCT('carrier_J23','carrier_J23','',(#12));
#10333 = PRODUCT_DEFINITION_FORMATION('','',#10332);
#10334 = PRODUCT_DEFINITION('design','',#10333,#13);
#10335 = PRODUCT_DEFINITION_SHAPE('','',#10334);
#10336 = ADVANCED_BREP_SHAPE_REPRESENTATION('carrier_J23',(#4,#5213),#9);
#10337 = SHAPE_DEFINITION_REPRESENTATION(#10335,#10336);
#10338 = PRODUCT('carrier_J24','carrier_J24','',(#12));
#10339 = PRODUCT_DEFINITION_FORMATION('','',#10338);
#10340 = PRODUCT_DEFINITION('design','',#10339,#13);
#10341 = PRODUCT_DEFINITION_SHAPE('','',#10340);
#10342 = ADVANCED_BREP_SHAPE_REPRESENTATION('carrier_J24',(#4,#5265),#9);
#10343 = SHAPE_DEFINITION_REPRESENTATION(#10341,#10342);
#10344 = PRODUCT('carrier_J25','carrier_J25','',(#12));
#10345 = PRODUCT_DEFINITION_FORMATION('','',#10344);
#10346 = PRODUCT_DEFINITION('design','',#10345,#13);
#10347 = PRODUCT_DEFINITION_SHAPE('','',#10346);
#10348 = ADVANCED_BREP_SHAPE_REPRESENTATION('carrier_J25',(#4,#5317),#9);
#10349 = SHAPE_DEFINITION_REPRESENTATION(#10347,#10348);
#10350 = PRODUCT('carrier_J26','carrier_J26','',(#12));
#10351 = PRODUCT_DEFINITION_FORMATION('','',#10350);
#10352 = PRODUCT_DEFINITION('design','',#10351,#13);
#10353 = PRODUCT_DEFINITION_SHAPE('','',#10352);
#10354 = ADVANCED_BREP_SHAPE_REPRESENTATION('carrier_J26',(#4,#5369),#9);
#10355 = SHAPE_DEFINITION_REPRESENTATION(#10353,#10354);
#10356 = PRODUCT('carrier_J27','carrier_J27','',(#12));
#10357 = PRODUCT_DEFINITION_FORMATION('','',#10356);
#10358 = PRODUCT_DEFINITION('design','',#10357,#13);
#10359 = PRODUCT_DEFINITION_SHAPE('','',#10358);
#10360 = ADVANCED_BREP_SHAPE_REPRESENTATION('carrier_J27',(#4,#5421),#9);
#10361 = SHAPE_DEFINITION_REPRESENTATION(#10359,#10360);
#10362 = PRODUCT('carrier_J28','carrier_J28','',(#12));
#10363 = PRODUCT_DEFINITION_FORMATION('','',#10362);
#10364 = PRODUCT_DEFINITION('design','',#10363,#13);
#10365 = PRODUCT_DEFINITION_SHAPE('','',#10364);
#10366 = ADVANCED_BREP_SHAPE_REPRESENTATION('carrier_J28',(#4,#5473),#9);
#10367 = SHAPE_DEFINITION_REPRESENTATION(#10365,#10366);
#10368 = PRODUCT('carrier_J29','carrier_J29','',(#12));
#10369 = PRODUCT_DEFINITION_FORMATION('','',#10368);
#10370 = PRODUCT_DEFINITION('design','',#10369,#13);
#10371 = PRODUCT_DEFINITION_SHAPE('','',#10370);
#10372 = ADVANCED_BREP_SHAPE_REPRESENTATION('carrier_J29',(#4,#5525),#9);
#10373 = SHAPE_DEFINITION_REPRESENTATION(#10371,#10372);
#10374 = PRODUCT('carrier_J30','carrier_J30','',(#12));
#10375 = PRODUCT_DEFINITION_FORMATION('','',#10374);
#10376 = PRODUCT_DEFINITION('design','',#10375,#13);
#10377 = PRODUCT_DEFINITION_SHAPE('','',#10376);
#10378 = ADVANCED_BREP_SHAPE_REPRESENTATION('carrier_J30',(#4,#5577),#9);
#10379 = SHAPE_DEFINITION_REPRESENTATION(#10377,#10378);
#10380 = PRODUCT('carrier_L1','carrier_L1','',(#12));
#10381 = PRODUCT_DEFINITION_FORMATION('','',#10380);
#10382 = PRODUCT_DEFINITION('design','',#10381,#13);
#10383 = PRODUCT_DEFINITION_SHAPE('','',#10382);
#10384 = ADVANCED_BREP_SHAPE_REPRESENTATION('carrier_L1',(#4,#5629),#9);
#10385 = SHAPE_DEFINITION_REPRESENTATION(#10383,#10384);
#10386 = PRODUCT('carrier_R1','carrier_R1','',(#12));
#10387 = PRODUCT_DEFINITION_FORMATION('','',#10386);
#10388 = PRODUCT_DEFINITION('design','',#10387,#13);
#10389 = PRODUCT_DEFINITION_SHAPE('','',#10388);
#10390 = ADVANCED_BREP_SHAPE_REPRESENTATION('carrier_R1',(#4,#5681),#9);
#10391 = SHAPE_DEFINITION_REPRESENTATION(#10389,#10390);
#10392 = PRODUCT('carrier_R2','carrier_R2','',(#12));
#10393 = PRODUCT_DEFINITION_FORMATION('','',#10392);
#10394 = PRODUCT_DEFINITION('design','',#10393,#13);
#10395 = PRODUCT_DEFINITION_SHAPE('','',#10394);
#10396 = ADVANCED_BREP_SHAPE_REPRESENTATION('carrier_R2',(#4,#5733),#9);
#10397 = SHAPE_DEFINITION_REPRESENTATION(#10395,#10396);
#10398 = PRODUCT('carrier_R3','carrier_R3','',(#12));
#10399 = PRODUCT_DEFINITION_FORMATION('','',#10398);
#10400 = PRODUCT_DEFINITION('design','',#10399,#13);
#10401 = PRODUCT_DEFINITION_SHAPE('','',#10400);
#10402 = ADVANCED_BREP_SHAPE_REPRESENTATION('carrier_R3',(#4,#5785),#9);
#10403 = SHAPE_DEFINITION_REPRESENTATION(#10401,#10402);
#10404 = PRODUCT('carrier_R4','carrier_R4','',(#12));
#10405 = PRODUCT_DEFINITION_FORMATION('','',#10404);
#10406 = PRODUCT_DEFINITION('design','',#10405,#13);
#10407 = PRODUCT_DEFINITION_SHAPE('','',#10406);
#10408 = ADVANCED_BREP_SHAPE_REPRESENTATION('carrier_R4',(#4,#5837),#9);
#10409 = SHAPE_DEFINITION_REPRESENTATION(#10407,#10408);
#10410 = PRODUCT('carrier_R5','carrier_R5','',(#12));
#10411 = PRODUCT_DEFINITION_FORMATION('','',#10410);
#10412 = PRODUCT_DEFINITION('design','',#10411,#13);
#10413 = PRODUCT_DEFINITION_SHAPE('','',#10412);
#10414 = ADVANCED_BREP_SHAPE_REPRESENTATION('carrier_R5',(#4,#5889),#9);
#10415 = SHAPE_DEFINITION_REPRESENTATION(#10413,#10414);
#10416 = PRODUCT('carrier_R6','carrier_R6','',(#12));
#10417 = PRODUCT_DEFINITION_FORMATION('','',#10416);
#10418 = PRODUCT_DEFINITION('design','',#10417,#13);
#10419 = PRODUCT_DEFINITION_SHAPE('','',#10418);
#10420 = ADVANCED_BREP_SHAPE_REPRESENTATION('carrier_R6',(#4,#5941),#9);
#10421 = SHAPE_DEFINITION_REPRESENTATION(#10419,#10420);
#10422 = PRODUCT('carrier_R7','carrier_R7','',(#12));
#10423 = PRODUCT_DEFINITION_FORMATION('','',#10422);
#10424 = PRODUCT_DEFINITION('design','',#10423,#13);
#10425 = PRODUCT_DEFINITION_SHAPE('','',#10424);
#10426 = ADVANCED_BREP_SHAPE_REPRESENTATION('carrier_R7',(#4,#5993),#9);
#10427 = SHAPE_DEFINITION_REPRESENTATION(#10425,#10426);
#10428 = PRODUCT('carrier_R8','carrier_R8','',(#12));
#10429 = PRODUCT_DEFINITION_FORMATION('','',#10428);
#10430 = PRODUCT_DEFINITION('design','',#10429,#13);
#10431 = PRODUCT_DEFINITION_SHAPE('','',#10430);
#10432 = ADVANCED_BREP_SHAPE_REPRESENTATION('carrier_R8',(#4,#6045),#9);
#10433 = SHAPE_DEFINITION_REPRESENTATION(#10431,#10432);
#10434 = PRODUCT('carrier_R9','carrier_R9','',(#12));
#10435 = PRODUCT_DEFINITION_FORMATION('','',#10434);
#10436 = PRODUCT_DEFINITION('design','',#10435,#13);
#10437 = PRODUCT_DEFINITION_SHAPE('','',#10436);
#10438 = ADVANCED_BREP_SHAPE_REPRESENTATION('carrier_R9',(#4,#6097),#9);
#10439 = SHAPE_DEFINITION_REPRESENTATION(#10437,#10438);
#10440 = PRODUCT('carrier_R10','carrier_R10','',(#12));
#10441 = PRODUCT_DEFINITION_FORMATION('','',#10440);
#10442 = PRODUCT_DEFINITION('design','',#10441,#13);
#10443 = PRODUCT_DEFINITION_SHAPE('','',#10442);
#10444 = ADVANCED_BREP_SHAPE_REPRESENTATION('carrier_R10',(#4,#6149),#9);
#10445 = SHAPE_DEFINITION_REPRESENTATION(#10443,#10444);
#10446 = PRODUCT('carrier_R11','carrier_R11','',(#12));
#10447 = PRODUCT_DEFINITION_FORMATION('','',#10446);
#10448 = PRODUCT_DEFINITION('design','',#10447,#13);
#10449 = PRODUCT_DEFINITION_SHAPE('','',#10448);
#10450 = ADVANCED_BREP_SHAPE_REPRESENTATION('carrier_R11',(#4,#6201),#9);
#10451 = SHAPE_DEFINITION_REPRESENTATION(#10449,#10450);
#10452 = PRODUCT('carrier_R12','carrier_R12','',(#12));
#10453 = PRODUCT_DEFINITION_FORMATION('','',#10452);
#10454 = PRODUCT_DEFINITION('design','',#10453,#13);
#10455 = PRODUCT_DEFINITION_SHAPE('','',#10454);
#10456 = ADVANCED_BREP_SHAPE_REPRESENTATION('carrier_R12',(#4,#6253),#9);
#10457 = SHAPE_DEFINITION_REPRESENTATION(#10455,#10456);
#10458 = PRODUCT('carrier_R13','carrier_R13','',(#12));
#10459 = PRODUCT_DEFINITION_FORMATION('','',#10458);
#10460 = PRODUCT_DEFINITION('design','',#10459,#13);
#10461 = PRODUCT_DEFINITION_SHAPE('','',#10460);
#10462 = ADVANCED_BREP_SHAPE_REPRESENTATION('carrier_R13',(#4,#6305),#9);
#10463 = SHAPE_DEFINITION_REPRESENTATION(#10461,#10462);
#10464 = PRODUCT('carrier_R14','carrier_R14','',(#12));
#10465 = PRODUCT_DEFINITION_FORMATION('','',#10464);
#10466 = PRODUCT_DEFINITION('design','',#10465,#13);
#10467 = PRODUCT_DEFINITION_SHAPE('','',#10466);
#10468 = ADVANCED_BREP_SHAPE_REPRESENTATION('carrier_R14',(#4,#6357),#9);
#10469 = SHAPE_DEFINITION_REPRESENTATION(#10467,#10468);
#10470 = PRODUCT('carrier_R15','carrier_R15','',(#12));
#10471 = PRODUCT_DEFINITION_FORMATION('','',#10470);
#10472 = PRODUCT_DEFINITION('design','',#10471,#13);
#10473 = PRODUCT_DEFINITION_SHAPE('','',#10472);
#10474 = ADVANCED_BREP_SHAPE_REPRESENTATION('carrier_R15',(#4,#6409),#9);
#10475 = SHAPE_DEFINITION_REPRESENTATION(#10473,#10474);
#10476 = PRODUCT('carrier_R16','carrier_R16','',(#12));
#10477 = PRODUCT_DEFINITION_FORMATION('','',#10476);
#10478 = PRODUCT_DEFINITION('design','',#10477,#13);
#10479 = PRODUCT_DEFINITION_SHAPE('','',#10478);
#10480 = ADVANCED_BREP_SHAPE_REPRESENTATION('carrier_R16',(#4,#6461),#9);
#10481 = SHAPE_DEFINITION_REPRESENTATION(#10479,#10480);
#10482 = PRODUCT('carrier_R20','carrier_R20','',(#12));
#10483 = PRODUCT_DEFINITION_FORMATION('','',#10482);
#10484 = PRODUCT_DEFINITION('design','',#10483,#13);
#10485 = PRODUCT_DEFINITION_SHAPE('','',#10484);
#10486 = ADVANCED_BREP_SHAPE_REPRESENTATION('carrier_R20',(#4,#6513),#9);
#10487 = SHAPE_DEFINITION_REPRESENTATION(#10485,#10486);
#10488 = PRODUCT('carrier_R21','carrier_R21','',(#12));
#10489 = PRODUCT_DEFINITION_FORMATION('','',#10488);
#10490 = PRODUCT_DEFINITION('design','',#10489,#13);
#10491 = PRODUCT_DEFINITION_SHAPE('','',#10490);
#10492 = ADVANCED_BREP_SHAPE_REPRESENTATION('carrier_R21',(#4,#6565),#9);
#10493 = SHAPE_DEFINITION_REPRESENTATION(#10491,#10492);
#10494 = PRODUCT('carrier_R22','carrier_R22','',(#12));
#10495 = PRODUCT_DEFINITION_FORMATION('','',#10494);
#10496 = PRODUCT_DEFINITION('design','',#10495,#13);
#10497 = PRODUCT_DEFINITION_SHAPE('','',#10496);
#10498 = ADVANCED_BREP_SHAPE_REPRESENTATION('carrier_R22',(#4,#6617),#9);
#10499 = SHAPE_DEFINITION_REPRESENTATION(#10497,#10498);
#10500 = PRODUCT('carrier_R23','carrier_R23','',(#12));
#10501 = PRODUCT_DEFINITION_FORMATION('','',#10500);
#10502 = PRODUCT_DEFINITION('design','',#10501,#13);
#10503 = PRODUCT_DEFINITION_SHAPE('','',#10502);
#10504 = ADVANCED_BREP_SHAPE_REPRESENTATION('carrier_R23',(#4,#6669),#9);
#10505 = SHAPE_DEFINITION_REPRESENTATION(#10503,#10504);
#10506 = PRODUCT('carrier_R24','carrier_R24','',(#12));
#10507 = PRODUCT_DEFINITION_FORMATION('','',#10506);
#10508 = PRODUCT_DEFINITION('design','',#10507,#13);
#10509 = PRODUCT_DEFINITION_SHAPE('','',#10508);
#10510 = ADVANCED_BREP_SHAPE_REPRESENTATION('carrier_R24',(#4,#6721),#9);
#10511 = SHAPE_DEFINITION_REPRESENTATION(#10509,#10510);
#10512 = PRODUCT('carrier_R25','carrier_R25','',(#12));
#10513 = PRODUCT_DEFINITION_FORMATION('','',#10512);
#10514 = PRODUCT_DEFINITION('design','',#10513,#13);
#10515 = PRODUCT_DEFINITION_SHAPE('','',#10514);
#10516 = ADVANCED_BREP_SHAPE_REPRESENTATION('carrier_R25',(#4,#6773),#9);
#10517 = SHAPE_DEFINITION_REPRESENTATION(#10515,#10516);
#10518 = PRODUCT('carrier_R26','carrier_R26','',(#12));
#10519 = PRODUCT_DEFINITION_FORMATION('','',#10518);
#10520 = PRODUCT_DEFINITION('design','',#10519,#13);
#10521 = PRODUCT_DEFINITION_SHAPE('','',#10520);
#10522 = ADVANCED_BREP_SHAPE_REPRESENTATION('carrier_R26',(#4,#6825),#9);
#10523 = SHAPE_DEFINITION_REPRESENTATION(#10521,#10522);
#10524 = PRODUCT('carrier_R27','carrier_R27','',(#12));
#10525 = PRODUCT_DEFINITION_FORMATION('','',#10524);
#10526 = PRODUCT_DEFINITION('design','',#10525,#13);
#10527 = PRODUCT_DEFINITION_SHAPE('','',#10526);
#10528 = ADVANCED_BREP_SHAPE_REPRESENTATION('carrier_R27',(#4,#6877),#9);
#10529 = SHAPE_DEFINITION_REPRESENTATION(#10527,#10528);
#10530 = PRODUCT('carrier_R28','carrier_R28','',(#12));
#10531 = PRODUCT_DEFINITION_FORMATION('','',#10530);
#10532 = PRODUCT_DEFINITION('design','',#10531,#13);
#10533 = PRODUCT_DEFINITION_SHAPE('','',#10532);
#10534 = ADVANCED_BREP_SHAPE_REPRESENTATION('carrier_R28',(#4,#6929),#9);
#10535 = SHAPE_DEFINITION_REPRESENTATION(#10533,#10534);
#10536 = PRODUCT('carrier_R40','carrier_R40','',(#12));
#10537 = PRODUCT_DEFINITION_FORMATION('','',#10536);
#10538 = PRODUCT_DEFINITION('design','',#10537,#13);
#10539 = PRODUCT_DEFINITION_SHAPE('','',#10538);
#10540 = ADVANCED_BREP_SHAPE_REPRESENTATION('carrier_R40',(#4,#6981),#9);
#10541 = SHAPE_DEFINITION_REPRESENTATION(#10539,#10540);
#10542 = PRODUCT('carrier_R41','carrier_R41','',(#12));
#10543 = PRODUCT_DEFINITION_FORMATION('','',#10542);
#10544 = PRODUCT_DEFINITION('design','',#10543,#13);
#10545 = PRODUCT_DEFINITION_SHAPE('','',#10544);
#10546 = ADVANCED_BREP_SHAPE_REPRESENTATION('carrier_R41',(#4,#7033),#9);
#10547 = SHAPE_DEFINITION_REPRESENTATION(#10545,#10546);
#10548 = PRODUCT('carrier_R42','carrier_R42','',(#12));
#10549 = PRODUCT_DEFINITION_FORMATION('','',#10548);
#10550 = PRODUCT_DEFINITION('design','',#10549,#13);
#10551 = PRODUCT_DEFINITION_SHAPE('','',#10550);
#10552 = ADVANCED_BREP_SHAPE_REPRESENTATION('carrier_R42',(#4,#7085),#9);
#10553 = SHAPE_DEFINITION_REPRESENTATION(#10551,#10552);
#10554 = PRODUCT('carrier_R43','carrier_R43','',(#12));
#10555 = PRODUCT_DEFINITION_FORMATION('','',#10554);
#10556 = PRODUCT_DEFINITION('design','',#10555,#13);
#10557 = PRODUCT_DEFINITION_SHAPE('','',#10556);
#10558 = ADVANCED_BREP_SHAPE_REPRESENTATION('carrier_R43',(#4,#7137),#9);
#10559 = SHAPE_DEFINITION_REPRESENTATION(#10557,#10558);
#10560 = PRODUCT('carrier_R44','carrier_R44','',(#12));
#10561 = PRODUCT_DEFINITION_FORMATION('','',#10560);
#10562 = PRODUCT_DEFINITION('design','',#10561,#13);
#10563 = PRODUCT_DEFINITION_SHAPE('','',#10562);
#10564 = ADVANCED_BREP_SHAPE_REPRESENTATION('carrier_R44',(#4,#7189),#9);
#10565 = SHAPE_DEFINITION_REPRESENTATION(#10563,#10564);
#10566 = PRODUCT('carrier_R45','carrier_R45','',(#12));
#10567 = PRODUCT_DEFINITION_FORMATION('','',#10566);
#10568 = PRODUCT_DEFINITION('design','',#10567,#13);
#10569 = PRODUCT_DEFINITION_SHAPE('','',#10568);
#10570 = ADVANCED_BREP_SHAPE_REPRESENTATION('carrier_R45',(#4,#7241),#9);
#10571 = SHAPE_DEFINITION_REPRESENTATION(#10569,#10570);
#10572 = PRODUCT('carrier_R46','carrier_R46','',(#12));
#10573 = PRODUCT_DEFINITION_FORMATION('','',#10572);
#10574 = PRODUCT_DEFINITION('design','',#10573,#13);
#10575 = PRODUCT_DEFINITION_SHAPE('','',#10574);
#10576 = ADVANCED_BREP_SHAPE_REPRESENTATION('carrier_R46',(#4,#7293),#9);
#10577 = SHAPE_DEFINITION_REPRESENTATION(#10575,#10576);
#10578 = PRODUCT('carrier_R47','carrier_R47','',(#12));
#10579 = PRODUCT_DEFINITION_FORMATION('','',#10578);
#10580 = PRODUCT_DEFINITION('design','',#10579,#13);
#10581 = PRODUCT_DEFINITION_SHAPE('','',#10580);
#10582 = ADVANCED_BREP_SHAPE_REPRESENTATION('carrier_R47',(#4,#7345),#9);
#10583 = SHAPE_DEFINITION_REPRESENTATION(#10581,#10582);
#10584 = PRODUCT('carrier_R48','carrier_R48','',(#12));
#10585 = PRODUCT_DEFINITION_FORMATION('','',#10584);
#10586 = PRODUCT_DEFINITION('design','',#10585,#13);
#10587 = PRODUCT_DEFINITION_SHAPE('','',#10586);
#10588 = ADVANCED_BREP_SHAPE_REPRESENTATION('carrier_R48',(#4,#7397),#9);
#10589 = SHAPE_DEFINITION_REPRESENTATION(#10587,#10588);
#10590 = PRODUCT('carrier_R50','carrier_R50','',(#12));
#10591 = PRODUCT_DEFINITION_FORMATION('','',#10590);
#10592 = PRODUCT_DEFINITION('design','',#10591,#13);
#10593 = PRODUCT_DEFINITION_SHAPE('','',#10592);
#10594 = ADVANCED_BREP_SHAPE_REPRESENTATION('carrier_R50',(#4,#7449),#9);
#10595 = SHAPE_DEFINITION_REPRESENTATION(#10593,#10594);
#10596 = PRODUCT('carrier_R51','carrier_R51','',(#12));
#10597 = PRODUCT_DEFINITION_FORMATION('','',#10596);
#10598 = PRODUCT_DEFINITION('design','',#10597,#13);
#10599 = PRODUCT_DEFINITION_SHAPE('','',#10598);
#10600 = ADVANCED_BREP_SHAPE_REPRESENTATION('carrier_R51',(#4,#7501),#9);
#10601 = SHAPE_DEFINITION_REPRESENTATION(#10599,#10600);
#10602 = PRODUCT('carrier_R52','carrier_R52','',(#12));
#10603 = PRODUCT_DEFINITION_FORMATION('','',#10602);
#10604 = PRODUCT_DEFINITION('design','',#10603,#13);
#10605 = PRODUCT_DEFINITION_SHAPE('','',#10604);
#10606 = ADVANCED_BREP_SHAPE_REPRESENTATION('carrier_R52',(#4,#7553),#9);
#10607 = SHAPE_DEFINITION_REPRESENTATION(#10605,#10606);
#10608 = PRODUCT('carrier_R60','carrier_R60','',(#12));
#10609 = PRODUCT_DEFINITION_FORMATION('','',#10608);
#10610 = PRODUCT_DEFINITION('design','',#10609,#13);
#10611 = PRODUCT_DEFINITION_SHAPE('','',#10610);
#10612 = ADVANCED_BREP_SHAPE_REPRESENTATION('carrier_R60',(#4,#7605),#9);
#10613 = SHAPE_DEFINITION_REPRESENTATION(#10611,#10612);
#10614 = PRODUCT('carrier_R61','carrier_R61','',(#12));
#10615 = PRODUCT_DEFINITION_FORMATION('','',#10614);
#10616 = PRODUCT_DEFINITION('design','',#10615,#13);
#10617 = PRODUCT_DEFINITION_SHAPE('','',#10616);
#10618 = ADVANCED_BREP_SHAPE_REPRESENTATION('carrier_R61',(#4,#7657),#9);
#10619 = SHAPE_DEFINITION_REPRESENTATION(#10617,#10618);
#10620 = PRODUCT('carrier_R62','carrier_R62','',(#12));
#10621 = PRODUCT_DEFINITION_FORMATION('','',#10620);
#10622 = PRODUCT_DEFINITION('design','',#10621,#13);
#10623 = PRODUCT_DEFINITION_SHAPE('','',#10622);
#10624 = ADVANCED_BREP_SHAPE_REPRESENTATION('carrier_R62',(#4,#7709),#9);
#10625 = SHAPE_DEFINITION_REPRESENTATION(#10623,#10624);
#10626 = PRODUCT('carrier_R63','carrier_R63','',(#12));
#10627 = PRODUCT_DEFINITION_FORMATION('','',#10626);
#10628 = PRODUCT_DEFINITION('design','',#10627,#13);
#10629 = PRODUCT_DEFINITION_SHAPE('','',#10628);
#10630 = ADVANCED_BREP_SHAPE_REPRESENTATION('carrier_R63',(#4,#7761),#9);
#10631 = SHAPE_DEFINITION_REPRESENTATION(#10629,#10630);
#10632 = PRODUCT('carrier_R64','carrier_R64','',(#12));
#10633 = PRODUCT_DEFINITION_FORMATION('','',#10632);
#10634 = PRODUCT_DEFINITION('design','',#10633,#13);
#10635 = PRODUCT_DEFINITION_SHAPE('','',#10634);
#10636 = ADVANCED_BREP_SHAPE_REPRESENTATION('carrier_R64',(#4,#7813),#9);
#10637 = SHAPE_DEFINITION_REPRESENTATION(#10635,#10636);
#10638 = PRODUCT('carrier_R65','carrier_R65','',(#12));
#10639 = PRODUCT_DEFINITION_FORMATION('','',#10638);
#10640 = PRODUCT_DEFINITION('design','',#10639,#13);
#10641 = PRODUCT_DEFINITION_SHAPE('','',#10640);
#10642 = ADVANCED_BREP_SHAPE_REPRESENTATION('carrier_R65',(#4,#7865),#9);
#10643 = SHAPE_DEFINITION_REPRESENTATION(#10641,#10642);
#10644 = PRODUCT('carrier_R66','carrier_R66','',(#12));
#10645 = PRODUCT_DEFINITION_FORMATION('','',#10644);
#10646 = PRODUCT_DEFINITION('design','',#10645,#13);
#10647 = PRODUCT_DEFINITION_SHAPE('','',#10646);
#10648 = ADVANCED_BREP_SHAPE_REPRESENTATION('carrier_R66',(#4,#7917),#9);
#10649 = SHAPE_DEFINITION_REPRESENTATION(#10647,#10648);
#10650 = PRODUCT('carrier_R67','carrier_R67','',(#12));
#10651 = PRODUCT_DEFINITION_FORMATION('','',#10650);
#10652 = PRODUCT_DEFINITION('design','',#10651,#13);
#10653 = PRODUCT_DEFINITION_SHAPE('','',#10652);
#10654 = ADVANCED_BREP_SHAPE_REPRESENTATION('carrier_R67',(#4,#7969),#9);
#10655 = SHAPE_DEFINITION_REPRESENTATION(#10653,#10654);
#10656 = PRODUCT('carrier_R68','carrier_R68','',(#12));
#10657 = PRODUCT_DEFINITION_FORMATION('','',#10656);
#10658 = PRODUCT_DEFINITION('design','',#10657,#13);
#10659 = PRODUCT_DEFINITION_SHAPE('','',#10658);
#10660 = ADVANCED_BREP_SHAPE_REPRESENTATION('carrier_R68',(#4,#8021),#9);
#10661 = SHAPE_DEFINITION_REPRESENTATION(#10659,#10660);
#10662 = PRODUCT('carrier_R70','carrier_R70','',(#12));
#10663 = PRODUCT_DEFINITION_FORMATION('','',#10662);
#10664 = PRODUCT_DEFINITION('design','',#10663,#13);
#10665 = PRODUCT_DEFINITION_SHAPE('','',#10664);
#10666 = ADVANCED_BREP_SHAPE_REPRESENTATION('carrier_R70',(#4,#8073),#9);
#10667 = SHAPE_DEFINITION_REPRESENTATION(#10665,#10666);
#10668 = PRODUCT('carrier_R71','carrier_R71','',(#12));
#10669 = PRODUCT_DEFINITION_FORMATION('','',#10668);
#10670 = PRODUCT_DEFINITION('design','',#10669,#13);
#10671 = PRODUCT_DEFINITION_SHAPE('','',#10670);
#10672 = ADVANCED_BREP_SHAPE_REPRESENTATION('carrier_R71',(#4,#8125),#9);
#10673 = SHAPE_DEFINITION_REPRESENTATION(#10671,#10672);
#10674 = PRODUCT('carrier_R72','carrier_R72','',(#12));
#10675 = PRODUCT_DEFINITION_FORMATION('','',#10674);
#10676 = PRODUCT_DEFINITION('design','',#10675,#13);
#10677 = PRODUCT_DEFINITION_SHAPE('','',#10676);
#10678 = ADVANCED_BREP_SHAPE_REPRESENTATION('carrier_R72',(#4,#8177),#9);
#10679 = SHAPE_DEFINITION_REPRESENTATION(#10677,#10678);
#10680 = PRODUCT('carrier_R73','carrier_R73','',(#12));
#10681 = PRODUCT_DEFINITION_FORMATION('','',#10680);
#10682 = PRODUCT_DEFINITION('design','',#10681,#13);
#10683 = PRODUCT_DEFINITION_SHAPE('','',#10682);
#10684 = ADVANCED_BREP_SHAPE_REPRESENTATION('carrier_R73',(#4,#8229),#9);
#10685 = SHAPE_DEFINITION_REPRESENTATION(#10683,#10684);
#10686 = PRODUCT('carrier_R74','carrier_R74','',(#12));
#10687 = PRODUCT_DEFINITION_FORMATION('','',#10686);
#10688 = PRODUCT_DEFINITION('design','',#10687,#13);
#10689 = PRODUCT_DEFINITION_SHAPE('','',#10688);
#10690 = ADVANCED_BREP_SHAPE_REPRESENTATION('carrier_R74',(#4,#8281),#9);
#10691 = SHAPE_DEFINITION_REPRESENTATION(#10689,#10690);
#10692 = PRODUCT('carrier_R75','carrier_R75','',(#12));
#10693 = PRODUCT_DEFINITION_FORMATION('','',#10692);
#10694 = PRODUCT_DEFINITION('design','',#10693,#13);
#10695 = PRODUCT_DEFINITION_SHAPE('','',#10694);
#10696 = ADVANCED_BREP_SHAPE_REPRESENTATION('carrier_R75',(#4,#8333),#9);
#10697 = SHAPE_DEFINITION_REPRESENTATION(#10695,#10696);
#10698 = PRODUCT('carrier_R76','carrier_R76','',(#12));
#10699 = PRODUCT_DEFINITION_FORMATION('','',#10698);
#10700 = PRODUCT_DEFINITION('design','',#10699,#13);
#10701 = PRODUCT_DEFINITION_SHAPE('','',#10700);
#10702 = ADVANCED_BREP_SHAPE_REPRESENTATION('carrier_R76',(#4,#8385),#9);
#10703 = SHAPE_DEFINITION_REPRESENTATION(#10701,#10702);
#10704 = PRODUCT('carrier_R77','carrier_R77','',(#12));
#10705 = PRODUCT_DEFINITION_FORMATION('','',#10704);
#10706 = PRODUCT_DEFINITION('design','',#10705,#13);
#10707 = PRODUCT_DEFINITION_SHAPE('','',#10706);
#10708 = ADVANCED_BREP_SHAPE_REPRESENTATION('carrier_R77',(#4,#8437),#9);
#10709 = SHAPE_DEFINITION_REPRESENTATION(#10707,#10708);
#10710 = PRODUCT('carrier_R78','carrier_R78','',(#12));
#10711 = PRODUCT_DEFINITION_FORMATION('','',#10710);
#10712 = PRODUCT_DEFINITION('design','',#10711,#13);
#10713 = PRODUCT_DEFINITION_SHAPE('','',#10712);
#10714 = ADVANCED_BREP_SHAPE_REPRESENTATION('carrier_R78',(#4,#8489),#9);
#10715 = SHAPE_DEFINITION_REPRESENTATION(#10713,#10714);
#10716 = PRODUCT('carrier_R79','carrier_R79','',(#12));
#10717 = PRODUCT_DEFINITION_FORMATION('','',#10716);
#10718 = PRODUCT_DEFINITION('design','',#10717,#13);
#10719 = PRODUCT_DEFINITION_SHAPE('','',#10718);
#10720 = ADVANCED_BREP_SHAPE_REPRESENTATION('carrier_R79',(#4,#8541),#9);
#10721 = SHAPE_DEFINITION_REPRESENTATION(#10719,#10720);
#10722 = PRODUCT('carrier_R80','carrier_R80','',(#12));
#10723 = PRODUCT_DEFINITION_FORMATION('','',#10722);
#10724 = PRODUCT_DEFINITION('design','',#10723,#13);
#10725 = PRODUCT_DEFINITION_SHAPE('','',#10724);
#10726 = ADVANCED_BREP_SHAPE_REPRESENTATION('carrier_R80',(#4,#8593),#9);
#10727 = SHAPE_DEFINITION_REPRESENTATION(#10725,#10726);
#10728 = PRODUCT('carrier_R81','carrier_R81','',(#12));
#10729 = PRODUCT_DEFINITION_FORMATION('','',#10728);
#10730 = PRODUCT_DEFINITION('design','',#10729,#13);
#10731 = PRODUCT_DEFINITION_SHAPE('','',#10730);
#10732 = ADVANCED_BREP_SHAPE_REPRESENTATION('carrier_R81',(#4,#8645),#9);
#10733 = SHAPE_DEFINITION_REPRESENTATION(#10731,#10732);
#10734 = PRODUCT('carrier_R82','carrier_R82','',(#12));
#10735 = PRODUCT_DEFINITION_FORMATION('','',#10734);
#10736 = PRODUCT_DEFINITION('design','',#10735,#13);
#10737 = PRODUCT_DEFINITION_SHAPE('','',#10736);
#10738 = ADVANCED_BREP_SHAPE_REPRESENTATION('carrier_R82',(#4,#8697),#9);
#10739 = SHAPE_DEFINITION_REPRESENTATION(#10737,#10738);
#10740 = PRODUCT('carrier_R83','carrier_R83','',(#12));
#10741 = PRODUCT_DEFINITION_FORMATION('','',#10740);
#10742 = PRODUCT_DEFINITION('design','',#10741,#13);
#10743 = PRODUCT_DEFINITION_SHAPE('','',#10742);
#10744 = ADVANCED_BREP_SHAPE_REPRESENTATION('carrier_R83',(#4,#8749),#9);
#10745 = SHAPE_DEFINITION_REPRESENTATION(#10743,#10744);
#10746 = PRODUCT('carrier_R84','carrier_R84','',(#12));
#10747 = PRODUCT_DEFINITION_FORMATION('','',#10746);
#10748 = PRODUCT_DEFINITION('design','',#10747,#13);
#10749 = PRODUCT_DEFINITION_SHAPE('','',#10748);
#10750 = ADVANCED_BREP_SHAPE_REPRESENTATION('carrier_R84',(#4,#8801),#9);
#10751 = SHAPE_DEFINITION_REPRESENTATION(#10749,#10750);
#10752 = PRODUCT('carrier_R85','carrier_R85','',(#12));
#10753 = PRODUCT_DEFINITION_FORMATION('','',#10752);
#10754 = PRODUCT_DEFINITION('design','',#10753,#13);
#10755 = PRODUCT_DEFINITION_SHAPE('','',#10754);
#10756 = ADVANCED_BREP_SHAPE_REPRESENTATION('carrier_R85',(#4,#8853),#9);
#10757 = SHAPE_DEFINITION_REPRESENTATION(#10755,#10756);
#10758 = PRODUCT('carrier_R86','carrier_R86','',(#12));
#10759 = PRODUCT_DEFINITION_FORMATION('','',#10758);
#10760 = PRODUCT_DEFINITION('design','',#10759,#13);
#10761 = PRODUCT_DEFINITION_SHAPE('','',#10760);
#10762 = ADVANCED_BREP_SHAPE_REPRESENTATION('carrier_R86',(#4,#8905),#9);
#10763 = SHAPE_DEFINITION_REPRESENTATION(#10761,#10762);
#10764 = PRODUCT('carrier_R87','carrier_R87','',(#12));
#10765 = PRODUCT_DEFINITION_FORMATION('','',#10764);
#10766 = PRODUCT_DEFINITION('design','',#10765,#13);
#10767 = PRODUCT_DEFINITION_SHAPE('','',#10766);
#10768 = ADVANCED_BREP_SHAPE_REPRESENTATION('carrier_R87',(#4,#8957),#9);
#10769 = SHAPE_DEFINITION_REPRESENTATION(#10767,#10768);
#10770 = PRODUCT('carrier_R88','carrier_R88','',(#12));
#10771 = PRODUCT_DEFINITION_FORMATION('','',#10770);
#10772 = PRODUCT_DEFINITION('design','',#10771,#13);
#10773 = PRODUCT_DEFINITION_SHAPE('','',#10772);
#10774 = ADVANCED_BREP_SHAPE_REPRESENTATION('carrier_R88',(#4,#9009),#9);
#10775 = SHAPE_DEFINITION_REPRESENTATION(#10773,#10774);
#10776 = PRODUCT('carrier_R89','carrier_R89','',(#12));
#10777 = PRODUCT_DEFINITION_FORMATION('','',#10776);
#10778 = PRODUCT_DEFINITION('design','',#10777,#13);
#10779 = PRODUCT_DEFINITION_SHAPE('','',#10778);
#10780 = ADVANCED_BREP_SHAPE_REPRESENTATION('carrier_R89',(#4,#9061),#9);
#10781 = SHAPE_DEFINITION_REPRESENTATION(#10779,#10780);
#10782 = PRODUCT('carrier_R90','carrier_R90','',(#12));
#10783 = PRODUCT_DEFINITION_FORMATION('','',#10782);
#10784 = PRODUCT_DEFINITION('design','',#10783,#13);
#10785 = PRODUCT_DEFINITION_SHAPE('','',#10784);
#10786 = ADVANCED_BREP_SHAPE_REPRESENTATION('carrier_R90',(#4,#9113),#9);
#10787 = SHAPE_DEFINITION_REPRESENTATION(#10785,#10786);
#10788 = PRODUCT('carrier_R91','carrier_R91','',(#12));
#10789 = PRODUCT_DEFINITION_FORMATION('','',#10788);
#10790 = PRODUCT_DEFINITION('design','',#10789,#13);
#10791 = PRODUCT_DEFINITION_SHAPE('','',#10790);
#10792 = ADVANCED_BREP_SHAPE_REPRESENTATION('carrier_R91',(#4,#9165),#9);
#10793 = SHAPE_DEFINITION_REPRESENTATION(#10791,#10792);
#10794 = PRODUCT('carrier_R92','carrier_R92','',(#12));
#10795 = PRODUCT_DEFINITION_FORMATION('','',#10794);
#10796 = PRODUCT_DEFINITION('design','',#10795,#13);
#10797 = PRODUCT_DEFINITION_SHAPE('','',#10796);
#10798 = ADVANCED_BREP_SHAPE_REPRESENTATION('carrier_R92',(#4,#9217),#9);
#10799 = SHAPE_DEFINITION_REPRESENTATION(#10797,#10798);
#10800 = PRODUCT('carrier_R93','carrier_R93','',(#12));
#10801 = PRODUCT_DEFINITION_FORMATION('','',#10800);
#10802 = PRODUCT_DEFINITION('design','',#10801,#13);
#10803 = PRODUCT_DEFINITION_SHAPE('','',#10802);
#10804 = ADVANCED_BREP_SHAPE_REPRESENTATION('carrier_R93',(#4,#9269),#9);
#10805 = SHAPE_DEFINITION_REPRESENTATION(#10803,#10804);
#10806 = PRODUCT('carrier_R94','carrier_R94','',(#12));
#10807 = PRODUCT_DEFINITION_FORMATION('','',#10806);
#10808 = PRODUCT_DEFINITION('design','',#10807,#13);
#10809 = PRODUCT_DEFINITION_SHAPE('','',#10808);
#10810 = ADVANCED_BREP_SHAPE_REPRESENTATION('carrier_R94',(#4,#9321),#9);
#10811 = SHAPE_DEFINITION_REPRESENTATION(#10809,#10810);
#10812 = PRODUCT('carrier_R95','carrier_R95','',(#12));
#10813 = PRODUCT_DEFINITION_FORMATION('','',#10812);
#10814 = PRODUCT_DEFINITION('design','',#10813,#13);
#10815 = PRODUCT_DEFINITION_SHAPE('','',#10814);
#10816 = ADVANCED_BREP_SHAPE_REPRESENTATION('carrier_R95',(#4,#9373),#9);
#10817 = SHAPE_DEFINITION_REPRESENTATION(#10815,#10816);
#10818 = PRODUCT('carrier_SW1','carrier_SW1','',(#12));
#10819 = PRODUCT_DEFINITION_FORMATION('','',#10818);
#10820 = PRODUCT_DEFINITION('design','',#10819,#13);
#10821 = PRODUCT_DEFINITION_SHAPE('','',#10820);
#10822 = ADVANCED_BREP_SHAPE_REPRESENTATION('carrier_SW1',(#4,#9425),#9);
#10823 = SHAPE_DEFINITION_REPRESENTATION(#10821,#10822);
#10824 = PRODUCT('carrier_SW2','carrier_SW2','',(#12));
#10825 = PRODUCT_DEFINITION_FORMATION('','',#10824);
#10826 = PRODUCT_DEFINITION('design','',#10825,#13);
#10827 = PRODUCT_DEFINITION_SHAPE('','',#10826);
#10828 = ADVANCED_BREP_SHAPE_REPRESENTATION('carrier_SW2',(#4,#9477),#9);
#10829 = SHAPE_DEFINITION_REPRESENTATION(#10827,#10828);
#10830 = PRODUCT('carrier_SW3','carrier_SW3','',(#12));
#10831 = PRODUCT_DEFINITION_FORMATION('','',#10830);
#10832 = PRODUCT_DEFINITION('design','',#10831,#13);
#10833 = PRODUCT_DEFINITION_SHAPE('','',#10832);
#10834 = ADVANCED_BREP_SHAPE_REPRESENTATION('carrier_SW3',(#4,#9529),#9);
#10835 = SHAPE_DEFINITION_REPRESENTATION(#10833,#10834);
#10836 = PRODUCT('carrier_U1','carrier_U1','',(#12));
#10837 = PRODUCT_DEFINITION_FORMATION('','',#10836);
#10838 = PRODUCT_DEFINITION('design','',#10837,#13);
#10839 = PRODUCT_DEFINITION_SHAPE('','',#10838);
#10840 = ADVANCED_BREP_SHAPE_REPRESENTATION('carrier_U1',(#4,#9581),#9);
#10841 = SHAPE_DEFINITION_REPRESENTATION(#10839,#10840);
#10842 = PRODUCT('carrier_U2','carrier_U2','',(#12));
#10843 = PRODUCT_DEFINITION_FORMATION('','',#10842);
#10844 = PRODUCT_DEFINITION('design','',#10843,#13);
#10845 = PRODUCT_DEFINITION_SHAPE('','',#10844);
#10846 = ADVANCED_BREP_SHAPE_REPRESENTATION('carrier_U2',(#4,#9633),#9);
#10847 = SHAPE_DEFINITION_REPRESENTATION(#10845,#10846);
#10848 = PRODUCT('carrier_U3','carrier_U3','',(#12));
#10849 = PRODUCT_DEFINITION_FORMATION('','',#10848);
#10850 = PRODUCT_DEFINITION('design','',#10849,#13);
#10851 = PRODUCT_DEFINITION_SHAPE('','',#10850);
#10852 = ADVANCED_BREP_SHAPE_REPRESENTATION('carrier_U3',(#4,#9685),#9);
#10853 = SHAPE_DEFINITION_REPRESENTATION(#10851,#10852);
#10854 = PRODUCT('carrier_U7','carrier_U7','',(#12));
#10855 = PRODUCT_DEFINITION_FORMATION('','',#10854);
#10856 = PRODUCT_DEFINITION('design','',#10855,#13);
#10857 = PRODUCT_DEFINITION_SHAPE('','',#10856);
#10858 = ADVANCED_BREP_SHAPE_REPRESENTATION('carrier_U7',(#4,#9737),#9);
#10859 = SHAPE_DEFINITION_REPRESENTATION(#10857,#10858);
ENDSEC;
END-ISO-10303-21;
