ISO-10303-21;
HEADER;
FILE_DESCRIPTION(('Open CASCADE Model'),'2;1');
FILE_NAME('HM-10 keyed 18650 cell carrier Rev A -- EEG field kit -- CC BY-SA 4.0','2026-09-02T18:43:12',('Author'),(
    'Open CASCADE'),'Open CASCADE STEP processor 7.9','Open CASCADE 7.9'
  ,'Unknown');
FILE_SCHEMA(('AUTOMOTIVE_DESIGN { 1 0 10303 214 1 1 1 1 }'));
ENDSEC;
DATA;
#1 = APPLICATION_PROTOCOL_DEFINITION('international standard',
  'automotive_design',2000,#2);
#2 = APPLICATION_CONTEXT(
  'core data for automotive mechanical design processes');
#3 = SHAPE_DEFINITION_REPRESENTATION(#4,#10);
#4 = PRODUCT_DEFINITION_SHAPE('','',#5);
#5 = PRODUCT_DEFINITION('design','',#6,#9);
#6 = PRODUCT_DEFINITION_FORMATION('','',#7);
#7 = PRODUCT('HM-10 keyed 18650 cell carrier Rev A -- EEG field kit -- CC BY-SA 4.0',
  'HM-10 keyed 18650 cell carrier Rev A -- EEG field kit -- CC BY-SA 4.0','',(#8));
#8 = PRODUCT_CONTEXT('',#2,'mechanical');
#9 = PRODUCT_DEFINITION_CONTEXT('part definition',#2,'design');
#10 = ADVANCED_BREP_SHAPE_REPRESENTATION('',(#11,#15),#10199);
#11 = AXIS2_PLACEMENT_3D('',#12,#13,#14);
#12 = CARTESIAN_POINT('',(0.,0.,0.));
#13 = DIRECTION('',(0.,0.,1.));
#14 = DIRECTION('',(1.,0.,-0.));
#15 = MANIFOLD_SOLID_BREP('',#16);
#16 = CLOSED_SHELL('',(#17,#948,#1007,#1319,#1368,#1417,#1526,#1635,
    #1662,#1689,#1768,#1815,#1862,#2028,#2194,#2239,#2284,#2336,#2388,
    #2435,#2482,#2514,#2590,#2637,#2684,#2716,#2741,#4286,#4291,#4350,
    #4357,#4364,#4391,#4418,#4445,#4472,#5272,#5317,#5362,#5387,#5432,
    #5477,#5502,#5578,#5627,#5676,#5725,#5774,#5823,#5872,#5899,#5975,
    #6024,#6073,#6122,#6171,#6220,#6269,#6296,#6372,#6421,#6470,#6519,
    #6568,#6617,#6666,#6693,#6769,#6818,#6867,#6894,#6970,#7019,#7068,
    #7117,#7166,#7215,#7264,#7313,#7362,#7411,#7460,#7509,#7536,#7612,
    #7661,#7710,#7759,#7808,#7857,#7906,#7955,#8004,#8053,#8102,#8129,
    #8164,#8194,#8271,#8320,#8370,#8378,#8385,#8412,#8488,#8537,#8586,
    #8613,#8661,#8710,#8737,#8743,#8791,#8840,#8866,#8873,#8970,#9343,
    #9354,#9361,#9377,#9392,#9419,#9426,#9433,#9509,#9558,#9585,#9661,
    #9710,#9759,#9808,#9857,#9906,#9955,#10004,#10053,#10102,#10151,
    #10178,#10184));
#17 = ADVANCED_FACE('',(#18,#713,#833),#33,.T.);
#18 = FACE_BOUND('',#19,.F.);
#19 = EDGE_LOOP('',(#20,#56,#83,#116,#142,#175,#197,#230,#256,#289,#315,
    #348,#374,#407,#433,#466,#492,#525,#551,#579,#601,#634,#660,#693));
#20 = ORIENTED_EDGE('',*,*,#21,.F.);
#21 = EDGE_CURVE('',#22,#24,#26,.T.);
#22 = VERTEX_POINT('',#23);
#23 = CARTESIAN_POINT('',(0.,5.937171043519,-11.));
#24 = VERTEX_POINT('',#25);
#25 = CARTESIAN_POINT('',(0.,-5.937171043519,-11.));
#26 = SURFACE_CURVE('',#27,(#32,#44),.PCURVE_S1.);
#27 = CIRCLE('',#28,12.5);
#28 = AXIS2_PLACEMENT_3D('',#29,#30,#31);
#29 = CARTESIAN_POINT('',(0.,0.,0.));
#30 = DIRECTION('',(1.,0.,0.));
#31 = DIRECTION('',(0.,0.474973683482,-0.88));
#32 = PCURVE('',#33,#38);
#33 = CYLINDRICAL_SURFACE('',#34,12.5);
#34 = AXIS2_PLACEMENT_3D('',#35,#36,#37);
#35 = CARTESIAN_POINT('',(0.,0.,0.));
#36 = DIRECTION('',(-1.,-0.,-0.));
#37 = DIRECTION('',(0.,1.,0.));
#38 = DEFINITIONAL_REPRESENTATION('',(#39),#43);
#39 = LINE('',#40,#41);
#40 = CARTESIAN_POINT('',(-5.207323106726,0.));
#41 = VECTOR('',#42,1.);
#42 = DIRECTION('',(-1.,0.));
#43 = ( GEOMETRIC_REPRESENTATION_CONTEXT(2) 
PARAMETRIC_REPRESENTATION_CONTEXT() REPRESENTATION_CONTEXT('2D SPACE',''
  ) );
#44 = PCURVE('',#45,#50);
#45 = PLANE('',#46);
#46 = AXIS2_PLACEMENT_3D('',#47,#48,#49);
#47 = CARTESIAN_POINT('',(0.,-4.375808424126E-16,8.024730275931E-16));
#48 = DIRECTION('',(1.,0.,0.));
#49 = DIRECTION('',(-0.,0.,1.));
#50 = DEFINITIONAL_REPRESENTATION('',(#51),#55);
#51 = CIRCLE('',#52,12.5);
#52 = AXIS2_PLACEMENT_2D('',#53,#54);
#53 = CARTESIAN_POINT('',(-8.024730275931E-16,-4.375808424126E-16));
#54 = DIRECTION('',(-0.88,-0.474973683482));
#55 = ( GEOMETRIC_REPRESENTATION_CONTEXT(2) 
PARAMETRIC_REPRESENTATION_CONTEXT() REPRESENTATION_CONTEXT('2D SPACE',''
  ) );
#56 = ORIENTED_EDGE('',*,*,#57,.F.);
#57 = EDGE_CURVE('',#58,#22,#60,.T.);
#58 = VERTEX_POINT('',#59);
#59 = CARTESIAN_POINT('',(7.,5.937171043519,-11.));
#60 = SURFACE_CURVE('',#61,(#65,#71),.PCURVE_S1.);
#61 = LINE('',#62,#63);
#62 = CARTESIAN_POINT('',(0.,5.937171043519,-11.));
#63 = VECTOR('',#64,1.);
#64 = DIRECTION('',(-1.,-0.,-0.));
#65 = PCURVE('',#33,#66);
#66 = DEFINITIONAL_REPRESENTATION('',(#67),#70);
#67 = B_SPLINE_CURVE_WITH_KNOTS('',1,(#68,#69),.UNSPECIFIED.,.F.,.F.,(2,
    2),(-74.3,-0.),.PIECEWISE_BEZIER_KNOTS.);
#68 = CARTESIAN_POINT('',(-5.207323106726,-74.3));
#69 = CARTESIAN_POINT('',(-5.207323106726,0.));
#70 = ( GEOMETRIC_REPRESENTATION_CONTEXT(2) 
PARAMETRIC_REPRESENTATION_CONTEXT() REPRESENTATION_CONTEXT('2D SPACE',''
  ) );
#71 = PCURVE('',#72,#77);
#72 = PLANE('',#73);
#73 = AXIS2_PLACEMENT_3D('',#74,#75,#76);
#74 = CARTESIAN_POINT('',(-2.,-14.5,-11.));
#75 = DIRECTION('',(0.,0.,1.));
#76 = DIRECTION('',(1.,0.,0.));
#77 = DEFINITIONAL_REPRESENTATION('',(#78),#82);
#78 = LINE('',#79,#80);
#79 = CARTESIAN_POINT('',(2.,20.437171043519));
#80 = VECTOR('',#81,1.);
#81 = DIRECTION('',(-1.,0.));
#82 = ( GEOMETRIC_REPRESENTATION_CONTEXT(2) 
PARAMETRIC_REPRESENTATION_CONTEXT() REPRESENTATION_CONTEXT('2D SPACE',''
  ) );
#83 = ORIENTED_EDGE('',*,*,#84,.F.);
#84 = EDGE_CURVE('',#85,#58,#87,.T.);
#85 = VERTEX_POINT('',#86);
#86 = CARTESIAN_POINT('',(7.,9.604686356149,-8.));
#87 = SURFACE_CURVE('',#88,(#93,#100),.PCURVE_S1.);
#88 = CIRCLE('',#89,12.5);
#89 = AXIS2_PLACEMENT_3D('',#90,#91,#92);
#90 = CARTESIAN_POINT('',(7.,0.,0.));
#91 = DIRECTION('',(-1.,0.,0.));
#92 = DIRECTION('',(0.,1.,0.));
#93 = PCURVE('',#33,#94);
#94 = DEFINITIONAL_REPRESENTATION('',(#95),#99);
#95 = LINE('',#96,#97);
#96 = CARTESIAN_POINT('',(-6.28318530718,-7.));
#97 = VECTOR('',#98,1.);
#98 = DIRECTION('',(1.,-0.));
#99 = ( GEOMETRIC_REPRESENTATION_CONTEXT(2) 
PARAMETRIC_REPRESENTATION_CONTEXT() REPRESENTATION_CONTEXT('2D SPACE',''
  ) );
#100 = PCURVE('',#101,#106);
#101 = PLANE('',#102);
#102 = AXIS2_PLACEMENT_3D('',#103,#104,#105);
#103 = CARTESIAN_POINT('',(7.,5.,-11.));
#104 = DIRECTION('',(1.,0.,0.));
#105 = DIRECTION('',(0.,0.,1.));
#106 = DEFINITIONAL_REPRESENTATION('',(#107),#115);
#107 = ( BOUNDED_CURVE() B_SPLINE_CURVE(2,(#108,#109,#110,#111,#112,#113
,#114),.UNSPECIFIED.,.T.,.F.) B_SPLINE_CURVE_WITH_KNOTS((1,2,2,2,2,1),(
    -2.094395102393,0.,2.094395102393,4.188790204786,6.28318530718,
8.377580409573),.UNSPECIFIED.) CURVE() GEOMETRIC_REPRESENTATION_ITEM() 
RATIONAL_B_SPLINE_CURVE((1.,0.5,1.,0.5,1.,0.5,1.)) REPRESENTATION_ITEM(
  '') );
#108 = CARTESIAN_POINT('',(11.,-7.5));
#109 = CARTESIAN_POINT('',(-10.65063509461,-7.5));
#110 = CARTESIAN_POINT('',(0.174682452695,11.25));
#111 = CARTESIAN_POINT('',(11.,30.));
#112 = CARTESIAN_POINT('',(21.825317547305,11.25));
#113 = CARTESIAN_POINT('',(32.650635094611,-7.5));
#114 = CARTESIAN_POINT('',(11.,-7.5));
#115 = ( GEOMETRIC_REPRESENTATION_CONTEXT(2) 
PARAMETRIC_REPRESENTATION_CONTEXT() REPRESENTATION_CONTEXT('2D SPACE',''
  ) );
#116 = ORIENTED_EDGE('',*,*,#117,.F.);
#117 = EDGE_CURVE('',#118,#85,#120,.T.);
#118 = VERTEX_POINT('',#119);
#119 = CARTESIAN_POINT('',(67.,9.604686356149,-8.));
#120 = SURFACE_CURVE('',#121,(#125,#131),.PCURVE_S1.);
#121 = LINE('',#122,#123);
#122 = CARTESIAN_POINT('',(0.,9.604686356149,-8.));
#123 = VECTOR('',#124,1.);
#124 = DIRECTION('',(-1.,-0.,-0.));
#125 = PCURVE('',#33,#126);
#126 = DEFINITIONAL_REPRESENTATION('',(#127),#130);
#127 = B_SPLINE_CURVE_WITH_KNOTS('',1,(#128,#129),.UNSPECIFIED.,.F.,.F.,
  (2,2),(-73.,-1.),.PIECEWISE_BEZIER_KNOTS.);
#128 = CARTESIAN_POINT('',(-5.588687041553,-73.));
#129 = CARTESIAN_POINT('',(-5.588687041553,-1.));
#130 = ( GEOMETRIC_REPRESENTATION_CONTEXT(2) 
PARAMETRIC_REPRESENTATION_CONTEXT() REPRESENTATION_CONTEXT('2D SPACE',''
  ) );
#131 = PCURVE('',#132,#137);
#132 = PLANE('',#133);
#133 = AXIS2_PLACEMENT_3D('',#134,#135,#136);
#134 = CARTESIAN_POINT('',(7.,5.,-8.));
#135 = DIRECTION('',(0.,0.,1.));
#136 = DIRECTION('',(1.,0.,0.));
#137 = DEFINITIONAL_REPRESENTATION('',(#138),#141);
#138 = B_SPLINE_CURVE_WITH_KNOTS('',1,(#139,#140),.UNSPECIFIED.,.F.,.F.,
  (2,2),(-73.,-1.),.PIECEWISE_BEZIER_KNOTS.);
#139 = CARTESIAN_POINT('',(66.,4.604686356149));
#140 = CARTESIAN_POINT('',(-6.,4.604686356149));
#141 = ( GEOMETRIC_REPRESENTATION_CONTEXT(2) 
PARAMETRIC_REPRESENTATION_CONTEXT() REPRESENTATION_CONTEXT('2D SPACE',''
  ) );
#142 = ORIENTED_EDGE('',*,*,#143,.T.);
#143 = EDGE_CURVE('',#118,#144,#146,.T.);
#144 = VERTEX_POINT('',#145);
#145 = CARTESIAN_POINT('',(67.,5.937171043519,-11.));
#146 = SURFACE_CURVE('',#147,(#152,#159),.PCURVE_S1.);
#147 = CIRCLE('',#148,12.5);
#148 = AXIS2_PLACEMENT_3D('',#149,#150,#151);
#149 = CARTESIAN_POINT('',(67.,0.,0.));
#150 = DIRECTION('',(-1.,0.,0.));
#151 = DIRECTION('',(0.,1.,0.));
#152 = PCURVE('',#33,#153);
#153 = DEFINITIONAL_REPRESENTATION('',(#154),#158);
#154 = LINE('',#155,#156);
#155 = CARTESIAN_POINT('',(-6.28318530718,-67.));
#156 = VECTOR('',#157,1.);
#157 = DIRECTION('',(1.,-0.));
#158 = ( GEOMETRIC_REPRESENTATION_CONTEXT(2) 
PARAMETRIC_REPRESENTATION_CONTEXT() REPRESENTATION_CONTEXT('2D SPACE',''
  ) );
#159 = PCURVE('',#160,#165);
#160 = PLANE('',#161);
#161 = AXIS2_PLACEMENT_3D('',#162,#163,#164);
#162 = CARTESIAN_POINT('',(67.,5.,-11.));
#163 = DIRECTION('',(1.,0.,0.));
#164 = DIRECTION('',(0.,0.,1.));
#165 = DEFINITIONAL_REPRESENTATION('',(#166),#174);
#166 = ( BOUNDED_CURVE() B_SPLINE_CURVE(2,(#167,#168,#169,#170,#171,#172
,#173),.UNSPECIFIED.,.T.,.F.) B_SPLINE_CURVE_WITH_KNOTS((1,2,2,2,2,1),(
    -2.094395102393,0.,2.094395102393,4.188790204786,6.28318530718,
8.377580409573),.UNSPECIFIED.) CURVE() GEOMETRIC_REPRESENTATION_ITEM() 
RATIONAL_B_SPLINE_CURVE((1.,0.5,1.,0.5,1.,0.5,1.)) REPRESENTATION_ITEM(
  '') );
#167 = CARTESIAN_POINT('',(11.,-7.5));
#168 = CARTESIAN_POINT('',(-10.65063509461,-7.5));
#169 = CARTESIAN_POINT('',(0.174682452695,11.25));
#170 = CARTESIAN_POINT('',(11.,30.));
#171 = CARTESIAN_POINT('',(21.825317547305,11.25));
#172 = CARTESIAN_POINT('',(32.650635094611,-7.5));
#173 = CARTESIAN_POINT('',(11.,-7.5));
#174 = ( GEOMETRIC_REPRESENTATION_CONTEXT(2) 
PARAMETRIC_REPRESENTATION_CONTEXT() REPRESENTATION_CONTEXT('2D SPACE',''
  ) );
#175 = ORIENTED_EDGE('',*,*,#176,.F.);
#176 = EDGE_CURVE('',#177,#144,#179,.T.);
#177 = VERTEX_POINT('',#178);
#178 = CARTESIAN_POINT('',(74.3,5.937171043519,-11.));
#179 = SURFACE_CURVE('',#180,(#184,#190),.PCURVE_S1.);
#180 = LINE('',#181,#182);
#181 = CARTESIAN_POINT('',(0.,5.937171043519,-11.));
#182 = VECTOR('',#183,1.);
#183 = DIRECTION('',(-1.,-0.,-0.));
#184 = PCURVE('',#33,#185);
#185 = DEFINITIONAL_REPRESENTATION('',(#186),#189);
#186 = B_SPLINE_CURVE_WITH_KNOTS('',1,(#187,#188),.UNSPECIFIED.,.F.,.F.,
  (2,2),(-74.3,-0.),.PIECEWISE_BEZIER_KNOTS.);
#187 = CARTESIAN_POINT('',(-5.207323106726,-74.3));
#188 = CARTESIAN_POINT('',(-5.207323106726,0.));
#189 = ( GEOMETRIC_REPRESENTATION_CONTEXT(2) 
PARAMETRIC_REPRESENTATION_CONTEXT() REPRESENTATION_CONTEXT('2D SPACE',''
  ) );
#190 = PCURVE('',#72,#191);
#191 = DEFINITIONAL_REPRESENTATION('',(#192),#196);
#192 = LINE('',#193,#194);
#193 = CARTESIAN_POINT('',(2.,20.437171043519));
#194 = VECTOR('',#195,1.);
#195 = DIRECTION('',(-1.,0.));
#196 = ( GEOMETRIC_REPRESENTATION_CONTEXT(2) 
PARAMETRIC_REPRESENTATION_CONTEXT() REPRESENTATION_CONTEXT('2D SPACE',''
  ) );
#197 = ORIENTED_EDGE('',*,*,#198,.F.);
#198 = EDGE_CURVE('',#199,#177,#201,.T.);
#199 = VERTEX_POINT('',#200);
#200 = CARTESIAN_POINT('',(74.3,11.224972160322,-5.5));
#201 = SURFACE_CURVE('',#202,(#207,#214),.PCURVE_S1.);
#202 = CIRCLE('',#203,12.5);
#203 = AXIS2_PLACEMENT_3D('',#204,#205,#206);
#204 = CARTESIAN_POINT('',(74.3,0.,0.));
#205 = DIRECTION('',(-1.,-0.,0.));
#206 = DIRECTION('',(0.,-0.474973683482,-0.88));
#207 = PCURVE('',#33,#208);
#208 = DEFINITIONAL_REPRESENTATION('',(#209),#213);
#209 = LINE('',#210,#211);
#210 = CARTESIAN_POINT('',(-10.50064016122,-74.3));
#211 = VECTOR('',#212,1.);
#212 = DIRECTION('',(1.,-0.));
#213 = ( GEOMETRIC_REPRESENTATION_CONTEXT(2) 
PARAMETRIC_REPRESENTATION_CONTEXT() REPRESENTATION_CONTEXT('2D SPACE',''
  ) );
#214 = PCURVE('',#215,#220);
#215 = PLANE('',#216);
#216 = AXIS2_PLACEMENT_3D('',#217,#218,#219);
#217 = CARTESIAN_POINT('',(74.3,-4.375808424126E-16,8.024730275931E-16)
  );
#218 = DIRECTION('',(1.,0.,0.));
#219 = DIRECTION('',(-0.,0.,1.));
#220 = DEFINITIONAL_REPRESENTATION('',(#221),#229);
#221 = ( BOUNDED_CURVE() B_SPLINE_CURVE(2,(#222,#223,#224,#225,#226,#227
,#228),.UNSPECIFIED.,.T.,.F.) B_SPLINE_CURVE_WITH_KNOTS((1,2,2,2,2,1),(
    -2.094395102393,0.,2.094395102393,4.188790204786,6.28318530718,
8.377580409573),.UNSPECIFIED.) CURVE() GEOMETRIC_REPRESENTATION_ITEM() 
RATIONAL_B_SPLINE_CURVE((1.,0.5,1.,0.5,1.,0.5,1.)) REPRESENTATION_ITEM(
  '') );
#222 = CARTESIAN_POINT('',(-11.,5.937171043519));
#223 = CARTESIAN_POINT('',(-0.716518099398,24.989729926777));
#224 = CARTESIAN_POINT('',(10.641740950301,6.557693919869));
#225 = CARTESIAN_POINT('',(22.,-11.87434208703));
#226 = CARTESIAN_POINT('',(0.358259049699,-12.49486496338));
#227 = CARTESIAN_POINT('',(-21.2834819006,-13.11538783973));
#228 = CARTESIAN_POINT('',(-11.,5.937171043519));
#229 = ( GEOMETRIC_REPRESENTATION_CONTEXT(2) 
PARAMETRIC_REPRESENTATION_CONTEXT() REPRESENTATION_CONTEXT('2D SPACE',''
  ) );
#230 = ORIENTED_EDGE('',*,*,#231,.T.);
#231 = EDGE_CURVE('',#199,#232,#234,.T.);
#232 = VERTEX_POINT('',#233);
#233 = CARTESIAN_POINT('',(56.3,11.224972160322,-5.5));
#234 = SURFACE_CURVE('',#235,(#239,#245),.PCURVE_S1.);
#235 = LINE('',#236,#237);
#236 = CARTESIAN_POINT('',(0.,11.224972160322,-5.5));
#237 = VECTOR('',#238,1.);
#238 = DIRECTION('',(-1.,-0.,-0.));
#239 = PCURVE('',#33,#240);
#240 = DEFINITIONAL_REPRESENTATION('',(#241),#244);
#241 = B_SPLINE_CURVE_WITH_KNOTS('',1,(#242,#243),.UNSPECIFIED.,.F.,.F.,
  (2,2),(-74.3000006,-54.3),.PIECEWISE_BEZIER_KNOTS.);
#242 = CARTESIAN_POINT('',(-5.827586633784,-74.3000006));
#243 = CARTESIAN_POINT('',(-5.827586633784,-54.3));
#244 = ( GEOMETRIC_REPRESENTATION_CONTEXT(2) 
PARAMETRIC_REPRESENTATION_CONTEXT() REPRESENTATION_CONTEXT('2D SPACE',''
  ) );
#245 = PCURVE('',#246,#251);
#246 = PLANE('',#247);
#247 = AXIS2_PLACEMENT_3D('',#248,#249,#250);
#248 = CARTESIAN_POINT('',(56.3,5.,-5.5));
#249 = DIRECTION('',(0.,0.,1.));
#250 = DIRECTION('',(1.,0.,0.));
#251 = DEFINITIONAL_REPRESENTATION('',(#252),#255);
#252 = B_SPLINE_CURVE_WITH_KNOTS('',1,(#253,#254),.UNSPECIFIED.,.F.,.F.,
  (2,2),(-74.3000006,-54.3),.PIECEWISE_BEZIER_KNOTS.);
#253 = CARTESIAN_POINT('',(18.0000006,6.224972160322));
#254 = CARTESIAN_POINT('',(-2.,6.224972160322));
#255 = ( GEOMETRIC_REPRESENTATION_CONTEXT(2) 
PARAMETRIC_REPRESENTATION_CONTEXT() REPRESENTATION_CONTEXT('2D SPACE',''
  ) );
#256 = ORIENTED_EDGE('',*,*,#257,.F.);
#257 = EDGE_CURVE('',#258,#232,#260,.T.);
#258 = VERTEX_POINT('',#259);
#259 = CARTESIAN_POINT('',(56.3,11.224972160322,5.5));
#260 = SURFACE_CURVE('',#261,(#266,#273),.PCURVE_S1.);
#261 = CIRCLE('',#262,12.5);
#262 = AXIS2_PLACEMENT_3D('',#263,#264,#265);
#263 = CARTESIAN_POINT('',(56.3,0.,0.));
#264 = DIRECTION('',(-1.,0.,0.));
#265 = DIRECTION('',(0.,0.897997772826,0.44));
#266 = PCURVE('',#33,#267);
#267 = DEFINITIONAL_REPRESENTATION('',(#268),#272);
#268 = LINE('',#269,#270);
#269 = CARTESIAN_POINT('',(-6.738783980575,-56.3));
#270 = VECTOR('',#271,1.);
#271 = DIRECTION('',(1.,-0.));
#272 = ( GEOMETRIC_REPRESENTATION_CONTEXT(2) 
PARAMETRIC_REPRESENTATION_CONTEXT() REPRESENTATION_CONTEXT('2D SPACE',''
  ) );
#273 = PCURVE('',#274,#279);
#274 = PLANE('',#275);
#275 = AXIS2_PLACEMENT_3D('',#276,#277,#278);
#276 = CARTESIAN_POINT('',(56.3,5.,3.5));
#277 = DIRECTION('',(1.,0.,0.));
#278 = DIRECTION('',(0.,0.,1.));
#279 = DEFINITIONAL_REPRESENTATION('',(#280),#288);
#280 = ( BOUNDED_CURVE() B_SPLINE_CURVE(2,(#281,#282,#283,#284,#285,#286
,#287),.UNSPECIFIED.,.T.,.F.) B_SPLINE_CURVE_WITH_KNOTS((1,2,2,2,2,1),(
    -2.094395102393,0.,2.094395102393,4.188790204786,6.28318530718,
8.377580409573),.UNSPECIFIED.) CURVE() GEOMETRIC_REPRESENTATION_ITEM() 
RATIONAL_B_SPLINE_CURVE((1.,0.5,1.,0.5,1.,0.5,1.)) REPRESENTATION_ITEM(
  '') );
#281 = CARTESIAN_POINT('',(2.,-6.224972160322));
#282 = CARTESIAN_POINT('',(-17.44222209522,-15.75125160195));
#283 = CARTESIAN_POINT('',(-15.97111104761,5.849346359346));
#284 = CARTESIAN_POINT('',(-14.5,27.449944320644));
#285 = CARTESIAN_POINT('',(3.471111047612,15.375625800975));
#286 = CARTESIAN_POINT('',(21.442222095224,3.301307281307));
#287 = CARTESIAN_POINT('',(2.,-6.224972160322));
#288 = ( GEOMETRIC_REPRESENTATION_CONTEXT(2) 
PARAMETRIC_REPRESENTATION_CONTEXT() REPRESENTATION_CONTEXT('2D SPACE',''
  ) );
#289 = ORIENTED_EDGE('',*,*,#290,.F.);
#290 = EDGE_CURVE('',#291,#258,#293,.T.);
#291 = VERTEX_POINT('',#292);
#292 = CARTESIAN_POINT('',(74.3,11.224972160322,5.5));
#293 = SURFACE_CURVE('',#294,(#298,#304),.PCURVE_S1.);
#294 = LINE('',#295,#296);
#295 = CARTESIAN_POINT('',(0.,11.224972160322,5.5));
#296 = VECTOR('',#297,1.);
#297 = DIRECTION('',(-1.,-0.,-0.));
#298 = PCURVE('',#33,#299);
#299 = DEFINITIONAL_REPRESENTATION('',(#300),#303);
#300 = B_SPLINE_CURVE_WITH_KNOTS('',1,(#301,#302),.UNSPECIFIED.,.F.,.F.,
  (2,2),(-74.3000006,-54.3),.PIECEWISE_BEZIER_KNOTS.);
#301 = CARTESIAN_POINT('',(-6.738783980575,-74.3000006));
#302 = CARTESIAN_POINT('',(-6.738783980575,-54.3));
#303 = ( GEOMETRIC_REPRESENTATION_CONTEXT(2) 
PARAMETRIC_REPRESENTATION_CONTEXT() REPRESENTATION_CONTEXT('2D SPACE',''
  ) );
#304 = PCURVE('',#305,#310);
#305 = PLANE('',#306);
#306 = AXIS2_PLACEMENT_3D('',#307,#308,#309);
#307 = CARTESIAN_POINT('',(56.3,5.,5.5));
#308 = DIRECTION('',(0.,0.,1.));
#309 = DIRECTION('',(1.,0.,0.));
#310 = DEFINITIONAL_REPRESENTATION('',(#311),#314);
#311 = B_SPLINE_CURVE_WITH_KNOTS('',1,(#312,#313),.UNSPECIFIED.,.F.,.F.,
  (2,2),(-74.3000006,-54.3),.PIECEWISE_BEZIER_KNOTS.);
#312 = CARTESIAN_POINT('',(18.0000006,6.224972160322));
#313 = CARTESIAN_POINT('',(-2.,6.224972160322));
#314 = ( GEOMETRIC_REPRESENTATION_CONTEXT(2) 
PARAMETRIC_REPRESENTATION_CONTEXT() REPRESENTATION_CONTEXT('2D SPACE',''
  ) );
#315 = ORIENTED_EDGE('',*,*,#316,.F.);
#316 = EDGE_CURVE('',#317,#291,#319,.T.);
#317 = VERTEX_POINT('',#318);
#318 = CARTESIAN_POINT('',(74.3,3.,12.134661099512));
#319 = SURFACE_CURVE('',#320,(#325,#332),.PCURVE_S1.);
#320 = CIRCLE('',#321,12.5);
#321 = AXIS2_PLACEMENT_3D('',#322,#323,#324);
#322 = CARTESIAN_POINT('',(74.3,0.,0.));
#323 = DIRECTION('',(-1.,-0.,0.));
#324 = DIRECTION('',(0.,-0.474973683482,-0.88));
#325 = PCURVE('',#33,#326);
#326 = DEFINITIONAL_REPRESENTATION('',(#327),#331);
#327 = LINE('',#328,#329);
#328 = CARTESIAN_POINT('',(-10.50064016122,-74.3));
#329 = VECTOR('',#330,1.);
#330 = DIRECTION('',(1.,-0.));
#331 = ( GEOMETRIC_REPRESENTATION_CONTEXT(2) 
PARAMETRIC_REPRESENTATION_CONTEXT() REPRESENTATION_CONTEXT('2D SPACE',''
  ) );
#332 = PCURVE('',#333,#338);
#333 = PLANE('',#334);
#334 = AXIS2_PLACEMENT_3D('',#335,#336,#337);
#335 = CARTESIAN_POINT('',(74.3,-4.375808424126E-16,8.024730275931E-16)
  );
#336 = DIRECTION('',(1.,0.,0.));
#337 = DIRECTION('',(-0.,0.,1.));
#338 = DEFINITIONAL_REPRESENTATION('',(#339),#347);
#339 = ( BOUNDED_CURVE() B_SPLINE_CURVE(2,(#340,#341,#342,#343,#344,#345
,#346),.UNSPECIFIED.,.T.,.F.) B_SPLINE_CURVE_WITH_KNOTS((1,2,2,2,2,1),(
    -2.094395102393,0.,2.094395102393,4.188790204786,6.28318530718,
8.377580409573),.UNSPECIFIED.) CURVE() GEOMETRIC_REPRESENTATION_ITEM() 
RATIONAL_B_SPLINE_CURVE((1.,0.5,1.,0.5,1.,0.5,1.)) REPRESENTATION_ITEM(
  '') );
#340 = CARTESIAN_POINT('',(-11.,5.937171043519));
#341 = CARTESIAN_POINT('',(-0.716518099398,24.989729926777));
#342 = CARTESIAN_POINT('',(10.641740950301,6.557693919869));
#343 = CARTESIAN_POINT('',(22.,-11.87434208703));
#344 = CARTESIAN_POINT('',(0.358259049699,-12.49486496338));
#345 = CARTESIAN_POINT('',(-21.2834819006,-13.11538783973));
#346 = CARTESIAN_POINT('',(-11.,5.937171043519));
#347 = ( GEOMETRIC_REPRESENTATION_CONTEXT(2) 
PARAMETRIC_REPRESENTATION_CONTEXT() REPRESENTATION_CONTEXT('2D SPACE',''
  ) );
#348 = ORIENTED_EDGE('',*,*,#349,.T.);
#349 = EDGE_CURVE('',#317,#350,#352,.T.);
#350 = VERTEX_POINT('',#351);
#351 = CARTESIAN_POINT('',(69.3,3.,12.134661099512));
#352 = SURFACE_CURVE('',#353,(#357,#363),.PCURVE_S1.);
#353 = LINE('',#354,#355);
#354 = CARTESIAN_POINT('',(0.,3.,12.134661099512));
#355 = VECTOR('',#356,1.);
#356 = DIRECTION('',(-1.,-0.,-0.));
#357 = PCURVE('',#33,#358);
#358 = DEFINITIONAL_REPRESENTATION('',(#359),#362);
#359 = B_SPLINE_CURVE_WITH_KNOTS('',1,(#360,#361),.UNSPECIFIED.,.F.,.F.,
  (2,2),(-74.3000006,-68.6),.PIECEWISE_BEZIER_KNOTS.);
#360 = CARTESIAN_POINT('',(-7.611615782936,-74.3000006));
#361 = CARTESIAN_POINT('',(-7.611615782936,-68.6));
#362 = ( GEOMETRIC_REPRESENTATION_CONTEXT(2) 
PARAMETRIC_REPRESENTATION_CONTEXT() REPRESENTATION_CONTEXT('2D SPACE',''
  ) );
#363 = PCURVE('',#364,#369);
#364 = PLANE('',#365);
#365 = AXIS2_PLACEMENT_3D('',#366,#367,#368);
#366 = CARTESIAN_POINT('',(69.3,3.,8.));
#367 = DIRECTION('',(0.,1.,0.));
#368 = DIRECTION('',(0.,0.,1.));
#369 = DEFINITIONAL_REPRESENTATION('',(#370),#373);
#370 = B_SPLINE_CURVE_WITH_KNOTS('',1,(#371,#372),.UNSPECIFIED.,.F.,.F.,
  (2,2),(-74.3000006,-68.6),.PIECEWISE_BEZIER_KNOTS.);
#371 = CARTESIAN_POINT('',(4.134661099512,5.0000006));
#372 = CARTESIAN_POINT('',(4.134661099512,-0.7));
#373 = ( GEOMETRIC_REPRESENTATION_CONTEXT(2) 
PARAMETRIC_REPRESENTATION_CONTEXT() REPRESENTATION_CONTEXT('2D SPACE',''
  ) );
#374 = ORIENTED_EDGE('',*,*,#375,.F.);
#375 = EDGE_CURVE('',#376,#350,#378,.T.);
#376 = VERTEX_POINT('',#377);
#377 = CARTESIAN_POINT('',(69.3,-3.,12.134661099512));
#378 = SURFACE_CURVE('',#379,(#384,#391),.PCURVE_S1.);
#379 = CIRCLE('',#380,12.5);
#380 = AXIS2_PLACEMENT_3D('',#381,#382,#383);
#381 = CARTESIAN_POINT('',(69.3,0.,0.));
#382 = DIRECTION('',(-1.,0.,0.));
#383 = DIRECTION('',(0.,1.,0.));
#384 = PCURVE('',#33,#385);
#385 = DEFINITIONAL_REPRESENTATION('',(#386),#390);
#386 = LINE('',#387,#388);
#387 = CARTESIAN_POINT('',(-12.56637061435,-69.3));
#388 = VECTOR('',#389,1.);
#389 = DIRECTION('',(1.,-0.));
#390 = ( GEOMETRIC_REPRESENTATION_CONTEXT(2) 
PARAMETRIC_REPRESENTATION_CONTEXT() REPRESENTATION_CONTEXT('2D SPACE',''
  ) );
#391 = PCURVE('',#392,#397);
#392 = PLANE('',#393);
#393 = AXIS2_PLACEMENT_3D('',#394,#395,#396);
#394 = CARTESIAN_POINT('',(69.3,-3.,8.));
#395 = DIRECTION('',(1.,0.,0.));
#396 = DIRECTION('',(0.,0.,1.));
#397 = DEFINITIONAL_REPRESENTATION('',(#398),#406);
#398 = ( BOUNDED_CURVE() B_SPLINE_CURVE(2,(#399,#400,#401,#402,#403,#404
,#405),.UNSPECIFIED.,.T.,.F.) B_SPLINE_CURVE_WITH_KNOTS((1,2,2,2,2,1),(
    -2.094395102393,0.,2.094395102393,4.188790204786,6.28318530718,
8.377580409573),.UNSPECIFIED.) CURVE() GEOMETRIC_REPRESENTATION_ITEM() 
RATIONAL_B_SPLINE_CURVE((1.,0.5,1.,0.5,1.,0.5,1.)) REPRESENTATION_ITEM(
  '') );
#399 = CARTESIAN_POINT('',(-8.,-15.5));
#400 = CARTESIAN_POINT('',(-29.65063509461,-15.5));
#401 = CARTESIAN_POINT('',(-18.8253175473,3.25));
#402 = CARTESIAN_POINT('',(-8.,22.));
#403 = CARTESIAN_POINT('',(2.825317547305,3.25));
#404 = CARTESIAN_POINT('',(13.650635094611,-15.5));
#405 = CARTESIAN_POINT('',(-8.,-15.5));
#406 = ( GEOMETRIC_REPRESENTATION_CONTEXT(2) 
PARAMETRIC_REPRESENTATION_CONTEXT() REPRESENTATION_CONTEXT('2D SPACE',''
  ) );
#407 = ORIENTED_EDGE('',*,*,#408,.F.);
#408 = EDGE_CURVE('',#409,#376,#411,.T.);
#409 = VERTEX_POINT('',#410);
#410 = CARTESIAN_POINT('',(74.3,-3.,12.134661099512));
#411 = SURFACE_CURVE('',#412,(#416,#422),.PCURVE_S1.);
#412 = LINE('',#413,#414);
#413 = CARTESIAN_POINT('',(0.,-3.,12.134661099512));
#414 = VECTOR('',#415,1.);
#415 = DIRECTION('',(-1.,-0.,-0.));
#416 = PCURVE('',#33,#417);
#417 = DEFINITIONAL_REPRESENTATION('',(#418),#421);
#418 = B_SPLINE_CURVE_WITH_KNOTS('',1,(#419,#420),.UNSPECIFIED.,.F.,.F.,
  (2,2),(-74.3000006,-68.6),.PIECEWISE_BEZIER_KNOTS.);
#419 = CARTESIAN_POINT('',(-8.096347485013,-74.3000006));
#420 = CARTESIAN_POINT('',(-8.096347485013,-68.6));
#421 = ( GEOMETRIC_REPRESENTATION_CONTEXT(2) 
PARAMETRIC_REPRESENTATION_CONTEXT() REPRESENTATION_CONTEXT('2D SPACE',''
  ) );
#422 = PCURVE('',#423,#428);
#423 = PLANE('',#424);
#424 = AXIS2_PLACEMENT_3D('',#425,#426,#427);
#425 = CARTESIAN_POINT('',(69.3,-3.,8.));
#426 = DIRECTION('',(0.,1.,0.));
#427 = DIRECTION('',(0.,0.,1.));
#428 = DEFINITIONAL_REPRESENTATION('',(#429),#432);
#429 = B_SPLINE_CURVE_WITH_KNOTS('',1,(#430,#431),.UNSPECIFIED.,.F.,.F.,
  (2,2),(-74.3000006,-68.6),.PIECEWISE_BEZIER_KNOTS.);
#430 = CARTESIAN_POINT('',(4.134661099512,5.0000006));
#431 = CARTESIAN_POINT('',(4.134661099512,-0.7));
#432 = ( GEOMETRIC_REPRESENTATION_CONTEXT(2) 
PARAMETRIC_REPRESENTATION_CONTEXT() REPRESENTATION_CONTEXT('2D SPACE',''
  ) );
#433 = ORIENTED_EDGE('',*,*,#434,.F.);
#434 = EDGE_CURVE('',#435,#409,#437,.T.);
#435 = VERTEX_POINT('',#436);
#436 = CARTESIAN_POINT('',(74.3,-11.22497216032,5.5));
#437 = SURFACE_CURVE('',#438,(#443,#450),.PCURVE_S1.);
#438 = CIRCLE('',#439,12.5);
#439 = AXIS2_PLACEMENT_3D('',#440,#441,#442);
#440 = CARTESIAN_POINT('',(74.3,0.,0.));
#441 = DIRECTION('',(-1.,-0.,0.));
#442 = DIRECTION('',(0.,-0.474973683482,-0.88));
#443 = PCURVE('',#33,#444);
#444 = DEFINITIONAL_REPRESENTATION('',(#445),#449);
#445 = LINE('',#446,#447);
#446 = CARTESIAN_POINT('',(-10.50064016122,-74.3));
#447 = VECTOR('',#448,1.);
#448 = DIRECTION('',(1.,-0.));
#449 = ( GEOMETRIC_REPRESENTATION_CONTEXT(2) 
PARAMETRIC_REPRESENTATION_CONTEXT() REPRESENTATION_CONTEXT('2D SPACE',''
  ) );
#450 = PCURVE('',#451,#456);
#451 = PLANE('',#452);
#452 = AXIS2_PLACEMENT_3D('',#453,#454,#455);
#453 = CARTESIAN_POINT('',(74.3,-4.375808424126E-16,8.024730275931E-16)
  );
#454 = DIRECTION('',(1.,0.,0.));
#455 = DIRECTION('',(-0.,0.,1.));
#456 = DEFINITIONAL_REPRESENTATION('',(#457),#465);
#457 = ( BOUNDED_CURVE() B_SPLINE_CURVE(2,(#458,#459,#460,#461,#462,#463
,#464),.UNSPECIFIED.,.T.,.F.) B_SPLINE_CURVE_WITH_KNOTS((1,2,2,2,2,1),(
    -2.094395102393,0.,2.094395102393,4.188790204786,6.28318530718,
8.377580409573),.UNSPECIFIED.) CURVE() GEOMETRIC_REPRESENTATION_ITEM() 
RATIONAL_B_SPLINE_CURVE((1.,0.5,1.,0.5,1.,0.5,1.)) REPRESENTATION_ITEM(
  '') );
#458 = CARTESIAN_POINT('',(-11.,5.937171043519));
#459 = CARTESIAN_POINT('',(-0.716518099398,24.989729926777));
#460 = CARTESIAN_POINT('',(10.641740950301,6.557693919869));
#461 = CARTESIAN_POINT('',(22.,-11.87434208703));
#462 = CARTESIAN_POINT('',(0.358259049699,-12.49486496338));
#463 = CARTESIAN_POINT('',(-21.2834819006,-13.11538783973));
#464 = CARTESIAN_POINT('',(-11.,5.937171043519));
#465 = ( GEOMETRIC_REPRESENTATION_CONTEXT(2) 
PARAMETRIC_REPRESENTATION_CONTEXT() REPRESENTATION_CONTEXT('2D SPACE',''
  ) );
#466 = ORIENTED_EDGE('',*,*,#467,.T.);
#467 = EDGE_CURVE('',#435,#468,#470,.T.);
#468 = VERTEX_POINT('',#469);
#469 = CARTESIAN_POINT('',(56.3,-11.22497216032,5.5));
#470 = SURFACE_CURVE('',#471,(#475,#481),.PCURVE_S1.);
#471 = LINE('',#472,#473);
#472 = CARTESIAN_POINT('',(0.,-11.22497216032,5.5));
#473 = VECTOR('',#474,1.);
#474 = DIRECTION('',(-1.,-0.,-0.));
#475 = PCURVE('',#33,#476);
#476 = DEFINITIONAL_REPRESENTATION('',(#477),#480);
#477 = B_SPLINE_CURVE_WITH_KNOTS('',1,(#478,#479),.UNSPECIFIED.,.F.,.F.,
  (2,2),(-74.3000006,-54.3),.PIECEWISE_BEZIER_KNOTS.);
#478 = CARTESIAN_POINT('',(-8.969179287374,-74.3000006));
#479 = CARTESIAN_POINT('',(-8.969179287374,-54.3));
#480 = ( GEOMETRIC_REPRESENTATION_CONTEXT(2) 
PARAMETRIC_REPRESENTATION_CONTEXT() REPRESENTATION_CONTEXT('2D SPACE',''
  ) );
#481 = PCURVE('',#482,#487);
#482 = PLANE('',#483);
#483 = AXIS2_PLACEMENT_3D('',#484,#485,#486);
#484 = CARTESIAN_POINT('',(56.3,-13.,5.5));
#485 = DIRECTION('',(0.,0.,1.));
#486 = DIRECTION('',(1.,0.,0.));
#487 = DEFINITIONAL_REPRESENTATION('',(#488),#491);
#488 = B_SPLINE_CURVE_WITH_KNOTS('',1,(#489,#490),.UNSPECIFIED.,.F.,.F.,
  (2,2),(-74.3000006,-54.3),.PIECEWISE_BEZIER_KNOTS.);
#489 = CARTESIAN_POINT('',(18.0000006,1.775027839678));
#490 = CARTESIAN_POINT('',(-2.,1.775027839678));
#491 = ( GEOMETRIC_REPRESENTATION_CONTEXT(2) 
PARAMETRIC_REPRESENTATION_CONTEXT() REPRESENTATION_CONTEXT('2D SPACE',''
  ) );
#492 = ORIENTED_EDGE('',*,*,#493,.F.);
#493 = EDGE_CURVE('',#494,#468,#496,.T.);
#494 = VERTEX_POINT('',#495);
#495 = CARTESIAN_POINT('',(56.3,-11.22497216032,-5.5));
#496 = SURFACE_CURVE('',#497,(#502,#509),.PCURVE_S1.);
#497 = CIRCLE('',#498,12.5);
#498 = AXIS2_PLACEMENT_3D('',#499,#500,#501);
#499 = CARTESIAN_POINT('',(56.3,0.,0.));
#500 = DIRECTION('',(-1.,0.,0.));
#501 = DIRECTION('',(-0.,-0.897997772826,-0.44));
#502 = PCURVE('',#33,#503);
#503 = DEFINITIONAL_REPRESENTATION('',(#504),#508);
#504 = LINE('',#505,#506);
#505 = CARTESIAN_POINT('',(-9.880376634165,-56.3));
#506 = VECTOR('',#507,1.);
#507 = DIRECTION('',(1.,-0.));
#508 = ( GEOMETRIC_REPRESENTATION_CONTEXT(2) 
PARAMETRIC_REPRESENTATION_CONTEXT() REPRESENTATION_CONTEXT('2D SPACE',''
  ) );
#509 = PCURVE('',#510,#515);
#510 = PLANE('',#511);
#511 = AXIS2_PLACEMENT_3D('',#512,#513,#514);
#512 = CARTESIAN_POINT('',(56.3,-13.,-5.5));
#513 = DIRECTION('',(1.,0.,0.));
#514 = DIRECTION('',(0.,0.,1.));
#515 = DEFINITIONAL_REPRESENTATION('',(#516),#524);
#516 = ( BOUNDED_CURVE() B_SPLINE_CURVE(2,(#517,#518,#519,#520,#521,#522
,#523),.UNSPECIFIED.,.T.,.F.) B_SPLINE_CURVE_WITH_KNOTS((1,2,2,2,2,1),(
    -2.094395102393,0.,2.094395102393,4.188790204786,6.28318530718,
8.377580409573),.UNSPECIFIED.) CURVE() GEOMETRIC_REPRESENTATION_ITEM() 
RATIONAL_B_SPLINE_CURVE((1.,0.5,1.,0.5,1.,0.5,1.)) REPRESENTATION_ITEM(
  '') );
#517 = CARTESIAN_POINT('',(0.,-1.775027839678));
#518 = CARTESIAN_POINT('',(19.442222095224,7.751251601951));
#519 = CARTESIAN_POINT('',(17.971111047612,-13.84934635934));
#520 = CARTESIAN_POINT('',(16.5,-35.44994432064));
#521 = CARTESIAN_POINT('',(-1.471111047612,-23.37562580097));
#522 = CARTESIAN_POINT('',(-19.44222209522,-11.3013072813));
#523 = CARTESIAN_POINT('',(0.,-1.775027839678));
#524 = ( GEOMETRIC_REPRESENTATION_CONTEXT(2) 
PARAMETRIC_REPRESENTATION_CONTEXT() REPRESENTATION_CONTEXT('2D SPACE',''
  ) );
#525 = ORIENTED_EDGE('',*,*,#526,.F.);
#526 = EDGE_CURVE('',#527,#494,#529,.T.);
#527 = VERTEX_POINT('',#528);
#528 = CARTESIAN_POINT('',(74.3,-11.22497216032,-5.5));
#529 = SURFACE_CURVE('',#530,(#534,#540),.PCURVE_S1.);
#530 = LINE('',#531,#532);
#531 = CARTESIAN_POINT('',(0.,-11.22497216032,-5.5));
#532 = VECTOR('',#533,1.);
#533 = DIRECTION('',(-1.,-0.,-0.));
#534 = PCURVE('',#33,#535);
#535 = DEFINITIONAL_REPRESENTATION('',(#536),#539);
#536 = B_SPLINE_CURVE_WITH_KNOTS('',1,(#537,#538),.UNSPECIFIED.,.F.,.F.,
  (2,2),(-74.3000006,-54.3),.PIECEWISE_BEZIER_KNOTS.);
#537 = CARTESIAN_POINT('',(-9.880376634165,-74.3000006));
#538 = CARTESIAN_POINT('',(-9.880376634165,-54.3));
#539 = ( GEOMETRIC_REPRESENTATION_CONTEXT(2) 
PARAMETRIC_REPRESENTATION_CONTEXT() REPRESENTATION_CONTEXT('2D SPACE',''
  ) );
#540 = PCURVE('',#541,#546);
#541 = PLANE('',#542);
#542 = AXIS2_PLACEMENT_3D('',#543,#544,#545);
#543 = CARTESIAN_POINT('',(56.3,-13.,-5.5));
#544 = DIRECTION('',(0.,0.,1.));
#545 = DIRECTION('',(1.,0.,0.));
#546 = DEFINITIONAL_REPRESENTATION('',(#547),#550);
#547 = B_SPLINE_CURVE_WITH_KNOTS('',1,(#548,#549),.UNSPECIFIED.,.F.,.F.,
  (2,2),(-74.3000006,-54.3),.PIECEWISE_BEZIER_KNOTS.);
#548 = CARTESIAN_POINT('',(18.0000006,1.775027839678));
#549 = CARTESIAN_POINT('',(-2.,1.775027839678));
#550 = ( GEOMETRIC_REPRESENTATION_CONTEXT(2) 
PARAMETRIC_REPRESENTATION_CONTEXT() REPRESENTATION_CONTEXT('2D SPACE',''
  ) );
#551 = ORIENTED_EDGE('',*,*,#552,.F.);
#552 = EDGE_CURVE('',#553,#527,#555,.T.);
#553 = VERTEX_POINT('',#554);
#554 = CARTESIAN_POINT('',(74.3,-5.937171043519,-11.));
#555 = SURFACE_CURVE('',#556,(#561,#568),.PCURVE_S1.);
#556 = CIRCLE('',#557,12.5);
#557 = AXIS2_PLACEMENT_3D('',#558,#559,#560);
#558 = CARTESIAN_POINT('',(74.3,0.,0.));
#559 = DIRECTION('',(-1.,-0.,0.));
#560 = DIRECTION('',(0.,-0.474973683482,-0.88));
#561 = PCURVE('',#33,#562);
#562 = DEFINITIONAL_REPRESENTATION('',(#563),#567);
#563 = LINE('',#564,#565);
#564 = CARTESIAN_POINT('',(-10.50064016122,-74.3));
#565 = VECTOR('',#566,1.);
#566 = DIRECTION('',(1.,-0.));
#567 = ( GEOMETRIC_REPRESENTATION_CONTEXT(2) 
PARAMETRIC_REPRESENTATION_CONTEXT() REPRESENTATION_CONTEXT('2D SPACE',''
  ) );
#568 = PCURVE('',#215,#569);
#569 = DEFINITIONAL_REPRESENTATION('',(#570),#578);
#570 = ( BOUNDED_CURVE() B_SPLINE_CURVE(2,(#571,#572,#573,#574,#575,#576
,#577),.UNSPECIFIED.,.T.,.F.) B_SPLINE_CURVE_WITH_KNOTS((1,2,2,2,2,1),(
    -2.094395102393,0.,2.094395102393,4.188790204786,6.28318530718,
8.377580409573),.UNSPECIFIED.) CURVE() GEOMETRIC_REPRESENTATION_ITEM() 
RATIONAL_B_SPLINE_CURVE((1.,0.5,1.,0.5,1.,0.5,1.)) REPRESENTATION_ITEM(
  '') );
#571 = CARTESIAN_POINT('',(-11.,5.937171043519));
#572 = CARTESIAN_POINT('',(-0.716518099398,24.989729926777));
#573 = CARTESIAN_POINT('',(10.641740950301,6.557693919869));
#574 = CARTESIAN_POINT('',(22.,-11.87434208703));
#575 = CARTESIAN_POINT('',(0.358259049699,-12.49486496338));
#576 = CARTESIAN_POINT('',(-21.2834819006,-13.11538783973));
#577 = CARTESIAN_POINT('',(-11.,5.937171043519));
#578 = ( GEOMETRIC_REPRESENTATION_CONTEXT(2) 
PARAMETRIC_REPRESENTATION_CONTEXT() REPRESENTATION_CONTEXT('2D SPACE',''
  ) );
#579 = ORIENTED_EDGE('',*,*,#580,.T.);
#580 = EDGE_CURVE('',#553,#581,#583,.T.);
#581 = VERTEX_POINT('',#582);
#582 = CARTESIAN_POINT('',(67.,-5.937171043519,-11.));
#583 = SURFACE_CURVE('',#584,(#588,#594),.PCURVE_S1.);
#584 = LINE('',#585,#586);
#585 = CARTESIAN_POINT('',(0.,-5.937171043519,-11.));
#586 = VECTOR('',#587,1.);
#587 = DIRECTION('',(-1.,-0.,-0.));
#588 = PCURVE('',#33,#589);
#589 = DEFINITIONAL_REPRESENTATION('',(#590),#593);
#590 = B_SPLINE_CURVE_WITH_KNOTS('',1,(#591,#592),.UNSPECIFIED.,.F.,.F.,
  (2,2),(-74.3,0.),.PIECEWISE_BEZIER_KNOTS.);
#591 = CARTESIAN_POINT('',(-10.50064016122,-74.3));
#592 = CARTESIAN_POINT('',(-10.50064016122,0.));
#593 = ( GEOMETRIC_REPRESENTATION_CONTEXT(2) 
PARAMETRIC_REPRESENTATION_CONTEXT() REPRESENTATION_CONTEXT('2D SPACE',''
  ) );
#594 = PCURVE('',#72,#595);
#595 = DEFINITIONAL_REPRESENTATION('',(#596),#600);
#596 = LINE('',#597,#598);
#597 = CARTESIAN_POINT('',(2.,8.562828956481));
#598 = VECTOR('',#599,1.);
#599 = DIRECTION('',(-1.,0.));
#600 = ( GEOMETRIC_REPRESENTATION_CONTEXT(2) 
PARAMETRIC_REPRESENTATION_CONTEXT() REPRESENTATION_CONTEXT('2D SPACE',''
  ) );
#601 = ORIENTED_EDGE('',*,*,#602,.T.);
#602 = EDGE_CURVE('',#581,#603,#605,.T.);
#603 = VERTEX_POINT('',#604);
#604 = CARTESIAN_POINT('',(67.,-9.604686356149,-8.));
#605 = SURFACE_CURVE('',#606,(#611,#618),.PCURVE_S1.);
#606 = CIRCLE('',#607,12.5);
#607 = AXIS2_PLACEMENT_3D('',#608,#609,#610);
#608 = CARTESIAN_POINT('',(67.,0.,0.));
#609 = DIRECTION('',(-1.,0.,0.));
#610 = DIRECTION('',(0.,1.,0.));
#611 = PCURVE('',#33,#612);
#612 = DEFINITIONAL_REPRESENTATION('',(#613),#617);
#613 = LINE('',#614,#615);
#614 = CARTESIAN_POINT('',(-12.56637061435,-67.));
#615 = VECTOR('',#616,1.);
#616 = DIRECTION('',(1.,-0.));
#617 = ( GEOMETRIC_REPRESENTATION_CONTEXT(2) 
PARAMETRIC_REPRESENTATION_CONTEXT() REPRESENTATION_CONTEXT('2D SPACE',''
  ) );
#618 = PCURVE('',#619,#624);
#619 = PLANE('',#620);
#620 = AXIS2_PLACEMENT_3D('',#621,#622,#623);
#621 = CARTESIAN_POINT('',(67.,-21.5,-11.));
#622 = DIRECTION('',(1.,0.,0.));
#623 = DIRECTION('',(0.,0.,1.));
#624 = DEFINITIONAL_REPRESENTATION('',(#625),#633);
#625 = ( BOUNDED_CURVE() B_SPLINE_CURVE(2,(#626,#627,#628,#629,#630,#631
,#632),.UNSPECIFIED.,.T.,.F.) B_SPLINE_CURVE_WITH_KNOTS((1,2,2,2,2,1),(
    -2.094395102393,0.,2.094395102393,4.188790204786,6.28318530718,
8.377580409573),.UNSPECIFIED.) CURVE() GEOMETRIC_REPRESENTATION_ITEM() 
RATIONAL_B_SPLINE_CURVE((1.,0.5,1.,0.5,1.,0.5,1.)) REPRESENTATION_ITEM(
  '') );
#626 = CARTESIAN_POINT('',(11.,-34.));
#627 = CARTESIAN_POINT('',(-10.65063509461,-34.));
#628 = CARTESIAN_POINT('',(0.174682452695,-15.25));
#629 = CARTESIAN_POINT('',(11.,3.5));
#630 = CARTESIAN_POINT('',(21.825317547305,-15.25));
#631 = CARTESIAN_POINT('',(32.650635094611,-34.));
#632 = CARTESIAN_POINT('',(11.,-34.));
#633 = ( GEOMETRIC_REPRESENTATION_CONTEXT(2) 
PARAMETRIC_REPRESENTATION_CONTEXT() REPRESENTATION_CONTEXT('2D SPACE',''
  ) );
#634 = ORIENTED_EDGE('',*,*,#635,.T.);
#635 = EDGE_CURVE('',#603,#636,#638,.T.);
#636 = VERTEX_POINT('',#637);
#637 = CARTESIAN_POINT('',(7.,-9.604686356149,-8.));
#638 = SURFACE_CURVE('',#639,(#643,#649),.PCURVE_S1.);
#639 = LINE('',#640,#641);
#640 = CARTESIAN_POINT('',(0.,-9.604686356149,-8.));
#641 = VECTOR('',#642,1.);
#642 = DIRECTION('',(-1.,-0.,-0.));
#643 = PCURVE('',#33,#644);
#644 = DEFINITIONAL_REPRESENTATION('',(#645),#648);
#645 = B_SPLINE_CURVE_WITH_KNOTS('',1,(#646,#647),.UNSPECIFIED.,.F.,.F.,
  (2,2),(-73.,-1.),.PIECEWISE_BEZIER_KNOTS.);
#646 = CARTESIAN_POINT('',(-10.11927622639,-73.));
#647 = CARTESIAN_POINT('',(-10.11927622639,-1.));
#648 = ( GEOMETRIC_REPRESENTATION_CONTEXT(2) 
PARAMETRIC_REPRESENTATION_CONTEXT() REPRESENTATION_CONTEXT('2D SPACE',''
  ) );
#649 = PCURVE('',#650,#655);
#650 = PLANE('',#651);
#651 = AXIS2_PLACEMENT_3D('',#652,#653,#654);
#652 = CARTESIAN_POINT('',(7.,-21.5,-8.));
#653 = DIRECTION('',(0.,0.,1.));
#654 = DIRECTION('',(1.,0.,0.));
#655 = DEFINITIONAL_REPRESENTATION('',(#656),#659);
#656 = B_SPLINE_CURVE_WITH_KNOTS('',1,(#657,#658),.UNSPECIFIED.,.F.,.F.,
  (2,2),(-73.,-1.),.PIECEWISE_BEZIER_KNOTS.);
#657 = CARTESIAN_POINT('',(66.,11.895313643851));
#658 = CARTESIAN_POINT('',(-6.,11.895313643851));
#659 = ( GEOMETRIC_REPRESENTATION_CONTEXT(2) 
PARAMETRIC_REPRESENTATION_CONTEXT() REPRESENTATION_CONTEXT('2D SPACE',''
  ) );
#660 = ORIENTED_EDGE('',*,*,#661,.F.);
#661 = EDGE_CURVE('',#662,#636,#664,.T.);
#662 = VERTEX_POINT('',#663);
#663 = CARTESIAN_POINT('',(7.,-5.937171043519,-11.));
#664 = SURFACE_CURVE('',#665,(#670,#677),.PCURVE_S1.);
#665 = CIRCLE('',#666,12.5);
#666 = AXIS2_PLACEMENT_3D('',#667,#668,#669);
#667 = CARTESIAN_POINT('',(7.,0.,0.));
#668 = DIRECTION('',(-1.,0.,0.));
#669 = DIRECTION('',(0.,1.,0.));
#670 = PCURVE('',#33,#671);
#671 = DEFINITIONAL_REPRESENTATION('',(#672),#676);
#672 = LINE('',#673,#674);
#673 = CARTESIAN_POINT('',(-12.56637061435,-7.));
#674 = VECTOR('',#675,1.);
#675 = DIRECTION('',(1.,-0.));
#676 = ( GEOMETRIC_REPRESENTATION_CONTEXT(2) 
PARAMETRIC_REPRESENTATION_CONTEXT() REPRESENTATION_CONTEXT('2D SPACE',''
  ) );
#677 = PCURVE('',#678,#683);
#678 = PLANE('',#679);
#679 = AXIS2_PLACEMENT_3D('',#680,#681,#682);
#680 = CARTESIAN_POINT('',(7.,-21.5,-11.));
#681 = DIRECTION('',(1.,0.,0.));
#682 = DIRECTION('',(0.,0.,1.));
#683 = DEFINITIONAL_REPRESENTATION('',(#684),#692);
#684 = ( BOUNDED_CURVE() B_SPLINE_CURVE(2,(#685,#686,#687,#688,#689,#690
,#691),.UNSPECIFIED.,.T.,.F.) B_SPLINE_CURVE_WITH_KNOTS((1,2,2,2,2,1),(
    -2.094395102393,0.,2.094395102393,4.188790204786,6.28318530718,
8.377580409573),.UNSPECIFIED.) CURVE() GEOMETRIC_REPRESENTATION_ITEM() 
RATIONAL_B_SPLINE_CURVE((1.,0.5,1.,0.5,1.,0.5,1.)) REPRESENTATION_ITEM(
  '') );
#685 = CARTESIAN_POINT('',(11.,-34.));
#686 = CARTESIAN_POINT('',(-10.65063509461,-34.));
#687 = CARTESIAN_POINT('',(0.174682452695,-15.25));
#688 = CARTESIAN_POINT('',(11.,3.5));
#689 = CARTESIAN_POINT('',(21.825317547305,-15.25));
#690 = CARTESIAN_POINT('',(32.650635094611,-34.));
#691 = CARTESIAN_POINT('',(11.,-34.));
#692 = ( GEOMETRIC_REPRESENTATION_CONTEXT(2) 
PARAMETRIC_REPRESENTATION_CONTEXT() REPRESENTATION_CONTEXT('2D SPACE',''
  ) );
#693 = ORIENTED_EDGE('',*,*,#694,.T.);
#694 = EDGE_CURVE('',#662,#24,#695,.T.);
#695 = SURFACE_CURVE('',#696,(#700,#706),.PCURVE_S1.);
#696 = LINE('',#697,#698);
#697 = CARTESIAN_POINT('',(0.,-5.937171043519,-11.));
#698 = VECTOR('',#699,1.);
#699 = DIRECTION('',(-1.,-0.,-0.));
#700 = PCURVE('',#33,#701);
#701 = DEFINITIONAL_REPRESENTATION('',(#702),#705);
#702 = B_SPLINE_CURVE_WITH_KNOTS('',1,(#703,#704),.UNSPECIFIED.,.F.,.F.,
  (2,2),(-74.3,0.),.PIECEWISE_BEZIER_KNOTS.);
#703 = CARTESIAN_POINT('',(-10.50064016122,-74.3));
#704 = CARTESIAN_POINT('',(-10.50064016122,0.));
#705 = ( GEOMETRIC_REPRESENTATION_CONTEXT(2) 
PARAMETRIC_REPRESENTATION_CONTEXT() REPRESENTATION_CONTEXT('2D SPACE',''
  ) );
#706 = PCURVE('',#72,#707);
#707 = DEFINITIONAL_REPRESENTATION('',(#708),#712);
#708 = LINE('',#709,#710);
#709 = CARTESIAN_POINT('',(2.,8.562828956481));
#710 = VECTOR('',#711,1.);
#711 = DIRECTION('',(-1.,0.));
#712 = ( GEOMETRIC_REPRESENTATION_CONTEXT(2) 
PARAMETRIC_REPRESENTATION_CONTEXT() REPRESENTATION_CONTEXT('2D SPACE',''
  ) );
#713 = FACE_BOUND('',#714,.F.);
#714 = EDGE_LOOP('',(#715,#750,#776,#809));
#715 = ORIENTED_EDGE('',*,*,#716,.F.);
#716 = EDGE_CURVE('',#717,#719,#721,.T.);
#717 = VERTEX_POINT('',#718);
#718 = CARTESIAN_POINT('',(38.3,-2.5,12.247448713916));
#719 = VERTEX_POINT('',#720);
#720 = CARTESIAN_POINT('',(38.3,2.5,12.247448713916));
#721 = SURFACE_CURVE('',#722,(#727,#734),.PCURVE_S1.);
#722 = CIRCLE('',#723,12.5);
#723 = AXIS2_PLACEMENT_3D('',#724,#725,#726);
#724 = CARTESIAN_POINT('',(38.3,0.,0.));
#725 = DIRECTION('',(-1.,0.,0.));
#726 = DIRECTION('',(0.,1.,0.));
#727 = PCURVE('',#33,#728);
#728 = DEFINITIONAL_REPRESENTATION('',(#729),#733);
#729 = LINE('',#730,#731);
#730 = CARTESIAN_POINT('',(-12.56637061435,-38.3));
#731 = VECTOR('',#732,1.);
#732 = DIRECTION('',(1.,-0.));
#733 = ( GEOMETRIC_REPRESENTATION_CONTEXT(2) 
PARAMETRIC_REPRESENTATION_CONTEXT() REPRESENTATION_CONTEXT('2D SPACE',''
  ) );
#734 = PCURVE('',#735,#740);
#735 = PLANE('',#736);
#736 = AXIS2_PLACEMENT_3D('',#737,#738,#739);
#737 = CARTESIAN_POINT('',(38.3,-2.5,8.));
#738 = DIRECTION('',(1.,0.,0.));
#739 = DIRECTION('',(0.,0.,1.));
#740 = DEFINITIONAL_REPRESENTATION('',(#741),#749);
#741 = ( BOUNDED_CURVE() B_SPLINE_CURVE(2,(#742,#743,#744,#745,#746,#747
,#748),.UNSPECIFIED.,.T.,.F.) B_SPLINE_CURVE_WITH_KNOTS((1,2,2,2,2,1),(
    -2.094395102393,0.,2.094395102393,4.188790204786,6.28318530718,
8.377580409573),.UNSPECIFIED.) CURVE() GEOMETRIC_REPRESENTATION_ITEM() 
RATIONAL_B_SPLINE_CURVE((1.,0.5,1.,0.5,1.,0.5,1.)) REPRESENTATION_ITEM(
  '') );
#742 = CARTESIAN_POINT('',(-8.,-15.));
#743 = CARTESIAN_POINT('',(-29.65063509461,-15.));
#744 = CARTESIAN_POINT('',(-18.8253175473,3.75));
#745 = CARTESIAN_POINT('',(-8.,22.5));
#746 = CARTESIAN_POINT('',(2.825317547305,3.75));
#747 = CARTESIAN_POINT('',(13.650635094611,-15.));
#748 = CARTESIAN_POINT('',(-8.,-15.));
#749 = ( GEOMETRIC_REPRESENTATION_CONTEXT(2) 
PARAMETRIC_REPRESENTATION_CONTEXT() REPRESENTATION_CONTEXT('2D SPACE',''
  ) );
#750 = ORIENTED_EDGE('',*,*,#751,.F.);
#751 = EDGE_CURVE('',#752,#717,#754,.T.);
#752 = VERTEX_POINT('',#753);
#753 = CARTESIAN_POINT('',(63.3,-2.5,12.247448713916));
#754 = SURFACE_CURVE('',#755,(#759,#765),.PCURVE_S1.);
#755 = LINE('',#756,#757);
#756 = CARTESIAN_POINT('',(0.,-2.5,12.247448713916));
#757 = VECTOR('',#758,1.);
#758 = DIRECTION('',(-1.,-0.,-0.));
#759 = PCURVE('',#33,#760);
#760 = DEFINITIONAL_REPRESENTATION('',(#761),#764);
#761 = B_SPLINE_CURVE_WITH_KNOTS('',1,(#762,#763),.UNSPECIFIED.,.F.,.F.,
  (2,2),(-65.8,-35.8),.PIECEWISE_BEZIER_KNOTS.);
#762 = CARTESIAN_POINT('',(-8.055339554765,-65.8));
#763 = CARTESIAN_POINT('',(-8.055339554765,-35.8));
#764 = ( GEOMETRIC_REPRESENTATION_CONTEXT(2) 
PARAMETRIC_REPRESENTATION_CONTEXT() REPRESENTATION_CONTEXT('2D SPACE',''
  ) );
#765 = PCURVE('',#766,#771);
#766 = PLANE('',#767);
#767 = AXIS2_PLACEMENT_3D('',#768,#769,#770);
#768 = CARTESIAN_POINT('',(38.3,-2.5,8.));
#769 = DIRECTION('',(0.,1.,0.));
#770 = DIRECTION('',(0.,0.,1.));
#771 = DEFINITIONAL_REPRESENTATION('',(#772),#775);
#772 = B_SPLINE_CURVE_WITH_KNOTS('',1,(#773,#774),.UNSPECIFIED.,.F.,.F.,
  (2,2),(-65.8,-35.8),.PIECEWISE_BEZIER_KNOTS.);
#773 = CARTESIAN_POINT('',(4.247448713916,27.5));
#774 = CARTESIAN_POINT('',(4.247448713916,-2.5));
#775 = ( GEOMETRIC_REPRESENTATION_CONTEXT(2) 
PARAMETRIC_REPRESENTATION_CONTEXT() REPRESENTATION_CONTEXT('2D SPACE',''
  ) );
#776 = ORIENTED_EDGE('',*,*,#777,.T.);
#777 = EDGE_CURVE('',#752,#778,#780,.T.);
#778 = VERTEX_POINT('',#779);
#779 = CARTESIAN_POINT('',(63.3,2.5,12.247448713916));
#780 = SURFACE_CURVE('',#781,(#786,#793),.PCURVE_S1.);
#781 = CIRCLE('',#782,12.5);
#782 = AXIS2_PLACEMENT_3D('',#783,#784,#785);
#783 = CARTESIAN_POINT('',(63.3,0.,0.));
#784 = DIRECTION('',(-1.,0.,0.));
#785 = DIRECTION('',(0.,1.,0.));
#786 = PCURVE('',#33,#787);
#787 = DEFINITIONAL_REPRESENTATION('',(#788),#792);
#788 = LINE('',#789,#790);
#789 = CARTESIAN_POINT('',(-12.56637061435,-63.3));
#790 = VECTOR('',#791,1.);
#791 = DIRECTION('',(1.,-0.));
#792 = ( GEOMETRIC_REPRESENTATION_CONTEXT(2) 
PARAMETRIC_REPRESENTATION_CONTEXT() REPRESENTATION_CONTEXT('2D SPACE',''
  ) );
#793 = PCURVE('',#794,#799);
#794 = PLANE('',#795);
#795 = AXIS2_PLACEMENT_3D('',#796,#797,#798);
#796 = CARTESIAN_POINT('',(63.3,-2.5,8.));
#797 = DIRECTION('',(1.,0.,0.));
#798 = DIRECTION('',(0.,0.,1.));
#799 = DEFINITIONAL_REPRESENTATION('',(#800),#808);
#800 = ( BOUNDED_CURVE() B_SPLINE_CURVE(2,(#801,#802,#803,#804,#805,#806
,#807),.UNSPECIFIED.,.T.,.F.) B_SPLINE_CURVE_WITH_KNOTS((1,2,2,2,2,1),(
    -2.094395102393,0.,2.094395102393,4.188790204786,6.28318530718,
8.377580409573),.UNSPECIFIED.) CURVE() GEOMETRIC_REPRESENTATION_ITEM() 
RATIONAL_B_SPLINE_CURVE((1.,0.5,1.,0.5,1.,0.5,1.)) REPRESENTATION_ITEM(
  '') );
#801 = CARTESIAN_POINT('',(-8.,-15.));
#802 = CARTESIAN_POINT('',(-29.65063509461,-15.));
#803 = CARTESIAN_POINT('',(-18.8253175473,3.75));
#804 = CARTESIAN_POINT('',(-8.,22.5));
#805 = CARTESIAN_POINT('',(2.825317547305,3.75));
#806 = CARTESIAN_POINT('',(13.650635094611,-15.));
#807 = CARTESIAN_POINT('',(-8.,-15.));
#808 = ( GEOMETRIC_REPRESENTATION_CONTEXT(2) 
PARAMETRIC_REPRESENTATION_CONTEXT() REPRESENTATION_CONTEXT('2D SPACE',''
  ) );
#809 = ORIENTED_EDGE('',*,*,#810,.T.);
#810 = EDGE_CURVE('',#778,#719,#811,.T.);
#811 = SURFACE_CURVE('',#812,(#816,#822),.PCURVE_S1.);
#812 = LINE('',#813,#814);
#813 = CARTESIAN_POINT('',(0.,2.5,12.247448713916));
#814 = VECTOR('',#815,1.);
#815 = DIRECTION('',(-1.,-0.,-0.));
#816 = PCURVE('',#33,#817);
#817 = DEFINITIONAL_REPRESENTATION('',(#818),#821);
#818 = B_SPLINE_CURVE_WITH_KNOTS('',1,(#819,#820),.UNSPECIFIED.,.F.,.F.,
  (2,2),(-65.8,-35.8),.PIECEWISE_BEZIER_KNOTS.);
#819 = CARTESIAN_POINT('',(-7.652623713184,-65.8));
#820 = CARTESIAN_POINT('',(-7.652623713184,-35.8));
#821 = ( GEOMETRIC_REPRESENTATION_CONTEXT(2) 
PARAMETRIC_REPRESENTATION_CONTEXT() REPRESENTATION_CONTEXT('2D SPACE',''
  ) );
#822 = PCURVE('',#823,#828);
#823 = PLANE('',#824);
#824 = AXIS2_PLACEMENT_3D('',#825,#826,#827);
#825 = CARTESIAN_POINT('',(38.3,2.5,8.));
#826 = DIRECTION('',(0.,1.,0.));
#827 = DIRECTION('',(0.,0.,1.));
#828 = DEFINITIONAL_REPRESENTATION('',(#829),#832);
#829 = B_SPLINE_CURVE_WITH_KNOTS('',1,(#830,#831),.UNSPECIFIED.,.F.,.F.,
  (2,2),(-65.8,-35.8),.PIECEWISE_BEZIER_KNOTS.);
#830 = CARTESIAN_POINT('',(4.247448713916,27.5));
#831 = CARTESIAN_POINT('',(4.247448713916,-2.5));
#832 = ( GEOMETRIC_REPRESENTATION_CONTEXT(2) 
PARAMETRIC_REPRESENTATION_CONTEXT() REPRESENTATION_CONTEXT('2D SPACE',''
  ) );
#833 = FACE_BOUND('',#834,.F.);
#834 = EDGE_LOOP('',(#835,#870,#896,#929));
#835 = ORIENTED_EDGE('',*,*,#836,.F.);
#836 = EDGE_CURVE('',#837,#839,#841,.T.);
#837 = VERTEX_POINT('',#838);
#838 = CARTESIAN_POINT('',(4.,11.,5.937171043519));
#839 = VERTEX_POINT('',#840);
#840 = CARTESIAN_POINT('',(4.,11.,-5.937171043519));
#841 = SURFACE_CURVE('',#842,(#847,#854),.PCURVE_S1.);
#842 = CIRCLE('',#843,12.5);
#843 = AXIS2_PLACEMENT_3D('',#844,#845,#846);
#844 = CARTESIAN_POINT('',(4.,0.,0.));
#845 = DIRECTION('',(-1.,0.,0.));
#846 = DIRECTION('',(0.,1.,0.));
#847 = PCURVE('',#33,#848);
#848 = DEFINITIONAL_REPRESENTATION('',(#849),#853);
#849 = LINE('',#850,#851);
#850 = CARTESIAN_POINT('',(-12.56637061435,-4.));
#851 = VECTOR('',#852,1.);
#852 = DIRECTION('',(1.,-0.));
#853 = ( GEOMETRIC_REPRESENTATION_CONTEXT(2) 
PARAMETRIC_REPRESENTATION_CONTEXT() REPRESENTATION_CONTEXT('2D SPACE',''
  ) );
#854 = PCURVE('',#855,#860);
#855 = PLANE('',#856);
#856 = AXIS2_PLACEMENT_3D('',#857,#858,#859);
#857 = CARTESIAN_POINT('',(4.,11.,-7.));
#858 = DIRECTION('',(1.,0.,0.));
#859 = DIRECTION('',(0.,0.,1.));
#860 = DEFINITIONAL_REPRESENTATION('',(#861),#869);
#861 = ( BOUNDED_CURVE() B_SPLINE_CURVE(2,(#862,#863,#864,#865,#866,#867
,#868),.UNSPECIFIED.,.T.,.F.) B_SPLINE_CURVE_WITH_KNOTS((1,2,2,2,2,1),(
    -2.094395102393,0.,2.094395102393,4.188790204786,6.28318530718,
8.377580409573),.UNSPECIFIED.) CURVE() GEOMETRIC_REPRESENTATION_ITEM() 
RATIONAL_B_SPLINE_CURVE((1.,0.5,1.,0.5,1.,0.5,1.)) REPRESENTATION_ITEM(
  '') );
#862 = CARTESIAN_POINT('',(7.,-1.5));
#863 = CARTESIAN_POINT('',(-14.65063509461,-1.5));
#864 = CARTESIAN_POINT('',(-3.825317547305,17.25));
#865 = CARTESIAN_POINT('',(7.,36.));
#866 = CARTESIAN_POINT('',(17.825317547305,17.25));
#867 = CARTESIAN_POINT('',(28.650635094611,-1.5));
#868 = CARTESIAN_POINT('',(7.,-1.5));
#869 = ( GEOMETRIC_REPRESENTATION_CONTEXT(2) 
PARAMETRIC_REPRESENTATION_CONTEXT() REPRESENTATION_CONTEXT('2D SPACE',''
  ) );
#870 = ORIENTED_EDGE('',*,*,#871,.F.);
#871 = EDGE_CURVE('',#872,#837,#874,.T.);
#872 = VERTEX_POINT('',#873);
#873 = CARTESIAN_POINT('',(52.3,11.,5.937171043519));
#874 = SURFACE_CURVE('',#875,(#879,#885),.PCURVE_S1.);
#875 = LINE('',#876,#877);
#876 = CARTESIAN_POINT('',(0.,11.,5.937171043519));
#877 = VECTOR('',#878,1.);
#878 = DIRECTION('',(-1.,-0.,-0.));
#879 = PCURVE('',#33,#880);
#880 = DEFINITIONAL_REPRESENTATION('',(#881),#884);
#881 = B_SPLINE_CURVE_WITH_KNOTS('',1,(#882,#883),.UNSPECIFIED.,.F.,.F.,
  (2,2),(-57.13,6.E-07),.PIECEWISE_BEZIER_KNOTS.);
#882 = CARTESIAN_POINT('',(-6.77811943352,-57.13));
#883 = CARTESIAN_POINT('',(-6.77811943352,6.E-07));
#884 = ( GEOMETRIC_REPRESENTATION_CONTEXT(2) 
PARAMETRIC_REPRESENTATION_CONTEXT() REPRESENTATION_CONTEXT('2D SPACE',''
  ) );
#885 = PCURVE('',#886,#891);
#886 = PLANE('',#887);
#887 = AXIS2_PLACEMENT_3D('',#888,#889,#890);
#888 = CARTESIAN_POINT('',(4.,11.,-7.));
#889 = DIRECTION('',(0.,1.,0.));
#890 = DIRECTION('',(0.,0.,1.));
#891 = DEFINITIONAL_REPRESENTATION('',(#892),#895);
#892 = B_SPLINE_CURVE_WITH_KNOTS('',1,(#893,#894),.UNSPECIFIED.,.F.,.F.,
  (2,2),(-57.13,6.E-07),.PIECEWISE_BEZIER_KNOTS.);
#893 = CARTESIAN_POINT('',(12.937171043519,53.13));
#894 = CARTESIAN_POINT('',(12.937171043519,-4.0000006));
#895 = ( GEOMETRIC_REPRESENTATION_CONTEXT(2) 
PARAMETRIC_REPRESENTATION_CONTEXT() REPRESENTATION_CONTEXT('2D SPACE',''
  ) );
#896 = ORIENTED_EDGE('',*,*,#897,.T.);
#897 = EDGE_CURVE('',#872,#898,#900,.T.);
#898 = VERTEX_POINT('',#899);
#899 = CARTESIAN_POINT('',(52.3,11.,-5.937171043519));
#900 = SURFACE_CURVE('',#901,(#906,#913),.PCURVE_S1.);
#901 = CIRCLE('',#902,12.5);
#902 = AXIS2_PLACEMENT_3D('',#903,#904,#905);
#903 = CARTESIAN_POINT('',(52.3,0.,0.));
#904 = DIRECTION('',(-1.,0.,0.));
#905 = DIRECTION('',(0.,1.,0.));
#906 = PCURVE('',#33,#907);
#907 = DEFINITIONAL_REPRESENTATION('',(#908),#912);
#908 = LINE('',#909,#910);
#909 = CARTESIAN_POINT('',(-12.56637061435,-52.3));
#910 = VECTOR('',#911,1.);
#911 = DIRECTION('',(1.,-0.));
#912 = ( GEOMETRIC_REPRESENTATION_CONTEXT(2) 
PARAMETRIC_REPRESENTATION_CONTEXT() REPRESENTATION_CONTEXT('2D SPACE',''
  ) );
#913 = PCURVE('',#914,#919);
#914 = PLANE('',#915);
#915 = AXIS2_PLACEMENT_3D('',#916,#917,#918);
#916 = CARTESIAN_POINT('',(52.3,11.,-7.));
#917 = DIRECTION('',(1.,0.,0.));
#918 = DIRECTION('',(0.,0.,1.));
#919 = DEFINITIONAL_REPRESENTATION('',(#920),#928);
#920 = ( BOUNDED_CURVE() B_SPLINE_CURVE(2,(#921,#922,#923,#924,#925,#926
,#927),.UNSPECIFIED.,.T.,.F.) B_SPLINE_CURVE_WITH_KNOTS((1,2,2,2,2,1),(
    -2.094395102393,0.,2.094395102393,4.188790204786,6.28318530718,
8.377580409573),.UNSPECIFIED.) CURVE() GEOMETRIC_REPRESENTATION_ITEM() 
RATIONAL_B_SPLINE_CURVE((1.,0.5,1.,0.5,1.,0.5,1.)) REPRESENTATION_ITEM(
  '') );
#921 = CARTESIAN_POINT('',(7.,-1.5));
#922 = CARTESIAN_POINT('',(-14.65063509461,-1.5));
#923 = CARTESIAN_POINT('',(-3.825317547305,17.25));
#924 = CARTESIAN_POINT('',(7.,36.));
#925 = CARTESIAN_POINT('',(17.825317547305,17.25));
#926 = CARTESIAN_POINT('',(28.650635094611,-1.5));
#927 = CARTESIAN_POINT('',(7.,-1.5));
#928 = ( GEOMETRIC_REPRESENTATION_CONTEXT(2) 
PARAMETRIC_REPRESENTATION_CONTEXT() REPRESENTATION_CONTEXT('2D SPACE',''
  ) );
#929 = ORIENTED_EDGE('',*,*,#930,.T.);
#930 = EDGE_CURVE('',#898,#839,#931,.T.);
#931 = SURFACE_CURVE('',#932,(#936,#942),.PCURVE_S1.);
#932 = LINE('',#933,#934);
#933 = CARTESIAN_POINT('',(0.,11.,-5.937171043519));
#934 = VECTOR('',#935,1.);
#935 = DIRECTION('',(-1.,-0.,-0.));
#936 = PCURVE('',#33,#937);
#937 = DEFINITIONAL_REPRESENTATION('',(#938),#941);
#938 = B_SPLINE_CURVE_WITH_KNOTS('',1,(#939,#940),.UNSPECIFIED.,.F.,.F.,
  (2,2),(-57.13,6.E-07),.PIECEWISE_BEZIER_KNOTS.);
#939 = CARTESIAN_POINT('',(-5.788251180839,-57.13));
#940 = CARTESIAN_POINT('',(-5.788251180839,6.E-07));
#941 = ( GEOMETRIC_REPRESENTATION_CONTEXT(2) 
PARAMETRIC_REPRESENTATION_CONTEXT() REPRESENTATION_CONTEXT('2D SPACE',''
  ) );
#942 = PCURVE('',#886,#943);
#943 = DEFINITIONAL_REPRESENTATION('',(#944),#947);
#944 = B_SPLINE_CURVE_WITH_KNOTS('',1,(#945,#946),.UNSPECIFIED.,.F.,.F.,
  (2,2),(-57.13,6.E-07),.PIECEWISE_BEZIER_KNOTS.);
#945 = CARTESIAN_POINT('',(1.062828956481,53.13));
#946 = CARTESIAN_POINT('',(1.062828956481,-4.0000006));
#947 = ( GEOMETRIC_REPRESENTATION_CONTEXT(2) 
PARAMETRIC_REPRESENTATION_CONTEXT() REPRESENTATION_CONTEXT('2D SPACE',''
  ) );
#948 = ADVANCED_FACE('',(#949,#972),#45,.F.);
#949 = FACE_BOUND('',#950,.F.);
#950 = EDGE_LOOP('',(#951,#952));
#951 = ORIENTED_EDGE('',*,*,#21,.T.);
#952 = ORIENTED_EDGE('',*,*,#953,.F.);
#953 = EDGE_CURVE('',#22,#24,#954,.T.);
#954 = SURFACE_CURVE('',#955,(#959,#965),.PCURVE_S1.);
#955 = LINE('',#956,#957);
#956 = CARTESIAN_POINT('',(0.,-7.25,-11.));
#957 = VECTOR('',#958,1.);
#958 = DIRECTION('',(0.,-1.,0.));
#959 = PCURVE('',#45,#960);
#960 = DEFINITIONAL_REPRESENTATION('',(#961),#964);
#961 = B_SPLINE_CURVE_WITH_KNOTS('',1,(#962,#963),.UNSPECIFIED.,.F.,.F.,
  (2,2),(-19.75,5.25),.PIECEWISE_BEZIER_KNOTS.);
#962 = CARTESIAN_POINT('',(-11.,-12.5));
#963 = CARTESIAN_POINT('',(-11.,12.5));
#964 = ( GEOMETRIC_REPRESENTATION_CONTEXT(2) 
PARAMETRIC_REPRESENTATION_CONTEXT() REPRESENTATION_CONTEXT('2D SPACE',''
  ) );
#965 = PCURVE('',#72,#966);
#966 = DEFINITIONAL_REPRESENTATION('',(#967),#971);
#967 = LINE('',#968,#969);
#968 = CARTESIAN_POINT('',(2.,7.25));
#969 = VECTOR('',#970,1.);
#970 = DIRECTION('',(0.,-1.));
#971 = ( GEOMETRIC_REPRESENTATION_CONTEXT(2) 
PARAMETRIC_REPRESENTATION_CONTEXT() REPRESENTATION_CONTEXT('2D SPACE',''
  ) );
#972 = FACE_BOUND('',#973,.F.);
#973 = EDGE_LOOP('',(#974));
#974 = ORIENTED_EDGE('',*,*,#975,.T.);
#975 = EDGE_CURVE('',#976,#976,#978,.T.);
#976 = VERTEX_POINT('',#977);
#977 = CARTESIAN_POINT('',(0.,1.5,0.));
#978 = SURFACE_CURVE('',#979,(#984,#995),.PCURVE_S1.);
#979 = CIRCLE('',#980,1.5);
#980 = AXIS2_PLACEMENT_3D('',#981,#982,#983);
#981 = CARTESIAN_POINT('',(0.,0.,0.));
#982 = DIRECTION('',(-1.,0.,0.));
#983 = DIRECTION('',(0.,1.,0.));
#984 = PCURVE('',#45,#985);
#985 = DEFINITIONAL_REPRESENTATION('',(#986),#994);
#986 = ( BOUNDED_CURVE() B_SPLINE_CURVE(2,(#987,#988,#989,#990,#991,#992
,#993),.UNSPECIFIED.,.T.,.F.) B_SPLINE_CURVE_WITH_KNOTS((1,2,2,2,2,1),(
    -2.094395102393,0.,2.094395102393,4.188790204786,6.28318530718,
8.377580409573),.UNSPECIFIED.) CURVE() GEOMETRIC_REPRESENTATION_ITEM() 
RATIONAL_B_SPLINE_CURVE((1.,0.5,1.,0.5,1.,0.5,1.)) REPRESENTATION_ITEM(
  '') );
#987 = CARTESIAN_POINT('',(-8.024730275931E-16,-1.5));
#988 = CARTESIAN_POINT('',(-2.598076211353,-1.5));
#989 = CARTESIAN_POINT('',(-1.299038105677,0.75));
#990 = CARTESIAN_POINT('',(-1.169867067337E-15,3.));
#991 = CARTESIAN_POINT('',(1.299038105677,0.75));
#992 = CARTESIAN_POINT('',(2.598076211353,-1.5));
#993 = CARTESIAN_POINT('',(-8.024730275931E-16,-1.5));
#994 = ( GEOMETRIC_REPRESENTATION_CONTEXT(2) 
PARAMETRIC_REPRESENTATION_CONTEXT() REPRESENTATION_CONTEXT('2D SPACE',''
  ) );
#995 = PCURVE('',#996,#1001);
#996 = CYLINDRICAL_SURFACE('',#997,1.5);
#997 = AXIS2_PLACEMENT_3D('',#998,#999,#1000);
#998 = CARTESIAN_POINT('',(-1.,0.,0.));
#999 = DIRECTION('',(-1.,-0.,-0.));
#1000 = DIRECTION('',(0.,1.,0.));
#1001 = DEFINITIONAL_REPRESENTATION('',(#1002),#1006);
#1002 = LINE('',#1003,#1004);
#1003 = CARTESIAN_POINT('',(-6.28318530718,-1.));
#1004 = VECTOR('',#1005,1.);
#1005 = DIRECTION('',(1.,-0.));
#1006 = ( GEOMETRIC_REPRESENTATION_CONTEXT(2) 
PARAMETRIC_REPRESENTATION_CONTEXT() REPRESENTATION_CONTEXT('2D SPACE',''
  ) );
#1007 = ADVANCED_FACE('',(#1008,#1179,#1214,#1249,#1284),#72,.F.);
#1008 = FACE_BOUND('',#1009,.F.);
#1009 = EDGE_LOOP('',(#1010,#1011,#1031,#1032,#1055,#1083,#1104,#1105,
    #1106,#1107,#1130,#1158));
#1010 = ORIENTED_EDGE('',*,*,#580,.F.);
#1011 = ORIENTED_EDGE('',*,*,#1012,.F.);
#1012 = EDGE_CURVE('',#177,#553,#1013,.T.);
#1013 = SURFACE_CURVE('',#1014,(#1018,#1025),.PCURVE_S1.);
#1014 = LINE('',#1015,#1016);
#1015 = CARTESIAN_POINT('',(74.3,-7.25,-11.));
#1016 = VECTOR('',#1017,1.);
#1017 = DIRECTION('',(0.,-1.,0.));
#1018 = PCURVE('',#72,#1019);
#1019 = DEFINITIONAL_REPRESENTATION('',(#1020),#1024);
#1020 = LINE('',#1021,#1022);
#1021 = CARTESIAN_POINT('',(76.3,7.25));
#1022 = VECTOR('',#1023,1.);
#1023 = DIRECTION('',(0.,-1.));
#1024 = ( GEOMETRIC_REPRESENTATION_CONTEXT(2) 
PARAMETRIC_REPRESENTATION_CONTEXT() REPRESENTATION_CONTEXT('2D SPACE',''
  ) );
#1025 = PCURVE('',#215,#1026);
#1026 = DEFINITIONAL_REPRESENTATION('',(#1027),#1030);
#1027 = B_SPLINE_CURVE_WITH_KNOTS('',1,(#1028,#1029),.UNSPECIFIED.,.F.,
  .F.,(2,2),(-19.75,5.25),.PIECEWISE_BEZIER_KNOTS.);
#1028 = CARTESIAN_POINT('',(-11.,-12.5));
#1029 = CARTESIAN_POINT('',(-11.,12.5));
#1030 = ( GEOMETRIC_REPRESENTATION_CONTEXT(2) 
PARAMETRIC_REPRESENTATION_CONTEXT() REPRESENTATION_CONTEXT('2D SPACE',''
  ) );
#1031 = ORIENTED_EDGE('',*,*,#176,.T.);
#1032 = ORIENTED_EDGE('',*,*,#1033,.T.);
#1033 = EDGE_CURVE('',#144,#1034,#1036,.T.);
#1034 = VERTEX_POINT('',#1035);
#1035 = CARTESIAN_POINT('',(67.,21.5,-11.));
#1036 = SURFACE_CURVE('',#1037,(#1041,#1048),.PCURVE_S1.);
#1037 = LINE('',#1038,#1039);
#1038 = CARTESIAN_POINT('',(67.,5.,-11.));
#1039 = VECTOR('',#1040,1.);
#1040 = DIRECTION('',(0.,1.,0.));
#1041 = PCURVE('',#72,#1042);
#1042 = DEFINITIONAL_REPRESENTATION('',(#1043),#1047);
#1043 = LINE('',#1044,#1045);
#1044 = CARTESIAN_POINT('',(69.,19.5));
#1045 = VECTOR('',#1046,1.);
#1046 = DIRECTION('',(0.,1.));
#1047 = ( GEOMETRIC_REPRESENTATION_CONTEXT(2) 
PARAMETRIC_REPRESENTATION_CONTEXT() REPRESENTATION_CONTEXT('2D SPACE',''
  ) );
#1048 = PCURVE('',#160,#1049);
#1049 = DEFINITIONAL_REPRESENTATION('',(#1050),#1054);
#1050 = LINE('',#1051,#1052);
#1051 = CARTESIAN_POINT('',(0.,0.));
#1052 = VECTOR('',#1053,1.);
#1053 = DIRECTION('',(0.,-1.));
#1054 = ( GEOMETRIC_REPRESENTATION_CONTEXT(2) 
PARAMETRIC_REPRESENTATION_CONTEXT() REPRESENTATION_CONTEXT('2D SPACE',''
  ) );
#1055 = ORIENTED_EDGE('',*,*,#1056,.F.);
#1056 = EDGE_CURVE('',#1057,#1034,#1059,.T.);
#1057 = VERTEX_POINT('',#1058);
#1058 = CARTESIAN_POINT('',(7.,21.5,-11.));
#1059 = SURFACE_CURVE('',#1060,(#1064,#1071),.PCURVE_S1.);
#1060 = LINE('',#1061,#1062);
#1061 = CARTESIAN_POINT('',(7.,21.5,-11.));
#1062 = VECTOR('',#1063,1.);
#1063 = DIRECTION('',(1.,0.,0.));
#1064 = PCURVE('',#72,#1065);
#1065 = DEFINITIONAL_REPRESENTATION('',(#1066),#1070);
#1066 = LINE('',#1067,#1068);
#1067 = CARTESIAN_POINT('',(9.,36.));
#1068 = VECTOR('',#1069,1.);
#1069 = DIRECTION('',(1.,0.));
#1070 = ( GEOMETRIC_REPRESENTATION_CONTEXT(2) 
PARAMETRIC_REPRESENTATION_CONTEXT() REPRESENTATION_CONTEXT('2D SPACE',''
  ) );
#1071 = PCURVE('',#1072,#1077);
#1072 = PLANE('',#1073);
#1073 = AXIS2_PLACEMENT_3D('',#1074,#1075,#1076);
#1074 = CARTESIAN_POINT('',(7.,21.5,-11.));
#1075 = DIRECTION('',(0.,1.,0.));
#1076 = DIRECTION('',(0.,0.,1.));
#1077 = DEFINITIONAL_REPRESENTATION('',(#1078),#1082);
#1078 = LINE('',#1079,#1080);
#1079 = CARTESIAN_POINT('',(0.,0.));
#1080 = VECTOR('',#1081,1.);
#1081 = DIRECTION('',(0.,1.));
#1082 = ( GEOMETRIC_REPRESENTATION_CONTEXT(2) 
PARAMETRIC_REPRESENTATION_CONTEXT() REPRESENTATION_CONTEXT('2D SPACE',''
  ) );
#1083 = ORIENTED_EDGE('',*,*,#1084,.F.);
#1084 = EDGE_CURVE('',#58,#1057,#1085,.T.);
#1085 = SURFACE_CURVE('',#1086,(#1090,#1097),.PCURVE_S1.);
#1086 = LINE('',#1087,#1088);
#1087 = CARTESIAN_POINT('',(7.,5.,-11.));
#1088 = VECTOR('',#1089,1.);
#1089 = DIRECTION('',(0.,1.,0.));
#1090 = PCURVE('',#72,#1091);
#1091 = DEFINITIONAL_REPRESENTATION('',(#1092),#1096);
#1092 = LINE('',#1093,#1094);
#1093 = CARTESIAN_POINT('',(9.,19.5));
#1094 = VECTOR('',#1095,1.);
#1095 = DIRECTION('',(0.,1.));
#1096 = ( GEOMETRIC_REPRESENTATION_CONTEXT(2) 
PARAMETRIC_REPRESENTATION_CONTEXT() REPRESENTATION_CONTEXT('2D SPACE',''
  ) );
#1097 = PCURVE('',#101,#1098);
#1098 = DEFINITIONAL_REPRESENTATION('',(#1099),#1103);
#1099 = LINE('',#1100,#1101);
#1100 = CARTESIAN_POINT('',(0.,0.));
#1101 = VECTOR('',#1102,1.);
#1102 = DIRECTION('',(0.,-1.));
#1103 = ( GEOMETRIC_REPRESENTATION_CONTEXT(2) 
PARAMETRIC_REPRESENTATION_CONTEXT() REPRESENTATION_CONTEXT('2D SPACE',''
  ) );
#1104 = ORIENTED_EDGE('',*,*,#57,.T.);
#1105 = ORIENTED_EDGE('',*,*,#953,.T.);
#1106 = ORIENTED_EDGE('',*,*,#694,.F.);
#1107 = ORIENTED_EDGE('',*,*,#1108,.F.);
#1108 = EDGE_CURVE('',#1109,#662,#1111,.T.);
#1109 = VERTEX_POINT('',#1110);
#1110 = CARTESIAN_POINT('',(7.,-21.5,-11.));
#1111 = SURFACE_CURVE('',#1112,(#1116,#1123),.PCURVE_S1.);
#1112 = LINE('',#1113,#1114);
#1113 = CARTESIAN_POINT('',(7.,-21.5,-11.));
#1114 = VECTOR('',#1115,1.);
#1115 = DIRECTION('',(0.,1.,0.));
#1116 = PCURVE('',#72,#1117);
#1117 = DEFINITIONAL_REPRESENTATION('',(#1118),#1122);
#1118 = LINE('',#1119,#1120);
#1119 = CARTESIAN_POINT('',(9.,-7.));
#1120 = VECTOR('',#1121,1.);
#1121 = DIRECTION('',(0.,1.));
#1122 = ( GEOMETRIC_REPRESENTATION_CONTEXT(2) 
PARAMETRIC_REPRESENTATION_CONTEXT() REPRESENTATION_CONTEXT('2D SPACE',''
  ) );
#1123 = PCURVE('',#678,#1124);
#1124 = DEFINITIONAL_REPRESENTATION('',(#1125),#1129);
#1125 = LINE('',#1126,#1127);
#1126 = CARTESIAN_POINT('',(0.,0.));
#1127 = VECTOR('',#1128,1.);
#1128 = DIRECTION('',(0.,-1.));
#1129 = ( GEOMETRIC_REPRESENTATION_CONTEXT(2) 
PARAMETRIC_REPRESENTATION_CONTEXT() REPRESENTATION_CONTEXT('2D SPACE',''
  ) );
#1130 = ORIENTED_EDGE('',*,*,#1131,.T.);
#1131 = EDGE_CURVE('',#1109,#1132,#1134,.T.);
#1132 = VERTEX_POINT('',#1133);
#1133 = CARTESIAN_POINT('',(67.,-21.5,-11.));
#1134 = SURFACE_CURVE('',#1135,(#1139,#1146),.PCURVE_S1.);
#1135 = LINE('',#1136,#1137);
#1136 = CARTESIAN_POINT('',(7.,-21.5,-11.));
#1137 = VECTOR('',#1138,1.);
#1138 = DIRECTION('',(1.,0.,0.));
#1139 = PCURVE('',#72,#1140);
#1140 = DEFINITIONAL_REPRESENTATION('',(#1141),#1145);
#1141 = LINE('',#1142,#1143);
#1142 = CARTESIAN_POINT('',(9.,-7.));
#1143 = VECTOR('',#1144,1.);
#1144 = DIRECTION('',(1.,0.));
#1145 = ( GEOMETRIC_REPRESENTATION_CONTEXT(2) 
PARAMETRIC_REPRESENTATION_CONTEXT() REPRESENTATION_CONTEXT('2D SPACE',''
  ) );
#1146 = PCURVE('',#1147,#1152);
#1147 = PLANE('',#1148);
#1148 = AXIS2_PLACEMENT_3D('',#1149,#1150,#1151);
#1149 = CARTESIAN_POINT('',(7.,-21.5,-11.));
#1150 = DIRECTION('',(0.,1.,0.));
#1151 = DIRECTION('',(0.,0.,1.));
#1152 = DEFINITIONAL_REPRESENTATION('',(#1153),#1157);
#1153 = LINE('',#1154,#1155);
#1154 = CARTESIAN_POINT('',(0.,0.));
#1155 = VECTOR('',#1156,1.);
#1156 = DIRECTION('',(0.,1.));
#1157 = ( GEOMETRIC_REPRESENTATION_CONTEXT(2) 
PARAMETRIC_REPRESENTATION_CONTEXT() REPRESENTATION_CONTEXT('2D SPACE',''
  ) );
#1158 = ORIENTED_EDGE('',*,*,#1159,.T.);
#1159 = EDGE_CURVE('',#1132,#581,#1160,.T.);
#1160 = SURFACE_CURVE('',#1161,(#1165,#1172),.PCURVE_S1.);
#1161 = LINE('',#1162,#1163);
#1162 = CARTESIAN_POINT('',(67.,-21.5,-11.));
#1163 = VECTOR('',#1164,1.);
#1164 = DIRECTION('',(0.,1.,0.));
#1165 = PCURVE('',#72,#1166);
#1166 = DEFINITIONAL_REPRESENTATION('',(#1167),#1171);
#1167 = LINE('',#1168,#1169);
#1168 = CARTESIAN_POINT('',(69.,-7.));
#1169 = VECTOR('',#1170,1.);
#1170 = DIRECTION('',(0.,1.));
#1171 = ( GEOMETRIC_REPRESENTATION_CONTEXT(2) 
PARAMETRIC_REPRESENTATION_CONTEXT() REPRESENTATION_CONTEXT('2D SPACE',''
  ) );
#1172 = PCURVE('',#619,#1173);
#1173 = DEFINITIONAL_REPRESENTATION('',(#1174),#1178);
#1174 = LINE('',#1175,#1176);
#1175 = CARTESIAN_POINT('',(0.,0.));
#1176 = VECTOR('',#1177,1.);
#1177 = DIRECTION('',(0.,-1.));
#1178 = ( GEOMETRIC_REPRESENTATION_CONTEXT(2) 
PARAMETRIC_REPRESENTATION_CONTEXT() REPRESENTATION_CONTEXT('2D SPACE',''
  ) );
#1179 = FACE_BOUND('',#1180,.F.);
#1180 = EDGE_LOOP('',(#1181));
#1181 = ORIENTED_EDGE('',*,*,#1182,.T.);
#1182 = EDGE_CURVE('',#1183,#1183,#1185,.T.);
#1183 = VERTEX_POINT('',#1184);
#1184 = CARTESIAN_POINT('',(16.2,-17.,-11.));
#1185 = SURFACE_CURVE('',#1186,(#1191,#1202),.PCURVE_S1.);
#1186 = CIRCLE('',#1187,1.7);
#1187 = AXIS2_PLACEMENT_3D('',#1188,#1189,#1190);
#1188 = CARTESIAN_POINT('',(14.5,-17.,-11.));
#1189 = DIRECTION('',(0.,0.,-1.));
#1190 = DIRECTION('',(1.,0.,0.));
#1191 = PCURVE('',#72,#1192);
#1192 = DEFINITIONAL_REPRESENTATION('',(#1193),#1201);
#1193 = ( BOUNDED_CURVE() B_SPLINE_CURVE(2,(#1194,#1195,#1196,#1197,
#1198,#1199,#1200),.UNSPECIFIED.,.T.,.F.) B_SPLINE_CURVE_WITH_KNOTS((1,2
    ,2,2,2,1),(-2.094395102393,0.,2.094395102393,4.188790204786,
6.28318530718,8.377580409573),.UNSPECIFIED.) CURVE() 
GEOMETRIC_REPRESENTATION_ITEM() RATIONAL_B_SPLINE_CURVE((1.,0.5,1.,0.5,
1.,0.5,1.)) REPRESENTATION_ITEM('') );
#1194 = CARTESIAN_POINT('',(18.2,-2.5));
#1195 = CARTESIAN_POINT('',(18.2,-5.444486372867));
#1196 = CARTESIAN_POINT('',(15.65,-3.972243186434));
#1197 = CARTESIAN_POINT('',(13.1,-2.5));
#1198 = CARTESIAN_POINT('',(15.65,-1.027756813566));
#1199 = CARTESIAN_POINT('',(18.2,0.444486372867));
#1200 = CARTESIAN_POINT('',(18.2,-2.5));
#1201 = ( GEOMETRIC_REPRESENTATION_CONTEXT(2) 
PARAMETRIC_REPRESENTATION_CONTEXT() REPRESENTATION_CONTEXT('2D SPACE',''
  ) );
#1202 = PCURVE('',#1203,#1208);
#1203 = CYLINDRICAL_SURFACE('',#1204,1.7);
#1204 = AXIS2_PLACEMENT_3D('',#1205,#1206,#1207);
#1205 = CARTESIAN_POINT('',(14.5,-17.,-12.));
#1206 = DIRECTION('',(-0.,-0.,-1.));
#1207 = DIRECTION('',(1.,0.,0.));
#1208 = DEFINITIONAL_REPRESENTATION('',(#1209),#1213);
#1209 = LINE('',#1210,#1211);
#1210 = CARTESIAN_POINT('',(-6.28318530718,-1.));
#1211 = VECTOR('',#1212,1.);
#1212 = DIRECTION('',(1.,-0.));
#1213 = ( GEOMETRIC_REPRESENTATION_CONTEXT(2) 
PARAMETRIC_REPRESENTATION_CONTEXT() REPRESENTATION_CONTEXT('2D SPACE',''
  ) );
#1214 = FACE_BOUND('',#1215,.F.);
#1215 = EDGE_LOOP('',(#1216));
#1216 = ORIENTED_EDGE('',*,*,#1217,.T.);
#1217 = EDGE_CURVE('',#1218,#1218,#1220,.T.);
#1218 = VERTEX_POINT('',#1219);
#1219 = CARTESIAN_POINT('',(61.2,-17.,-11.));
#1220 = SURFACE_CURVE('',#1221,(#1226,#1237),.PCURVE_S1.);
#1221 = CIRCLE('',#1222,1.7);
#1222 = AXIS2_PLACEMENT_3D('',#1223,#1224,#1225);
#1223 = CARTESIAN_POINT('',(59.5,-17.,-11.));
#1224 = DIRECTION('',(0.,0.,-1.));
#1225 = DIRECTION('',(1.,0.,0.));
#1226 = PCURVE('',#72,#1227);
#1227 = DEFINITIONAL_REPRESENTATION('',(#1228),#1236);
#1228 = ( BOUNDED_CURVE() B_SPLINE_CURVE(2,(#1229,#1230,#1231,#1232,
#1233,#1234,#1235),.UNSPECIFIED.,.T.,.F.) B_SPLINE_CURVE_WITH_KNOTS((1,2
    ,2,2,2,1),(-2.094395102393,0.,2.094395102393,4.188790204786,
6.28318530718,8.377580409573),.UNSPECIFIED.) CURVE() 
GEOMETRIC_REPRESENTATION_ITEM() RATIONAL_B_SPLINE_CURVE((1.,0.5,1.,0.5,
1.,0.5,1.)) REPRESENTATION_ITEM('') );
#1229 = CARTESIAN_POINT('',(63.2,-2.5));
#1230 = CARTESIAN_POINT('',(63.2,-5.444486372867));
#1231 = CARTESIAN_POINT('',(60.65,-3.972243186434));
#1232 = CARTESIAN_POINT('',(58.1,-2.5));
#1233 = CARTESIAN_POINT('',(60.65,-1.027756813566));
#1234 = CARTESIAN_POINT('',(63.2,0.444486372867));
#1235 = CARTESIAN_POINT('',(63.2,-2.5));
#1236 = ( GEOMETRIC_REPRESENTATION_CONTEXT(2) 
PARAMETRIC_REPRESENTATION_CONTEXT() REPRESENTATION_CONTEXT('2D SPACE',''
  ) );
#1237 = PCURVE('',#1238,#1243);
#1238 = CYLINDRICAL_SURFACE('',#1239,1.7);
#1239 = AXIS2_PLACEMENT_3D('',#1240,#1241,#1242);
#1240 = CARTESIAN_POINT('',(59.5,-17.,-12.));
#1241 = DIRECTION('',(-0.,-0.,-1.));
#1242 = DIRECTION('',(1.,0.,0.));
#1243 = DEFINITIONAL_REPRESENTATION('',(#1244),#1248);
#1244 = LINE('',#1245,#1246);
#1245 = CARTESIAN_POINT('',(-6.28318530718,-1.));
#1246 = VECTOR('',#1247,1.);
#1247 = DIRECTION('',(1.,-0.));
#1248 = ( GEOMETRIC_REPRESENTATION_CONTEXT(2) 
PARAMETRIC_REPRESENTATION_CONTEXT() REPRESENTATION_CONTEXT('2D SPACE',''
  ) );
#1249 = FACE_BOUND('',#1250,.F.);
#1250 = EDGE_LOOP('',(#1251));
#1251 = ORIENTED_EDGE('',*,*,#1252,.T.);
#1252 = EDGE_CURVE('',#1253,#1253,#1255,.T.);
#1253 = VERTEX_POINT('',#1254);
#1254 = CARTESIAN_POINT('',(16.2,17.,-11.));
#1255 = SURFACE_CURVE('',#1256,(#1261,#1272),.PCURVE_S1.);
#1256 = CIRCLE('',#1257,1.7);
#1257 = AXIS2_PLACEMENT_3D('',#1258,#1259,#1260);
#1258 = CARTESIAN_POINT('',(14.5,17.,-11.));
#1259 = DIRECTION('',(0.,0.,-1.));
#1260 = DIRECTION('',(1.,0.,0.));
#1261 = PCURVE('',#72,#1262);
#1262 = DEFINITIONAL_REPRESENTATION('',(#1263),#1271);
#1263 = ( BOUNDED_CURVE() B_SPLINE_CURVE(2,(#1264,#1265,#1266,#1267,
#1268,#1269,#1270),.UNSPECIFIED.,.T.,.F.) B_SPLINE_CURVE_WITH_KNOTS((1,2
    ,2,2,2,1),(-2.094395102393,0.,2.094395102393,4.188790204786,
6.28318530718,8.377580409573),.UNSPECIFIED.) CURVE() 
GEOMETRIC_REPRESENTATION_ITEM() RATIONAL_B_SPLINE_CURVE((1.,0.5,1.,0.5,
1.,0.5,1.)) REPRESENTATION_ITEM('') );
#1264 = CARTESIAN_POINT('',(18.2,31.5));
#1265 = CARTESIAN_POINT('',(18.2,28.555513627133));
#1266 = CARTESIAN_POINT('',(15.65,30.027756813566));
#1267 = CARTESIAN_POINT('',(13.1,31.5));
#1268 = CARTESIAN_POINT('',(15.65,32.972243186434));
#1269 = CARTESIAN_POINT('',(18.2,34.444486372867));
#1270 = CARTESIAN_POINT('',(18.2,31.5));
#1271 = ( GEOMETRIC_REPRESENTATION_CONTEXT(2) 
PARAMETRIC_REPRESENTATION_CONTEXT() REPRESENTATION_CONTEXT('2D SPACE',''
  ) );
#1272 = PCURVE('',#1273,#1278);
#1273 = CYLINDRICAL_SURFACE('',#1274,1.7);
#1274 = AXIS2_PLACEMENT_3D('',#1275,#1276,#1277);
#1275 = CARTESIAN_POINT('',(14.5,17.,-12.));
#1276 = DIRECTION('',(-0.,-0.,-1.));
#1277 = DIRECTION('',(1.,0.,0.));
#1278 = DEFINITIONAL_REPRESENTATION('',(#1279),#1283);
#1279 = LINE('',#1280,#1281);
#1280 = CARTESIAN_POINT('',(-6.28318530718,-1.));
#1281 = VECTOR('',#1282,1.);
#1282 = DIRECTION('',(1.,-0.));
#1283 = ( GEOMETRIC_REPRESENTATION_CONTEXT(2) 
PARAMETRIC_REPRESENTATION_CONTEXT() REPRESENTATION_CONTEXT('2D SPACE',''
  ) );
#1284 = FACE_BOUND('',#1285,.F.);
#1285 = EDGE_LOOP('',(#1286));
#1286 = ORIENTED_EDGE('',*,*,#1287,.T.);
#1287 = EDGE_CURVE('',#1288,#1288,#1290,.T.);
#1288 = VERTEX_POINT('',#1289);
#1289 = CARTESIAN_POINT('',(61.2,17.,-11.));
#1290 = SURFACE_CURVE('',#1291,(#1296,#1307),.PCURVE_S1.);
#1291 = CIRCLE('',#1292,1.7);
#1292 = AXIS2_PLACEMENT_3D('',#1293,#1294,#1295);
#1293 = CARTESIAN_POINT('',(59.5,17.,-11.));
#1294 = DIRECTION('',(0.,0.,-1.));
#1295 = DIRECTION('',(1.,0.,0.));
#1296 = PCURVE('',#72,#1297);
#1297 = DEFINITIONAL_REPRESENTATION('',(#1298),#1306);
#1298 = ( BOUNDED_CURVE() B_SPLINE_CURVE(2,(#1299,#1300,#1301,#1302,
#1303,#1304,#1305),.UNSPECIFIED.,.T.,.F.) B_SPLINE_CURVE_WITH_KNOTS((1,2
    ,2,2,2,1),(-2.094395102393,0.,2.094395102393,4.188790204786,
6.28318530718,8.377580409573),.UNSPECIFIED.) CURVE() 
GEOMETRIC_REPRESENTATION_ITEM() RATIONAL_B_SPLINE_CURVE((1.,0.5,1.,0.5,
1.,0.5,1.)) REPRESENTATION_ITEM('') );
#1299 = CARTESIAN_POINT('',(63.2,31.5));
#1300 = CARTESIAN_POINT('',(63.2,28.555513627133));
#1301 = CARTESIAN_POINT('',(60.65,30.027756813566));
#1302 = CARTESIAN_POINT('',(58.1,31.5));
#1303 = CARTESIAN_POINT('',(60.65,32.972243186434));
#1304 = CARTESIAN_POINT('',(63.2,34.444486372867));
#1305 = CARTESIAN_POINT('',(63.2,31.5));
#1306 = ( GEOMETRIC_REPRESENTATION_CONTEXT(2) 
PARAMETRIC_REPRESENTATION_CONTEXT() REPRESENTATION_CONTEXT('2D SPACE',''
  ) );
#1307 = PCURVE('',#1308,#1313);
#1308 = CYLINDRICAL_SURFACE('',#1309,1.7);
#1309 = AXIS2_PLACEMENT_3D('',#1310,#1311,#1312);
#1310 = CARTESIAN_POINT('',(59.5,17.,-12.));
#1311 = DIRECTION('',(-0.,-0.,-1.));
#1312 = DIRECTION('',(1.,0.,0.));
#1313 = DEFINITIONAL_REPRESENTATION('',(#1314),#1318);
#1314 = LINE('',#1315,#1316);
#1315 = CARTESIAN_POINT('',(-6.28318530718,-1.));
#1316 = VECTOR('',#1317,1.);
#1317 = DIRECTION('',(1.,-0.));
#1318 = ( GEOMETRIC_REPRESENTATION_CONTEXT(2) 
PARAMETRIC_REPRESENTATION_CONTEXT() REPRESENTATION_CONTEXT('2D SPACE',''
  ) );
#1319 = ADVANCED_FACE('',(#1320),#101,.F.);
#1320 = FACE_BOUND('',#1321,.F.);
#1321 = EDGE_LOOP('',(#1322,#1323,#1324,#1347));
#1322 = ORIENTED_EDGE('',*,*,#84,.T.);
#1323 = ORIENTED_EDGE('',*,*,#1084,.T.);
#1324 = ORIENTED_EDGE('',*,*,#1325,.T.);
#1325 = EDGE_CURVE('',#1057,#1326,#1328,.T.);
#1326 = VERTEX_POINT('',#1327);
#1327 = CARTESIAN_POINT('',(7.,21.5,-8.));
#1328 = SURFACE_CURVE('',#1329,(#1333,#1340),.PCURVE_S1.);
#1329 = LINE('',#1330,#1331);
#1330 = CARTESIAN_POINT('',(7.,21.5,-11.));
#1331 = VECTOR('',#1332,1.);
#1332 = DIRECTION('',(0.,0.,1.));
#1333 = PCURVE('',#101,#1334);
#1334 = DEFINITIONAL_REPRESENTATION('',(#1335),#1339);
#1335 = LINE('',#1336,#1337);
#1336 = CARTESIAN_POINT('',(0.,-16.5));
#1337 = VECTOR('',#1338,1.);
#1338 = DIRECTION('',(1.,0.));
#1339 = ( GEOMETRIC_REPRESENTATION_CONTEXT(2) 
PARAMETRIC_REPRESENTATION_CONTEXT() REPRESENTATION_CONTEXT('2D SPACE',''
  ) );
#1340 = PCURVE('',#1072,#1341);
#1341 = DEFINITIONAL_REPRESENTATION('',(#1342),#1346);
#1342 = LINE('',#1343,#1344);
#1343 = CARTESIAN_POINT('',(0.,0.));
#1344 = VECTOR('',#1345,1.);
#1345 = DIRECTION('',(1.,0.));
#1346 = ( GEOMETRIC_REPRESENTATION_CONTEXT(2) 
PARAMETRIC_REPRESENTATION_CONTEXT() REPRESENTATION_CONTEXT('2D SPACE',''
  ) );
#1347 = ORIENTED_EDGE('',*,*,#1348,.F.);
#1348 = EDGE_CURVE('',#85,#1326,#1349,.T.);
#1349 = SURFACE_CURVE('',#1350,(#1354,#1361),.PCURVE_S1.);
#1350 = LINE('',#1351,#1352);
#1351 = CARTESIAN_POINT('',(7.,5.,-8.));
#1352 = VECTOR('',#1353,1.);
#1353 = DIRECTION('',(0.,1.,0.));
#1354 = PCURVE('',#101,#1355);
#1355 = DEFINITIONAL_REPRESENTATION('',(#1356),#1360);
#1356 = LINE('',#1357,#1358);
#1357 = CARTESIAN_POINT('',(3.,0.));
#1358 = VECTOR('',#1359,1.);
#1359 = DIRECTION('',(0.,-1.));
#1360 = ( GEOMETRIC_REPRESENTATION_CONTEXT(2) 
PARAMETRIC_REPRESENTATION_CONTEXT() REPRESENTATION_CONTEXT('2D SPACE',''
  ) );
#1361 = PCURVE('',#132,#1362);
#1362 = DEFINITIONAL_REPRESENTATION('',(#1363),#1367);
#1363 = LINE('',#1364,#1365);
#1364 = CARTESIAN_POINT('',(0.,0.));
#1365 = VECTOR('',#1366,1.);
#1366 = DIRECTION('',(0.,1.));
#1367 = ( GEOMETRIC_REPRESENTATION_CONTEXT(2) 
PARAMETRIC_REPRESENTATION_CONTEXT() REPRESENTATION_CONTEXT('2D SPACE',''
  ) );
#1368 = ADVANCED_FACE('',(#1369),#678,.F.);
#1369 = FACE_BOUND('',#1370,.F.);
#1370 = EDGE_LOOP('',(#1371,#1394,#1415,#1416));
#1371 = ORIENTED_EDGE('',*,*,#1372,.F.);
#1372 = EDGE_CURVE('',#1373,#636,#1375,.T.);
#1373 = VERTEX_POINT('',#1374);
#1374 = CARTESIAN_POINT('',(7.,-21.5,-8.));
#1375 = SURFACE_CURVE('',#1376,(#1380,#1387),.PCURVE_S1.);
#1376 = LINE('',#1377,#1378);
#1377 = CARTESIAN_POINT('',(7.,-21.5,-8.));
#1378 = VECTOR('',#1379,1.);
#1379 = DIRECTION('',(0.,1.,0.));
#1380 = PCURVE('',#678,#1381);
#1381 = DEFINITIONAL_REPRESENTATION('',(#1382),#1386);
#1382 = LINE('',#1383,#1384);
#1383 = CARTESIAN_POINT('',(3.,0.));
#1384 = VECTOR('',#1385,1.);
#1385 = DIRECTION('',(0.,-1.));
#1386 = ( GEOMETRIC_REPRESENTATION_CONTEXT(2) 
PARAMETRIC_REPRESENTATION_CONTEXT() REPRESENTATION_CONTEXT('2D SPACE',''
  ) );
#1387 = PCURVE('',#650,#1388);
#1388 = DEFINITIONAL_REPRESENTATION('',(#1389),#1393);
#1389 = LINE('',#1390,#1391);
#1390 = CARTESIAN_POINT('',(0.,0.));
#1391 = VECTOR('',#1392,1.);
#1392 = DIRECTION('',(0.,1.));
#1393 = ( GEOMETRIC_REPRESENTATION_CONTEXT(2) 
PARAMETRIC_REPRESENTATION_CONTEXT() REPRESENTATION_CONTEXT('2D SPACE',''
  ) );
#1394 = ORIENTED_EDGE('',*,*,#1395,.F.);
#1395 = EDGE_CURVE('',#1109,#1373,#1396,.T.);
#1396 = SURFACE_CURVE('',#1397,(#1401,#1408),.PCURVE_S1.);
#1397 = LINE('',#1398,#1399);
#1398 = CARTESIAN_POINT('',(7.,-21.5,-11.));
#1399 = VECTOR('',#1400,1.);
#1400 = DIRECTION('',(0.,0.,1.));
#1401 = PCURVE('',#678,#1402);
#1402 = DEFINITIONAL_REPRESENTATION('',(#1403),#1407);
#1403 = LINE('',#1404,#1405);
#1404 = CARTESIAN_POINT('',(0.,0.));
#1405 = VECTOR('',#1406,1.);
#1406 = DIRECTION('',(1.,0.));
#1407 = ( GEOMETRIC_REPRESENTATION_CONTEXT(2) 
PARAMETRIC_REPRESENTATION_CONTEXT() REPRESENTATION_CONTEXT('2D SPACE',''
  ) );
#1408 = PCURVE('',#1147,#1409);
#1409 = DEFINITIONAL_REPRESENTATION('',(#1410),#1414);
#1410 = LINE('',#1411,#1412);
#1411 = CARTESIAN_POINT('',(0.,0.));
#1412 = VECTOR('',#1413,1.);
#1413 = DIRECTION('',(1.,0.));
#1414 = ( GEOMETRIC_REPRESENTATION_CONTEXT(2) 
PARAMETRIC_REPRESENTATION_CONTEXT() REPRESENTATION_CONTEXT('2D SPACE',''
  ) );
#1415 = ORIENTED_EDGE('',*,*,#1108,.T.);
#1416 = ORIENTED_EDGE('',*,*,#661,.T.);
#1417 = ADVANCED_FACE('',(#1418,#1466,#1496),#132,.T.);
#1418 = FACE_BOUND('',#1419,.T.);
#1419 = EDGE_LOOP('',(#1420,#1421,#1422,#1445));
#1420 = ORIENTED_EDGE('',*,*,#1348,.F.);
#1421 = ORIENTED_EDGE('',*,*,#117,.F.);
#1422 = ORIENTED_EDGE('',*,*,#1423,.T.);
#1423 = EDGE_CURVE('',#118,#1424,#1426,.T.);
#1424 = VERTEX_POINT('',#1425);
#1425 = CARTESIAN_POINT('',(67.,21.5,-8.));
#1426 = SURFACE_CURVE('',#1427,(#1431,#1438),.PCURVE_S1.);
#1427 = LINE('',#1428,#1429);
#1428 = CARTESIAN_POINT('',(67.,5.,-8.));
#1429 = VECTOR('',#1430,1.);
#1430 = DIRECTION('',(0.,1.,0.));
#1431 = PCURVE('',#132,#1432);
#1432 = DEFINITIONAL_REPRESENTATION('',(#1433),#1437);
#1433 = LINE('',#1434,#1435);
#1434 = CARTESIAN_POINT('',(60.,0.));
#1435 = VECTOR('',#1436,1.);
#1436 = DIRECTION('',(0.,1.));
#1437 = ( GEOMETRIC_REPRESENTATION_CONTEXT(2) 
PARAMETRIC_REPRESENTATION_CONTEXT() REPRESENTATION_CONTEXT('2D SPACE',''
  ) );
#1438 = PCURVE('',#160,#1439);
#1439 = DEFINITIONAL_REPRESENTATION('',(#1440),#1444);
#1440 = LINE('',#1441,#1442);
#1441 = CARTESIAN_POINT('',(3.,0.));
#1442 = VECTOR('',#1443,1.);
#1443 = DIRECTION('',(0.,-1.));
#1444 = ( GEOMETRIC_REPRESENTATION_CONTEXT(2) 
PARAMETRIC_REPRESENTATION_CONTEXT() REPRESENTATION_CONTEXT('2D SPACE',''
  ) );
#1445 = ORIENTED_EDGE('',*,*,#1446,.F.);
#1446 = EDGE_CURVE('',#1326,#1424,#1447,.T.);
#1447 = SURFACE_CURVE('',#1448,(#1452,#1459),.PCURVE_S1.);
#1448 = LINE('',#1449,#1450);
#1449 = CARTESIAN_POINT('',(7.,21.5,-8.));
#1450 = VECTOR('',#1451,1.);
#1451 = DIRECTION('',(1.,0.,0.));
#1452 = PCURVE('',#132,#1453);
#1453 = DEFINITIONAL_REPRESENTATION('',(#1454),#1458);
#1454 = LINE('',#1455,#1456);
#1455 = CARTESIAN_POINT('',(0.,16.5));
#1456 = VECTOR('',#1457,1.);
#1457 = DIRECTION('',(1.,0.));
#1458 = ( GEOMETRIC_REPRESENTATION_CONTEXT(2) 
PARAMETRIC_REPRESENTATION_CONTEXT() REPRESENTATION_CONTEXT('2D SPACE',''
  ) );
#1459 = PCURVE('',#1072,#1460);
#1460 = DEFINITIONAL_REPRESENTATION('',(#1461),#1465);
#1461 = LINE('',#1462,#1463);
#1462 = CARTESIAN_POINT('',(3.,0.));
#1463 = VECTOR('',#1464,1.);
#1464 = DIRECTION('',(0.,1.));
#1465 = ( GEOMETRIC_REPRESENTATION_CONTEXT(2) 
PARAMETRIC_REPRESENTATION_CONTEXT() REPRESENTATION_CONTEXT('2D SPACE',''
  ) );
#1466 = FACE_BOUND('',#1467,.T.);
#1467 = EDGE_LOOP('',(#1468));
#1468 = ORIENTED_EDGE('',*,*,#1469,.T.);
#1469 = EDGE_CURVE('',#1470,#1470,#1472,.T.);
#1470 = VERTEX_POINT('',#1471);
#1471 = CARTESIAN_POINT('',(16.2,17.,-8.));
#1472 = SURFACE_CURVE('',#1473,(#1478,#1489),.PCURVE_S1.);
#1473 = CIRCLE('',#1474,1.7);
#1474 = AXIS2_PLACEMENT_3D('',#1475,#1476,#1477);
#1475 = CARTESIAN_POINT('',(14.5,17.,-8.));
#1476 = DIRECTION('',(0.,0.,-1.));
#1477 = DIRECTION('',(1.,0.,0.));
#1478 = PCURVE('',#132,#1479);
#1479 = DEFINITIONAL_REPRESENTATION('',(#1480),#1488);
#1480 = ( BOUNDED_CURVE() B_SPLINE_CURVE(2,(#1481,#1482,#1483,#1484,
#1485,#1486,#1487),.UNSPECIFIED.,.T.,.F.) B_SPLINE_CURVE_WITH_KNOTS((1,2
    ,2,2,2,1),(-2.094395102393,0.,2.094395102393,4.188790204786,
6.28318530718,8.377580409573),.UNSPECIFIED.) CURVE() 
GEOMETRIC_REPRESENTATION_ITEM() RATIONAL_B_SPLINE_CURVE((1.,0.5,1.,0.5,
1.,0.5,1.)) REPRESENTATION_ITEM('') );
#1481 = CARTESIAN_POINT('',(9.2,12.));
#1482 = CARTESIAN_POINT('',(9.2,9.055513627133));
#1483 = CARTESIAN_POINT('',(6.65,10.527756813566));
#1484 = CARTESIAN_POINT('',(4.1,12.));
#1485 = CARTESIAN_POINT('',(6.65,13.472243186434));
#1486 = CARTESIAN_POINT('',(9.2,14.944486372867));
#1487 = CARTESIAN_POINT('',(9.2,12.));
#1488 = ( GEOMETRIC_REPRESENTATION_CONTEXT(2) 
PARAMETRIC_REPRESENTATION_CONTEXT() REPRESENTATION_CONTEXT('2D SPACE',''
  ) );
#1489 = PCURVE('',#1273,#1490);
#1490 = DEFINITIONAL_REPRESENTATION('',(#1491),#1495);
#1491 = LINE('',#1492,#1493);
#1492 = CARTESIAN_POINT('',(-6.28318530718,-4.));
#1493 = VECTOR('',#1494,1.);
#1494 = DIRECTION('',(1.,-0.));
#1495 = ( GEOMETRIC_REPRESENTATION_CONTEXT(2) 
PARAMETRIC_REPRESENTATION_CONTEXT() REPRESENTATION_CONTEXT('2D SPACE',''
  ) );
#1496 = FACE_BOUND('',#1497,.T.);
#1497 = EDGE_LOOP('',(#1498));
#1498 = ORIENTED_EDGE('',*,*,#1499,.T.);
#1499 = EDGE_CURVE('',#1500,#1500,#1502,.T.);
#1500 = VERTEX_POINT('',#1501);
#1501 = CARTESIAN_POINT('',(61.2,17.,-8.));
#1502 = SURFACE_CURVE('',#1503,(#1508,#1519),.PCURVE_S1.);
#1503 = CIRCLE('',#1504,1.7);
#1504 = AXIS2_PLACEMENT_3D('',#1505,#1506,#1507);
#1505 = CARTESIAN_POINT('',(59.5,17.,-8.));
#1506 = DIRECTION('',(0.,0.,-1.));
#1507 = DIRECTION('',(1.,0.,0.));
#1508 = PCURVE('',#132,#1509);
#1509 = DEFINITIONAL_REPRESENTATION('',(#1510),#1518);
#1510 = ( BOUNDED_CURVE() B_SPLINE_CURVE(2,(#1511,#1512,#1513,#1514,
#1515,#1516,#1517),.UNSPECIFIED.,.T.,.F.) B_SPLINE_CURVE_WITH_KNOTS((1,2
    ,2,2,2,1),(-2.094395102393,0.,2.094395102393,4.188790204786,
6.28318530718,8.377580409573),.UNSPECIFIED.) CURVE() 
GEOMETRIC_REPRESENTATION_ITEM() RATIONAL_B_SPLINE_CURVE((1.,0.5,1.,0.5,
1.,0.5,1.)) REPRESENTATION_ITEM('') );
#1511 = CARTESIAN_POINT('',(54.2,12.));
#1512 = CARTESIAN_POINT('',(54.2,9.055513627133));
#1513 = CARTESIAN_POINT('',(51.65,10.527756813566));
#1514 = CARTESIAN_POINT('',(49.1,12.));
#1515 = CARTESIAN_POINT('',(51.65,13.472243186434));
#1516 = CARTESIAN_POINT('',(54.2,14.944486372867));
#1517 = CARTESIAN_POINT('',(54.2,12.));
#1518 = ( GEOMETRIC_REPRESENTATION_CONTEXT(2) 
PARAMETRIC_REPRESENTATION_CONTEXT() REPRESENTATION_CONTEXT('2D SPACE',''
  ) );
#1519 = PCURVE('',#1308,#1520);
#1520 = DEFINITIONAL_REPRESENTATION('',(#1521),#1525);
#1521 = LINE('',#1522,#1523);
#1522 = CARTESIAN_POINT('',(-6.28318530718,-4.));
#1523 = VECTOR('',#1524,1.);
#1524 = DIRECTION('',(1.,-0.));
#1525 = ( GEOMETRIC_REPRESENTATION_CONTEXT(2) 
PARAMETRIC_REPRESENTATION_CONTEXT() REPRESENTATION_CONTEXT('2D SPACE',''
  ) );
#1526 = ADVANCED_FACE('',(#1527,#1575,#1605),#650,.T.);
#1527 = FACE_BOUND('',#1528,.T.);
#1528 = EDGE_LOOP('',(#1529,#1530,#1553,#1574));
#1529 = ORIENTED_EDGE('',*,*,#1372,.F.);
#1530 = ORIENTED_EDGE('',*,*,#1531,.T.);
#1531 = EDGE_CURVE('',#1373,#1532,#1534,.T.);
#1532 = VERTEX_POINT('',#1533);
#1533 = CARTESIAN_POINT('',(67.,-21.5,-8.));
#1534 = SURFACE_CURVE('',#1535,(#1539,#1546),.PCURVE_S1.);
#1535 = LINE('',#1536,#1537);
#1536 = CARTESIAN_POINT('',(7.,-21.5,-8.));
#1537 = VECTOR('',#1538,1.);
#1538 = DIRECTION('',(1.,0.,0.));
#1539 = PCURVE('',#650,#1540);
#1540 = DEFINITIONAL_REPRESENTATION('',(#1541),#1545);
#1541 = LINE('',#1542,#1543);
#1542 = CARTESIAN_POINT('',(0.,0.));
#1543 = VECTOR('',#1544,1.);
#1544 = DIRECTION('',(1.,0.));
#1545 = ( GEOMETRIC_REPRESENTATION_CONTEXT(2) 
PARAMETRIC_REPRESENTATION_CONTEXT() REPRESENTATION_CONTEXT('2D SPACE',''
  ) );
#1546 = PCURVE('',#1147,#1547);
#1547 = DEFINITIONAL_REPRESENTATION('',(#1548),#1552);
#1548 = LINE('',#1549,#1550);
#1549 = CARTESIAN_POINT('',(3.,0.));
#1550 = VECTOR('',#1551,1.);
#1551 = DIRECTION('',(0.,1.));
#1552 = ( GEOMETRIC_REPRESENTATION_CONTEXT(2) 
PARAMETRIC_REPRESENTATION_CONTEXT() REPRESENTATION_CONTEXT('2D SPACE',''
  ) );
#1553 = ORIENTED_EDGE('',*,*,#1554,.T.);
#1554 = EDGE_CURVE('',#1532,#603,#1555,.T.);
#1555 = SURFACE_CURVE('',#1556,(#1560,#1567),.PCURVE_S1.);
#1556 = LINE('',#1557,#1558);
#1557 = CARTESIAN_POINT('',(67.,-21.5,-8.));
#1558 = VECTOR('',#1559,1.);
#1559 = DIRECTION('',(0.,1.,0.));
#1560 = PCURVE('',#650,#1561);
#1561 = DEFINITIONAL_REPRESENTATION('',(#1562),#1566);
#1562 = LINE('',#1563,#1564);
#1563 = CARTESIAN_POINT('',(60.,0.));
#1564 = VECTOR('',#1565,1.);
#1565 = DIRECTION('',(0.,1.));
#1566 = ( GEOMETRIC_REPRESENTATION_CONTEXT(2) 
PARAMETRIC_REPRESENTATION_CONTEXT() REPRESENTATION_CONTEXT('2D SPACE',''
  ) );
#1567 = PCURVE('',#619,#1568);
#1568 = DEFINITIONAL_REPRESENTATION('',(#1569),#1573);
#1569 = LINE('',#1570,#1571);
#1570 = CARTESIAN_POINT('',(3.,0.));
#1571 = VECTOR('',#1572,1.);
#1572 = DIRECTION('',(0.,-1.));
#1573 = ( GEOMETRIC_REPRESENTATION_CONTEXT(2) 
PARAMETRIC_REPRESENTATION_CONTEXT() REPRESENTATION_CONTEXT('2D SPACE',''
  ) );
#1574 = ORIENTED_EDGE('',*,*,#635,.T.);
#1575 = FACE_BOUND('',#1576,.T.);
#1576 = EDGE_LOOP('',(#1577));
#1577 = ORIENTED_EDGE('',*,*,#1578,.T.);
#1578 = EDGE_CURVE('',#1579,#1579,#1581,.T.);
#1579 = VERTEX_POINT('',#1580);
#1580 = CARTESIAN_POINT('',(16.2,-17.,-8.));
#1581 = SURFACE_CURVE('',#1582,(#1587,#1598),.PCURVE_S1.);
#1582 = CIRCLE('',#1583,1.7);
#1583 = AXIS2_PLACEMENT_3D('',#1584,#1585,#1586);
#1584 = CARTESIAN_POINT('',(14.5,-17.,-8.));
#1585 = DIRECTION('',(0.,0.,-1.));
#1586 = DIRECTION('',(1.,0.,0.));
#1587 = PCURVE('',#650,#1588);
#1588 = DEFINITIONAL_REPRESENTATION('',(#1589),#1597);
#1589 = ( BOUNDED_CURVE() B_SPLINE_CURVE(2,(#1590,#1591,#1592,#1593,
#1594,#1595,#1596),.UNSPECIFIED.,.T.,.F.) B_SPLINE_CURVE_WITH_KNOTS((1,2
    ,2,2,2,1),(-2.094395102393,0.,2.094395102393,4.188790204786,
6.28318530718,8.377580409573),.UNSPECIFIED.) CURVE() 
GEOMETRIC_REPRESENTATION_ITEM() RATIONAL_B_SPLINE_CURVE((1.,0.5,1.,0.5,
1.,0.5,1.)) REPRESENTATION_ITEM('') );
#1590 = CARTESIAN_POINT('',(9.2,4.5));
#1591 = CARTESIAN_POINT('',(9.2,1.555513627133));
#1592 = CARTESIAN_POINT('',(6.65,3.027756813566));
#1593 = CARTESIAN_POINT('',(4.1,4.5));
#1594 = CARTESIAN_POINT('',(6.65,5.972243186434));
#1595 = CARTESIAN_POINT('',(9.2,7.444486372867));
#1596 = CARTESIAN_POINT('',(9.2,4.5));
#1597 = ( GEOMETRIC_REPRESENTATION_CONTEXT(2) 
PARAMETRIC_REPRESENTATION_CONTEXT() REPRESENTATION_CONTEXT('2D SPACE',''
  ) );
#1598 = PCURVE('',#1203,#1599);
#1599 = DEFINITIONAL_REPRESENTATION('',(#1600),#1604);
#1600 = LINE('',#1601,#1602);
#1601 = CARTESIAN_POINT('',(-6.28318530718,-4.));
#1602 = VECTOR('',#1603,1.);
#1603 = DIRECTION('',(1.,-0.));
#1604 = ( GEOMETRIC_REPRESENTATION_CONTEXT(2) 
PARAMETRIC_REPRESENTATION_CONTEXT() REPRESENTATION_CONTEXT('2D SPACE',''
  ) );
#1605 = FACE_BOUND('',#1606,.T.);
#1606 = EDGE_LOOP('',(#1607));
#1607 = ORIENTED_EDGE('',*,*,#1608,.T.);
#1608 = EDGE_CURVE('',#1609,#1609,#1611,.T.);
#1609 = VERTEX_POINT('',#1610);
#1610 = CARTESIAN_POINT('',(61.2,-17.,-8.));
#1611 = SURFACE_CURVE('',#1612,(#1617,#1628),.PCURVE_S1.);
#1612 = CIRCLE('',#1613,1.7);
#1613 = AXIS2_PLACEMENT_3D('',#1614,#1615,#1616);
#1614 = CARTESIAN_POINT('',(59.5,-17.,-8.));
#1615 = DIRECTION('',(0.,0.,-1.));
#1616 = DIRECTION('',(1.,0.,0.));
#1617 = PCURVE('',#650,#1618);
#1618 = DEFINITIONAL_REPRESENTATION('',(#1619),#1627);
#1619 = ( BOUNDED_CURVE() B_SPLINE_CURVE(2,(#1620,#1621,#1622,#1623,
#1624,#1625,#1626),.UNSPECIFIED.,.T.,.F.) B_SPLINE_CURVE_WITH_KNOTS((1,2
    ,2,2,2,1),(-2.094395102393,0.,2.094395102393,4.188790204786,
6.28318530718,8.377580409573),.UNSPECIFIED.) CURVE() 
GEOMETRIC_REPRESENTATION_ITEM() RATIONAL_B_SPLINE_CURVE((1.,0.5,1.,0.5,
1.,0.5,1.)) REPRESENTATION_ITEM('') );
#1620 = CARTESIAN_POINT('',(54.2,4.5));
#1621 = CARTESIAN_POINT('',(54.2,1.555513627133));
#1622 = CARTESIAN_POINT('',(51.65,3.027756813566));
#1623 = CARTESIAN_POINT('',(49.1,4.5));
#1624 = CARTESIAN_POINT('',(51.65,5.972243186434));
#1625 = CARTESIAN_POINT('',(54.2,7.444486372867));
#1626 = CARTESIAN_POINT('',(54.2,4.5));
#1627 = ( GEOMETRIC_REPRESENTATION_CONTEXT(2) 
PARAMETRIC_REPRESENTATION_CONTEXT() REPRESENTATION_CONTEXT('2D SPACE',''
  ) );
#1628 = PCURVE('',#1238,#1629);
#1629 = DEFINITIONAL_REPRESENTATION('',(#1630),#1634);
#1630 = LINE('',#1631,#1632);
#1631 = CARTESIAN_POINT('',(-6.28318530718,-4.));
#1632 = VECTOR('',#1633,1.);
#1633 = DIRECTION('',(1.,-0.));
#1634 = ( GEOMETRIC_REPRESENTATION_CONTEXT(2) 
PARAMETRIC_REPRESENTATION_CONTEXT() REPRESENTATION_CONTEXT('2D SPACE',''
  ) );
#1635 = ADVANCED_FACE('',(#1636),#160,.T.);
#1636 = FACE_BOUND('',#1637,.T.);
#1637 = EDGE_LOOP('',(#1638,#1639,#1640,#1661));
#1638 = ORIENTED_EDGE('',*,*,#143,.T.);
#1639 = ORIENTED_EDGE('',*,*,#1033,.T.);
#1640 = ORIENTED_EDGE('',*,*,#1641,.T.);
#1641 = EDGE_CURVE('',#1034,#1424,#1642,.T.);
#1642 = SURFACE_CURVE('',#1643,(#1647,#1654),.PCURVE_S1.);
#1643 = LINE('',#1644,#1645);
#1644 = CARTESIAN_POINT('',(67.,21.5,-11.));
#1645 = VECTOR('',#1646,1.);
#1646 = DIRECTION('',(0.,0.,1.));
#1647 = PCURVE('',#160,#1648);
#1648 = DEFINITIONAL_REPRESENTATION('',(#1649),#1653);
#1649 = LINE('',#1650,#1651);
#1650 = CARTESIAN_POINT('',(0.,-16.5));
#1651 = VECTOR('',#1652,1.);
#1652 = DIRECTION('',(1.,0.));
#1653 = ( GEOMETRIC_REPRESENTATION_CONTEXT(2) 
PARAMETRIC_REPRESENTATION_CONTEXT() REPRESENTATION_CONTEXT('2D SPACE',''
  ) );
#1654 = PCURVE('',#1072,#1655);
#1655 = DEFINITIONAL_REPRESENTATION('',(#1656),#1660);
#1656 = LINE('',#1657,#1658);
#1657 = CARTESIAN_POINT('',(0.,60.));
#1658 = VECTOR('',#1659,1.);
#1659 = DIRECTION('',(1.,0.));
#1660 = ( GEOMETRIC_REPRESENTATION_CONTEXT(2) 
PARAMETRIC_REPRESENTATION_CONTEXT() REPRESENTATION_CONTEXT('2D SPACE',''
  ) );
#1661 = ORIENTED_EDGE('',*,*,#1423,.F.);
#1662 = ADVANCED_FACE('',(#1663),#619,.T.);
#1663 = FACE_BOUND('',#1664,.T.);
#1664 = EDGE_LOOP('',(#1665,#1666,#1687,#1688));
#1665 = ORIENTED_EDGE('',*,*,#1554,.F.);
#1666 = ORIENTED_EDGE('',*,*,#1667,.F.);
#1667 = EDGE_CURVE('',#1132,#1532,#1668,.T.);
#1668 = SURFACE_CURVE('',#1669,(#1673,#1680),.PCURVE_S1.);
#1669 = LINE('',#1670,#1671);
#1670 = CARTESIAN_POINT('',(67.,-21.5,-11.));
#1671 = VECTOR('',#1672,1.);
#1672 = DIRECTION('',(0.,0.,1.));
#1673 = PCURVE('',#619,#1674);
#1674 = DEFINITIONAL_REPRESENTATION('',(#1675),#1679);
#1675 = LINE('',#1676,#1677);
#1676 = CARTESIAN_POINT('',(0.,0.));
#1677 = VECTOR('',#1678,1.);
#1678 = DIRECTION('',(1.,0.));
#1679 = ( GEOMETRIC_REPRESENTATION_CONTEXT(2) 
PARAMETRIC_REPRESENTATION_CONTEXT() REPRESENTATION_CONTEXT('2D SPACE',''
  ) );
#1680 = PCURVE('',#1147,#1681);
#1681 = DEFINITIONAL_REPRESENTATION('',(#1682),#1686);
#1682 = LINE('',#1683,#1684);
#1683 = CARTESIAN_POINT('',(0.,60.));
#1684 = VECTOR('',#1685,1.);
#1685 = DIRECTION('',(1.,0.));
#1686 = ( GEOMETRIC_REPRESENTATION_CONTEXT(2) 
PARAMETRIC_REPRESENTATION_CONTEXT() REPRESENTATION_CONTEXT('2D SPACE',''
  ) );
#1687 = ORIENTED_EDGE('',*,*,#1159,.T.);
#1688 = ORIENTED_EDGE('',*,*,#602,.T.);
#1689 = ADVANCED_FACE('',(#1690),#215,.T.);
#1690 = FACE_BOUND('',#1691,.T.);
#1691 = EDGE_LOOP('',(#1692,#1693,#1694,#1715,#1748,#1767));
#1692 = ORIENTED_EDGE('',*,*,#1012,.F.);
#1693 = ORIENTED_EDGE('',*,*,#198,.F.);
#1694 = ORIENTED_EDGE('',*,*,#1695,.T.);
#1695 = EDGE_CURVE('',#199,#1696,#1698,.T.);
#1696 = VERTEX_POINT('',#1697);
#1697 = CARTESIAN_POINT('',(74.3,7.745966692415,-5.5));
#1698 = SURFACE_CURVE('',#1699,(#1703,#1709),.PCURVE_S1.);
#1699 = LINE('',#1700,#1701);
#1700 = CARTESIAN_POINT('',(74.3,2.5,-5.5));
#1701 = VECTOR('',#1702,1.);
#1702 = DIRECTION('',(0.,-1.,0.));
#1703 = PCURVE('',#215,#1704);
#1704 = DEFINITIONAL_REPRESENTATION('',(#1705),#1708);
#1705 = B_SPLINE_CURVE_WITH_KNOTS('',1,(#1706,#1707),.UNSPECIFIED.,.F.,
  .F.,(2,2),(-10.,-2.5),.PIECEWISE_BEZIER_KNOTS.);
#1706 = CARTESIAN_POINT('',(-5.5,-12.5));
#1707 = CARTESIAN_POINT('',(-5.5,-5.));
#1708 = ( GEOMETRIC_REPRESENTATION_CONTEXT(2) 
PARAMETRIC_REPRESENTATION_CONTEXT() REPRESENTATION_CONTEXT('2D SPACE',''
  ) );
#1709 = PCURVE('',#246,#1710);
#1710 = DEFINITIONAL_REPRESENTATION('',(#1711),#1714);
#1711 = B_SPLINE_CURVE_WITH_KNOTS('',1,(#1712,#1713),.UNSPECIFIED.,.F.,
  .F.,(2,2),(-10.,-2.5),.PIECEWISE_BEZIER_KNOTS.);
#1712 = CARTESIAN_POINT('',(18.,7.5));
#1713 = CARTESIAN_POINT('',(18.,0.));
#1714 = ( GEOMETRIC_REPRESENTATION_CONTEXT(2) 
PARAMETRIC_REPRESENTATION_CONTEXT() REPRESENTATION_CONTEXT('2D SPACE',''
  ) );
#1715 = ORIENTED_EDGE('',*,*,#1716,.T.);
#1716 = EDGE_CURVE('',#1696,#1717,#1719,.T.);
#1717 = VERTEX_POINT('',#1718);
#1718 = CARTESIAN_POINT('',(74.3,-7.745966692415,-5.5));
#1719 = SURFACE_CURVE('',#1720,(#1725,#1736),.PCURVE_S1.);
#1720 = CIRCLE('',#1721,9.5);
#1721 = AXIS2_PLACEMENT_3D('',#1722,#1723,#1724);
#1722 = CARTESIAN_POINT('',(74.3,0.,0.));
#1723 = DIRECTION('',(-1.,0.,0.));
#1724 = DIRECTION('',(0.,1.,0.));
#1725 = PCURVE('',#215,#1726);
#1726 = DEFINITIONAL_REPRESENTATION('',(#1727),#1735);
#1727 = ( BOUNDED_CURVE() B_SPLINE_CURVE(2,(#1728,#1729,#1730,#1731,
#1732,#1733,#1734),.UNSPECIFIED.,.T.,.F.) B_SPLINE_CURVE_WITH_KNOTS((1,2
    ,2,2,2,1),(-2.094395102393,0.,2.094395102393,4.188790204786,
6.28318530718,8.377580409573),.UNSPECIFIED.) CURVE() 
GEOMETRIC_REPRESENTATION_ITEM() RATIONAL_B_SPLINE_CURVE((1.,0.5,1.,0.5,
1.,0.5,1.)) REPRESENTATION_ITEM('') );
#1728 = CARTESIAN_POINT('',(-8.024730275931E-16,-9.5));
#1729 = CARTESIAN_POINT('',(-16.4544826719,-9.5));
#1730 = CARTESIAN_POINT('',(-8.227241335952,4.75));
#1731 = CARTESIAN_POINT('',(-3.129301945973E-15,19.));
#1732 = CARTESIAN_POINT('',(8.227241335952,4.75));
#1733 = CARTESIAN_POINT('',(16.454482671904,-9.5));
#1734 = CARTESIAN_POINT('',(-8.024730275931E-16,-9.5));
#1735 = ( GEOMETRIC_REPRESENTATION_CONTEXT(2) 
PARAMETRIC_REPRESENTATION_CONTEXT() REPRESENTATION_CONTEXT('2D SPACE',''
  ) );
#1736 = PCURVE('',#1737,#1742);
#1737 = CYLINDRICAL_SURFACE('',#1738,9.5);
#1738 = AXIS2_PLACEMENT_3D('',#1739,#1740,#1741);
#1739 = CARTESIAN_POINT('',(3.,0.,0.));
#1740 = DIRECTION('',(-1.,-0.,-0.));
#1741 = DIRECTION('',(0.,1.,0.));
#1742 = DEFINITIONAL_REPRESENTATION('',(#1743),#1747);
#1743 = LINE('',#1744,#1745);
#1744 = CARTESIAN_POINT('',(-6.28318530718,-71.3));
#1745 = VECTOR('',#1746,1.);
#1746 = DIRECTION('',(1.,-0.));
#1747 = ( GEOMETRIC_REPRESENTATION_CONTEXT(2) 
PARAMETRIC_REPRESENTATION_CONTEXT() REPRESENTATION_CONTEXT('2D SPACE',''
  ) );
#1748 = ORIENTED_EDGE('',*,*,#1749,.T.);
#1749 = EDGE_CURVE('',#1717,#527,#1750,.T.);
#1750 = SURFACE_CURVE('',#1751,(#1755,#1761),.PCURVE_S1.);
#1751 = LINE('',#1752,#1753);
#1752 = CARTESIAN_POINT('',(74.3,-6.5,-5.5));
#1753 = VECTOR('',#1754,1.);
#1754 = DIRECTION('',(0.,-1.,0.));
#1755 = PCURVE('',#215,#1756);
#1756 = DEFINITIONAL_REPRESENTATION('',(#1757),#1760);
#1757 = B_SPLINE_CURVE_WITH_KNOTS('',1,(#1758,#1759),.UNSPECIFIED.,.F.,
  .F.,(2,2),(-1.5,6.),.PIECEWISE_BEZIER_KNOTS.);
#1758 = CARTESIAN_POINT('',(-5.5,5.));
#1759 = CARTESIAN_POINT('',(-5.5,12.5));
#1760 = ( GEOMETRIC_REPRESENTATION_CONTEXT(2) 
PARAMETRIC_REPRESENTATION_CONTEXT() REPRESENTATION_CONTEXT('2D SPACE',''
  ) );
#1761 = PCURVE('',#541,#1762);
#1762 = DEFINITIONAL_REPRESENTATION('',(#1763),#1766);
#1763 = B_SPLINE_CURVE_WITH_KNOTS('',1,(#1764,#1765),.UNSPECIFIED.,.F.,
  .F.,(2,2),(-1.5,6.),.PIECEWISE_BEZIER_KNOTS.);
#1764 = CARTESIAN_POINT('',(18.,8.));
#1765 = CARTESIAN_POINT('',(18.,0.5));
#1766 = ( GEOMETRIC_REPRESENTATION_CONTEXT(2) 
PARAMETRIC_REPRESENTATION_CONTEXT() REPRESENTATION_CONTEXT('2D SPACE',''
  ) );
#1767 = ORIENTED_EDGE('',*,*,#552,.F.);
#1768 = ADVANCED_FACE('',(#1769),#246,.T.);
#1769 = FACE_BOUND('',#1770,.T.);
#1770 = EDGE_LOOP('',(#1771,#1794,#1813,#1814));
#1771 = ORIENTED_EDGE('',*,*,#1772,.F.);
#1772 = EDGE_CURVE('',#1773,#232,#1775,.T.);
#1773 = VERTEX_POINT('',#1774);
#1774 = CARTESIAN_POINT('',(56.3,7.745966692415,-5.5));
#1775 = SURFACE_CURVE('',#1776,(#1780,#1787),.PCURVE_S1.);
#1776 = LINE('',#1777,#1778);
#1777 = CARTESIAN_POINT('',(56.3,5.,-5.5));
#1778 = VECTOR('',#1779,1.);
#1779 = DIRECTION('',(0.,1.,0.));
#1780 = PCURVE('',#246,#1781);
#1781 = DEFINITIONAL_REPRESENTATION('',(#1782),#1786);
#1782 = LINE('',#1783,#1784);
#1783 = CARTESIAN_POINT('',(0.,0.));
#1784 = VECTOR('',#1785,1.);
#1785 = DIRECTION('',(0.,1.));
#1786 = ( GEOMETRIC_REPRESENTATION_CONTEXT(2) 
PARAMETRIC_REPRESENTATION_CONTEXT() REPRESENTATION_CONTEXT('2D SPACE',''
  ) );
#1787 = PCURVE('',#274,#1788);
#1788 = DEFINITIONAL_REPRESENTATION('',(#1789),#1793);
#1789 = LINE('',#1790,#1791);
#1790 = CARTESIAN_POINT('',(-9.,0.));
#1791 = VECTOR('',#1792,1.);
#1792 = DIRECTION('',(0.,-1.));
#1793 = ( GEOMETRIC_REPRESENTATION_CONTEXT(2) 
PARAMETRIC_REPRESENTATION_CONTEXT() REPRESENTATION_CONTEXT('2D SPACE',''
  ) );
#1794 = ORIENTED_EDGE('',*,*,#1795,.F.);
#1795 = EDGE_CURVE('',#1696,#1773,#1796,.T.);
#1796 = SURFACE_CURVE('',#1797,(#1801,#1807),.PCURVE_S1.);
#1797 = LINE('',#1798,#1799);
#1798 = CARTESIAN_POINT('',(3.,7.745966692415,-5.5));
#1799 = VECTOR('',#1800,1.);
#1800 = DIRECTION('',(-1.,-0.,-0.));
#1801 = PCURVE('',#246,#1802);
#1802 = DEFINITIONAL_REPRESENTATION('',(#1803),#1806);
#1803 = B_SPLINE_CURVE_WITH_KNOTS('',1,(#1804,#1805),.UNSPECIFIED.,.F.,
  .F.,(2,2),(-71.3000006,-51.3),.PIECEWISE_BEZIER_KNOTS.);
#1804 = CARTESIAN_POINT('',(18.0000006,2.745966692415));
#1805 = CARTESIAN_POINT('',(-2.,2.745966692415));
#1806 = ( GEOMETRIC_REPRESENTATION_CONTEXT(2) 
PARAMETRIC_REPRESENTATION_CONTEXT() REPRESENTATION_CONTEXT('2D SPACE',''
  ) );
#1807 = PCURVE('',#1737,#1808);
#1808 = DEFINITIONAL_REPRESENTATION('',(#1809),#1812);
#1809 = B_SPLINE_CURVE_WITH_KNOTS('',1,(#1810,#1811),.UNSPECIFIED.,.F.,
  .F.,(2,2),(-71.3000006,-51.3),.PIECEWISE_BEZIER_KNOTS.);
#1810 = CARTESIAN_POINT('',(-5.665748203564,-71.3000006));
#1811 = CARTESIAN_POINT('',(-5.665748203564,-51.3));
#1812 = ( GEOMETRIC_REPRESENTATION_CONTEXT(2) 
PARAMETRIC_REPRESENTATION_CONTEXT() REPRESENTATION_CONTEXT('2D SPACE',''
  ) );
#1813 = ORIENTED_EDGE('',*,*,#1695,.F.);
#1814 = ORIENTED_EDGE('',*,*,#231,.T.);
#1815 = ADVANCED_FACE('',(#1816),#541,.T.);
#1816 = FACE_BOUND('',#1817,.T.);
#1817 = EDGE_LOOP('',(#1818,#1841,#1842,#1843));
#1818 = ORIENTED_EDGE('',*,*,#1819,.F.);
#1819 = EDGE_CURVE('',#494,#1820,#1822,.T.);
#1820 = VERTEX_POINT('',#1821);
#1821 = CARTESIAN_POINT('',(56.3,-7.745966692415,-5.5));
#1822 = SURFACE_CURVE('',#1823,(#1827,#1834),.PCURVE_S1.);
#1823 = LINE('',#1824,#1825);
#1824 = CARTESIAN_POINT('',(56.3,-13.,-5.5));
#1825 = VECTOR('',#1826,1.);
#1826 = DIRECTION('',(0.,1.,0.));
#1827 = PCURVE('',#541,#1828);
#1828 = DEFINITIONAL_REPRESENTATION('',(#1829),#1833);
#1829 = LINE('',#1830,#1831);
#1830 = CARTESIAN_POINT('',(0.,0.));
#1831 = VECTOR('',#1832,1.);
#1832 = DIRECTION('',(0.,1.));
#1833 = ( GEOMETRIC_REPRESENTATION_CONTEXT(2) 
PARAMETRIC_REPRESENTATION_CONTEXT() REPRESENTATION_CONTEXT('2D SPACE',''
  ) );
#1834 = PCURVE('',#510,#1835);
#1835 = DEFINITIONAL_REPRESENTATION('',(#1836),#1840);
#1836 = LINE('',#1837,#1838);
#1837 = CARTESIAN_POINT('',(0.,0.));
#1838 = VECTOR('',#1839,1.);
#1839 = DIRECTION('',(0.,-1.));
#1840 = ( GEOMETRIC_REPRESENTATION_CONTEXT(2) 
PARAMETRIC_REPRESENTATION_CONTEXT() REPRESENTATION_CONTEXT('2D SPACE',''
  ) );
#1841 = ORIENTED_EDGE('',*,*,#526,.F.);
#1842 = ORIENTED_EDGE('',*,*,#1749,.F.);
#1843 = ORIENTED_EDGE('',*,*,#1844,.T.);
#1844 = EDGE_CURVE('',#1717,#1820,#1845,.T.);
#1845 = SURFACE_CURVE('',#1846,(#1850,#1856),.PCURVE_S1.);
#1846 = LINE('',#1847,#1848);
#1847 = CARTESIAN_POINT('',(3.,-7.745966692415,-5.5));
#1848 = VECTOR('',#1849,1.);
#1849 = DIRECTION('',(-1.,-0.,-0.));
#1850 = PCURVE('',#541,#1851);
#1851 = DEFINITIONAL_REPRESENTATION('',(#1852),#1855);
#1852 = B_SPLINE_CURVE_WITH_KNOTS('',1,(#1853,#1854),.UNSPECIFIED.,.F.,
  .F.,(2,2),(-71.3000006,-51.3),.PIECEWISE_BEZIER_KNOTS.);
#1853 = CARTESIAN_POINT('',(18.0000006,5.254033307585));
#1854 = CARTESIAN_POINT('',(-2.,5.254033307585));
#1855 = ( GEOMETRIC_REPRESENTATION_CONTEXT(2) 
PARAMETRIC_REPRESENTATION_CONTEXT() REPRESENTATION_CONTEXT('2D SPACE',''
  ) );
#1856 = PCURVE('',#1737,#1857);
#1857 = DEFINITIONAL_REPRESENTATION('',(#1858),#1861);
#1858 = B_SPLINE_CURVE_WITH_KNOTS('',1,(#1859,#1860),.UNSPECIFIED.,.F.,
  .F.,(2,2),(-71.3000006,-51.3),.PIECEWISE_BEZIER_KNOTS.);
#1859 = CARTESIAN_POINT('',(-3.759029757205,-71.3000006));
#1860 = CARTESIAN_POINT('',(-3.759029757205,-51.3));
#1861 = ( GEOMETRIC_REPRESENTATION_CONTEXT(2) 
PARAMETRIC_REPRESENTATION_CONTEXT() REPRESENTATION_CONTEXT('2D SPACE',''
  ) );
#1862 = ADVANCED_FACE('',(#1863),#274,.T.);
#1863 = FACE_BOUND('',#1864,.T.);
#1864 = EDGE_LOOP('',(#1865,#1888,#1916,#1944,#1972,#2000,#2026,#2027));
#1865 = ORIENTED_EDGE('',*,*,#1866,.F.);
#1866 = EDGE_CURVE('',#1867,#258,#1869,.T.);
#1867 = VERTEX_POINT('',#1868);
#1868 = CARTESIAN_POINT('',(56.3,7.745966692415,5.5));
#1869 = SURFACE_CURVE('',#1870,(#1874,#1881),.PCURVE_S1.);
#1870 = LINE('',#1871,#1872);
#1871 = CARTESIAN_POINT('',(56.3,5.,5.5));
#1872 = VECTOR('',#1873,1.);
#1873 = DIRECTION('',(0.,1.,0.));
#1874 = PCURVE('',#274,#1875);
#1875 = DEFINITIONAL_REPRESENTATION('',(#1876),#1880);
#1876 = LINE('',#1877,#1878);
#1877 = CARTESIAN_POINT('',(2.,0.));
#1878 = VECTOR('',#1879,1.);
#1879 = DIRECTION('',(0.,-1.));
#1880 = ( GEOMETRIC_REPRESENTATION_CONTEXT(2) 
PARAMETRIC_REPRESENTATION_CONTEXT() REPRESENTATION_CONTEXT('2D SPACE',''
  ) );
#1881 = PCURVE('',#305,#1882);
#1882 = DEFINITIONAL_REPRESENTATION('',(#1883),#1887);
#1883 = LINE('',#1884,#1885);
#1884 = CARTESIAN_POINT('',(0.,0.));
#1885 = VECTOR('',#1886,1.);
#1886 = DIRECTION('',(0.,1.));
#1887 = ( GEOMETRIC_REPRESENTATION_CONTEXT(2) 
PARAMETRIC_REPRESENTATION_CONTEXT() REPRESENTATION_CONTEXT('2D SPACE',''
  ) );
#1888 = ORIENTED_EDGE('',*,*,#1889,.T.);
#1889 = EDGE_CURVE('',#1867,#1890,#1892,.T.);
#1890 = VERTEX_POINT('',#1891);
#1891 = CARTESIAN_POINT('',(56.3,8.831760866328,3.5));
#1892 = SURFACE_CURVE('',#1893,(#1898,#1909),.PCURVE_S1.);
#1893 = CIRCLE('',#1894,9.5);
#1894 = AXIS2_PLACEMENT_3D('',#1895,#1896,#1897);
#1895 = CARTESIAN_POINT('',(56.3,0.,0.));
#1896 = DIRECTION('',(-1.,0.,0.));
#1897 = DIRECTION('',(0.,1.,0.));
#1898 = PCURVE('',#274,#1899);
#1899 = DEFINITIONAL_REPRESENTATION('',(#1900),#1908);
#1900 = ( BOUNDED_CURVE() B_SPLINE_CURVE(2,(#1901,#1902,#1903,#1904,
#1905,#1906,#1907),.UNSPECIFIED.,.T.,.F.) B_SPLINE_CURVE_WITH_KNOTS((1,2
    ,2,2,2,1),(-2.094395102393,0.,2.094395102393,4.188790204786,
6.28318530718,8.377580409573),.UNSPECIFIED.) CURVE() 
GEOMETRIC_REPRESENTATION_ITEM() RATIONAL_B_SPLINE_CURVE((1.,0.5,1.,0.5,
1.,0.5,1.)) REPRESENTATION_ITEM('') );
#1901 = CARTESIAN_POINT('',(-3.5,-4.5));
#1902 = CARTESIAN_POINT('',(-19.9544826719,-4.5));
#1903 = CARTESIAN_POINT('',(-11.72724133595,9.75));
#1904 = CARTESIAN_POINT('',(-3.5,24.));
#1905 = CARTESIAN_POINT('',(4.727241335952,9.75));
#1906 = CARTESIAN_POINT('',(12.954482671904,-4.5));
#1907 = CARTESIAN_POINT('',(-3.5,-4.5));
#1908 = ( GEOMETRIC_REPRESENTATION_CONTEXT(2) 
PARAMETRIC_REPRESENTATION_CONTEXT() REPRESENTATION_CONTEXT('2D SPACE',''
  ) );
#1909 = PCURVE('',#1737,#1910);
#1910 = DEFINITIONAL_REPRESENTATION('',(#1911),#1915);
#1911 = LINE('',#1912,#1913);
#1912 = CARTESIAN_POINT('',(-6.28318530718,-53.3));
#1913 = VECTOR('',#1914,1.);
#1914 = DIRECTION('',(1.,-0.));
#1915 = ( GEOMETRIC_REPRESENTATION_CONTEXT(2) 
PARAMETRIC_REPRESENTATION_CONTEXT() REPRESENTATION_CONTEXT('2D SPACE',''
  ) );
#1916 = ORIENTED_EDGE('',*,*,#1917,.T.);
#1917 = EDGE_CURVE('',#1890,#1918,#1920,.T.);
#1918 = VERTEX_POINT('',#1919);
#1919 = CARTESIAN_POINT('',(56.3,11.3,3.5));
#1920 = SURFACE_CURVE('',#1921,(#1925,#1932),.PCURVE_S1.);
#1921 = LINE('',#1922,#1923);
#1922 = CARTESIAN_POINT('',(56.3,5.,3.5));
#1923 = VECTOR('',#1924,1.);
#1924 = DIRECTION('',(0.,1.,0.));
#1925 = PCURVE('',#274,#1926);
#1926 = DEFINITIONAL_REPRESENTATION('',(#1927),#1931);
#1927 = LINE('',#1928,#1929);
#1928 = CARTESIAN_POINT('',(0.,0.));
#1929 = VECTOR('',#1930,1.);
#1930 = DIRECTION('',(0.,-1.));
#1931 = ( GEOMETRIC_REPRESENTATION_CONTEXT(2) 
PARAMETRIC_REPRESENTATION_CONTEXT() REPRESENTATION_CONTEXT('2D SPACE',''
  ) );
#1932 = PCURVE('',#1933,#1938);
#1933 = PLANE('',#1934);
#1934 = AXIS2_PLACEMENT_3D('',#1935,#1936,#1937);
#1935 = CARTESIAN_POINT('',(56.3,5.,3.5));
#1936 = DIRECTION('',(0.,0.,1.));
#1937 = DIRECTION('',(1.,0.,0.));
#1938 = DEFINITIONAL_REPRESENTATION('',(#1939),#1943);
#1939 = LINE('',#1940,#1941);
#1940 = CARTESIAN_POINT('',(0.,0.));
#1941 = VECTOR('',#1942,1.);
#1942 = DIRECTION('',(0.,1.));
#1943 = ( GEOMETRIC_REPRESENTATION_CONTEXT(2) 
PARAMETRIC_REPRESENTATION_CONTEXT() REPRESENTATION_CONTEXT('2D SPACE',''
  ) );
#1944 = ORIENTED_EDGE('',*,*,#1945,.F.);
#1945 = EDGE_CURVE('',#1946,#1918,#1948,.T.);
#1946 = VERTEX_POINT('',#1947);
#1947 = CARTESIAN_POINT('',(56.3,11.3,-3.5));
#1948 = SURFACE_CURVE('',#1949,(#1953,#1960),.PCURVE_S1.);
#1949 = LINE('',#1950,#1951);
#1950 = CARTESIAN_POINT('',(56.3,11.3,-4.));
#1951 = VECTOR('',#1952,1.);
#1952 = DIRECTION('',(0.,0.,1.));
#1953 = PCURVE('',#274,#1954);
#1954 = DEFINITIONAL_REPRESENTATION('',(#1955),#1959);
#1955 = LINE('',#1956,#1957);
#1956 = CARTESIAN_POINT('',(-7.5,-6.3));
#1957 = VECTOR('',#1958,1.);
#1958 = DIRECTION('',(1.,0.));
#1959 = ( GEOMETRIC_REPRESENTATION_CONTEXT(2) 
PARAMETRIC_REPRESENTATION_CONTEXT() REPRESENTATION_CONTEXT('2D SPACE',''
  ) );
#1960 = PCURVE('',#1961,#1966);
#1961 = PLANE('',#1962);
#1962 = AXIS2_PLACEMENT_3D('',#1963,#1964,#1965);
#1963 = CARTESIAN_POINT('',(56.3,11.3,-4.));
#1964 = DIRECTION('',(0.,1.,0.));
#1965 = DIRECTION('',(0.,0.,1.));
#1966 = DEFINITIONAL_REPRESENTATION('',(#1967),#1971);
#1967 = LINE('',#1968,#1969);
#1968 = CARTESIAN_POINT('',(0.,0.));
#1969 = VECTOR('',#1970,1.);
#1970 = DIRECTION('',(1.,0.));
#1971 = ( GEOMETRIC_REPRESENTATION_CONTEXT(2) 
PARAMETRIC_REPRESENTATION_CONTEXT() REPRESENTATION_CONTEXT('2D SPACE',''
  ) );
#1972 = ORIENTED_EDGE('',*,*,#1973,.F.);
#1973 = EDGE_CURVE('',#1974,#1946,#1976,.T.);
#1974 = VERTEX_POINT('',#1975);
#1975 = CARTESIAN_POINT('',(56.3,8.831760866328,-3.5));
#1976 = SURFACE_CURVE('',#1977,(#1981,#1988),.PCURVE_S1.);
#1977 = LINE('',#1978,#1979);
#1978 = CARTESIAN_POINT('',(56.3,5.,-3.5));
#1979 = VECTOR('',#1980,1.);
#1980 = DIRECTION('',(0.,1.,0.));
#1981 = PCURVE('',#274,#1982);
#1982 = DEFINITIONAL_REPRESENTATION('',(#1983),#1987);
#1983 = LINE('',#1984,#1985);
#1984 = CARTESIAN_POINT('',(-7.,0.));
#1985 = VECTOR('',#1986,1.);
#1986 = DIRECTION('',(0.,-1.));
#1987 = ( GEOMETRIC_REPRESENTATION_CONTEXT(2) 
PARAMETRIC_REPRESENTATION_CONTEXT() REPRESENTATION_CONTEXT('2D SPACE',''
  ) );
#1988 = PCURVE('',#1989,#1994);
#1989 = PLANE('',#1990);
#1990 = AXIS2_PLACEMENT_3D('',#1991,#1992,#1993);
#1991 = CARTESIAN_POINT('',(56.3,5.,-3.5));
#1992 = DIRECTION('',(0.,0.,1.));
#1993 = DIRECTION('',(1.,0.,0.));
#1994 = DEFINITIONAL_REPRESENTATION('',(#1995),#1999);
#1995 = LINE('',#1996,#1997);
#1996 = CARTESIAN_POINT('',(0.,0.));
#1997 = VECTOR('',#1998,1.);
#1998 = DIRECTION('',(0.,1.));
#1999 = ( GEOMETRIC_REPRESENTATION_CONTEXT(2) 
PARAMETRIC_REPRESENTATION_CONTEXT() REPRESENTATION_CONTEXT('2D SPACE',''
  ) );
#2000 = ORIENTED_EDGE('',*,*,#2001,.T.);
#2001 = EDGE_CURVE('',#1974,#1773,#2002,.T.);
#2002 = SURFACE_CURVE('',#2003,(#2008,#2019),.PCURVE_S1.);
#2003 = CIRCLE('',#2004,9.5);
#2004 = AXIS2_PLACEMENT_3D('',#2005,#2006,#2007);
#2005 = CARTESIAN_POINT('',(56.3,0.,0.));
#2006 = DIRECTION('',(-1.,0.,0.));
#2007 = DIRECTION('',(0.,1.,0.));
#2008 = PCURVE('',#274,#2009);
#2009 = DEFINITIONAL_REPRESENTATION('',(#2010),#2018);
#2010 = ( BOUNDED_CURVE() B_SPLINE_CURVE(2,(#2011,#2012,#2013,#2014,
#2015,#2016,#2017),.UNSPECIFIED.,.T.,.F.) B_SPLINE_CURVE_WITH_KNOTS((1,2
    ,2,2,2,1),(-2.094395102393,0.,2.094395102393,4.188790204786,
6.28318530718,8.377580409573),.UNSPECIFIED.) CURVE() 
GEOMETRIC_REPRESENTATION_ITEM() RATIONAL_B_SPLINE_CURVE((1.,0.5,1.,0.5,
1.,0.5,1.)) REPRESENTATION_ITEM('') );
#2011 = CARTESIAN_POINT('',(-3.5,-4.5));
#2012 = CARTESIAN_POINT('',(-19.9544826719,-4.5));
#2013 = CARTESIAN_POINT('',(-11.72724133595,9.75));
#2014 = CARTESIAN_POINT('',(-3.5,24.));
#2015 = CARTESIAN_POINT('',(4.727241335952,9.75));
#2016 = CARTESIAN_POINT('',(12.954482671904,-4.5));
#2017 = CARTESIAN_POINT('',(-3.5,-4.5));
#2018 = ( GEOMETRIC_REPRESENTATION_CONTEXT(2) 
PARAMETRIC_REPRESENTATION_CONTEXT() REPRESENTATION_CONTEXT('2D SPACE',''
  ) );
#2019 = PCURVE('',#1737,#2020);
#2020 = DEFINITIONAL_REPRESENTATION('',(#2021),#2025);
#2021 = LINE('',#2022,#2023);
#2022 = CARTESIAN_POINT('',(-6.28318530718,-53.3));
#2023 = VECTOR('',#2024,1.);
#2024 = DIRECTION('',(1.,-0.));
#2025 = ( GEOMETRIC_REPRESENTATION_CONTEXT(2) 
PARAMETRIC_REPRESENTATION_CONTEXT() REPRESENTATION_CONTEXT('2D SPACE',''
  ) );
#2026 = ORIENTED_EDGE('',*,*,#1772,.T.);
#2027 = ORIENTED_EDGE('',*,*,#257,.F.);
#2028 = ADVANCED_FACE('',(#2029),#510,.T.);
#2029 = FACE_BOUND('',#2030,.T.);
#2030 = EDGE_LOOP('',(#2031,#2061,#2089,#2117,#2145,#2166,#2167,#2168));
#2031 = ORIENTED_EDGE('',*,*,#2032,.F.);
#2032 = EDGE_CURVE('',#2033,#2035,#2037,.T.);
#2033 = VERTEX_POINT('',#2034);
#2034 = CARTESIAN_POINT('',(56.3,-11.3,-3.5));
#2035 = VERTEX_POINT('',#2036);
#2036 = CARTESIAN_POINT('',(56.3,-8.831760866328,-3.5));
#2037 = SURFACE_CURVE('',#2038,(#2042,#2049),.PCURVE_S1.);
#2038 = LINE('',#2039,#2040);
#2039 = CARTESIAN_POINT('',(56.3,-13.,-3.5));
#2040 = VECTOR('',#2041,1.);
#2041 = DIRECTION('',(0.,1.,0.));
#2042 = PCURVE('',#510,#2043);
#2043 = DEFINITIONAL_REPRESENTATION('',(#2044),#2048);
#2044 = LINE('',#2045,#2046);
#2045 = CARTESIAN_POINT('',(2.,0.));
#2046 = VECTOR('',#2047,1.);
#2047 = DIRECTION('',(0.,-1.));
#2048 = ( GEOMETRIC_REPRESENTATION_CONTEXT(2) 
PARAMETRIC_REPRESENTATION_CONTEXT() REPRESENTATION_CONTEXT('2D SPACE',''
  ) );
#2049 = PCURVE('',#2050,#2055);
#2050 = PLANE('',#2051);
#2051 = AXIS2_PLACEMENT_3D('',#2052,#2053,#2054);
#2052 = CARTESIAN_POINT('',(56.3,-13.,-3.5));
#2053 = DIRECTION('',(0.,0.,1.));
#2054 = DIRECTION('',(1.,0.,0.));
#2055 = DEFINITIONAL_REPRESENTATION('',(#2056),#2060);
#2056 = LINE('',#2057,#2058);
#2057 = CARTESIAN_POINT('',(0.,0.));
#2058 = VECTOR('',#2059,1.);
#2059 = DIRECTION('',(0.,1.));
#2060 = ( GEOMETRIC_REPRESENTATION_CONTEXT(2) 
PARAMETRIC_REPRESENTATION_CONTEXT() REPRESENTATION_CONTEXT('2D SPACE',''
  ) );
#2061 = ORIENTED_EDGE('',*,*,#2062,.T.);
#2062 = EDGE_CURVE('',#2033,#2063,#2065,.T.);
#2063 = VERTEX_POINT('',#2064);
#2064 = CARTESIAN_POINT('',(56.3,-11.3,3.5));
#2065 = SURFACE_CURVE('',#2066,(#2070,#2077),.PCURVE_S1.);
#2066 = LINE('',#2067,#2068);
#2067 = CARTESIAN_POINT('',(56.3,-11.3,-4.));
#2068 = VECTOR('',#2069,1.);
#2069 = DIRECTION('',(0.,0.,1.));
#2070 = PCURVE('',#510,#2071);
#2071 = DEFINITIONAL_REPRESENTATION('',(#2072),#2076);
#2072 = LINE('',#2073,#2074);
#2073 = CARTESIAN_POINT('',(1.5,-1.7));
#2074 = VECTOR('',#2075,1.);
#2075 = DIRECTION('',(1.,0.));
#2076 = ( GEOMETRIC_REPRESENTATION_CONTEXT(2) 
PARAMETRIC_REPRESENTATION_CONTEXT() REPRESENTATION_CONTEXT('2D SPACE',''
  ) );
#2077 = PCURVE('',#2078,#2083);
#2078 = PLANE('',#2079);
#2079 = AXIS2_PLACEMENT_3D('',#2080,#2081,#2082);
#2080 = CARTESIAN_POINT('',(56.3,-11.3,-4.));
#2081 = DIRECTION('',(0.,1.,0.));
#2082 = DIRECTION('',(0.,0.,1.));
#2083 = DEFINITIONAL_REPRESENTATION('',(#2084),#2088);
#2084 = LINE('',#2085,#2086);
#2085 = CARTESIAN_POINT('',(0.,0.));
#2086 = VECTOR('',#2087,1.);
#2087 = DIRECTION('',(1.,0.));
#2088 = ( GEOMETRIC_REPRESENTATION_CONTEXT(2) 
PARAMETRIC_REPRESENTATION_CONTEXT() REPRESENTATION_CONTEXT('2D SPACE',''
  ) );
#2089 = ORIENTED_EDGE('',*,*,#2090,.T.);
#2090 = EDGE_CURVE('',#2063,#2091,#2093,.T.);
#2091 = VERTEX_POINT('',#2092);
#2092 = CARTESIAN_POINT('',(56.3,-8.831760866328,3.5));
#2093 = SURFACE_CURVE('',#2094,(#2098,#2105),.PCURVE_S1.);
#2094 = LINE('',#2095,#2096);
#2095 = CARTESIAN_POINT('',(56.3,-13.,3.5));
#2096 = VECTOR('',#2097,1.);
#2097 = DIRECTION('',(0.,1.,0.));
#2098 = PCURVE('',#510,#2099);
#2099 = DEFINITIONAL_REPRESENTATION('',(#2100),#2104);
#2100 = LINE('',#2101,#2102);
#2101 = CARTESIAN_POINT('',(9.,0.));
#2102 = VECTOR('',#2103,1.);
#2103 = DIRECTION('',(0.,-1.));
#2104 = ( GEOMETRIC_REPRESENTATION_CONTEXT(2) 
PARAMETRIC_REPRESENTATION_CONTEXT() REPRESENTATION_CONTEXT('2D SPACE',''
  ) );
#2105 = PCURVE('',#2106,#2111);
#2106 = PLANE('',#2107);
#2107 = AXIS2_PLACEMENT_3D('',#2108,#2109,#2110);
#2108 = CARTESIAN_POINT('',(56.3,-13.,3.5));
#2109 = DIRECTION('',(0.,0.,1.));
#2110 = DIRECTION('',(1.,0.,0.));
#2111 = DEFINITIONAL_REPRESENTATION('',(#2112),#2116);
#2112 = LINE('',#2113,#2114);
#2113 = CARTESIAN_POINT('',(0.,0.));
#2114 = VECTOR('',#2115,1.);
#2115 = DIRECTION('',(0.,1.));
#2116 = ( GEOMETRIC_REPRESENTATION_CONTEXT(2) 
PARAMETRIC_REPRESENTATION_CONTEXT() REPRESENTATION_CONTEXT('2D SPACE',''
  ) );
#2117 = ORIENTED_EDGE('',*,*,#2118,.T.);
#2118 = EDGE_CURVE('',#2091,#2119,#2121,.T.);
#2119 = VERTEX_POINT('',#2120);
#2120 = CARTESIAN_POINT('',(56.3,-7.745966692415,5.5));
#2121 = SURFACE_CURVE('',#2122,(#2127,#2138),.PCURVE_S1.);
#2122 = CIRCLE('',#2123,9.5);
#2123 = AXIS2_PLACEMENT_3D('',#2124,#2125,#2126);
#2124 = CARTESIAN_POINT('',(56.3,0.,0.));
#2125 = DIRECTION('',(-1.,0.,0.));
#2126 = DIRECTION('',(0.,1.,0.));
#2127 = PCURVE('',#510,#2128);
#2128 = DEFINITIONAL_REPRESENTATION('',(#2129),#2137);
#2129 = ( BOUNDED_CURVE() B_SPLINE_CURVE(2,(#2130,#2131,#2132,#2133,
#2134,#2135,#2136),.UNSPECIFIED.,.T.,.F.) B_SPLINE_CURVE_WITH_KNOTS((1,2
    ,2,2,2,1),(-2.094395102393,0.,2.094395102393,4.188790204786,
6.28318530718,8.377580409573),.UNSPECIFIED.) CURVE() 
GEOMETRIC_REPRESENTATION_ITEM() RATIONAL_B_SPLINE_CURVE((1.,0.5,1.,0.5,
1.,0.5,1.)) REPRESENTATION_ITEM('') );
#2130 = CARTESIAN_POINT('',(5.5,-22.5));
#2131 = CARTESIAN_POINT('',(-10.9544826719,-22.5));
#2132 = CARTESIAN_POINT('',(-2.727241335952,-8.25));
#2133 = CARTESIAN_POINT('',(5.5,6.));
#2134 = CARTESIAN_POINT('',(13.727241335952,-8.25));
#2135 = CARTESIAN_POINT('',(21.954482671904,-22.5));
#2136 = CARTESIAN_POINT('',(5.5,-22.5));
#2137 = ( GEOMETRIC_REPRESENTATION_CONTEXT(2) 
PARAMETRIC_REPRESENTATION_CONTEXT() REPRESENTATION_CONTEXT('2D SPACE',''
  ) );
#2138 = PCURVE('',#1737,#2139);
#2139 = DEFINITIONAL_REPRESENTATION('',(#2140),#2144);
#2140 = LINE('',#2141,#2142);
#2141 = CARTESIAN_POINT('',(-6.28318530718,-53.3));
#2142 = VECTOR('',#2143,1.);
#2143 = DIRECTION('',(1.,-0.));
#2144 = ( GEOMETRIC_REPRESENTATION_CONTEXT(2) 
PARAMETRIC_REPRESENTATION_CONTEXT() REPRESENTATION_CONTEXT('2D SPACE',''
  ) );
#2145 = ORIENTED_EDGE('',*,*,#2146,.F.);
#2146 = EDGE_CURVE('',#468,#2119,#2147,.T.);
#2147 = SURFACE_CURVE('',#2148,(#2152,#2159),.PCURVE_S1.);
#2148 = LINE('',#2149,#2150);
#2149 = CARTESIAN_POINT('',(56.3,-13.,5.5));
#2150 = VECTOR('',#2151,1.);
#2151 = DIRECTION('',(0.,1.,0.));
#2152 = PCURVE('',#510,#2153);
#2153 = DEFINITIONAL_REPRESENTATION('',(#2154),#2158);
#2154 = LINE('',#2155,#2156);
#2155 = CARTESIAN_POINT('',(11.,0.));
#2156 = VECTOR('',#2157,1.);
#2157 = DIRECTION('',(0.,-1.));
#2158 = ( GEOMETRIC_REPRESENTATION_CONTEXT(2) 
PARAMETRIC_REPRESENTATION_CONTEXT() REPRESENTATION_CONTEXT('2D SPACE',''
  ) );
#2159 = PCURVE('',#482,#2160);
#2160 = DEFINITIONAL_REPRESENTATION('',(#2161),#2165);
#2161 = LINE('',#2162,#2163);
#2162 = CARTESIAN_POINT('',(0.,0.));
#2163 = VECTOR('',#2164,1.);
#2164 = DIRECTION('',(0.,1.));
#2165 = ( GEOMETRIC_REPRESENTATION_CONTEXT(2) 
PARAMETRIC_REPRESENTATION_CONTEXT() REPRESENTATION_CONTEXT('2D SPACE',''
  ) );
#2166 = ORIENTED_EDGE('',*,*,#493,.F.);
#2167 = ORIENTED_EDGE('',*,*,#1819,.T.);
#2168 = ORIENTED_EDGE('',*,*,#2169,.T.);
#2169 = EDGE_CURVE('',#1820,#2035,#2170,.T.);
#2170 = SURFACE_CURVE('',#2171,(#2176,#2187),.PCURVE_S1.);
#2171 = CIRCLE('',#2172,9.5);
#2172 = AXIS2_PLACEMENT_3D('',#2173,#2174,#2175);
#2173 = CARTESIAN_POINT('',(56.3,0.,0.));
#2174 = DIRECTION('',(-1.,0.,0.));
#2175 = DIRECTION('',(0.,1.,0.));
#2176 = PCURVE('',#510,#2177);
#2177 = DEFINITIONAL_REPRESENTATION('',(#2178),#2186);
#2178 = ( BOUNDED_CURVE() B_SPLINE_CURVE(2,(#2179,#2180,#2181,#2182,
#2183,#2184,#2185),.UNSPECIFIED.,.T.,.F.) B_SPLINE_CURVE_WITH_KNOTS((1,2
    ,2,2,2,1),(-2.094395102393,0.,2.094395102393,4.188790204786,
6.28318530718,8.377580409573),.UNSPECIFIED.) CURVE() 
GEOMETRIC_REPRESENTATION_ITEM() RATIONAL_B_SPLINE_CURVE((1.,0.5,1.,0.5,
1.,0.5,1.)) REPRESENTATION_ITEM('') );
#2179 = CARTESIAN_POINT('',(5.5,-22.5));
#2180 = CARTESIAN_POINT('',(-10.9544826719,-22.5));
#2181 = CARTESIAN_POINT('',(-2.727241335952,-8.25));
#2182 = CARTESIAN_POINT('',(5.5,6.));
#2183 = CARTESIAN_POINT('',(13.727241335952,-8.25));
#2184 = CARTESIAN_POINT('',(21.954482671904,-22.5));
#2185 = CARTESIAN_POINT('',(5.5,-22.5));
#2186 = ( GEOMETRIC_REPRESENTATION_CONTEXT(2) 
PARAMETRIC_REPRESENTATION_CONTEXT() REPRESENTATION_CONTEXT('2D SPACE',''
  ) );
#2187 = PCURVE('',#1737,#2188);
#2188 = DEFINITIONAL_REPRESENTATION('',(#2189),#2193);
#2189 = LINE('',#2190,#2191);
#2190 = CARTESIAN_POINT('',(-6.28318530718,-53.3));
#2191 = VECTOR('',#2192,1.);
#2192 = DIRECTION('',(1.,-0.));
#2193 = ( GEOMETRIC_REPRESENTATION_CONTEXT(2) 
PARAMETRIC_REPRESENTATION_CONTEXT() REPRESENTATION_CONTEXT('2D SPACE',''
  ) );
#2194 = ADVANCED_FACE('',(#2195),#305,.F.);
#2195 = FACE_BOUND('',#2196,.F.);
#2196 = EDGE_LOOP('',(#2197,#2198,#2219,#2238));
#2197 = ORIENTED_EDGE('',*,*,#1866,.F.);
#2198 = ORIENTED_EDGE('',*,*,#2199,.F.);
#2199 = EDGE_CURVE('',#2200,#1867,#2202,.T.);
#2200 = VERTEX_POINT('',#2201);
#2201 = CARTESIAN_POINT('',(74.3,7.745966692415,5.5));
#2202 = SURFACE_CURVE('',#2203,(#2207,#2213),.PCURVE_S1.);
#2203 = LINE('',#2204,#2205);
#2204 = CARTESIAN_POINT('',(3.,7.745966692415,5.5));
#2205 = VECTOR('',#2206,1.);
#2206 = DIRECTION('',(-1.,-0.,-0.));
#2207 = PCURVE('',#305,#2208);
#2208 = DEFINITIONAL_REPRESENTATION('',(#2209),#2212);
#2209 = B_SPLINE_CURVE_WITH_KNOTS('',1,(#2210,#2211),.UNSPECIFIED.,.F.,
  .F.,(2,2),(-71.3000006,-51.3),.PIECEWISE_BEZIER_KNOTS.);
#2210 = CARTESIAN_POINT('',(18.0000006,2.745966692415));
#2211 = CARTESIAN_POINT('',(-2.,2.745966692415));
#2212 = ( GEOMETRIC_REPRESENTATION_CONTEXT(2) 
PARAMETRIC_REPRESENTATION_CONTEXT() REPRESENTATION_CONTEXT('2D SPACE',''
  ) );
#2213 = PCURVE('',#1737,#2214);
#2214 = DEFINITIONAL_REPRESENTATION('',(#2215),#2218);
#2215 = B_SPLINE_CURVE_WITH_KNOTS('',1,(#2216,#2217),.UNSPECIFIED.,.F.,
  .F.,(2,2),(-71.3000006,-51.3),.PIECEWISE_BEZIER_KNOTS.);
#2216 = CARTESIAN_POINT('',(-0.617437103615,-71.3000006));
#2217 = CARTESIAN_POINT('',(-0.617437103615,-51.3));
#2218 = ( GEOMETRIC_REPRESENTATION_CONTEXT(2) 
PARAMETRIC_REPRESENTATION_CONTEXT() REPRESENTATION_CONTEXT('2D SPACE',''
  ) );
#2219 = ORIENTED_EDGE('',*,*,#2220,.F.);
#2220 = EDGE_CURVE('',#291,#2200,#2221,.T.);
#2221 = SURFACE_CURVE('',#2222,(#2226,#2232),.PCURVE_S1.);
#2222 = LINE('',#2223,#2224);
#2223 = CARTESIAN_POINT('',(74.3,2.5,5.5));
#2224 = VECTOR('',#2225,1.);
#2225 = DIRECTION('',(0.,-1.,0.));
#2226 = PCURVE('',#305,#2227);
#2227 = DEFINITIONAL_REPRESENTATION('',(#2228),#2231);
#2228 = B_SPLINE_CURVE_WITH_KNOTS('',1,(#2229,#2230),.UNSPECIFIED.,.F.,
  .F.,(2,2),(-10.,-2.5),.PIECEWISE_BEZIER_KNOTS.);
#2229 = CARTESIAN_POINT('',(18.,7.5));
#2230 = CARTESIAN_POINT('',(18.,0.));
#2231 = ( GEOMETRIC_REPRESENTATION_CONTEXT(2) 
PARAMETRIC_REPRESENTATION_CONTEXT() REPRESENTATION_CONTEXT('2D SPACE',''
  ) );
#2232 = PCURVE('',#333,#2233);
#2233 = DEFINITIONAL_REPRESENTATION('',(#2234),#2237);
#2234 = B_SPLINE_CURVE_WITH_KNOTS('',1,(#2235,#2236),.UNSPECIFIED.,.F.,
  .F.,(2,2),(-10.,-2.5),.PIECEWISE_BEZIER_KNOTS.);
#2235 = CARTESIAN_POINT('',(5.5,-12.5));
#2236 = CARTESIAN_POINT('',(5.5,-5.));
#2237 = ( GEOMETRIC_REPRESENTATION_CONTEXT(2) 
PARAMETRIC_REPRESENTATION_CONTEXT() REPRESENTATION_CONTEXT('2D SPACE',''
  ) );
#2238 = ORIENTED_EDGE('',*,*,#290,.T.);
#2239 = ADVANCED_FACE('',(#2240),#482,.F.);
#2240 = FACE_BOUND('',#2241,.F.);
#2241 = EDGE_LOOP('',(#2242,#2243,#2244,#2265));
#2242 = ORIENTED_EDGE('',*,*,#2146,.F.);
#2243 = ORIENTED_EDGE('',*,*,#467,.F.);
#2244 = ORIENTED_EDGE('',*,*,#2245,.F.);
#2245 = EDGE_CURVE('',#2246,#435,#2248,.T.);
#2246 = VERTEX_POINT('',#2247);
#2247 = CARTESIAN_POINT('',(74.3,-7.745966692415,5.5));
#2248 = SURFACE_CURVE('',#2249,(#2253,#2259),.PCURVE_S1.);
#2249 = LINE('',#2250,#2251);
#2250 = CARTESIAN_POINT('',(74.3,-6.5,5.5));
#2251 = VECTOR('',#2252,1.);
#2252 = DIRECTION('',(0.,-1.,0.));
#2253 = PCURVE('',#482,#2254);
#2254 = DEFINITIONAL_REPRESENTATION('',(#2255),#2258);
#2255 = B_SPLINE_CURVE_WITH_KNOTS('',1,(#2256,#2257),.UNSPECIFIED.,.F.,
  .F.,(2,2),(-1.5,6.),.PIECEWISE_BEZIER_KNOTS.);
#2256 = CARTESIAN_POINT('',(18.,8.));
#2257 = CARTESIAN_POINT('',(18.,0.5));
#2258 = ( GEOMETRIC_REPRESENTATION_CONTEXT(2) 
PARAMETRIC_REPRESENTATION_CONTEXT() REPRESENTATION_CONTEXT('2D SPACE',''
  ) );
#2259 = PCURVE('',#451,#2260);
#2260 = DEFINITIONAL_REPRESENTATION('',(#2261),#2264);
#2261 = B_SPLINE_CURVE_WITH_KNOTS('',1,(#2262,#2263),.UNSPECIFIED.,.F.,
  .F.,(2,2),(-1.5,6.),.PIECEWISE_BEZIER_KNOTS.);
#2262 = CARTESIAN_POINT('',(5.5,5.));
#2263 = CARTESIAN_POINT('',(5.5,12.5));
#2264 = ( GEOMETRIC_REPRESENTATION_CONTEXT(2) 
PARAMETRIC_REPRESENTATION_CONTEXT() REPRESENTATION_CONTEXT('2D SPACE',''
  ) );
#2265 = ORIENTED_EDGE('',*,*,#2266,.T.);
#2266 = EDGE_CURVE('',#2246,#2119,#2267,.T.);
#2267 = SURFACE_CURVE('',#2268,(#2272,#2278),.PCURVE_S1.);
#2268 = LINE('',#2269,#2270);
#2269 = CARTESIAN_POINT('',(3.,-7.745966692415,5.5));
#2270 = VECTOR('',#2271,1.);
#2271 = DIRECTION('',(-1.,-0.,-0.));
#2272 = PCURVE('',#482,#2273);
#2273 = DEFINITIONAL_REPRESENTATION('',(#2274),#2277);
#2274 = B_SPLINE_CURVE_WITH_KNOTS('',1,(#2275,#2276),.UNSPECIFIED.,.F.,
  .F.,(2,2),(-71.3000006,-51.3),.PIECEWISE_BEZIER_KNOTS.);
#2275 = CARTESIAN_POINT('',(18.0000006,5.254033307585));
#2276 = CARTESIAN_POINT('',(-2.,5.254033307585));
#2277 = ( GEOMETRIC_REPRESENTATION_CONTEXT(2) 
PARAMETRIC_REPRESENTATION_CONTEXT() REPRESENTATION_CONTEXT('2D SPACE',''
  ) );
#2278 = PCURVE('',#1737,#2279);
#2279 = DEFINITIONAL_REPRESENTATION('',(#2280),#2283);
#2280 = B_SPLINE_CURVE_WITH_KNOTS('',1,(#2281,#2282),.UNSPECIFIED.,.F.,
  .F.,(2,2),(-71.3000006,-51.3),.PIECEWISE_BEZIER_KNOTS.);
#2281 = CARTESIAN_POINT('',(-2.524155549974,-71.3000006));
#2282 = CARTESIAN_POINT('',(-2.524155549974,-51.3));
#2283 = ( GEOMETRIC_REPRESENTATION_CONTEXT(2) 
PARAMETRIC_REPRESENTATION_CONTEXT() REPRESENTATION_CONTEXT('2D SPACE',''
  ) );
#2284 = ADVANCED_FACE('',(#2285),#333,.T.);
#2285 = FACE_BOUND('',#2286,.T.);
#2286 = EDGE_LOOP('',(#2287,#2288,#2289,#2310));
#2287 = ORIENTED_EDGE('',*,*,#2220,.F.);
#2288 = ORIENTED_EDGE('',*,*,#316,.F.);
#2289 = ORIENTED_EDGE('',*,*,#2290,.F.);
#2290 = EDGE_CURVE('',#2291,#317,#2293,.T.);
#2291 = VERTEX_POINT('',#2292);
#2292 = CARTESIAN_POINT('',(74.3,3.,9.01387818866));
#2293 = SURFACE_CURVE('',#2294,(#2298,#2304),.PCURVE_S1.);
#2294 = LINE('',#2295,#2296);
#2295 = CARTESIAN_POINT('',(74.3,3.,4.));
#2296 = VECTOR('',#2297,1.);
#2297 = DIRECTION('',(0.,0.,1.));
#2298 = PCURVE('',#333,#2299);
#2299 = DEFINITIONAL_REPRESENTATION('',(#2300),#2303);
#2300 = B_SPLINE_CURVE_WITH_KNOTS('',1,(#2301,#2302),.UNSPECIFIED.,.F.,
  .F.,(2,2),(4.,8.5),.PIECEWISE_BEZIER_KNOTS.);
#2301 = CARTESIAN_POINT('',(8.,-3.));
#2302 = CARTESIAN_POINT('',(12.5,-3.));
#2303 = ( GEOMETRIC_REPRESENTATION_CONTEXT(2) 
PARAMETRIC_REPRESENTATION_CONTEXT() REPRESENTATION_CONTEXT('2D SPACE',''
  ) );
#2304 = PCURVE('',#364,#2305);
#2305 = DEFINITIONAL_REPRESENTATION('',(#2306),#2309);
#2306 = B_SPLINE_CURVE_WITH_KNOTS('',1,(#2307,#2308),.UNSPECIFIED.,.F.,
  .F.,(2,2),(4.,8.5),.PIECEWISE_BEZIER_KNOTS.);
#2307 = CARTESIAN_POINT('',(0.,5.));
#2308 = CARTESIAN_POINT('',(4.5,5.));
#2309 = ( GEOMETRIC_REPRESENTATION_CONTEXT(2) 
PARAMETRIC_REPRESENTATION_CONTEXT() REPRESENTATION_CONTEXT('2D SPACE',''
  ) );
#2310 = ORIENTED_EDGE('',*,*,#2311,.T.);
#2311 = EDGE_CURVE('',#2291,#2200,#2312,.T.);
#2312 = SURFACE_CURVE('',#2313,(#2318,#2329),.PCURVE_S1.);
#2313 = CIRCLE('',#2314,9.5);
#2314 = AXIS2_PLACEMENT_3D('',#2315,#2316,#2317);
#2315 = CARTESIAN_POINT('',(74.3,0.,0.));
#2316 = DIRECTION('',(-1.,0.,0.));
#2317 = DIRECTION('',(0.,1.,0.));
#2318 = PCURVE('',#333,#2319);
#2319 = DEFINITIONAL_REPRESENTATION('',(#2320),#2328);
#2320 = ( BOUNDED_CURVE() B_SPLINE_CURVE(2,(#2321,#2322,#2323,#2324,
#2325,#2326,#2327),.UNSPECIFIED.,.T.,.F.) B_SPLINE_CURVE_WITH_KNOTS((1,2
    ,2,2,2,1),(-2.094395102393,0.,2.094395102393,4.188790204786,
6.28318530718,8.377580409573),.UNSPECIFIED.) CURVE() 
GEOMETRIC_REPRESENTATION_ITEM() RATIONAL_B_SPLINE_CURVE((1.,0.5,1.,0.5,
1.,0.5,1.)) REPRESENTATION_ITEM('') );
#2321 = CARTESIAN_POINT('',(-8.024730275931E-16,-9.5));
#2322 = CARTESIAN_POINT('',(-16.4544826719,-9.5));
#2323 = CARTESIAN_POINT('',(-8.227241335952,4.75));
#2324 = CARTESIAN_POINT('',(-3.129301945973E-15,19.));
#2325 = CARTESIAN_POINT('',(8.227241335952,4.75));
#2326 = CARTESIAN_POINT('',(16.454482671904,-9.5));
#2327 = CARTESIAN_POINT('',(-8.024730275931E-16,-9.5));
#2328 = ( GEOMETRIC_REPRESENTATION_CONTEXT(2) 
PARAMETRIC_REPRESENTATION_CONTEXT() REPRESENTATION_CONTEXT('2D SPACE',''
  ) );
#2329 = PCURVE('',#1737,#2330);
#2330 = DEFINITIONAL_REPRESENTATION('',(#2331),#2335);
#2331 = LINE('',#2332,#2333);
#2332 = CARTESIAN_POINT('',(-6.28318530718,-71.3));
#2333 = VECTOR('',#2334,1.);
#2334 = DIRECTION('',(1.,-0.));
#2335 = ( GEOMETRIC_REPRESENTATION_CONTEXT(2) 
PARAMETRIC_REPRESENTATION_CONTEXT() REPRESENTATION_CONTEXT('2D SPACE',''
  ) );
#2336 = ADVANCED_FACE('',(#2337),#451,.T.);
#2337 = FACE_BOUND('',#2338,.T.);
#2338 = EDGE_LOOP('',(#2339,#2340,#2341,#2369));
#2339 = ORIENTED_EDGE('',*,*,#434,.F.);
#2340 = ORIENTED_EDGE('',*,*,#2245,.F.);
#2341 = ORIENTED_EDGE('',*,*,#2342,.T.);
#2342 = EDGE_CURVE('',#2246,#2343,#2345,.T.);
#2343 = VERTEX_POINT('',#2344);
#2344 = CARTESIAN_POINT('',(74.3,-3.,9.01387818866));
#2345 = SURFACE_CURVE('',#2346,(#2351,#2362),.PCURVE_S1.);
#2346 = CIRCLE('',#2347,9.5);
#2347 = AXIS2_PLACEMENT_3D('',#2348,#2349,#2350);
#2348 = CARTESIAN_POINT('',(74.3,0.,0.));
#2349 = DIRECTION('',(-1.,0.,0.));
#2350 = DIRECTION('',(0.,1.,0.));
#2351 = PCURVE('',#451,#2352);
#2352 = DEFINITIONAL_REPRESENTATION('',(#2353),#2361);
#2353 = ( BOUNDED_CURVE() B_SPLINE_CURVE(2,(#2354,#2355,#2356,#2357,
#2358,#2359,#2360),.UNSPECIFIED.,.T.,.F.) B_SPLINE_CURVE_WITH_KNOTS((1,2
    ,2,2,2,1),(-2.094395102393,0.,2.094395102393,4.188790204786,
6.28318530718,8.377580409573),.UNSPECIFIED.) CURVE() 
GEOMETRIC_REPRESENTATION_ITEM() RATIONAL_B_SPLINE_CURVE((1.,0.5,1.,0.5,
1.,0.5,1.)) REPRESENTATION_ITEM('') );
#2354 = CARTESIAN_POINT('',(-8.024730275931E-16,-9.5));
#2355 = CARTESIAN_POINT('',(-16.4544826719,-9.5));
#2356 = CARTESIAN_POINT('',(-8.227241335952,4.75));
#2357 = CARTESIAN_POINT('',(-3.129301945973E-15,19.));
#2358 = CARTESIAN_POINT('',(8.227241335952,4.75));
#2359 = CARTESIAN_POINT('',(16.454482671904,-9.5));
#2360 = CARTESIAN_POINT('',(-8.024730275931E-16,-9.5));
#2361 = ( GEOMETRIC_REPRESENTATION_CONTEXT(2) 
PARAMETRIC_REPRESENTATION_CONTEXT() REPRESENTATION_CONTEXT('2D SPACE',''
  ) );
#2362 = PCURVE('',#1737,#2363);
#2363 = DEFINITIONAL_REPRESENTATION('',(#2364),#2368);
#2364 = LINE('',#2365,#2366);
#2365 = CARTESIAN_POINT('',(-6.28318530718,-71.3));
#2366 = VECTOR('',#2367,1.);
#2367 = DIRECTION('',(1.,-0.));
#2368 = ( GEOMETRIC_REPRESENTATION_CONTEXT(2) 
PARAMETRIC_REPRESENTATION_CONTEXT() REPRESENTATION_CONTEXT('2D SPACE',''
  ) );
#2369 = ORIENTED_EDGE('',*,*,#2370,.T.);
#2370 = EDGE_CURVE('',#2343,#409,#2371,.T.);
#2371 = SURFACE_CURVE('',#2372,(#2376,#2382),.PCURVE_S1.);
#2372 = LINE('',#2373,#2374);
#2373 = CARTESIAN_POINT('',(74.3,-3.,4.));
#2374 = VECTOR('',#2375,1.);
#2375 = DIRECTION('',(0.,0.,1.));
#2376 = PCURVE('',#451,#2377);
#2377 = DEFINITIONAL_REPRESENTATION('',(#2378),#2381);
#2378 = B_SPLINE_CURVE_WITH_KNOTS('',1,(#2379,#2380),.UNSPECIFIED.,.F.,
  .F.,(2,2),(4.,8.5),.PIECEWISE_BEZIER_KNOTS.);
#2379 = CARTESIAN_POINT('',(8.,3.));
#2380 = CARTESIAN_POINT('',(12.5,3.));
#2381 = ( GEOMETRIC_REPRESENTATION_CONTEXT(2) 
PARAMETRIC_REPRESENTATION_CONTEXT() REPRESENTATION_CONTEXT('2D SPACE',''
  ) );
#2382 = PCURVE('',#423,#2383);
#2383 = DEFINITIONAL_REPRESENTATION('',(#2384),#2387);
#2384 = B_SPLINE_CURVE_WITH_KNOTS('',1,(#2385,#2386),.UNSPECIFIED.,.F.,
  .F.,(2,2),(4.,8.5),.PIECEWISE_BEZIER_KNOTS.);
#2385 = CARTESIAN_POINT('',(0.,5.));
#2386 = CARTESIAN_POINT('',(4.5,5.));
#2387 = ( GEOMETRIC_REPRESENTATION_CONTEXT(2) 
PARAMETRIC_REPRESENTATION_CONTEXT() REPRESENTATION_CONTEXT('2D SPACE',''
  ) );
#2388 = ADVANCED_FACE('',(#2389),#364,.F.);
#2389 = FACE_BOUND('',#2390,.F.);
#2390 = EDGE_LOOP('',(#2391,#2412,#2433,#2434));
#2391 = ORIENTED_EDGE('',*,*,#2392,.T.);
#2392 = EDGE_CURVE('',#2291,#2393,#2395,.T.);
#2393 = VERTEX_POINT('',#2394);
#2394 = CARTESIAN_POINT('',(69.3,3.,9.01387818866));
#2395 = SURFACE_CURVE('',#2396,(#2400,#2406),.PCURVE_S1.);
#2396 = LINE('',#2397,#2398);
#2397 = CARTESIAN_POINT('',(3.,3.,9.01387818866));
#2398 = VECTOR('',#2399,1.);
#2399 = DIRECTION('',(-1.,-0.,-0.));
#2400 = PCURVE('',#364,#2401);
#2401 = DEFINITIONAL_REPRESENTATION('',(#2402),#2405);
#2402 = B_SPLINE_CURVE_WITH_KNOTS('',1,(#2403,#2404),.UNSPECIFIED.,.F.,
  .F.,(2,2),(-71.3000006,-65.6),.PIECEWISE_BEZIER_KNOTS.);
#2403 = CARTESIAN_POINT('',(1.01387818866,5.0000006));
#2404 = CARTESIAN_POINT('',(1.01387818866,-0.7));
#2405 = ( GEOMETRIC_REPRESENTATION_CONTEXT(2) 
PARAMETRIC_REPRESENTATION_CONTEXT() REPRESENTATION_CONTEXT('2D SPACE',''
  ) );
#2406 = PCURVE('',#1737,#2407);
#2407 = DEFINITIONAL_REPRESENTATION('',(#2408),#2411);
#2408 = B_SPLINE_CURVE_WITH_KNOTS('',1,(#2409,#2410),.UNSPECIFIED.,.F.,
  .F.,(2,2),(-71.3000006,-65.6),.PIECEWISE_BEZIER_KNOTS.);
#2409 = CARTESIAN_POINT('',(-1.24950773753,-71.3000006));
#2410 = CARTESIAN_POINT('',(-1.24950773753,-65.6));
#2411 = ( GEOMETRIC_REPRESENTATION_CONTEXT(2) 
PARAMETRIC_REPRESENTATION_CONTEXT() REPRESENTATION_CONTEXT('2D SPACE',''
  ) );
#2412 = ORIENTED_EDGE('',*,*,#2413,.T.);
#2413 = EDGE_CURVE('',#2393,#350,#2414,.T.);
#2414 = SURFACE_CURVE('',#2415,(#2419,#2426),.PCURVE_S1.);
#2415 = LINE('',#2416,#2417);
#2416 = CARTESIAN_POINT('',(69.3,3.,8.));
#2417 = VECTOR('',#2418,1.);
#2418 = DIRECTION('',(0.,0.,1.));
#2419 = PCURVE('',#364,#2420);
#2420 = DEFINITIONAL_REPRESENTATION('',(#2421),#2425);
#2421 = LINE('',#2422,#2423);
#2422 = CARTESIAN_POINT('',(0.,0.));
#2423 = VECTOR('',#2424,1.);
#2424 = DIRECTION('',(1.,0.));
#2425 = ( GEOMETRIC_REPRESENTATION_CONTEXT(2) 
PARAMETRIC_REPRESENTATION_CONTEXT() REPRESENTATION_CONTEXT('2D SPACE',''
  ) );
#2426 = PCURVE('',#392,#2427);
#2427 = DEFINITIONAL_REPRESENTATION('',(#2428),#2432);
#2428 = LINE('',#2429,#2430);
#2429 = CARTESIAN_POINT('',(0.,-6.));
#2430 = VECTOR('',#2431,1.);
#2431 = DIRECTION('',(1.,0.));
#2432 = ( GEOMETRIC_REPRESENTATION_CONTEXT(2) 
PARAMETRIC_REPRESENTATION_CONTEXT() REPRESENTATION_CONTEXT('2D SPACE',''
  ) );
#2433 = ORIENTED_EDGE('',*,*,#349,.F.);
#2434 = ORIENTED_EDGE('',*,*,#2290,.F.);
#2435 = ADVANCED_FACE('',(#2436),#423,.T.);
#2436 = FACE_BOUND('',#2437,.T.);
#2437 = EDGE_LOOP('',(#2438,#2459,#2480,#2481));
#2438 = ORIENTED_EDGE('',*,*,#2439,.T.);
#2439 = EDGE_CURVE('',#2343,#2440,#2442,.T.);
#2440 = VERTEX_POINT('',#2441);
#2441 = CARTESIAN_POINT('',(69.3,-3.,9.01387818866));
#2442 = SURFACE_CURVE('',#2443,(#2447,#2453),.PCURVE_S1.);
#2443 = LINE('',#2444,#2445);
#2444 = CARTESIAN_POINT('',(3.,-3.,9.01387818866));
#2445 = VECTOR('',#2446,1.);
#2446 = DIRECTION('',(-1.,-0.,-0.));
#2447 = PCURVE('',#423,#2448);
#2448 = DEFINITIONAL_REPRESENTATION('',(#2449),#2452);
#2449 = B_SPLINE_CURVE_WITH_KNOTS('',1,(#2450,#2451),.UNSPECIFIED.,.F.,
  .F.,(2,2),(-71.3000006,-65.6),.PIECEWISE_BEZIER_KNOTS.);
#2450 = CARTESIAN_POINT('',(1.01387818866,5.0000006));
#2451 = CARTESIAN_POINT('',(1.01387818866,-0.7));
#2452 = ( GEOMETRIC_REPRESENTATION_CONTEXT(2) 
PARAMETRIC_REPRESENTATION_CONTEXT() REPRESENTATION_CONTEXT('2D SPACE',''
  ) );
#2453 = PCURVE('',#1737,#2454);
#2454 = DEFINITIONAL_REPRESENTATION('',(#2455),#2458);
#2455 = B_SPLINE_CURVE_WITH_KNOTS('',1,(#2456,#2457),.UNSPECIFIED.,.F.,
  .F.,(2,2),(-71.3000006,-65.6),.PIECEWISE_BEZIER_KNOTS.);
#2456 = CARTESIAN_POINT('',(-1.89208491606,-71.3000006));
#2457 = CARTESIAN_POINT('',(-1.89208491606,-65.6));
#2458 = ( GEOMETRIC_REPRESENTATION_CONTEXT(2) 
PARAMETRIC_REPRESENTATION_CONTEXT() REPRESENTATION_CONTEXT('2D SPACE',''
  ) );
#2459 = ORIENTED_EDGE('',*,*,#2460,.T.);
#2460 = EDGE_CURVE('',#2440,#376,#2461,.T.);
#2461 = SURFACE_CURVE('',#2462,(#2466,#2473),.PCURVE_S1.);
#2462 = LINE('',#2463,#2464);
#2463 = CARTESIAN_POINT('',(69.3,-3.,8.));
#2464 = VECTOR('',#2465,1.);
#2465 = DIRECTION('',(0.,0.,1.));
#2466 = PCURVE('',#423,#2467);
#2467 = DEFINITIONAL_REPRESENTATION('',(#2468),#2472);
#2468 = LINE('',#2469,#2470);
#2469 = CARTESIAN_POINT('',(0.,0.));
#2470 = VECTOR('',#2471,1.);
#2471 = DIRECTION('',(1.,0.));
#2472 = ( GEOMETRIC_REPRESENTATION_CONTEXT(2) 
PARAMETRIC_REPRESENTATION_CONTEXT() REPRESENTATION_CONTEXT('2D SPACE',''
  ) );
#2473 = PCURVE('',#392,#2474);
#2474 = DEFINITIONAL_REPRESENTATION('',(#2475),#2479);
#2475 = LINE('',#2476,#2477);
#2476 = CARTESIAN_POINT('',(0.,0.));
#2477 = VECTOR('',#2478,1.);
#2478 = DIRECTION('',(1.,0.));
#2479 = ( GEOMETRIC_REPRESENTATION_CONTEXT(2) 
PARAMETRIC_REPRESENTATION_CONTEXT() REPRESENTATION_CONTEXT('2D SPACE',''
  ) );
#2480 = ORIENTED_EDGE('',*,*,#408,.F.);
#2481 = ORIENTED_EDGE('',*,*,#2370,.F.);
#2482 = ADVANCED_FACE('',(#2483),#392,.T.);
#2483 = FACE_BOUND('',#2484,.T.);
#2484 = EDGE_LOOP('',(#2485,#2486,#2512,#2513));
#2485 = ORIENTED_EDGE('',*,*,#2460,.F.);
#2486 = ORIENTED_EDGE('',*,*,#2487,.T.);
#2487 = EDGE_CURVE('',#2440,#2393,#2488,.T.);
#2488 = SURFACE_CURVE('',#2489,(#2494,#2505),.PCURVE_S1.);
#2489 = CIRCLE('',#2490,9.5);
#2490 = AXIS2_PLACEMENT_3D('',#2491,#2492,#2493);
#2491 = CARTESIAN_POINT('',(69.3,0.,0.));
#2492 = DIRECTION('',(-1.,0.,0.));
#2493 = DIRECTION('',(0.,1.,0.));
#2494 = PCURVE('',#392,#2495);
#2495 = DEFINITIONAL_REPRESENTATION('',(#2496),#2504);
#2496 = ( BOUNDED_CURVE() B_SPLINE_CURVE(2,(#2497,#2498,#2499,#2500,
#2501,#2502,#2503),.UNSPECIFIED.,.T.,.F.) B_SPLINE_CURVE_WITH_KNOTS((1,2
    ,2,2,2,1),(-2.094395102393,0.,2.094395102393,4.188790204786,
6.28318530718,8.377580409573),.UNSPECIFIED.) CURVE() 
GEOMETRIC_REPRESENTATION_ITEM() RATIONAL_B_SPLINE_CURVE((1.,0.5,1.,0.5,
1.,0.5,1.)) REPRESENTATION_ITEM('') );
#2497 = CARTESIAN_POINT('',(-8.,-12.5));
#2498 = CARTESIAN_POINT('',(-24.4544826719,-12.5));
#2499 = CARTESIAN_POINT('',(-16.22724133595,1.75));
#2500 = CARTESIAN_POINT('',(-8.,16.));
#2501 = CARTESIAN_POINT('',(0.227241335952,1.75));
#2502 = CARTESIAN_POINT('',(8.454482671904,-12.5));
#2503 = CARTESIAN_POINT('',(-8.,-12.5));
#2504 = ( GEOMETRIC_REPRESENTATION_CONTEXT(2) 
PARAMETRIC_REPRESENTATION_CONTEXT() REPRESENTATION_CONTEXT('2D SPACE',''
  ) );
#2505 = PCURVE('',#1737,#2506);
#2506 = DEFINITIONAL_REPRESENTATION('',(#2507),#2511);
#2507 = LINE('',#2508,#2509);
#2508 = CARTESIAN_POINT('',(-6.28318530718,-66.3));
#2509 = VECTOR('',#2510,1.);
#2510 = DIRECTION('',(1.,-0.));
#2511 = ( GEOMETRIC_REPRESENTATION_CONTEXT(2) 
PARAMETRIC_REPRESENTATION_CONTEXT() REPRESENTATION_CONTEXT('2D SPACE',''
  ) );
#2512 = ORIENTED_EDGE('',*,*,#2413,.T.);
#2513 = ORIENTED_EDGE('',*,*,#375,.F.);
#2514 = ADVANCED_FACE('',(#2515),#735,.T.);
#2515 = FACE_BOUND('',#2516,.T.);
#2516 = EDGE_LOOP('',(#2517,#2540,#2568,#2589));
#2517 = ORIENTED_EDGE('',*,*,#2518,.F.);
#2518 = EDGE_CURVE('',#2519,#717,#2521,.T.);
#2519 = VERTEX_POINT('',#2520);
#2520 = CARTESIAN_POINT('',(38.3,-2.5,9.165151389912));
#2521 = SURFACE_CURVE('',#2522,(#2526,#2533),.PCURVE_S1.);
#2522 = LINE('',#2523,#2524);
#2523 = CARTESIAN_POINT('',(38.3,-2.5,8.));
#2524 = VECTOR('',#2525,1.);
#2525 = DIRECTION('',(0.,0.,1.));
#2526 = PCURVE('',#735,#2527);
#2527 = DEFINITIONAL_REPRESENTATION('',(#2528),#2532);
#2528 = LINE('',#2529,#2530);
#2529 = CARTESIAN_POINT('',(0.,0.));
#2530 = VECTOR('',#2531,1.);
#2531 = DIRECTION('',(1.,0.));
#2532 = ( GEOMETRIC_REPRESENTATION_CONTEXT(2) 
PARAMETRIC_REPRESENTATION_CONTEXT() REPRESENTATION_CONTEXT('2D SPACE',''
  ) );
#2533 = PCURVE('',#766,#2534);
#2534 = DEFINITIONAL_REPRESENTATION('',(#2535),#2539);
#2535 = LINE('',#2536,#2537);
#2536 = CARTESIAN_POINT('',(0.,0.));
#2537 = VECTOR('',#2538,1.);
#2538 = DIRECTION('',(1.,0.));
#2539 = ( GEOMETRIC_REPRESENTATION_CONTEXT(2) 
PARAMETRIC_REPRESENTATION_CONTEXT() REPRESENTATION_CONTEXT('2D SPACE',''
  ) );
#2540 = ORIENTED_EDGE('',*,*,#2541,.T.);
#2541 = EDGE_CURVE('',#2519,#2542,#2544,.T.);
#2542 = VERTEX_POINT('',#2543);
#2543 = CARTESIAN_POINT('',(38.3,2.5,9.165151389912));
#2544 = SURFACE_CURVE('',#2545,(#2550,#2561),.PCURVE_S1.);
#2545 = CIRCLE('',#2546,9.5);
#2546 = AXIS2_PLACEMENT_3D('',#2547,#2548,#2549);
#2547 = CARTESIAN_POINT('',(38.3,0.,0.));
#2548 = DIRECTION('',(-1.,0.,0.));
#2549 = DIRECTION('',(0.,1.,0.));
#2550 = PCURVE('',#735,#2551);
#2551 = DEFINITIONAL_REPRESENTATION('',(#2552),#2560);
#2552 = ( BOUNDED_CURVE() B_SPLINE_CURVE(2,(#2553,#2554,#2555,#2556,
#2557,#2558,#2559),.UNSPECIFIED.,.T.,.F.) B_SPLINE_CURVE_WITH_KNOTS((1,2
    ,2,2,2,1),(-2.094395102393,0.,2.094395102393,4.188790204786,
6.28318530718,8.377580409573),.UNSPECIFIED.) CURVE() 
GEOMETRIC_REPRESENTATION_ITEM() RATIONAL_B_SPLINE_CURVE((1.,0.5,1.,0.5,
1.,0.5,1.)) REPRESENTATION_ITEM('') );
#2553 = CARTESIAN_POINT('',(-8.,-12.));
#2554 = CARTESIAN_POINT('',(-24.4544826719,-12.));
#2555 = CARTESIAN_POINT('',(-16.22724133595,2.25));
#2556 = CARTESIAN_POINT('',(-8.,16.5));
#2557 = CARTESIAN_POINT('',(0.227241335952,2.25));
#2558 = CARTESIAN_POINT('',(8.454482671904,-12.));
#2559 = CARTESIAN_POINT('',(-8.,-12.));
#2560 = ( GEOMETRIC_REPRESENTATION_CONTEXT(2) 
PARAMETRIC_REPRESENTATION_CONTEXT() REPRESENTATION_CONTEXT('2D SPACE',''
  ) );
#2561 = PCURVE('',#1737,#2562);
#2562 = DEFINITIONAL_REPRESENTATION('',(#2563),#2567);
#2563 = LINE('',#2564,#2565);
#2564 = CARTESIAN_POINT('',(-6.28318530718,-35.3));
#2565 = VECTOR('',#2566,1.);
#2566 = DIRECTION('',(1.,-0.));
#2567 = ( GEOMETRIC_REPRESENTATION_CONTEXT(2) 
PARAMETRIC_REPRESENTATION_CONTEXT() REPRESENTATION_CONTEXT('2D SPACE',''
  ) );
#2568 = ORIENTED_EDGE('',*,*,#2569,.T.);
#2569 = EDGE_CURVE('',#2542,#719,#2570,.T.);
#2570 = SURFACE_CURVE('',#2571,(#2575,#2582),.PCURVE_S1.);
#2571 = LINE('',#2572,#2573);
#2572 = CARTESIAN_POINT('',(38.3,2.5,8.));
#2573 = VECTOR('',#2574,1.);
#2574 = DIRECTION('',(0.,0.,1.));
#2575 = PCURVE('',#735,#2576);
#2576 = DEFINITIONAL_REPRESENTATION('',(#2577),#2581);
#2577 = LINE('',#2578,#2579);
#2578 = CARTESIAN_POINT('',(0.,-5.));
#2579 = VECTOR('',#2580,1.);
#2580 = DIRECTION('',(1.,0.));
#2581 = ( GEOMETRIC_REPRESENTATION_CONTEXT(2) 
PARAMETRIC_REPRESENTATION_CONTEXT() REPRESENTATION_CONTEXT('2D SPACE',''
  ) );
#2582 = PCURVE('',#823,#2583);
#2583 = DEFINITIONAL_REPRESENTATION('',(#2584),#2588);
#2584 = LINE('',#2585,#2586);
#2585 = CARTESIAN_POINT('',(0.,0.));
#2586 = VECTOR('',#2587,1.);
#2587 = DIRECTION('',(1.,0.));
#2588 = ( GEOMETRIC_REPRESENTATION_CONTEXT(2) 
PARAMETRIC_REPRESENTATION_CONTEXT() REPRESENTATION_CONTEXT('2D SPACE',''
  ) );
#2589 = ORIENTED_EDGE('',*,*,#716,.F.);
#2590 = ADVANCED_FACE('',(#2591),#766,.T.);
#2591 = FACE_BOUND('',#2592,.T.);
#2592 = EDGE_LOOP('',(#2593,#2616,#2635,#2636));
#2593 = ORIENTED_EDGE('',*,*,#2594,.F.);
#2594 = EDGE_CURVE('',#2595,#752,#2597,.T.);
#2595 = VERTEX_POINT('',#2596);
#2596 = CARTESIAN_POINT('',(63.3,-2.5,9.165151389912));
#2597 = SURFACE_CURVE('',#2598,(#2602,#2609),.PCURVE_S1.);
#2598 = LINE('',#2599,#2600);
#2599 = CARTESIAN_POINT('',(63.3,-2.5,8.));
#2600 = VECTOR('',#2601,1.);
#2601 = DIRECTION('',(0.,0.,1.));
#2602 = PCURVE('',#766,#2603);
#2603 = DEFINITIONAL_REPRESENTATION('',(#2604),#2608);
#2604 = LINE('',#2605,#2606);
#2605 = CARTESIAN_POINT('',(0.,25.));
#2606 = VECTOR('',#2607,1.);
#2607 = DIRECTION('',(1.,0.));
#2608 = ( GEOMETRIC_REPRESENTATION_CONTEXT(2) 
PARAMETRIC_REPRESENTATION_CONTEXT() REPRESENTATION_CONTEXT('2D SPACE',''
  ) );
#2609 = PCURVE('',#794,#2610);
#2610 = DEFINITIONAL_REPRESENTATION('',(#2611),#2615);
#2611 = LINE('',#2612,#2613);
#2612 = CARTESIAN_POINT('',(0.,0.));
#2613 = VECTOR('',#2614,1.);
#2614 = DIRECTION('',(1.,0.));
#2615 = ( GEOMETRIC_REPRESENTATION_CONTEXT(2) 
PARAMETRIC_REPRESENTATION_CONTEXT() REPRESENTATION_CONTEXT('2D SPACE',''
  ) );
#2616 = ORIENTED_EDGE('',*,*,#2617,.T.);
#2617 = EDGE_CURVE('',#2595,#2519,#2618,.T.);
#2618 = SURFACE_CURVE('',#2619,(#2623,#2629),.PCURVE_S1.);
#2619 = LINE('',#2620,#2621);
#2620 = CARTESIAN_POINT('',(3.,-2.5,9.165151389912));
#2621 = VECTOR('',#2622,1.);
#2622 = DIRECTION('',(-1.,-0.,-0.));
#2623 = PCURVE('',#766,#2624);
#2624 = DEFINITIONAL_REPRESENTATION('',(#2625),#2628);
#2625 = B_SPLINE_CURVE_WITH_KNOTS('',1,(#2626,#2627),.UNSPECIFIED.,.F.,
  .F.,(2,2),(-62.8,-32.8),.PIECEWISE_BEZIER_KNOTS.);
#2626 = CARTESIAN_POINT('',(1.165151389912,27.5));
#2627 = CARTESIAN_POINT('',(1.165151389912,-2.5));
#2628 = ( GEOMETRIC_REPRESENTATION_CONTEXT(2) 
PARAMETRIC_REPRESENTATION_CONTEXT() REPRESENTATION_CONTEXT('2D SPACE',''
  ) );
#2629 = PCURVE('',#1737,#2630);
#2630 = DEFINITIONAL_REPRESENTATION('',(#2631),#2634);
#2631 = B_SPLINE_CURVE_WITH_KNOTS('',1,(#2632,#2633),.UNSPECIFIED.,.F.,
  .F.,(2,2),(-62.8,-32.8),.PIECEWISE_BEZIER_KNOTS.);
#2632 = CARTESIAN_POINT('',(-1.837090343913,-62.8));
#2633 = CARTESIAN_POINT('',(-1.837090343913,-32.8));
#2634 = ( GEOMETRIC_REPRESENTATION_CONTEXT(2) 
PARAMETRIC_REPRESENTATION_CONTEXT() REPRESENTATION_CONTEXT('2D SPACE',''
  ) );
#2635 = ORIENTED_EDGE('',*,*,#2518,.T.);
#2636 = ORIENTED_EDGE('',*,*,#751,.F.);
#2637 = ADVANCED_FACE('',(#2638),#823,.F.);
#2638 = FACE_BOUND('',#2639,.F.);
#2639 = EDGE_LOOP('',(#2640,#2663,#2682,#2683));
#2640 = ORIENTED_EDGE('',*,*,#2641,.F.);
#2641 = EDGE_CURVE('',#2642,#778,#2644,.T.);
#2642 = VERTEX_POINT('',#2643);
#2643 = CARTESIAN_POINT('',(63.3,2.5,9.165151389912));
#2644 = SURFACE_CURVE('',#2645,(#2649,#2656),.PCURVE_S1.);
#2645 = LINE('',#2646,#2647);
#2646 = CARTESIAN_POINT('',(63.3,2.5,8.));
#2647 = VECTOR('',#2648,1.);
#2648 = DIRECTION('',(0.,0.,1.));
#2649 = PCURVE('',#823,#2650);
#2650 = DEFINITIONAL_REPRESENTATION('',(#2651),#2655);
#2651 = LINE('',#2652,#2653);
#2652 = CARTESIAN_POINT('',(0.,25.));
#2653 = VECTOR('',#2654,1.);
#2654 = DIRECTION('',(1.,0.));
#2655 = ( GEOMETRIC_REPRESENTATION_CONTEXT(2) 
PARAMETRIC_REPRESENTATION_CONTEXT() REPRESENTATION_CONTEXT('2D SPACE',''
  ) );
#2656 = PCURVE('',#794,#2657);
#2657 = DEFINITIONAL_REPRESENTATION('',(#2658),#2662);
#2658 = LINE('',#2659,#2660);
#2659 = CARTESIAN_POINT('',(0.,-5.));
#2660 = VECTOR('',#2661,1.);
#2661 = DIRECTION('',(1.,0.));
#2662 = ( GEOMETRIC_REPRESENTATION_CONTEXT(2) 
PARAMETRIC_REPRESENTATION_CONTEXT() REPRESENTATION_CONTEXT('2D SPACE',''
  ) );
#2663 = ORIENTED_EDGE('',*,*,#2664,.T.);
#2664 = EDGE_CURVE('',#2642,#2542,#2665,.T.);
#2665 = SURFACE_CURVE('',#2666,(#2670,#2676),.PCURVE_S1.);
#2666 = LINE('',#2667,#2668);
#2667 = CARTESIAN_POINT('',(3.,2.5,9.165151389912));
#2668 = VECTOR('',#2669,1.);
#2669 = DIRECTION('',(-1.,-0.,-0.));
#2670 = PCURVE('',#823,#2671);
#2671 = DEFINITIONAL_REPRESENTATION('',(#2672),#2675);
#2672 = B_SPLINE_CURVE_WITH_KNOTS('',1,(#2673,#2674),.UNSPECIFIED.,.F.,
  .F.,(2,2),(-62.8,-32.8),.PIECEWISE_BEZIER_KNOTS.);
#2673 = CARTESIAN_POINT('',(1.165151389912,27.5));
#2674 = CARTESIAN_POINT('',(1.165151389912,-2.5));
#2675 = ( GEOMETRIC_REPRESENTATION_CONTEXT(2) 
PARAMETRIC_REPRESENTATION_CONTEXT() REPRESENTATION_CONTEXT('2D SPACE',''
  ) );
#2676 = PCURVE('',#1737,#2677);
#2677 = DEFINITIONAL_REPRESENTATION('',(#2678),#2681);
#2678 = B_SPLINE_CURVE_WITH_KNOTS('',1,(#2679,#2680),.UNSPECIFIED.,.F.,
  .F.,(2,2),(-62.8,-32.8),.PIECEWISE_BEZIER_KNOTS.);
#2679 = CARTESIAN_POINT('',(-1.304502309677,-62.8));
#2680 = CARTESIAN_POINT('',(-1.304502309677,-32.8));
#2681 = ( GEOMETRIC_REPRESENTATION_CONTEXT(2) 
PARAMETRIC_REPRESENTATION_CONTEXT() REPRESENTATION_CONTEXT('2D SPACE',''
  ) );
#2682 = ORIENTED_EDGE('',*,*,#2569,.T.);
#2683 = ORIENTED_EDGE('',*,*,#810,.F.);
#2684 = ADVANCED_FACE('',(#2685),#794,.F.);
#2685 = FACE_BOUND('',#2686,.F.);
#2686 = EDGE_LOOP('',(#2687,#2688,#2714,#2715));
#2687 = ORIENTED_EDGE('',*,*,#2594,.F.);
#2688 = ORIENTED_EDGE('',*,*,#2689,.T.);
#2689 = EDGE_CURVE('',#2595,#2642,#2690,.T.);
#2690 = SURFACE_CURVE('',#2691,(#2696,#2707),.PCURVE_S1.);
#2691 = CIRCLE('',#2692,9.5);
#2692 = AXIS2_PLACEMENT_3D('',#2693,#2694,#2695);
#2693 = CARTESIAN_POINT('',(63.3,0.,0.));
#2694 = DIRECTION('',(-1.,0.,0.));
#2695 = DIRECTION('',(0.,1.,0.));
#2696 = PCURVE('',#794,#2697);
#2697 = DEFINITIONAL_REPRESENTATION('',(#2698),#2706);
#2698 = ( BOUNDED_CURVE() B_SPLINE_CURVE(2,(#2699,#2700,#2701,#2702,
#2703,#2704,#2705),.UNSPECIFIED.,.T.,.F.) B_SPLINE_CURVE_WITH_KNOTS((1,2
    ,2,2,2,1),(-2.094395102393,0.,2.094395102393,4.188790204786,
6.28318530718,8.377580409573),.UNSPECIFIED.) CURVE() 
GEOMETRIC_REPRESENTATION_ITEM() RATIONAL_B_SPLINE_CURVE((1.,0.5,1.,0.5,
1.,0.5,1.)) REPRESENTATION_ITEM('') );
#2699 = CARTESIAN_POINT('',(-8.,-12.));
#2700 = CARTESIAN_POINT('',(-24.4544826719,-12.));
#2701 = CARTESIAN_POINT('',(-16.22724133595,2.25));
#2702 = CARTESIAN_POINT('',(-8.,16.5));
#2703 = CARTESIAN_POINT('',(0.227241335952,2.25));
#2704 = CARTESIAN_POINT('',(8.454482671904,-12.));
#2705 = CARTESIAN_POINT('',(-8.,-12.));
#2706 = ( GEOMETRIC_REPRESENTATION_CONTEXT(2) 
PARAMETRIC_REPRESENTATION_CONTEXT() REPRESENTATION_CONTEXT('2D SPACE',''
  ) );
#2707 = PCURVE('',#1737,#2708);
#2708 = DEFINITIONAL_REPRESENTATION('',(#2709),#2713);
#2709 = LINE('',#2710,#2711);
#2710 = CARTESIAN_POINT('',(-6.28318530718,-60.3));
#2711 = VECTOR('',#2712,1.);
#2712 = DIRECTION('',(1.,-0.));
#2713 = ( GEOMETRIC_REPRESENTATION_CONTEXT(2) 
PARAMETRIC_REPRESENTATION_CONTEXT() REPRESENTATION_CONTEXT('2D SPACE',''
  ) );
#2714 = ORIENTED_EDGE('',*,*,#2641,.T.);
#2715 = ORIENTED_EDGE('',*,*,#777,.F.);
#2716 = ADVANCED_FACE('',(#2717),#855,.T.);
#2717 = FACE_BOUND('',#2718,.T.);
#2718 = EDGE_LOOP('',(#2719,#2740));
#2719 = ORIENTED_EDGE('',*,*,#2720,.F.);
#2720 = EDGE_CURVE('',#839,#837,#2721,.T.);
#2721 = SURFACE_CURVE('',#2722,(#2726,#2733),.PCURVE_S1.);
#2722 = LINE('',#2723,#2724);
#2723 = CARTESIAN_POINT('',(4.,11.,-7.));
#2724 = VECTOR('',#2725,1.);
#2725 = DIRECTION('',(0.,0.,1.));
#2726 = PCURVE('',#855,#2727);
#2727 = DEFINITIONAL_REPRESENTATION('',(#2728),#2732);
#2728 = LINE('',#2729,#2730);
#2729 = CARTESIAN_POINT('',(0.,0.));
#2730 = VECTOR('',#2731,1.);
#2731 = DIRECTION('',(1.,0.));
#2732 = ( GEOMETRIC_REPRESENTATION_CONTEXT(2) 
PARAMETRIC_REPRESENTATION_CONTEXT() REPRESENTATION_CONTEXT('2D SPACE',''
  ) );
#2733 = PCURVE('',#886,#2734);
#2734 = DEFINITIONAL_REPRESENTATION('',(#2735),#2739);
#2735 = LINE('',#2736,#2737);
#2736 = CARTESIAN_POINT('',(0.,0.));
#2737 = VECTOR('',#2738,1.);
#2738 = DIRECTION('',(1.,0.));
#2739 = ( GEOMETRIC_REPRESENTATION_CONTEXT(2) 
PARAMETRIC_REPRESENTATION_CONTEXT() REPRESENTATION_CONTEXT('2D SPACE',''
  ) );
#2740 = ORIENTED_EDGE('',*,*,#836,.F.);
#2741 = ADVANCED_FACE('',(#2742,#2768,#2994,#3236,#3468,#3582,#3948),
  #886,.T.);
#2742 = FACE_BOUND('',#2743,.T.);
#2743 = EDGE_LOOP('',(#2744,#2765,#2766,#2767));
#2744 = ORIENTED_EDGE('',*,*,#2745,.F.);
#2745 = EDGE_CURVE('',#898,#872,#2746,.T.);
#2746 = SURFACE_CURVE('',#2747,(#2751,#2758),.PCURVE_S1.);
#2747 = LINE('',#2748,#2749);
#2748 = CARTESIAN_POINT('',(52.3,11.,-7.));
#2749 = VECTOR('',#2750,1.);
#2750 = DIRECTION('',(0.,0.,1.));
#2751 = PCURVE('',#886,#2752);
#2752 = DEFINITIONAL_REPRESENTATION('',(#2753),#2757);
#2753 = LINE('',#2754,#2755);
#2754 = CARTESIAN_POINT('',(0.,48.3));
#2755 = VECTOR('',#2756,1.);
#2756 = DIRECTION('',(1.,0.));
#2757 = ( GEOMETRIC_REPRESENTATION_CONTEXT(2) 
PARAMETRIC_REPRESENTATION_CONTEXT() REPRESENTATION_CONTEXT('2D SPACE',''
  ) );
#2758 = PCURVE('',#914,#2759);
#2759 = DEFINITIONAL_REPRESENTATION('',(#2760),#2764);
#2760 = LINE('',#2761,#2762);
#2761 = CARTESIAN_POINT('',(0.,0.));
#2762 = VECTOR('',#2763,1.);
#2763 = DIRECTION('',(1.,0.));
#2764 = ( GEOMETRIC_REPRESENTATION_CONTEXT(2) 
PARAMETRIC_REPRESENTATION_CONTEXT() REPRESENTATION_CONTEXT('2D SPACE',''
  ) );
#2765 = ORIENTED_EDGE('',*,*,#930,.T.);
#2766 = ORIENTED_EDGE('',*,*,#2720,.T.);
#2767 = ORIENTED_EDGE('',*,*,#871,.F.);
#2768 = FACE_BOUND('',#2769,.T.);
#2769 = EDGE_LOOP('',(#2770,#2800,#2828,#2856,#2884,#2912,#2940,#2968));
#2770 = ORIENTED_EDGE('',*,*,#2771,.T.);
#2771 = EDGE_CURVE('',#2772,#2774,#2776,.T.);
#2772 = VERTEX_POINT('',#2773);
#2773 = CARTESIAN_POINT('',(20.458349609375,11.,1.927490234375));
#2774 = VERTEX_POINT('',#2775);
#2775 = CARTESIAN_POINT('',(19.694189453125,11.,1.927490234375));
#2776 = SURFACE_CURVE('',#2777,(#2781,#2788),.PCURVE_S1.);
#2777 = LINE('',#2778,#2779);
#2778 = CARTESIAN_POINT('',(20.458349609375,11.,1.927490234375));
#2779 = VECTOR('',#2780,1.);
#2780 = DIRECTION('',(-1.,0.,0.));
#2781 = PCURVE('',#886,#2782);
#2782 = DEFINITIONAL_REPRESENTATION('',(#2783),#2787);
#2783 = LINE('',#2784,#2785);
#2784 = CARTESIAN_POINT('',(8.927490234375,16.458349609375));
#2785 = VECTOR('',#2786,1.);
#2786 = DIRECTION('',(0.,-1.));
#2787 = ( GEOMETRIC_REPRESENTATION_CONTEXT(2) 
PARAMETRIC_REPRESENTATION_CONTEXT() REPRESENTATION_CONTEXT('2D SPACE',''
  ) );
#2788 = PCURVE('',#2789,#2794);
#2789 = PLANE('',#2790);
#2790 = AXIS2_PLACEMENT_3D('',#2791,#2792,#2793);
#2791 = CARTESIAN_POINT('',(20.458349609375,11.,1.927490234375));
#2792 = DIRECTION('',(0.,0.,-1.));
#2793 = DIRECTION('',(-1.,0.,0.));
#2794 = DEFINITIONAL_REPRESENTATION('',(#2795),#2799);
#2795 = LINE('',#2796,#2797);
#2796 = CARTESIAN_POINT('',(0.,0.));
#2797 = VECTOR('',#2798,1.);
#2798 = DIRECTION('',(1.,0.));
#2799 = ( GEOMETRIC_REPRESENTATION_CONTEXT(2) 
PARAMETRIC_REPRESENTATION_CONTEXT() REPRESENTATION_CONTEXT('2D SPACE',''
  ) );
#2800 = ORIENTED_EDGE('',*,*,#2801,.T.);
#2801 = EDGE_CURVE('',#2774,#2802,#2804,.T.);
#2802 = VERTEX_POINT('',#2803);
#2803 = CARTESIAN_POINT('',(18.261083984375,11.,-1.651611328125));
#2804 = SURFACE_CURVE('',#2805,(#2809,#2816),.PCURVE_S1.);
#2805 = LINE('',#2806,#2807);
#2806 = CARTESIAN_POINT('',(19.694189453125,11.,1.927490234375));
#2807 = VECTOR('',#2808,1.);
#2808 = DIRECTION('',(-0.371718196741,0.,-0.928345615712));
#2809 = PCURVE('',#886,#2810);
#2810 = DEFINITIONAL_REPRESENTATION('',(#2811),#2815);
#2811 = LINE('',#2812,#2813);
#2812 = CARTESIAN_POINT('',(8.927490234375,15.694189453125));
#2813 = VECTOR('',#2814,1.);
#2814 = DIRECTION('',(-0.928345615712,-0.371718196741));
#2815 = ( GEOMETRIC_REPRESENTATION_CONTEXT(2) 
PARAMETRIC_REPRESENTATION_CONTEXT() REPRESENTATION_CONTEXT('2D SPACE',''
  ) );
#2816 = PCURVE('',#2817,#2822);
#2817 = PLANE('',#2818);
#2818 = AXIS2_PLACEMENT_3D('',#2819,#2820,#2821);
#2819 = CARTESIAN_POINT('',(19.694189453125,11.,1.927490234375));
#2820 = DIRECTION('',(0.928345615712,0.,-0.371718196741));
#2821 = DIRECTION('',(-0.371718196741,0.,-0.928345615712));
#2822 = DEFINITIONAL_REPRESENTATION('',(#2823),#2827);
#2823 = LINE('',#2824,#2825);
#2824 = CARTESIAN_POINT('',(0.,0.));
#2825 = VECTOR('',#2826,1.);
#2826 = DIRECTION('',(1.,0.));
#2827 = ( GEOMETRIC_REPRESENTATION_CONTEXT(2) 
PARAMETRIC_REPRESENTATION_CONTEXT() REPRESENTATION_CONTEXT('2D SPACE',''
  ) );
#2828 = ORIENTED_EDGE('',*,*,#2829,.T.);
#2829 = EDGE_CURVE('',#2802,#2830,#2832,.T.);
#2830 = VERTEX_POINT('',#2831);
#2831 = CARTESIAN_POINT('',(19.047216796875,11.,-1.651611328125));
#2832 = SURFACE_CURVE('',#2833,(#2837,#2844),.PCURVE_S1.);
#2833 = LINE('',#2834,#2835);
#2834 = CARTESIAN_POINT('',(18.261083984375,11.,-1.651611328125));
#2835 = VECTOR('',#2836,1.);
#2836 = DIRECTION('',(1.,0.,0.));
#2837 = PCURVE('',#886,#2838);
#2838 = DEFINITIONAL_REPRESENTATION('',(#2839),#2843);
#2839 = LINE('',#2840,#2841);
#2840 = CARTESIAN_POINT('',(5.348388671875,14.261083984375));
#2841 = VECTOR('',#2842,1.);
#2842 = DIRECTION('',(0.,1.));
#2843 = ( GEOMETRIC_REPRESENTATION_CONTEXT(2) 
PARAMETRIC_REPRESENTATION_CONTEXT() REPRESENTATION_CONTEXT('2D SPACE',''
  ) );
#2844 = PCURVE('',#2845,#2850);
#2845 = PLANE('',#2846);
#2846 = AXIS2_PLACEMENT_3D('',#2847,#2848,#2849);
#2847 = CARTESIAN_POINT('',(18.261083984375,11.,-1.651611328125));
#2848 = DIRECTION('',(0.,0.,1.));
#2849 = DIRECTION('',(1.,0.,0.));
#2850 = DEFINITIONAL_REPRESENTATION('',(#2851),#2855);
#2851 = LINE('',#2852,#2853);
#2852 = CARTESIAN_POINT('',(0.,0.));
#2853 = VECTOR('',#2854,1.);
#2854 = DIRECTION('',(1.,0.));
#2855 = ( GEOMETRIC_REPRESENTATION_CONTEXT(2) 
PARAMETRIC_REPRESENTATION_CONTEXT() REPRESENTATION_CONTEXT('2D SPACE',''
  ) );
#2856 = ORIENTED_EDGE('',*,*,#2857,.T.);
#2857 = EDGE_CURVE('',#2830,#2858,#2860,.T.);
#2858 = VERTEX_POINT('',#2859);
#2859 = CARTESIAN_POINT('',(19.359716796875,11.,-0.838623046875));
#2860 = SURFACE_CURVE('',#2861,(#2865,#2872),.PCURVE_S1.);
#2861 = LINE('',#2862,#2863);
#2862 = CARTESIAN_POINT('',(19.047216796875,11.,-1.651611328125));
#2863 = VECTOR('',#2864,1.);
#2864 = DIRECTION('',(0.358791238353,0.,0.933417831028));
#2865 = PCURVE('',#886,#2866);
#2866 = DEFINITIONAL_REPRESENTATION('',(#2867),#2871);
#2867 = LINE('',#2868,#2869);
#2868 = CARTESIAN_POINT('',(5.348388671875,15.047216796875));
#2869 = VECTOR('',#2870,1.);
#2870 = DIRECTION('',(0.933417831028,0.358791238353));
#2871 = ( GEOMETRIC_REPRESENTATION_CONTEXT(2) 
PARAMETRIC_REPRESENTATION_CONTEXT() REPRESENTATION_CONTEXT('2D SPACE',''
  ) );
#2872 = PCURVE('',#2873,#2878);
#2873 = PLANE('',#2874);
#2874 = AXIS2_PLACEMENT_3D('',#2875,#2876,#2877);
#2875 = CARTESIAN_POINT('',(19.047216796875,11.,-1.651611328125));
#2876 = DIRECTION('',(-0.933417831028,0.,0.358791238353));
#2877 = DIRECTION('',(0.358791238353,0.,0.933417831028));
#2878 = DEFINITIONAL_REPRESENTATION('',(#2879),#2883);
#2879 = LINE('',#2880,#2881);
#2880 = CARTESIAN_POINT('',(0.,0.));
#2881 = VECTOR('',#2882,1.);
#2882 = DIRECTION('',(1.,0.));
#2883 = ( GEOMETRIC_REPRESENTATION_CONTEXT(2) 
PARAMETRIC_REPRESENTATION_CONTEXT() REPRESENTATION_CONTEXT('2D SPACE',''
  ) );
#2884 = ORIENTED_EDGE('',*,*,#2885,.T.);
#2885 = EDGE_CURVE('',#2858,#2886,#2888,.T.);
#2886 = VERTEX_POINT('',#2887);
#2887 = CARTESIAN_POINT('',(20.790380859375,11.,-0.838623046875));
#2888 = SURFACE_CURVE('',#2889,(#2893,#2900),.PCURVE_S1.);
#2889 = LINE('',#2890,#2891);
#2890 = CARTESIAN_POINT('',(19.359716796875,11.,-0.838623046875));
#2891 = VECTOR('',#2892,1.);
#2892 = DIRECTION('',(1.,0.,0.));
#2893 = PCURVE('',#886,#2894);
#2894 = DEFINITIONAL_REPRESENTATION('',(#2895),#2899);
#2895 = LINE('',#2896,#2897);
#2896 = CARTESIAN_POINT('',(6.161376953125,15.359716796875));
#2897 = VECTOR('',#2898,1.);
#2898 = DIRECTION('',(0.,1.));
#2899 = ( GEOMETRIC_REPRESENTATION_CONTEXT(2) 
PARAMETRIC_REPRESENTATION_CONTEXT() REPRESENTATION_CONTEXT('2D SPACE',''
  ) );
#2900 = PCURVE('',#2901,#2906);
#2901 = PLANE('',#2902);
#2902 = AXIS2_PLACEMENT_3D('',#2903,#2904,#2905);
#2903 = CARTESIAN_POINT('',(19.359716796875,11.,-0.838623046875));
#2904 = DIRECTION('',(0.,0.,1.));
#2905 = DIRECTION('',(1.,0.,0.));
#2906 = DEFINITIONAL_REPRESENTATION('',(#2907),#2911);
#2907 = LINE('',#2908,#2909);
#2908 = CARTESIAN_POINT('',(0.,0.));
#2909 = VECTOR('',#2910,1.);
#2910 = DIRECTION('',(1.,0.));
#2911 = ( GEOMETRIC_REPRESENTATION_CONTEXT(2) 
PARAMETRIC_REPRESENTATION_CONTEXT() REPRESENTATION_CONTEXT('2D SPACE',''
  ) );
#2912 = ORIENTED_EDGE('',*,*,#2913,.T.);
#2913 = EDGE_CURVE('',#2886,#2914,#2916,.T.);
#2914 = VERTEX_POINT('',#2915);
#2915 = CARTESIAN_POINT('',(21.085791015625,11.,-1.651611328125));
#2916 = SURFACE_CURVE('',#2917,(#2921,#2928),.PCURVE_S1.);
#2917 = LINE('',#2918,#2919);
#2918 = CARTESIAN_POINT('',(20.790380859375,11.,-0.838623046875));
#2919 = VECTOR('',#2920,1.);
#2920 = DIRECTION('',(0.341516433089,0.,-0.93987580346));
#2921 = PCURVE('',#886,#2922);
#2922 = DEFINITIONAL_REPRESENTATION('',(#2923),#2927);
#2923 = LINE('',#2924,#2925);
#2924 = CARTESIAN_POINT('',(6.161376953125,16.790380859375));
#2925 = VECTOR('',#2926,1.);
#2926 = DIRECTION('',(-0.93987580346,0.341516433089));
#2927 = ( GEOMETRIC_REPRESENTATION_CONTEXT(2) 
PARAMETRIC_REPRESENTATION_CONTEXT() REPRESENTATION_CONTEXT('2D SPACE',''
  ) );
#2928 = PCURVE('',#2929,#2934);
#2929 = PLANE('',#2930);
#2930 = AXIS2_PLACEMENT_3D('',#2931,#2932,#2933);
#2931 = CARTESIAN_POINT('',(20.790380859375,11.,-0.838623046875));
#2932 = DIRECTION('',(0.93987580346,0.,0.341516433089));
#2933 = DIRECTION('',(0.341516433089,0.,-0.93987580346));
#2934 = DEFINITIONAL_REPRESENTATION('',(#2935),#2939);
#2935 = LINE('',#2936,#2937);
#2936 = CARTESIAN_POINT('',(0.,0.));
#2937 = VECTOR('',#2938,1.);
#2938 = DIRECTION('',(1.,0.));
#2939 = ( GEOMETRIC_REPRESENTATION_CONTEXT(2) 
PARAMETRIC_REPRESENTATION_CONTEXT() REPRESENTATION_CONTEXT('2D SPACE',''
  ) );
#2940 = ORIENTED_EDGE('',*,*,#2941,.T.);
#2941 = EDGE_CURVE('',#2914,#2942,#2944,.T.);
#2942 = VERTEX_POINT('',#2943);
#2943 = CARTESIAN_POINT('',(21.852392578125,11.,-1.651611328125));
#2944 = SURFACE_CURVE('',#2945,(#2949,#2956),.PCURVE_S1.);
#2945 = LINE('',#2946,#2947);
#2946 = CARTESIAN_POINT('',(21.085791015625,11.,-1.651611328125));
#2947 = VECTOR('',#2948,1.);
#2948 = DIRECTION('',(1.,0.,0.));
#2949 = PCURVE('',#886,#2950);
#2950 = DEFINITIONAL_REPRESENTATION('',(#2951),#2955);
#2951 = LINE('',#2952,#2953);
#2952 = CARTESIAN_POINT('',(5.348388671875,17.085791015625));
#2953 = VECTOR('',#2954,1.);
#2954 = DIRECTION('',(0.,1.));
#2955 = ( GEOMETRIC_REPRESENTATION_CONTEXT(2) 
PARAMETRIC_REPRESENTATION_CONTEXT() REPRESENTATION_CONTEXT('2D SPACE',''
  ) );
#2956 = PCURVE('',#2957,#2962);
#2957 = PLANE('',#2958);
#2958 = AXIS2_PLACEMENT_3D('',#2959,#2960,#2961);
#2959 = CARTESIAN_POINT('',(21.085791015625,11.,-1.651611328125));
#2960 = DIRECTION('',(0.,0.,1.));
#2961 = DIRECTION('',(1.,0.,0.));
#2962 = DEFINITIONAL_REPRESENTATION('',(#2963),#2967);
#2963 = LINE('',#2964,#2965);
#2964 = CARTESIAN_POINT('',(0.,0.));
#2965 = VECTOR('',#2966,1.);
#2966 = DIRECTION('',(1.,0.));
#2967 = ( GEOMETRIC_REPRESENTATION_CONTEXT(2) 
PARAMETRIC_REPRESENTATION_CONTEXT() REPRESENTATION_CONTEXT('2D SPACE',''
  ) );
#2968 = ORIENTED_EDGE('',*,*,#2969,.T.);
#2969 = EDGE_CURVE('',#2942,#2772,#2970,.T.);
#2970 = SURFACE_CURVE('',#2971,(#2975,#2982),.PCURVE_S1.);
#2971 = LINE('',#2972,#2973);
#2972 = CARTESIAN_POINT('',(21.852392578125,11.,-1.651611328125));
#2973 = VECTOR('',#2974,1.);
#2974 = DIRECTION('',(-0.362936981768,0.,0.931813686992));
#2975 = PCURVE('',#886,#2976);
#2976 = DEFINITIONAL_REPRESENTATION('',(#2977),#2981);
#2977 = LINE('',#2978,#2979);
#2978 = CARTESIAN_POINT('',(5.348388671875,17.852392578125));
#2979 = VECTOR('',#2980,1.);
#2980 = DIRECTION('',(0.931813686992,-0.362936981768));
#2981 = ( GEOMETRIC_REPRESENTATION_CONTEXT(2) 
PARAMETRIC_REPRESENTATION_CONTEXT() REPRESENTATION_CONTEXT('2D SPACE',''
  ) );
#2982 = PCURVE('',#2983,#2988);
#2983 = PLANE('',#2984);
#2984 = AXIS2_PLACEMENT_3D('',#2985,#2986,#2987);
#2985 = CARTESIAN_POINT('',(21.852392578125,11.,-1.651611328125));
#2986 = DIRECTION('',(-0.931813686992,0.,-0.362936981768));
#2987 = DIRECTION('',(-0.362936981768,0.,0.931813686992));
#2988 = DEFINITIONAL_REPRESENTATION('',(#2989),#2993);
#2989 = LINE('',#2990,#2991);
#2990 = CARTESIAN_POINT('',(0.,0.));
#2991 = VECTOR('',#2992,1.);
#2992 = DIRECTION('',(1.,0.));
#2993 = ( GEOMETRIC_REPRESENTATION_CONTEXT(2) 
PARAMETRIC_REPRESENTATION_CONTEXT() REPRESENTATION_CONTEXT('2D SPACE',''
  ) );
#2994 = FACE_BOUND('',#2995,.T.);
#2995 = EDGE_LOOP('',(#2996,#3028,#3058,#3088,#3118,#3148,#3178,#3208));
#2996 = ORIENTED_EDGE('',*,*,#2997,.T.);
#2997 = EDGE_CURVE('',#2998,#3000,#3002,.T.);
#2998 = VERTEX_POINT('',#2999);
#2999 = CARTESIAN_POINT('',(25.275244140625,11.,1.575927734375));
#3000 = VERTEX_POINT('',#3001);
#3001 = CARTESIAN_POINT('',(24.464697265625,11.,1.942138671875));
#3002 = SURFACE_CURVE('',#3003,(#3007,#3014),.PCURVE_S1.);
#3003 = B_SPLINE_CURVE_WITH_KNOTS('',2,(#3004,#3005,#3006),
  .UNSPECIFIED.,.F.,.F.,(3,3),(0.,1.),.PIECEWISE_BEZIER_KNOTS.);
#3004 = CARTESIAN_POINT('',(25.275244140625,11.,1.575927734375));
#3005 = CARTESIAN_POINT('',(24.984716796875,11.,1.942138671875));
#3006 = CARTESIAN_POINT('',(24.464697265625,11.,1.942138671875));
#3007 = PCURVE('',#886,#3008);
#3008 = DEFINITIONAL_REPRESENTATION('',(#3009),#3013);
#3009 = B_SPLINE_CURVE_WITH_KNOTS('',2,(#3010,#3011,#3012),
  .UNSPECIFIED.,.F.,.F.,(3,3),(0.,1.),.PIECEWISE_BEZIER_KNOTS.);
#3010 = CARTESIAN_POINT('',(8.575927734375,21.275244140625));
#3011 = CARTESIAN_POINT('',(8.942138671875,20.984716796875));
#3012 = CARTESIAN_POINT('',(8.942138671875,20.464697265625));
#3013 = ( GEOMETRIC_REPRESENTATION_CONTEXT(2) 
PARAMETRIC_REPRESENTATION_CONTEXT() REPRESENTATION_CONTEXT('2D SPACE',''
  ) );
#3014 = PCURVE('',#3015,#3022);
#3015 = SURFACE_OF_LINEAR_EXTRUSION('',#3016,#3020);
#3016 = B_SPLINE_CURVE_WITH_KNOTS('',2,(#3017,#3018,#3019),
  .UNSPECIFIED.,.F.,.F.,(3,3),(0.,1.),.PIECEWISE_BEZIER_KNOTS.);
#3017 = CARTESIAN_POINT('',(25.275244140625,11.,1.575927734375));
#3018 = CARTESIAN_POINT('',(24.984716796875,11.,1.942138671875));
#3019 = CARTESIAN_POINT('',(24.464697265625,11.,1.942138671875));
#3020 = VECTOR('',#3021,1.);
#3021 = DIRECTION('',(0.,1.,0.));
#3022 = DEFINITIONAL_REPRESENTATION('',(#3023),#3027);
#3023 = LINE('',#3024,#3025);
#3024 = CARTESIAN_POINT('',(0.,0.));
#3025 = VECTOR('',#3026,1.);
#3026 = DIRECTION('',(1.,0.));
#3027 = ( GEOMETRIC_REPRESENTATION_CONTEXT(2) 
PARAMETRIC_REPRESENTATION_CONTEXT() REPRESENTATION_CONTEXT('2D SPACE',''
  ) );
#3028 = ORIENTED_EDGE('',*,*,#3029,.T.);
#3029 = EDGE_CURVE('',#3000,#3030,#3032,.T.);
#3030 = VERTEX_POINT('',#3031);
#3031 = CARTESIAN_POINT('',(23.651708984375,11.,1.571044921875));
#3032 = SURFACE_CURVE('',#3033,(#3037,#3044),.PCURVE_S1.);
#3033 = B_SPLINE_CURVE_WITH_KNOTS('',2,(#3034,#3035,#3036),
  .UNSPECIFIED.,.F.,.F.,(3,3),(0.,1.),.PIECEWISE_BEZIER_KNOTS.);
#3034 = CARTESIAN_POINT('',(24.464697265625,11.,1.942138671875));
#3035 = CARTESIAN_POINT('',(23.944677734375,11.,1.942138671875));
#3036 = CARTESIAN_POINT('',(23.651708984375,11.,1.571044921875));
#3037 = PCURVE('',#886,#3038);
#3038 = DEFINITIONAL_REPRESENTATION('',(#3039),#3043);
#3039 = B_SPLINE_CURVE_WITH_KNOTS('',2,(#3040,#3041,#3042),
  .UNSPECIFIED.,.F.,.F.,(3,3),(0.,1.),.PIECEWISE_BEZIER_KNOTS.);
#3040 = CARTESIAN_POINT('',(8.942138671875,20.464697265625));
#3041 = CARTESIAN_POINT('',(8.942138671875,19.944677734375));
#3042 = CARTESIAN_POINT('',(8.571044921875,19.651708984375));
#3043 = ( GEOMETRIC_REPRESENTATION_CONTEXT(2) 
PARAMETRIC_REPRESENTATION_CONTEXT() REPRESENTATION_CONTEXT('2D SPACE',''
  ) );
#3044 = PCURVE('',#3045,#3052);
#3045 = SURFACE_OF_LINEAR_EXTRUSION('',#3046,#3050);
#3046 = B_SPLINE_CURVE_WITH_KNOTS('',2,(#3047,#3048,#3049),
  .UNSPECIFIED.,.F.,.F.,(3,3),(0.,1.),.PIECEWISE_BEZIER_KNOTS.);
#3047 = CARTESIAN_POINT('',(24.464697265625,11.,1.942138671875));
#3048 = CARTESIAN_POINT('',(23.944677734375,11.,1.942138671875));
#3049 = CARTESIAN_POINT('',(23.651708984375,11.,1.571044921875));
#3050 = VECTOR('',#3051,1.);
#3051 = DIRECTION('',(0.,1.,0.));
#3052 = DEFINITIONAL_REPRESENTATION('',(#3053),#3057);
#3053 = LINE('',#3054,#3055);
#3054 = CARTESIAN_POINT('',(0.,0.));
#3055 = VECTOR('',#3056,1.);
#3056 = DIRECTION('',(1.,0.));
#3057 = ( GEOMETRIC_REPRESENTATION_CONTEXT(2) 
PARAMETRIC_REPRESENTATION_CONTEXT() REPRESENTATION_CONTEXT('2D SPACE',''
  ) );
#3058 = ORIENTED_EDGE('',*,*,#3059,.T.);
#3059 = EDGE_CURVE('',#3030,#3060,#3062,.T.);
#3060 = VERTEX_POINT('',#3061);
#3061 = CARTESIAN_POINT('',(23.302587890625,11.,0.113525390625));
#3062 = SURFACE_CURVE('',#3063,(#3067,#3074),.PCURVE_S1.);
#3063 = B_SPLINE_CURVE_WITH_KNOTS('',2,(#3064,#3065,#3066),
  .UNSPECIFIED.,.F.,.F.,(3,3),(0.,1.),.PIECEWISE_BEZIER_KNOTS.);
#3064 = CARTESIAN_POINT('',(23.651708984375,11.,1.571044921875));
#3065 = CARTESIAN_POINT('',(23.302587890625,11.,1.131591796875));
#3066 = CARTESIAN_POINT('',(23.302587890625,11.,0.113525390625));
#3067 = PCURVE('',#886,#3068);
#3068 = DEFINITIONAL_REPRESENTATION('',(#3069),#3073);
#3069 = B_SPLINE_CURVE_WITH_KNOTS('',2,(#3070,#3071,#3072),
  .UNSPECIFIED.,.F.,.F.,(3,3),(0.,1.),.PIECEWISE_BEZIER_KNOTS.);
#3070 = CARTESIAN_POINT('',(8.571044921875,19.651708984375));
#3071 = CARTESIAN_POINT('',(8.131591796875,19.302587890625));
#3072 = CARTESIAN_POINT('',(7.113525390625,19.302587890625));
#3073 = ( GEOMETRIC_REPRESENTATION_CONTEXT(2) 
PARAMETRIC_REPRESENTATION_CONTEXT() REPRESENTATION_CONTEXT('2D SPACE',''
  ) );
#3074 = PCURVE('',#3075,#3082);
#3075 = SURFACE_OF_LINEAR_EXTRUSION('',#3076,#3080);
#3076 = B_SPLINE_CURVE_WITH_KNOTS('',2,(#3077,#3078,#3079),
  .UNSPECIFIED.,.F.,.F.,(3,3),(0.,1.),.PIECEWISE_BEZIER_KNOTS.);
#3077 = CARTESIAN_POINT('',(23.651708984375,11.,1.571044921875));
#3078 = CARTESIAN_POINT('',(23.302587890625,11.,1.131591796875));
#3079 = CARTESIAN_POINT('',(23.302587890625,11.,0.113525390625));
#3080 = VECTOR('',#3081,1.);
#3081 = DIRECTION('',(0.,1.,0.));
#3082 = DEFINITIONAL_REPRESENTATION('',(#3083),#3087);
#3083 = LINE('',#3084,#3085);
#3084 = CARTESIAN_POINT('',(0.,0.));
#3085 = VECTOR('',#3086,1.);
#3086 = DIRECTION('',(1.,0.));
#3087 = ( GEOMETRIC_REPRESENTATION_CONTEXT(2) 
PARAMETRIC_REPRESENTATION_CONTEXT() REPRESENTATION_CONTEXT('2D SPACE',''
  ) );
#3088 = ORIENTED_EDGE('',*,*,#3089,.T.);
#3089 = EDGE_CURVE('',#3060,#3090,#3092,.T.);
#3090 = VERTEX_POINT('',#3091);
#3091 = CARTESIAN_POINT('',(23.654150390625,11.,-1.346435546875));
#3092 = SURFACE_CURVE('',#3093,(#3097,#3104),.PCURVE_S1.);
#3093 = B_SPLINE_CURVE_WITH_KNOTS('',2,(#3094,#3095,#3096),
  .UNSPECIFIED.,.F.,.F.,(3,3),(0.,1.),.PIECEWISE_BEZIER_KNOTS.);
#3094 = CARTESIAN_POINT('',(23.302587890625,11.,0.113525390625));
#3095 = CARTESIAN_POINT('',(23.302587890625,11.,-0.902099609375));
#3096 = CARTESIAN_POINT('',(23.654150390625,11.,-1.346435546875));
#3097 = PCURVE('',#886,#3098);
#3098 = DEFINITIONAL_REPRESENTATION('',(#3099),#3103);
#3099 = B_SPLINE_CURVE_WITH_KNOTS('',2,(#3100,#3101,#3102),
  .UNSPECIFIED.,.F.,.F.,(3,3),(0.,1.),.PIECEWISE_BEZIER_KNOTS.);
#3100 = CARTESIAN_POINT('',(7.113525390625,19.302587890625));
#3101 = CARTESIAN_POINT('',(6.097900390625,19.302587890625));
#3102 = CARTESIAN_POINT('',(5.653564453125,19.654150390625));
#3103 = ( GEOMETRIC_REPRESENTATION_CONTEXT(2) 
PARAMETRIC_REPRESENTATION_CONTEXT() REPRESENTATION_CONTEXT('2D SPACE',''
  ) );
#3104 = PCURVE('',#3105,#3112);
#3105 = SURFACE_OF_LINEAR_EXTRUSION('',#3106,#3110);
#3106 = B_SPLINE_CURVE_WITH_KNOTS('',2,(#3107,#3108,#3109),
  .UNSPECIFIED.,.F.,.F.,(3,3),(0.,1.),.PIECEWISE_BEZIER_KNOTS.);
#3107 = CARTESIAN_POINT('',(23.302587890625,11.,0.113525390625));
#3108 = CARTESIAN_POINT('',(23.302587890625,11.,-0.902099609375));
#3109 = CARTESIAN_POINT('',(23.654150390625,11.,-1.346435546875));
#3110 = VECTOR('',#3111,1.);
#3111 = DIRECTION('',(0.,1.,0.));
#3112 = DEFINITIONAL_REPRESENTATION('',(#3113),#3117);
#3113 = LINE('',#3114,#3115);
#3114 = CARTESIAN_POINT('',(0.,0.));
#3115 = VECTOR('',#3116,1.);
#3116 = DIRECTION('',(1.,0.));
#3117 = ( GEOMETRIC_REPRESENTATION_CONTEXT(2) 
PARAMETRIC_REPRESENTATION_CONTEXT() REPRESENTATION_CONTEXT('2D SPACE',''
  ) );
#3118 = ORIENTED_EDGE('',*,*,#3119,.T.);
#3119 = EDGE_CURVE('',#3090,#3120,#3122,.T.);
#3120 = VERTEX_POINT('',#3121);
#3121 = CARTESIAN_POINT('',(24.464697265625,11.,-1.712646484375));
#3122 = SURFACE_CURVE('',#3123,(#3127,#3134),.PCURVE_S1.);
#3123 = B_SPLINE_CURVE_WITH_KNOTS('',2,(#3124,#3125,#3126),
  .UNSPECIFIED.,.F.,.F.,(3,3),(0.,1.),.PIECEWISE_BEZIER_KNOTS.);
#3124 = CARTESIAN_POINT('',(23.654150390625,11.,-1.346435546875));
#3125 = CARTESIAN_POINT('',(23.944677734375,11.,-1.712646484375));
#3126 = CARTESIAN_POINT('',(24.464697265625,11.,-1.712646484375));
#3127 = PCURVE('',#886,#3128);
#3128 = DEFINITIONAL_REPRESENTATION('',(#3129),#3133);
#3129 = B_SPLINE_CURVE_WITH_KNOTS('',2,(#3130,#3131,#3132),
  .UNSPECIFIED.,.F.,.F.,(3,3),(0.,1.),.PIECEWISE_BEZIER_KNOTS.);
#3130 = CARTESIAN_POINT('',(5.653564453125,19.654150390625));
#3131 = CARTESIAN_POINT('',(5.287353515625,19.944677734375));
#3132 = CARTESIAN_POINT('',(5.287353515625,20.464697265625));
#3133 = ( GEOMETRIC_REPRESENTATION_CONTEXT(2) 
PARAMETRIC_REPRESENTATION_CONTEXT() REPRESENTATION_CONTEXT('2D SPACE',''
  ) );
#3134 = PCURVE('',#3135,#3142);
#3135 = SURFACE_OF_LINEAR_EXTRUSION('',#3136,#3140);
#3136 = B_SPLINE_CURVE_WITH_KNOTS('',2,(#3137,#3138,#3139),
  .UNSPECIFIED.,.F.,.F.,(3,3),(0.,1.),.PIECEWISE_BEZIER_KNOTS.);
#3137 = CARTESIAN_POINT('',(23.654150390625,11.,-1.346435546875));
#3138 = CARTESIAN_POINT('',(23.944677734375,11.,-1.712646484375));
#3139 = CARTESIAN_POINT('',(24.464697265625,11.,-1.712646484375));
#3140 = VECTOR('',#3141,1.);
#3141 = DIRECTION('',(0.,1.,0.));
#3142 = DEFINITIONAL_REPRESENTATION('',(#3143),#3147);
#3143 = LINE('',#3144,#3145);
#3144 = CARTESIAN_POINT('',(0.,0.));
#3145 = VECTOR('',#3146,1.);
#3146 = DIRECTION('',(1.,0.));
#3147 = ( GEOMETRIC_REPRESENTATION_CONTEXT(2) 
PARAMETRIC_REPRESENTATION_CONTEXT() REPRESENTATION_CONTEXT('2D SPACE',''
  ) );
#3148 = ORIENTED_EDGE('',*,*,#3149,.T.);
#3149 = EDGE_CURVE('',#3120,#3150,#3152,.T.);
#3150 = VERTEX_POINT('',#3151);
#3151 = CARTESIAN_POINT('',(25.306982421875,11.,-1.31103515625));
#3152 = SURFACE_CURVE('',#3153,(#3157,#3164),.PCURVE_S1.);
#3153 = B_SPLINE_CURVE_WITH_KNOTS('',2,(#3154,#3155,#3156),
  .UNSPECIFIED.,.F.,.F.,(3,3),(0.,1.),.PIECEWISE_BEZIER_KNOTS.);
#3154 = CARTESIAN_POINT('',(24.464697265625,11.,-1.712646484375));
#3155 = CARTESIAN_POINT('',(24.987158203125,11.,-1.712646484375));
#3156 = CARTESIAN_POINT('',(25.306982421875,11.,-1.31103515625));
#3157 = PCURVE('',#886,#3158);
#3158 = DEFINITIONAL_REPRESENTATION('',(#3159),#3163);
#3159 = B_SPLINE_CURVE_WITH_KNOTS('',2,(#3160,#3161,#3162),
  .UNSPECIFIED.,.F.,.F.,(3,3),(0.,1.),.PIECEWISE_BEZIER_KNOTS.);
#3160 = CARTESIAN_POINT('',(5.287353515625,20.464697265625));
#3161 = CARTESIAN_POINT('',(5.287353515625,20.987158203125));
#3162 = CARTESIAN_POINT('',(5.68896484375,21.306982421875));
#3163 = ( GEOMETRIC_REPRESENTATION_CONTEXT(2) 
PARAMETRIC_REPRESENTATION_CONTEXT() REPRESENTATION_CONTEXT('2D SPACE',''
  ) );
#3164 = PCURVE('',#3165,#3172);
#3165 = SURFACE_OF_LINEAR_EXTRUSION('',#3166,#3170);
#3166 = B_SPLINE_CURVE_WITH_KNOTS('',2,(#3167,#3168,#3169),
  .UNSPECIFIED.,.F.,.F.,(3,3),(0.,1.),.PIECEWISE_BEZIER_KNOTS.);
#3167 = CARTESIAN_POINT('',(24.464697265625,11.,-1.712646484375));
#3168 = CARTESIAN_POINT('',(24.987158203125,11.,-1.712646484375));
#3169 = CARTESIAN_POINT('',(25.306982421875,11.,-1.31103515625));
#3170 = VECTOR('',#3171,1.);
#3171 = DIRECTION('',(0.,1.,0.));
#3172 = DEFINITIONAL_REPRESENTATION('',(#3173),#3177);
#3173 = LINE('',#3174,#3175);
#3174 = CARTESIAN_POINT('',(0.,0.));
#3175 = VECTOR('',#3176,1.);
#3176 = DIRECTION('',(1.,0.));
#3177 = ( GEOMETRIC_REPRESENTATION_CONTEXT(2) 
PARAMETRIC_REPRESENTATION_CONTEXT() REPRESENTATION_CONTEXT('2D SPACE',''
  ) );
#3178 = ORIENTED_EDGE('',*,*,#3179,.T.);
#3179 = EDGE_CURVE('',#3150,#3180,#3182,.T.);
#3180 = VERTEX_POINT('',#3181);
#3181 = CARTESIAN_POINT('',(25.626806640625,11.,0.120849609375));
#3182 = SURFACE_CURVE('',#3183,(#3187,#3194),.PCURVE_S1.);
#3183 = B_SPLINE_CURVE_WITH_KNOTS('',2,(#3184,#3185,#3186),
  .UNSPECIFIED.,.F.,.F.,(3,3),(0.,1.),.PIECEWISE_BEZIER_KNOTS.);
#3184 = CARTESIAN_POINT('',(25.306982421875,11.,-1.31103515625));
#3185 = CARTESIAN_POINT('',(25.626806640625,11.,-0.909423828125));
#3186 = CARTESIAN_POINT('',(25.626806640625,11.,0.120849609375));
#3187 = PCURVE('',#886,#3188);
#3188 = DEFINITIONAL_REPRESENTATION('',(#3189),#3193);
#3189 = B_SPLINE_CURVE_WITH_KNOTS('',2,(#3190,#3191,#3192),
  .UNSPECIFIED.,.F.,.F.,(3,3),(0.,1.),.PIECEWISE_BEZIER_KNOTS.);
#3190 = CARTESIAN_POINT('',(5.68896484375,21.306982421875));
#3191 = CARTESIAN_POINT('',(6.090576171875,21.626806640625));
#3192 = CARTESIAN_POINT('',(7.120849609375,21.626806640625));
#3193 = ( GEOMETRIC_REPRESENTATION_CONTEXT(2) 
PARAMETRIC_REPRESENTATION_CONTEXT() REPRESENTATION_CONTEXT('2D SPACE',''
  ) );
#3194 = PCURVE('',#3195,#3202);
#3195 = SURFACE_OF_LINEAR_EXTRUSION('',#3196,#3200);
#3196 = B_SPLINE_CURVE_WITH_KNOTS('',2,(#3197,#3198,#3199),
  .UNSPECIFIED.,.F.,.F.,(3,3),(0.,1.),.PIECEWISE_BEZIER_KNOTS.);
#3197 = CARTESIAN_POINT('',(25.306982421875,11.,-1.31103515625));
#3198 = CARTESIAN_POINT('',(25.626806640625,11.,-0.909423828125));
#3199 = CARTESIAN_POINT('',(25.626806640625,11.,0.120849609375));
#3200 = VECTOR('',#3201,1.);
#3201 = DIRECTION('',(0.,1.,0.));
#3202 = DEFINITIONAL_REPRESENTATION('',(#3203),#3207);
#3203 = LINE('',#3204,#3205);
#3204 = CARTESIAN_POINT('',(0.,0.));
#3205 = VECTOR('',#3206,1.);
#3206 = DIRECTION('',(1.,0.));
#3207 = ( GEOMETRIC_REPRESENTATION_CONTEXT(2) 
PARAMETRIC_REPRESENTATION_CONTEXT() REPRESENTATION_CONTEXT('2D SPACE',''
  ) );
#3208 = ORIENTED_EDGE('',*,*,#3209,.T.);
#3209 = EDGE_CURVE('',#3180,#2998,#3210,.T.);
#3210 = SURFACE_CURVE('',#3211,(#3215,#3222),.PCURVE_S1.);
#3211 = B_SPLINE_CURVE_WITH_KNOTS('',2,(#3212,#3213,#3214),
  .UNSPECIFIED.,.F.,.F.,(3,3),(0.,1.),.PIECEWISE_BEZIER_KNOTS.);
#3212 = CARTESIAN_POINT('',(25.626806640625,11.,0.120849609375));
#3213 = CARTESIAN_POINT('',(25.626806640625,11.,1.131591796875));
#3214 = CARTESIAN_POINT('',(25.275244140625,11.,1.575927734375));
#3215 = PCURVE('',#886,#3216);
#3216 = DEFINITIONAL_REPRESENTATION('',(#3217),#3221);
#3217 = B_SPLINE_CURVE_WITH_KNOTS('',2,(#3218,#3219,#3220),
  .UNSPECIFIED.,.F.,.F.,(3,3),(0.,1.),.PIECEWISE_BEZIER_KNOTS.);
#3218 = CARTESIAN_POINT('',(7.120849609375,21.626806640625));
#3219 = CARTESIAN_POINT('',(8.131591796875,21.626806640625));
#3220 = CARTESIAN_POINT('',(8.575927734375,21.275244140625));
#3221 = ( GEOMETRIC_REPRESENTATION_CONTEXT(2) 
PARAMETRIC_REPRESENTATION_CONTEXT() REPRESENTATION_CONTEXT('2D SPACE',''
  ) );
#3222 = PCURVE('',#3223,#3230);
#3223 = SURFACE_OF_LINEAR_EXTRUSION('',#3224,#3228);
#3224 = B_SPLINE_CURVE_WITH_KNOTS('',2,(#3225,#3226,#3227),
  .UNSPECIFIED.,.F.,.F.,(3,3),(0.,1.),.PIECEWISE_BEZIER_KNOTS.);
#3225 = CARTESIAN_POINT('',(25.626806640625,11.,0.120849609375));
#3226 = CARTESIAN_POINT('',(25.626806640625,11.,1.131591796875));
#3227 = CARTESIAN_POINT('',(25.275244140625,11.,1.575927734375));
#3228 = VECTOR('',#3229,1.);
#3229 = DIRECTION('',(0.,1.,0.));
#3230 = DEFINITIONAL_REPRESENTATION('',(#3231),#3235);
#3231 = LINE('',#3232,#3233);
#3232 = CARTESIAN_POINT('',(0.,0.));
#3233 = VECTOR('',#3234,1.);
#3234 = DIRECTION('',(1.,0.));
#3235 = ( GEOMETRIC_REPRESENTATION_CONTEXT(2) 
PARAMETRIC_REPRESENTATION_CONTEXT() REPRESENTATION_CONTEXT('2D SPACE',''
  ) );
#3236 = FACE_BOUND('',#3237,.T.);
#3237 = EDGE_LOOP('',(#3238,#3268,#3296,#3324,#3352,#3382,#3410,#3440));
#3238 = ORIENTED_EDGE('',*,*,#3239,.T.);
#3239 = EDGE_CURVE('',#3240,#3242,#3244,.T.);
#3240 = VERTEX_POINT('',#3241);
#3241 = CARTESIAN_POINT('',(27.206396484375,11.,1.942138671875));
#3242 = VERTEX_POINT('',#3243);
#3243 = CARTESIAN_POINT('',(26.649755859375,11.,1.942138671875));
#3244 = SURFACE_CURVE('',#3245,(#3249,#3256),.PCURVE_S1.);
#3245 = LINE('',#3246,#3247);
#3246 = CARTESIAN_POINT('',(27.206396484375,11.,1.942138671875));
#3247 = VECTOR('',#3248,1.);
#3248 = DIRECTION('',(-1.,0.,0.));
#3249 = PCURVE('',#886,#3250);
#3250 = DEFINITIONAL_REPRESENTATION('',(#3251),#3255);
#3251 = LINE('',#3252,#3253);
#3252 = CARTESIAN_POINT('',(8.942138671875,23.206396484375));
#3253 = VECTOR('',#3254,1.);
#3254 = DIRECTION('',(0.,-1.));
#3255 = ( GEOMETRIC_REPRESENTATION_CONTEXT(2) 
PARAMETRIC_REPRESENTATION_CONTEXT() REPRESENTATION_CONTEXT('2D SPACE',''
  ) );
#3256 = PCURVE('',#3257,#3262);
#3257 = PLANE('',#3258);
#3258 = AXIS2_PLACEMENT_3D('',#3259,#3260,#3261);
#3259 = CARTESIAN_POINT('',(27.206396484375,11.,1.942138671875));
#3260 = DIRECTION('',(0.,0.,-1.));
#3261 = DIRECTION('',(-1.,0.,0.));
#3262 = DEFINITIONAL_REPRESENTATION('',(#3263),#3267);
#3263 = LINE('',#3264,#3265);
#3264 = CARTESIAN_POINT('',(0.,0.));
#3265 = VECTOR('',#3266,1.);
#3266 = DIRECTION('',(1.,0.));
#3267 = ( GEOMETRIC_REPRESENTATION_CONTEXT(2) 
PARAMETRIC_REPRESENTATION_CONTEXT() REPRESENTATION_CONTEXT('2D SPACE',''
  ) );
#3268 = ORIENTED_EDGE('',*,*,#3269,.T.);
#3269 = EDGE_CURVE('',#3242,#3270,#3272,.T.);
#3270 = VERTEX_POINT('',#3271);
#3271 = CARTESIAN_POINT('',(26.649755859375,11.,-1.651611328125));
#3272 = SURFACE_CURVE('',#3273,(#3277,#3284),.PCURVE_S1.);
#3273 = LINE('',#3274,#3275);
#3274 = CARTESIAN_POINT('',(26.649755859375,11.,1.942138671875));
#3275 = VECTOR('',#3276,1.);
#3276 = DIRECTION('',(-0.,0.,-1.));
#3277 = PCURVE('',#886,#3278);
#3278 = DEFINITIONAL_REPRESENTATION('',(#3279),#3283);
#3279 = LINE('',#3280,#3281);
#3280 = CARTESIAN_POINT('',(8.942138671875,22.649755859375));
#3281 = VECTOR('',#3282,1.);
#3282 = DIRECTION('',(-1.,0.));
#3283 = ( GEOMETRIC_REPRESENTATION_CONTEXT(2) 
PARAMETRIC_REPRESENTATION_CONTEXT() REPRESENTATION_CONTEXT('2D SPACE',''
  ) );
#3284 = PCURVE('',#3285,#3290);
#3285 = PLANE('',#3286);
#3286 = AXIS2_PLACEMENT_3D('',#3287,#3288,#3289);
#3287 = CARTESIAN_POINT('',(26.649755859375,11.,1.942138671875));
#3288 = DIRECTION('',(1.,0.,0.));
#3289 = DIRECTION('',(0.,0.,-1.));
#3290 = DEFINITIONAL_REPRESENTATION('',(#3291),#3295);
#3291 = LINE('',#3292,#3293);
#3292 = CARTESIAN_POINT('',(0.,0.));
#3293 = VECTOR('',#3294,1.);
#3294 = DIRECTION('',(1.,0.));
#3295 = ( GEOMETRIC_REPRESENTATION_CONTEXT(2) 
PARAMETRIC_REPRESENTATION_CONTEXT() REPRESENTATION_CONTEXT('2D SPACE',''
  ) );
#3296 = ORIENTED_EDGE('',*,*,#3297,.T.);
#3297 = EDGE_CURVE('',#3270,#3298,#3300,.T.);
#3298 = VERTEX_POINT('',#3299);
#3299 = CARTESIAN_POINT('',(27.335791015625,11.,-1.651611328125));
#3300 = SURFACE_CURVE('',#3301,(#3305,#3312),.PCURVE_S1.);
#3301 = LINE('',#3302,#3303);
#3302 = CARTESIAN_POINT('',(26.649755859375,11.,-1.651611328125));
#3303 = VECTOR('',#3304,1.);
#3304 = DIRECTION('',(1.,0.,0.));
#3305 = PCURVE('',#886,#3306);
#3306 = DEFINITIONAL_REPRESENTATION('',(#3307),#3311);
#3307 = LINE('',#3308,#3309);
#3308 = CARTESIAN_POINT('',(5.348388671875,22.649755859375));
#3309 = VECTOR('',#3310,1.);
#3310 = DIRECTION('',(0.,1.));
#3311 = ( GEOMETRIC_REPRESENTATION_CONTEXT(2) 
PARAMETRIC_REPRESENTATION_CONTEXT() REPRESENTATION_CONTEXT('2D SPACE',''
  ) );
#3312 = PCURVE('',#3313,#3318);
#3313 = PLANE('',#3314);
#3314 = AXIS2_PLACEMENT_3D('',#3315,#3316,#3317);
#3315 = CARTESIAN_POINT('',(26.649755859375,11.,-1.651611328125));
#3316 = DIRECTION('',(0.,0.,1.));
#3317 = DIRECTION('',(1.,0.,0.));
#3318 = DEFINITIONAL_REPRESENTATION('',(#3319),#3323);
#3319 = LINE('',#3320,#3321);
#3320 = CARTESIAN_POINT('',(0.,0.));
#3321 = VECTOR('',#3322,1.);
#3322 = DIRECTION('',(1.,0.));
#3323 = ( GEOMETRIC_REPRESENTATION_CONTEXT(2) 
PARAMETRIC_REPRESENTATION_CONTEXT() REPRESENTATION_CONTEXT('2D SPACE',''
  ) );
#3324 = ORIENTED_EDGE('',*,*,#3325,.T.);
#3325 = EDGE_CURVE('',#3298,#3326,#3328,.T.);
#3326 = VERTEX_POINT('',#3327);
#3327 = CARTESIAN_POINT('',(27.335791015625,11.,0.933837890625));
#3328 = SURFACE_CURVE('',#3329,(#3333,#3340),.PCURVE_S1.);
#3329 = LINE('',#3330,#3331);
#3330 = CARTESIAN_POINT('',(27.335791015625,11.,-1.651611328125));
#3331 = VECTOR('',#3332,1.);
#3332 = DIRECTION('',(0.,0.,1.));
#3333 = PCURVE('',#886,#3334);
#3334 = DEFINITIONAL_REPRESENTATION('',(#3335),#3339);
#3335 = LINE('',#3336,#3337);
#3336 = CARTESIAN_POINT('',(5.348388671875,23.335791015625));
#3337 = VECTOR('',#3338,1.);
#3338 = DIRECTION('',(1.,0.));
#3339 = ( GEOMETRIC_REPRESENTATION_CONTEXT(2) 
PARAMETRIC_REPRESENTATION_CONTEXT() REPRESENTATION_CONTEXT('2D SPACE',''
  ) );
#3340 = PCURVE('',#3341,#3346);
#3341 = PLANE('',#3342);
#3342 = AXIS2_PLACEMENT_3D('',#3343,#3344,#3345);
#3343 = CARTESIAN_POINT('',(27.335791015625,11.,-1.651611328125));
#3344 = DIRECTION('',(-1.,0.,0.));
#3345 = DIRECTION('',(0.,0.,1.));
#3346 = DEFINITIONAL_REPRESENTATION('',(#3347),#3351);
#3347 = LINE('',#3348,#3349);
#3348 = CARTESIAN_POINT('',(0.,0.));
#3349 = VECTOR('',#3350,1.);
#3350 = DIRECTION('',(1.,0.));
#3351 = ( GEOMETRIC_REPRESENTATION_CONTEXT(2) 
PARAMETRIC_REPRESENTATION_CONTEXT() REPRESENTATION_CONTEXT('2D SPACE',''
  ) );
#3352 = ORIENTED_EDGE('',*,*,#3353,.T.);
#3353 = EDGE_CURVE('',#3326,#3354,#3356,.T.);
#3354 = VERTEX_POINT('',#3355);
#3355 = CARTESIAN_POINT('',(28.222021484375,11.,0.413818359375));
#3356 = SURFACE_CURVE('',#3357,(#3361,#3368),.PCURVE_S1.);
#3357 = B_SPLINE_CURVE_WITH_KNOTS('',2,(#3358,#3359,#3360),
  .UNSPECIFIED.,.F.,.F.,(3,3),(0.,1.),.PIECEWISE_BEZIER_KNOTS.);
#3358 = CARTESIAN_POINT('',(27.335791015625,11.,0.933837890625));
#3359 = CARTESIAN_POINT('',(27.711767578125,11.,0.582275390625));
#3360 = CARTESIAN_POINT('',(28.222021484375,11.,0.413818359375));
#3361 = PCURVE('',#886,#3362);
#3362 = DEFINITIONAL_REPRESENTATION('',(#3363),#3367);
#3363 = B_SPLINE_CURVE_WITH_KNOTS('',2,(#3364,#3365,#3366),
  .UNSPECIFIED.,.F.,.F.,(3,3),(0.,1.),.PIECEWISE_BEZIER_KNOTS.);
#3364 = CARTESIAN_POINT('',(7.933837890625,23.335791015625));
#3365 = CARTESIAN_POINT('',(7.582275390625,23.711767578125));
#3366 = CARTESIAN_POINT('',(7.413818359375,24.222021484375));
#3367 = ( GEOMETRIC_REPRESENTATION_CONTEXT(2) 
PARAMETRIC_REPRESENTATION_CONTEXT() REPRESENTATION_CONTEXT('2D SPACE',''
  ) );
#3368 = PCURVE('',#3369,#3376);
#3369 = SURFACE_OF_LINEAR_EXTRUSION('',#3370,#3374);
#3370 = B_SPLINE_CURVE_WITH_KNOTS('',2,(#3371,#3372,#3373),
  .UNSPECIFIED.,.F.,.F.,(3,3),(0.,1.),.PIECEWISE_BEZIER_KNOTS.);
#3371 = CARTESIAN_POINT('',(27.335791015625,11.,0.933837890625));
#3372 = CARTESIAN_POINT('',(27.711767578125,11.,0.582275390625));
#3373 = CARTESIAN_POINT('',(28.222021484375,11.,0.413818359375));
#3374 = VECTOR('',#3375,1.);
#3375 = DIRECTION('',(0.,1.,0.));
#3376 = DEFINITIONAL_REPRESENTATION('',(#3377),#3381);
#3377 = LINE('',#3378,#3379);
#3378 = CARTESIAN_POINT('',(0.,0.));
#3379 = VECTOR('',#3380,1.);
#3380 = DIRECTION('',(1.,0.));
#3381 = ( GEOMETRIC_REPRESENTATION_CONTEXT(2) 
PARAMETRIC_REPRESENTATION_CONTEXT() REPRESENTATION_CONTEXT('2D SPACE',''
  ) );
#3382 = ORIENTED_EDGE('',*,*,#3383,.T.);
#3383 = EDGE_CURVE('',#3354,#3384,#3386,.T.);
#3384 = VERTEX_POINT('',#3385);
#3385 = CARTESIAN_POINT('',(28.222021484375,11.,1.036376953125));
#3386 = SURFACE_CURVE('',#3387,(#3391,#3398),.PCURVE_S1.);
#3387 = LINE('',#3388,#3389);
#3388 = CARTESIAN_POINT('',(28.222021484375,11.,0.413818359375));
#3389 = VECTOR('',#3390,1.);
#3390 = DIRECTION('',(0.,0.,1.));
#3391 = PCURVE('',#886,#3392);
#3392 = DEFINITIONAL_REPRESENTATION('',(#3393),#3397);
#3393 = LINE('',#3394,#3395);
#3394 = CARTESIAN_POINT('',(7.413818359375,24.222021484375));
#3395 = VECTOR('',#3396,1.);
#3396 = DIRECTION('',(1.,0.));
#3397 = ( GEOMETRIC_REPRESENTATION_CONTEXT(2) 
PARAMETRIC_REPRESENTATION_CONTEXT() REPRESENTATION_CONTEXT('2D SPACE',''
  ) );
#3398 = PCURVE('',#3399,#3404);
#3399 = PLANE('',#3400);
#3400 = AXIS2_PLACEMENT_3D('',#3401,#3402,#3403);
#3401 = CARTESIAN_POINT('',(28.222021484375,11.,0.413818359375));
#3402 = DIRECTION('',(-1.,0.,0.));
#3403 = DIRECTION('',(0.,0.,1.));
#3404 = DEFINITIONAL_REPRESENTATION('',(#3405),#3409);
#3405 = LINE('',#3406,#3407);
#3406 = CARTESIAN_POINT('',(0.,0.));
#3407 = VECTOR('',#3408,1.);
#3408 = DIRECTION('',(1.,0.));
#3409 = ( GEOMETRIC_REPRESENTATION_CONTEXT(2) 
PARAMETRIC_REPRESENTATION_CONTEXT() REPRESENTATION_CONTEXT('2D SPACE',''
  ) );
#3410 = ORIENTED_EDGE('',*,*,#3411,.T.);
#3411 = EDGE_CURVE('',#3384,#3412,#3414,.T.);
#3412 = VERTEX_POINT('',#3413);
#3413 = CARTESIAN_POINT('',(27.638525390625,11.,1.36962890625));
#3414 = SURFACE_CURVE('',#3415,(#3419,#3426),.PCURVE_S1.);
#3415 = B_SPLINE_CURVE_WITH_KNOTS('',2,(#3416,#3417,#3418),
  .UNSPECIFIED.,.F.,.F.,(3,3),(0.,1.),.PIECEWISE_BEZIER_KNOTS.);
#3416 = CARTESIAN_POINT('',(28.222021484375,11.,1.036376953125));
#3417 = CARTESIAN_POINT('',(27.953466796875,11.,1.124267578125));
#3418 = CARTESIAN_POINT('',(27.638525390625,11.,1.36962890625));
#3419 = PCURVE('',#886,#3420);
#3420 = DEFINITIONAL_REPRESENTATION('',(#3421),#3425);
#3421 = B_SPLINE_CURVE_WITH_KNOTS('',2,(#3422,#3423,#3424),
  .UNSPECIFIED.,.F.,.F.,(3,3),(0.,1.),.PIECEWISE_BEZIER_KNOTS.);
#3422 = CARTESIAN_POINT('',(8.036376953125,24.222021484375));
#3423 = CARTESIAN_POINT('',(8.124267578125,23.953466796875));
#3424 = CARTESIAN_POINT('',(8.36962890625,23.638525390625));
#3425 = ( GEOMETRIC_REPRESENTATION_CONTEXT(2) 
PARAMETRIC_REPRESENTATION_CONTEXT() REPRESENTATION_CONTEXT('2D SPACE',''
  ) );
#3426 = PCURVE('',#3427,#3434);
#3427 = SURFACE_OF_LINEAR_EXTRUSION('',#3428,#3432);
#3428 = B_SPLINE_CURVE_WITH_KNOTS('',2,(#3429,#3430,#3431),
  .UNSPECIFIED.,.F.,.F.,(3,3),(0.,1.),.PIECEWISE_BEZIER_KNOTS.);
#3429 = CARTESIAN_POINT('',(28.222021484375,11.,1.036376953125));
#3430 = CARTESIAN_POINT('',(27.953466796875,11.,1.124267578125));
#3431 = CARTESIAN_POINT('',(27.638525390625,11.,1.36962890625));
#3432 = VECTOR('',#3433,1.);
#3433 = DIRECTION('',(0.,1.,0.));
#3434 = DEFINITIONAL_REPRESENTATION('',(#3435),#3439);
#3435 = LINE('',#3436,#3437);
#3436 = CARTESIAN_POINT('',(0.,0.));
#3437 = VECTOR('',#3438,1.);
#3438 = DIRECTION('',(1.,0.));
#3439 = ( GEOMETRIC_REPRESENTATION_CONTEXT(2) 
PARAMETRIC_REPRESENTATION_CONTEXT() REPRESENTATION_CONTEXT('2D SPACE',''
  ) );
#3440 = ORIENTED_EDGE('',*,*,#3441,.T.);
#3441 = EDGE_CURVE('',#3412,#3240,#3442,.T.);
#3442 = SURFACE_CURVE('',#3443,(#3447,#3454),.PCURVE_S1.);
#3443 = B_SPLINE_CURVE_WITH_KNOTS('',2,(#3444,#3445,#3446),
  .UNSPECIFIED.,.F.,.F.,(3,3),(0.,1.),.PIECEWISE_BEZIER_KNOTS.);
#3444 = CARTESIAN_POINT('',(27.638525390625,11.,1.36962890625));
#3445 = CARTESIAN_POINT('',(27.323583984375,11.,1.614990234375));
#3446 = CARTESIAN_POINT('',(27.206396484375,11.,1.942138671875));
#3447 = PCURVE('',#886,#3448);
#3448 = DEFINITIONAL_REPRESENTATION('',(#3449),#3453);
#3449 = B_SPLINE_CURVE_WITH_KNOTS('',2,(#3450,#3451,#3452),
  .UNSPECIFIED.,.F.,.F.,(3,3),(0.,1.),.PIECEWISE_BEZIER_KNOTS.);
#3450 = CARTESIAN_POINT('',(8.36962890625,23.638525390625));
#3451 = CARTESIAN_POINT('',(8.614990234375,23.323583984375));
#3452 = CARTESIAN_POINT('',(8.942138671875,23.206396484375));
#3453 = ( GEOMETRIC_REPRESENTATION_CONTEXT(2) 
PARAMETRIC_REPRESENTATION_CONTEXT() REPRESENTATION_CONTEXT('2D SPACE',''
  ) );
#3454 = PCURVE('',#3455,#3462);
#3455 = SURFACE_OF_LINEAR_EXTRUSION('',#3456,#3460);
#3456 = B_SPLINE_CURVE_WITH_KNOTS('',2,(#3457,#3458,#3459),
  .UNSPECIFIED.,.F.,.F.,(3,3),(0.,1.),.PIECEWISE_BEZIER_KNOTS.);
#3457 = CARTESIAN_POINT('',(27.638525390625,11.,1.36962890625));
#3458 = CARTESIAN_POINT('',(27.323583984375,11.,1.614990234375));
#3459 = CARTESIAN_POINT('',(27.206396484375,11.,1.942138671875));
#3460 = VECTOR('',#3461,1.);
#3461 = DIRECTION('',(0.,1.,0.));
#3462 = DEFINITIONAL_REPRESENTATION('',(#3463),#3467);
#3463 = LINE('',#3464,#3465);
#3464 = CARTESIAN_POINT('',(0.,0.));
#3465 = VECTOR('',#3466,1.);
#3466 = DIRECTION('',(1.,0.));
#3467 = ( GEOMETRIC_REPRESENTATION_CONTEXT(2) 
PARAMETRIC_REPRESENTATION_CONTEXT() REPRESENTATION_CONTEXT('2D SPACE',''
  ) );
#3468 = FACE_BOUND('',#3469,.T.);
#3469 = EDGE_LOOP('',(#3470,#3500,#3528,#3556));
#3470 = ORIENTED_EDGE('',*,*,#3471,.T.);
#3471 = EDGE_CURVE('',#3472,#3474,#3476,.T.);
#3472 = VERTEX_POINT('',#3473);
#3473 = CARTESIAN_POINT('',(28.654150390625,11.,-1.0986328125E-02));
#3474 = VERTEX_POINT('',#3475);
#3475 = CARTESIAN_POINT('',(28.654150390625,11.,-0.697021484375));
#3476 = SURFACE_CURVE('',#3477,(#3481,#3488),.PCURVE_S1.);
#3477 = LINE('',#3478,#3479);
#3478 = CARTESIAN_POINT('',(28.654150390625,11.,-1.0986328125E-02));
#3479 = VECTOR('',#3480,1.);
#3480 = DIRECTION('',(-0.,0.,-1.));
#3481 = PCURVE('',#886,#3482);
#3482 = DEFINITIONAL_REPRESENTATION('',(#3483),#3487);
#3483 = LINE('',#3484,#3485);
#3484 = CARTESIAN_POINT('',(6.989013671875,24.654150390625));
#3485 = VECTOR('',#3486,1.);
#3486 = DIRECTION('',(-1.,0.));
#3487 = ( GEOMETRIC_REPRESENTATION_CONTEXT(2) 
PARAMETRIC_REPRESENTATION_CONTEXT() REPRESENTATION_CONTEXT('2D SPACE',''
  ) );
#3488 = PCURVE('',#3489,#3494);
#3489 = PLANE('',#3490);
#3490 = AXIS2_PLACEMENT_3D('',#3491,#3492,#3493);
#3491 = CARTESIAN_POINT('',(28.654150390625,11.,-1.0986328125E-02));
#3492 = DIRECTION('',(1.,0.,0.));
#3493 = DIRECTION('',(0.,0.,-1.));
#3494 = DEFINITIONAL_REPRESENTATION('',(#3495),#3499);
#3495 = LINE('',#3496,#3497);
#3496 = CARTESIAN_POINT('',(0.,0.));
#3497 = VECTOR('',#3498,1.);
#3498 = DIRECTION('',(1.,0.));
#3499 = ( GEOMETRIC_REPRESENTATION_CONTEXT(2) 
PARAMETRIC_REPRESENTATION_CONTEXT() REPRESENTATION_CONTEXT('2D SPACE',''
  ) );
#3500 = ORIENTED_EDGE('',*,*,#3501,.T.);
#3501 = EDGE_CURVE('',#3474,#3502,#3504,.T.);
#3502 = VERTEX_POINT('',#3503);
#3503 = CARTESIAN_POINT('',(30.001806640625,11.,-0.697021484375));
#3504 = SURFACE_CURVE('',#3505,(#3509,#3516),.PCURVE_S1.);
#3505 = LINE('',#3506,#3507);
#3506 = CARTESIAN_POINT('',(28.654150390625,11.,-0.697021484375));
#3507 = VECTOR('',#3508,1.);
#3508 = DIRECTION('',(1.,0.,0.));
#3509 = PCURVE('',#886,#3510);
#3510 = DEFINITIONAL_REPRESENTATION('',(#3511),#3515);
#3511 = LINE('',#3512,#3513);
#3512 = CARTESIAN_POINT('',(6.302978515625,24.654150390625));
#3513 = VECTOR('',#3514,1.);
#3514 = DIRECTION('',(0.,1.));
#3515 = ( GEOMETRIC_REPRESENTATION_CONTEXT(2) 
PARAMETRIC_REPRESENTATION_CONTEXT() REPRESENTATION_CONTEXT('2D SPACE',''
  ) );
#3516 = PCURVE('',#3517,#3522);
#3517 = PLANE('',#3518);
#3518 = AXIS2_PLACEMENT_3D('',#3519,#3520,#3521);
#3519 = CARTESIAN_POINT('',(28.654150390625,11.,-0.697021484375));
#3520 = DIRECTION('',(0.,0.,1.));
#3521 = DIRECTION('',(1.,0.,0.));
#3522 = DEFINITIONAL_REPRESENTATION('',(#3523),#3527);
#3523 = LINE('',#3524,#3525);
#3524 = CARTESIAN_POINT('',(0.,0.));
#3525 = VECTOR('',#3526,1.);
#3526 = DIRECTION('',(1.,0.));
#3527 = ( GEOMETRIC_REPRESENTATION_CONTEXT(2) 
PARAMETRIC_REPRESENTATION_CONTEXT() REPRESENTATION_CONTEXT('2D SPACE',''
  ) );
#3528 = ORIENTED_EDGE('',*,*,#3529,.T.);
#3529 = EDGE_CURVE('',#3502,#3530,#3532,.T.);
#3530 = VERTEX_POINT('',#3531);
#3531 = CARTESIAN_POINT('',(30.001806640625,11.,-1.0986328125E-02));
#3532 = SURFACE_CURVE('',#3533,(#3537,#3544),.PCURVE_S1.);
#3533 = LINE('',#3534,#3535);
#3534 = CARTESIAN_POINT('',(30.001806640625,11.,-0.697021484375));
#3535 = VECTOR('',#3536,1.);
#3536 = DIRECTION('',(0.,0.,1.));
#3537 = PCURVE('',#886,#3538);
#3538 = DEFINITIONAL_REPRESENTATION('',(#3539),#3543);
#3539 = LINE('',#3540,#3541);
#3540 = CARTESIAN_POINT('',(6.302978515625,26.001806640625));
#3541 = VECTOR('',#3542,1.);
#3542 = DIRECTION('',(1.,0.));
#3543 = ( GEOMETRIC_REPRESENTATION_CONTEXT(2) 
PARAMETRIC_REPRESENTATION_CONTEXT() REPRESENTATION_CONTEXT('2D SPACE',''
  ) );
#3544 = PCURVE('',#3545,#3550);
#3545 = PLANE('',#3546);
#3546 = AXIS2_PLACEMENT_3D('',#3547,#3548,#3549);
#3547 = CARTESIAN_POINT('',(30.001806640625,11.,-0.697021484375));
#3548 = DIRECTION('',(-1.,0.,0.));
#3549 = DIRECTION('',(0.,0.,1.));
#3550 = DEFINITIONAL_REPRESENTATION('',(#3551),#3555);
#3551 = LINE('',#3552,#3553);
#3552 = CARTESIAN_POINT('',(0.,0.));
#3553 = VECTOR('',#3554,1.);
#3554 = DIRECTION('',(1.,0.));
#3555 = ( GEOMETRIC_REPRESENTATION_CONTEXT(2) 
PARAMETRIC_REPRESENTATION_CONTEXT() REPRESENTATION_CONTEXT('2D SPACE',''
  ) );
#3556 = ORIENTED_EDGE('',*,*,#3557,.T.);
#3557 = EDGE_CURVE('',#3530,#3472,#3558,.T.);
#3558 = SURFACE_CURVE('',#3559,(#3563,#3570),.PCURVE_S1.);
#3559 = LINE('',#3560,#3561);
#3560 = CARTESIAN_POINT('',(30.001806640625,11.,-1.0986328125E-02));
#3561 = VECTOR('',#3562,1.);
#3562 = DIRECTION('',(-1.,0.,0.));
#3563 = PCURVE('',#886,#3564);
#3564 = DEFINITIONAL_REPRESENTATION('',(#3565),#3569);
#3565 = LINE('',#3566,#3567);
#3566 = CARTESIAN_POINT('',(6.989013671875,26.001806640625));
#3567 = VECTOR('',#3568,1.);
#3568 = DIRECTION('',(0.,-1.));
#3569 = ( GEOMETRIC_REPRESENTATION_CONTEXT(2) 
PARAMETRIC_REPRESENTATION_CONTEXT() REPRESENTATION_CONTEXT('2D SPACE',''
  ) );
#3570 = PCURVE('',#3571,#3576);
#3571 = PLANE('',#3572);
#3572 = AXIS2_PLACEMENT_3D('',#3573,#3574,#3575);
#3573 = CARTESIAN_POINT('',(30.001806640625,11.,-1.0986328125E-02));
#3574 = DIRECTION('',(0.,0.,-1.));
#3575 = DIRECTION('',(-1.,0.,0.));
#3576 = DEFINITIONAL_REPRESENTATION('',(#3577),#3581);
#3577 = LINE('',#3578,#3579);
#3578 = CARTESIAN_POINT('',(0.,0.));
#3579 = VECTOR('',#3580,1.);
#3580 = DIRECTION('',(1.,0.));
#3581 = ( GEOMETRIC_REPRESENTATION_CONTEXT(2) 
PARAMETRIC_REPRESENTATION_CONTEXT() REPRESENTATION_CONTEXT('2D SPACE',''
  ) );
#3582 = FACE_BOUND('',#3583,.T.);
#3583 = EDGE_LOOP('',(#3584,#3614,#3642,#3670,#3698,#3726,#3754,#3782,
    #3810,#3838,#3866,#3894,#3922));
#3584 = ORIENTED_EDGE('',*,*,#3585,.T.);
#3585 = EDGE_CURVE('',#3586,#3588,#3590,.T.);
#3586 = VERTEX_POINT('',#3587);
#3587 = CARTESIAN_POINT('',(33.422216796875,11.,1.165771484375));
#3588 = VERTEX_POINT('',#3589);
#3589 = CARTESIAN_POINT('',(33.422216796875,11.,-1.651611328125));
#3590 = SURFACE_CURVE('',#3591,(#3595,#3602),.PCURVE_S1.);
#3591 = LINE('',#3592,#3593);
#3592 = CARTESIAN_POINT('',(33.422216796875,11.,1.165771484375));
#3593 = VECTOR('',#3594,1.);
#3594 = DIRECTION('',(-0.,0.,-1.));
#3595 = PCURVE('',#886,#3596);
#3596 = DEFINITIONAL_REPRESENTATION('',(#3597),#3601);
#3597 = LINE('',#3598,#3599);
#3598 = CARTESIAN_POINT('',(8.165771484375,29.422216796875));
#3599 = VECTOR('',#3600,1.);
#3600 = DIRECTION('',(-1.,0.));
#3601 = ( GEOMETRIC_REPRESENTATION_CONTEXT(2) 
PARAMETRIC_REPRESENTATION_CONTEXT() REPRESENTATION_CONTEXT('2D SPACE',''
  ) );
#3602 = PCURVE('',#3603,#3608);
#3603 = PLANE('',#3604);
#3604 = AXIS2_PLACEMENT_3D('',#3605,#3606,#3607);
#3605 = CARTESIAN_POINT('',(33.422216796875,11.,1.165771484375));
#3606 = DIRECTION('',(1.,0.,0.));
#3607 = DIRECTION('',(0.,0.,-1.));
#3608 = DEFINITIONAL_REPRESENTATION('',(#3609),#3613);
#3609 = LINE('',#3610,#3611);
#3610 = CARTESIAN_POINT('',(0.,0.));
#3611 = VECTOR('',#3612,1.);
#3612 = DIRECTION('',(1.,0.));
#3613 = ( GEOMETRIC_REPRESENTATION_CONTEXT(2) 
PARAMETRIC_REPRESENTATION_CONTEXT() REPRESENTATION_CONTEXT('2D SPACE',''
  ) );
#3614 = ORIENTED_EDGE('',*,*,#3615,.T.);
#3615 = EDGE_CURVE('',#3588,#3616,#3618,.T.);
#3616 = VERTEX_POINT('',#3617);
#3617 = CARTESIAN_POINT('',(34.093603515625,11.,-1.651611328125));
#3618 = SURFACE_CURVE('',#3619,(#3623,#3630),.PCURVE_S1.);
#3619 = LINE('',#3620,#3621);
#3620 = CARTESIAN_POINT('',(33.422216796875,11.,-1.651611328125));
#3621 = VECTOR('',#3622,1.);
#3622 = DIRECTION('',(1.,0.,0.));
#3623 = PCURVE('',#886,#3624);
#3624 = DEFINITIONAL_REPRESENTATION('',(#3625),#3629);
#3625 = LINE('',#3626,#3627);
#3626 = CARTESIAN_POINT('',(5.348388671875,29.422216796875));
#3627 = VECTOR('',#3628,1.);
#3628 = DIRECTION('',(0.,1.));
#3629 = ( GEOMETRIC_REPRESENTATION_CONTEXT(2) 
PARAMETRIC_REPRESENTATION_CONTEXT() REPRESENTATION_CONTEXT('2D SPACE',''
  ) );
#3630 = PCURVE('',#3631,#3636);
#3631 = PLANE('',#3632);
#3632 = AXIS2_PLACEMENT_3D('',#3633,#3634,#3635);
#3633 = CARTESIAN_POINT('',(33.422216796875,11.,-1.651611328125));
#3634 = DIRECTION('',(0.,0.,1.));
#3635 = DIRECTION('',(1.,0.,0.));
#3636 = DEFINITIONAL_REPRESENTATION('',(#3637),#3641);
#3637 = LINE('',#3638,#3639);
#3638 = CARTESIAN_POINT('',(0.,0.));
#3639 = VECTOR('',#3640,1.);
#3640 = DIRECTION('',(1.,0.));
#3641 = ( GEOMETRIC_REPRESENTATION_CONTEXT(2) 
PARAMETRIC_REPRESENTATION_CONTEXT() REPRESENTATION_CONTEXT('2D SPACE',''
  ) );
#3642 = ORIENTED_EDGE('',*,*,#3643,.T.);
#3643 = EDGE_CURVE('',#3616,#3644,#3646,.T.);
#3644 = VERTEX_POINT('',#3645);
#3645 = CARTESIAN_POINT('',(34.093603515625,11.,1.927490234375));
#3646 = SURFACE_CURVE('',#3647,(#3651,#3658),.PCURVE_S1.);
#3647 = LINE('',#3648,#3649);
#3648 = CARTESIAN_POINT('',(34.093603515625,11.,-1.651611328125));
#3649 = VECTOR('',#3650,1.);
#3650 = DIRECTION('',(0.,0.,1.));
#3651 = PCURVE('',#886,#3652);
#3652 = DEFINITIONAL_REPRESENTATION('',(#3653),#3657);
#3653 = LINE('',#3654,#3655);
#3654 = CARTESIAN_POINT('',(5.348388671875,30.093603515625));
#3655 = VECTOR('',#3656,1.);
#3656 = DIRECTION('',(1.,0.));
#3657 = ( GEOMETRIC_REPRESENTATION_CONTEXT(2) 
PARAMETRIC_REPRESENTATION_CONTEXT() REPRESENTATION_CONTEXT('2D SPACE',''
  ) );
#3658 = PCURVE('',#3659,#3664);
#3659 = PLANE('',#3660);
#3660 = AXIS2_PLACEMENT_3D('',#3661,#3662,#3663);
#3661 = CARTESIAN_POINT('',(34.093603515625,11.,-1.651611328125));
#3662 = DIRECTION('',(-1.,0.,0.));
#3663 = DIRECTION('',(0.,0.,1.));
#3664 = DEFINITIONAL_REPRESENTATION('',(#3665),#3669);
#3665 = LINE('',#3666,#3667);
#3666 = CARTESIAN_POINT('',(0.,0.));
#3667 = VECTOR('',#3668,1.);
#3668 = DIRECTION('',(1.,0.));
#3669 = ( GEOMETRIC_REPRESENTATION_CONTEXT(2) 
PARAMETRIC_REPRESENTATION_CONTEXT() REPRESENTATION_CONTEXT('2D SPACE',''
  ) );
#3670 = ORIENTED_EDGE('',*,*,#3671,.T.);
#3671 = EDGE_CURVE('',#3644,#3672,#3674,.T.);
#3672 = VERTEX_POINT('',#3673);
#3673 = CARTESIAN_POINT('',(33.012060546875,11.,1.927490234375));
#3674 = SURFACE_CURVE('',#3675,(#3679,#3686),.PCURVE_S1.);
#3675 = LINE('',#3676,#3677);
#3676 = CARTESIAN_POINT('',(34.093603515625,11.,1.927490234375));
#3677 = VECTOR('',#3678,1.);
#3678 = DIRECTION('',(-1.,0.,0.));
#3679 = PCURVE('',#886,#3680);
#3680 = DEFINITIONAL_REPRESENTATION('',(#3681),#3685);
#3681 = LINE('',#3682,#3683);
#3682 = CARTESIAN_POINT('',(8.927490234375,30.093603515625));
#3683 = VECTOR('',#3684,1.);
#3684 = DIRECTION('',(0.,-1.));
#3685 = ( GEOMETRIC_REPRESENTATION_CONTEXT(2) 
PARAMETRIC_REPRESENTATION_CONTEXT() REPRESENTATION_CONTEXT('2D SPACE',''
  ) );
#3686 = PCURVE('',#3687,#3692);
#3687 = PLANE('',#3688);
#3688 = AXIS2_PLACEMENT_3D('',#3689,#3690,#3691);
#3689 = CARTESIAN_POINT('',(34.093603515625,11.,1.927490234375));
#3690 = DIRECTION('',(0.,0.,-1.));
#3691 = DIRECTION('',(-1.,0.,0.));
#3692 = DEFINITIONAL_REPRESENTATION('',(#3693),#3697);
#3693 = LINE('',#3694,#3695);
#3694 = CARTESIAN_POINT('',(0.,0.));
#3695 = VECTOR('',#3696,1.);
#3696 = DIRECTION('',(1.,0.));
#3697 = ( GEOMETRIC_REPRESENTATION_CONTEXT(2) 
PARAMETRIC_REPRESENTATION_CONTEXT() REPRESENTATION_CONTEXT('2D SPACE',''
  ) );
#3698 = ORIENTED_EDGE('',*,*,#3699,.T.);
#3699 = EDGE_CURVE('',#3672,#3700,#3702,.T.);
#3700 = VERTEX_POINT('',#3701);
#3701 = CARTESIAN_POINT('',(32.362646484375,11.,-0.513916015625));
#3702 = SURFACE_CURVE('',#3703,(#3707,#3714),.PCURVE_S1.);
#3703 = LINE('',#3704,#3705);
#3704 = CARTESIAN_POINT('',(33.012060546875,11.,1.927490234375));
#3705 = VECTOR('',#3706,1.);
#3706 = DIRECTION('',(-0.257061109879,0.,-0.96639514992));
#3707 = PCURVE('',#886,#3708);
#3708 = DEFINITIONAL_REPRESENTATION('',(#3709),#3713);
#3709 = LINE('',#3710,#3711);
#3710 = CARTESIAN_POINT('',(8.927490234375,29.012060546875));
#3711 = VECTOR('',#3712,1.);
#3712 = DIRECTION('',(-0.96639514992,-0.257061109879));
#3713 = ( GEOMETRIC_REPRESENTATION_CONTEXT(2) 
PARAMETRIC_REPRESENTATION_CONTEXT() REPRESENTATION_CONTEXT('2D SPACE',''
  ) );
#3714 = PCURVE('',#3715,#3720);
#3715 = PLANE('',#3716);
#3716 = AXIS2_PLACEMENT_3D('',#3717,#3718,#3719);
#3717 = CARTESIAN_POINT('',(33.012060546875,11.,1.927490234375));
#3718 = DIRECTION('',(0.96639514992,0.,-0.257061109879));
#3719 = DIRECTION('',(-0.257061109879,0.,-0.96639514992));
#3720 = DEFINITIONAL_REPRESENTATION('',(#3721),#3725);
#3721 = LINE('',#3722,#3723);
#3722 = CARTESIAN_POINT('',(0.,0.));
#3723 = VECTOR('',#3724,1.);
#3724 = DIRECTION('',(1.,0.));
#3725 = ( GEOMETRIC_REPRESENTATION_CONTEXT(2) 
PARAMETRIC_REPRESENTATION_CONTEXT() REPRESENTATION_CONTEXT('2D SPACE',''
  ) );
#3726 = ORIENTED_EDGE('',*,*,#3727,.T.);
#3727 = EDGE_CURVE('',#3700,#3728,#3730,.T.);
#3728 = VERTEX_POINT('',#3729);
#3729 = CARTESIAN_POINT('',(31.720556640625,11.,1.927490234375));
#3730 = SURFACE_CURVE('',#3731,(#3735,#3742),.PCURVE_S1.);
#3731 = LINE('',#3732,#3733);
#3732 = CARTESIAN_POINT('',(32.362646484375,11.,-0.513916015625));
#3733 = VECTOR('',#3734,1.);
#3734 = DIRECTION('',(-0.254350484613,0.,0.967112108795));
#3735 = PCURVE('',#886,#3736);
#3736 = DEFINITIONAL_REPRESENTATION('',(#3737),#3741);
#3737 = LINE('',#3738,#3739);
#3738 = CARTESIAN_POINT('',(6.486083984375,28.362646484375));
#3739 = VECTOR('',#3740,1.);
#3740 = DIRECTION('',(0.967112108795,-0.254350484613));
#3741 = ( GEOMETRIC_REPRESENTATION_CONTEXT(2) 
PARAMETRIC_REPRESENTATION_CONTEXT() REPRESENTATION_CONTEXT('2D SPACE',''
  ) );
#3742 = PCURVE('',#3743,#3748);
#3743 = PLANE('',#3744);
#3744 = AXIS2_PLACEMENT_3D('',#3745,#3746,#3747);
#3745 = CARTESIAN_POINT('',(32.362646484375,11.,-0.513916015625));
#3746 = DIRECTION('',(-0.967112108795,0.,-0.254350484613));
#3747 = DIRECTION('',(-0.254350484613,0.,0.967112108795));
#3748 = DEFINITIONAL_REPRESENTATION('',(#3749),#3753);
#3749 = LINE('',#3750,#3751);
#3750 = CARTESIAN_POINT('',(0.,0.));
#3751 = VECTOR('',#3752,1.);
#3752 = DIRECTION('',(1.,0.));
#3753 = ( GEOMETRIC_REPRESENTATION_CONTEXT(2) 
PARAMETRIC_REPRESENTATION_CONTEXT() REPRESENTATION_CONTEXT('2D SPACE',''
  ) );
#3754 = ORIENTED_EDGE('',*,*,#3755,.T.);
#3755 = EDGE_CURVE('',#3728,#3756,#3758,.T.);
#3756 = VERTEX_POINT('',#3757);
#3757 = CARTESIAN_POINT('',(30.636572265625,11.,1.927490234375));
#3758 = SURFACE_CURVE('',#3759,(#3763,#3770),.PCURVE_S1.);
#3759 = LINE('',#3760,#3761);
#3760 = CARTESIAN_POINT('',(31.720556640625,11.,1.927490234375));
#3761 = VECTOR('',#3762,1.);
#3762 = DIRECTION('',(-1.,0.,0.));
#3763 = PCURVE('',#886,#3764);
#3764 = DEFINITIONAL_REPRESENTATION('',(#3765),#3769);
#3765 = LINE('',#3766,#3767);
#3766 = CARTESIAN_POINT('',(8.927490234375,27.720556640625));
#3767 = VECTOR('',#3768,1.);
#3768 = DIRECTION('',(0.,-1.));
#3769 = ( GEOMETRIC_REPRESENTATION_CONTEXT(2) 
PARAMETRIC_REPRESENTATION_CONTEXT() REPRESENTATION_CONTEXT('2D SPACE',''
  ) );
#3770 = PCURVE('',#3771,#3776);
#3771 = PLANE('',#3772);
#3772 = AXIS2_PLACEMENT_3D('',#3773,#3774,#3775);
#3773 = CARTESIAN_POINT('',(31.720556640625,11.,1.927490234375));
#3774 = DIRECTION('',(0.,0.,-1.));
#3775 = DIRECTION('',(-1.,0.,0.));
#3776 = DEFINITIONAL_REPRESENTATION('',(#3777),#3781);
#3777 = LINE('',#3778,#3779);
#3778 = CARTESIAN_POINT('',(0.,0.));
#3779 = VECTOR('',#3780,1.);
#3780 = DIRECTION('',(1.,0.));
#3781 = ( GEOMETRIC_REPRESENTATION_CONTEXT(2) 
PARAMETRIC_REPRESENTATION_CONTEXT() REPRESENTATION_CONTEXT('2D SPACE',''
  ) );
#3782 = ORIENTED_EDGE('',*,*,#3783,.T.);
#3783 = EDGE_CURVE('',#3756,#3784,#3786,.T.);
#3784 = VERTEX_POINT('',#3785);
#3785 = CARTESIAN_POINT('',(30.636572265625,11.,-1.651611328125));
#3786 = SURFACE_CURVE('',#3787,(#3791,#3798),.PCURVE_S1.);
#3787 = LINE('',#3788,#3789);
#3788 = CARTESIAN_POINT('',(30.636572265625,11.,1.927490234375));
#3789 = VECTOR('',#3790,1.);
#3790 = DIRECTION('',(-0.,0.,-1.));
#3791 = PCURVE('',#886,#3792);
#3792 = DEFINITIONAL_REPRESENTATION('',(#3793),#3797);
#3793 = LINE('',#3794,#3795);
#3794 = CARTESIAN_POINT('',(8.927490234375,26.636572265625));
#3795 = VECTOR('',#3796,1.);
#3796 = DIRECTION('',(-1.,0.));
#3797 = ( GEOMETRIC_REPRESENTATION_CONTEXT(2) 
PARAMETRIC_REPRESENTATION_CONTEXT() REPRESENTATION_CONTEXT('2D SPACE',''
  ) );
#3798 = PCURVE('',#3799,#3804);
#3799 = PLANE('',#3800);
#3800 = AXIS2_PLACEMENT_3D('',#3801,#3802,#3803);
#3801 = CARTESIAN_POINT('',(30.636572265625,11.,1.927490234375));
#3802 = DIRECTION('',(1.,0.,0.));
#3803 = DIRECTION('',(0.,0.,-1.));
#3804 = DEFINITIONAL_REPRESENTATION('',(#3805),#3809);
#3805 = LINE('',#3806,#3807);
#3806 = CARTESIAN_POINT('',(0.,0.));
#3807 = VECTOR('',#3808,1.);
#3808 = DIRECTION('',(1.,0.));
#3809 = ( GEOMETRIC_REPRESENTATION_CONTEXT(2) 
PARAMETRIC_REPRESENTATION_CONTEXT() REPRESENTATION_CONTEXT('2D SPACE',''
  ) );
#3810 = ORIENTED_EDGE('',*,*,#3811,.T.);
#3811 = EDGE_CURVE('',#3784,#3812,#3814,.T.);
#3812 = VERTEX_POINT('',#3813);
#3813 = CARTESIAN_POINT('',(31.307958984375,11.,-1.651611328125));
#3814 = SURFACE_CURVE('',#3815,(#3819,#3826),.PCURVE_S1.);
#3815 = LINE('',#3816,#3817);
#3816 = CARTESIAN_POINT('',(30.636572265625,11.,-1.651611328125));
#3817 = VECTOR('',#3818,1.);
#3818 = DIRECTION('',(1.,0.,0.));
#3819 = PCURVE('',#886,#3820);
#3820 = DEFINITIONAL_REPRESENTATION('',(#3821),#3825);
#3821 = LINE('',#3822,#3823);
#3822 = CARTESIAN_POINT('',(5.348388671875,26.636572265625));
#3823 = VECTOR('',#3824,1.);
#3824 = DIRECTION('',(0.,1.));
#3825 = ( GEOMETRIC_REPRESENTATION_CONTEXT(2) 
PARAMETRIC_REPRESENTATION_CONTEXT() REPRESENTATION_CONTEXT('2D SPACE',''
  ) );
#3826 = PCURVE('',#3827,#3832);
#3827 = PLANE('',#3828);
#3828 = AXIS2_PLACEMENT_3D('',#3829,#3830,#3831);
#3829 = CARTESIAN_POINT('',(30.636572265625,11.,-1.651611328125));
#3830 = DIRECTION('',(0.,0.,1.));
#3831 = DIRECTION('',(1.,0.,0.));
#3832 = DEFINITIONAL_REPRESENTATION('',(#3833),#3837);
#3833 = LINE('',#3834,#3835);
#3834 = CARTESIAN_POINT('',(0.,0.));
#3835 = VECTOR('',#3836,1.);
#3836 = DIRECTION('',(1.,0.));
#3837 = ( GEOMETRIC_REPRESENTATION_CONTEXT(2) 
PARAMETRIC_REPRESENTATION_CONTEXT() REPRESENTATION_CONTEXT('2D SPACE',''
  ) );
#3838 = ORIENTED_EDGE('',*,*,#3839,.T.);
#3839 = EDGE_CURVE('',#3812,#3840,#3842,.T.);
#3840 = VERTEX_POINT('',#3841);
#3841 = CARTESIAN_POINT('',(31.307958984375,11.,1.165771484375));
#3842 = SURFACE_CURVE('',#3843,(#3847,#3854),.PCURVE_S1.);
#3843 = LINE('',#3844,#3845);
#3844 = CARTESIAN_POINT('',(31.307958984375,11.,-1.651611328125));
#3845 = VECTOR('',#3846,1.);
#3846 = DIRECTION('',(0.,0.,1.));
#3847 = PCURVE('',#886,#3848);
#3848 = DEFINITIONAL_REPRESENTATION('',(#3849),#3853);
#3849 = LINE('',#3850,#3851);
#3850 = CARTESIAN_POINT('',(5.348388671875,27.307958984375));
#3851 = VECTOR('',#3852,1.);
#3852 = DIRECTION('',(1.,0.));
#3853 = ( GEOMETRIC_REPRESENTATION_CONTEXT(2) 
PARAMETRIC_REPRESENTATION_CONTEXT() REPRESENTATION_CONTEXT('2D SPACE',''
  ) );
#3854 = PCURVE('',#3855,#3860);
#3855 = PLANE('',#3856);
#3856 = AXIS2_PLACEMENT_3D('',#3857,#3858,#3859);
#3857 = CARTESIAN_POINT('',(31.307958984375,11.,-1.651611328125));
#3858 = DIRECTION('',(-1.,0.,0.));
#3859 = DIRECTION('',(0.,0.,1.));
#3860 = DEFINITIONAL_REPRESENTATION('',(#3861),#3865);
#3861 = LINE('',#3862,#3863);
#3862 = CARTESIAN_POINT('',(0.,0.));
#3863 = VECTOR('',#3864,1.);
#3864 = DIRECTION('',(1.,0.));
#3865 = ( GEOMETRIC_REPRESENTATION_CONTEXT(2) 
PARAMETRIC_REPRESENTATION_CONTEXT() REPRESENTATION_CONTEXT('2D SPACE',''
  ) );
#3866 = ORIENTED_EDGE('',*,*,#3867,.T.);
#3867 = EDGE_CURVE('',#3840,#3868,#3870,.T.);
#3868 = VERTEX_POINT('',#3869);
#3869 = CARTESIAN_POINT('',(32.018408203125,11.,-1.651611328125));
#3870 = SURFACE_CURVE('',#3871,(#3875,#3882),.PCURVE_S1.);
#3871 = LINE('',#3872,#3873);
#3872 = CARTESIAN_POINT('',(31.307958984375,11.,1.165771484375));
#3873 = VECTOR('',#3874,1.);
#3874 = DIRECTION('',(0.244512175585,0.,-0.969646222078));
#3875 = PCURVE('',#886,#3876);
#3876 = DEFINITIONAL_REPRESENTATION('',(#3877),#3881);
#3877 = LINE('',#3878,#3879);
#3878 = CARTESIAN_POINT('',(8.165771484375,27.307958984375));
#3879 = VECTOR('',#3880,1.);
#3880 = DIRECTION('',(-0.969646222078,0.244512175585));
#3881 = ( GEOMETRIC_REPRESENTATION_CONTEXT(2) 
PARAMETRIC_REPRESENTATION_CONTEXT() REPRESENTATION_CONTEXT('2D SPACE',''
  ) );
#3882 = PCURVE('',#3883,#3888);
#3883 = PLANE('',#3884);
#3884 = AXIS2_PLACEMENT_3D('',#3885,#3886,#3887);
#3885 = CARTESIAN_POINT('',(31.307958984375,11.,1.165771484375));
#3886 = DIRECTION('',(0.969646222078,0.,0.244512175585));
#3887 = DIRECTION('',(0.244512175585,0.,-0.969646222078));
#3888 = DEFINITIONAL_REPRESENTATION('',(#3889),#3893);
#3889 = LINE('',#3890,#3891);
#3890 = CARTESIAN_POINT('',(0.,0.));
#3891 = VECTOR('',#3892,1.);
#3892 = DIRECTION('',(1.,0.));
#3893 = ( GEOMETRIC_REPRESENTATION_CONTEXT(2) 
PARAMETRIC_REPRESENTATION_CONTEXT() REPRESENTATION_CONTEXT('2D SPACE',''
  ) );
#3894 = ORIENTED_EDGE('',*,*,#3895,.T.);
#3895 = EDGE_CURVE('',#3868,#3896,#3898,.T.);
#3896 = VERTEX_POINT('',#3897);
#3897 = CARTESIAN_POINT('',(32.714208984375,11.,-1.651611328125));
#3898 = SURFACE_CURVE('',#3899,(#3903,#3910),.PCURVE_S1.);
#3899 = LINE('',#3900,#3901);
#3900 = CARTESIAN_POINT('',(32.018408203125,11.,-1.651611328125));
#3901 = VECTOR('',#3902,1.);
#3902 = DIRECTION('',(1.,0.,0.));
#3903 = PCURVE('',#886,#3904);
#3904 = DEFINITIONAL_REPRESENTATION('',(#3905),#3909);
#3905 = LINE('',#3906,#3907);
#3906 = CARTESIAN_POINT('',(5.348388671875,28.018408203125));
#3907 = VECTOR('',#3908,1.);
#3908 = DIRECTION('',(0.,1.));
#3909 = ( GEOMETRIC_REPRESENTATION_CONTEXT(2) 
PARAMETRIC_REPRESENTATION_CONTEXT() REPRESENTATION_CONTEXT('2D SPACE',''
  ) );
#3910 = PCURVE('',#3911,#3916);
#3911 = PLANE('',#3912);
#3912 = AXIS2_PLACEMENT_3D('',#3913,#3914,#3915);
#3913 = CARTESIAN_POINT('',(32.018408203125,11.,-1.651611328125));
#3914 = DIRECTION('',(0.,0.,1.));
#3915 = DIRECTION('',(1.,0.,0.));
#3916 = DEFINITIONAL_REPRESENTATION('',(#3917),#3921);
#3917 = LINE('',#3918,#3919);
#3918 = CARTESIAN_POINT('',(0.,0.));
#3919 = VECTOR('',#3920,1.);
#3920 = DIRECTION('',(1.,0.));
#3921 = ( GEOMETRIC_REPRESENTATION_CONTEXT(2) 
PARAMETRIC_REPRESENTATION_CONTEXT() REPRESENTATION_CONTEXT('2D SPACE',''
  ) );
#3922 = ORIENTED_EDGE('',*,*,#3923,.T.);
#3923 = EDGE_CURVE('',#3896,#3586,#3924,.T.);
#3924 = SURFACE_CURVE('',#3925,(#3929,#3936),.PCURVE_S1.);
#3925 = LINE('',#3926,#3927);
#3926 = CARTESIAN_POINT('',(32.714208984375,11.,-1.651611328125));
#3927 = VECTOR('',#3928,1.);
#3928 = DIRECTION('',(0.243721919531,0.,0.969845155651));
#3929 = PCURVE('',#886,#3930);
#3930 = DEFINITIONAL_REPRESENTATION('',(#3931),#3935);
#3931 = LINE('',#3932,#3933);
#3932 = CARTESIAN_POINT('',(5.348388671875,28.714208984375));
#3933 = VECTOR('',#3934,1.);
#3934 = DIRECTION('',(0.969845155651,0.243721919531));
#3935 = ( GEOMETRIC_REPRESENTATION_CONTEXT(2) 
PARAMETRIC_REPRESENTATION_CONTEXT() REPRESENTATION_CONTEXT('2D SPACE',''
  ) );
#3936 = PCURVE('',#3937,#3942);
#3937 = PLANE('',#3938);
#3938 = AXIS2_PLACEMENT_3D('',#3939,#3940,#3941);
#3939 = CARTESIAN_POINT('',(32.714208984375,11.,-1.651611328125));
#3940 = DIRECTION('',(-0.969845155651,0.,0.243721919531));
#3941 = DIRECTION('',(0.243721919531,0.,0.969845155651));
#3942 = DEFINITIONAL_REPRESENTATION('',(#3943),#3947);
#3943 = LINE('',#3944,#3945);
#3944 = CARTESIAN_POINT('',(0.,0.));
#3945 = VECTOR('',#3946,1.);
#3946 = DIRECTION('',(1.,0.));
#3947 = ( GEOMETRIC_REPRESENTATION_CONTEXT(2) 
PARAMETRIC_REPRESENTATION_CONTEXT() REPRESENTATION_CONTEXT('2D SPACE',''
  ) );
#3948 = FACE_BOUND('',#3949,.T.);
#3949 = EDGE_LOOP('',(#3950,#3980,#4008,#4036,#4064,#4092,#4120,#4148,
    #4176,#4204,#4232,#4260));
#3950 = ORIENTED_EDGE('',*,*,#3951,.T.);
#3951 = EDGE_CURVE('',#3952,#3954,#3956,.T.);
#3952 = VERTEX_POINT('',#3953);
#3953 = CARTESIAN_POINT('',(36.969580078125,11.,-8.6669921875E-02));
#3954 = VERTEX_POINT('',#3955);
#3955 = CARTESIAN_POINT('',(36.969580078125,11.,-1.651611328125));
#3956 = SURFACE_CURVE('',#3957,(#3961,#3968),.PCURVE_S1.);
#3957 = LINE('',#3958,#3959);
#3958 = CARTESIAN_POINT('',(36.969580078125,11.,-8.6669921875E-02));
#3959 = VECTOR('',#3960,1.);
#3960 = DIRECTION('',(-0.,0.,-1.));
#3961 = PCURVE('',#886,#3962);
#3962 = DEFINITIONAL_REPRESENTATION('',(#3963),#3967);
#3963 = LINE('',#3964,#3965);
#3964 = CARTESIAN_POINT('',(6.913330078125,32.969580078125));
#3965 = VECTOR('',#3966,1.);
#3966 = DIRECTION('',(-1.,0.));
#3967 = ( GEOMETRIC_REPRESENTATION_CONTEXT(2) 
PARAMETRIC_REPRESENTATION_CONTEXT() REPRESENTATION_CONTEXT('2D SPACE',''
  ) );
#3968 = PCURVE('',#3969,#3974);
#3969 = PLANE('',#3970);
#3970 = AXIS2_PLACEMENT_3D('',#3971,#3972,#3973);
#3971 = CARTESIAN_POINT('',(36.969580078125,11.,-8.6669921875E-02));
#3972 = DIRECTION('',(1.,0.,0.));
#3973 = DIRECTION('',(0.,0.,-1.));
#3974 = DEFINITIONAL_REPRESENTATION('',(#3975),#3979);
#3975 = LINE('',#3976,#3977);
#3976 = CARTESIAN_POINT('',(0.,0.));
#3977 = VECTOR('',#3978,1.);
#3978 = DIRECTION('',(1.,0.));
#3979 = ( GEOMETRIC_REPRESENTATION_CONTEXT(2) 
PARAMETRIC_REPRESENTATION_CONTEXT() REPRESENTATION_CONTEXT('2D SPACE',''
  ) );
#3980 = ORIENTED_EDGE('',*,*,#3981,.T.);
#3981 = EDGE_CURVE('',#3954,#3982,#3984,.T.);
#3982 = VERTEX_POINT('',#3983);
#3983 = CARTESIAN_POINT('',(37.692236328125,11.,-1.651611328125));
#3984 = SURFACE_CURVE('',#3985,(#3989,#3996),.PCURVE_S1.);
#3985 = LINE('',#3986,#3987);
#3986 = CARTESIAN_POINT('',(36.969580078125,11.,-1.651611328125));
#3987 = VECTOR('',#3988,1.);
#3988 = DIRECTION('',(1.,0.,0.));
#3989 = PCURVE('',#886,#3990);
#3990 = DEFINITIONAL_REPRESENTATION('',(#3991),#3995);
#3991 = LINE('',#3992,#3993);
#3992 = CARTESIAN_POINT('',(5.348388671875,32.969580078125));
#3993 = VECTOR('',#3994,1.);
#3994 = DIRECTION('',(0.,1.));
#3995 = ( GEOMETRIC_REPRESENTATION_CONTEXT(2) 
PARAMETRIC_REPRESENTATION_CONTEXT() REPRESENTATION_CONTEXT('2D SPACE',''
  ) );
#3996 = PCURVE('',#3997,#4002);
#3997 = PLANE('',#3998);
#3998 = AXIS2_PLACEMENT_3D('',#3999,#4000,#4001);
#3999 = CARTESIAN_POINT('',(36.969580078125,11.,-1.651611328125));
#4000 = DIRECTION('',(0.,0.,1.));
#4001 = DIRECTION('',(1.,0.,0.));
#4002 = DEFINITIONAL_REPRESENTATION('',(#4003),#4007);
#4003 = LINE('',#4004,#4005);
#4004 = CARTESIAN_POINT('',(0.,0.));
#4005 = VECTOR('',#4006,1.);
#4006 = DIRECTION('',(1.,0.));
#4007 = ( GEOMETRIC_REPRESENTATION_CONTEXT(2) 
PARAMETRIC_REPRESENTATION_CONTEXT() REPRESENTATION_CONTEXT('2D SPACE',''
  ) );
#4008 = ORIENTED_EDGE('',*,*,#4009,.T.);
#4009 = EDGE_CURVE('',#3982,#4010,#4012,.T.);
#4010 = VERTEX_POINT('',#4011);
#4011 = CARTESIAN_POINT('',(37.692236328125,11.,1.927490234375));
#4012 = SURFACE_CURVE('',#4013,(#4017,#4024),.PCURVE_S1.);
#4013 = LINE('',#4014,#4015);
#4014 = CARTESIAN_POINT('',(37.692236328125,11.,-1.651611328125));
#4015 = VECTOR('',#4016,1.);
#4016 = DIRECTION('',(0.,0.,1.));
#4017 = PCURVE('',#886,#4018);
#4018 = DEFINITIONAL_REPRESENTATION('',(#4019),#4023);
#4019 = LINE('',#4020,#4021);
#4020 = CARTESIAN_POINT('',(5.348388671875,33.692236328125));
#4021 = VECTOR('',#4022,1.);
#4022 = DIRECTION('',(1.,0.));
#4023 = ( GEOMETRIC_REPRESENTATION_CONTEXT(2) 
PARAMETRIC_REPRESENTATION_CONTEXT() REPRESENTATION_CONTEXT('2D SPACE',''
  ) );
#4024 = PCURVE('',#4025,#4030);
#4025 = PLANE('',#4026);
#4026 = AXIS2_PLACEMENT_3D('',#4027,#4028,#4029);
#4027 = CARTESIAN_POINT('',(37.692236328125,11.,-1.651611328125));
#4028 = DIRECTION('',(-1.,0.,0.));
#4029 = DIRECTION('',(0.,0.,1.));
#4030 = DEFINITIONAL_REPRESENTATION('',(#4031),#4035);
#4031 = LINE('',#4032,#4033);
#4032 = CARTESIAN_POINT('',(0.,0.));
#4033 = VECTOR('',#4034,1.);
#4034 = DIRECTION('',(1.,0.));
#4035 = ( GEOMETRIC_REPRESENTATION_CONTEXT(2) 
PARAMETRIC_REPRESENTATION_CONTEXT() REPRESENTATION_CONTEXT('2D SPACE',''
  ) );
#4036 = ORIENTED_EDGE('',*,*,#4037,.T.);
#4037 = EDGE_CURVE('',#4010,#4038,#4040,.T.);
#4038 = VERTEX_POINT('',#4039);
#4039 = CARTESIAN_POINT('',(36.969580078125,11.,1.927490234375));
#4040 = SURFACE_CURVE('',#4041,(#4045,#4052),.PCURVE_S1.);
#4041 = LINE('',#4042,#4043);
#4042 = CARTESIAN_POINT('',(37.692236328125,11.,1.927490234375));
#4043 = VECTOR('',#4044,1.);
#4044 = DIRECTION('',(-1.,0.,0.));
#4045 = PCURVE('',#886,#4046);
#4046 = DEFINITIONAL_REPRESENTATION('',(#4047),#4051);
#4047 = LINE('',#4048,#4049);
#4048 = CARTESIAN_POINT('',(8.927490234375,33.692236328125));
#4049 = VECTOR('',#4050,1.);
#4050 = DIRECTION('',(0.,-1.));
#4051 = ( GEOMETRIC_REPRESENTATION_CONTEXT(2) 
PARAMETRIC_REPRESENTATION_CONTEXT() REPRESENTATION_CONTEXT('2D SPACE',''
  ) );
#4052 = PCURVE('',#4053,#4058);
#4053 = PLANE('',#4054);
#4054 = AXIS2_PLACEMENT_3D('',#4055,#4056,#4057);
#4055 = CARTESIAN_POINT('',(37.692236328125,11.,1.927490234375));
#4056 = DIRECTION('',(0.,0.,-1.));
#4057 = DIRECTION('',(-1.,0.,0.));
#4058 = DEFINITIONAL_REPRESENTATION('',(#4059),#4063);
#4059 = LINE('',#4060,#4061);
#4060 = CARTESIAN_POINT('',(0.,0.));
#4061 = VECTOR('',#4062,1.);
#4062 = DIRECTION('',(1.,0.));
#4063 = ( GEOMETRIC_REPRESENTATION_CONTEXT(2) 
PARAMETRIC_REPRESENTATION_CONTEXT() REPRESENTATION_CONTEXT('2D SPACE',''
  ) );
#4064 = ORIENTED_EDGE('',*,*,#4065,.T.);
#4065 = EDGE_CURVE('',#4038,#4066,#4068,.T.);
#4066 = VERTEX_POINT('',#4067);
#4067 = CARTESIAN_POINT('',(36.969580078125,11.,0.518798828125));
#4068 = SURFACE_CURVE('',#4069,(#4073,#4080),.PCURVE_S1.);
#4069 = LINE('',#4070,#4071);
#4070 = CARTESIAN_POINT('',(36.969580078125,11.,1.927490234375));
#4071 = VECTOR('',#4072,1.);
#4072 = DIRECTION('',(-0.,0.,-1.));
#4073 = PCURVE('',#886,#4074);
#4074 = DEFINITIONAL_REPRESENTATION('',(#4075),#4079);
#4075 = LINE('',#4076,#4077);
#4076 = CARTESIAN_POINT('',(8.927490234375,32.969580078125));
#4077 = VECTOR('',#4078,1.);
#4078 = DIRECTION('',(-1.,0.));
#4079 = ( GEOMETRIC_REPRESENTATION_CONTEXT(2) 
PARAMETRIC_REPRESENTATION_CONTEXT() REPRESENTATION_CONTEXT('2D SPACE',''
  ) );
#4080 = PCURVE('',#4081,#4086);
#4081 = PLANE('',#4082);
#4082 = AXIS2_PLACEMENT_3D('',#4083,#4084,#4085);
#4083 = CARTESIAN_POINT('',(36.969580078125,11.,1.927490234375));
#4084 = DIRECTION('',(1.,0.,0.));
#4085 = DIRECTION('',(0.,0.,-1.));
#4086 = DEFINITIONAL_REPRESENTATION('',(#4087),#4091);
#4087 = LINE('',#4088,#4089);
#4088 = CARTESIAN_POINT('',(0.,0.));
#4089 = VECTOR('',#4090,1.);
#4090 = DIRECTION('',(1.,0.));
#4091 = ( GEOMETRIC_REPRESENTATION_CONTEXT(2) 
PARAMETRIC_REPRESENTATION_CONTEXT() REPRESENTATION_CONTEXT('2D SPACE',''
  ) );
#4092 = ORIENTED_EDGE('',*,*,#4093,.T.);
#4093 = EDGE_CURVE('',#4066,#4094,#4096,.T.);
#4094 = VERTEX_POINT('',#4095);
#4095 = CARTESIAN_POINT('',(35.553564453125,11.,0.518798828125));
#4096 = SURFACE_CURVE('',#4097,(#4101,#4108),.PCURVE_S1.);
#4097 = LINE('',#4098,#4099);
#4098 = CARTESIAN_POINT('',(36.969580078125,11.,0.518798828125));
#4099 = VECTOR('',#4100,1.);
#4100 = DIRECTION('',(-1.,0.,0.));
#4101 = PCURVE('',#886,#4102);
#4102 = DEFINITIONAL_REPRESENTATION('',(#4103),#4107);
#4103 = LINE('',#4104,#4105);
#4104 = CARTESIAN_POINT('',(7.518798828125,32.969580078125));
#4105 = VECTOR('',#4106,1.);
#4106 = DIRECTION('',(0.,-1.));
#4107 = ( GEOMETRIC_REPRESENTATION_CONTEXT(2) 
PARAMETRIC_REPRESENTATION_CONTEXT() REPRESENTATION_CONTEXT('2D SPACE',''
  ) );
#4108 = PCURVE('',#4109,#4114);
#4109 = PLANE('',#4110);
#4110 = AXIS2_PLACEMENT_3D('',#4111,#4112,#4113);
#4111 = CARTESIAN_POINT('',(36.969580078125,11.,0.518798828125));
#4112 = DIRECTION('',(0.,0.,-1.));
#4113 = DIRECTION('',(-1.,0.,0.));
#4114 = DEFINITIONAL_REPRESENTATION('',(#4115),#4119);
#4115 = LINE('',#4116,#4117);
#4116 = CARTESIAN_POINT('',(0.,0.));
#4117 = VECTOR('',#4118,1.);
#4118 = DIRECTION('',(1.,0.));
#4119 = ( GEOMETRIC_REPRESENTATION_CONTEXT(2) 
PARAMETRIC_REPRESENTATION_CONTEXT() REPRESENTATION_CONTEXT('2D SPACE',''
  ) );
#4120 = ORIENTED_EDGE('',*,*,#4121,.T.);
#4121 = EDGE_CURVE('',#4094,#4122,#4124,.T.);
#4122 = VERTEX_POINT('',#4123);
#4123 = CARTESIAN_POINT('',(35.553564453125,11.,1.927490234375));
#4124 = SURFACE_CURVE('',#4125,(#4129,#4136),.PCURVE_S1.);
#4125 = LINE('',#4126,#4127);
#4126 = CARTESIAN_POINT('',(35.553564453125,11.,0.518798828125));
#4127 = VECTOR('',#4128,1.);
#4128 = DIRECTION('',(0.,0.,1.));
#4129 = PCURVE('',#886,#4130);
#4130 = DEFINITIONAL_REPRESENTATION('',(#4131),#4135);
#4131 = LINE('',#4132,#4133);
#4132 = CARTESIAN_POINT('',(7.518798828125,31.553564453125));
#4133 = VECTOR('',#4134,1.);
#4134 = DIRECTION('',(1.,0.));
#4135 = ( GEOMETRIC_REPRESENTATION_CONTEXT(2) 
PARAMETRIC_REPRESENTATION_CONTEXT() REPRESENTATION_CONTEXT('2D SPACE',''
  ) );
#4136 = PCURVE('',#4137,#4142);
#4137 = PLANE('',#4138);
#4138 = AXIS2_PLACEMENT_3D('',#4139,#4140,#4141);
#4139 = CARTESIAN_POINT('',(35.553564453125,11.,0.518798828125));
#4140 = DIRECTION('',(-1.,0.,0.));
#4141 = DIRECTION('',(0.,0.,1.));
#4142 = DEFINITIONAL_REPRESENTATION('',(#4143),#4147);
#4143 = LINE('',#4144,#4145);
#4144 = CARTESIAN_POINT('',(0.,0.));
#4145 = VECTOR('',#4146,1.);
#4146 = DIRECTION('',(1.,0.));
#4147 = ( GEOMETRIC_REPRESENTATION_CONTEXT(2) 
PARAMETRIC_REPRESENTATION_CONTEXT() REPRESENTATION_CONTEXT('2D SPACE',''
  ) );
#4148 = ORIENTED_EDGE('',*,*,#4149,.T.);
#4149 = EDGE_CURVE('',#4122,#4150,#4152,.T.);
#4150 = VERTEX_POINT('',#4151);
#4151 = CARTESIAN_POINT('',(34.830908203125,11.,1.927490234375));
#4152 = SURFACE_CURVE('',#4153,(#4157,#4164),.PCURVE_S1.);
#4153 = LINE('',#4154,#4155);
#4154 = CARTESIAN_POINT('',(35.553564453125,11.,1.927490234375));
#4155 = VECTOR('',#4156,1.);
#4156 = DIRECTION('',(-1.,0.,0.));
#4157 = PCURVE('',#886,#4158);
#4158 = DEFINITIONAL_REPRESENTATION('',(#4159),#4163);
#4159 = LINE('',#4160,#4161);
#4160 = CARTESIAN_POINT('',(8.927490234375,31.553564453125));
#4161 = VECTOR('',#4162,1.);
#4162 = DIRECTION('',(0.,-1.));
#4163 = ( GEOMETRIC_REPRESENTATION_CONTEXT(2) 
PARAMETRIC_REPRESENTATION_CONTEXT() REPRESENTATION_CONTEXT('2D SPACE',''
  ) );
#4164 = PCURVE('',#4165,#4170);
#4165 = PLANE('',#4166);
#4166 = AXIS2_PLACEMENT_3D('',#4167,#4168,#4169);
#4167 = CARTESIAN_POINT('',(35.553564453125,11.,1.927490234375));
#4168 = DIRECTION('',(0.,0.,-1.));
#4169 = DIRECTION('',(-1.,0.,0.));
#4170 = DEFINITIONAL_REPRESENTATION('',(#4171),#4175);
#4171 = LINE('',#4172,#4173);
#4172 = CARTESIAN_POINT('',(0.,0.));
#4173 = VECTOR('',#4174,1.);
#4174 = DIRECTION('',(1.,0.));
#4175 = ( GEOMETRIC_REPRESENTATION_CONTEXT(2) 
PARAMETRIC_REPRESENTATION_CONTEXT() REPRESENTATION_CONTEXT('2D SPACE',''
  ) );
#4176 = ORIENTED_EDGE('',*,*,#4177,.T.);
#4177 = EDGE_CURVE('',#4150,#4178,#4180,.T.);
#4178 = VERTEX_POINT('',#4179);
#4179 = CARTESIAN_POINT('',(34.830908203125,11.,-1.651611328125));
#4180 = SURFACE_CURVE('',#4181,(#4185,#4192),.PCURVE_S1.);
#4181 = LINE('',#4182,#4183);
#4182 = CARTESIAN_POINT('',(34.830908203125,11.,1.927490234375));
#4183 = VECTOR('',#4184,1.);
#4184 = DIRECTION('',(-0.,0.,-1.));
#4185 = PCURVE('',#886,#4186);
#4186 = DEFINITIONAL_REPRESENTATION('',(#4187),#4191);
#4187 = LINE('',#4188,#4189);
#4188 = CARTESIAN_POINT('',(8.927490234375,30.830908203125));
#4189 = VECTOR('',#4190,1.);
#4190 = DIRECTION('',(-1.,0.));
#4191 = ( GEOMETRIC_REPRESENTATION_CONTEXT(2) 
PARAMETRIC_REPRESENTATION_CONTEXT() REPRESENTATION_CONTEXT('2D SPACE',''
  ) );
#4192 = PCURVE('',#4193,#4198);
#4193 = PLANE('',#4194);
#4194 = AXIS2_PLACEMENT_3D('',#4195,#4196,#4197);
#4195 = CARTESIAN_POINT('',(34.830908203125,11.,1.927490234375));
#4196 = DIRECTION('',(1.,0.,0.));
#4197 = DIRECTION('',(0.,0.,-1.));
#4198 = DEFINITIONAL_REPRESENTATION('',(#4199),#4203);
#4199 = LINE('',#4200,#4201);
#4200 = CARTESIAN_POINT('',(0.,0.));
#4201 = VECTOR('',#4202,1.);
#4202 = DIRECTION('',(1.,0.));
#4203 = ( GEOMETRIC_REPRESENTATION_CONTEXT(2) 
PARAMETRIC_REPRESENTATION_CONTEXT() REPRESENTATION_CONTEXT('2D SPACE',''
  ) );
#4204 = ORIENTED_EDGE('',*,*,#4205,.T.);
#4205 = EDGE_CURVE('',#4178,#4206,#4208,.T.);
#4206 = VERTEX_POINT('',#4207);
#4207 = CARTESIAN_POINT('',(35.553564453125,11.,-1.651611328125));
#4208 = SURFACE_CURVE('',#4209,(#4213,#4220),.PCURVE_S1.);
#4209 = LINE('',#4210,#4211);
#4210 = CARTESIAN_POINT('',(34.830908203125,11.,-1.651611328125));
#4211 = VECTOR('',#4212,1.);
#4212 = DIRECTION('',(1.,0.,0.));
#4213 = PCURVE('',#886,#4214);
#4214 = DEFINITIONAL_REPRESENTATION('',(#4215),#4219);
#4215 = LINE('',#4216,#4217);
#4216 = CARTESIAN_POINT('',(5.348388671875,30.830908203125));
#4217 = VECTOR('',#4218,1.);
#4218 = DIRECTION('',(0.,1.));
#4219 = ( GEOMETRIC_REPRESENTATION_CONTEXT(2) 
PARAMETRIC_REPRESENTATION_CONTEXT() REPRESENTATION_CONTEXT('2D SPACE',''
  ) );
#4220 = PCURVE('',#4221,#4226);
#4221 = PLANE('',#4222);
#4222 = AXIS2_PLACEMENT_3D('',#4223,#4224,#4225);
#4223 = CARTESIAN_POINT('',(34.830908203125,11.,-1.651611328125));
#4224 = DIRECTION('',(0.,0.,1.));
#4225 = DIRECTION('',(1.,0.,0.));
#4226 = DEFINITIONAL_REPRESENTATION('',(#4227),#4231);
#4227 = LINE('',#4228,#4229);
#4228 = CARTESIAN_POINT('',(0.,0.));
#4229 = VECTOR('',#4230,1.);
#4230 = DIRECTION('',(1.,0.));
#4231 = ( GEOMETRIC_REPRESENTATION_CONTEXT(2) 
PARAMETRIC_REPRESENTATION_CONTEXT() REPRESENTATION_CONTEXT('2D SPACE',''
  ) );
#4232 = ORIENTED_EDGE('',*,*,#4233,.T.);
#4233 = EDGE_CURVE('',#4206,#4234,#4236,.T.);
#4234 = VERTEX_POINT('',#4235);
#4235 = CARTESIAN_POINT('',(35.553564453125,11.,-8.6669921875E-02));
#4236 = SURFACE_CURVE('',#4237,(#4241,#4248),.PCURVE_S1.);
#4237 = LINE('',#4238,#4239);
#4238 = CARTESIAN_POINT('',(35.553564453125,11.,-1.651611328125));
#4239 = VECTOR('',#4240,1.);
#4240 = DIRECTION('',(0.,0.,1.));
#4241 = PCURVE('',#886,#4242);
#4242 = DEFINITIONAL_REPRESENTATION('',(#4243),#4247);
#4243 = LINE('',#4244,#4245);
#4244 = CARTESIAN_POINT('',(5.348388671875,31.553564453125));
#4245 = VECTOR('',#4246,1.);
#4246 = DIRECTION('',(1.,0.));
#4247 = ( GEOMETRIC_REPRESENTATION_CONTEXT(2) 
PARAMETRIC_REPRESENTATION_CONTEXT() REPRESENTATION_CONTEXT('2D SPACE',''
  ) );
#4248 = PCURVE('',#4249,#4254);
#4249 = PLANE('',#4250);
#4250 = AXIS2_PLACEMENT_3D('',#4251,#4252,#4253);
#4251 = CARTESIAN_POINT('',(35.553564453125,11.,-1.651611328125));
#4252 = DIRECTION('',(-1.,0.,0.));
#4253 = DIRECTION('',(0.,0.,1.));
#4254 = DEFINITIONAL_REPRESENTATION('',(#4255),#4259);
#4255 = LINE('',#4256,#4257);
#4256 = CARTESIAN_POINT('',(0.,0.));
#4257 = VECTOR('',#4258,1.);
#4258 = DIRECTION('',(1.,0.));
#4259 = ( GEOMETRIC_REPRESENTATION_CONTEXT(2) 
PARAMETRIC_REPRESENTATION_CONTEXT() REPRESENTATION_CONTEXT('2D SPACE',''
  ) );
#4260 = ORIENTED_EDGE('',*,*,#4261,.T.);
#4261 = EDGE_CURVE('',#4234,#3952,#4262,.T.);
#4262 = SURFACE_CURVE('',#4263,(#4267,#4274),.PCURVE_S1.);
#4263 = LINE('',#4264,#4265);
#4264 = CARTESIAN_POINT('',(35.553564453125,11.,-8.6669921875E-02));
#4265 = VECTOR('',#4266,1.);
#4266 = DIRECTION('',(1.,0.,0.));
#4267 = PCURVE('',#886,#4268);
#4268 = DEFINITIONAL_REPRESENTATION('',(#4269),#4273);
#4269 = LINE('',#4270,#4271);
#4270 = CARTESIAN_POINT('',(6.913330078125,31.553564453125));
#4271 = VECTOR('',#4272,1.);
#4272 = DIRECTION('',(0.,1.));
#4273 = ( GEOMETRIC_REPRESENTATION_CONTEXT(2) 
PARAMETRIC_REPRESENTATION_CONTEXT() REPRESENTATION_CONTEXT('2D SPACE',''
  ) );
#4274 = PCURVE('',#4275,#4280);
#4275 = PLANE('',#4276);
#4276 = AXIS2_PLACEMENT_3D('',#4277,#4278,#4279);
#4277 = CARTESIAN_POINT('',(35.553564453125,11.,-8.6669921875E-02));
#4278 = DIRECTION('',(0.,0.,1.));
#4279 = DIRECTION('',(1.,0.,0.));
#4280 = DEFINITIONAL_REPRESENTATION('',(#4281),#4285);
#4281 = LINE('',#4282,#4283);
#4282 = CARTESIAN_POINT('',(0.,0.));
#4283 = VECTOR('',#4284,1.);
#4284 = DIRECTION('',(1.,0.));
#4285 = ( GEOMETRIC_REPRESENTATION_CONTEXT(2) 
PARAMETRIC_REPRESENTATION_CONTEXT() REPRESENTATION_CONTEXT('2D SPACE',''
  ) );
#4286 = ADVANCED_FACE('',(#4287),#914,.F.);
#4287 = FACE_BOUND('',#4288,.F.);
#4288 = EDGE_LOOP('',(#4289,#4290));
#4289 = ORIENTED_EDGE('',*,*,#2745,.F.);
#4290 = ORIENTED_EDGE('',*,*,#897,.F.);
#4291 = ADVANCED_FACE('',(#4292),#996,.F.);
#4292 = FACE_BOUND('',#4293,.T.);
#4293 = EDGE_LOOP('',(#4294,#4295,#4318,#4349));
#4294 = ORIENTED_EDGE('',*,*,#975,.T.);
#4295 = ORIENTED_EDGE('',*,*,#4296,.T.);
#4296 = EDGE_CURVE('',#976,#4297,#4299,.T.);
#4297 = VERTEX_POINT('',#4298);
#4298 = CARTESIAN_POINT('',(1.,1.5,0.));
#4299 = SEAM_CURVE('',#4300,(#4304,#4311),.PCURVE_S1.);
#4300 = LINE('',#4301,#4302);
#4301 = CARTESIAN_POINT('',(-1.,1.5,0.));
#4302 = VECTOR('',#4303,1.);
#4303 = DIRECTION('',(1.,0.,0.));
#4304 = PCURVE('',#996,#4305);
#4305 = DEFINITIONAL_REPRESENTATION('',(#4306),#4310);
#4306 = LINE('',#4307,#4308);
#4307 = CARTESIAN_POINT('',(-6.28318530718,0.));
#4308 = VECTOR('',#4309,1.);
#4309 = DIRECTION('',(-0.,-1.));
#4310 = ( GEOMETRIC_REPRESENTATION_CONTEXT(2) 
PARAMETRIC_REPRESENTATION_CONTEXT() REPRESENTATION_CONTEXT('2D SPACE',''
  ) );
#4311 = PCURVE('',#996,#4312);
#4312 = DEFINITIONAL_REPRESENTATION('',(#4313),#4317);
#4313 = LINE('',#4314,#4315);
#4314 = CARTESIAN_POINT('',(-0.,0.));
#4315 = VECTOR('',#4316,1.);
#4316 = DIRECTION('',(-0.,-1.));
#4317 = ( GEOMETRIC_REPRESENTATION_CONTEXT(2) 
PARAMETRIC_REPRESENTATION_CONTEXT() REPRESENTATION_CONTEXT('2D SPACE',''
  ) );
#4318 = ORIENTED_EDGE('',*,*,#4319,.F.);
#4319 = EDGE_CURVE('',#4297,#4297,#4320,.T.);
#4320 = SURFACE_CURVE('',#4321,(#4326,#4333),.PCURVE_S1.);
#4321 = CIRCLE('',#4322,1.5);
#4322 = AXIS2_PLACEMENT_3D('',#4323,#4324,#4325);
#4323 = CARTESIAN_POINT('',(1.,0.,0.));
#4324 = DIRECTION('',(-1.,0.,0.));
#4325 = DIRECTION('',(0.,1.,0.));
#4326 = PCURVE('',#996,#4327);
#4327 = DEFINITIONAL_REPRESENTATION('',(#4328),#4332);
#4328 = LINE('',#4329,#4330);
#4329 = CARTESIAN_POINT('',(-6.28318530718,-2.));
#4330 = VECTOR('',#4331,1.);
#4331 = DIRECTION('',(1.,-0.));
#4332 = ( GEOMETRIC_REPRESENTATION_CONTEXT(2) 
PARAMETRIC_REPRESENTATION_CONTEXT() REPRESENTATION_CONTEXT('2D SPACE',''
  ) );
#4333 = PCURVE('',#4334,#4339);
#4334 = PLANE('',#4335);
#4335 = AXIS2_PLACEMENT_3D('',#4336,#4337,#4338);
#4336 = CARTESIAN_POINT('',(1.,-1.953485903628E-16,2.47821720825E-16));
#4337 = DIRECTION('',(1.,0.,0.));
#4338 = DIRECTION('',(-0.,0.,1.));
#4339 = DEFINITIONAL_REPRESENTATION('',(#4340),#4348);
#4340 = ( BOUNDED_CURVE() B_SPLINE_CURVE(2,(#4341,#4342,#4343,#4344,
#4345,#4346,#4347),.UNSPECIFIED.,.T.,.F.) B_SPLINE_CURVE_WITH_KNOTS((1,2
    ,2,2,2,1),(-2.094395102393,0.,2.094395102393,4.188790204786,
6.28318530718,8.377580409573),.UNSPECIFIED.) CURVE() 
GEOMETRIC_REPRESENTATION_ITEM() RATIONAL_B_SPLINE_CURVE((1.,0.5,1.,0.5,
1.,0.5,1.)) REPRESENTATION_ITEM('') );
#4341 = CARTESIAN_POINT('',(-2.47821720825E-16,-1.5));
#4342 = CARTESIAN_POINT('',(-2.598076211353,-1.5));
#4343 = CARTESIAN_POINT('',(-1.299038105677,0.75));
#4344 = CARTESIAN_POINT('',(-6.152157605692E-16,3.));
#4345 = CARTESIAN_POINT('',(1.299038105677,0.75));
#4346 = CARTESIAN_POINT('',(2.598076211353,-1.5));
#4347 = CARTESIAN_POINT('',(-2.47821720825E-16,-1.5));
#4348 = ( GEOMETRIC_REPRESENTATION_CONTEXT(2) 
PARAMETRIC_REPRESENTATION_CONTEXT() REPRESENTATION_CONTEXT('2D SPACE',''
  ) );
#4349 = ORIENTED_EDGE('',*,*,#4296,.F.);
#4350 = ADVANCED_FACE('',(#4351),#1147,.F.);
#4351 = FACE_BOUND('',#4352,.F.);
#4352 = EDGE_LOOP('',(#4353,#4354,#4355,#4356));
#4353 = ORIENTED_EDGE('',*,*,#1131,.F.);
#4354 = ORIENTED_EDGE('',*,*,#1395,.T.);
#4355 = ORIENTED_EDGE('',*,*,#1531,.T.);
#4356 = ORIENTED_EDGE('',*,*,#1667,.F.);
#4357 = ADVANCED_FACE('',(#4358),#1072,.T.);
#4358 = FACE_BOUND('',#4359,.T.);
#4359 = EDGE_LOOP('',(#4360,#4361,#4362,#4363));
#4360 = ORIENTED_EDGE('',*,*,#1056,.F.);
#4361 = ORIENTED_EDGE('',*,*,#1325,.T.);
#4362 = ORIENTED_EDGE('',*,*,#1446,.T.);
#4363 = ORIENTED_EDGE('',*,*,#1641,.F.);
#4364 = ADVANCED_FACE('',(#4365),#1203,.F.);
#4365 = FACE_BOUND('',#4366,.T.);
#4366 = EDGE_LOOP('',(#4367,#4368,#4389,#4390));
#4367 = ORIENTED_EDGE('',*,*,#1182,.T.);
#4368 = ORIENTED_EDGE('',*,*,#4369,.T.);
#4369 = EDGE_CURVE('',#1183,#1579,#4370,.T.);
#4370 = SEAM_CURVE('',#4371,(#4375,#4382),.PCURVE_S1.);
#4371 = LINE('',#4372,#4373);
#4372 = CARTESIAN_POINT('',(16.2,-17.,-12.));
#4373 = VECTOR('',#4374,1.);
#4374 = DIRECTION('',(0.,0.,1.));
#4375 = PCURVE('',#1203,#4376);
#4376 = DEFINITIONAL_REPRESENTATION('',(#4377),#4381);
#4377 = LINE('',#4378,#4379);
#4378 = CARTESIAN_POINT('',(-6.28318530718,0.));
#4379 = VECTOR('',#4380,1.);
#4380 = DIRECTION('',(-0.,-1.));
#4381 = ( GEOMETRIC_REPRESENTATION_CONTEXT(2) 
PARAMETRIC_REPRESENTATION_CONTEXT() REPRESENTATION_CONTEXT('2D SPACE',''
  ) );
#4382 = PCURVE('',#1203,#4383);
#4383 = DEFINITIONAL_REPRESENTATION('',(#4384),#4388);
#4384 = LINE('',#4385,#4386);
#4385 = CARTESIAN_POINT('',(-0.,0.));
#4386 = VECTOR('',#4387,1.);
#4387 = DIRECTION('',(-0.,-1.));
#4388 = ( GEOMETRIC_REPRESENTATION_CONTEXT(2) 
PARAMETRIC_REPRESENTATION_CONTEXT() REPRESENTATION_CONTEXT('2D SPACE',''
  ) );
#4389 = ORIENTED_EDGE('',*,*,#1578,.F.);
#4390 = ORIENTED_EDGE('',*,*,#4369,.F.);
#4391 = ADVANCED_FACE('',(#4392),#1238,.F.);
#4392 = FACE_BOUND('',#4393,.T.);
#4393 = EDGE_LOOP('',(#4394,#4395,#4416,#4417));
#4394 = ORIENTED_EDGE('',*,*,#1217,.T.);
#4395 = ORIENTED_EDGE('',*,*,#4396,.T.);
#4396 = EDGE_CURVE('',#1218,#1609,#4397,.T.);
#4397 = SEAM_CURVE('',#4398,(#4402,#4409),.PCURVE_S1.);
#4398 = LINE('',#4399,#4400);
#4399 = CARTESIAN_POINT('',(61.2,-17.,-12.));
#4400 = VECTOR('',#4401,1.);
#4401 = DIRECTION('',(0.,0.,1.));
#4402 = PCURVE('',#1238,#4403);
#4403 = DEFINITIONAL_REPRESENTATION('',(#4404),#4408);
#4404 = LINE('',#4405,#4406);
#4405 = CARTESIAN_POINT('',(-6.28318530718,0.));
#4406 = VECTOR('',#4407,1.);
#4407 = DIRECTION('',(-0.,-1.));
#4408 = ( GEOMETRIC_REPRESENTATION_CONTEXT(2) 
PARAMETRIC_REPRESENTATION_CONTEXT() REPRESENTATION_CONTEXT('2D SPACE',''
  ) );
#4409 = PCURVE('',#1238,#4410);
#4410 = DEFINITIONAL_REPRESENTATION('',(#4411),#4415);
#4411 = LINE('',#4412,#4413);
#4412 = CARTESIAN_POINT('',(-0.,0.));
#4413 = VECTOR('',#4414,1.);
#4414 = DIRECTION('',(-0.,-1.));
#4415 = ( GEOMETRIC_REPRESENTATION_CONTEXT(2) 
PARAMETRIC_REPRESENTATION_CONTEXT() REPRESENTATION_CONTEXT('2D SPACE',''
  ) );
#4416 = ORIENTED_EDGE('',*,*,#1608,.F.);
#4417 = ORIENTED_EDGE('',*,*,#4396,.F.);
#4418 = ADVANCED_FACE('',(#4419),#1273,.F.);
#4419 = FACE_BOUND('',#4420,.T.);
#4420 = EDGE_LOOP('',(#4421,#4422,#4443,#4444));
#4421 = ORIENTED_EDGE('',*,*,#1252,.T.);
#4422 = ORIENTED_EDGE('',*,*,#4423,.T.);
#4423 = EDGE_CURVE('',#1253,#1470,#4424,.T.);
#4424 = SEAM_CURVE('',#4425,(#4429,#4436),.PCURVE_S1.);
#4425 = LINE('',#4426,#4427);
#4426 = CARTESIAN_POINT('',(16.2,17.,-12.));
#4427 = VECTOR('',#4428,1.);
#4428 = DIRECTION('',(0.,0.,1.));
#4429 = PCURVE('',#1273,#4430);
#4430 = DEFINITIONAL_REPRESENTATION('',(#4431),#4435);
#4431 = LINE('',#4432,#4433);
#4432 = CARTESIAN_POINT('',(-6.28318530718,0.));
#4433 = VECTOR('',#4434,1.);
#4434 = DIRECTION('',(-0.,-1.));
#4435 = ( GEOMETRIC_REPRESENTATION_CONTEXT(2) 
PARAMETRIC_REPRESENTATION_CONTEXT() REPRESENTATION_CONTEXT('2D SPACE',''
  ) );
#4436 = PCURVE('',#1273,#4437);
#4437 = DEFINITIONAL_REPRESENTATION('',(#4438),#4442);
#4438 = LINE('',#4439,#4440);
#4439 = CARTESIAN_POINT('',(-0.,0.));
#4440 = VECTOR('',#4441,1.);
#4441 = DIRECTION('',(-0.,-1.));
#4442 = ( GEOMETRIC_REPRESENTATION_CONTEXT(2) 
PARAMETRIC_REPRESENTATION_CONTEXT() REPRESENTATION_CONTEXT('2D SPACE',''
  ) );
#4443 = ORIENTED_EDGE('',*,*,#1469,.F.);
#4444 = ORIENTED_EDGE('',*,*,#4423,.F.);
#4445 = ADVANCED_FACE('',(#4446),#1308,.F.);
#4446 = FACE_BOUND('',#4447,.T.);
#4447 = EDGE_LOOP('',(#4448,#4449,#4470,#4471));
#4448 = ORIENTED_EDGE('',*,*,#1287,.T.);
#4449 = ORIENTED_EDGE('',*,*,#4450,.T.);
#4450 = EDGE_CURVE('',#1288,#1500,#4451,.T.);
#4451 = SEAM_CURVE('',#4452,(#4456,#4463),.PCURVE_S1.);
#4452 = LINE('',#4453,#4454);
#4453 = CARTESIAN_POINT('',(61.2,17.,-12.));
#4454 = VECTOR('',#4455,1.);
#4455 = DIRECTION('',(0.,0.,1.));
#4456 = PCURVE('',#1308,#4457);
#4457 = DEFINITIONAL_REPRESENTATION('',(#4458),#4462);
#4458 = LINE('',#4459,#4460);
#4459 = CARTESIAN_POINT('',(-6.28318530718,0.));
#4460 = VECTOR('',#4461,1.);
#4461 = DIRECTION('',(-0.,-1.));
#4462 = ( GEOMETRIC_REPRESENTATION_CONTEXT(2) 
PARAMETRIC_REPRESENTATION_CONTEXT() REPRESENTATION_CONTEXT('2D SPACE',''
  ) );
#4463 = PCURVE('',#1308,#4464);
#4464 = DEFINITIONAL_REPRESENTATION('',(#4465),#4469);
#4465 = LINE('',#4466,#4467);
#4466 = CARTESIAN_POINT('',(-0.,0.));
#4467 = VECTOR('',#4468,1.);
#4468 = DIRECTION('',(-0.,-1.));
#4469 = ( GEOMETRIC_REPRESENTATION_CONTEXT(2) 
PARAMETRIC_REPRESENTATION_CONTEXT() REPRESENTATION_CONTEXT('2D SPACE',''
  ) );
#4470 = ORIENTED_EDGE('',*,*,#1499,.F.);
#4471 = ORIENTED_EDGE('',*,*,#4450,.F.);
#4472 = ADVANCED_FACE('',(#4473,#4910,#5026,#5032,#5152),#1737,.F.);
#4473 = FACE_BOUND('',#4474,.T.);
#4474 = EDGE_LOOP('',(#4475,#4504,#4527,#4560,#4586,#4619,#4642,#4675,
    #4694,#4695,#4696,#4697,#4698,#4699,#4700,#4701,#4702,#4703,#4724,
    #4757,#4776,#4777,#4778,#4779,#4780,#4781,#4802,#4828,#4829,#4857,
    #4883,#4909));
#4475 = ORIENTED_EDGE('',*,*,#4476,.F.);
#4476 = EDGE_CURVE('',#4477,#4477,#4479,.T.);
#4477 = VERTEX_POINT('',#4478);
#4478 = CARTESIAN_POINT('',(3.,9.5,0.));
#4479 = SURFACE_CURVE('',#4480,(#4485,#4492),.PCURVE_S1.);
#4480 = CIRCLE('',#4481,9.5);
#4481 = AXIS2_PLACEMENT_3D('',#4482,#4483,#4484);
#4482 = CARTESIAN_POINT('',(3.,0.,0.));
#4483 = DIRECTION('',(1.,0.,0.));
#4484 = DIRECTION('',(0.,1.,0.));
#4485 = PCURVE('',#1737,#4486);
#4486 = DEFINITIONAL_REPRESENTATION('',(#4487),#4491);
#4487 = LINE('',#4488,#4489);
#4488 = CARTESIAN_POINT('',(-0.,0.));
#4489 = VECTOR('',#4490,1.);
#4490 = DIRECTION('',(-1.,0.));
#4491 = ( GEOMETRIC_REPRESENTATION_CONTEXT(2) 
PARAMETRIC_REPRESENTATION_CONTEXT() REPRESENTATION_CONTEXT('2D SPACE',''
  ) );
#4492 = PCURVE('',#4493,#4498);
#4493 = PLANE('',#4494);
#4494 = AXIS2_PLACEMENT_3D('',#4495,#4496,#4497);
#4495 = CARTESIAN_POINT('',(3.,-8.636463994986E-16,1.879594466024E-16));
#4496 = DIRECTION('',(1.,0.,0.));
#4497 = DIRECTION('',(-0.,0.,1.));
#4498 = DEFINITIONAL_REPRESENTATION('',(#4499),#4503);
#4499 = CIRCLE('',#4500,9.5);
#4500 = AXIS2_PLACEMENT_2D('',#4501,#4502);
#4501 = CARTESIAN_POINT('',(-1.879594466024E-16,-8.636463994986E-16));
#4502 = DIRECTION('',(0.,-1.));
#4503 = ( GEOMETRIC_REPRESENTATION_CONTEXT(2) 
PARAMETRIC_REPRESENTATION_CONTEXT() REPRESENTATION_CONTEXT('2D SPACE',''
  ) );
#4504 = ORIENTED_EDGE('',*,*,#4505,.T.);
#4505 = EDGE_CURVE('',#4477,#4506,#4508,.T.);
#4506 = VERTEX_POINT('',#4507);
#4507 = CARTESIAN_POINT('',(69.3,9.5,0.));
#4508 = SEAM_CURVE('',#4509,(#4513,#4520),.PCURVE_S1.);
#4509 = LINE('',#4510,#4511);
#4510 = CARTESIAN_POINT('',(3.,9.5,0.));
#4511 = VECTOR('',#4512,1.);
#4512 = DIRECTION('',(1.,0.,0.));
#4513 = PCURVE('',#1737,#4514);
#4514 = DEFINITIONAL_REPRESENTATION('',(#4515),#4519);
#4515 = LINE('',#4516,#4517);
#4516 = CARTESIAN_POINT('',(-6.28318530718,0.));
#4517 = VECTOR('',#4518,1.);
#4518 = DIRECTION('',(-0.,-1.));
#4519 = ( GEOMETRIC_REPRESENTATION_CONTEXT(2) 
PARAMETRIC_REPRESENTATION_CONTEXT() REPRESENTATION_CONTEXT('2D SPACE',''
  ) );
#4520 = PCURVE('',#1737,#4521);
#4521 = DEFINITIONAL_REPRESENTATION('',(#4522),#4526);
#4522 = LINE('',#4523,#4524);
#4523 = CARTESIAN_POINT('',(-0.,0.));
#4524 = VECTOR('',#4525,1.);
#4525 = DIRECTION('',(-0.,-1.));
#4526 = ( GEOMETRIC_REPRESENTATION_CONTEXT(2) 
PARAMETRIC_REPRESENTATION_CONTEXT() REPRESENTATION_CONTEXT('2D SPACE',''
  ) );
#4527 = ORIENTED_EDGE('',*,*,#4528,.F.);
#4528 = EDGE_CURVE('',#4529,#4506,#4531,.T.);
#4529 = VERTEX_POINT('',#4530);
#4530 = CARTESIAN_POINT('',(69.3,9.01387818866,3.));
#4531 = SURFACE_CURVE('',#4532,(#4537,#4544),.PCURVE_S1.);
#4532 = CIRCLE('',#4533,9.5);
#4533 = AXIS2_PLACEMENT_3D('',#4534,#4535,#4536);
#4534 = CARTESIAN_POINT('',(69.3,0.,0.));
#4535 = DIRECTION('',(-1.,0.,0.));
#4536 = DIRECTION('',(0.,1.,0.));
#4537 = PCURVE('',#1737,#4538);
#4538 = DEFINITIONAL_REPRESENTATION('',(#4539),#4543);
#4539 = LINE('',#4540,#4541);
#4540 = CARTESIAN_POINT('',(-6.28318530718,-66.3));
#4541 = VECTOR('',#4542,1.);
#4542 = DIRECTION('',(1.,-0.));
#4543 = ( GEOMETRIC_REPRESENTATION_CONTEXT(2) 
PARAMETRIC_REPRESENTATION_CONTEXT() REPRESENTATION_CONTEXT('2D SPACE',''
  ) );
#4544 = PCURVE('',#4545,#4550);
#4545 = PLANE('',#4546);
#4546 = AXIS2_PLACEMENT_3D('',#4547,#4548,#4549);
#4547 = CARTESIAN_POINT('',(69.3,8.3,-3.));
#4548 = DIRECTION('',(1.,0.,0.));
#4549 = DIRECTION('',(0.,0.,1.));
#4550 = DEFINITIONAL_REPRESENTATION('',(#4551),#4559);
#4551 = ( BOUNDED_CURVE() B_SPLINE_CURVE(2,(#4552,#4553,#4554,#4555,
#4556,#4557,#4558),.UNSPECIFIED.,.T.,.F.) B_SPLINE_CURVE_WITH_KNOTS((1,2
    ,2,2,2,1),(-2.094395102393,0.,2.094395102393,4.188790204786,
6.28318530718,8.377580409573),.UNSPECIFIED.) CURVE() 
GEOMETRIC_REPRESENTATION_ITEM() RATIONAL_B_SPLINE_CURVE((1.,0.5,1.,0.5,
1.,0.5,1.)) REPRESENTATION_ITEM('') );
#4552 = CARTESIAN_POINT('',(3.,-1.2));
#4553 = CARTESIAN_POINT('',(-13.4544826719,-1.2));
#4554 = CARTESIAN_POINT('',(-5.227241335952,13.05));
#4555 = CARTESIAN_POINT('',(3.,27.3));
#4556 = CARTESIAN_POINT('',(11.227241335952,13.05));
#4557 = CARTESIAN_POINT('',(19.454482671904,-1.2));
#4558 = CARTESIAN_POINT('',(3.,-1.2));
#4559 = ( GEOMETRIC_REPRESENTATION_CONTEXT(2) 
PARAMETRIC_REPRESENTATION_CONTEXT() REPRESENTATION_CONTEXT('2D SPACE',''
  ) );
#4560 = ORIENTED_EDGE('',*,*,#4561,.F.);
#4561 = EDGE_CURVE('',#4562,#4529,#4564,.T.);
#4562 = VERTEX_POINT('',#4563);
#4563 = CARTESIAN_POINT('',(71.8,9.01387818866,3.));
#4564 = SURFACE_CURVE('',#4565,(#4569,#4575),.PCURVE_S1.);
#4565 = LINE('',#4566,#4567);
#4566 = CARTESIAN_POINT('',(3.,9.01387818866,3.));
#4567 = VECTOR('',#4568,1.);
#4568 = DIRECTION('',(-1.,-0.,-0.));
#4569 = PCURVE('',#1737,#4570);
#4570 = DEFINITIONAL_REPRESENTATION('',(#4571),#4574);
#4571 = B_SPLINE_CURVE_WITH_KNOTS('',1,(#4572,#4573),.UNSPECIFIED.,.F.,
  .F.,(2,2),(-69.05,-66.05),.PIECEWISE_BEZIER_KNOTS.);
#4572 = CARTESIAN_POINT('',(-0.321288589265,-69.05));
#4573 = CARTESIAN_POINT('',(-0.321288589265,-66.05));
#4574 = ( GEOMETRIC_REPRESENTATION_CONTEXT(2) 
PARAMETRIC_REPRESENTATION_CONTEXT() REPRESENTATION_CONTEXT('2D SPACE',''
  ) );
#4575 = PCURVE('',#4576,#4581);
#4576 = PLANE('',#4577);
#4577 = AXIS2_PLACEMENT_3D('',#4578,#4579,#4580);
#4578 = CARTESIAN_POINT('',(69.3,8.3,3.));
#4579 = DIRECTION('',(0.,0.,1.));
#4580 = DIRECTION('',(1.,0.,0.));
#4581 = DEFINITIONAL_REPRESENTATION('',(#4582),#4585);
#4582 = B_SPLINE_CURVE_WITH_KNOTS('',1,(#4583,#4584),.UNSPECIFIED.,.F.,
  .F.,(2,2),(-69.05,-66.05),.PIECEWISE_BEZIER_KNOTS.);
#4583 = CARTESIAN_POINT('',(2.75,0.71387818866));
#4584 = CARTESIAN_POINT('',(-0.25,0.71387818866));
#4585 = ( GEOMETRIC_REPRESENTATION_CONTEXT(2) 
PARAMETRIC_REPRESENTATION_CONTEXT() REPRESENTATION_CONTEXT('2D SPACE',''
  ) );
#4586 = ORIENTED_EDGE('',*,*,#4587,.T.);
#4587 = EDGE_CURVE('',#4562,#4588,#4590,.T.);
#4588 = VERTEX_POINT('',#4589);
#4589 = CARTESIAN_POINT('',(71.8,9.5,0.));
#4590 = SURFACE_CURVE('',#4591,(#4596,#4603),.PCURVE_S1.);
#4591 = CIRCLE('',#4592,9.5);
#4592 = AXIS2_PLACEMENT_3D('',#4593,#4594,#4595);
#4593 = CARTESIAN_POINT('',(71.8,0.,0.));
#4594 = DIRECTION('',(-1.,0.,0.));
#4595 = DIRECTION('',(0.,1.,0.));
#4596 = PCURVE('',#1737,#4597);
#4597 = DEFINITIONAL_REPRESENTATION('',(#4598),#4602);
#4598 = LINE('',#4599,#4600);
#4599 = CARTESIAN_POINT('',(-6.28318530718,-68.8));
#4600 = VECTOR('',#4601,1.);
#4601 = DIRECTION('',(1.,-0.));
#4602 = ( GEOMETRIC_REPRESENTATION_CONTEXT(2) 
PARAMETRIC_REPRESENTATION_CONTEXT() REPRESENTATION_CONTEXT('2D SPACE',''
  ) );
#4603 = PCURVE('',#4604,#4609);
#4604 = PLANE('',#4605);
#4605 = AXIS2_PLACEMENT_3D('',#4606,#4607,#4608);
#4606 = CARTESIAN_POINT('',(71.8,8.3,-3.));
#4607 = DIRECTION('',(1.,0.,0.));
#4608 = DIRECTION('',(0.,0.,1.));
#4609 = DEFINITIONAL_REPRESENTATION('',(#4610),#4618);
#4610 = ( BOUNDED_CURVE() B_SPLINE_CURVE(2,(#4611,#4612,#4613,#4614,
#4615,#4616,#4617),.UNSPECIFIED.,.T.,.F.) B_SPLINE_CURVE_WITH_KNOTS((1,2
    ,2,2,2,1),(-2.094395102393,0.,2.094395102393,4.188790204786,
6.28318530718,8.377580409573),.UNSPECIFIED.) CURVE() 
GEOMETRIC_REPRESENTATION_ITEM() RATIONAL_B_SPLINE_CURVE((1.,0.5,1.,0.5,
1.,0.5,1.)) REPRESENTATION_ITEM('') );
#4611 = CARTESIAN_POINT('',(3.,-1.2));
#4612 = CARTESIAN_POINT('',(-13.4544826719,-1.2));
#4613 = CARTESIAN_POINT('',(-5.227241335952,13.05));
#4614 = CARTESIAN_POINT('',(3.,27.3));
#4615 = CARTESIAN_POINT('',(11.227241335952,13.05));
#4616 = CARTESIAN_POINT('',(19.454482671904,-1.2));
#4617 = CARTESIAN_POINT('',(3.,-1.2));
#4618 = ( GEOMETRIC_REPRESENTATION_CONTEXT(2) 
PARAMETRIC_REPRESENTATION_CONTEXT() REPRESENTATION_CONTEXT('2D SPACE',''
  ) );
#4619 = ORIENTED_EDGE('',*,*,#4620,.T.);
#4620 = EDGE_CURVE('',#4588,#4621,#4623,.T.);
#4621 = VERTEX_POINT('',#4622);
#4622 = CARTESIAN_POINT('',(74.3,9.5,0.));
#4623 = SEAM_CURVE('',#4624,(#4628,#4635),.PCURVE_S1.);
#4624 = LINE('',#4625,#4626);
#4625 = CARTESIAN_POINT('',(3.,9.5,0.));
#4626 = VECTOR('',#4627,1.);
#4627 = DIRECTION('',(1.,0.,0.));
#4628 = PCURVE('',#1737,#4629);
#4629 = DEFINITIONAL_REPRESENTATION('',(#4630),#4634);
#4630 = LINE('',#4631,#4632);
#4631 = CARTESIAN_POINT('',(-6.28318530718,0.));
#4632 = VECTOR('',#4633,1.);
#4633 = DIRECTION('',(-0.,-1.));
#4634 = ( GEOMETRIC_REPRESENTATION_CONTEXT(2) 
PARAMETRIC_REPRESENTATION_CONTEXT() REPRESENTATION_CONTEXT('2D SPACE',''
  ) );
#4635 = PCURVE('',#1737,#4636);
#4636 = DEFINITIONAL_REPRESENTATION('',(#4637),#4641);
#4637 = LINE('',#4638,#4639);
#4638 = CARTESIAN_POINT('',(-0.,0.));
#4639 = VECTOR('',#4640,1.);
#4640 = DIRECTION('',(-0.,-1.));
#4641 = ( GEOMETRIC_REPRESENTATION_CONTEXT(2) 
PARAMETRIC_REPRESENTATION_CONTEXT() REPRESENTATION_CONTEXT('2D SPACE',''
  ) );
#4642 = ORIENTED_EDGE('',*,*,#4643,.F.);
#4643 = EDGE_CURVE('',#4644,#4621,#4646,.T.);
#4644 = VERTEX_POINT('',#4645);
#4645 = CARTESIAN_POINT('',(74.3,8.831760866328,3.5));
#4646 = SURFACE_CURVE('',#4647,(#4652,#4659),.PCURVE_S1.);
#4647 = CIRCLE('',#4648,9.5);
#4648 = AXIS2_PLACEMENT_3D('',#4649,#4650,#4651);
#4649 = CARTESIAN_POINT('',(74.3,0.,0.));
#4650 = DIRECTION('',(-1.,0.,0.));
#4651 = DIRECTION('',(0.,1.,0.));
#4652 = PCURVE('',#1737,#4653);
#4653 = DEFINITIONAL_REPRESENTATION('',(#4654),#4658);
#4654 = LINE('',#4655,#4656);
#4655 = CARTESIAN_POINT('',(-6.28318530718,-71.3));
#4656 = VECTOR('',#4657,1.);
#4657 = DIRECTION('',(1.,-0.));
#4658 = ( GEOMETRIC_REPRESENTATION_CONTEXT(2) 
PARAMETRIC_REPRESENTATION_CONTEXT() REPRESENTATION_CONTEXT('2D SPACE',''
  ) );
#4659 = PCURVE('',#4660,#4665);
#4660 = PLANE('',#4661);
#4661 = AXIS2_PLACEMENT_3D('',#4662,#4663,#4664);
#4662 = CARTESIAN_POINT('',(74.3,-4.375808424126E-16,8.024730275931E-16)
  );
#4663 = DIRECTION('',(1.,0.,0.));
#4664 = DIRECTION('',(-0.,0.,1.));
#4665 = DEFINITIONAL_REPRESENTATION('',(#4666),#4674);
#4666 = ( BOUNDED_CURVE() B_SPLINE_CURVE(2,(#4667,#4668,#4669,#4670,
#4671,#4672,#4673),.UNSPECIFIED.,.T.,.F.) B_SPLINE_CURVE_WITH_KNOTS((1,2
    ,2,2,2,1),(-2.094395102393,0.,2.094395102393,4.188790204786,
6.28318530718,8.377580409573),.UNSPECIFIED.) CURVE() 
GEOMETRIC_REPRESENTATION_ITEM() RATIONAL_B_SPLINE_CURVE((1.,0.5,1.,0.5,
1.,0.5,1.)) REPRESENTATION_ITEM('') );
#4667 = CARTESIAN_POINT('',(-8.024730275931E-16,-9.5));
#4668 = CARTESIAN_POINT('',(-16.4544826719,-9.5));
#4669 = CARTESIAN_POINT('',(-8.227241335952,4.75));
#4670 = CARTESIAN_POINT('',(-3.129301945973E-15,19.));
#4671 = CARTESIAN_POINT('',(8.227241335952,4.75));
#4672 = CARTESIAN_POINT('',(16.454482671904,-9.5));
#4673 = CARTESIAN_POINT('',(-8.024730275931E-16,-9.5));
#4674 = ( GEOMETRIC_REPRESENTATION_CONTEXT(2) 
PARAMETRIC_REPRESENTATION_CONTEXT() REPRESENTATION_CONTEXT('2D SPACE',''
  ) );
#4675 = ORIENTED_EDGE('',*,*,#4676,.T.);
#4676 = EDGE_CURVE('',#4644,#1890,#4677,.T.);
#4677 = SURFACE_CURVE('',#4678,(#4682,#4688),.PCURVE_S1.);
#4678 = LINE('',#4679,#4680);
#4679 = CARTESIAN_POINT('',(3.,8.831760866328,3.5));
#4680 = VECTOR('',#4681,1.);
#4681 = DIRECTION('',(-1.,-0.,-0.));
#4682 = PCURVE('',#1737,#4683);
#4683 = DEFINITIONAL_REPRESENTATION('',(#4684),#4687);
#4684 = B_SPLINE_CURVE_WITH_KNOTS('',1,(#4685,#4686),.UNSPECIFIED.,.F.,
  .F.,(2,2),(-71.3000006,-51.3),.PIECEWISE_BEZIER_KNOTS.);
#4685 = CARTESIAN_POINT('',(-0.37731003236,-71.3000006));
#4686 = CARTESIAN_POINT('',(-0.37731003236,-51.3));
#4687 = ( GEOMETRIC_REPRESENTATION_CONTEXT(2) 
PARAMETRIC_REPRESENTATION_CONTEXT() REPRESENTATION_CONTEXT('2D SPACE',''
  ) );
#4688 = PCURVE('',#1933,#4689);
#4689 = DEFINITIONAL_REPRESENTATION('',(#4690),#4693);
#4690 = B_SPLINE_CURVE_WITH_KNOTS('',1,(#4691,#4692),.UNSPECIFIED.,.F.,
  .F.,(2,2),(-71.3000006,-51.3),.PIECEWISE_BEZIER_KNOTS.);
#4691 = CARTESIAN_POINT('',(18.0000006,3.831760866328));
#4692 = CARTESIAN_POINT('',(-2.,3.831760866328));
#4693 = ( GEOMETRIC_REPRESENTATION_CONTEXT(2) 
PARAMETRIC_REPRESENTATION_CONTEXT() REPRESENTATION_CONTEXT('2D SPACE',''
  ) );
#4694 = ORIENTED_EDGE('',*,*,#1889,.F.);
#4695 = ORIENTED_EDGE('',*,*,#2199,.F.);
#4696 = ORIENTED_EDGE('',*,*,#2311,.F.);
#4697 = ORIENTED_EDGE('',*,*,#2392,.T.);
#4698 = ORIENTED_EDGE('',*,*,#2487,.F.);
#4699 = ORIENTED_EDGE('',*,*,#2439,.F.);
#4700 = ORIENTED_EDGE('',*,*,#2342,.F.);
#4701 = ORIENTED_EDGE('',*,*,#2266,.T.);
#4702 = ORIENTED_EDGE('',*,*,#2118,.F.);
#4703 = ORIENTED_EDGE('',*,*,#4704,.F.);
#4704 = EDGE_CURVE('',#4705,#2091,#4707,.T.);
#4705 = VERTEX_POINT('',#4706);
#4706 = CARTESIAN_POINT('',(74.3,-8.831760866328,3.5));
#4707 = SURFACE_CURVE('',#4708,(#4712,#4718),.PCURVE_S1.);
#4708 = LINE('',#4709,#4710);
#4709 = CARTESIAN_POINT('',(3.,-8.831760866328,3.5));
#4710 = VECTOR('',#4711,1.);
#4711 = DIRECTION('',(-1.,-0.,-0.));
#4712 = PCURVE('',#1737,#4713);
#4713 = DEFINITIONAL_REPRESENTATION('',(#4714),#4717);
#4714 = B_SPLINE_CURVE_WITH_KNOTS('',1,(#4715,#4716),.UNSPECIFIED.,.F.,
  .F.,(2,2),(-71.3000006,-51.3),.PIECEWISE_BEZIER_KNOTS.);
#4715 = CARTESIAN_POINT('',(-2.76428262123,-71.3000006));
#4716 = CARTESIAN_POINT('',(-2.76428262123,-51.3));
#4717 = ( GEOMETRIC_REPRESENTATION_CONTEXT(2) 
PARAMETRIC_REPRESENTATION_CONTEXT() REPRESENTATION_CONTEXT('2D SPACE',''
  ) );
#4718 = PCURVE('',#2106,#4719);
#4719 = DEFINITIONAL_REPRESENTATION('',(#4720),#4723);
#4720 = B_SPLINE_CURVE_WITH_KNOTS('',1,(#4721,#4722),.UNSPECIFIED.,.F.,
  .F.,(2,2),(-71.3000006,-51.3),.PIECEWISE_BEZIER_KNOTS.);
#4721 = CARTESIAN_POINT('',(18.0000006,4.168239133672));
#4722 = CARTESIAN_POINT('',(-2.,4.168239133672));
#4723 = ( GEOMETRIC_REPRESENTATION_CONTEXT(2) 
PARAMETRIC_REPRESENTATION_CONTEXT() REPRESENTATION_CONTEXT('2D SPACE',''
  ) );
#4724 = ORIENTED_EDGE('',*,*,#4725,.F.);
#4725 = EDGE_CURVE('',#4726,#4705,#4728,.T.);
#4726 = VERTEX_POINT('',#4727);
#4727 = CARTESIAN_POINT('',(74.3,-8.831760866328,-3.5));
#4728 = SURFACE_CURVE('',#4729,(#4734,#4741),.PCURVE_S1.);
#4729 = CIRCLE('',#4730,9.5);
#4730 = AXIS2_PLACEMENT_3D('',#4731,#4732,#4733);
#4731 = CARTESIAN_POINT('',(74.3,0.,0.));
#4732 = DIRECTION('',(-1.,0.,0.));
#4733 = DIRECTION('',(0.,1.,0.));
#4734 = PCURVE('',#1737,#4735);
#4735 = DEFINITIONAL_REPRESENTATION('',(#4736),#4740);
#4736 = LINE('',#4737,#4738);
#4737 = CARTESIAN_POINT('',(-6.28318530718,-71.3));
#4738 = VECTOR('',#4739,1.);
#4739 = DIRECTION('',(1.,-0.));
#4740 = ( GEOMETRIC_REPRESENTATION_CONTEXT(2) 
PARAMETRIC_REPRESENTATION_CONTEXT() REPRESENTATION_CONTEXT('2D SPACE',''
  ) );
#4741 = PCURVE('',#4742,#4747);
#4742 = PLANE('',#4743);
#4743 = AXIS2_PLACEMENT_3D('',#4744,#4745,#4746);
#4744 = CARTESIAN_POINT('',(74.3,-4.375808424126E-16,8.024730275931E-16)
  );
#4745 = DIRECTION('',(1.,0.,0.));
#4746 = DIRECTION('',(-0.,0.,1.));
#4747 = DEFINITIONAL_REPRESENTATION('',(#4748),#4756);
#4748 = ( BOUNDED_CURVE() B_SPLINE_CURVE(2,(#4749,#4750,#4751,#4752,
#4753,#4754,#4755),.UNSPECIFIED.,.T.,.F.) B_SPLINE_CURVE_WITH_KNOTS((1,2
    ,2,2,2,1),(-2.094395102393,0.,2.094395102393,4.188790204786,
6.28318530718,8.377580409573),.UNSPECIFIED.) CURVE() 
GEOMETRIC_REPRESENTATION_ITEM() RATIONAL_B_SPLINE_CURVE((1.,0.5,1.,0.5,
1.,0.5,1.)) REPRESENTATION_ITEM('') );
#4749 = CARTESIAN_POINT('',(-8.024730275931E-16,-9.5));
#4750 = CARTESIAN_POINT('',(-16.4544826719,-9.5));
#4751 = CARTESIAN_POINT('',(-8.227241335952,4.75));
#4752 = CARTESIAN_POINT('',(-3.129301945973E-15,19.));
#4753 = CARTESIAN_POINT('',(8.227241335952,4.75));
#4754 = CARTESIAN_POINT('',(16.454482671904,-9.5));
#4755 = CARTESIAN_POINT('',(-8.024730275931E-16,-9.5));
#4756 = ( GEOMETRIC_REPRESENTATION_CONTEXT(2) 
PARAMETRIC_REPRESENTATION_CONTEXT() REPRESENTATION_CONTEXT('2D SPACE',''
  ) );
#4757 = ORIENTED_EDGE('',*,*,#4758,.T.);
#4758 = EDGE_CURVE('',#4726,#2035,#4759,.T.);
#4759 = SURFACE_CURVE('',#4760,(#4764,#4770),.PCURVE_S1.);
#4760 = LINE('',#4761,#4762);
#4761 = CARTESIAN_POINT('',(3.,-8.831760866328,-3.5));
#4762 = VECTOR('',#4763,1.);
#4763 = DIRECTION('',(-1.,-0.,-0.));
#4764 = PCURVE('',#1737,#4765);
#4765 = DEFINITIONAL_REPRESENTATION('',(#4766),#4769);
#4766 = B_SPLINE_CURVE_WITH_KNOTS('',1,(#4767,#4768),.UNSPECIFIED.,.F.,
  .F.,(2,2),(-71.3000006,-51.3),.PIECEWISE_BEZIER_KNOTS.);
#4767 = CARTESIAN_POINT('',(-3.51890268595,-71.3000006));
#4768 = CARTESIAN_POINT('',(-3.51890268595,-51.3));
#4769 = ( GEOMETRIC_REPRESENTATION_CONTEXT(2) 
PARAMETRIC_REPRESENTATION_CONTEXT() REPRESENTATION_CONTEXT('2D SPACE',''
  ) );
#4770 = PCURVE('',#2050,#4771);
#4771 = DEFINITIONAL_REPRESENTATION('',(#4772),#4775);
#4772 = B_SPLINE_CURVE_WITH_KNOTS('',1,(#4773,#4774),.UNSPECIFIED.,.F.,
  .F.,(2,2),(-71.3000006,-51.3),.PIECEWISE_BEZIER_KNOTS.);
#4773 = CARTESIAN_POINT('',(18.0000006,4.168239133672));
#4774 = CARTESIAN_POINT('',(-2.,4.168239133672));
#4775 = ( GEOMETRIC_REPRESENTATION_CONTEXT(2) 
PARAMETRIC_REPRESENTATION_CONTEXT() REPRESENTATION_CONTEXT('2D SPACE',''
  ) );
#4776 = ORIENTED_EDGE('',*,*,#2169,.F.);
#4777 = ORIENTED_EDGE('',*,*,#1844,.F.);
#4778 = ORIENTED_EDGE('',*,*,#1716,.F.);
#4779 = ORIENTED_EDGE('',*,*,#1795,.T.);
#4780 = ORIENTED_EDGE('',*,*,#2001,.F.);
#4781 = ORIENTED_EDGE('',*,*,#4782,.F.);
#4782 = EDGE_CURVE('',#4783,#1974,#4785,.T.);
#4783 = VERTEX_POINT('',#4784);
#4784 = CARTESIAN_POINT('',(74.3,8.831760866328,-3.5));
#4785 = SURFACE_CURVE('',#4786,(#4790,#4796),.PCURVE_S1.);
#4786 = LINE('',#4787,#4788);
#4787 = CARTESIAN_POINT('',(3.,8.831760866328,-3.5));
#4788 = VECTOR('',#4789,1.);
#4789 = DIRECTION('',(-1.,-0.,-0.));
#4790 = PCURVE('',#1737,#4791);
#4791 = DEFINITIONAL_REPRESENTATION('',(#4792),#4795);
#4792 = B_SPLINE_CURVE_WITH_KNOTS('',1,(#4793,#4794),.UNSPECIFIED.,.F.,
  .F.,(2,2),(-71.3000006,-51.3),.PIECEWISE_BEZIER_KNOTS.);
#4793 = CARTESIAN_POINT('',(-5.90587527482,-71.3000006));
#4794 = CARTESIAN_POINT('',(-5.90587527482,-51.3));
#4795 = ( GEOMETRIC_REPRESENTATION_CONTEXT(2) 
PARAMETRIC_REPRESENTATION_CONTEXT() REPRESENTATION_CONTEXT('2D SPACE',''
  ) );
#4796 = PCURVE('',#1989,#4797);
#4797 = DEFINITIONAL_REPRESENTATION('',(#4798),#4801);
#4798 = B_SPLINE_CURVE_WITH_KNOTS('',1,(#4799,#4800),.UNSPECIFIED.,.F.,
  .F.,(2,2),(-71.3000006,-51.3),.PIECEWISE_BEZIER_KNOTS.);
#4799 = CARTESIAN_POINT('',(18.0000006,3.831760866328));
#4800 = CARTESIAN_POINT('',(-2.,3.831760866328));
#4801 = ( GEOMETRIC_REPRESENTATION_CONTEXT(2) 
PARAMETRIC_REPRESENTATION_CONTEXT() REPRESENTATION_CONTEXT('2D SPACE',''
  ) );
#4802 = ORIENTED_EDGE('',*,*,#4803,.F.);
#4803 = EDGE_CURVE('',#4621,#4783,#4804,.T.);
#4804 = SURFACE_CURVE('',#4805,(#4810,#4817),.PCURVE_S1.);
#4805 = CIRCLE('',#4806,9.5);
#4806 = AXIS2_PLACEMENT_3D('',#4807,#4808,#4809);
#4807 = CARTESIAN_POINT('',(74.3,0.,0.));
#4808 = DIRECTION('',(-1.,0.,0.));
#4809 = DIRECTION('',(0.,1.,0.));
#4810 = PCURVE('',#1737,#4811);
#4811 = DEFINITIONAL_REPRESENTATION('',(#4812),#4816);
#4812 = LINE('',#4813,#4814);
#4813 = CARTESIAN_POINT('',(-6.28318530718,-71.3));
#4814 = VECTOR('',#4815,1.);
#4815 = DIRECTION('',(1.,-0.));
#4816 = ( GEOMETRIC_REPRESENTATION_CONTEXT(2) 
PARAMETRIC_REPRESENTATION_CONTEXT() REPRESENTATION_CONTEXT('2D SPACE',''
  ) );
#4817 = PCURVE('',#4660,#4818);
#4818 = DEFINITIONAL_REPRESENTATION('',(#4819),#4827);
#4819 = ( BOUNDED_CURVE() B_SPLINE_CURVE(2,(#4820,#4821,#4822,#4823,
#4824,#4825,#4826),.UNSPECIFIED.,.T.,.F.) B_SPLINE_CURVE_WITH_KNOTS((1,2
    ,2,2,2,1),(-2.094395102393,0.,2.094395102393,4.188790204786,
6.28318530718,8.377580409573),.UNSPECIFIED.) CURVE() 
GEOMETRIC_REPRESENTATION_ITEM() RATIONAL_B_SPLINE_CURVE((1.,0.5,1.,0.5,
1.,0.5,1.)) REPRESENTATION_ITEM('') );
#4820 = CARTESIAN_POINT('',(-8.024730275931E-16,-9.5));
#4821 = CARTESIAN_POINT('',(-16.4544826719,-9.5));
#4822 = CARTESIAN_POINT('',(-8.227241335952,4.75));
#4823 = CARTESIAN_POINT('',(-3.129301945973E-15,19.));
#4824 = CARTESIAN_POINT('',(8.227241335952,4.75));
#4825 = CARTESIAN_POINT('',(16.454482671904,-9.5));
#4826 = CARTESIAN_POINT('',(-8.024730275931E-16,-9.5));
#4827 = ( GEOMETRIC_REPRESENTATION_CONTEXT(2) 
PARAMETRIC_REPRESENTATION_CONTEXT() REPRESENTATION_CONTEXT('2D SPACE',''
  ) );
#4828 = ORIENTED_EDGE('',*,*,#4620,.F.);
#4829 = ORIENTED_EDGE('',*,*,#4830,.T.);
#4830 = EDGE_CURVE('',#4588,#4831,#4833,.T.);
#4831 = VERTEX_POINT('',#4832);
#4832 = CARTESIAN_POINT('',(71.8,9.01387818866,-3.));
#4833 = SURFACE_CURVE('',#4834,(#4839,#4846),.PCURVE_S1.);
#4834 = CIRCLE('',#4835,9.5);
#4835 = AXIS2_PLACEMENT_3D('',#4836,#4837,#4838);
#4836 = CARTESIAN_POINT('',(71.8,0.,0.));
#4837 = DIRECTION('',(-1.,0.,0.));
#4838 = DIRECTION('',(0.,1.,0.));
#4839 = PCURVE('',#1737,#4840);
#4840 = DEFINITIONAL_REPRESENTATION('',(#4841),#4845);
#4841 = LINE('',#4842,#4843);
#4842 = CARTESIAN_POINT('',(-6.28318530718,-68.8));
#4843 = VECTOR('',#4844,1.);
#4844 = DIRECTION('',(1.,-0.));
#4845 = ( GEOMETRIC_REPRESENTATION_CONTEXT(2) 
PARAMETRIC_REPRESENTATION_CONTEXT() REPRESENTATION_CONTEXT('2D SPACE',''
  ) );
#4846 = PCURVE('',#4604,#4847);
#4847 = DEFINITIONAL_REPRESENTATION('',(#4848),#4856);
#4848 = ( BOUNDED_CURVE() B_SPLINE_CURVE(2,(#4849,#4850,#4851,#4852,
#4853,#4854,#4855),.UNSPECIFIED.,.T.,.F.) B_SPLINE_CURVE_WITH_KNOTS((1,2
    ,2,2,2,1),(-2.094395102393,0.,2.094395102393,4.188790204786,
6.28318530718,8.377580409573),.UNSPECIFIED.) CURVE() 
GEOMETRIC_REPRESENTATION_ITEM() RATIONAL_B_SPLINE_CURVE((1.,0.5,1.,0.5,
1.,0.5,1.)) REPRESENTATION_ITEM('') );
#4849 = CARTESIAN_POINT('',(3.,-1.2));
#4850 = CARTESIAN_POINT('',(-13.4544826719,-1.2));
#4851 = CARTESIAN_POINT('',(-5.227241335952,13.05));
#4852 = CARTESIAN_POINT('',(3.,27.3));
#4853 = CARTESIAN_POINT('',(11.227241335952,13.05));
#4854 = CARTESIAN_POINT('',(19.454482671904,-1.2));
#4855 = CARTESIAN_POINT('',(3.,-1.2));
#4856 = ( GEOMETRIC_REPRESENTATION_CONTEXT(2) 
PARAMETRIC_REPRESENTATION_CONTEXT() REPRESENTATION_CONTEXT('2D SPACE',''
  ) );
#4857 = ORIENTED_EDGE('',*,*,#4858,.T.);
#4858 = EDGE_CURVE('',#4831,#4859,#4861,.T.);
#4859 = VERTEX_POINT('',#4860);
#4860 = CARTESIAN_POINT('',(69.3,9.01387818866,-3.));
#4861 = SURFACE_CURVE('',#4862,(#4866,#4872),.PCURVE_S1.);
#4862 = LINE('',#4863,#4864);
#4863 = CARTESIAN_POINT('',(3.,9.01387818866,-3.));
#4864 = VECTOR('',#4865,1.);
#4865 = DIRECTION('',(-1.,-0.,-0.));
#4866 = PCURVE('',#1737,#4867);
#4867 = DEFINITIONAL_REPRESENTATION('',(#4868),#4871);
#4868 = B_SPLINE_CURVE_WITH_KNOTS('',1,(#4869,#4870),.UNSPECIFIED.,.F.,
  .F.,(2,2),(-69.05,-66.05),.PIECEWISE_BEZIER_KNOTS.);
#4869 = CARTESIAN_POINT('',(-5.961896717915,-69.05));
#4870 = CARTESIAN_POINT('',(-5.961896717915,-66.05));
#4871 = ( GEOMETRIC_REPRESENTATION_CONTEXT(2) 
PARAMETRIC_REPRESENTATION_CONTEXT() REPRESENTATION_CONTEXT('2D SPACE',''
  ) );
#4872 = PCURVE('',#4873,#4878);
#4873 = PLANE('',#4874);
#4874 = AXIS2_PLACEMENT_3D('',#4875,#4876,#4877);
#4875 = CARTESIAN_POINT('',(69.3,8.3,-3.));
#4876 = DIRECTION('',(0.,0.,1.));
#4877 = DIRECTION('',(1.,0.,0.));
#4878 = DEFINITIONAL_REPRESENTATION('',(#4879),#4882);
#4879 = B_SPLINE_CURVE_WITH_KNOTS('',1,(#4880,#4881),.UNSPECIFIED.,.F.,
  .F.,(2,2),(-69.05,-66.05),.PIECEWISE_BEZIER_KNOTS.);
#4880 = CARTESIAN_POINT('',(2.75,0.71387818866));
#4881 = CARTESIAN_POINT('',(-0.25,0.71387818866));
#4882 = ( GEOMETRIC_REPRESENTATION_CONTEXT(2) 
PARAMETRIC_REPRESENTATION_CONTEXT() REPRESENTATION_CONTEXT('2D SPACE',''
  ) );
#4883 = ORIENTED_EDGE('',*,*,#4884,.F.);
#4884 = EDGE_CURVE('',#4506,#4859,#4885,.T.);
#4885 = SURFACE_CURVE('',#4886,(#4891,#4898),.PCURVE_S1.);
#4886 = CIRCLE('',#4887,9.5);
#4887 = AXIS2_PLACEMENT_3D('',#4888,#4889,#4890);
#4888 = CARTESIAN_POINT('',(69.3,0.,0.));
#4889 = DIRECTION('',(-1.,0.,0.));
#4890 = DIRECTION('',(0.,1.,0.));
#4891 = PCURVE('',#1737,#4892);
#4892 = DEFINITIONAL_REPRESENTATION('',(#4893),#4897);
#4893 = LINE('',#4894,#4895);
#4894 = CARTESIAN_POINT('',(-6.28318530718,-66.3));
#4895 = VECTOR('',#4896,1.);
#4896 = DIRECTION('',(1.,-0.));
#4897 = ( GEOMETRIC_REPRESENTATION_CONTEXT(2) 
PARAMETRIC_REPRESENTATION_CONTEXT() REPRESENTATION_CONTEXT('2D SPACE',''
  ) );
#4898 = PCURVE('',#4545,#4899);
#4899 = DEFINITIONAL_REPRESENTATION('',(#4900),#4908);
#4900 = ( BOUNDED_CURVE() B_SPLINE_CURVE(2,(#4901,#4902,#4903,#4904,
#4905,#4906,#4907),.UNSPECIFIED.,.T.,.F.) B_SPLINE_CURVE_WITH_KNOTS((1,2
    ,2,2,2,1),(-2.094395102393,0.,2.094395102393,4.188790204786,
6.28318530718,8.377580409573),.UNSPECIFIED.) CURVE() 
GEOMETRIC_REPRESENTATION_ITEM() RATIONAL_B_SPLINE_CURVE((1.,0.5,1.,0.5,
1.,0.5,1.)) REPRESENTATION_ITEM('') );
#4901 = CARTESIAN_POINT('',(3.,-1.2));
#4902 = CARTESIAN_POINT('',(-13.4544826719,-1.2));
#4903 = CARTESIAN_POINT('',(-5.227241335952,13.05));
#4904 = CARTESIAN_POINT('',(3.,27.3));
#4905 = CARTESIAN_POINT('',(11.227241335952,13.05));
#4906 = CARTESIAN_POINT('',(19.454482671904,-1.2));
#4907 = CARTESIAN_POINT('',(3.,-1.2));
#4908 = ( GEOMETRIC_REPRESENTATION_CONTEXT(2) 
PARAMETRIC_REPRESENTATION_CONTEXT() REPRESENTATION_CONTEXT('2D SPACE',''
  ) );
#4909 = ORIENTED_EDGE('',*,*,#4505,.F.);
#4910 = FACE_BOUND('',#4911,.T.);
#4911 = EDGE_LOOP('',(#4912,#4943,#4969,#5002));
#4912 = ORIENTED_EDGE('',*,*,#4913,.T.);
#4913 = EDGE_CURVE('',#4914,#4916,#4918,.T.);
#4914 = VERTEX_POINT('',#4915);
#4915 = CARTESIAN_POINT('',(69.3,-9.01387818866,3.));
#4916 = VERTEX_POINT('',#4917);
#4917 = CARTESIAN_POINT('',(69.3,-9.01387818866,-3.));
#4918 = SURFACE_CURVE('',#4919,(#4924,#4931),.PCURVE_S1.);
#4919 = CIRCLE('',#4920,9.5);
#4920 = AXIS2_PLACEMENT_3D('',#4921,#4922,#4923);
#4921 = CARTESIAN_POINT('',(69.3,0.,0.));
#4922 = DIRECTION('',(1.,0.,0.));
#4923 = DIRECTION('',(0.,-0.948829283017,0.315789473684));
#4924 = PCURVE('',#1737,#4925);
#4925 = DEFINITIONAL_REPRESENTATION('',(#4926),#4930);
#4926 = LINE('',#4927,#4928);
#4927 = CARTESIAN_POINT('',(-2.820304064325,-66.3));
#4928 = VECTOR('',#4929,1.);
#4929 = DIRECTION('',(-1.,-0.));
#4930 = ( GEOMETRIC_REPRESENTATION_CONTEXT(2) 
PARAMETRIC_REPRESENTATION_CONTEXT() REPRESENTATION_CONTEXT('2D SPACE',''
  ) );
#4931 = PCURVE('',#4932,#4937);
#4932 = PLANE('',#4933);
#4933 = AXIS2_PLACEMENT_3D('',#4934,#4935,#4936);
#4934 = CARTESIAN_POINT('',(69.3,-9.5,-3.));
#4935 = DIRECTION('',(1.,0.,0.));
#4936 = DIRECTION('',(0.,0.,1.));
#4937 = DEFINITIONAL_REPRESENTATION('',(#4938),#4942);
#4938 = CIRCLE('',#4939,9.5);
#4939 = AXIS2_PLACEMENT_2D('',#4940,#4941);
#4940 = CARTESIAN_POINT('',(3.,-9.5));
#4941 = DIRECTION('',(0.315789473684,0.948829283017));
#4942 = ( GEOMETRIC_REPRESENTATION_CONTEXT(2) 
PARAMETRIC_REPRESENTATION_CONTEXT() REPRESENTATION_CONTEXT('2D SPACE',''
  ) );
#4943 = ORIENTED_EDGE('',*,*,#4944,.F.);
#4944 = EDGE_CURVE('',#4945,#4916,#4947,.T.);
#4945 = VERTEX_POINT('',#4946);
#4946 = CARTESIAN_POINT('',(71.8,-9.01387818866,-3.));
#4947 = SURFACE_CURVE('',#4948,(#4952,#4958),.PCURVE_S1.);
#4948 = LINE('',#4949,#4950);
#4949 = CARTESIAN_POINT('',(3.,-9.01387818866,-3.));
#4950 = VECTOR('',#4951,1.);
#4951 = DIRECTION('',(-1.,-0.,-0.));
#4952 = PCURVE('',#1737,#4953);
#4953 = DEFINITIONAL_REPRESENTATION('',(#4954),#4957);
#4954 = B_SPLINE_CURVE_WITH_KNOTS('',1,(#4955,#4956),.UNSPECIFIED.,.F.,
  .F.,(2,2),(-69.05,-66.05),.PIECEWISE_BEZIER_KNOTS.);
#4955 = CARTESIAN_POINT('',(-3.462881242855,-69.05));
#4956 = CARTESIAN_POINT('',(-3.462881242855,-66.05));
#4957 = ( GEOMETRIC_REPRESENTATION_CONTEXT(2) 
PARAMETRIC_REPRESENTATION_CONTEXT() REPRESENTATION_CONTEXT('2D SPACE',''
  ) );
#4958 = PCURVE('',#4959,#4964);
#4959 = PLANE('',#4960);
#4960 = AXIS2_PLACEMENT_3D('',#4961,#4962,#4963);
#4961 = CARTESIAN_POINT('',(69.3,-9.5,-3.));
#4962 = DIRECTION('',(0.,0.,1.));
#4963 = DIRECTION('',(1.,0.,0.));
#4964 = DEFINITIONAL_REPRESENTATION('',(#4965),#4968);
#4965 = B_SPLINE_CURVE_WITH_KNOTS('',1,(#4966,#4967),.UNSPECIFIED.,.F.,
  .F.,(2,2),(-69.05,-66.05),.PIECEWISE_BEZIER_KNOTS.);
#4966 = CARTESIAN_POINT('',(2.75,0.48612181134));
#4967 = CARTESIAN_POINT('',(-0.25,0.48612181134));
#4968 = ( GEOMETRIC_REPRESENTATION_CONTEXT(2) 
PARAMETRIC_REPRESENTATION_CONTEXT() REPRESENTATION_CONTEXT('2D SPACE',''
  ) );
#4969 = ORIENTED_EDGE('',*,*,#4970,.T.);
#4970 = EDGE_CURVE('',#4945,#4971,#4973,.T.);
#4971 = VERTEX_POINT('',#4972);
#4972 = CARTESIAN_POINT('',(71.8,-9.01387818866,3.));
#4973 = SURFACE_CURVE('',#4974,(#4979,#4986),.PCURVE_S1.);
#4974 = CIRCLE('',#4975,9.5);
#4975 = AXIS2_PLACEMENT_3D('',#4976,#4977,#4978);
#4976 = CARTESIAN_POINT('',(71.8,0.,0.));
#4977 = DIRECTION('',(-1.,0.,0.));
#4978 = DIRECTION('',(-0.,-0.948829283017,-0.315789473684));
#4979 = PCURVE('',#1737,#4980);
#4980 = DEFINITIONAL_REPRESENTATION('',(#4981),#4985);
#4981 = LINE('',#4982,#4983);
#4982 = CARTESIAN_POINT('',(-3.462881242855,-68.8));
#4983 = VECTOR('',#4984,1.);
#4984 = DIRECTION('',(1.,-0.));
#4985 = ( GEOMETRIC_REPRESENTATION_CONTEXT(2) 
PARAMETRIC_REPRESENTATION_CONTEXT() REPRESENTATION_CONTEXT('2D SPACE',''
  ) );
#4986 = PCURVE('',#4987,#4992);
#4987 = PLANE('',#4988);
#4988 = AXIS2_PLACEMENT_3D('',#4989,#4990,#4991);
#4989 = CARTESIAN_POINT('',(71.8,-9.5,-3.));
#4990 = DIRECTION('',(1.,0.,0.));
#4991 = DIRECTION('',(0.,0.,1.));
#4992 = DEFINITIONAL_REPRESENTATION('',(#4993),#5001);
#4993 = ( BOUNDED_CURVE() B_SPLINE_CURVE(2,(#4994,#4995,#4996,#4997,
#4998,#4999,#5000),.UNSPECIFIED.,.T.,.F.) B_SPLINE_CURVE_WITH_KNOTS((1,2
    ,2,2,2,1),(-2.094395102393,0.,2.094395102393,4.188790204786,
6.28318530718,8.377580409573),.UNSPECIFIED.) CURVE() 
GEOMETRIC_REPRESENTATION_ITEM() RATIONAL_B_SPLINE_CURVE((1.,0.5,1.,0.5,
1.,0.5,1.)) REPRESENTATION_ITEM('') );
#4994 = CARTESIAN_POINT('',(-4.440892098501E-16,-0.48612181134));
#4995 = CARTESIAN_POINT('',(15.612494995996,4.710030611367));
#4996 = CARTESIAN_POINT('',(12.306247497998,-11.40886288297));
#4997 = CARTESIAN_POINT('',(9.,-27.52775637732));
#4998 = CARTESIAN_POINT('',(-3.306247497998,-16.60501530568));
#4999 = CARTESIAN_POINT('',(-15.61249499599,-5.682274234047));
#5000 = CARTESIAN_POINT('',(-4.440892098501E-16,-0.48612181134));
#5001 = ( GEOMETRIC_REPRESENTATION_CONTEXT(2) 
PARAMETRIC_REPRESENTATION_CONTEXT() REPRESENTATION_CONTEXT('2D SPACE',''
  ) );
#5002 = ORIENTED_EDGE('',*,*,#5003,.T.);
#5003 = EDGE_CURVE('',#4971,#4914,#5004,.T.);
#5004 = SURFACE_CURVE('',#5005,(#5009,#5015),.PCURVE_S1.);
#5005 = LINE('',#5006,#5007);
#5006 = CARTESIAN_POINT('',(3.,-9.01387818866,3.));
#5007 = VECTOR('',#5008,1.);
#5008 = DIRECTION('',(-1.,-0.,-0.));
#5009 = PCURVE('',#1737,#5010);
#5010 = DEFINITIONAL_REPRESENTATION('',(#5011),#5014);
#5011 = B_SPLINE_CURVE_WITH_KNOTS('',1,(#5012,#5013),.UNSPECIFIED.,.F.,
  .F.,(2,2),(-69.05,-66.05),.PIECEWISE_BEZIER_KNOTS.);
#5012 = CARTESIAN_POINT('',(-2.820304064325,-69.05));
#5013 = CARTESIAN_POINT('',(-2.820304064325,-66.05));
#5014 = ( GEOMETRIC_REPRESENTATION_CONTEXT(2) 
PARAMETRIC_REPRESENTATION_CONTEXT() REPRESENTATION_CONTEXT('2D SPACE',''
  ) );
#5015 = PCURVE('',#5016,#5021);
#5016 = PLANE('',#5017);
#5017 = AXIS2_PLACEMENT_3D('',#5018,#5019,#5020);
#5018 = CARTESIAN_POINT('',(69.3,-9.5,3.));
#5019 = DIRECTION('',(0.,0.,1.));
#5020 = DIRECTION('',(1.,0.,0.));
#5021 = DEFINITIONAL_REPRESENTATION('',(#5022),#5025);
#5022 = B_SPLINE_CURVE_WITH_KNOTS('',1,(#5023,#5024),.UNSPECIFIED.,.F.,
  .F.,(2,2),(-69.05,-66.05),.PIECEWISE_BEZIER_KNOTS.);
#5023 = CARTESIAN_POINT('',(2.75,0.48612181134));
#5024 = CARTESIAN_POINT('',(-0.25,0.48612181134));
#5025 = ( GEOMETRIC_REPRESENTATION_CONTEXT(2) 
PARAMETRIC_REPRESENTATION_CONTEXT() REPRESENTATION_CONTEXT('2D SPACE',''
  ) );
#5026 = FACE_BOUND('',#5027,.T.);
#5027 = EDGE_LOOP('',(#5028,#5029,#5030,#5031));
#5028 = ORIENTED_EDGE('',*,*,#2541,.F.);
#5029 = ORIENTED_EDGE('',*,*,#2617,.F.);
#5030 = ORIENTED_EDGE('',*,*,#2689,.T.);
#5031 = ORIENTED_EDGE('',*,*,#2664,.T.);
#5032 = FACE_BOUND('',#5033,.T.);
#5033 = EDGE_LOOP('',(#5034,#5069,#5095,#5128));
#5034 = ORIENTED_EDGE('',*,*,#5035,.F.);
#5035 = EDGE_CURVE('',#5036,#5038,#5040,.T.);
#5036 = VERTEX_POINT('',#5037);
#5037 = CARTESIAN_POINT('',(7.,-5.,-8.077747210702));
#5038 = VERTEX_POINT('',#5039);
#5039 = CARTESIAN_POINT('',(7.,-5.12347538298,-8.));
#5040 = SURFACE_CURVE('',#5041,(#5046,#5053),.PCURVE_S1.);
#5041 = CIRCLE('',#5042,9.5);
#5042 = AXIS2_PLACEMENT_3D('',#5043,#5044,#5045);
#5043 = CARTESIAN_POINT('',(7.,0.,0.));
#5044 = DIRECTION('',(-1.,0.,0.));
#5045 = DIRECTION('',(0.,1.,0.));
#5046 = PCURVE('',#1737,#5047);
#5047 = DEFINITIONAL_REPRESENTATION('',(#5048),#5052);
#5048 = LINE('',#5049,#5050);
#5049 = CARTESIAN_POINT('',(-6.28318530718,-4.));
#5050 = VECTOR('',#5051,1.);
#5051 = DIRECTION('',(1.,-0.));
#5052 = ( GEOMETRIC_REPRESENTATION_CONTEXT(2) 
PARAMETRIC_REPRESENTATION_CONTEXT() REPRESENTATION_CONTEXT('2D SPACE',''
  ) );
#5053 = PCURVE('',#5054,#5059);
#5054 = PLANE('',#5055);
#5055 = AXIS2_PLACEMENT_3D('',#5056,#5057,#5058);
#5056 = CARTESIAN_POINT('',(7.,-21.5,-11.));
#5057 = DIRECTION('',(1.,0.,0.));
#5058 = DIRECTION('',(0.,0.,1.));
#5059 = DEFINITIONAL_REPRESENTATION('',(#5060),#5068);
#5060 = ( BOUNDED_CURVE() B_SPLINE_CURVE(2,(#5061,#5062,#5063,#5064,
#5065,#5066,#5067),.UNSPECIFIED.,.T.,.F.) B_SPLINE_CURVE_WITH_KNOTS((1,2
    ,2,2,2,1),(-2.094395102393,0.,2.094395102393,4.188790204786,
6.28318530718,8.377580409573),.UNSPECIFIED.) CURVE() 
GEOMETRIC_REPRESENTATION_ITEM() RATIONAL_B_SPLINE_CURVE((1.,0.5,1.,0.5,
1.,0.5,1.)) REPRESENTATION_ITEM('') );
#5061 = CARTESIAN_POINT('',(11.,-31.));
#5062 = CARTESIAN_POINT('',(-5.454482671904,-31.));
#5063 = CARTESIAN_POINT('',(2.772758664048,-16.75));
#5064 = CARTESIAN_POINT('',(11.,-2.5));
#5065 = CARTESIAN_POINT('',(19.227241335952,-16.75));
#5066 = CARTESIAN_POINT('',(27.454482671904,-31.));
#5067 = CARTESIAN_POINT('',(11.,-31.));
#5068 = ( GEOMETRIC_REPRESENTATION_CONTEXT(2) 
PARAMETRIC_REPRESENTATION_CONTEXT() REPRESENTATION_CONTEXT('2D SPACE',''
  ) );
#5069 = ORIENTED_EDGE('',*,*,#5070,.F.);
#5070 = EDGE_CURVE('',#5071,#5036,#5073,.T.);
#5071 = VERTEX_POINT('',#5072);
#5072 = CARTESIAN_POINT('',(67.,-5.,-8.077747210702));
#5073 = SURFACE_CURVE('',#5074,(#5078,#5084),.PCURVE_S1.);
#5074 = LINE('',#5075,#5076);
#5075 = CARTESIAN_POINT('',(3.,-5.,-8.077747210702));
#5076 = VECTOR('',#5077,1.);
#5077 = DIRECTION('',(-1.,-0.,-0.));
#5078 = PCURVE('',#1737,#5079);
#5079 = DEFINITIONAL_REPRESENTATION('',(#5080),#5083);
#5080 = B_SPLINE_CURVE_WITH_KNOTS('',1,(#5081,#5082),.UNSPECIFIED.,.F.,
  .F.,(2,2),(-70.,5.999999999062E-07),.PIECEWISE_BEZIER_KNOTS.);
#5081 = CARTESIAN_POINT('',(-4.158127145932,-70.));
#5082 = CARTESIAN_POINT('',(-4.158127145932,5.999999999062E-07));
#5083 = ( GEOMETRIC_REPRESENTATION_CONTEXT(2) 
PARAMETRIC_REPRESENTATION_CONTEXT() REPRESENTATION_CONTEXT('2D SPACE',''
  ) );
#5084 = PCURVE('',#5085,#5090);
#5085 = PLANE('',#5086);
#5086 = AXIS2_PLACEMENT_3D('',#5087,#5088,#5089);
#5087 = CARTESIAN_POINT('',(7.,-5.,-11.));
#5088 = DIRECTION('',(0.,1.,0.));
#5089 = DIRECTION('',(0.,0.,1.));
#5090 = DEFINITIONAL_REPRESENTATION('',(#5091),#5094);
#5091 = B_SPLINE_CURVE_WITH_KNOTS('',1,(#5092,#5093),.UNSPECIFIED.,.F.,
  .F.,(2,2),(-70.,5.999999999062E-07),.PIECEWISE_BEZIER_KNOTS.);
#5092 = CARTESIAN_POINT('',(2.922252789298,66.));
#5093 = CARTESIAN_POINT('',(2.922252789298,-4.0000006));
#5094 = ( GEOMETRIC_REPRESENTATION_CONTEXT(2) 
PARAMETRIC_REPRESENTATION_CONTEXT() REPRESENTATION_CONTEXT('2D SPACE',''
  ) );
#5095 = ORIENTED_EDGE('',*,*,#5096,.T.);
#5096 = EDGE_CURVE('',#5071,#5097,#5099,.T.);
#5097 = VERTEX_POINT('',#5098);
#5098 = CARTESIAN_POINT('',(67.,-5.12347538298,-8.));
#5099 = SURFACE_CURVE('',#5100,(#5105,#5112),.PCURVE_S1.);
#5100 = CIRCLE('',#5101,9.5);
#5101 = AXIS2_PLACEMENT_3D('',#5102,#5103,#5104);
#5102 = CARTESIAN_POINT('',(67.,0.,0.));
#5103 = DIRECTION('',(-1.,0.,0.));
#5104 = DIRECTION('',(0.,1.,0.));
#5105 = PCURVE('',#1737,#5106);
#5106 = DEFINITIONAL_REPRESENTATION('',(#5107),#5111);
#5107 = LINE('',#5108,#5109);
#5108 = CARTESIAN_POINT('',(-6.28318530718,-64.));
#5109 = VECTOR('',#5110,1.);
#5110 = DIRECTION('',(1.,-0.));
#5111 = ( GEOMETRIC_REPRESENTATION_CONTEXT(2) 
PARAMETRIC_REPRESENTATION_CONTEXT() REPRESENTATION_CONTEXT('2D SPACE',''
  ) );
#5112 = PCURVE('',#5113,#5118);
#5113 = PLANE('',#5114);
#5114 = AXIS2_PLACEMENT_3D('',#5115,#5116,#5117);
#5115 = CARTESIAN_POINT('',(67.,-21.5,-11.));
#5116 = DIRECTION('',(1.,0.,0.));
#5117 = DIRECTION('',(0.,0.,1.));
#5118 = DEFINITIONAL_REPRESENTATION('',(#5119),#5127);
#5119 = ( BOUNDED_CURVE() B_SPLINE_CURVE(2,(#5120,#5121,#5122,#5123,
#5124,#5125,#5126),.UNSPECIFIED.,.T.,.F.) B_SPLINE_CURVE_WITH_KNOTS((1,2
    ,2,2,2,1),(-2.094395102393,0.,2.094395102393,4.188790204786,
6.28318530718,8.377580409573),.UNSPECIFIED.) CURVE() 
GEOMETRIC_REPRESENTATION_ITEM() RATIONAL_B_SPLINE_CURVE((1.,0.5,1.,0.5,
1.,0.5,1.)) REPRESENTATION_ITEM('') );
#5120 = CARTESIAN_POINT('',(11.,-31.));
#5121 = CARTESIAN_POINT('',(-5.454482671904,-31.));
#5122 = CARTESIAN_POINT('',(2.772758664048,-16.75));
#5123 = CARTESIAN_POINT('',(11.,-2.5));
#5124 = CARTESIAN_POINT('',(19.227241335952,-16.75));
#5125 = CARTESIAN_POINT('',(27.454482671904,-31.));
#5126 = CARTESIAN_POINT('',(11.,-31.));
#5127 = ( GEOMETRIC_REPRESENTATION_CONTEXT(2) 
PARAMETRIC_REPRESENTATION_CONTEXT() REPRESENTATION_CONTEXT('2D SPACE',''
  ) );
#5128 = ORIENTED_EDGE('',*,*,#5129,.T.);
#5129 = EDGE_CURVE('',#5097,#5038,#5130,.T.);
#5130 = SURFACE_CURVE('',#5131,(#5135,#5141),.PCURVE_S1.);
#5131 = LINE('',#5132,#5133);
#5132 = CARTESIAN_POINT('',(3.,-5.12347538298,-8.));
#5133 = VECTOR('',#5134,1.);
#5134 = DIRECTION('',(-1.,-0.,-0.));
#5135 = PCURVE('',#1737,#5136);
#5136 = DEFINITIONAL_REPRESENTATION('',(#5137),#5140);
#5137 = B_SPLINE_CURVE_WITH_KNOTS('',1,(#5138,#5139),.UNSPECIFIED.,.F.,
  .F.,(2,2),(-70.,5.999999999062E-07),.PIECEWISE_BEZIER_KNOTS.);
#5138 = CARTESIAN_POINT('',(-4.142767661312,-70.));
#5139 = CARTESIAN_POINT('',(-4.142767661312,5.999999999062E-07));
#5140 = ( GEOMETRIC_REPRESENTATION_CONTEXT(2) 
PARAMETRIC_REPRESENTATION_CONTEXT() REPRESENTATION_CONTEXT('2D SPACE',''
  ) );
#5141 = PCURVE('',#5142,#5147);
#5142 = PLANE('',#5143);
#5143 = AXIS2_PLACEMENT_3D('',#5144,#5145,#5146);
#5144 = CARTESIAN_POINT('',(7.,-21.5,-8.));
#5145 = DIRECTION('',(0.,0.,1.));
#5146 = DIRECTION('',(1.,0.,0.));
#5147 = DEFINITIONAL_REPRESENTATION('',(#5148),#5151);
#5148 = B_SPLINE_CURVE_WITH_KNOTS('',1,(#5149,#5150),.UNSPECIFIED.,.F.,
  .F.,(2,2),(-70.,5.999999999062E-07),.PIECEWISE_BEZIER_KNOTS.);
#5149 = CARTESIAN_POINT('',(66.,16.37652461702));
#5150 = CARTESIAN_POINT('',(-4.0000006,16.37652461702));
#5151 = ( GEOMETRIC_REPRESENTATION_CONTEXT(2) 
PARAMETRIC_REPRESENTATION_CONTEXT() REPRESENTATION_CONTEXT('2D SPACE',''
  ) );
#5152 = FACE_BOUND('',#5153,.T.);
#5153 = EDGE_LOOP('',(#5154,#5189,#5215,#5248));
#5154 = ORIENTED_EDGE('',*,*,#5155,.F.);
#5155 = EDGE_CURVE('',#5156,#5158,#5160,.T.);
#5156 = VERTEX_POINT('',#5157);
#5157 = CARTESIAN_POINT('',(7.,5.12347538298,-8.));
#5158 = VERTEX_POINT('',#5159);
#5159 = CARTESIAN_POINT('',(7.,5.,-8.077747210702));
#5160 = SURFACE_CURVE('',#5161,(#5166,#5173),.PCURVE_S1.);
#5161 = CIRCLE('',#5162,9.5);
#5162 = AXIS2_PLACEMENT_3D('',#5163,#5164,#5165);
#5163 = CARTESIAN_POINT('',(7.,0.,0.));
#5164 = DIRECTION('',(-1.,0.,0.));
#5165 = DIRECTION('',(0.,1.,0.));
#5166 = PCURVE('',#1737,#5167);
#5167 = DEFINITIONAL_REPRESENTATION('',(#5168),#5172);
#5168 = LINE('',#5169,#5170);
#5169 = CARTESIAN_POINT('',(-6.28318530718,-4.));
#5170 = VECTOR('',#5171,1.);
#5171 = DIRECTION('',(1.,-0.));
#5172 = ( GEOMETRIC_REPRESENTATION_CONTEXT(2) 
PARAMETRIC_REPRESENTATION_CONTEXT() REPRESENTATION_CONTEXT('2D SPACE',''
  ) );
#5173 = PCURVE('',#5174,#5179);
#5174 = PLANE('',#5175);
#5175 = AXIS2_PLACEMENT_3D('',#5176,#5177,#5178);
#5176 = CARTESIAN_POINT('',(7.,5.,-11.));
#5177 = DIRECTION('',(1.,0.,0.));
#5178 = DIRECTION('',(0.,0.,1.));
#5179 = DEFINITIONAL_REPRESENTATION('',(#5180),#5188);
#5180 = ( BOUNDED_CURVE() B_SPLINE_CURVE(2,(#5181,#5182,#5183,#5184,
#5185,#5186,#5187),.UNSPECIFIED.,.T.,.F.) B_SPLINE_CURVE_WITH_KNOTS((1,2
    ,2,2,2,1),(-2.094395102393,0.,2.094395102393,4.188790204786,
6.28318530718,8.377580409573),.UNSPECIFIED.) CURVE() 
GEOMETRIC_REPRESENTATION_ITEM() RATIONAL_B_SPLINE_CURVE((1.,0.5,1.,0.5,
1.,0.5,1.)) REPRESENTATION_ITEM('') );
#5181 = CARTESIAN_POINT('',(11.,-4.5));
#5182 = CARTESIAN_POINT('',(-5.454482671904,-4.5));
#5183 = CARTESIAN_POINT('',(2.772758664048,9.75));
#5184 = CARTESIAN_POINT('',(11.,24.));
#5185 = CARTESIAN_POINT('',(19.227241335952,9.75));
#5186 = CARTESIAN_POINT('',(27.454482671904,-4.5));
#5187 = CARTESIAN_POINT('',(11.,-4.5));
#5188 = ( GEOMETRIC_REPRESENTATION_CONTEXT(2) 
PARAMETRIC_REPRESENTATION_CONTEXT() REPRESENTATION_CONTEXT('2D SPACE',''
  ) );
#5189 = ORIENTED_EDGE('',*,*,#5190,.F.);
#5190 = EDGE_CURVE('',#5191,#5156,#5193,.T.);
#5191 = VERTEX_POINT('',#5192);
#5192 = CARTESIAN_POINT('',(67.,5.12347538298,-8.));
#5193 = SURFACE_CURVE('',#5194,(#5198,#5204),.PCURVE_S1.);
#5194 = LINE('',#5195,#5196);
#5195 = CARTESIAN_POINT('',(3.,5.12347538298,-8.));
#5196 = VECTOR('',#5197,1.);
#5197 = DIRECTION('',(-1.,-0.,-0.));
#5198 = PCURVE('',#1737,#5199);
#5199 = DEFINITIONAL_REPRESENTATION('',(#5200),#5203);
#5200 = B_SPLINE_CURVE_WITH_KNOTS('',1,(#5201,#5202),.UNSPECIFIED.,.F.,
  .F.,(2,2),(-70.,5.999999999062E-07),.PIECEWISE_BEZIER_KNOTS.);
#5201 = CARTESIAN_POINT('',(-5.282010299458,-70.));
#5202 = CARTESIAN_POINT('',(-5.282010299458,5.999999999062E-07));
#5203 = ( GEOMETRIC_REPRESENTATION_CONTEXT(2) 
PARAMETRIC_REPRESENTATION_CONTEXT() REPRESENTATION_CONTEXT('2D SPACE',''
  ) );
#5204 = PCURVE('',#5205,#5210);
#5205 = PLANE('',#5206);
#5206 = AXIS2_PLACEMENT_3D('',#5207,#5208,#5209);
#5207 = CARTESIAN_POINT('',(7.,5.,-8.));
#5208 = DIRECTION('',(0.,0.,1.));
#5209 = DIRECTION('',(1.,0.,0.));
#5210 = DEFINITIONAL_REPRESENTATION('',(#5211),#5214);
#5211 = B_SPLINE_CURVE_WITH_KNOTS('',1,(#5212,#5213),.UNSPECIFIED.,.F.,
  .F.,(2,2),(-70.,5.999999999062E-07),.PIECEWISE_BEZIER_KNOTS.);
#5212 = CARTESIAN_POINT('',(66.,0.12347538298));
#5213 = CARTESIAN_POINT('',(-4.0000006,0.12347538298));
#5214 = ( GEOMETRIC_REPRESENTATION_CONTEXT(2) 
PARAMETRIC_REPRESENTATION_CONTEXT() REPRESENTATION_CONTEXT('2D SPACE',''
  ) );
#5215 = ORIENTED_EDGE('',*,*,#5216,.T.);
#5216 = EDGE_CURVE('',#5191,#5217,#5219,.T.);
#5217 = VERTEX_POINT('',#5218);
#5218 = CARTESIAN_POINT('',(67.,5.,-8.077747210702));
#5219 = SURFACE_CURVE('',#5220,(#5225,#5232),.PCURVE_S1.);
#5220 = CIRCLE('',#5221,9.5);
#5221 = AXIS2_PLACEMENT_3D('',#5222,#5223,#5224);
#5222 = CARTESIAN_POINT('',(67.,0.,0.));
#5223 = DIRECTION('',(-1.,0.,0.));
#5224 = DIRECTION('',(0.,1.,0.));
#5225 = PCURVE('',#1737,#5226);
#5226 = DEFINITIONAL_REPRESENTATION('',(#5227),#5231);
#5227 = LINE('',#5228,#5229);
#5228 = CARTESIAN_POINT('',(-6.28318530718,-64.));
#5229 = VECTOR('',#5230,1.);
#5230 = DIRECTION('',(1.,-0.));
#5231 = ( GEOMETRIC_REPRESENTATION_CONTEXT(2) 
PARAMETRIC_REPRESENTATION_CONTEXT() REPRESENTATION_CONTEXT('2D SPACE',''
  ) );
#5232 = PCURVE('',#5233,#5238);
#5233 = PLANE('',#5234);
#5234 = AXIS2_PLACEMENT_3D('',#5235,#5236,#5237);
#5235 = CARTESIAN_POINT('',(67.,5.,-11.));
#5236 = DIRECTION('',(1.,0.,0.));
#5237 = DIRECTION('',(0.,0.,1.));
#5238 = DEFINITIONAL_REPRESENTATION('',(#5239),#5247);
#5239 = ( BOUNDED_CURVE() B_SPLINE_CURVE(2,(#5240,#5241,#5242,#5243,
#5244,#5245,#5246),.UNSPECIFIED.,.T.,.F.) B_SPLINE_CURVE_WITH_KNOTS((1,2
    ,2,2,2,1),(-2.094395102393,0.,2.094395102393,4.188790204786,
6.28318530718,8.377580409573),.UNSPECIFIED.) CURVE() 
GEOMETRIC_REPRESENTATION_ITEM() RATIONAL_B_SPLINE_CURVE((1.,0.5,1.,0.5,
1.,0.5,1.)) REPRESENTATION_ITEM('') );
#5240 = CARTESIAN_POINT('',(11.,-4.5));
#5241 = CARTESIAN_POINT('',(-5.454482671904,-4.5));
#5242 = CARTESIAN_POINT('',(2.772758664048,9.75));
#5243 = CARTESIAN_POINT('',(11.,24.));
#5244 = CARTESIAN_POINT('',(19.227241335952,9.75));
#5245 = CARTESIAN_POINT('',(27.454482671904,-4.5));
#5246 = CARTESIAN_POINT('',(11.,-4.5));
#5247 = ( GEOMETRIC_REPRESENTATION_CONTEXT(2) 
PARAMETRIC_REPRESENTATION_CONTEXT() REPRESENTATION_CONTEXT('2D SPACE',''
  ) );
#5248 = ORIENTED_EDGE('',*,*,#5249,.T.);
#5249 = EDGE_CURVE('',#5217,#5158,#5250,.T.);
#5250 = SURFACE_CURVE('',#5251,(#5255,#5261),.PCURVE_S1.);
#5251 = LINE('',#5252,#5253);
#5252 = CARTESIAN_POINT('',(3.,5.,-8.077747210702));
#5253 = VECTOR('',#5254,1.);
#5254 = DIRECTION('',(-1.,-0.,-0.));
#5255 = PCURVE('',#1737,#5256);
#5256 = DEFINITIONAL_REPRESENTATION('',(#5257),#5260);
#5257 = B_SPLINE_CURVE_WITH_KNOTS('',1,(#5258,#5259),.UNSPECIFIED.,.F.,
  .F.,(2,2),(-70.,5.999999999062E-07),.PIECEWISE_BEZIER_KNOTS.);
#5258 = CARTESIAN_POINT('',(-5.266650814837,-70.));
#5259 = CARTESIAN_POINT('',(-5.266650814837,5.999999999062E-07));
#5260 = ( GEOMETRIC_REPRESENTATION_CONTEXT(2) 
PARAMETRIC_REPRESENTATION_CONTEXT() REPRESENTATION_CONTEXT('2D SPACE',''
  ) );
#5261 = PCURVE('',#5262,#5267);
#5262 = PLANE('',#5263);
#5263 = AXIS2_PLACEMENT_3D('',#5264,#5265,#5266);
#5264 = CARTESIAN_POINT('',(7.,5.,-11.));
#5265 = DIRECTION('',(0.,1.,0.));
#5266 = DIRECTION('',(0.,0.,1.));
#5267 = DEFINITIONAL_REPRESENTATION('',(#5268),#5271);
#5268 = B_SPLINE_CURVE_WITH_KNOTS('',1,(#5269,#5270),.UNSPECIFIED.,.F.,
  .F.,(2,2),(-70.,5.999999999062E-07),.PIECEWISE_BEZIER_KNOTS.);
#5269 = CARTESIAN_POINT('',(2.922252789298,66.));
#5270 = CARTESIAN_POINT('',(2.922252789298,-4.0000006));
#5271 = ( GEOMETRIC_REPRESENTATION_CONTEXT(2) 
PARAMETRIC_REPRESENTATION_CONTEXT() REPRESENTATION_CONTEXT('2D SPACE',''
  ) );
#5272 = ADVANCED_FACE('',(#5273),#1933,.T.);
#5273 = FACE_BOUND('',#5274,.T.);
#5274 = EDGE_LOOP('',(#5275,#5276,#5277,#5298));
#5275 = ORIENTED_EDGE('',*,*,#1917,.F.);
#5276 = ORIENTED_EDGE('',*,*,#4676,.F.);
#5277 = ORIENTED_EDGE('',*,*,#5278,.F.);
#5278 = EDGE_CURVE('',#5279,#4644,#5281,.T.);
#5279 = VERTEX_POINT('',#5280);
#5280 = CARTESIAN_POINT('',(74.3,11.3,3.5));
#5281 = SURFACE_CURVE('',#5282,(#5286,#5292),.PCURVE_S1.);
#5282 = LINE('',#5283,#5284);
#5283 = CARTESIAN_POINT('',(74.3,2.5,3.5));
#5284 = VECTOR('',#5285,1.);
#5285 = DIRECTION('',(0.,-1.,0.));
#5286 = PCURVE('',#1933,#5287);
#5287 = DEFINITIONAL_REPRESENTATION('',(#5288),#5291);
#5288 = B_SPLINE_CURVE_WITH_KNOTS('',1,(#5289,#5290),.UNSPECIFIED.,.F.,
  .F.,(2,2),(-10.,-2.5),.PIECEWISE_BEZIER_KNOTS.);
#5289 = CARTESIAN_POINT('',(18.,7.5));
#5290 = CARTESIAN_POINT('',(18.,0.));
#5291 = ( GEOMETRIC_REPRESENTATION_CONTEXT(2) 
PARAMETRIC_REPRESENTATION_CONTEXT() REPRESENTATION_CONTEXT('2D SPACE',''
  ) );
#5292 = PCURVE('',#4660,#5293);
#5293 = DEFINITIONAL_REPRESENTATION('',(#5294),#5297);
#5294 = B_SPLINE_CURVE_WITH_KNOTS('',1,(#5295,#5296),.UNSPECIFIED.,.F.,
  .F.,(2,2),(-10.,-2.5),.PIECEWISE_BEZIER_KNOTS.);
#5295 = CARTESIAN_POINT('',(3.5,-12.5));
#5296 = CARTESIAN_POINT('',(3.5,-5.));
#5297 = ( GEOMETRIC_REPRESENTATION_CONTEXT(2) 
PARAMETRIC_REPRESENTATION_CONTEXT() REPRESENTATION_CONTEXT('2D SPACE',''
  ) );
#5298 = ORIENTED_EDGE('',*,*,#5299,.T.);
#5299 = EDGE_CURVE('',#5279,#1918,#5300,.T.);
#5300 = SURFACE_CURVE('',#5301,(#5305,#5311),.PCURVE_S1.);
#5301 = LINE('',#5302,#5303);
#5302 = CARTESIAN_POINT('',(56.3,11.3,3.5));
#5303 = VECTOR('',#5304,1.);
#5304 = DIRECTION('',(-1.,0.,0.));
#5305 = PCURVE('',#1933,#5306);
#5306 = DEFINITIONAL_REPRESENTATION('',(#5307),#5310);
#5307 = B_SPLINE_CURVE_WITH_KNOTS('',1,(#5308,#5309),.UNSPECIFIED.,.F.,
  .F.,(2,2),(-18.,0.),.PIECEWISE_BEZIER_KNOTS.);
#5308 = CARTESIAN_POINT('',(18.,6.3));
#5309 = CARTESIAN_POINT('',(0.,6.3));
#5310 = ( GEOMETRIC_REPRESENTATION_CONTEXT(2) 
PARAMETRIC_REPRESENTATION_CONTEXT() REPRESENTATION_CONTEXT('2D SPACE',''
  ) );
#5311 = PCURVE('',#1961,#5312);
#5312 = DEFINITIONAL_REPRESENTATION('',(#5313),#5316);
#5313 = B_SPLINE_CURVE_WITH_KNOTS('',1,(#5314,#5315),.UNSPECIFIED.,.F.,
  .F.,(2,2),(-18.,0.),.PIECEWISE_BEZIER_KNOTS.);
#5314 = CARTESIAN_POINT('',(7.5,18.));
#5315 = CARTESIAN_POINT('',(7.5,0.));
#5316 = ( GEOMETRIC_REPRESENTATION_CONTEXT(2) 
PARAMETRIC_REPRESENTATION_CONTEXT() REPRESENTATION_CONTEXT('2D SPACE',''
  ) );
#5317 = ADVANCED_FACE('',(#5318),#1961,.T.);
#5318 = FACE_BOUND('',#5319,.T.);
#5319 = EDGE_LOOP('',(#5320,#5341,#5342,#5343));
#5320 = ORIENTED_EDGE('',*,*,#5321,.T.);
#5321 = EDGE_CURVE('',#5322,#1946,#5324,.T.);
#5322 = VERTEX_POINT('',#5323);
#5323 = CARTESIAN_POINT('',(74.3,11.3,-3.5));
#5324 = SURFACE_CURVE('',#5325,(#5329,#5335),.PCURVE_S1.);
#5325 = LINE('',#5326,#5327);
#5326 = CARTESIAN_POINT('',(56.3,11.3,-3.5));
#5327 = VECTOR('',#5328,1.);
#5328 = DIRECTION('',(-1.,0.,0.));
#5329 = PCURVE('',#1961,#5330);
#5330 = DEFINITIONAL_REPRESENTATION('',(#5331),#5334);
#5331 = B_SPLINE_CURVE_WITH_KNOTS('',1,(#5332,#5333),.UNSPECIFIED.,.F.,
  .F.,(2,2),(-18.,0.),.PIECEWISE_BEZIER_KNOTS.);
#5332 = CARTESIAN_POINT('',(0.5,18.));
#5333 = CARTESIAN_POINT('',(0.5,0.));
#5334 = ( GEOMETRIC_REPRESENTATION_CONTEXT(2) 
PARAMETRIC_REPRESENTATION_CONTEXT() REPRESENTATION_CONTEXT('2D SPACE',''
  ) );
#5335 = PCURVE('',#1989,#5336);
#5336 = DEFINITIONAL_REPRESENTATION('',(#5337),#5340);
#5337 = B_SPLINE_CURVE_WITH_KNOTS('',1,(#5338,#5339),.UNSPECIFIED.,.F.,
  .F.,(2,2),(-18.,0.),.PIECEWISE_BEZIER_KNOTS.);
#5338 = CARTESIAN_POINT('',(18.,6.3));
#5339 = CARTESIAN_POINT('',(0.,6.3));
#5340 = ( GEOMETRIC_REPRESENTATION_CONTEXT(2) 
PARAMETRIC_REPRESENTATION_CONTEXT() REPRESENTATION_CONTEXT('2D SPACE',''
  ) );
#5341 = ORIENTED_EDGE('',*,*,#1945,.T.);
#5342 = ORIENTED_EDGE('',*,*,#5299,.F.);
#5343 = ORIENTED_EDGE('',*,*,#5344,.F.);
#5344 = EDGE_CURVE('',#5322,#5279,#5345,.T.);
#5345 = SURFACE_CURVE('',#5346,(#5350,#5356),.PCURVE_S1.);
#5346 = LINE('',#5347,#5348);
#5347 = CARTESIAN_POINT('',(74.3,11.3,-2.));
#5348 = VECTOR('',#5349,1.);
#5349 = DIRECTION('',(0.,0.,1.));
#5350 = PCURVE('',#1961,#5351);
#5351 = DEFINITIONAL_REPRESENTATION('',(#5352),#5355);
#5352 = B_SPLINE_CURVE_WITH_KNOTS('',1,(#5353,#5354),.UNSPECIFIED.,.F.,
  .F.,(2,2),(-1.5,5.5),.PIECEWISE_BEZIER_KNOTS.);
#5353 = CARTESIAN_POINT('',(0.5,18.));
#5354 = CARTESIAN_POINT('',(7.5,18.));
#5355 = ( GEOMETRIC_REPRESENTATION_CONTEXT(2) 
PARAMETRIC_REPRESENTATION_CONTEXT() REPRESENTATION_CONTEXT('2D SPACE',''
  ) );
#5356 = PCURVE('',#4660,#5357);
#5357 = DEFINITIONAL_REPRESENTATION('',(#5358),#5361);
#5358 = B_SPLINE_CURVE_WITH_KNOTS('',1,(#5359,#5360),.UNSPECIFIED.,.F.,
  .F.,(2,2),(-1.5,5.5),.PIECEWISE_BEZIER_KNOTS.);
#5359 = CARTESIAN_POINT('',(-3.5,-11.3));
#5360 = CARTESIAN_POINT('',(3.5,-11.3));
#5361 = ( GEOMETRIC_REPRESENTATION_CONTEXT(2) 
PARAMETRIC_REPRESENTATION_CONTEXT() REPRESENTATION_CONTEXT('2D SPACE',''
  ) );
#5362 = ADVANCED_FACE('',(#5363),#1989,.F.);
#5363 = FACE_BOUND('',#5364,.F.);
#5364 = EDGE_LOOP('',(#5365,#5366,#5367,#5386));
#5365 = ORIENTED_EDGE('',*,*,#1973,.F.);
#5366 = ORIENTED_EDGE('',*,*,#4782,.F.);
#5367 = ORIENTED_EDGE('',*,*,#5368,.F.);
#5368 = EDGE_CURVE('',#5322,#4783,#5369,.T.);
#5369 = SURFACE_CURVE('',#5370,(#5374,#5380),.PCURVE_S1.);
#5370 = LINE('',#5371,#5372);
#5371 = CARTESIAN_POINT('',(74.3,2.5,-3.5));
#5372 = VECTOR('',#5373,1.);
#5373 = DIRECTION('',(0.,-1.,0.));
#5374 = PCURVE('',#1989,#5375);
#5375 = DEFINITIONAL_REPRESENTATION('',(#5376),#5379);
#5376 = B_SPLINE_CURVE_WITH_KNOTS('',1,(#5377,#5378),.UNSPECIFIED.,.F.,
  .F.,(2,2),(-10.,-2.5),.PIECEWISE_BEZIER_KNOTS.);
#5377 = CARTESIAN_POINT('',(18.,7.5));
#5378 = CARTESIAN_POINT('',(18.,0.));
#5379 = ( GEOMETRIC_REPRESENTATION_CONTEXT(2) 
PARAMETRIC_REPRESENTATION_CONTEXT() REPRESENTATION_CONTEXT('2D SPACE',''
  ) );
#5380 = PCURVE('',#4660,#5381);
#5381 = DEFINITIONAL_REPRESENTATION('',(#5382),#5385);
#5382 = B_SPLINE_CURVE_WITH_KNOTS('',1,(#5383,#5384),.UNSPECIFIED.,.F.,
  .F.,(2,2),(-10.,-2.5),.PIECEWISE_BEZIER_KNOTS.);
#5383 = CARTESIAN_POINT('',(-3.5,-12.5));
#5384 = CARTESIAN_POINT('',(-3.5,-5.));
#5385 = ( GEOMETRIC_REPRESENTATION_CONTEXT(2) 
PARAMETRIC_REPRESENTATION_CONTEXT() REPRESENTATION_CONTEXT('2D SPACE',''
  ) );
#5386 = ORIENTED_EDGE('',*,*,#5321,.T.);
#5387 = ADVANCED_FACE('',(#5388),#2050,.F.);
#5388 = FACE_BOUND('',#5389,.F.);
#5389 = EDGE_LOOP('',(#5390,#5391,#5412,#5431));
#5390 = ORIENTED_EDGE('',*,*,#2032,.F.);
#5391 = ORIENTED_EDGE('',*,*,#5392,.F.);
#5392 = EDGE_CURVE('',#5393,#2033,#5395,.T.);
#5393 = VERTEX_POINT('',#5394);
#5394 = CARTESIAN_POINT('',(74.3,-11.3,-3.5));
#5395 = SURFACE_CURVE('',#5396,(#5400,#5406),.PCURVE_S1.);
#5396 = LINE('',#5397,#5398);
#5397 = CARTESIAN_POINT('',(56.3,-11.3,-3.5));
#5398 = VECTOR('',#5399,1.);
#5399 = DIRECTION('',(-1.,0.,0.));
#5400 = PCURVE('',#2050,#5401);
#5401 = DEFINITIONAL_REPRESENTATION('',(#5402),#5405);
#5402 = B_SPLINE_CURVE_WITH_KNOTS('',1,(#5403,#5404),.UNSPECIFIED.,.F.,
  .F.,(2,2),(-18.,0.),.PIECEWISE_BEZIER_KNOTS.);
#5403 = CARTESIAN_POINT('',(18.,1.7));
#5404 = CARTESIAN_POINT('',(0.,1.7));
#5405 = ( GEOMETRIC_REPRESENTATION_CONTEXT(2) 
PARAMETRIC_REPRESENTATION_CONTEXT() REPRESENTATION_CONTEXT('2D SPACE',''
  ) );
#5406 = PCURVE('',#2078,#5407);
#5407 = DEFINITIONAL_REPRESENTATION('',(#5408),#5411);
#5408 = B_SPLINE_CURVE_WITH_KNOTS('',1,(#5409,#5410),.UNSPECIFIED.,.F.,
  .F.,(2,2),(-18.,0.),.PIECEWISE_BEZIER_KNOTS.);
#5409 = CARTESIAN_POINT('',(0.5,18.));
#5410 = CARTESIAN_POINT('',(0.5,0.));
#5411 = ( GEOMETRIC_REPRESENTATION_CONTEXT(2) 
PARAMETRIC_REPRESENTATION_CONTEXT() REPRESENTATION_CONTEXT('2D SPACE',''
  ) );
#5412 = ORIENTED_EDGE('',*,*,#5413,.F.);
#5413 = EDGE_CURVE('',#4726,#5393,#5414,.T.);
#5414 = SURFACE_CURVE('',#5415,(#5419,#5425),.PCURVE_S1.);
#5415 = LINE('',#5416,#5417);
#5416 = CARTESIAN_POINT('',(74.3,-6.5,-3.5));
#5417 = VECTOR('',#5418,1.);
#5418 = DIRECTION('',(0.,-1.,0.));
#5419 = PCURVE('',#2050,#5420);
#5420 = DEFINITIONAL_REPRESENTATION('',(#5421),#5424);
#5421 = B_SPLINE_CURVE_WITH_KNOTS('',1,(#5422,#5423),.UNSPECIFIED.,.F.,
  .F.,(2,2),(-1.5,6.),.PIECEWISE_BEZIER_KNOTS.);
#5422 = CARTESIAN_POINT('',(18.,8.));
#5423 = CARTESIAN_POINT('',(18.,0.5));
#5424 = ( GEOMETRIC_REPRESENTATION_CONTEXT(2) 
PARAMETRIC_REPRESENTATION_CONTEXT() REPRESENTATION_CONTEXT('2D SPACE',''
  ) );
#5425 = PCURVE('',#4742,#5426);
#5426 = DEFINITIONAL_REPRESENTATION('',(#5427),#5430);
#5427 = B_SPLINE_CURVE_WITH_KNOTS('',1,(#5428,#5429),.UNSPECIFIED.,.F.,
  .F.,(2,2),(-1.5,6.),.PIECEWISE_BEZIER_KNOTS.);
#5428 = CARTESIAN_POINT('',(-3.5,5.));
#5429 = CARTESIAN_POINT('',(-3.5,12.5));
#5430 = ( GEOMETRIC_REPRESENTATION_CONTEXT(2) 
PARAMETRIC_REPRESENTATION_CONTEXT() REPRESENTATION_CONTEXT('2D SPACE',''
  ) );
#5431 = ORIENTED_EDGE('',*,*,#4758,.T.);
#5432 = ADVANCED_FACE('',(#5433),#2078,.F.);
#5433 = FACE_BOUND('',#5434,.F.);
#5434 = EDGE_LOOP('',(#5435,#5436,#5437,#5458));
#5435 = ORIENTED_EDGE('',*,*,#5392,.T.);
#5436 = ORIENTED_EDGE('',*,*,#2062,.T.);
#5437 = ORIENTED_EDGE('',*,*,#5438,.F.);
#5438 = EDGE_CURVE('',#5439,#2063,#5441,.T.);
#5439 = VERTEX_POINT('',#5440);
#5440 = CARTESIAN_POINT('',(74.3,-11.3,3.5));
#5441 = SURFACE_CURVE('',#5442,(#5446,#5452),.PCURVE_S1.);
#5442 = LINE('',#5443,#5444);
#5443 = CARTESIAN_POINT('',(56.3,-11.3,3.5));
#5444 = VECTOR('',#5445,1.);
#5445 = DIRECTION('',(-1.,0.,0.));
#5446 = PCURVE('',#2078,#5447);
#5447 = DEFINITIONAL_REPRESENTATION('',(#5448),#5451);
#5448 = B_SPLINE_CURVE_WITH_KNOTS('',1,(#5449,#5450),.UNSPECIFIED.,.F.,
  .F.,(2,2),(-18.,0.),.PIECEWISE_BEZIER_KNOTS.);
#5449 = CARTESIAN_POINT('',(7.5,18.));
#5450 = CARTESIAN_POINT('',(7.5,0.));
#5451 = ( GEOMETRIC_REPRESENTATION_CONTEXT(2) 
PARAMETRIC_REPRESENTATION_CONTEXT() REPRESENTATION_CONTEXT('2D SPACE',''
  ) );
#5452 = PCURVE('',#2106,#5453);
#5453 = DEFINITIONAL_REPRESENTATION('',(#5454),#5457);
#5454 = B_SPLINE_CURVE_WITH_KNOTS('',1,(#5455,#5456),.UNSPECIFIED.,.F.,
  .F.,(2,2),(-18.,0.),.PIECEWISE_BEZIER_KNOTS.);
#5455 = CARTESIAN_POINT('',(18.,1.7));
#5456 = CARTESIAN_POINT('',(0.,1.7));
#5457 = ( GEOMETRIC_REPRESENTATION_CONTEXT(2) 
PARAMETRIC_REPRESENTATION_CONTEXT() REPRESENTATION_CONTEXT('2D SPACE',''
  ) );
#5458 = ORIENTED_EDGE('',*,*,#5459,.F.);
#5459 = EDGE_CURVE('',#5393,#5439,#5460,.T.);
#5460 = SURFACE_CURVE('',#5461,(#5465,#5471),.PCURVE_S1.);
#5461 = LINE('',#5462,#5463);
#5462 = CARTESIAN_POINT('',(74.3,-11.3,-2.));
#5463 = VECTOR('',#5464,1.);
#5464 = DIRECTION('',(0.,0.,1.));
#5465 = PCURVE('',#2078,#5466);
#5466 = DEFINITIONAL_REPRESENTATION('',(#5467),#5470);
#5467 = B_SPLINE_CURVE_WITH_KNOTS('',1,(#5468,#5469),.UNSPECIFIED.,.F.,
  .F.,(2,2),(-1.5,5.5),.PIECEWISE_BEZIER_KNOTS.);
#5468 = CARTESIAN_POINT('',(0.5,18.));
#5469 = CARTESIAN_POINT('',(7.5,18.));
#5470 = ( GEOMETRIC_REPRESENTATION_CONTEXT(2) 
PARAMETRIC_REPRESENTATION_CONTEXT() REPRESENTATION_CONTEXT('2D SPACE',''
  ) );
#5471 = PCURVE('',#4742,#5472);
#5472 = DEFINITIONAL_REPRESENTATION('',(#5473),#5476);
#5473 = B_SPLINE_CURVE_WITH_KNOTS('',1,(#5474,#5475),.UNSPECIFIED.,.F.,
  .F.,(2,2),(-1.5,5.5),.PIECEWISE_BEZIER_KNOTS.);
#5474 = CARTESIAN_POINT('',(-3.5,11.3));
#5475 = CARTESIAN_POINT('',(3.5,11.3));
#5476 = ( GEOMETRIC_REPRESENTATION_CONTEXT(2) 
PARAMETRIC_REPRESENTATION_CONTEXT() REPRESENTATION_CONTEXT('2D SPACE',''
  ) );
#5477 = ADVANCED_FACE('',(#5478),#2106,.T.);
#5478 = FACE_BOUND('',#5479,.T.);
#5479 = EDGE_LOOP('',(#5480,#5481,#5482,#5501));
#5480 = ORIENTED_EDGE('',*,*,#2090,.F.);
#5481 = ORIENTED_EDGE('',*,*,#5438,.F.);
#5482 = ORIENTED_EDGE('',*,*,#5483,.F.);
#5483 = EDGE_CURVE('',#4705,#5439,#5484,.T.);
#5484 = SURFACE_CURVE('',#5485,(#5489,#5495),.PCURVE_S1.);
#5485 = LINE('',#5486,#5487);
#5486 = CARTESIAN_POINT('',(74.3,-6.5,3.5));
#5487 = VECTOR('',#5488,1.);
#5488 = DIRECTION('',(0.,-1.,0.));
#5489 = PCURVE('',#2106,#5490);
#5490 = DEFINITIONAL_REPRESENTATION('',(#5491),#5494);
#5491 = B_SPLINE_CURVE_WITH_KNOTS('',1,(#5492,#5493),.UNSPECIFIED.,.F.,
  .F.,(2,2),(-1.5,6.),.PIECEWISE_BEZIER_KNOTS.);
#5492 = CARTESIAN_POINT('',(18.,8.));
#5493 = CARTESIAN_POINT('',(18.,0.5));
#5494 = ( GEOMETRIC_REPRESENTATION_CONTEXT(2) 
PARAMETRIC_REPRESENTATION_CONTEXT() REPRESENTATION_CONTEXT('2D SPACE',''
  ) );
#5495 = PCURVE('',#4742,#5496);
#5496 = DEFINITIONAL_REPRESENTATION('',(#5497),#5500);
#5497 = B_SPLINE_CURVE_WITH_KNOTS('',1,(#5498,#5499),.UNSPECIFIED.,.F.,
  .F.,(2,2),(-1.5,6.),.PIECEWISE_BEZIER_KNOTS.);
#5498 = CARTESIAN_POINT('',(3.5,5.));
#5499 = CARTESIAN_POINT('',(3.5,12.5));
#5500 = ( GEOMETRIC_REPRESENTATION_CONTEXT(2) 
PARAMETRIC_REPRESENTATION_CONTEXT() REPRESENTATION_CONTEXT('2D SPACE',''
  ) );
#5501 = ORIENTED_EDGE('',*,*,#4704,.T.);
#5502 = ADVANCED_FACE('',(#5503),#2789,.T.);
#5503 = FACE_BOUND('',#5504,.T.);
#5504 = EDGE_LOOP('',(#5505,#5528,#5556,#5577));
#5505 = ORIENTED_EDGE('',*,*,#5506,.T.);
#5506 = EDGE_CURVE('',#2772,#5507,#5509,.T.);
#5507 = VERTEX_POINT('',#5508);
#5508 = CARTESIAN_POINT('',(20.458349609375,10.6,1.927490234375));
#5509 = SURFACE_CURVE('',#5510,(#5514,#5521),.PCURVE_S1.);
#5510 = LINE('',#5511,#5512);
#5511 = CARTESIAN_POINT('',(20.458349609375,11.,1.927490234375));
#5512 = VECTOR('',#5513,1.);
#5513 = DIRECTION('',(0.,-1.,-0.));
#5514 = PCURVE('',#2789,#5515);
#5515 = DEFINITIONAL_REPRESENTATION('',(#5516),#5520);
#5516 = LINE('',#5517,#5518);
#5517 = CARTESIAN_POINT('',(0.,0.));
#5518 = VECTOR('',#5519,1.);
#5519 = DIRECTION('',(0.,-1.));
#5520 = ( GEOMETRIC_REPRESENTATION_CONTEXT(2) 
PARAMETRIC_REPRESENTATION_CONTEXT() REPRESENTATION_CONTEXT('2D SPACE',''
  ) );
#5521 = PCURVE('',#2983,#5522);
#5522 = DEFINITIONAL_REPRESENTATION('',(#5523),#5527);
#5523 = LINE('',#5524,#5525);
#5524 = CARTESIAN_POINT('',(3.841005570604,0.));
#5525 = VECTOR('',#5526,1.);
#5526 = DIRECTION('',(0.,-1.));
#5527 = ( GEOMETRIC_REPRESENTATION_CONTEXT(2) 
PARAMETRIC_REPRESENTATION_CONTEXT() REPRESENTATION_CONTEXT('2D SPACE',''
  ) );
#5528 = ORIENTED_EDGE('',*,*,#5529,.T.);
#5529 = EDGE_CURVE('',#5507,#5530,#5532,.T.);
#5530 = VERTEX_POINT('',#5531);
#5531 = CARTESIAN_POINT('',(19.694189453125,10.6,1.927490234375));
#5532 = SURFACE_CURVE('',#5533,(#5537,#5544),.PCURVE_S1.);
#5533 = LINE('',#5534,#5535);
#5534 = CARTESIAN_POINT('',(20.458349609375,10.6,1.927490234375));
#5535 = VECTOR('',#5536,1.);
#5536 = DIRECTION('',(-1.,0.,0.));
#5537 = PCURVE('',#2789,#5538);
#5538 = DEFINITIONAL_REPRESENTATION('',(#5539),#5543);
#5539 = LINE('',#5540,#5541);
#5540 = CARTESIAN_POINT('',(0.,-0.4));
#5541 = VECTOR('',#5542,1.);
#5542 = DIRECTION('',(1.,0.));
#5543 = ( GEOMETRIC_REPRESENTATION_CONTEXT(2) 
PARAMETRIC_REPRESENTATION_CONTEXT() REPRESENTATION_CONTEXT('2D SPACE',''
  ) );
#5544 = PCURVE('',#5545,#5550);
#5545 = PLANE('',#5546);
#5546 = AXIS2_PLACEMENT_3D('',#5547,#5548,#5549);
#5547 = CARTESIAN_POINT('',(21.852392578125,10.6,-1.651611328125));
#5548 = DIRECTION('',(0.,1.,0.));
#5549 = DIRECTION('',(-1.,0.,0.));
#5550 = DEFINITIONAL_REPRESENTATION('',(#5551),#5555);
#5551 = LINE('',#5552,#5553);
#5552 = CARTESIAN_POINT('',(1.39404296875,3.5791015625));
#5553 = VECTOR('',#5554,1.);
#5554 = DIRECTION('',(1.,0.));
#5555 = ( GEOMETRIC_REPRESENTATION_CONTEXT(2) 
PARAMETRIC_REPRESENTATION_CONTEXT() REPRESENTATION_CONTEXT('2D SPACE',''
  ) );
#5556 = ORIENTED_EDGE('',*,*,#5557,.F.);
#5557 = EDGE_CURVE('',#2774,#5530,#5558,.T.);
#5558 = SURFACE_CURVE('',#5559,(#5563,#5570),.PCURVE_S1.);
#5559 = LINE('',#5560,#5561);
#5560 = CARTESIAN_POINT('',(19.694189453125,11.,1.927490234375));
#5561 = VECTOR('',#5562,1.);
#5562 = DIRECTION('',(0.,-1.,-0.));
#5563 = PCURVE('',#2789,#5564);
#5564 = DEFINITIONAL_REPRESENTATION('',(#5565),#5569);
#5565 = LINE('',#5566,#5567);
#5566 = CARTESIAN_POINT('',(0.76416015625,0.));
#5567 = VECTOR('',#5568,1.);
#5568 = DIRECTION('',(0.,-1.));
#5569 = ( GEOMETRIC_REPRESENTATION_CONTEXT(2) 
PARAMETRIC_REPRESENTATION_CONTEXT() REPRESENTATION_CONTEXT('2D SPACE',''
  ) );
#5570 = PCURVE('',#2817,#5571);
#5571 = DEFINITIONAL_REPRESENTATION('',(#5572),#5576);
#5572 = LINE('',#5573,#5574);
#5573 = CARTESIAN_POINT('',(0.,0.));
#5574 = VECTOR('',#5575,1.);
#5575 = DIRECTION('',(0.,-1.));
#5576 = ( GEOMETRIC_REPRESENTATION_CONTEXT(2) 
PARAMETRIC_REPRESENTATION_CONTEXT() REPRESENTATION_CONTEXT('2D SPACE',''
  ) );
#5577 = ORIENTED_EDGE('',*,*,#2771,.F.);
#5578 = ADVANCED_FACE('',(#5579),#2983,.T.);
#5579 = FACE_BOUND('',#5580,.T.);
#5580 = EDGE_LOOP('',(#5581,#5604,#5625,#5626));
#5581 = ORIENTED_EDGE('',*,*,#5582,.T.);
#5582 = EDGE_CURVE('',#2942,#5583,#5585,.T.);
#5583 = VERTEX_POINT('',#5584);
#5584 = CARTESIAN_POINT('',(21.852392578125,10.6,-1.651611328125));
#5585 = SURFACE_CURVE('',#5586,(#5590,#5597),.PCURVE_S1.);
#5586 = LINE('',#5587,#5588);
#5587 = CARTESIAN_POINT('',(21.852392578125,11.,-1.651611328125));
#5588 = VECTOR('',#5589,1.);
#5589 = DIRECTION('',(0.,-1.,-0.));
#5590 = PCURVE('',#2983,#5591);
#5591 = DEFINITIONAL_REPRESENTATION('',(#5592),#5596);
#5592 = LINE('',#5593,#5594);
#5593 = CARTESIAN_POINT('',(0.,0.));
#5594 = VECTOR('',#5595,1.);
#5595 = DIRECTION('',(0.,-1.));
#5596 = ( GEOMETRIC_REPRESENTATION_CONTEXT(2) 
PARAMETRIC_REPRESENTATION_CONTEXT() REPRESENTATION_CONTEXT('2D SPACE',''
  ) );
#5597 = PCURVE('',#2957,#5598);
#5598 = DEFINITIONAL_REPRESENTATION('',(#5599),#5603);
#5599 = LINE('',#5600,#5601);
#5600 = CARTESIAN_POINT('',(0.7666015625,0.));
#5601 = VECTOR('',#5602,1.);
#5602 = DIRECTION('',(0.,-1.));
#5603 = ( GEOMETRIC_REPRESENTATION_CONTEXT(2) 
PARAMETRIC_REPRESENTATION_CONTEXT() REPRESENTATION_CONTEXT('2D SPACE',''
  ) );
#5604 = ORIENTED_EDGE('',*,*,#5605,.T.);
#5605 = EDGE_CURVE('',#5583,#5507,#5606,.T.);
#5606 = SURFACE_CURVE('',#5607,(#5611,#5618),.PCURVE_S1.);
#5607 = LINE('',#5608,#5609);
#5608 = CARTESIAN_POINT('',(21.852392578125,10.6,-1.651611328125));
#5609 = VECTOR('',#5610,1.);
#5610 = DIRECTION('',(-0.362936981768,0.,0.931813686992));
#5611 = PCURVE('',#2983,#5612);
#5612 = DEFINITIONAL_REPRESENTATION('',(#5613),#5617);
#5613 = LINE('',#5614,#5615);
#5614 = CARTESIAN_POINT('',(0.,-0.4));
#5615 = VECTOR('',#5616,1.);
#5616 = DIRECTION('',(1.,0.));
#5617 = ( GEOMETRIC_REPRESENTATION_CONTEXT(2) 
PARAMETRIC_REPRESENTATION_CONTEXT() REPRESENTATION_CONTEXT('2D SPACE',''
  ) );
#5618 = PCURVE('',#5545,#5619);
#5619 = DEFINITIONAL_REPRESENTATION('',(#5620),#5624);
#5620 = LINE('',#5621,#5622);
#5621 = CARTESIAN_POINT('',(0.,0.));
#5622 = VECTOR('',#5623,1.);
#5623 = DIRECTION('',(0.362936981768,0.931813686992));
#5624 = ( GEOMETRIC_REPRESENTATION_CONTEXT(2) 
PARAMETRIC_REPRESENTATION_CONTEXT() REPRESENTATION_CONTEXT('2D SPACE',''
  ) );
#5625 = ORIENTED_EDGE('',*,*,#5506,.F.);
#5626 = ORIENTED_EDGE('',*,*,#2969,.F.);
#5627 = ADVANCED_FACE('',(#5628),#2957,.T.);
#5628 = FACE_BOUND('',#5629,.T.);
#5629 = EDGE_LOOP('',(#5630,#5653,#5674,#5675));
#5630 = ORIENTED_EDGE('',*,*,#5631,.T.);
#5631 = EDGE_CURVE('',#2914,#5632,#5634,.T.);
#5632 = VERTEX_POINT('',#5633);
#5633 = CARTESIAN_POINT('',(21.085791015625,10.6,-1.651611328125));
#5634 = SURFACE_CURVE('',#5635,(#5639,#5646),.PCURVE_S1.);
#5635 = LINE('',#5636,#5637);
#5636 = CARTESIAN_POINT('',(21.085791015625,11.,-1.651611328125));
#5637 = VECTOR('',#5638,1.);
#5638 = DIRECTION('',(0.,-1.,-0.));
#5639 = PCURVE('',#2957,#5640);
#5640 = DEFINITIONAL_REPRESENTATION('',(#5641),#5645);
#5641 = LINE('',#5642,#5643);
#5642 = CARTESIAN_POINT('',(0.,0.));
#5643 = VECTOR('',#5644,1.);
#5644 = DIRECTION('',(0.,-1.));
#5645 = ( GEOMETRIC_REPRESENTATION_CONTEXT(2) 
PARAMETRIC_REPRESENTATION_CONTEXT() REPRESENTATION_CONTEXT('2D SPACE',''
  ) );
#5646 = PCURVE('',#2929,#5647);
#5647 = DEFINITIONAL_REPRESENTATION('',(#5648),#5652);
#5648 = LINE('',#5649,#5650);
#5649 = CARTESIAN_POINT('',(0.864995436904,0.));
#5650 = VECTOR('',#5651,1.);
#5651 = DIRECTION('',(0.,-1.));
#5652 = ( GEOMETRIC_REPRESENTATION_CONTEXT(2) 
PARAMETRIC_REPRESENTATION_CONTEXT() REPRESENTATION_CONTEXT('2D SPACE',''
  ) );
#5653 = ORIENTED_EDGE('',*,*,#5654,.T.);
#5654 = EDGE_CURVE('',#5632,#5583,#5655,.T.);
#5655 = SURFACE_CURVE('',#5656,(#5660,#5667),.PCURVE_S1.);
#5656 = LINE('',#5657,#5658);
#5657 = CARTESIAN_POINT('',(21.085791015625,10.6,-1.651611328125));
#5658 = VECTOR('',#5659,1.);
#5659 = DIRECTION('',(1.,0.,0.));
#5660 = PCURVE('',#2957,#5661);
#5661 = DEFINITIONAL_REPRESENTATION('',(#5662),#5666);
#5662 = LINE('',#5663,#5664);
#5663 = CARTESIAN_POINT('',(0.,-0.4));
#5664 = VECTOR('',#5665,1.);
#5665 = DIRECTION('',(1.,0.));
#5666 = ( GEOMETRIC_REPRESENTATION_CONTEXT(2) 
PARAMETRIC_REPRESENTATION_CONTEXT() REPRESENTATION_CONTEXT('2D SPACE',''
  ) );
#5667 = PCURVE('',#5545,#5668);
#5668 = DEFINITIONAL_REPRESENTATION('',(#5669),#5673);
#5669 = LINE('',#5670,#5671);
#5670 = CARTESIAN_POINT('',(0.7666015625,0.));
#5671 = VECTOR('',#5672,1.);
#5672 = DIRECTION('',(-1.,0.));
#5673 = ( GEOMETRIC_REPRESENTATION_CONTEXT(2) 
PARAMETRIC_REPRESENTATION_CONTEXT() REPRESENTATION_CONTEXT('2D SPACE',''
  ) );
#5674 = ORIENTED_EDGE('',*,*,#5582,.F.);
#5675 = ORIENTED_EDGE('',*,*,#2941,.F.);
#5676 = ADVANCED_FACE('',(#5677),#2929,.T.);
#5677 = FACE_BOUND('',#5678,.T.);
#5678 = EDGE_LOOP('',(#5679,#5702,#5723,#5724));
#5679 = ORIENTED_EDGE('',*,*,#5680,.T.);
#5680 = EDGE_CURVE('',#2886,#5681,#5683,.T.);
#5681 = VERTEX_POINT('',#5682);
#5682 = CARTESIAN_POINT('',(20.790380859375,10.6,-0.838623046875));
#5683 = SURFACE_CURVE('',#5684,(#5688,#5695),.PCURVE_S1.);
#5684 = LINE('',#5685,#5686);
#5685 = CARTESIAN_POINT('',(20.790380859375,11.,-0.838623046875));
#5686 = VECTOR('',#5687,1.);
#5687 = DIRECTION('',(0.,-1.,-0.));
#5688 = PCURVE('',#2929,#5689);
#5689 = DEFINITIONAL_REPRESENTATION('',(#5690),#5694);
#5690 = LINE('',#5691,#5692);
#5691 = CARTESIAN_POINT('',(0.,0.));
#5692 = VECTOR('',#5693,1.);
#5693 = DIRECTION('',(0.,-1.));
#5694 = ( GEOMETRIC_REPRESENTATION_CONTEXT(2) 
PARAMETRIC_REPRESENTATION_CONTEXT() REPRESENTATION_CONTEXT('2D SPACE',''
  ) );
#5695 = PCURVE('',#2901,#5696);
#5696 = DEFINITIONAL_REPRESENTATION('',(#5697),#5701);
#5697 = LINE('',#5698,#5699);
#5698 = CARTESIAN_POINT('',(1.4306640625,0.));
#5699 = VECTOR('',#5700,1.);
#5700 = DIRECTION('',(0.,-1.));
#5701 = ( GEOMETRIC_REPRESENTATION_CONTEXT(2) 
PARAMETRIC_REPRESENTATION_CONTEXT() REPRESENTATION_CONTEXT('2D SPACE',''
  ) );
#5702 = ORIENTED_EDGE('',*,*,#5703,.T.);
#5703 = EDGE_CURVE('',#5681,#5632,#5704,.T.);
#5704 = SURFACE_CURVE('',#5705,(#5709,#5716),.PCURVE_S1.);
#5705 = LINE('',#5706,#5707);
#5706 = CARTESIAN_POINT('',(20.790380859375,10.6,-0.838623046875));
#5707 = VECTOR('',#5708,1.);
#5708 = DIRECTION('',(0.341516433089,0.,-0.93987580346));
#5709 = PCURVE('',#2929,#5710);
#5710 = DEFINITIONAL_REPRESENTATION('',(#5711),#5715);
#5711 = LINE('',#5712,#5713);
#5712 = CARTESIAN_POINT('',(-0.,-0.4));
#5713 = VECTOR('',#5714,1.);
#5714 = DIRECTION('',(1.,0.));
#5715 = ( GEOMETRIC_REPRESENTATION_CONTEXT(2) 
PARAMETRIC_REPRESENTATION_CONTEXT() REPRESENTATION_CONTEXT('2D SPACE',''
  ) );
#5716 = PCURVE('',#5545,#5717);
#5717 = DEFINITIONAL_REPRESENTATION('',(#5718),#5722);
#5718 = LINE('',#5719,#5720);
#5719 = CARTESIAN_POINT('',(1.06201171875,0.81298828125));
#5720 = VECTOR('',#5721,1.);
#5721 = DIRECTION('',(-0.341516433089,-0.93987580346));
#5722 = ( GEOMETRIC_REPRESENTATION_CONTEXT(2) 
PARAMETRIC_REPRESENTATION_CONTEXT() REPRESENTATION_CONTEXT('2D SPACE',''
  ) );
#5723 = ORIENTED_EDGE('',*,*,#5631,.F.);
#5724 = ORIENTED_EDGE('',*,*,#2913,.F.);
#5725 = ADVANCED_FACE('',(#5726),#2901,.T.);
#5726 = FACE_BOUND('',#5727,.T.);
#5727 = EDGE_LOOP('',(#5728,#5751,#5772,#5773));
#5728 = ORIENTED_EDGE('',*,*,#5729,.T.);
#5729 = EDGE_CURVE('',#2858,#5730,#5732,.T.);
#5730 = VERTEX_POINT('',#5731);
#5731 = CARTESIAN_POINT('',(19.359716796875,10.6,-0.838623046875));
#5732 = SURFACE_CURVE('',#5733,(#5737,#5744),.PCURVE_S1.);
#5733 = LINE('',#5734,#5735);
#5734 = CARTESIAN_POINT('',(19.359716796875,11.,-0.838623046875));
#5735 = VECTOR('',#5736,1.);
#5736 = DIRECTION('',(0.,-1.,-0.));
#5737 = PCURVE('',#2901,#5738);
#5738 = DEFINITIONAL_REPRESENTATION('',(#5739),#5743);
#5739 = LINE('',#5740,#5741);
#5740 = CARTESIAN_POINT('',(0.,0.));
#5741 = VECTOR('',#5742,1.);
#5742 = DIRECTION('',(0.,-1.));
#5743 = ( GEOMETRIC_REPRESENTATION_CONTEXT(2) 
PARAMETRIC_REPRESENTATION_CONTEXT() REPRESENTATION_CONTEXT('2D SPACE',''
  ) );
#5744 = PCURVE('',#2873,#5745);
#5745 = DEFINITIONAL_REPRESENTATION('',(#5746),#5750);
#5746 = LINE('',#5747,#5748);
#5747 = CARTESIAN_POINT('',(0.870980020121,0.));
#5748 = VECTOR('',#5749,1.);
#5749 = DIRECTION('',(0.,-1.));
#5750 = ( GEOMETRIC_REPRESENTATION_CONTEXT(2) 
PARAMETRIC_REPRESENTATION_CONTEXT() REPRESENTATION_CONTEXT('2D SPACE',''
  ) );
#5751 = ORIENTED_EDGE('',*,*,#5752,.T.);
#5752 = EDGE_CURVE('',#5730,#5681,#5753,.T.);
#5753 = SURFACE_CURVE('',#5754,(#5758,#5765),.PCURVE_S1.);
#5754 = LINE('',#5755,#5756);
#5755 = CARTESIAN_POINT('',(19.359716796875,10.6,-0.838623046875));
#5756 = VECTOR('',#5757,1.);
#5757 = DIRECTION('',(1.,0.,0.));
#5758 = PCURVE('',#2901,#5759);
#5759 = DEFINITIONAL_REPRESENTATION('',(#5760),#5764);
#5760 = LINE('',#5761,#5762);
#5761 = CARTESIAN_POINT('',(0.,-0.4));
#5762 = VECTOR('',#5763,1.);
#5763 = DIRECTION('',(1.,0.));
#5764 = ( GEOMETRIC_REPRESENTATION_CONTEXT(2) 
PARAMETRIC_REPRESENTATION_CONTEXT() REPRESENTATION_CONTEXT('2D SPACE',''
  ) );
#5765 = PCURVE('',#5545,#5766);
#5766 = DEFINITIONAL_REPRESENTATION('',(#5767),#5771);
#5767 = LINE('',#5768,#5769);
#5768 = CARTESIAN_POINT('',(2.49267578125,0.81298828125));
#5769 = VECTOR('',#5770,1.);
#5770 = DIRECTION('',(-1.,0.));
#5771 = ( GEOMETRIC_REPRESENTATION_CONTEXT(2) 
PARAMETRIC_REPRESENTATION_CONTEXT() REPRESENTATION_CONTEXT('2D SPACE',''
  ) );
#5772 = ORIENTED_EDGE('',*,*,#5680,.F.);
#5773 = ORIENTED_EDGE('',*,*,#2885,.F.);
#5774 = ADVANCED_FACE('',(#5775),#2873,.T.);
#5775 = FACE_BOUND('',#5776,.T.);
#5776 = EDGE_LOOP('',(#5777,#5800,#5821,#5822));
#5777 = ORIENTED_EDGE('',*,*,#5778,.T.);
#5778 = EDGE_CURVE('',#2830,#5779,#5781,.T.);
#5779 = VERTEX_POINT('',#5780);
#5780 = CARTESIAN_POINT('',(19.047216796875,10.6,-1.651611328125));
#5781 = SURFACE_CURVE('',#5782,(#5786,#5793),.PCURVE_S1.);
#5782 = LINE('',#5783,#5784);
#5783 = CARTESIAN_POINT('',(19.047216796875,11.,-1.651611328125));
#5784 = VECTOR('',#5785,1.);
#5785 = DIRECTION('',(0.,-1.,-0.));
#5786 = PCURVE('',#2873,#5787);
#5787 = DEFINITIONAL_REPRESENTATION('',(#5788),#5792);
#5788 = LINE('',#5789,#5790);
#5789 = CARTESIAN_POINT('',(0.,0.));
#5790 = VECTOR('',#5791,1.);
#5791 = DIRECTION('',(0.,-1.));
#5792 = ( GEOMETRIC_REPRESENTATION_CONTEXT(2) 
PARAMETRIC_REPRESENTATION_CONTEXT() REPRESENTATION_CONTEXT('2D SPACE',''
  ) );
#5793 = PCURVE('',#2845,#5794);
#5794 = DEFINITIONAL_REPRESENTATION('',(#5795),#5799);
#5795 = LINE('',#5796,#5797);
#5796 = CARTESIAN_POINT('',(0.7861328125,0.));
#5797 = VECTOR('',#5798,1.);
#5798 = DIRECTION('',(0.,-1.));
#5799 = ( GEOMETRIC_REPRESENTATION_CONTEXT(2) 
PARAMETRIC_REPRESENTATION_CONTEXT() REPRESENTATION_CONTEXT('2D SPACE',''
  ) );
#5800 = ORIENTED_EDGE('',*,*,#5801,.T.);
#5801 = EDGE_CURVE('',#5779,#5730,#5802,.T.);
#5802 = SURFACE_CURVE('',#5803,(#5807,#5814),.PCURVE_S1.);
#5803 = LINE('',#5804,#5805);
#5804 = CARTESIAN_POINT('',(19.047216796875,10.6,-1.651611328125));
#5805 = VECTOR('',#5806,1.);
#5806 = DIRECTION('',(0.358791238353,0.,0.933417831028));
#5807 = PCURVE('',#2873,#5808);
#5808 = DEFINITIONAL_REPRESENTATION('',(#5809),#5813);
#5809 = LINE('',#5810,#5811);
#5810 = CARTESIAN_POINT('',(0.,-0.4));
#5811 = VECTOR('',#5812,1.);
#5812 = DIRECTION('',(1.,0.));
#5813 = ( GEOMETRIC_REPRESENTATION_CONTEXT(2) 
PARAMETRIC_REPRESENTATION_CONTEXT() REPRESENTATION_CONTEXT('2D SPACE',''
  ) );
#5814 = PCURVE('',#5545,#5815);
#5815 = DEFINITIONAL_REPRESENTATION('',(#5816),#5820);
#5816 = LINE('',#5817,#5818);
#5817 = CARTESIAN_POINT('',(2.80517578125,0.));
#5818 = VECTOR('',#5819,1.);
#5819 = DIRECTION('',(-0.358791238353,0.933417831028));
#5820 = ( GEOMETRIC_REPRESENTATION_CONTEXT(2) 
PARAMETRIC_REPRESENTATION_CONTEXT() REPRESENTATION_CONTEXT('2D SPACE',''
  ) );
#5821 = ORIENTED_EDGE('',*,*,#5729,.F.);
#5822 = ORIENTED_EDGE('',*,*,#2857,.F.);
#5823 = ADVANCED_FACE('',(#5824),#2845,.T.);
#5824 = FACE_BOUND('',#5825,.T.);
#5825 = EDGE_LOOP('',(#5826,#5849,#5870,#5871));
#5826 = ORIENTED_EDGE('',*,*,#5827,.T.);
#5827 = EDGE_CURVE('',#2802,#5828,#5830,.T.);
#5828 = VERTEX_POINT('',#5829);
#5829 = CARTESIAN_POINT('',(18.261083984375,10.6,-1.651611328125));
#5830 = SURFACE_CURVE('',#5831,(#5835,#5842),.PCURVE_S1.);
#5831 = LINE('',#5832,#5833);
#5832 = CARTESIAN_POINT('',(18.261083984375,11.,-1.651611328125));
#5833 = VECTOR('',#5834,1.);
#5834 = DIRECTION('',(0.,-1.,-0.));
#5835 = PCURVE('',#2845,#5836);
#5836 = DEFINITIONAL_REPRESENTATION('',(#5837),#5841);
#5837 = LINE('',#5838,#5839);
#5838 = CARTESIAN_POINT('',(0.,0.));
#5839 = VECTOR('',#5840,1.);
#5840 = DIRECTION('',(0.,-1.));
#5841 = ( GEOMETRIC_REPRESENTATION_CONTEXT(2) 
PARAMETRIC_REPRESENTATION_CONTEXT() REPRESENTATION_CONTEXT('2D SPACE',''
  ) );
#5842 = PCURVE('',#2817,#5843);
#5843 = DEFINITIONAL_REPRESENTATION('',(#5844),#5848);
#5844 = LINE('',#5845,#5846);
#5845 = CARTESIAN_POINT('',(3.855354624318,0.));
#5846 = VECTOR('',#5847,1.);
#5847 = DIRECTION('',(0.,-1.));
#5848 = ( GEOMETRIC_REPRESENTATION_CONTEXT(2) 
PARAMETRIC_REPRESENTATION_CONTEXT() REPRESENTATION_CONTEXT('2D SPACE',''
  ) );
#5849 = ORIENTED_EDGE('',*,*,#5850,.T.);
#5850 = EDGE_CURVE('',#5828,#5779,#5851,.T.);
#5851 = SURFACE_CURVE('',#5852,(#5856,#5863),.PCURVE_S1.);
#5852 = LINE('',#5853,#5854);
#5853 = CARTESIAN_POINT('',(18.261083984375,10.6,-1.651611328125));
#5854 = VECTOR('',#5855,1.);
#5855 = DIRECTION('',(1.,0.,0.));
#5856 = PCURVE('',#2845,#5857);
#5857 = DEFINITIONAL_REPRESENTATION('',(#5858),#5862);
#5858 = LINE('',#5859,#5860);
#5859 = CARTESIAN_POINT('',(0.,-0.4));
#5860 = VECTOR('',#5861,1.);
#5861 = DIRECTION('',(1.,0.));
#5862 = ( GEOMETRIC_REPRESENTATION_CONTEXT(2) 
PARAMETRIC_REPRESENTATION_CONTEXT() REPRESENTATION_CONTEXT('2D SPACE',''
  ) );
#5863 = PCURVE('',#5545,#5864);
#5864 = DEFINITIONAL_REPRESENTATION('',(#5865),#5869);
#5865 = LINE('',#5866,#5867);
#5866 = CARTESIAN_POINT('',(3.59130859375,0.));
#5867 = VECTOR('',#5868,1.);
#5868 = DIRECTION('',(-1.,0.));
#5869 = ( GEOMETRIC_REPRESENTATION_CONTEXT(2) 
PARAMETRIC_REPRESENTATION_CONTEXT() REPRESENTATION_CONTEXT('2D SPACE',''
  ) );
#5870 = ORIENTED_EDGE('',*,*,#5778,.F.);
#5871 = ORIENTED_EDGE('',*,*,#2829,.F.);
#5872 = ADVANCED_FACE('',(#5873),#2817,.T.);
#5873 = FACE_BOUND('',#5874,.T.);
#5874 = EDGE_LOOP('',(#5875,#5876,#5897,#5898));
#5875 = ORIENTED_EDGE('',*,*,#5557,.T.);
#5876 = ORIENTED_EDGE('',*,*,#5877,.T.);
#5877 = EDGE_CURVE('',#5530,#5828,#5878,.T.);
#5878 = SURFACE_CURVE('',#5879,(#5883,#5890),.PCURVE_S1.);
#5879 = LINE('',#5880,#5881);
#5880 = CARTESIAN_POINT('',(19.694189453125,10.6,1.927490234375));
#5881 = VECTOR('',#5882,1.);
#5882 = DIRECTION('',(-0.371718196741,0.,-0.928345615712));
#5883 = PCURVE('',#2817,#5884);
#5884 = DEFINITIONAL_REPRESENTATION('',(#5885),#5889);
#5885 = LINE('',#5886,#5887);
#5886 = CARTESIAN_POINT('',(0.,-0.4));
#5887 = VECTOR('',#5888,1.);
#5888 = DIRECTION('',(1.,0.));
#5889 = ( GEOMETRIC_REPRESENTATION_CONTEXT(2) 
PARAMETRIC_REPRESENTATION_CONTEXT() REPRESENTATION_CONTEXT('2D SPACE',''
  ) );
#5890 = PCURVE('',#5545,#5891);
#5891 = DEFINITIONAL_REPRESENTATION('',(#5892),#5896);
#5892 = LINE('',#5893,#5894);
#5893 = CARTESIAN_POINT('',(2.158203125,3.5791015625));
#5894 = VECTOR('',#5895,1.);
#5895 = DIRECTION('',(0.371718196741,-0.928345615712));
#5896 = ( GEOMETRIC_REPRESENTATION_CONTEXT(2) 
PARAMETRIC_REPRESENTATION_CONTEXT() REPRESENTATION_CONTEXT('2D SPACE',''
  ) );
#5897 = ORIENTED_EDGE('',*,*,#5827,.F.);
#5898 = ORIENTED_EDGE('',*,*,#2801,.F.);
#5899 = ADVANCED_FACE('',(#5900),#3015,.T.);
#5900 = FACE_BOUND('',#5901,.T.);
#5901 = EDGE_LOOP('',(#5902,#5925,#5953,#5974));
#5902 = ORIENTED_EDGE('',*,*,#5903,.T.);
#5903 = EDGE_CURVE('',#2998,#5904,#5906,.T.);
#5904 = VERTEX_POINT('',#5905);
#5905 = CARTESIAN_POINT('',(25.275244140625,10.6,1.575927734375));
#5906 = SURFACE_CURVE('',#5907,(#5911,#5918),.PCURVE_S1.);
#5907 = LINE('',#5908,#5909);
#5908 = CARTESIAN_POINT('',(25.275244140625,11.,1.575927734375));
#5909 = VECTOR('',#5910,1.);
#5910 = DIRECTION('',(0.,-1.,-0.));
#5911 = PCURVE('',#3015,#5912);
#5912 = DEFINITIONAL_REPRESENTATION('',(#5913),#5917);
#5913 = LINE('',#5914,#5915);
#5914 = CARTESIAN_POINT('',(0.,0.));
#5915 = VECTOR('',#5916,1.);
#5916 = DIRECTION('',(0.,-1.));
#5917 = ( GEOMETRIC_REPRESENTATION_CONTEXT(2) 
PARAMETRIC_REPRESENTATION_CONTEXT() REPRESENTATION_CONTEXT('2D SPACE',''
  ) );
#5918 = PCURVE('',#3223,#5919);
#5919 = DEFINITIONAL_REPRESENTATION('',(#5920),#5924);
#5920 = LINE('',#5921,#5922);
#5921 = CARTESIAN_POINT('',(1.,0.));
#5922 = VECTOR('',#5923,1.);
#5923 = DIRECTION('',(0.,-1.));
#5924 = ( GEOMETRIC_REPRESENTATION_CONTEXT(2) 
PARAMETRIC_REPRESENTATION_CONTEXT() REPRESENTATION_CONTEXT('2D SPACE',''
  ) );
#5925 = ORIENTED_EDGE('',*,*,#5926,.T.);
#5926 = EDGE_CURVE('',#5904,#5927,#5929,.T.);
#5927 = VERTEX_POINT('',#5928);
#5928 = CARTESIAN_POINT('',(24.464697265625,10.6,1.942138671875));
#5929 = SURFACE_CURVE('',#5930,(#5934,#5941),.PCURVE_S1.);
#5930 = B_SPLINE_CURVE_WITH_KNOTS('',2,(#5931,#5932,#5933),
  .UNSPECIFIED.,.F.,.F.,(3,3),(0.,1.),.PIECEWISE_BEZIER_KNOTS.);
#5931 = CARTESIAN_POINT('',(25.275244140625,10.6,1.575927734375));
#5932 = CARTESIAN_POINT('',(24.984716796875,10.6,1.942138671875));
#5933 = CARTESIAN_POINT('',(24.464697265625,10.6,1.942138671875));
#5934 = PCURVE('',#3015,#5935);
#5935 = DEFINITIONAL_REPRESENTATION('',(#5936),#5940);
#5936 = LINE('',#5937,#5938);
#5937 = CARTESIAN_POINT('',(0.,-0.4));
#5938 = VECTOR('',#5939,1.);
#5939 = DIRECTION('',(1.,0.));
#5940 = ( GEOMETRIC_REPRESENTATION_CONTEXT(2) 
PARAMETRIC_REPRESENTATION_CONTEXT() REPRESENTATION_CONTEXT('2D SPACE',''
  ) );
#5941 = PCURVE('',#5942,#5947);
#5942 = PLANE('',#5943);
#5943 = AXIS2_PLACEMENT_3D('',#5944,#5945,#5946);
#5944 = CARTESIAN_POINT('',(25.836767578125,10.6,-1.651611328125));
#5945 = DIRECTION('',(0.,1.,0.));
#5946 = DIRECTION('',(-1.,0.,0.));
#5947 = DEFINITIONAL_REPRESENTATION('',(#5948),#5952);
#5948 = B_SPLINE_CURVE_WITH_KNOTS('',2,(#5949,#5950,#5951),
  .UNSPECIFIED.,.F.,.F.,(3,3),(0.,1.),.PIECEWISE_BEZIER_KNOTS.);
#5949 = CARTESIAN_POINT('',(0.5615234375,3.2275390625));
#5950 = CARTESIAN_POINT('',(0.85205078125,3.59375));
#5951 = CARTESIAN_POINT('',(1.3720703125,3.59375));
#5952 = ( GEOMETRIC_REPRESENTATION_CONTEXT(2) 
PARAMETRIC_REPRESENTATION_CONTEXT() REPRESENTATION_CONTEXT('2D SPACE',''
  ) );
#5953 = ORIENTED_EDGE('',*,*,#5954,.F.);
#5954 = EDGE_CURVE('',#3000,#5927,#5955,.T.);
#5955 = SURFACE_CURVE('',#5956,(#5960,#5967),.PCURVE_S1.);
#5956 = LINE('',#5957,#5958);
#5957 = CARTESIAN_POINT('',(24.464697265625,11.,1.942138671875));
#5958 = VECTOR('',#5959,1.);
#5959 = DIRECTION('',(0.,-1.,-0.));
#5960 = PCURVE('',#3015,#5961);
#5961 = DEFINITIONAL_REPRESENTATION('',(#5962),#5966);
#5962 = LINE('',#5963,#5964);
#5963 = CARTESIAN_POINT('',(1.,0.));
#5964 = VECTOR('',#5965,1.);
#5965 = DIRECTION('',(0.,-1.));
#5966 = ( GEOMETRIC_REPRESENTATION_CONTEXT(2) 
PARAMETRIC_REPRESENTATION_CONTEXT() REPRESENTATION_CONTEXT('2D SPACE',''
  ) );
#5967 = PCURVE('',#3045,#5968);
#5968 = DEFINITIONAL_REPRESENTATION('',(#5969),#5973);
#5969 = LINE('',#5970,#5971);
#5970 = CARTESIAN_POINT('',(0.,0.));
#5971 = VECTOR('',#5972,1.);
#5972 = DIRECTION('',(0.,-1.));
#5973 = ( GEOMETRIC_REPRESENTATION_CONTEXT(2) 
PARAMETRIC_REPRESENTATION_CONTEXT() REPRESENTATION_CONTEXT('2D SPACE',''
  ) );
#5974 = ORIENTED_EDGE('',*,*,#2997,.F.);
#5975 = ADVANCED_FACE('',(#5976),#3223,.T.);
#5976 = FACE_BOUND('',#5977,.T.);
#5977 = EDGE_LOOP('',(#5978,#6001,#6022,#6023));
#5978 = ORIENTED_EDGE('',*,*,#5979,.T.);
#5979 = EDGE_CURVE('',#3180,#5980,#5982,.T.);
#5980 = VERTEX_POINT('',#5981);
#5981 = CARTESIAN_POINT('',(25.626806640625,10.6,0.120849609375));
#5982 = SURFACE_CURVE('',#5983,(#5987,#5994),.PCURVE_S1.);
#5983 = LINE('',#5984,#5985);
#5984 = CARTESIAN_POINT('',(25.626806640625,11.,0.120849609375));
#5985 = VECTOR('',#5986,1.);
#5986 = DIRECTION('',(0.,-1.,-0.));
#5987 = PCURVE('',#3223,#5988);
#5988 = DEFINITIONAL_REPRESENTATION('',(#5989),#5993);
#5989 = LINE('',#5990,#5991);
#5990 = CARTESIAN_POINT('',(0.,0.));
#5991 = VECTOR('',#5992,1.);
#5992 = DIRECTION('',(0.,-1.));
#5993 = ( GEOMETRIC_REPRESENTATION_CONTEXT(2) 
PARAMETRIC_REPRESENTATION_CONTEXT() REPRESENTATION_CONTEXT('2D SPACE',''
  ) );
#5994 = PCURVE('',#3195,#5995);
#5995 = DEFINITIONAL_REPRESENTATION('',(#5996),#6000);
#5996 = LINE('',#5997,#5998);
#5997 = CARTESIAN_POINT('',(1.,0.));
#5998 = VECTOR('',#5999,1.);
#5999 = DIRECTION('',(0.,-1.));
#6000 = ( GEOMETRIC_REPRESENTATION_CONTEXT(2) 
PARAMETRIC_REPRESENTATION_CONTEXT() REPRESENTATION_CONTEXT('2D SPACE',''
  ) );
#6001 = ORIENTED_EDGE('',*,*,#6002,.T.);
#6002 = EDGE_CURVE('',#5980,#5904,#6003,.T.);
#6003 = SURFACE_CURVE('',#6004,(#6008,#6015),.PCURVE_S1.);
#6004 = B_SPLINE_CURVE_WITH_KNOTS('',2,(#6005,#6006,#6007),
  .UNSPECIFIED.,.F.,.F.,(3,3),(0.,1.),.PIECEWISE_BEZIER_KNOTS.);
#6005 = CARTESIAN_POINT('',(25.626806640625,10.6,0.120849609375));
#6006 = CARTESIAN_POINT('',(25.626806640625,10.6,1.131591796875));
#6007 = CARTESIAN_POINT('',(25.275244140625,10.6,1.575927734375));
#6008 = PCURVE('',#3223,#6009);
#6009 = DEFINITIONAL_REPRESENTATION('',(#6010),#6014);
#6010 = LINE('',#6011,#6012);
#6011 = CARTESIAN_POINT('',(0.,-0.4));
#6012 = VECTOR('',#6013,1.);
#6013 = DIRECTION('',(1.,0.));
#6014 = ( GEOMETRIC_REPRESENTATION_CONTEXT(2) 
PARAMETRIC_REPRESENTATION_CONTEXT() REPRESENTATION_CONTEXT('2D SPACE',''
  ) );
#6015 = PCURVE('',#5942,#6016);
#6016 = DEFINITIONAL_REPRESENTATION('',(#6017),#6021);
#6017 = B_SPLINE_CURVE_WITH_KNOTS('',2,(#6018,#6019,#6020),
  .UNSPECIFIED.,.F.,.F.,(3,3),(0.,1.),.PIECEWISE_BEZIER_KNOTS.);
#6018 = CARTESIAN_POINT('',(0.2099609375,1.7724609375));
#6019 = CARTESIAN_POINT('',(0.2099609375,2.783203125));
#6020 = CARTESIAN_POINT('',(0.5615234375,3.2275390625));
#6021 = ( GEOMETRIC_REPRESENTATION_CONTEXT(2) 
PARAMETRIC_REPRESENTATION_CONTEXT() REPRESENTATION_CONTEXT('2D SPACE',''
  ) );
#6022 = ORIENTED_EDGE('',*,*,#5903,.F.);
#6023 = ORIENTED_EDGE('',*,*,#3209,.F.);
#6024 = ADVANCED_FACE('',(#6025),#3195,.T.);
#6025 = FACE_BOUND('',#6026,.T.);
#6026 = EDGE_LOOP('',(#6027,#6050,#6071,#6072));
#6027 = ORIENTED_EDGE('',*,*,#6028,.T.);
#6028 = EDGE_CURVE('',#3150,#6029,#6031,.T.);
#6029 = VERTEX_POINT('',#6030);
#6030 = CARTESIAN_POINT('',(25.306982421875,10.6,-1.31103515625));
#6031 = SURFACE_CURVE('',#6032,(#6036,#6043),.PCURVE_S1.);
#6032 = LINE('',#6033,#6034);
#6033 = CARTESIAN_POINT('',(25.306982421875,11.,-1.31103515625));
#6034 = VECTOR('',#6035,1.);
#6035 = DIRECTION('',(0.,-1.,-0.));
#6036 = PCURVE('',#3195,#6037);
#6037 = DEFINITIONAL_REPRESENTATION('',(#6038),#6042);
#6038 = LINE('',#6039,#6040);
#6039 = CARTESIAN_POINT('',(0.,0.));
#6040 = VECTOR('',#6041,1.);
#6041 = DIRECTION('',(0.,-1.));
#6042 = ( GEOMETRIC_REPRESENTATION_CONTEXT(2) 
PARAMETRIC_REPRESENTATION_CONTEXT() REPRESENTATION_CONTEXT('2D SPACE',''
  ) );
#6043 = PCURVE('',#3165,#6044);
#6044 = DEFINITIONAL_REPRESENTATION('',(#6045),#6049);
#6045 = LINE('',#6046,#6047);
#6046 = CARTESIAN_POINT('',(1.,0.));
#6047 = VECTOR('',#6048,1.);
#6048 = DIRECTION('',(0.,-1.));
#6049 = ( GEOMETRIC_REPRESENTATION_CONTEXT(2) 
PARAMETRIC_REPRESENTATION_CONTEXT() REPRESENTATION_CONTEXT('2D SPACE',''
  ) );
#6050 = ORIENTED_EDGE('',*,*,#6051,.T.);
#6051 = EDGE_CURVE('',#6029,#5980,#6052,.T.);
#6052 = SURFACE_CURVE('',#6053,(#6057,#6064),.PCURVE_S1.);
#6053 = B_SPLINE_CURVE_WITH_KNOTS('',2,(#6054,#6055,#6056),
  .UNSPECIFIED.,.F.,.F.,(3,3),(0.,1.),.PIECEWISE_BEZIER_KNOTS.);
#6054 = CARTESIAN_POINT('',(25.306982421875,10.6,-1.31103515625));
#6055 = CARTESIAN_POINT('',(25.626806640625,10.6,-0.909423828125));
#6056 = CARTESIAN_POINT('',(25.626806640625,10.6,0.120849609375));
#6057 = PCURVE('',#3195,#6058);
#6058 = DEFINITIONAL_REPRESENTATION('',(#6059),#6063);
#6059 = LINE('',#6060,#6061);
#6060 = CARTESIAN_POINT('',(0.,-0.4));
#6061 = VECTOR('',#6062,1.);
#6062 = DIRECTION('',(1.,0.));
#6063 = ( GEOMETRIC_REPRESENTATION_CONTEXT(2) 
PARAMETRIC_REPRESENTATION_CONTEXT() REPRESENTATION_CONTEXT('2D SPACE',''
  ) );
#6064 = PCURVE('',#5942,#6065);
#6065 = DEFINITIONAL_REPRESENTATION('',(#6066),#6070);
#6066 = B_SPLINE_CURVE_WITH_KNOTS('',2,(#6067,#6068,#6069),
  .UNSPECIFIED.,.F.,.F.,(3,3),(0.,1.),.PIECEWISE_BEZIER_KNOTS.);
#6067 = CARTESIAN_POINT('',(0.52978515625,0.340576171875));
#6068 = CARTESIAN_POINT('',(0.2099609375,0.7421875));
#6069 = CARTESIAN_POINT('',(0.2099609375,1.7724609375));
#6070 = ( GEOMETRIC_REPRESENTATION_CONTEXT(2) 
PARAMETRIC_REPRESENTATION_CONTEXT() REPRESENTATION_CONTEXT('2D SPACE',''
  ) );
#6071 = ORIENTED_EDGE('',*,*,#5979,.F.);
#6072 = ORIENTED_EDGE('',*,*,#3179,.F.);
#6073 = ADVANCED_FACE('',(#6074),#3165,.T.);
#6074 = FACE_BOUND('',#6075,.T.);
#6075 = EDGE_LOOP('',(#6076,#6099,#6120,#6121));
#6076 = ORIENTED_EDGE('',*,*,#6077,.T.);
#6077 = EDGE_CURVE('',#3120,#6078,#6080,.T.);
#6078 = VERTEX_POINT('',#6079);
#6079 = CARTESIAN_POINT('',(24.464697265625,10.6,-1.712646484375));
#6080 = SURFACE_CURVE('',#6081,(#6085,#6092),.PCURVE_S1.);
#6081 = LINE('',#6082,#6083);
#6082 = CARTESIAN_POINT('',(24.464697265625,11.,-1.712646484375));
#6083 = VECTOR('',#6084,1.);
#6084 = DIRECTION('',(0.,-1.,-0.));
#6085 = PCURVE('',#3165,#6086);
#6086 = DEFINITIONAL_REPRESENTATION('',(#6087),#6091);
#6087 = LINE('',#6088,#6089);
#6088 = CARTESIAN_POINT('',(0.,0.));
#6089 = VECTOR('',#6090,1.);
#6090 = DIRECTION('',(0.,-1.));
#6091 = ( GEOMETRIC_REPRESENTATION_CONTEXT(2) 
PARAMETRIC_REPRESENTATION_CONTEXT() REPRESENTATION_CONTEXT('2D SPACE',''
  ) );
#6092 = PCURVE('',#3135,#6093);
#6093 = DEFINITIONAL_REPRESENTATION('',(#6094),#6098);
#6094 = LINE('',#6095,#6096);
#6095 = CARTESIAN_POINT('',(1.,0.));
#6096 = VECTOR('',#6097,1.);
#6097 = DIRECTION('',(0.,-1.));
#6098 = ( GEOMETRIC_REPRESENTATION_CONTEXT(2) 
PARAMETRIC_REPRESENTATION_CONTEXT() REPRESENTATION_CONTEXT('2D SPACE',''
  ) );
#6099 = ORIENTED_EDGE('',*,*,#6100,.T.);
#6100 = EDGE_CURVE('',#6078,#6029,#6101,.T.);
#6101 = SURFACE_CURVE('',#6102,(#6106,#6113),.PCURVE_S1.);
#6102 = B_SPLINE_CURVE_WITH_KNOTS('',2,(#6103,#6104,#6105),
  .UNSPECIFIED.,.F.,.F.,(3,3),(0.,1.),.PIECEWISE_BEZIER_KNOTS.);
#6103 = CARTESIAN_POINT('',(24.464697265625,10.6,-1.712646484375));
#6104 = CARTESIAN_POINT('',(24.987158203125,10.6,-1.712646484375));
#6105 = CARTESIAN_POINT('',(25.306982421875,10.6,-1.31103515625));
#6106 = PCURVE('',#3165,#6107);
#6107 = DEFINITIONAL_REPRESENTATION('',(#6108),#6112);
#6108 = LINE('',#6109,#6110);
#6109 = CARTESIAN_POINT('',(0.,-0.4));
#6110 = VECTOR('',#6111,1.);
#6111 = DIRECTION('',(1.,0.));
#6112 = ( GEOMETRIC_REPRESENTATION_CONTEXT(2) 
PARAMETRIC_REPRESENTATION_CONTEXT() REPRESENTATION_CONTEXT('2D SPACE',''
  ) );
#6113 = PCURVE('',#5942,#6114);
#6114 = DEFINITIONAL_REPRESENTATION('',(#6115),#6119);
#6115 = B_SPLINE_CURVE_WITH_KNOTS('',2,(#6116,#6117,#6118),
  .UNSPECIFIED.,.F.,.F.,(3,3),(0.,1.),.PIECEWISE_BEZIER_KNOTS.);
#6116 = CARTESIAN_POINT('',(1.3720703125,-6.103515625E-02));
#6117 = CARTESIAN_POINT('',(0.849609375,-6.103515625E-02));
#6118 = CARTESIAN_POINT('',(0.52978515625,0.340576171875));
#6119 = ( GEOMETRIC_REPRESENTATION_CONTEXT(2) 
PARAMETRIC_REPRESENTATION_CONTEXT() REPRESENTATION_CONTEXT('2D SPACE',''
  ) );
#6120 = ORIENTED_EDGE('',*,*,#6028,.F.);
#6121 = ORIENTED_EDGE('',*,*,#3149,.F.);
#6122 = ADVANCED_FACE('',(#6123),#3135,.T.);
#6123 = FACE_BOUND('',#6124,.T.);
#6124 = EDGE_LOOP('',(#6125,#6148,#6169,#6170));
#6125 = ORIENTED_EDGE('',*,*,#6126,.T.);
#6126 = EDGE_CURVE('',#3090,#6127,#6129,.T.);
#6127 = VERTEX_POINT('',#6128);
#6128 = CARTESIAN_POINT('',(23.654150390625,10.6,-1.346435546875));
#6129 = SURFACE_CURVE('',#6130,(#6134,#6141),.PCURVE_S1.);
#6130 = LINE('',#6131,#6132);
#6131 = CARTESIAN_POINT('',(23.654150390625,11.,-1.346435546875));
#6132 = VECTOR('',#6133,1.);
#6133 = DIRECTION('',(0.,-1.,-0.));
#6134 = PCURVE('',#3135,#6135);
#6135 = DEFINITIONAL_REPRESENTATION('',(#6136),#6140);
#6136 = LINE('',#6137,#6138);
#6137 = CARTESIAN_POINT('',(0.,0.));
#6138 = VECTOR('',#6139,1.);
#6139 = DIRECTION('',(0.,-1.));
#6140 = ( GEOMETRIC_REPRESENTATION_CONTEXT(2) 
PARAMETRIC_REPRESENTATION_CONTEXT() REPRESENTATION_CONTEXT('2D SPACE',''
  ) );
#6141 = PCURVE('',#3105,#6142);
#6142 = DEFINITIONAL_REPRESENTATION('',(#6143),#6147);
#6143 = LINE('',#6144,#6145);
#6144 = CARTESIAN_POINT('',(1.,0.));
#6145 = VECTOR('',#6146,1.);
#6146 = DIRECTION('',(0.,-1.));
#6147 = ( GEOMETRIC_REPRESENTATION_CONTEXT(2) 
PARAMETRIC_REPRESENTATION_CONTEXT() REPRESENTATION_CONTEXT('2D SPACE',''
  ) );
#6148 = ORIENTED_EDGE('',*,*,#6149,.T.);
#6149 = EDGE_CURVE('',#6127,#6078,#6150,.T.);
#6150 = SURFACE_CURVE('',#6151,(#6155,#6162),.PCURVE_S1.);
#6151 = B_SPLINE_CURVE_WITH_KNOTS('',2,(#6152,#6153,#6154),
  .UNSPECIFIED.,.F.,.F.,(3,3),(0.,1.),.PIECEWISE_BEZIER_KNOTS.);
#6152 = CARTESIAN_POINT('',(23.654150390625,10.6,-1.346435546875));
#6153 = CARTESIAN_POINT('',(23.944677734375,10.6,-1.712646484375));
#6154 = CARTESIAN_POINT('',(24.464697265625,10.6,-1.712646484375));
#6155 = PCURVE('',#3135,#6156);
#6156 = DEFINITIONAL_REPRESENTATION('',(#6157),#6161);
#6157 = LINE('',#6158,#6159);
#6158 = CARTESIAN_POINT('',(0.,-0.4));
#6159 = VECTOR('',#6160,1.);
#6160 = DIRECTION('',(1.,0.));
#6161 = ( GEOMETRIC_REPRESENTATION_CONTEXT(2) 
PARAMETRIC_REPRESENTATION_CONTEXT() REPRESENTATION_CONTEXT('2D SPACE',''
  ) );
#6162 = PCURVE('',#5942,#6163);
#6163 = DEFINITIONAL_REPRESENTATION('',(#6164),#6168);
#6164 = B_SPLINE_CURVE_WITH_KNOTS('',2,(#6165,#6166,#6167),
  .UNSPECIFIED.,.F.,.F.,(3,3),(0.,1.),.PIECEWISE_BEZIER_KNOTS.);
#6165 = CARTESIAN_POINT('',(2.1826171875,0.30517578125));
#6166 = CARTESIAN_POINT('',(1.89208984375,-6.103515625E-02));
#6167 = CARTESIAN_POINT('',(1.3720703125,-6.103515625E-02));
#6168 = ( GEOMETRIC_REPRESENTATION_CONTEXT(2) 
PARAMETRIC_REPRESENTATION_CONTEXT() REPRESENTATION_CONTEXT('2D SPACE',''
  ) );
#6169 = ORIENTED_EDGE('',*,*,#6077,.F.);
#6170 = ORIENTED_EDGE('',*,*,#3119,.F.);
#6171 = ADVANCED_FACE('',(#6172),#3105,.T.);
#6172 = FACE_BOUND('',#6173,.T.);
#6173 = EDGE_LOOP('',(#6174,#6197,#6218,#6219));
#6174 = ORIENTED_EDGE('',*,*,#6175,.T.);
#6175 = EDGE_CURVE('',#3060,#6176,#6178,.T.);
#6176 = VERTEX_POINT('',#6177);
#6177 = CARTESIAN_POINT('',(23.302587890625,10.6,0.113525390625));
#6178 = SURFACE_CURVE('',#6179,(#6183,#6190),.PCURVE_S1.);
#6179 = LINE('',#6180,#6181);
#6180 = CARTESIAN_POINT('',(23.302587890625,11.,0.113525390625));
#6181 = VECTOR('',#6182,1.);
#6182 = DIRECTION('',(0.,-1.,-0.));
#6183 = PCURVE('',#3105,#6184);
#6184 = DEFINITIONAL_REPRESENTATION('',(#6185),#6189);
#6185 = LINE('',#6186,#6187);
#6186 = CARTESIAN_POINT('',(0.,0.));
#6187 = VECTOR('',#6188,1.);
#6188 = DIRECTION('',(0.,-1.));
#6189 = ( GEOMETRIC_REPRESENTATION_CONTEXT(2) 
PARAMETRIC_REPRESENTATION_CONTEXT() REPRESENTATION_CONTEXT('2D SPACE',''
  ) );
#6190 = PCURVE('',#3075,#6191);
#6191 = DEFINITIONAL_REPRESENTATION('',(#6192),#6196);
#6192 = LINE('',#6193,#6194);
#6193 = CARTESIAN_POINT('',(1.,0.));
#6194 = VECTOR('',#6195,1.);
#6195 = DIRECTION('',(0.,-1.));
#6196 = ( GEOMETRIC_REPRESENTATION_CONTEXT(2) 
PARAMETRIC_REPRESENTATION_CONTEXT() REPRESENTATION_CONTEXT('2D SPACE',''
  ) );
#6197 = ORIENTED_EDGE('',*,*,#6198,.T.);
#6198 = EDGE_CURVE('',#6176,#6127,#6199,.T.);
#6199 = SURFACE_CURVE('',#6200,(#6204,#6211),.PCURVE_S1.);
#6200 = B_SPLINE_CURVE_WITH_KNOTS('',2,(#6201,#6202,#6203),
  .UNSPECIFIED.,.F.,.F.,(3,3),(0.,1.),.PIECEWISE_BEZIER_KNOTS.);
#6201 = CARTESIAN_POINT('',(23.302587890625,10.6,0.113525390625));
#6202 = CARTESIAN_POINT('',(23.302587890625,10.6,-0.902099609375));
#6203 = CARTESIAN_POINT('',(23.654150390625,10.6,-1.346435546875));
#6204 = PCURVE('',#3105,#6205);
#6205 = DEFINITIONAL_REPRESENTATION('',(#6206),#6210);
#6206 = LINE('',#6207,#6208);
#6207 = CARTESIAN_POINT('',(0.,-0.4));
#6208 = VECTOR('',#6209,1.);
#6209 = DIRECTION('',(1.,0.));
#6210 = ( GEOMETRIC_REPRESENTATION_CONTEXT(2) 
PARAMETRIC_REPRESENTATION_CONTEXT() REPRESENTATION_CONTEXT('2D SPACE',''
  ) );
#6211 = PCURVE('',#5942,#6212);
#6212 = DEFINITIONAL_REPRESENTATION('',(#6213),#6217);
#6213 = B_SPLINE_CURVE_WITH_KNOTS('',2,(#6214,#6215,#6216),
  .UNSPECIFIED.,.F.,.F.,(3,3),(0.,1.),.PIECEWISE_BEZIER_KNOTS.);
#6214 = CARTESIAN_POINT('',(2.5341796875,1.76513671875));
#6215 = CARTESIAN_POINT('',(2.5341796875,0.74951171875));
#6216 = CARTESIAN_POINT('',(2.1826171875,0.30517578125));
#6217 = ( GEOMETRIC_REPRESENTATION_CONTEXT(2) 
PARAMETRIC_REPRESENTATION_CONTEXT() REPRESENTATION_CONTEXT('2D SPACE',''
  ) );
#6218 = ORIENTED_EDGE('',*,*,#6126,.F.);
#6219 = ORIENTED_EDGE('',*,*,#3089,.F.);
#6220 = ADVANCED_FACE('',(#6221),#3075,.T.);
#6221 = FACE_BOUND('',#6222,.T.);
#6222 = EDGE_LOOP('',(#6223,#6246,#6267,#6268));
#6223 = ORIENTED_EDGE('',*,*,#6224,.T.);
#6224 = EDGE_CURVE('',#3030,#6225,#6227,.T.);
#6225 = VERTEX_POINT('',#6226);
#6226 = CARTESIAN_POINT('',(23.651708984375,10.6,1.571044921875));
#6227 = SURFACE_CURVE('',#6228,(#6232,#6239),.PCURVE_S1.);
#6228 = LINE('',#6229,#6230);
#6229 = CARTESIAN_POINT('',(23.651708984375,11.,1.571044921875));
#6230 = VECTOR('',#6231,1.);
#6231 = DIRECTION('',(0.,-1.,-0.));
#6232 = PCURVE('',#3075,#6233);
#6233 = DEFINITIONAL_REPRESENTATION('',(#6234),#6238);
#6234 = LINE('',#6235,#6236);
#6235 = CARTESIAN_POINT('',(0.,0.));
#6236 = VECTOR('',#6237,1.);
#6237 = DIRECTION('',(0.,-1.));
#6238 = ( GEOMETRIC_REPRESENTATION_CONTEXT(2) 
PARAMETRIC_REPRESENTATION_CONTEXT() REPRESENTATION_CONTEXT('2D SPACE',''
  ) );
#6239 = PCURVE('',#3045,#6240);
#6240 = DEFINITIONAL_REPRESENTATION('',(#6241),#6245);
#6241 = LINE('',#6242,#6243);
#6242 = CARTESIAN_POINT('',(1.,0.));
#6243 = VECTOR('',#6244,1.);
#6244 = DIRECTION('',(0.,-1.));
#6245 = ( GEOMETRIC_REPRESENTATION_CONTEXT(2) 
PARAMETRIC_REPRESENTATION_CONTEXT() REPRESENTATION_CONTEXT('2D SPACE',''
  ) );
#6246 = ORIENTED_EDGE('',*,*,#6247,.T.);
#6247 = EDGE_CURVE('',#6225,#6176,#6248,.T.);
#6248 = SURFACE_CURVE('',#6249,(#6253,#6260),.PCURVE_S1.);
#6249 = B_SPLINE_CURVE_WITH_KNOTS('',2,(#6250,#6251,#6252),
  .UNSPECIFIED.,.F.,.F.,(3,3),(0.,1.),.PIECEWISE_BEZIER_KNOTS.);
#6250 = CARTESIAN_POINT('',(23.651708984375,10.6,1.571044921875));
#6251 = CARTESIAN_POINT('',(23.302587890625,10.6,1.131591796875));
#6252 = CARTESIAN_POINT('',(23.302587890625,10.6,0.113525390625));
#6253 = PCURVE('',#3075,#6254);
#6254 = DEFINITIONAL_REPRESENTATION('',(#6255),#6259);
#6255 = LINE('',#6256,#6257);
#6256 = CARTESIAN_POINT('',(0.,-0.4));
#6257 = VECTOR('',#6258,1.);
#6258 = DIRECTION('',(1.,0.));
#6259 = ( GEOMETRIC_REPRESENTATION_CONTEXT(2) 
PARAMETRIC_REPRESENTATION_CONTEXT() REPRESENTATION_CONTEXT('2D SPACE',''
  ) );
#6260 = PCURVE('',#5942,#6261);
#6261 = DEFINITIONAL_REPRESENTATION('',(#6262),#6266);
#6262 = B_SPLINE_CURVE_WITH_KNOTS('',2,(#6263,#6264,#6265),
  .UNSPECIFIED.,.F.,.F.,(3,3),(0.,1.),.PIECEWISE_BEZIER_KNOTS.);
#6263 = CARTESIAN_POINT('',(2.18505859375,3.22265625));
#6264 = CARTESIAN_POINT('',(2.5341796875,2.783203125));
#6265 = CARTESIAN_POINT('',(2.5341796875,1.76513671875));
#6266 = ( GEOMETRIC_REPRESENTATION_CONTEXT(2) 
PARAMETRIC_REPRESENTATION_CONTEXT() REPRESENTATION_CONTEXT('2D SPACE',''
  ) );
#6267 = ORIENTED_EDGE('',*,*,#6175,.F.);
#6268 = ORIENTED_EDGE('',*,*,#3059,.F.);
#6269 = ADVANCED_FACE('',(#6270),#3045,.T.);
#6270 = FACE_BOUND('',#6271,.T.);
#6271 = EDGE_LOOP('',(#6272,#6273,#6294,#6295));
#6272 = ORIENTED_EDGE('',*,*,#5954,.T.);
#6273 = ORIENTED_EDGE('',*,*,#6274,.T.);
#6274 = EDGE_CURVE('',#5927,#6225,#6275,.T.);
#6275 = SURFACE_CURVE('',#6276,(#6280,#6287),.PCURVE_S1.);
#6276 = B_SPLINE_CURVE_WITH_KNOTS('',2,(#6277,#6278,#6279),
  .UNSPECIFIED.,.F.,.F.,(3,3),(0.,1.),.PIECEWISE_BEZIER_KNOTS.);
#6277 = CARTESIAN_POINT('',(24.464697265625,10.6,1.942138671875));
#6278 = CARTESIAN_POINT('',(23.944677734375,10.6,1.942138671875));
#6279 = CARTESIAN_POINT('',(23.651708984375,10.6,1.571044921875));
#6280 = PCURVE('',#3045,#6281);
#6281 = DEFINITIONAL_REPRESENTATION('',(#6282),#6286);
#6282 = LINE('',#6283,#6284);
#6283 = CARTESIAN_POINT('',(0.,-0.4));
#6284 = VECTOR('',#6285,1.);
#6285 = DIRECTION('',(1.,0.));
#6286 = ( GEOMETRIC_REPRESENTATION_CONTEXT(2) 
PARAMETRIC_REPRESENTATION_CONTEXT() REPRESENTATION_CONTEXT('2D SPACE',''
  ) );
#6287 = PCURVE('',#5942,#6288);
#6288 = DEFINITIONAL_REPRESENTATION('',(#6289),#6293);
#6289 = B_SPLINE_CURVE_WITH_KNOTS('',2,(#6290,#6291,#6292),
  .UNSPECIFIED.,.F.,.F.,(3,3),(0.,1.),.PIECEWISE_BEZIER_KNOTS.);
#6290 = CARTESIAN_POINT('',(1.3720703125,3.59375));
#6291 = CARTESIAN_POINT('',(1.89208984375,3.59375));
#6292 = CARTESIAN_POINT('',(2.18505859375,3.22265625));
#6293 = ( GEOMETRIC_REPRESENTATION_CONTEXT(2) 
PARAMETRIC_REPRESENTATION_CONTEXT() REPRESENTATION_CONTEXT('2D SPACE',''
  ) );
#6294 = ORIENTED_EDGE('',*,*,#6224,.F.);
#6295 = ORIENTED_EDGE('',*,*,#3029,.F.);
#6296 = ADVANCED_FACE('',(#6297),#3257,.T.);
#6297 = FACE_BOUND('',#6298,.T.);
#6298 = EDGE_LOOP('',(#6299,#6322,#6350,#6371));
#6299 = ORIENTED_EDGE('',*,*,#6300,.T.);
#6300 = EDGE_CURVE('',#3240,#6301,#6303,.T.);
#6301 = VERTEX_POINT('',#6302);
#6302 = CARTESIAN_POINT('',(27.206396484375,10.6,1.942138671875));
#6303 = SURFACE_CURVE('',#6304,(#6308,#6315),.PCURVE_S1.);
#6304 = LINE('',#6305,#6306);
#6305 = CARTESIAN_POINT('',(27.206396484375,11.,1.942138671875));
#6306 = VECTOR('',#6307,1.);
#6307 = DIRECTION('',(0.,-1.,-0.));
#6308 = PCURVE('',#3257,#6309);
#6309 = DEFINITIONAL_REPRESENTATION('',(#6310),#6314);
#6310 = LINE('',#6311,#6312);
#6311 = CARTESIAN_POINT('',(0.,0.));
#6312 = VECTOR('',#6313,1.);
#6313 = DIRECTION('',(0.,-1.));
#6314 = ( GEOMETRIC_REPRESENTATION_CONTEXT(2) 
PARAMETRIC_REPRESENTATION_CONTEXT() REPRESENTATION_CONTEXT('2D SPACE',''
  ) );
#6315 = PCURVE('',#3455,#6316);
#6316 = DEFINITIONAL_REPRESENTATION('',(#6317),#6321);
#6317 = LINE('',#6318,#6319);
#6318 = CARTESIAN_POINT('',(1.,0.));
#6319 = VECTOR('',#6320,1.);
#6320 = DIRECTION('',(0.,-1.));
#6321 = ( GEOMETRIC_REPRESENTATION_CONTEXT(2) 
PARAMETRIC_REPRESENTATION_CONTEXT() REPRESENTATION_CONTEXT('2D SPACE',''
  ) );
#6322 = ORIENTED_EDGE('',*,*,#6323,.T.);
#6323 = EDGE_CURVE('',#6301,#6324,#6326,.T.);
#6324 = VERTEX_POINT('',#6325);
#6325 = CARTESIAN_POINT('',(26.649755859375,10.6,1.942138671875));
#6326 = SURFACE_CURVE('',#6327,(#6331,#6338),.PCURVE_S1.);
#6327 = LINE('',#6328,#6329);
#6328 = CARTESIAN_POINT('',(27.206396484375,10.6,1.942138671875));
#6329 = VECTOR('',#6330,1.);
#6330 = DIRECTION('',(-1.,0.,0.));
#6331 = PCURVE('',#3257,#6332);
#6332 = DEFINITIONAL_REPRESENTATION('',(#6333),#6337);
#6333 = LINE('',#6334,#6335);
#6334 = CARTESIAN_POINT('',(0.,-0.4));
#6335 = VECTOR('',#6336,1.);
#6336 = DIRECTION('',(1.,0.));
#6337 = ( GEOMETRIC_REPRESENTATION_CONTEXT(2) 
PARAMETRIC_REPRESENTATION_CONTEXT() REPRESENTATION_CONTEXT('2D SPACE',''
  ) );
#6338 = PCURVE('',#6339,#6344);
#6339 = PLANE('',#6340);
#6340 = AXIS2_PLACEMENT_3D('',#6341,#6342,#6343);
#6341 = CARTESIAN_POINT('',(28.617529296875,10.6,-1.651611328125));
#6342 = DIRECTION('',(0.,1.,0.));
#6343 = DIRECTION('',(-1.,0.,0.));
#6344 = DEFINITIONAL_REPRESENTATION('',(#6345),#6349);
#6345 = LINE('',#6346,#6347);
#6346 = CARTESIAN_POINT('',(1.4111328125,3.59375));
#6347 = VECTOR('',#6348,1.);
#6348 = DIRECTION('',(1.,0.));
#6349 = ( GEOMETRIC_REPRESENTATION_CONTEXT(2) 
PARAMETRIC_REPRESENTATION_CONTEXT() REPRESENTATION_CONTEXT('2D SPACE',''
  ) );
#6350 = ORIENTED_EDGE('',*,*,#6351,.F.);
#6351 = EDGE_CURVE('',#3242,#6324,#6352,.T.);
#6352 = SURFACE_CURVE('',#6353,(#6357,#6364),.PCURVE_S1.);
#6353 = LINE('',#6354,#6355);
#6354 = CARTESIAN_POINT('',(26.649755859375,11.,1.942138671875));
#6355 = VECTOR('',#6356,1.);
#6356 = DIRECTION('',(0.,-1.,-0.));
#6357 = PCURVE('',#3257,#6358);
#6358 = DEFINITIONAL_REPRESENTATION('',(#6359),#6363);
#6359 = LINE('',#6360,#6361);
#6360 = CARTESIAN_POINT('',(0.556640625,0.));
#6361 = VECTOR('',#6362,1.);
#6362 = DIRECTION('',(0.,-1.));
#6363 = ( GEOMETRIC_REPRESENTATION_CONTEXT(2) 
PARAMETRIC_REPRESENTATION_CONTEXT() REPRESENTATION_CONTEXT('2D SPACE',''
  ) );
#6364 = PCURVE('',#3285,#6365);
#6365 = DEFINITIONAL_REPRESENTATION('',(#6366),#6370);
#6366 = LINE('',#6367,#6368);
#6367 = CARTESIAN_POINT('',(0.,0.));
#6368 = VECTOR('',#6369,1.);
#6369 = DIRECTION('',(0.,-1.));
#6370 = ( GEOMETRIC_REPRESENTATION_CONTEXT(2) 
PARAMETRIC_REPRESENTATION_CONTEXT() REPRESENTATION_CONTEXT('2D SPACE',''
  ) );
#6371 = ORIENTED_EDGE('',*,*,#3239,.F.);
#6372 = ADVANCED_FACE('',(#6373),#3455,.T.);
#6373 = FACE_BOUND('',#6374,.T.);
#6374 = EDGE_LOOP('',(#6375,#6398,#6419,#6420));
#6375 = ORIENTED_EDGE('',*,*,#6376,.T.);
#6376 = EDGE_CURVE('',#3412,#6377,#6379,.T.);
#6377 = VERTEX_POINT('',#6378);
#6378 = CARTESIAN_POINT('',(27.638525390625,10.6,1.36962890625));
#6379 = SURFACE_CURVE('',#6380,(#6384,#6391),.PCURVE_S1.);
#6380 = LINE('',#6381,#6382);
#6381 = CARTESIAN_POINT('',(27.638525390625,11.,1.36962890625));
#6382 = VECTOR('',#6383,1.);
#6383 = DIRECTION('',(0.,-1.,-0.));
#6384 = PCURVE('',#3455,#6385);
#6385 = DEFINITIONAL_REPRESENTATION('',(#6386),#6390);
#6386 = LINE('',#6387,#6388);
#6387 = CARTESIAN_POINT('',(0.,0.));
#6388 = VECTOR('',#6389,1.);
#6389 = DIRECTION('',(0.,-1.));
#6390 = ( GEOMETRIC_REPRESENTATION_CONTEXT(2) 
PARAMETRIC_REPRESENTATION_CONTEXT() REPRESENTATION_CONTEXT('2D SPACE',''
  ) );
#6391 = PCURVE('',#3427,#6392);
#6392 = DEFINITIONAL_REPRESENTATION('',(#6393),#6397);
#6393 = LINE('',#6394,#6395);
#6394 = CARTESIAN_POINT('',(1.,0.));
#6395 = VECTOR('',#6396,1.);
#6396 = DIRECTION('',(0.,-1.));
#6397 = ( GEOMETRIC_REPRESENTATION_CONTEXT(2) 
PARAMETRIC_REPRESENTATION_CONTEXT() REPRESENTATION_CONTEXT('2D SPACE',''
  ) );
#6398 = ORIENTED_EDGE('',*,*,#6399,.T.);
#6399 = EDGE_CURVE('',#6377,#6301,#6400,.T.);
#6400 = SURFACE_CURVE('',#6401,(#6405,#6412),.PCURVE_S1.);
#6401 = B_SPLINE_CURVE_WITH_KNOTS('',2,(#6402,#6403,#6404),
  .UNSPECIFIED.,.F.,.F.,(3,3),(0.,1.),.PIECEWISE_BEZIER_KNOTS.);
#6402 = CARTESIAN_POINT('',(27.638525390625,10.6,1.36962890625));
#6403 = CARTESIAN_POINT('',(27.323583984375,10.6,1.614990234375));
#6404 = CARTESIAN_POINT('',(27.206396484375,10.6,1.942138671875));
#6405 = PCURVE('',#3455,#6406);
#6406 = DEFINITIONAL_REPRESENTATION('',(#6407),#6411);
#6407 = LINE('',#6408,#6409);
#6408 = CARTESIAN_POINT('',(0.,-0.4));
#6409 = VECTOR('',#6410,1.);
#6410 = DIRECTION('',(1.,0.));
#6411 = ( GEOMETRIC_REPRESENTATION_CONTEXT(2) 
PARAMETRIC_REPRESENTATION_CONTEXT() REPRESENTATION_CONTEXT('2D SPACE',''
  ) );
#6412 = PCURVE('',#6339,#6413);
#6413 = DEFINITIONAL_REPRESENTATION('',(#6414),#6418);
#6414 = B_SPLINE_CURVE_WITH_KNOTS('',2,(#6415,#6416,#6417),
  .UNSPECIFIED.,.F.,.F.,(3,3),(0.,1.),.PIECEWISE_BEZIER_KNOTS.);
#6415 = CARTESIAN_POINT('',(0.97900390625,3.021240234375));
#6416 = CARTESIAN_POINT('',(1.2939453125,3.2666015625));
#6417 = CARTESIAN_POINT('',(1.4111328125,3.59375));
#6418 = ( GEOMETRIC_REPRESENTATION_CONTEXT(2) 
PARAMETRIC_REPRESENTATION_CONTEXT() REPRESENTATION_CONTEXT('2D SPACE',''
  ) );
#6419 = ORIENTED_EDGE('',*,*,#6300,.F.);
#6420 = ORIENTED_EDGE('',*,*,#3441,.F.);
#6421 = ADVANCED_FACE('',(#6422),#3427,.T.);
#6422 = FACE_BOUND('',#6423,.T.);
#6423 = EDGE_LOOP('',(#6424,#6447,#6468,#6469));
#6424 = ORIENTED_EDGE('',*,*,#6425,.T.);
#6425 = EDGE_CURVE('',#3384,#6426,#6428,.T.);
#6426 = VERTEX_POINT('',#6427);
#6427 = CARTESIAN_POINT('',(28.222021484375,10.6,1.036376953125));
#6428 = SURFACE_CURVE('',#6429,(#6433,#6440),.PCURVE_S1.);
#6429 = LINE('',#6430,#6431);
#6430 = CARTESIAN_POINT('',(28.222021484375,11.,1.036376953125));
#6431 = VECTOR('',#6432,1.);
#6432 = DIRECTION('',(0.,-1.,-0.));
#6433 = PCURVE('',#3427,#6434);
#6434 = DEFINITIONAL_REPRESENTATION('',(#6435),#6439);
#6435 = LINE('',#6436,#6437);
#6436 = CARTESIAN_POINT('',(0.,0.));
#6437 = VECTOR('',#6438,1.);
#6438 = DIRECTION('',(0.,-1.));
#6439 = ( GEOMETRIC_REPRESENTATION_CONTEXT(2) 
PARAMETRIC_REPRESENTATION_CONTEXT() REPRESENTATION_CONTEXT('2D SPACE',''
  ) );
#6440 = PCURVE('',#3399,#6441);
#6441 = DEFINITIONAL_REPRESENTATION('',(#6442),#6446);
#6442 = LINE('',#6443,#6444);
#6443 = CARTESIAN_POINT('',(0.62255859375,0.));
#6444 = VECTOR('',#6445,1.);
#6445 = DIRECTION('',(0.,-1.));
#6446 = ( GEOMETRIC_REPRESENTATION_CONTEXT(2) 
PARAMETRIC_REPRESENTATION_CONTEXT() REPRESENTATION_CONTEXT('2D SPACE',''
  ) );
#6447 = ORIENTED_EDGE('',*,*,#6448,.T.);
#6448 = EDGE_CURVE('',#6426,#6377,#6449,.T.);
#6449 = SURFACE_CURVE('',#6450,(#6454,#6461),.PCURVE_S1.);
#6450 = B_SPLINE_CURVE_WITH_KNOTS('',2,(#6451,#6452,#6453),
  .UNSPECIFIED.,.F.,.F.,(3,3),(0.,1.),.PIECEWISE_BEZIER_KNOTS.);
#6451 = CARTESIAN_POINT('',(28.222021484375,10.6,1.036376953125));
#6452 = CARTESIAN_POINT('',(27.953466796875,10.6,1.124267578125));
#6453 = CARTESIAN_POINT('',(27.638525390625,10.6,1.36962890625));
#6454 = PCURVE('',#3427,#6455);
#6455 = DEFINITIONAL_REPRESENTATION('',(#6456),#6460);
#6456 = LINE('',#6457,#6458);
#6457 = CARTESIAN_POINT('',(0.,-0.4));
#6458 = VECTOR('',#6459,1.);
#6459 = DIRECTION('',(1.,0.));
#6460 = ( GEOMETRIC_REPRESENTATION_CONTEXT(2) 
PARAMETRIC_REPRESENTATION_CONTEXT() REPRESENTATION_CONTEXT('2D SPACE',''
  ) );
#6461 = PCURVE('',#6339,#6462);
#6462 = DEFINITIONAL_REPRESENTATION('',(#6463),#6467);
#6463 = B_SPLINE_CURVE_WITH_KNOTS('',2,(#6464,#6465,#6466),
  .UNSPECIFIED.,.F.,.F.,(3,3),(0.,1.),.PIECEWISE_BEZIER_KNOTS.);
#6464 = CARTESIAN_POINT('',(0.3955078125,2.68798828125));
#6465 = CARTESIAN_POINT('',(0.6640625,2.77587890625));
#6466 = CARTESIAN_POINT('',(0.97900390625,3.021240234375));
#6467 = ( GEOMETRIC_REPRESENTATION_CONTEXT(2) 
PARAMETRIC_REPRESENTATION_CONTEXT() REPRESENTATION_CONTEXT('2D SPACE',''
  ) );
#6468 = ORIENTED_EDGE('',*,*,#6376,.F.);
#6469 = ORIENTED_EDGE('',*,*,#3411,.F.);
#6470 = ADVANCED_FACE('',(#6471),#3399,.T.);
#6471 = FACE_BOUND('',#6472,.T.);
#6472 = EDGE_LOOP('',(#6473,#6496,#6517,#6518));
#6473 = ORIENTED_EDGE('',*,*,#6474,.T.);
#6474 = EDGE_CURVE('',#3354,#6475,#6477,.T.);
#6475 = VERTEX_POINT('',#6476);
#6476 = CARTESIAN_POINT('',(28.222021484375,10.6,0.413818359375));
#6477 = SURFACE_CURVE('',#6478,(#6482,#6489),.PCURVE_S1.);
#6478 = LINE('',#6479,#6480);
#6479 = CARTESIAN_POINT('',(28.222021484375,11.,0.413818359375));
#6480 = VECTOR('',#6481,1.);
#6481 = DIRECTION('',(0.,-1.,-0.));
#6482 = PCURVE('',#3399,#6483);
#6483 = DEFINITIONAL_REPRESENTATION('',(#6484),#6488);
#6484 = LINE('',#6485,#6486);
#6485 = CARTESIAN_POINT('',(0.,0.));
#6486 = VECTOR('',#6487,1.);
#6487 = DIRECTION('',(0.,-1.));
#6488 = ( GEOMETRIC_REPRESENTATION_CONTEXT(2) 
PARAMETRIC_REPRESENTATION_CONTEXT() REPRESENTATION_CONTEXT('2D SPACE',''
  ) );
#6489 = PCURVE('',#3369,#6490);
#6490 = DEFINITIONAL_REPRESENTATION('',(#6491),#6495);
#6491 = LINE('',#6492,#6493);
#6492 = CARTESIAN_POINT('',(1.,0.));
#6493 = VECTOR('',#6494,1.);
#6494 = DIRECTION('',(0.,-1.));
#6495 = ( GEOMETRIC_REPRESENTATION_CONTEXT(2) 
PARAMETRIC_REPRESENTATION_CONTEXT() REPRESENTATION_CONTEXT('2D SPACE',''
  ) );
#6496 = ORIENTED_EDGE('',*,*,#6497,.T.);
#6497 = EDGE_CURVE('',#6475,#6426,#6498,.T.);
#6498 = SURFACE_CURVE('',#6499,(#6503,#6510),.PCURVE_S1.);
#6499 = LINE('',#6500,#6501);
#6500 = CARTESIAN_POINT('',(28.222021484375,10.6,0.413818359375));
#6501 = VECTOR('',#6502,1.);
#6502 = DIRECTION('',(0.,0.,1.));
#6503 = PCURVE('',#3399,#6504);
#6504 = DEFINITIONAL_REPRESENTATION('',(#6505),#6509);
#6505 = LINE('',#6506,#6507);
#6506 = CARTESIAN_POINT('',(0.,-0.4));
#6507 = VECTOR('',#6508,1.);
#6508 = DIRECTION('',(1.,0.));
#6509 = ( GEOMETRIC_REPRESENTATION_CONTEXT(2) 
PARAMETRIC_REPRESENTATION_CONTEXT() REPRESENTATION_CONTEXT('2D SPACE',''
  ) );
#6510 = PCURVE('',#6339,#6511);
#6511 = DEFINITIONAL_REPRESENTATION('',(#6512),#6516);
#6512 = LINE('',#6513,#6514);
#6513 = CARTESIAN_POINT('',(0.3955078125,2.0654296875));
#6514 = VECTOR('',#6515,1.);
#6515 = DIRECTION('',(0.,1.));
#6516 = ( GEOMETRIC_REPRESENTATION_CONTEXT(2) 
PARAMETRIC_REPRESENTATION_CONTEXT() REPRESENTATION_CONTEXT('2D SPACE',''
  ) );
#6517 = ORIENTED_EDGE('',*,*,#6425,.F.);
#6518 = ORIENTED_EDGE('',*,*,#3383,.F.);
#6519 = ADVANCED_FACE('',(#6520),#3369,.T.);
#6520 = FACE_BOUND('',#6521,.T.);
#6521 = EDGE_LOOP('',(#6522,#6545,#6566,#6567));
#6522 = ORIENTED_EDGE('',*,*,#6523,.T.);
#6523 = EDGE_CURVE('',#3326,#6524,#6526,.T.);
#6524 = VERTEX_POINT('',#6525);
#6525 = CARTESIAN_POINT('',(27.335791015625,10.6,0.933837890625));
#6526 = SURFACE_CURVE('',#6527,(#6531,#6538),.PCURVE_S1.);
#6527 = LINE('',#6528,#6529);
#6528 = CARTESIAN_POINT('',(27.335791015625,11.,0.933837890625));
#6529 = VECTOR('',#6530,1.);
#6530 = DIRECTION('',(0.,-1.,-0.));
#6531 = PCURVE('',#3369,#6532);
#6532 = DEFINITIONAL_REPRESENTATION('',(#6533),#6537);
#6533 = LINE('',#6534,#6535);
#6534 = CARTESIAN_POINT('',(0.,0.));
#6535 = VECTOR('',#6536,1.);
#6536 = DIRECTION('',(0.,-1.));
#6537 = ( GEOMETRIC_REPRESENTATION_CONTEXT(2) 
PARAMETRIC_REPRESENTATION_CONTEXT() REPRESENTATION_CONTEXT('2D SPACE',''
  ) );
#6538 = PCURVE('',#3341,#6539);
#6539 = DEFINITIONAL_REPRESENTATION('',(#6540),#6544);
#6540 = LINE('',#6541,#6542);
#6541 = CARTESIAN_POINT('',(2.58544921875,0.));
#6542 = VECTOR('',#6543,1.);
#6543 = DIRECTION('',(0.,-1.));
#6544 = ( GEOMETRIC_REPRESENTATION_CONTEXT(2) 
PARAMETRIC_REPRESENTATION_CONTEXT() REPRESENTATION_CONTEXT('2D SPACE',''
  ) );
#6545 = ORIENTED_EDGE('',*,*,#6546,.T.);
#6546 = EDGE_CURVE('',#6524,#6475,#6547,.T.);
#6547 = SURFACE_CURVE('',#6548,(#6552,#6559),.PCURVE_S1.);
#6548 = B_SPLINE_CURVE_WITH_KNOTS('',2,(#6549,#6550,#6551),
  .UNSPECIFIED.,.F.,.F.,(3,3),(0.,1.),.PIECEWISE_BEZIER_KNOTS.);
#6549 = CARTESIAN_POINT('',(27.335791015625,10.6,0.933837890625));
#6550 = CARTESIAN_POINT('',(27.711767578125,10.6,0.582275390625));
#6551 = CARTESIAN_POINT('',(28.222021484375,10.6,0.413818359375));
#6552 = PCURVE('',#3369,#6553);
#6553 = DEFINITIONAL_REPRESENTATION('',(#6554),#6558);
#6554 = LINE('',#6555,#6556);
#6555 = CARTESIAN_POINT('',(0.,-0.4));
#6556 = VECTOR('',#6557,1.);
#6557 = DIRECTION('',(1.,0.));
#6558 = ( GEOMETRIC_REPRESENTATION_CONTEXT(2) 
PARAMETRIC_REPRESENTATION_CONTEXT() REPRESENTATION_CONTEXT('2D SPACE',''
  ) );
#6559 = PCURVE('',#6339,#6560);
#6560 = DEFINITIONAL_REPRESENTATION('',(#6561),#6565);
#6561 = B_SPLINE_CURVE_WITH_KNOTS('',2,(#6562,#6563,#6564),
  .UNSPECIFIED.,.F.,.F.,(3,3),(0.,1.),.PIECEWISE_BEZIER_KNOTS.);
#6562 = CARTESIAN_POINT('',(1.28173828125,2.58544921875));
#6563 = CARTESIAN_POINT('',(0.90576171875,2.23388671875));
#6564 = CARTESIAN_POINT('',(0.3955078125,2.0654296875));
#6565 = ( GEOMETRIC_REPRESENTATION_CONTEXT(2) 
PARAMETRIC_REPRESENTATION_CONTEXT() REPRESENTATION_CONTEXT('2D SPACE',''
  ) );
#6566 = ORIENTED_EDGE('',*,*,#6474,.F.);
#6567 = ORIENTED_EDGE('',*,*,#3353,.F.);
#6568 = ADVANCED_FACE('',(#6569),#3341,.T.);
#6569 = FACE_BOUND('',#6570,.T.);
#6570 = EDGE_LOOP('',(#6571,#6594,#6615,#6616));
#6571 = ORIENTED_EDGE('',*,*,#6572,.T.);
#6572 = EDGE_CURVE('',#3298,#6573,#6575,.T.);
#6573 = VERTEX_POINT('',#6574);
#6574 = CARTESIAN_POINT('',(27.335791015625,10.6,-1.651611328125));
#6575 = SURFACE_CURVE('',#6576,(#6580,#6587),.PCURVE_S1.);
#6576 = LINE('',#6577,#6578);
#6577 = CARTESIAN_POINT('',(27.335791015625,11.,-1.651611328125));
#6578 = VECTOR('',#6579,1.);
#6579 = DIRECTION('',(0.,-1.,-0.));
#6580 = PCURVE('',#3341,#6581);
#6581 = DEFINITIONAL_REPRESENTATION('',(#6582),#6586);
#6582 = LINE('',#6583,#6584);
#6583 = CARTESIAN_POINT('',(0.,0.));
#6584 = VECTOR('',#6585,1.);
#6585 = DIRECTION('',(0.,-1.));
#6586 = ( GEOMETRIC_REPRESENTATION_CONTEXT(2) 
PARAMETRIC_REPRESENTATION_CONTEXT() REPRESENTATION_CONTEXT('2D SPACE',''
  ) );
#6587 = PCURVE('',#3313,#6588);
#6588 = DEFINITIONAL_REPRESENTATION('',(#6589),#6593);
#6589 = LINE('',#6590,#6591);
#6590 = CARTESIAN_POINT('',(0.68603515625,0.));
#6591 = VECTOR('',#6592,1.);
#6592 = DIRECTION('',(0.,-1.));
#6593 = ( GEOMETRIC_REPRESENTATION_CONTEXT(2) 
PARAMETRIC_REPRESENTATION_CONTEXT() REPRESENTATION_CONTEXT('2D SPACE',''
  ) );
#6594 = ORIENTED_EDGE('',*,*,#6595,.T.);
#6595 = EDGE_CURVE('',#6573,#6524,#6596,.T.);
#6596 = SURFACE_CURVE('',#6597,(#6601,#6608),.PCURVE_S1.);
#6597 = LINE('',#6598,#6599);
#6598 = CARTESIAN_POINT('',(27.335791015625,10.6,-1.651611328125));
#6599 = VECTOR('',#6600,1.);
#6600 = DIRECTION('',(0.,0.,1.));
#6601 = PCURVE('',#3341,#6602);
#6602 = DEFINITIONAL_REPRESENTATION('',(#6603),#6607);
#6603 = LINE('',#6604,#6605);
#6604 = CARTESIAN_POINT('',(0.,-0.4));
#6605 = VECTOR('',#6606,1.);
#6606 = DIRECTION('',(1.,0.));
#6607 = ( GEOMETRIC_REPRESENTATION_CONTEXT(2) 
PARAMETRIC_REPRESENTATION_CONTEXT() REPRESENTATION_CONTEXT('2D SPACE',''
  ) );
#6608 = PCURVE('',#6339,#6609);
#6609 = DEFINITIONAL_REPRESENTATION('',(#6610),#6614);
#6610 = LINE('',#6611,#6612);
#6611 = CARTESIAN_POINT('',(1.28173828125,0.));
#6612 = VECTOR('',#6613,1.);
#6613 = DIRECTION('',(0.,1.));
#6614 = ( GEOMETRIC_REPRESENTATION_CONTEXT(2) 
PARAMETRIC_REPRESENTATION_CONTEXT() REPRESENTATION_CONTEXT('2D SPACE',''
  ) );
#6615 = ORIENTED_EDGE('',*,*,#6523,.F.);
#6616 = ORIENTED_EDGE('',*,*,#3325,.F.);
#6617 = ADVANCED_FACE('',(#6618),#3313,.T.);
#6618 = FACE_BOUND('',#6619,.T.);
#6619 = EDGE_LOOP('',(#6620,#6643,#6664,#6665));
#6620 = ORIENTED_EDGE('',*,*,#6621,.T.);
#6621 = EDGE_CURVE('',#3270,#6622,#6624,.T.);
#6622 = VERTEX_POINT('',#6623);
#6623 = CARTESIAN_POINT('',(26.649755859375,10.6,-1.651611328125));
#6624 = SURFACE_CURVE('',#6625,(#6629,#6636),.PCURVE_S1.);
#6625 = LINE('',#6626,#6627);
#6626 = CARTESIAN_POINT('',(26.649755859375,11.,-1.651611328125));
#6627 = VECTOR('',#6628,1.);
#6628 = DIRECTION('',(0.,-1.,-0.));
#6629 = PCURVE('',#3313,#6630);
#6630 = DEFINITIONAL_REPRESENTATION('',(#6631),#6635);
#6631 = LINE('',#6632,#6633);
#6632 = CARTESIAN_POINT('',(0.,0.));
#6633 = VECTOR('',#6634,1.);
#6634 = DIRECTION('',(0.,-1.));
#6635 = ( GEOMETRIC_REPRESENTATION_CONTEXT(2) 
PARAMETRIC_REPRESENTATION_CONTEXT() REPRESENTATION_CONTEXT('2D SPACE',''
  ) );
#6636 = PCURVE('',#3285,#6637);
#6637 = DEFINITIONAL_REPRESENTATION('',(#6638),#6642);
#6638 = LINE('',#6639,#6640);
#6639 = CARTESIAN_POINT('',(3.59375,0.));
#6640 = VECTOR('',#6641,1.);
#6641 = DIRECTION('',(0.,-1.));
#6642 = ( GEOMETRIC_REPRESENTATION_CONTEXT(2) 
PARAMETRIC_REPRESENTATION_CONTEXT() REPRESENTATION_CONTEXT('2D SPACE',''
  ) );
#6643 = ORIENTED_EDGE('',*,*,#6644,.T.);
#6644 = EDGE_CURVE('',#6622,#6573,#6645,.T.);
#6645 = SURFACE_CURVE('',#6646,(#6650,#6657),.PCURVE_S1.);
#6646 = LINE('',#6647,#6648);
#6647 = CARTESIAN_POINT('',(26.649755859375,10.6,-1.651611328125));
#6648 = VECTOR('',#6649,1.);
#6649 = DIRECTION('',(1.,0.,0.));
#6650 = PCURVE('',#3313,#6651);
#6651 = DEFINITIONAL_REPRESENTATION('',(#6652),#6656);
#6652 = LINE('',#6653,#6654);
#6653 = CARTESIAN_POINT('',(0.,-0.4));
#6654 = VECTOR('',#6655,1.);
#6655 = DIRECTION('',(1.,0.));
#6656 = ( GEOMETRIC_REPRESENTATION_CONTEXT(2) 
PARAMETRIC_REPRESENTATION_CONTEXT() REPRESENTATION_CONTEXT('2D SPACE',''
  ) );
#6657 = PCURVE('',#6339,#6658);
#6658 = DEFINITIONAL_REPRESENTATION('',(#6659),#6663);
#6659 = LINE('',#6660,#6661);
#6660 = CARTESIAN_POINT('',(1.9677734375,0.));
#6661 = VECTOR('',#6662,1.);
#6662 = DIRECTION('',(-1.,0.));
#6663 = ( GEOMETRIC_REPRESENTATION_CONTEXT(2) 
PARAMETRIC_REPRESENTATION_CONTEXT() REPRESENTATION_CONTEXT('2D SPACE',''
  ) );
#6664 = ORIENTED_EDGE('',*,*,#6572,.F.);
#6665 = ORIENTED_EDGE('',*,*,#3297,.F.);
#6666 = ADVANCED_FACE('',(#6667),#3285,.T.);
#6667 = FACE_BOUND('',#6668,.T.);
#6668 = EDGE_LOOP('',(#6669,#6670,#6691,#6692));
#6669 = ORIENTED_EDGE('',*,*,#6351,.T.);
#6670 = ORIENTED_EDGE('',*,*,#6671,.T.);
#6671 = EDGE_CURVE('',#6324,#6622,#6672,.T.);
#6672 = SURFACE_CURVE('',#6673,(#6677,#6684),.PCURVE_S1.);
#6673 = LINE('',#6674,#6675);
#6674 = CARTESIAN_POINT('',(26.649755859375,10.6,1.942138671875));
#6675 = VECTOR('',#6676,1.);
#6676 = DIRECTION('',(-0.,0.,-1.));
#6677 = PCURVE('',#3285,#6678);
#6678 = DEFINITIONAL_REPRESENTATION('',(#6679),#6683);
#6679 = LINE('',#6680,#6681);
#6680 = CARTESIAN_POINT('',(0.,-0.4));
#6681 = VECTOR('',#6682,1.);
#6682 = DIRECTION('',(1.,0.));
#6683 = ( GEOMETRIC_REPRESENTATION_CONTEXT(2) 
PARAMETRIC_REPRESENTATION_CONTEXT() REPRESENTATION_CONTEXT('2D SPACE',''
  ) );
#6684 = PCURVE('',#6339,#6685);
#6685 = DEFINITIONAL_REPRESENTATION('',(#6686),#6690);
#6686 = LINE('',#6687,#6688);
#6687 = CARTESIAN_POINT('',(1.9677734375,3.59375));
#6688 = VECTOR('',#6689,1.);
#6689 = DIRECTION('',(0.,-1.));
#6690 = ( GEOMETRIC_REPRESENTATION_CONTEXT(2) 
PARAMETRIC_REPRESENTATION_CONTEXT() REPRESENTATION_CONTEXT('2D SPACE',''
  ) );
#6691 = ORIENTED_EDGE('',*,*,#6621,.F.);
#6692 = ORIENTED_EDGE('',*,*,#3269,.F.);
#6693 = ADVANCED_FACE('',(#6694),#3489,.T.);
#6694 = FACE_BOUND('',#6695,.T.);
#6695 = EDGE_LOOP('',(#6696,#6719,#6747,#6768));
#6696 = ORIENTED_EDGE('',*,*,#6697,.T.);
#6697 = EDGE_CURVE('',#3472,#6698,#6700,.T.);
#6698 = VERTEX_POINT('',#6699);
#6699 = CARTESIAN_POINT('',(28.654150390625,10.6,-1.0986328125E-02));
#6700 = SURFACE_CURVE('',#6701,(#6705,#6712),.PCURVE_S1.);
#6701 = LINE('',#6702,#6703);
#6702 = CARTESIAN_POINT('',(28.654150390625,11.,-1.0986328125E-02));
#6703 = VECTOR('',#6704,1.);
#6704 = DIRECTION('',(0.,-1.,-0.));
#6705 = PCURVE('',#3489,#6706);
#6706 = DEFINITIONAL_REPRESENTATION('',(#6707),#6711);
#6707 = LINE('',#6708,#6709);
#6708 = CARTESIAN_POINT('',(0.,0.));
#6709 = VECTOR('',#6710,1.);
#6710 = DIRECTION('',(0.,-1.));
#6711 = ( GEOMETRIC_REPRESENTATION_CONTEXT(2) 
PARAMETRIC_REPRESENTATION_CONTEXT() REPRESENTATION_CONTEXT('2D SPACE',''
  ) );
#6712 = PCURVE('',#3571,#6713);
#6713 = DEFINITIONAL_REPRESENTATION('',(#6714),#6718);
#6714 = LINE('',#6715,#6716);
#6715 = CARTESIAN_POINT('',(1.34765625,0.));
#6716 = VECTOR('',#6717,1.);
#6717 = DIRECTION('',(0.,-1.));
#6718 = ( GEOMETRIC_REPRESENTATION_CONTEXT(2) 
PARAMETRIC_REPRESENTATION_CONTEXT() REPRESENTATION_CONTEXT('2D SPACE',''
  ) );
#6719 = ORIENTED_EDGE('',*,*,#6720,.T.);
#6720 = EDGE_CURVE('',#6698,#6721,#6723,.T.);
#6721 = VERTEX_POINT('',#6722);
#6722 = CARTESIAN_POINT('',(28.654150390625,10.6,-0.697021484375));
#6723 = SURFACE_CURVE('',#6724,(#6728,#6735),.PCURVE_S1.);
#6724 = LINE('',#6725,#6726);
#6725 = CARTESIAN_POINT('',(28.654150390625,10.6,-1.0986328125E-02));
#6726 = VECTOR('',#6727,1.);
#6727 = DIRECTION('',(-0.,0.,-1.));
#6728 = PCURVE('',#3489,#6729);
#6729 = DEFINITIONAL_REPRESENTATION('',(#6730),#6734);
#6730 = LINE('',#6731,#6732);
#6731 = CARTESIAN_POINT('',(0.,-0.4));
#6732 = VECTOR('',#6733,1.);
#6733 = DIRECTION('',(1.,0.));
#6734 = ( GEOMETRIC_REPRESENTATION_CONTEXT(2) 
PARAMETRIC_REPRESENTATION_CONTEXT() REPRESENTATION_CONTEXT('2D SPACE',''
  ) );
#6735 = PCURVE('',#6736,#6741);
#6736 = PLANE('',#6737);
#6737 = AXIS2_PLACEMENT_3D('',#6738,#6739,#6740);
#6738 = CARTESIAN_POINT('',(30.282568359375,10.6,-1.651611328125));
#6739 = DIRECTION('',(0.,1.,0.));
#6740 = DIRECTION('',(-1.,0.,0.));
#6741 = DEFINITIONAL_REPRESENTATION('',(#6742),#6746);
#6742 = LINE('',#6743,#6744);
#6743 = CARTESIAN_POINT('',(1.62841796875,1.640625));
#6744 = VECTOR('',#6745,1.);
#6745 = DIRECTION('',(0.,-1.));
#6746 = ( GEOMETRIC_REPRESENTATION_CONTEXT(2) 
PARAMETRIC_REPRESENTATION_CONTEXT() REPRESENTATION_CONTEXT('2D SPACE',''
  ) );
#6747 = ORIENTED_EDGE('',*,*,#6748,.F.);
#6748 = EDGE_CURVE('',#3474,#6721,#6749,.T.);
#6749 = SURFACE_CURVE('',#6750,(#6754,#6761),.PCURVE_S1.);
#6750 = LINE('',#6751,#6752);
#6751 = CARTESIAN_POINT('',(28.654150390625,11.,-0.697021484375));
#6752 = VECTOR('',#6753,1.);
#6753 = DIRECTION('',(0.,-1.,-0.));
#6754 = PCURVE('',#3489,#6755);
#6755 = DEFINITIONAL_REPRESENTATION('',(#6756),#6760);
#6756 = LINE('',#6757,#6758);
#6757 = CARTESIAN_POINT('',(0.68603515625,0.));
#6758 = VECTOR('',#6759,1.);
#6759 = DIRECTION('',(0.,-1.));
#6760 = ( GEOMETRIC_REPRESENTATION_CONTEXT(2) 
PARAMETRIC_REPRESENTATION_CONTEXT() REPRESENTATION_CONTEXT('2D SPACE',''
  ) );
#6761 = PCURVE('',#3517,#6762);
#6762 = DEFINITIONAL_REPRESENTATION('',(#6763),#6767);
#6763 = LINE('',#6764,#6765);
#6764 = CARTESIAN_POINT('',(0.,0.));
#6765 = VECTOR('',#6766,1.);
#6766 = DIRECTION('',(0.,-1.));
#6767 = ( GEOMETRIC_REPRESENTATION_CONTEXT(2) 
PARAMETRIC_REPRESENTATION_CONTEXT() REPRESENTATION_CONTEXT('2D SPACE',''
  ) );
#6768 = ORIENTED_EDGE('',*,*,#3471,.F.);
#6769 = ADVANCED_FACE('',(#6770),#3571,.T.);
#6770 = FACE_BOUND('',#6771,.T.);
#6771 = EDGE_LOOP('',(#6772,#6795,#6816,#6817));
#6772 = ORIENTED_EDGE('',*,*,#6773,.T.);
#6773 = EDGE_CURVE('',#3530,#6774,#6776,.T.);
#6774 = VERTEX_POINT('',#6775);
#6775 = CARTESIAN_POINT('',(30.001806640625,10.6,-1.0986328125E-02));
#6776 = SURFACE_CURVE('',#6777,(#6781,#6788),.PCURVE_S1.);
#6777 = LINE('',#6778,#6779);
#6778 = CARTESIAN_POINT('',(30.001806640625,11.,-1.0986328125E-02));
#6779 = VECTOR('',#6780,1.);
#6780 = DIRECTION('',(0.,-1.,-0.));
#6781 = PCURVE('',#3571,#6782);
#6782 = DEFINITIONAL_REPRESENTATION('',(#6783),#6787);
#6783 = LINE('',#6784,#6785);
#6784 = CARTESIAN_POINT('',(0.,0.));
#6785 = VECTOR('',#6786,1.);
#6786 = DIRECTION('',(0.,-1.));
#6787 = ( GEOMETRIC_REPRESENTATION_CONTEXT(2) 
PARAMETRIC_REPRESENTATION_CONTEXT() REPRESENTATION_CONTEXT('2D SPACE',''
  ) );
#6788 = PCURVE('',#3545,#6789);
#6789 = DEFINITIONAL_REPRESENTATION('',(#6790),#6794);
#6790 = LINE('',#6791,#6792);
#6791 = CARTESIAN_POINT('',(0.68603515625,0.));
#6792 = VECTOR('',#6793,1.);
#6793 = DIRECTION('',(0.,-1.));
#6794 = ( GEOMETRIC_REPRESENTATION_CONTEXT(2) 
PARAMETRIC_REPRESENTATION_CONTEXT() REPRESENTATION_CONTEXT('2D SPACE',''
  ) );
#6795 = ORIENTED_EDGE('',*,*,#6796,.T.);
#6796 = EDGE_CURVE('',#6774,#6698,#6797,.T.);
#6797 = SURFACE_CURVE('',#6798,(#6802,#6809),.PCURVE_S1.);
#6798 = LINE('',#6799,#6800);
#6799 = CARTESIAN_POINT('',(30.001806640625,10.6,-1.0986328125E-02));
#6800 = VECTOR('',#6801,1.);
#6801 = DIRECTION('',(-1.,0.,0.));
#6802 = PCURVE('',#3571,#6803);
#6803 = DEFINITIONAL_REPRESENTATION('',(#6804),#6808);
#6804 = LINE('',#6805,#6806);
#6805 = CARTESIAN_POINT('',(0.,-0.4));
#6806 = VECTOR('',#6807,1.);
#6807 = DIRECTION('',(1.,0.));
#6808 = ( GEOMETRIC_REPRESENTATION_CONTEXT(2) 
PARAMETRIC_REPRESENTATION_CONTEXT() REPRESENTATION_CONTEXT('2D SPACE',''
  ) );
#6809 = PCURVE('',#6736,#6810);
#6810 = DEFINITIONAL_REPRESENTATION('',(#6811),#6815);
#6811 = LINE('',#6812,#6813);
#6812 = CARTESIAN_POINT('',(0.28076171875,1.640625));
#6813 = VECTOR('',#6814,1.);
#6814 = DIRECTION('',(1.,0.));
#6815 = ( GEOMETRIC_REPRESENTATION_CONTEXT(2) 
PARAMETRIC_REPRESENTATION_CONTEXT() REPRESENTATION_CONTEXT('2D SPACE',''
  ) );
#6816 = ORIENTED_EDGE('',*,*,#6697,.F.);
#6817 = ORIENTED_EDGE('',*,*,#3557,.F.);
#6818 = ADVANCED_FACE('',(#6819),#3545,.T.);
#6819 = FACE_BOUND('',#6820,.T.);
#6820 = EDGE_LOOP('',(#6821,#6844,#6865,#6866));
#6821 = ORIENTED_EDGE('',*,*,#6822,.T.);
#6822 = EDGE_CURVE('',#3502,#6823,#6825,.T.);
#6823 = VERTEX_POINT('',#6824);
#6824 = CARTESIAN_POINT('',(30.001806640625,10.6,-0.697021484375));
#6825 = SURFACE_CURVE('',#6826,(#6830,#6837),.PCURVE_S1.);
#6826 = LINE('',#6827,#6828);
#6827 = CARTESIAN_POINT('',(30.001806640625,11.,-0.697021484375));
#6828 = VECTOR('',#6829,1.);
#6829 = DIRECTION('',(0.,-1.,-0.));
#6830 = PCURVE('',#3545,#6831);
#6831 = DEFINITIONAL_REPRESENTATION('',(#6832),#6836);
#6832 = LINE('',#6833,#6834);
#6833 = CARTESIAN_POINT('',(0.,0.));
#6834 = VECTOR('',#6835,1.);
#6835 = DIRECTION('',(0.,-1.));
#6836 = ( GEOMETRIC_REPRESENTATION_CONTEXT(2) 
PARAMETRIC_REPRESENTATION_CONTEXT() REPRESENTATION_CONTEXT('2D SPACE',''
  ) );
#6837 = PCURVE('',#3517,#6838);
#6838 = DEFINITIONAL_REPRESENTATION('',(#6839),#6843);
#6839 = LINE('',#6840,#6841);
#6840 = CARTESIAN_POINT('',(1.34765625,0.));
#6841 = VECTOR('',#6842,1.);
#6842 = DIRECTION('',(0.,-1.));
#6843 = ( GEOMETRIC_REPRESENTATION_CONTEXT(2) 
PARAMETRIC_REPRESENTATION_CONTEXT() REPRESENTATION_CONTEXT('2D SPACE',''
  ) );
#6844 = ORIENTED_EDGE('',*,*,#6845,.T.);
#6845 = EDGE_CURVE('',#6823,#6774,#6846,.T.);
#6846 = SURFACE_CURVE('',#6847,(#6851,#6858),.PCURVE_S1.);
#6847 = LINE('',#6848,#6849);
#6848 = CARTESIAN_POINT('',(30.001806640625,10.6,-0.697021484375));
#6849 = VECTOR('',#6850,1.);
#6850 = DIRECTION('',(0.,0.,1.));
#6851 = PCURVE('',#3545,#6852);
#6852 = DEFINITIONAL_REPRESENTATION('',(#6853),#6857);
#6853 = LINE('',#6854,#6855);
#6854 = CARTESIAN_POINT('',(0.,-0.4));
#6855 = VECTOR('',#6856,1.);
#6856 = DIRECTION('',(1.,0.));
#6857 = ( GEOMETRIC_REPRESENTATION_CONTEXT(2) 
PARAMETRIC_REPRESENTATION_CONTEXT() REPRESENTATION_CONTEXT('2D SPACE',''
  ) );
#6858 = PCURVE('',#6736,#6859);
#6859 = DEFINITIONAL_REPRESENTATION('',(#6860),#6864);
#6860 = LINE('',#6861,#6862);
#6861 = CARTESIAN_POINT('',(0.28076171875,0.95458984375));
#6862 = VECTOR('',#6863,1.);
#6863 = DIRECTION('',(0.,1.));
#6864 = ( GEOMETRIC_REPRESENTATION_CONTEXT(2) 
PARAMETRIC_REPRESENTATION_CONTEXT() REPRESENTATION_CONTEXT('2D SPACE',''
  ) );
#6865 = ORIENTED_EDGE('',*,*,#6773,.F.);
#6866 = ORIENTED_EDGE('',*,*,#3529,.F.);
#6867 = ADVANCED_FACE('',(#6868),#3517,.T.);
#6868 = FACE_BOUND('',#6869,.T.);
#6869 = EDGE_LOOP('',(#6870,#6871,#6892,#6893));
#6870 = ORIENTED_EDGE('',*,*,#6748,.T.);
#6871 = ORIENTED_EDGE('',*,*,#6872,.T.);
#6872 = EDGE_CURVE('',#6721,#6823,#6873,.T.);
#6873 = SURFACE_CURVE('',#6874,(#6878,#6885),.PCURVE_S1.);
#6874 = LINE('',#6875,#6876);
#6875 = CARTESIAN_POINT('',(28.654150390625,10.6,-0.697021484375));
#6876 = VECTOR('',#6877,1.);
#6877 = DIRECTION('',(1.,0.,0.));
#6878 = PCURVE('',#3517,#6879);
#6879 = DEFINITIONAL_REPRESENTATION('',(#6880),#6884);
#6880 = LINE('',#6881,#6882);
#6881 = CARTESIAN_POINT('',(0.,-0.4));
#6882 = VECTOR('',#6883,1.);
#6883 = DIRECTION('',(1.,0.));
#6884 = ( GEOMETRIC_REPRESENTATION_CONTEXT(2) 
PARAMETRIC_REPRESENTATION_CONTEXT() REPRESENTATION_CONTEXT('2D SPACE',''
  ) );
#6885 = PCURVE('',#6736,#6886);
#6886 = DEFINITIONAL_REPRESENTATION('',(#6887),#6891);
#6887 = LINE('',#6888,#6889);
#6888 = CARTESIAN_POINT('',(1.62841796875,0.95458984375));
#6889 = VECTOR('',#6890,1.);
#6890 = DIRECTION('',(-1.,0.));
#6891 = ( GEOMETRIC_REPRESENTATION_CONTEXT(2) 
PARAMETRIC_REPRESENTATION_CONTEXT() REPRESENTATION_CONTEXT('2D SPACE',''
  ) );
#6892 = ORIENTED_EDGE('',*,*,#6822,.F.);
#6893 = ORIENTED_EDGE('',*,*,#3501,.F.);
#6894 = ADVANCED_FACE('',(#6895),#3603,.T.);
#6895 = FACE_BOUND('',#6896,.T.);
#6896 = EDGE_LOOP('',(#6897,#6920,#6948,#6969));
#6897 = ORIENTED_EDGE('',*,*,#6898,.T.);
#6898 = EDGE_CURVE('',#3586,#6899,#6901,.T.);
#6899 = VERTEX_POINT('',#6900);
#6900 = CARTESIAN_POINT('',(33.422216796875,10.6,1.165771484375));
#6901 = SURFACE_CURVE('',#6902,(#6906,#6913),.PCURVE_S1.);
#6902 = LINE('',#6903,#6904);
#6903 = CARTESIAN_POINT('',(33.422216796875,11.,1.165771484375));
#6904 = VECTOR('',#6905,1.);
#6905 = DIRECTION('',(0.,-1.,-0.));
#6906 = PCURVE('',#3603,#6907);
#6907 = DEFINITIONAL_REPRESENTATION('',(#6908),#6912);
#6908 = LINE('',#6909,#6910);
#6909 = CARTESIAN_POINT('',(0.,0.));
#6910 = VECTOR('',#6911,1.);
#6911 = DIRECTION('',(0.,-1.));
#6912 = ( GEOMETRIC_REPRESENTATION_CONTEXT(2) 
PARAMETRIC_REPRESENTATION_CONTEXT() REPRESENTATION_CONTEXT('2D SPACE',''
  ) );
#6913 = PCURVE('',#3937,#6914);
#6914 = DEFINITIONAL_REPRESENTATION('',(#6915),#6919);
#6915 = LINE('',#6916,#6917);
#6916 = CARTESIAN_POINT('',(2.904982095424,0.));
#6917 = VECTOR('',#6918,1.);
#6918 = DIRECTION('',(0.,-1.));
#6919 = ( GEOMETRIC_REPRESENTATION_CONTEXT(2) 
PARAMETRIC_REPRESENTATION_CONTEXT() REPRESENTATION_CONTEXT('2D SPACE',''
  ) );
#6920 = ORIENTED_EDGE('',*,*,#6921,.T.);
#6921 = EDGE_CURVE('',#6899,#6922,#6924,.T.);
#6922 = VERTEX_POINT('',#6923);
#6923 = CARTESIAN_POINT('',(33.422216796875,10.6,-1.651611328125));
#6924 = SURFACE_CURVE('',#6925,(#6929,#6936),.PCURVE_S1.);
#6925 = LINE('',#6926,#6927);
#6926 = CARTESIAN_POINT('',(33.422216796875,10.6,1.165771484375));
#6927 = VECTOR('',#6928,1.);
#6928 = DIRECTION('',(-0.,0.,-1.));
#6929 = PCURVE('',#3603,#6930);
#6930 = DEFINITIONAL_REPRESENTATION('',(#6931),#6935);
#6931 = LINE('',#6932,#6933);
#6932 = CARTESIAN_POINT('',(0.,-0.4));
#6933 = VECTOR('',#6934,1.);
#6934 = DIRECTION('',(1.,0.));
#6935 = ( GEOMETRIC_REPRESENTATION_CONTEXT(2) 
PARAMETRIC_REPRESENTATION_CONTEXT() REPRESENTATION_CONTEXT('2D SPACE',''
  ) );
#6936 = PCURVE('',#6937,#6942);
#6937 = PLANE('',#6938);
#6938 = AXIS2_PLACEMENT_3D('',#6939,#6940,#6941);
#6939 = CARTESIAN_POINT('',(34.447607421875,10.6,-1.651611328125));
#6940 = DIRECTION('',(0.,1.,0.));
#6941 = DIRECTION('',(-1.,0.,0.));
#6942 = DEFINITIONAL_REPRESENTATION('',(#6943),#6947);
#6943 = LINE('',#6944,#6945);
#6944 = CARTESIAN_POINT('',(1.025390625,2.8173828125));
#6945 = VECTOR('',#6946,1.);
#6946 = DIRECTION('',(0.,-1.));
#6947 = ( GEOMETRIC_REPRESENTATION_CONTEXT(2) 
PARAMETRIC_REPRESENTATION_CONTEXT() REPRESENTATION_CONTEXT('2D SPACE',''
  ) );
#6948 = ORIENTED_EDGE('',*,*,#6949,.F.);
#6949 = EDGE_CURVE('',#3588,#6922,#6950,.T.);
#6950 = SURFACE_CURVE('',#6951,(#6955,#6962),.PCURVE_S1.);
#6951 = LINE('',#6952,#6953);
#6952 = CARTESIAN_POINT('',(33.422216796875,11.,-1.651611328125));
#6953 = VECTOR('',#6954,1.);
#6954 = DIRECTION('',(0.,-1.,-0.));
#6955 = PCURVE('',#3603,#6956);
#6956 = DEFINITIONAL_REPRESENTATION('',(#6957),#6961);
#6957 = LINE('',#6958,#6959);
#6958 = CARTESIAN_POINT('',(2.8173828125,0.));
#6959 = VECTOR('',#6960,1.);
#6960 = DIRECTION('',(0.,-1.));
#6961 = ( GEOMETRIC_REPRESENTATION_CONTEXT(2) 
PARAMETRIC_REPRESENTATION_CONTEXT() REPRESENTATION_CONTEXT('2D SPACE',''
  ) );
#6962 = PCURVE('',#3631,#6963);
#6963 = DEFINITIONAL_REPRESENTATION('',(#6964),#6968);
#6964 = LINE('',#6965,#6966);
#6965 = CARTESIAN_POINT('',(0.,0.));
#6966 = VECTOR('',#6967,1.);
#6967 = DIRECTION('',(0.,-1.));
#6968 = ( GEOMETRIC_REPRESENTATION_CONTEXT(2) 
PARAMETRIC_REPRESENTATION_CONTEXT() REPRESENTATION_CONTEXT('2D SPACE',''
  ) );
#6969 = ORIENTED_EDGE('',*,*,#3585,.F.);
#6970 = ADVANCED_FACE('',(#6971),#3937,.T.);
#6971 = FACE_BOUND('',#6972,.T.);
#6972 = EDGE_LOOP('',(#6973,#6996,#7017,#7018));
#6973 = ORIENTED_EDGE('',*,*,#6974,.T.);
#6974 = EDGE_CURVE('',#3896,#6975,#6977,.T.);
#6975 = VERTEX_POINT('',#6976);
#6976 = CARTESIAN_POINT('',(32.714208984375,10.6,-1.651611328125));
#6977 = SURFACE_CURVE('',#6978,(#6982,#6989),.PCURVE_S1.);
#6978 = LINE('',#6979,#6980);
#6979 = CARTESIAN_POINT('',(32.714208984375,11.,-1.651611328125));
#6980 = VECTOR('',#6981,1.);
#6981 = DIRECTION('',(0.,-1.,-0.));
#6982 = PCURVE('',#3937,#6983);
#6983 = DEFINITIONAL_REPRESENTATION('',(#6984),#6988);
#6984 = LINE('',#6985,#6986);
#6985 = CARTESIAN_POINT('',(0.,0.));
#6986 = VECTOR('',#6987,1.);
#6987 = DIRECTION('',(0.,-1.));
#6988 = ( GEOMETRIC_REPRESENTATION_CONTEXT(2) 
PARAMETRIC_REPRESENTATION_CONTEXT() REPRESENTATION_CONTEXT('2D SPACE',''
  ) );
#6989 = PCURVE('',#3911,#6990);
#6990 = DEFINITIONAL_REPRESENTATION('',(#6991),#6995);
#6991 = LINE('',#6992,#6993);
#6992 = CARTESIAN_POINT('',(0.69580078125,0.));
#6993 = VECTOR('',#6994,1.);
#6994 = DIRECTION('',(0.,-1.));
#6995 = ( GEOMETRIC_REPRESENTATION_CONTEXT(2) 
PARAMETRIC_REPRESENTATION_CONTEXT() REPRESENTATION_CONTEXT('2D SPACE',''
  ) );
#6996 = ORIENTED_EDGE('',*,*,#6997,.T.);
#6997 = EDGE_CURVE('',#6975,#6899,#6998,.T.);
#6998 = SURFACE_CURVE('',#6999,(#7003,#7010),.PCURVE_S1.);
#6999 = LINE('',#7000,#7001);
#7000 = CARTESIAN_POINT('',(32.714208984375,10.6,-1.651611328125));
#7001 = VECTOR('',#7002,1.);
#7002 = DIRECTION('',(0.243721919531,0.,0.969845155651));
#7003 = PCURVE('',#3937,#7004);
#7004 = DEFINITIONAL_REPRESENTATION('',(#7005),#7009);
#7005 = LINE('',#7006,#7007);
#7006 = CARTESIAN_POINT('',(0.,-0.4));
#7007 = VECTOR('',#7008,1.);
#7008 = DIRECTION('',(1.,0.));
#7009 = ( GEOMETRIC_REPRESENTATION_CONTEXT(2) 
PARAMETRIC_REPRESENTATION_CONTEXT() REPRESENTATION_CONTEXT('2D SPACE',''
  ) );
#7010 = PCURVE('',#6937,#7011);
#7011 = DEFINITIONAL_REPRESENTATION('',(#7012),#7016);
#7012 = LINE('',#7013,#7014);
#7013 = CARTESIAN_POINT('',(1.7333984375,0.));
#7014 = VECTOR('',#7015,1.);
#7015 = DIRECTION('',(-0.243721919531,0.969845155651));
#7016 = ( GEOMETRIC_REPRESENTATION_CONTEXT(2) 
PARAMETRIC_REPRESENTATION_CONTEXT() REPRESENTATION_CONTEXT('2D SPACE',''
  ) );
#7017 = ORIENTED_EDGE('',*,*,#6898,.F.);
#7018 = ORIENTED_EDGE('',*,*,#3923,.F.);
#7019 = ADVANCED_FACE('',(#7020),#3911,.T.);
#7020 = FACE_BOUND('',#7021,.T.);
#7021 = EDGE_LOOP('',(#7022,#7045,#7066,#7067));
#7022 = ORIENTED_EDGE('',*,*,#7023,.T.);
#7023 = EDGE_CURVE('',#3868,#7024,#7026,.T.);
#7024 = VERTEX_POINT('',#7025);
#7025 = CARTESIAN_POINT('',(32.018408203125,10.6,-1.651611328125));
#7026 = SURFACE_CURVE('',#7027,(#7031,#7038),.PCURVE_S1.);
#7027 = LINE('',#7028,#7029);
#7028 = CARTESIAN_POINT('',(32.018408203125,11.,-1.651611328125));
#7029 = VECTOR('',#7030,1.);
#7030 = DIRECTION('',(0.,-1.,-0.));
#7031 = PCURVE('',#3911,#7032);
#7032 = DEFINITIONAL_REPRESENTATION('',(#7033),#7037);
#7033 = LINE('',#7034,#7035);
#7034 = CARTESIAN_POINT('',(0.,0.));
#7035 = VECTOR('',#7036,1.);
#7036 = DIRECTION('',(0.,-1.));
#7037 = ( GEOMETRIC_REPRESENTATION_CONTEXT(2) 
PARAMETRIC_REPRESENTATION_CONTEXT() REPRESENTATION_CONTEXT('2D SPACE',''
  ) );
#7038 = PCURVE('',#3883,#7039);
#7039 = DEFINITIONAL_REPRESENTATION('',(#7040),#7044);
#7040 = LINE('',#7041,#7042);
#7041 = CARTESIAN_POINT('',(2.905578084408,0.));
#7042 = VECTOR('',#7043,1.);
#7043 = DIRECTION('',(0.,-1.));
#7044 = ( GEOMETRIC_REPRESENTATION_CONTEXT(2) 
PARAMETRIC_REPRESENTATION_CONTEXT() REPRESENTATION_CONTEXT('2D SPACE',''
  ) );
#7045 = ORIENTED_EDGE('',*,*,#7046,.T.);
#7046 = EDGE_CURVE('',#7024,#6975,#7047,.T.);
#7047 = SURFACE_CURVE('',#7048,(#7052,#7059),.PCURVE_S1.);
#7048 = LINE('',#7049,#7050);
#7049 = CARTESIAN_POINT('',(32.018408203125,10.6,-1.651611328125));
#7050 = VECTOR('',#7051,1.);
#7051 = DIRECTION('',(1.,0.,0.));
#7052 = PCURVE('',#3911,#7053);
#7053 = DEFINITIONAL_REPRESENTATION('',(#7054),#7058);
#7054 = LINE('',#7055,#7056);
#7055 = CARTESIAN_POINT('',(0.,-0.4));
#7056 = VECTOR('',#7057,1.);
#7057 = DIRECTION('',(1.,0.));
#7058 = ( GEOMETRIC_REPRESENTATION_CONTEXT(2) 
PARAMETRIC_REPRESENTATION_CONTEXT() REPRESENTATION_CONTEXT('2D SPACE',''
  ) );
#7059 = PCURVE('',#6937,#7060);
#7060 = DEFINITIONAL_REPRESENTATION('',(#7061),#7065);
#7061 = LINE('',#7062,#7063);
#7062 = CARTESIAN_POINT('',(2.42919921875,0.));
#7063 = VECTOR('',#7064,1.);
#7064 = DIRECTION('',(-1.,0.));
#7065 = ( GEOMETRIC_REPRESENTATION_CONTEXT(2) 
PARAMETRIC_REPRESENTATION_CONTEXT() REPRESENTATION_CONTEXT('2D SPACE',''
  ) );
#7066 = ORIENTED_EDGE('',*,*,#6974,.F.);
#7067 = ORIENTED_EDGE('',*,*,#3895,.F.);
#7068 = ADVANCED_FACE('',(#7069),#3883,.T.);
#7069 = FACE_BOUND('',#7070,.T.);
#7070 = EDGE_LOOP('',(#7071,#7094,#7115,#7116));
#7071 = ORIENTED_EDGE('',*,*,#7072,.T.);
#7072 = EDGE_CURVE('',#3840,#7073,#7075,.T.);
#7073 = VERTEX_POINT('',#7074);
#7074 = CARTESIAN_POINT('',(31.307958984375,10.6,1.165771484375));
#7075 = SURFACE_CURVE('',#7076,(#7080,#7087),.PCURVE_S1.);
#7076 = LINE('',#7077,#7078);
#7077 = CARTESIAN_POINT('',(31.307958984375,11.,1.165771484375));
#7078 = VECTOR('',#7079,1.);
#7079 = DIRECTION('',(0.,-1.,-0.));
#7080 = PCURVE('',#3883,#7081);
#7081 = DEFINITIONAL_REPRESENTATION('',(#7082),#7086);
#7082 = LINE('',#7083,#7084);
#7083 = CARTESIAN_POINT('',(0.,0.));
#7084 = VECTOR('',#7085,1.);
#7085 = DIRECTION('',(0.,-1.));
#7086 = ( GEOMETRIC_REPRESENTATION_CONTEXT(2) 
PARAMETRIC_REPRESENTATION_CONTEXT() REPRESENTATION_CONTEXT('2D SPACE',''
  ) );
#7087 = PCURVE('',#3855,#7088);
#7088 = DEFINITIONAL_REPRESENTATION('',(#7089),#7093);
#7089 = LINE('',#7090,#7091);
#7090 = CARTESIAN_POINT('',(2.8173828125,0.));
#7091 = VECTOR('',#7092,1.);
#7092 = DIRECTION('',(0.,-1.));
#7093 = ( GEOMETRIC_REPRESENTATION_CONTEXT(2) 
PARAMETRIC_REPRESENTATION_CONTEXT() REPRESENTATION_CONTEXT('2D SPACE',''
  ) );
#7094 = ORIENTED_EDGE('',*,*,#7095,.T.);
#7095 = EDGE_CURVE('',#7073,#7024,#7096,.T.);
#7096 = SURFACE_CURVE('',#7097,(#7101,#7108),.PCURVE_S1.);
#7097 = LINE('',#7098,#7099);
#7098 = CARTESIAN_POINT('',(31.307958984375,10.6,1.165771484375));
#7099 = VECTOR('',#7100,1.);
#7100 = DIRECTION('',(0.244512175585,0.,-0.969646222078));
#7101 = PCURVE('',#3883,#7102);
#7102 = DEFINITIONAL_REPRESENTATION('',(#7103),#7107);
#7103 = LINE('',#7104,#7105);
#7104 = CARTESIAN_POINT('',(-0.,-0.4));
#7105 = VECTOR('',#7106,1.);
#7106 = DIRECTION('',(1.,0.));
#7107 = ( GEOMETRIC_REPRESENTATION_CONTEXT(2) 
PARAMETRIC_REPRESENTATION_CONTEXT() REPRESENTATION_CONTEXT('2D SPACE',''
  ) );
#7108 = PCURVE('',#6937,#7109);
#7109 = DEFINITIONAL_REPRESENTATION('',(#7110),#7114);
#7110 = LINE('',#7111,#7112);
#7111 = CARTESIAN_POINT('',(3.1396484375,2.8173828125));
#7112 = VECTOR('',#7113,1.);
#7113 = DIRECTION('',(-0.244512175585,-0.969646222078));
#7114 = ( GEOMETRIC_REPRESENTATION_CONTEXT(2) 
PARAMETRIC_REPRESENTATION_CONTEXT() REPRESENTATION_CONTEXT('2D SPACE',''
  ) );
#7115 = ORIENTED_EDGE('',*,*,#7023,.F.);
#7116 = ORIENTED_EDGE('',*,*,#3867,.F.);
#7117 = ADVANCED_FACE('',(#7118),#3855,.T.);
#7118 = FACE_BOUND('',#7119,.T.);
#7119 = EDGE_LOOP('',(#7120,#7143,#7164,#7165));
#7120 = ORIENTED_EDGE('',*,*,#7121,.T.);
#7121 = EDGE_CURVE('',#3812,#7122,#7124,.T.);
#7122 = VERTEX_POINT('',#7123);
#7123 = CARTESIAN_POINT('',(31.307958984375,10.6,-1.651611328125));
#7124 = SURFACE_CURVE('',#7125,(#7129,#7136),.PCURVE_S1.);
#7125 = LINE('',#7126,#7127);
#7126 = CARTESIAN_POINT('',(31.307958984375,11.,-1.651611328125));
#7127 = VECTOR('',#7128,1.);
#7128 = DIRECTION('',(0.,-1.,-0.));
#7129 = PCURVE('',#3855,#7130);
#7130 = DEFINITIONAL_REPRESENTATION('',(#7131),#7135);
#7131 = LINE('',#7132,#7133);
#7132 = CARTESIAN_POINT('',(0.,0.));
#7133 = VECTOR('',#7134,1.);
#7134 = DIRECTION('',(0.,-1.));
#7135 = ( GEOMETRIC_REPRESENTATION_CONTEXT(2) 
PARAMETRIC_REPRESENTATION_CONTEXT() REPRESENTATION_CONTEXT('2D SPACE',''
  ) );
#7136 = PCURVE('',#3827,#7137);
#7137 = DEFINITIONAL_REPRESENTATION('',(#7138),#7142);
#7138 = LINE('',#7139,#7140);
#7139 = CARTESIAN_POINT('',(0.67138671875,0.));
#7140 = VECTOR('',#7141,1.);
#7141 = DIRECTION('',(0.,-1.));
#7142 = ( GEOMETRIC_REPRESENTATION_CONTEXT(2) 
PARAMETRIC_REPRESENTATION_CONTEXT() REPRESENTATION_CONTEXT('2D SPACE',''
  ) );
#7143 = ORIENTED_EDGE('',*,*,#7144,.T.);
#7144 = EDGE_CURVE('',#7122,#7073,#7145,.T.);
#7145 = SURFACE_CURVE('',#7146,(#7150,#7157),.PCURVE_S1.);
#7146 = LINE('',#7147,#7148);
#7147 = CARTESIAN_POINT('',(31.307958984375,10.6,-1.651611328125));
#7148 = VECTOR('',#7149,1.);
#7149 = DIRECTION('',(0.,0.,1.));
#7150 = PCURVE('',#3855,#7151);
#7151 = DEFINITIONAL_REPRESENTATION('',(#7152),#7156);
#7152 = LINE('',#7153,#7154);
#7153 = CARTESIAN_POINT('',(0.,-0.4));
#7154 = VECTOR('',#7155,1.);
#7155 = DIRECTION('',(1.,0.));
#7156 = ( GEOMETRIC_REPRESENTATION_CONTEXT(2) 
PARAMETRIC_REPRESENTATION_CONTEXT() REPRESENTATION_CONTEXT('2D SPACE',''
  ) );
#7157 = PCURVE('',#6937,#7158);
#7158 = DEFINITIONAL_REPRESENTATION('',(#7159),#7163);
#7159 = LINE('',#7160,#7161);
#7160 = CARTESIAN_POINT('',(3.1396484375,0.));
#7161 = VECTOR('',#7162,1.);
#7162 = DIRECTION('',(0.,1.));
#7163 = ( GEOMETRIC_REPRESENTATION_CONTEXT(2) 
PARAMETRIC_REPRESENTATION_CONTEXT() REPRESENTATION_CONTEXT('2D SPACE',''
  ) );
#7164 = ORIENTED_EDGE('',*,*,#7072,.F.);
#7165 = ORIENTED_EDGE('',*,*,#3839,.F.);
#7166 = ADVANCED_FACE('',(#7167),#3827,.T.);
#7167 = FACE_BOUND('',#7168,.T.);
#7168 = EDGE_LOOP('',(#7169,#7192,#7213,#7214));
#7169 = ORIENTED_EDGE('',*,*,#7170,.T.);
#7170 = EDGE_CURVE('',#3784,#7171,#7173,.T.);
#7171 = VERTEX_POINT('',#7172);
#7172 = CARTESIAN_POINT('',(30.636572265625,10.6,-1.651611328125));
#7173 = SURFACE_CURVE('',#7174,(#7178,#7185),.PCURVE_S1.);
#7174 = LINE('',#7175,#7176);
#7175 = CARTESIAN_POINT('',(30.636572265625,11.,-1.651611328125));
#7176 = VECTOR('',#7177,1.);
#7177 = DIRECTION('',(0.,-1.,-0.));
#7178 = PCURVE('',#3827,#7179);
#7179 = DEFINITIONAL_REPRESENTATION('',(#7180),#7184);
#7180 = LINE('',#7181,#7182);
#7181 = CARTESIAN_POINT('',(0.,0.));
#7182 = VECTOR('',#7183,1.);
#7183 = DIRECTION('',(0.,-1.));
#7184 = ( GEOMETRIC_REPRESENTATION_CONTEXT(2) 
PARAMETRIC_REPRESENTATION_CONTEXT() REPRESENTATION_CONTEXT('2D SPACE',''
  ) );
#7185 = PCURVE('',#3799,#7186);
#7186 = DEFINITIONAL_REPRESENTATION('',(#7187),#7191);
#7187 = LINE('',#7188,#7189);
#7188 = CARTESIAN_POINT('',(3.5791015625,0.));
#7189 = VECTOR('',#7190,1.);
#7190 = DIRECTION('',(0.,-1.));
#7191 = ( GEOMETRIC_REPRESENTATION_CONTEXT(2) 
PARAMETRIC_REPRESENTATION_CONTEXT() REPRESENTATION_CONTEXT('2D SPACE',''
  ) );
#7192 = ORIENTED_EDGE('',*,*,#7193,.T.);
#7193 = EDGE_CURVE('',#7171,#7122,#7194,.T.);
#7194 = SURFACE_CURVE('',#7195,(#7199,#7206),.PCURVE_S1.);
#7195 = LINE('',#7196,#7197);
#7196 = CARTESIAN_POINT('',(30.636572265625,10.6,-1.651611328125));
#7197 = VECTOR('',#7198,1.);
#7198 = DIRECTION('',(1.,0.,0.));
#7199 = PCURVE('',#3827,#7200);
#7200 = DEFINITIONAL_REPRESENTATION('',(#7201),#7205);
#7201 = LINE('',#7202,#7203);
#7202 = CARTESIAN_POINT('',(0.,-0.4));
#7203 = VECTOR('',#7204,1.);
#7204 = DIRECTION('',(1.,0.));
#7205 = ( GEOMETRIC_REPRESENTATION_CONTEXT(2) 
PARAMETRIC_REPRESENTATION_CONTEXT() REPRESENTATION_CONTEXT('2D SPACE',''
  ) );
#7206 = PCURVE('',#6937,#7207);
#7207 = DEFINITIONAL_REPRESENTATION('',(#7208),#7212);
#7208 = LINE('',#7209,#7210);
#7209 = CARTESIAN_POINT('',(3.81103515625,0.));
#7210 = VECTOR('',#7211,1.);
#7211 = DIRECTION('',(-1.,0.));
#7212 = ( GEOMETRIC_REPRESENTATION_CONTEXT(2) 
PARAMETRIC_REPRESENTATION_CONTEXT() REPRESENTATION_CONTEXT('2D SPACE',''
  ) );
#7213 = ORIENTED_EDGE('',*,*,#7121,.F.);
#7214 = ORIENTED_EDGE('',*,*,#3811,.F.);
#7215 = ADVANCED_FACE('',(#7216),#3799,.T.);
#7216 = FACE_BOUND('',#7217,.T.);
#7217 = EDGE_LOOP('',(#7218,#7241,#7262,#7263));
#7218 = ORIENTED_EDGE('',*,*,#7219,.T.);
#7219 = EDGE_CURVE('',#3756,#7220,#7222,.T.);
#7220 = VERTEX_POINT('',#7221);
#7221 = CARTESIAN_POINT('',(30.636572265625,10.6,1.927490234375));
#7222 = SURFACE_CURVE('',#7223,(#7227,#7234),.PCURVE_S1.);
#7223 = LINE('',#7224,#7225);
#7224 = CARTESIAN_POINT('',(30.636572265625,11.,1.927490234375));
#7225 = VECTOR('',#7226,1.);
#7226 = DIRECTION('',(0.,-1.,-0.));
#7227 = PCURVE('',#3799,#7228);
#7228 = DEFINITIONAL_REPRESENTATION('',(#7229),#7233);
#7229 = LINE('',#7230,#7231);
#7230 = CARTESIAN_POINT('',(0.,0.));
#7231 = VECTOR('',#7232,1.);
#7232 = DIRECTION('',(0.,-1.));
#7233 = ( GEOMETRIC_REPRESENTATION_CONTEXT(2) 
PARAMETRIC_REPRESENTATION_CONTEXT() REPRESENTATION_CONTEXT('2D SPACE',''
  ) );
#7234 = PCURVE('',#3771,#7235);
#7235 = DEFINITIONAL_REPRESENTATION('',(#7236),#7240);
#7236 = LINE('',#7237,#7238);
#7237 = CARTESIAN_POINT('',(1.083984375,0.));
#7238 = VECTOR('',#7239,1.);
#7239 = DIRECTION('',(0.,-1.));
#7240 = ( GEOMETRIC_REPRESENTATION_CONTEXT(2) 
PARAMETRIC_REPRESENTATION_CONTEXT() REPRESENTATION_CONTEXT('2D SPACE',''
  ) );
#7241 = ORIENTED_EDGE('',*,*,#7242,.T.);
#7242 = EDGE_CURVE('',#7220,#7171,#7243,.T.);
#7243 = SURFACE_CURVE('',#7244,(#7248,#7255),.PCURVE_S1.);
#7244 = LINE('',#7245,#7246);
#7245 = CARTESIAN_POINT('',(30.636572265625,10.6,1.927490234375));
#7246 = VECTOR('',#7247,1.);
#7247 = DIRECTION('',(-0.,0.,-1.));
#7248 = PCURVE('',#3799,#7249);
#7249 = DEFINITIONAL_REPRESENTATION('',(#7250),#7254);
#7250 = LINE('',#7251,#7252);
#7251 = CARTESIAN_POINT('',(0.,-0.4));
#7252 = VECTOR('',#7253,1.);
#7253 = DIRECTION('',(1.,0.));
#7254 = ( GEOMETRIC_REPRESENTATION_CONTEXT(2) 
PARAMETRIC_REPRESENTATION_CONTEXT() REPRESENTATION_CONTEXT('2D SPACE',''
  ) );
#7255 = PCURVE('',#6937,#7256);
#7256 = DEFINITIONAL_REPRESENTATION('',(#7257),#7261);
#7257 = LINE('',#7258,#7259);
#7258 = CARTESIAN_POINT('',(3.81103515625,3.5791015625));
#7259 = VECTOR('',#7260,1.);
#7260 = DIRECTION('',(0.,-1.));
#7261 = ( GEOMETRIC_REPRESENTATION_CONTEXT(2) 
PARAMETRIC_REPRESENTATION_CONTEXT() REPRESENTATION_CONTEXT('2D SPACE',''
  ) );
#7262 = ORIENTED_EDGE('',*,*,#7170,.F.);
#7263 = ORIENTED_EDGE('',*,*,#3783,.F.);
#7264 = ADVANCED_FACE('',(#7265),#3771,.T.);
#7265 = FACE_BOUND('',#7266,.T.);
#7266 = EDGE_LOOP('',(#7267,#7290,#7311,#7312));
#7267 = ORIENTED_EDGE('',*,*,#7268,.T.);
#7268 = EDGE_CURVE('',#3728,#7269,#7271,.T.);
#7269 = VERTEX_POINT('',#7270);
#7270 = CARTESIAN_POINT('',(31.720556640625,10.6,1.927490234375));
#7271 = SURFACE_CURVE('',#7272,(#7276,#7283),.PCURVE_S1.);
#7272 = LINE('',#7273,#7274);
#7273 = CARTESIAN_POINT('',(31.720556640625,11.,1.927490234375));
#7274 = VECTOR('',#7275,1.);
#7275 = DIRECTION('',(0.,-1.,-0.));
#7276 = PCURVE('',#3771,#7277);
#7277 = DEFINITIONAL_REPRESENTATION('',(#7278),#7282);
#7278 = LINE('',#7279,#7280);
#7279 = CARTESIAN_POINT('',(0.,0.));
#7280 = VECTOR('',#7281,1.);
#7281 = DIRECTION('',(0.,-1.));
#7282 = ( GEOMETRIC_REPRESENTATION_CONTEXT(2) 
PARAMETRIC_REPRESENTATION_CONTEXT() REPRESENTATION_CONTEXT('2D SPACE',''
  ) );
#7283 = PCURVE('',#3743,#7284);
#7284 = DEFINITIONAL_REPRESENTATION('',(#7285),#7289);
#7285 = LINE('',#7286,#7287);
#7286 = CARTESIAN_POINT('',(2.524429409785,0.));
#7287 = VECTOR('',#7288,1.);
#7288 = DIRECTION('',(0.,-1.));
#7289 = ( GEOMETRIC_REPRESENTATION_CONTEXT(2) 
PARAMETRIC_REPRESENTATION_CONTEXT() REPRESENTATION_CONTEXT('2D SPACE',''
  ) );
#7290 = ORIENTED_EDGE('',*,*,#7291,.T.);
#7291 = EDGE_CURVE('',#7269,#7220,#7292,.T.);
#7292 = SURFACE_CURVE('',#7293,(#7297,#7304),.PCURVE_S1.);
#7293 = LINE('',#7294,#7295);
#7294 = CARTESIAN_POINT('',(31.720556640625,10.6,1.927490234375));
#7295 = VECTOR('',#7296,1.);
#7296 = DIRECTION('',(-1.,0.,0.));
#7297 = PCURVE('',#3771,#7298);
#7298 = DEFINITIONAL_REPRESENTATION('',(#7299),#7303);
#7299 = LINE('',#7300,#7301);
#7300 = CARTESIAN_POINT('',(0.,-0.4));
#7301 = VECTOR('',#7302,1.);
#7302 = DIRECTION('',(1.,0.));
#7303 = ( GEOMETRIC_REPRESENTATION_CONTEXT(2) 
PARAMETRIC_REPRESENTATION_CONTEXT() REPRESENTATION_CONTEXT('2D SPACE',''
  ) );
#7304 = PCURVE('',#6937,#7305);
#7305 = DEFINITIONAL_REPRESENTATION('',(#7306),#7310);
#7306 = LINE('',#7307,#7308);
#7307 = CARTESIAN_POINT('',(2.72705078125,3.5791015625));
#7308 = VECTOR('',#7309,1.);
#7309 = DIRECTION('',(1.,0.));
#7310 = ( GEOMETRIC_REPRESENTATION_CONTEXT(2) 
PARAMETRIC_REPRESENTATION_CONTEXT() REPRESENTATION_CONTEXT('2D SPACE',''
  ) );
#7311 = ORIENTED_EDGE('',*,*,#7219,.F.);
#7312 = ORIENTED_EDGE('',*,*,#3755,.F.);
#7313 = ADVANCED_FACE('',(#7314),#3743,.T.);
#7314 = FACE_BOUND('',#7315,.T.);
#7315 = EDGE_LOOP('',(#7316,#7339,#7360,#7361));
#7316 = ORIENTED_EDGE('',*,*,#7317,.T.);
#7317 = EDGE_CURVE('',#3700,#7318,#7320,.T.);
#7318 = VERTEX_POINT('',#7319);
#7319 = CARTESIAN_POINT('',(32.362646484375,10.6,-0.513916015625));
#7320 = SURFACE_CURVE('',#7321,(#7325,#7332),.PCURVE_S1.);
#7321 = LINE('',#7322,#7323);
#7322 = CARTESIAN_POINT('',(32.362646484375,11.,-0.513916015625));
#7323 = VECTOR('',#7324,1.);
#7324 = DIRECTION('',(0.,-1.,-0.));
#7325 = PCURVE('',#3743,#7326);
#7326 = DEFINITIONAL_REPRESENTATION('',(#7327),#7331);
#7327 = LINE('',#7328,#7329);
#7328 = CARTESIAN_POINT('',(0.,0.));
#7329 = VECTOR('',#7330,1.);
#7330 = DIRECTION('',(0.,-1.));
#7331 = ( GEOMETRIC_REPRESENTATION_CONTEXT(2) 
PARAMETRIC_REPRESENTATION_CONTEXT() REPRESENTATION_CONTEXT('2D SPACE',''
  ) );
#7332 = PCURVE('',#3715,#7333);
#7333 = DEFINITIONAL_REPRESENTATION('',(#7334),#7338);
#7334 = LINE('',#7335,#7336);
#7335 = CARTESIAN_POINT('',(2.52630225866,0.));
#7336 = VECTOR('',#7337,1.);
#7337 = DIRECTION('',(0.,-1.));
#7338 = ( GEOMETRIC_REPRESENTATION_CONTEXT(2) 
PARAMETRIC_REPRESENTATION_CONTEXT() REPRESENTATION_CONTEXT('2D SPACE',''
  ) );
#7339 = ORIENTED_EDGE('',*,*,#7340,.T.);
#7340 = EDGE_CURVE('',#7318,#7269,#7341,.T.);
#7341 = SURFACE_CURVE('',#7342,(#7346,#7353),.PCURVE_S1.);
#7342 = LINE('',#7343,#7344);
#7343 = CARTESIAN_POINT('',(32.362646484375,10.6,-0.513916015625));
#7344 = VECTOR('',#7345,1.);
#7345 = DIRECTION('',(-0.254350484613,0.,0.967112108795));
#7346 = PCURVE('',#3743,#7347);
#7347 = DEFINITIONAL_REPRESENTATION('',(#7348),#7352);
#7348 = LINE('',#7349,#7350);
#7349 = CARTESIAN_POINT('',(0.,-0.4));
#7350 = VECTOR('',#7351,1.);
#7351 = DIRECTION('',(1.,0.));
#7352 = ( GEOMETRIC_REPRESENTATION_CONTEXT(2) 
PARAMETRIC_REPRESENTATION_CONTEXT() REPRESENTATION_CONTEXT('2D SPACE',''
  ) );
#7353 = PCURVE('',#6937,#7354);
#7354 = DEFINITIONAL_REPRESENTATION('',(#7355),#7359);
#7355 = LINE('',#7356,#7357);
#7356 = CARTESIAN_POINT('',(2.0849609375,1.1376953125));
#7357 = VECTOR('',#7358,1.);
#7358 = DIRECTION('',(0.254350484613,0.967112108795));
#7359 = ( GEOMETRIC_REPRESENTATION_CONTEXT(2) 
PARAMETRIC_REPRESENTATION_CONTEXT() REPRESENTATION_CONTEXT('2D SPACE',''
  ) );
#7360 = ORIENTED_EDGE('',*,*,#7268,.F.);
#7361 = ORIENTED_EDGE('',*,*,#3727,.F.);
#7362 = ADVANCED_FACE('',(#7363),#3715,.T.);
#7363 = FACE_BOUND('',#7364,.T.);
#7364 = EDGE_LOOP('',(#7365,#7388,#7409,#7410));
#7365 = ORIENTED_EDGE('',*,*,#7366,.T.);
#7366 = EDGE_CURVE('',#3672,#7367,#7369,.T.);
#7367 = VERTEX_POINT('',#7368);
#7368 = CARTESIAN_POINT('',(33.012060546875,10.6,1.927490234375));
#7369 = SURFACE_CURVE('',#7370,(#7374,#7381),.PCURVE_S1.);
#7370 = LINE('',#7371,#7372);
#7371 = CARTESIAN_POINT('',(33.012060546875,11.,1.927490234375));
#7372 = VECTOR('',#7373,1.);
#7373 = DIRECTION('',(0.,-1.,-0.));
#7374 = PCURVE('',#3715,#7375);
#7375 = DEFINITIONAL_REPRESENTATION('',(#7376),#7380);
#7376 = LINE('',#7377,#7378);
#7377 = CARTESIAN_POINT('',(0.,0.));
#7378 = VECTOR('',#7379,1.);
#7379 = DIRECTION('',(0.,-1.));
#7380 = ( GEOMETRIC_REPRESENTATION_CONTEXT(2) 
PARAMETRIC_REPRESENTATION_CONTEXT() REPRESENTATION_CONTEXT('2D SPACE',''
  ) );
#7381 = PCURVE('',#3687,#7382);
#7382 = DEFINITIONAL_REPRESENTATION('',(#7383),#7387);
#7383 = LINE('',#7384,#7385);
#7384 = CARTESIAN_POINT('',(1.08154296875,0.));
#7385 = VECTOR('',#7386,1.);
#7386 = DIRECTION('',(0.,-1.));
#7387 = ( GEOMETRIC_REPRESENTATION_CONTEXT(2) 
PARAMETRIC_REPRESENTATION_CONTEXT() REPRESENTATION_CONTEXT('2D SPACE',''
  ) );
#7388 = ORIENTED_EDGE('',*,*,#7389,.T.);
#7389 = EDGE_CURVE('',#7367,#7318,#7390,.T.);
#7390 = SURFACE_CURVE('',#7391,(#7395,#7402),.PCURVE_S1.);
#7391 = LINE('',#7392,#7393);
#7392 = CARTESIAN_POINT('',(33.012060546875,10.6,1.927490234375));
#7393 = VECTOR('',#7394,1.);
#7394 = DIRECTION('',(-0.257061109879,0.,-0.96639514992));
#7395 = PCURVE('',#3715,#7396);
#7396 = DEFINITIONAL_REPRESENTATION('',(#7397),#7401);
#7397 = LINE('',#7398,#7399);
#7398 = CARTESIAN_POINT('',(0.,-0.4));
#7399 = VECTOR('',#7400,1.);
#7400 = DIRECTION('',(1.,0.));
#7401 = ( GEOMETRIC_REPRESENTATION_CONTEXT(2) 
PARAMETRIC_REPRESENTATION_CONTEXT() REPRESENTATION_CONTEXT('2D SPACE',''
  ) );
#7402 = PCURVE('',#6937,#7403);
#7403 = DEFINITIONAL_REPRESENTATION('',(#7404),#7408);
#7404 = LINE('',#7405,#7406);
#7405 = CARTESIAN_POINT('',(1.435546875,3.5791015625));
#7406 = VECTOR('',#7407,1.);
#7407 = DIRECTION('',(0.257061109879,-0.96639514992));
#7408 = ( GEOMETRIC_REPRESENTATION_CONTEXT(2) 
PARAMETRIC_REPRESENTATION_CONTEXT() REPRESENTATION_CONTEXT('2D SPACE',''
  ) );
#7409 = ORIENTED_EDGE('',*,*,#7317,.F.);
#7410 = ORIENTED_EDGE('',*,*,#3699,.F.);
#7411 = ADVANCED_FACE('',(#7412),#3687,.T.);
#7412 = FACE_BOUND('',#7413,.T.);
#7413 = EDGE_LOOP('',(#7414,#7437,#7458,#7459));
#7414 = ORIENTED_EDGE('',*,*,#7415,.T.);
#7415 = EDGE_CURVE('',#3644,#7416,#7418,.T.);
#7416 = VERTEX_POINT('',#7417);
#7417 = CARTESIAN_POINT('',(34.093603515625,10.6,1.927490234375));
#7418 = SURFACE_CURVE('',#7419,(#7423,#7430),.PCURVE_S1.);
#7419 = LINE('',#7420,#7421);
#7420 = CARTESIAN_POINT('',(34.093603515625,11.,1.927490234375));
#7421 = VECTOR('',#7422,1.);
#7422 = DIRECTION('',(0.,-1.,-0.));
#7423 = PCURVE('',#3687,#7424);
#7424 = DEFINITIONAL_REPRESENTATION('',(#7425),#7429);
#7425 = LINE('',#7426,#7427);
#7426 = CARTESIAN_POINT('',(0.,0.));
#7427 = VECTOR('',#7428,1.);
#7428 = DIRECTION('',(0.,-1.));
#7429 = ( GEOMETRIC_REPRESENTATION_CONTEXT(2) 
PARAMETRIC_REPRESENTATION_CONTEXT() REPRESENTATION_CONTEXT('2D SPACE',''
  ) );
#7430 = PCURVE('',#3659,#7431);
#7431 = DEFINITIONAL_REPRESENTATION('',(#7432),#7436);
#7432 = LINE('',#7433,#7434);
#7433 = CARTESIAN_POINT('',(3.5791015625,0.));
#7434 = VECTOR('',#7435,1.);
#7435 = DIRECTION('',(0.,-1.));
#7436 = ( GEOMETRIC_REPRESENTATION_CONTEXT(2) 
PARAMETRIC_REPRESENTATION_CONTEXT() REPRESENTATION_CONTEXT('2D SPACE',''
  ) );
#7437 = ORIENTED_EDGE('',*,*,#7438,.T.);
#7438 = EDGE_CURVE('',#7416,#7367,#7439,.T.);
#7439 = SURFACE_CURVE('',#7440,(#7444,#7451),.PCURVE_S1.);
#7440 = LINE('',#7441,#7442);
#7441 = CARTESIAN_POINT('',(34.093603515625,10.6,1.927490234375));
#7442 = VECTOR('',#7443,1.);
#7443 = DIRECTION('',(-1.,0.,0.));
#7444 = PCURVE('',#3687,#7445);
#7445 = DEFINITIONAL_REPRESENTATION('',(#7446),#7450);
#7446 = LINE('',#7447,#7448);
#7447 = CARTESIAN_POINT('',(0.,-0.4));
#7448 = VECTOR('',#7449,1.);
#7449 = DIRECTION('',(1.,0.));
#7450 = ( GEOMETRIC_REPRESENTATION_CONTEXT(2) 
PARAMETRIC_REPRESENTATION_CONTEXT() REPRESENTATION_CONTEXT('2D SPACE',''
  ) );
#7451 = PCURVE('',#6937,#7452);
#7452 = DEFINITIONAL_REPRESENTATION('',(#7453),#7457);
#7453 = LINE('',#7454,#7455);
#7454 = CARTESIAN_POINT('',(0.35400390625,3.5791015625));
#7455 = VECTOR('',#7456,1.);
#7456 = DIRECTION('',(1.,0.));
#7457 = ( GEOMETRIC_REPRESENTATION_CONTEXT(2) 
PARAMETRIC_REPRESENTATION_CONTEXT() REPRESENTATION_CONTEXT('2D SPACE',''
  ) );
#7458 = ORIENTED_EDGE('',*,*,#7366,.F.);
#7459 = ORIENTED_EDGE('',*,*,#3671,.F.);
#7460 = ADVANCED_FACE('',(#7461),#3659,.T.);
#7461 = FACE_BOUND('',#7462,.T.);
#7462 = EDGE_LOOP('',(#7463,#7486,#7507,#7508));
#7463 = ORIENTED_EDGE('',*,*,#7464,.T.);
#7464 = EDGE_CURVE('',#3616,#7465,#7467,.T.);
#7465 = VERTEX_POINT('',#7466);
#7466 = CARTESIAN_POINT('',(34.093603515625,10.6,-1.651611328125));
#7467 = SURFACE_CURVE('',#7468,(#7472,#7479),.PCURVE_S1.);
#7468 = LINE('',#7469,#7470);
#7469 = CARTESIAN_POINT('',(34.093603515625,11.,-1.651611328125));
#7470 = VECTOR('',#7471,1.);
#7471 = DIRECTION('',(0.,-1.,-0.));
#7472 = PCURVE('',#3659,#7473);
#7473 = DEFINITIONAL_REPRESENTATION('',(#7474),#7478);
#7474 = LINE('',#7475,#7476);
#7475 = CARTESIAN_POINT('',(0.,0.));
#7476 = VECTOR('',#7477,1.);
#7477 = DIRECTION('',(0.,-1.));
#7478 = ( GEOMETRIC_REPRESENTATION_CONTEXT(2) 
PARAMETRIC_REPRESENTATION_CONTEXT() REPRESENTATION_CONTEXT('2D SPACE',''
  ) );
#7479 = PCURVE('',#3631,#7480);
#7480 = DEFINITIONAL_REPRESENTATION('',(#7481),#7485);
#7481 = LINE('',#7482,#7483);
#7482 = CARTESIAN_POINT('',(0.67138671875,0.));
#7483 = VECTOR('',#7484,1.);
#7484 = DIRECTION('',(0.,-1.));
#7485 = ( GEOMETRIC_REPRESENTATION_CONTEXT(2) 
PARAMETRIC_REPRESENTATION_CONTEXT() REPRESENTATION_CONTEXT('2D SPACE',''
  ) );
#7486 = ORIENTED_EDGE('',*,*,#7487,.T.);
#7487 = EDGE_CURVE('',#7465,#7416,#7488,.T.);
#7488 = SURFACE_CURVE('',#7489,(#7493,#7500),.PCURVE_S1.);
#7489 = LINE('',#7490,#7491);
#7490 = CARTESIAN_POINT('',(34.093603515625,10.6,-1.651611328125));
#7491 = VECTOR('',#7492,1.);
#7492 = DIRECTION('',(0.,0.,1.));
#7493 = PCURVE('',#3659,#7494);
#7494 = DEFINITIONAL_REPRESENTATION('',(#7495),#7499);
#7495 = LINE('',#7496,#7497);
#7496 = CARTESIAN_POINT('',(0.,-0.4));
#7497 = VECTOR('',#7498,1.);
#7498 = DIRECTION('',(1.,0.));
#7499 = ( GEOMETRIC_REPRESENTATION_CONTEXT(2) 
PARAMETRIC_REPRESENTATION_CONTEXT() REPRESENTATION_CONTEXT('2D SPACE',''
  ) );
#7500 = PCURVE('',#6937,#7501);
#7501 = DEFINITIONAL_REPRESENTATION('',(#7502),#7506);
#7502 = LINE('',#7503,#7504);
#7503 = CARTESIAN_POINT('',(0.35400390625,0.));
#7504 = VECTOR('',#7505,1.);
#7505 = DIRECTION('',(0.,1.));
#7506 = ( GEOMETRIC_REPRESENTATION_CONTEXT(2) 
PARAMETRIC_REPRESENTATION_CONTEXT() REPRESENTATION_CONTEXT('2D SPACE',''
  ) );
#7507 = ORIENTED_EDGE('',*,*,#7415,.F.);
#7508 = ORIENTED_EDGE('',*,*,#3643,.F.);
#7509 = ADVANCED_FACE('',(#7510),#3631,.T.);
#7510 = FACE_BOUND('',#7511,.T.);
#7511 = EDGE_LOOP('',(#7512,#7513,#7534,#7535));
#7512 = ORIENTED_EDGE('',*,*,#6949,.T.);
#7513 = ORIENTED_EDGE('',*,*,#7514,.T.);
#7514 = EDGE_CURVE('',#6922,#7465,#7515,.T.);
#7515 = SURFACE_CURVE('',#7516,(#7520,#7527),.PCURVE_S1.);
#7516 = LINE('',#7517,#7518);
#7517 = CARTESIAN_POINT('',(33.422216796875,10.6,-1.651611328125));
#7518 = VECTOR('',#7519,1.);
#7519 = DIRECTION('',(1.,0.,0.));
#7520 = PCURVE('',#3631,#7521);
#7521 = DEFINITIONAL_REPRESENTATION('',(#7522),#7526);
#7522 = LINE('',#7523,#7524);
#7523 = CARTESIAN_POINT('',(0.,-0.4));
#7524 = VECTOR('',#7525,1.);
#7525 = DIRECTION('',(1.,0.));
#7526 = ( GEOMETRIC_REPRESENTATION_CONTEXT(2) 
PARAMETRIC_REPRESENTATION_CONTEXT() REPRESENTATION_CONTEXT('2D SPACE',''
  ) );
#7527 = PCURVE('',#6937,#7528);
#7528 = DEFINITIONAL_REPRESENTATION('',(#7529),#7533);
#7529 = LINE('',#7530,#7531);
#7530 = CARTESIAN_POINT('',(1.025390625,0.));
#7531 = VECTOR('',#7532,1.);
#7532 = DIRECTION('',(-1.,0.));
#7533 = ( GEOMETRIC_REPRESENTATION_CONTEXT(2) 
PARAMETRIC_REPRESENTATION_CONTEXT() REPRESENTATION_CONTEXT('2D SPACE',''
  ) );
#7534 = ORIENTED_EDGE('',*,*,#7464,.F.);
#7535 = ORIENTED_EDGE('',*,*,#3615,.F.);
#7536 = ADVANCED_FACE('',(#7537),#3969,.T.);
#7537 = FACE_BOUND('',#7538,.T.);
#7538 = EDGE_LOOP('',(#7539,#7562,#7590,#7611));
#7539 = ORIENTED_EDGE('',*,*,#7540,.T.);
#7540 = EDGE_CURVE('',#3952,#7541,#7543,.T.);
#7541 = VERTEX_POINT('',#7542);
#7542 = CARTESIAN_POINT('',(36.969580078125,10.6,-8.6669921875E-02));
#7543 = SURFACE_CURVE('',#7544,(#7548,#7555),.PCURVE_S1.);
#7544 = LINE('',#7545,#7546);
#7545 = CARTESIAN_POINT('',(36.969580078125,11.,-8.6669921875E-02));
#7546 = VECTOR('',#7547,1.);
#7547 = DIRECTION('',(0.,-1.,-0.));
#7548 = PCURVE('',#3969,#7549);
#7549 = DEFINITIONAL_REPRESENTATION('',(#7550),#7554);
#7550 = LINE('',#7551,#7552);
#7551 = CARTESIAN_POINT('',(0.,0.));
#7552 = VECTOR('',#7553,1.);
#7553 = DIRECTION('',(0.,-1.));
#7554 = ( GEOMETRIC_REPRESENTATION_CONTEXT(2) 
PARAMETRIC_REPRESENTATION_CONTEXT() REPRESENTATION_CONTEXT('2D SPACE',''
  ) );
#7555 = PCURVE('',#4275,#7556);
#7556 = DEFINITIONAL_REPRESENTATION('',(#7557),#7561);
#7557 = LINE('',#7558,#7559);
#7558 = CARTESIAN_POINT('',(1.416015625,0.));
#7559 = VECTOR('',#7560,1.);
#7560 = DIRECTION('',(0.,-1.));
#7561 = ( GEOMETRIC_REPRESENTATION_CONTEXT(2) 
PARAMETRIC_REPRESENTATION_CONTEXT() REPRESENTATION_CONTEXT('2D SPACE',''
  ) );
#7562 = ORIENTED_EDGE('',*,*,#7563,.T.);
#7563 = EDGE_CURVE('',#7541,#7564,#7566,.T.);
#7564 = VERTEX_POINT('',#7565);
#7565 = CARTESIAN_POINT('',(36.969580078125,10.6,-1.651611328125));
#7566 = SURFACE_CURVE('',#7567,(#7571,#7578),.PCURVE_S1.);
#7567 = LINE('',#7568,#7569);
#7568 = CARTESIAN_POINT('',(36.969580078125,10.6,-8.6669921875E-02));
#7569 = VECTOR('',#7570,1.);
#7570 = DIRECTION('',(-0.,0.,-1.));
#7571 = PCURVE('',#3969,#7572);
#7572 = DEFINITIONAL_REPRESENTATION('',(#7573),#7577);
#7573 = LINE('',#7574,#7575);
#7574 = CARTESIAN_POINT('',(0.,-0.4));
#7575 = VECTOR('',#7576,1.);
#7576 = DIRECTION('',(1.,0.));
#7577 = ( GEOMETRIC_REPRESENTATION_CONTEXT(2) 
PARAMETRIC_REPRESENTATION_CONTEXT() REPRESENTATION_CONTEXT('2D SPACE',''
  ) );
#7578 = PCURVE('',#7579,#7584);
#7579 = PLANE('',#7580);
#7580 = AXIS2_PLACEMENT_3D('',#7581,#7582,#7583);
#7581 = CARTESIAN_POINT('',(38.058447265625,10.6,-1.651611328125));
#7582 = DIRECTION('',(0.,1.,0.));
#7583 = DIRECTION('',(-1.,0.,0.));
#7584 = DEFINITIONAL_REPRESENTATION('',(#7585),#7589);
#7585 = LINE('',#7586,#7587);
#7586 = CARTESIAN_POINT('',(1.0888671875,1.56494140625));
#7587 = VECTOR('',#7588,1.);
#7588 = DIRECTION('',(0.,-1.));
#7589 = ( GEOMETRIC_REPRESENTATION_CONTEXT(2) 
PARAMETRIC_REPRESENTATION_CONTEXT() REPRESENTATION_CONTEXT('2D SPACE',''
  ) );
#7590 = ORIENTED_EDGE('',*,*,#7591,.F.);
#7591 = EDGE_CURVE('',#3954,#7564,#7592,.T.);
#7592 = SURFACE_CURVE('',#7593,(#7597,#7604),.PCURVE_S1.);
#7593 = LINE('',#7594,#7595);
#7594 = CARTESIAN_POINT('',(36.969580078125,11.,-1.651611328125));
#7595 = VECTOR('',#7596,1.);
#7596 = DIRECTION('',(0.,-1.,-0.));
#7597 = PCURVE('',#3969,#7598);
#7598 = DEFINITIONAL_REPRESENTATION('',(#7599),#7603);
#7599 = LINE('',#7600,#7601);
#7600 = CARTESIAN_POINT('',(1.56494140625,0.));
#7601 = VECTOR('',#7602,1.);
#7602 = DIRECTION('',(0.,-1.));
#7603 = ( GEOMETRIC_REPRESENTATION_CONTEXT(2) 
PARAMETRIC_REPRESENTATION_CONTEXT() REPRESENTATION_CONTEXT('2D SPACE',''
  ) );
#7604 = PCURVE('',#3997,#7605);
#7605 = DEFINITIONAL_REPRESENTATION('',(#7606),#7610);
#7606 = LINE('',#7607,#7608);
#7607 = CARTESIAN_POINT('',(0.,0.));
#7608 = VECTOR('',#7609,1.);
#7609 = DIRECTION('',(0.,-1.));
#7610 = ( GEOMETRIC_REPRESENTATION_CONTEXT(2) 
PARAMETRIC_REPRESENTATION_CONTEXT() REPRESENTATION_CONTEXT('2D SPACE',''
  ) );
#7611 = ORIENTED_EDGE('',*,*,#3951,.F.);
#7612 = ADVANCED_FACE('',(#7613),#4275,.T.);
#7613 = FACE_BOUND('',#7614,.T.);
#7614 = EDGE_LOOP('',(#7615,#7638,#7659,#7660));
#7615 = ORIENTED_EDGE('',*,*,#7616,.T.);
#7616 = EDGE_CURVE('',#4234,#7617,#7619,.T.);
#7617 = VERTEX_POINT('',#7618);
#7618 = CARTESIAN_POINT('',(35.553564453125,10.6,-8.6669921875E-02));
#7619 = SURFACE_CURVE('',#7620,(#7624,#7631),.PCURVE_S1.);
#7620 = LINE('',#7621,#7622);
#7621 = CARTESIAN_POINT('',(35.553564453125,11.,-8.6669921875E-02));
#7622 = VECTOR('',#7623,1.);
#7623 = DIRECTION('',(0.,-1.,-0.));
#7624 = PCURVE('',#4275,#7625);
#7625 = DEFINITIONAL_REPRESENTATION('',(#7626),#7630);
#7626 = LINE('',#7627,#7628);
#7627 = CARTESIAN_POINT('',(0.,0.));
#7628 = VECTOR('',#7629,1.);
#7629 = DIRECTION('',(0.,-1.));
#7630 = ( GEOMETRIC_REPRESENTATION_CONTEXT(2) 
PARAMETRIC_REPRESENTATION_CONTEXT() REPRESENTATION_CONTEXT('2D SPACE',''
  ) );
#7631 = PCURVE('',#4249,#7632);
#7632 = DEFINITIONAL_REPRESENTATION('',(#7633),#7637);
#7633 = LINE('',#7634,#7635);
#7634 = CARTESIAN_POINT('',(1.56494140625,0.));
#7635 = VECTOR('',#7636,1.);
#7636 = DIRECTION('',(0.,-1.));
#7637 = ( GEOMETRIC_REPRESENTATION_CONTEXT(2) 
PARAMETRIC_REPRESENTATION_CONTEXT() REPRESENTATION_CONTEXT('2D SPACE',''
  ) );
#7638 = ORIENTED_EDGE('',*,*,#7639,.T.);
#7639 = EDGE_CURVE('',#7617,#7541,#7640,.T.);
#7640 = SURFACE_CURVE('',#7641,(#7645,#7652),.PCURVE_S1.);
#7641 = LINE('',#7642,#7643);
#7642 = CARTESIAN_POINT('',(35.553564453125,10.6,-8.6669921875E-02));
#7643 = VECTOR('',#7644,1.);
#7644 = DIRECTION('',(1.,0.,0.));
#7645 = PCURVE('',#4275,#7646);
#7646 = DEFINITIONAL_REPRESENTATION('',(#7647),#7651);
#7647 = LINE('',#7648,#7649);
#7648 = CARTESIAN_POINT('',(0.,-0.4));
#7649 = VECTOR('',#7650,1.);
#7650 = DIRECTION('',(1.,0.));
#7651 = ( GEOMETRIC_REPRESENTATION_CONTEXT(2) 
PARAMETRIC_REPRESENTATION_CONTEXT() REPRESENTATION_CONTEXT('2D SPACE',''
  ) );
#7652 = PCURVE('',#7579,#7653);
#7653 = DEFINITIONAL_REPRESENTATION('',(#7654),#7658);
#7654 = LINE('',#7655,#7656);
#7655 = CARTESIAN_POINT('',(2.5048828125,1.56494140625));
#7656 = VECTOR('',#7657,1.);
#7657 = DIRECTION('',(-1.,0.));
#7658 = ( GEOMETRIC_REPRESENTATION_CONTEXT(2) 
PARAMETRIC_REPRESENTATION_CONTEXT() REPRESENTATION_CONTEXT('2D SPACE',''
  ) );
#7659 = ORIENTED_EDGE('',*,*,#7540,.F.);
#7660 = ORIENTED_EDGE('',*,*,#4261,.F.);
#7661 = ADVANCED_FACE('',(#7662),#4249,.T.);
#7662 = FACE_BOUND('',#7663,.T.);
#7663 = EDGE_LOOP('',(#7664,#7687,#7708,#7709));
#7664 = ORIENTED_EDGE('',*,*,#7665,.T.);
#7665 = EDGE_CURVE('',#4206,#7666,#7668,.T.);
#7666 = VERTEX_POINT('',#7667);
#7667 = CARTESIAN_POINT('',(35.553564453125,10.6,-1.651611328125));
#7668 = SURFACE_CURVE('',#7669,(#7673,#7680),.PCURVE_S1.);
#7669 = LINE('',#7670,#7671);
#7670 = CARTESIAN_POINT('',(35.553564453125,11.,-1.651611328125));
#7671 = VECTOR('',#7672,1.);
#7672 = DIRECTION('',(0.,-1.,-0.));
#7673 = PCURVE('',#4249,#7674);
#7674 = DEFINITIONAL_REPRESENTATION('',(#7675),#7679);
#7675 = LINE('',#7676,#7677);
#7676 = CARTESIAN_POINT('',(0.,0.));
#7677 = VECTOR('',#7678,1.);
#7678 = DIRECTION('',(0.,-1.));
#7679 = ( GEOMETRIC_REPRESENTATION_CONTEXT(2) 
PARAMETRIC_REPRESENTATION_CONTEXT() REPRESENTATION_CONTEXT('2D SPACE',''
  ) );
#7680 = PCURVE('',#4221,#7681);
#7681 = DEFINITIONAL_REPRESENTATION('',(#7682),#7686);
#7682 = LINE('',#7683,#7684);
#7683 = CARTESIAN_POINT('',(0.72265625,0.));
#7684 = VECTOR('',#7685,1.);
#7685 = DIRECTION('',(0.,-1.));
#7686 = ( GEOMETRIC_REPRESENTATION_CONTEXT(2) 
PARAMETRIC_REPRESENTATION_CONTEXT() REPRESENTATION_CONTEXT('2D SPACE',''
  ) );
#7687 = ORIENTED_EDGE('',*,*,#7688,.T.);
#7688 = EDGE_CURVE('',#7666,#7617,#7689,.T.);
#7689 = SURFACE_CURVE('',#7690,(#7694,#7701),.PCURVE_S1.);
#7690 = LINE('',#7691,#7692);
#7691 = CARTESIAN_POINT('',(35.553564453125,10.6,-1.651611328125));
#7692 = VECTOR('',#7693,1.);
#7693 = DIRECTION('',(0.,0.,1.));
#7694 = PCURVE('',#4249,#7695);
#7695 = DEFINITIONAL_REPRESENTATION('',(#7696),#7700);
#7696 = LINE('',#7697,#7698);
#7697 = CARTESIAN_POINT('',(0.,-0.4));
#7698 = VECTOR('',#7699,1.);
#7699 = DIRECTION('',(1.,0.));
#7700 = ( GEOMETRIC_REPRESENTATION_CONTEXT(2) 
PARAMETRIC_REPRESENTATION_CONTEXT() REPRESENTATION_CONTEXT('2D SPACE',''
  ) );
#7701 = PCURVE('',#7579,#7702);
#7702 = DEFINITIONAL_REPRESENTATION('',(#7703),#7707);
#7703 = LINE('',#7704,#7705);
#7704 = CARTESIAN_POINT('',(2.5048828125,0.));
#7705 = VECTOR('',#7706,1.);
#7706 = DIRECTION('',(0.,1.));
#7707 = ( GEOMETRIC_REPRESENTATION_CONTEXT(2) 
PARAMETRIC_REPRESENTATION_CONTEXT() REPRESENTATION_CONTEXT('2D SPACE',''
  ) );
#7708 = ORIENTED_EDGE('',*,*,#7616,.F.);
#7709 = ORIENTED_EDGE('',*,*,#4233,.F.);
#7710 = ADVANCED_FACE('',(#7711),#4221,.T.);
#7711 = FACE_BOUND('',#7712,.T.);
#7712 = EDGE_LOOP('',(#7713,#7736,#7757,#7758));
#7713 = ORIENTED_EDGE('',*,*,#7714,.T.);
#7714 = EDGE_CURVE('',#4178,#7715,#7717,.T.);
#7715 = VERTEX_POINT('',#7716);
#7716 = CARTESIAN_POINT('',(34.830908203125,10.6,-1.651611328125));
#7717 = SURFACE_CURVE('',#7718,(#7722,#7729),.PCURVE_S1.);
#7718 = LINE('',#7719,#7720);
#7719 = CARTESIAN_POINT('',(34.830908203125,11.,-1.651611328125));
#7720 = VECTOR('',#7721,1.);
#7721 = DIRECTION('',(0.,-1.,-0.));
#7722 = PCURVE('',#4221,#7723);
#7723 = DEFINITIONAL_REPRESENTATION('',(#7724),#7728);
#7724 = LINE('',#7725,#7726);
#7725 = CARTESIAN_POINT('',(0.,0.));
#7726 = VECTOR('',#7727,1.);
#7727 = DIRECTION('',(0.,-1.));
#7728 = ( GEOMETRIC_REPRESENTATION_CONTEXT(2) 
PARAMETRIC_REPRESENTATION_CONTEXT() REPRESENTATION_CONTEXT('2D SPACE',''
  ) );
#7729 = PCURVE('',#4193,#7730);
#7730 = DEFINITIONAL_REPRESENTATION('',(#7731),#7735);
#7731 = LINE('',#7732,#7733);
#7732 = CARTESIAN_POINT('',(3.5791015625,0.));
#7733 = VECTOR('',#7734,1.);
#7734 = DIRECTION('',(0.,-1.));
#7735 = ( GEOMETRIC_REPRESENTATION_CONTEXT(2) 
PARAMETRIC_REPRESENTATION_CONTEXT() REPRESENTATION_CONTEXT('2D SPACE',''
  ) );
#7736 = ORIENTED_EDGE('',*,*,#7737,.T.);
#7737 = EDGE_CURVE('',#7715,#7666,#7738,.T.);
#7738 = SURFACE_CURVE('',#7739,(#7743,#7750),.PCURVE_S1.);
#7739 = LINE('',#7740,#7741);
#7740 = CARTESIAN_POINT('',(34.830908203125,10.6,-1.651611328125));
#7741 = VECTOR('',#7742,1.);
#7742 = DIRECTION('',(1.,0.,0.));
#7743 = PCURVE('',#4221,#7744);
#7744 = DEFINITIONAL_REPRESENTATION('',(#7745),#7749);
#7745 = LINE('',#7746,#7747);
#7746 = CARTESIAN_POINT('',(0.,-0.4));
#7747 = VECTOR('',#7748,1.);
#7748 = DIRECTION('',(1.,0.));
#7749 = ( GEOMETRIC_REPRESENTATION_CONTEXT(2) 
PARAMETRIC_REPRESENTATION_CONTEXT() REPRESENTATION_CONTEXT('2D SPACE',''
  ) );
#7750 = PCURVE('',#7579,#7751);
#7751 = DEFINITIONAL_REPRESENTATION('',(#7752),#7756);
#7752 = LINE('',#7753,#7754);
#7753 = CARTESIAN_POINT('',(3.2275390625,0.));
#7754 = VECTOR('',#7755,1.);
#7755 = DIRECTION('',(-1.,0.));
#7756 = ( GEOMETRIC_REPRESENTATION_CONTEXT(2) 
PARAMETRIC_REPRESENTATION_CONTEXT() REPRESENTATION_CONTEXT('2D SPACE',''
  ) );
#7757 = ORIENTED_EDGE('',*,*,#7665,.F.);
#7758 = ORIENTED_EDGE('',*,*,#4205,.F.);
#7759 = ADVANCED_FACE('',(#7760),#4193,.T.);
#7760 = FACE_BOUND('',#7761,.T.);
#7761 = EDGE_LOOP('',(#7762,#7785,#7806,#7807));
#7762 = ORIENTED_EDGE('',*,*,#7763,.T.);
#7763 = EDGE_CURVE('',#4150,#7764,#7766,.T.);
#7764 = VERTEX_POINT('',#7765);
#7765 = CARTESIAN_POINT('',(34.830908203125,10.6,1.927490234375));
#7766 = SURFACE_CURVE('',#7767,(#7771,#7778),.PCURVE_S1.);
#7767 = LINE('',#7768,#7769);
#7768 = CARTESIAN_POINT('',(34.830908203125,11.,1.927490234375));
#7769 = VECTOR('',#7770,1.);
#7770 = DIRECTION('',(0.,-1.,-0.));
#7771 = PCURVE('',#4193,#7772);
#7772 = DEFINITIONAL_REPRESENTATION('',(#7773),#7777);
#7773 = LINE('',#7774,#7775);
#7774 = CARTESIAN_POINT('',(0.,0.));
#7775 = VECTOR('',#7776,1.);
#7776 = DIRECTION('',(0.,-1.));
#7777 = ( GEOMETRIC_REPRESENTATION_CONTEXT(2) 
PARAMETRIC_REPRESENTATION_CONTEXT() REPRESENTATION_CONTEXT('2D SPACE',''
  ) );
#7778 = PCURVE('',#4165,#7779);
#7779 = DEFINITIONAL_REPRESENTATION('',(#7780),#7784);
#7780 = LINE('',#7781,#7782);
#7781 = CARTESIAN_POINT('',(0.72265625,0.));
#7782 = VECTOR('',#7783,1.);
#7783 = DIRECTION('',(0.,-1.));
#7784 = ( GEOMETRIC_REPRESENTATION_CONTEXT(2) 
PARAMETRIC_REPRESENTATION_CONTEXT() REPRESENTATION_CONTEXT('2D SPACE',''
  ) );
#7785 = ORIENTED_EDGE('',*,*,#7786,.T.);
#7786 = EDGE_CURVE('',#7764,#7715,#7787,.T.);
#7787 = SURFACE_CURVE('',#7788,(#7792,#7799),.PCURVE_S1.);
#7788 = LINE('',#7789,#7790);
#7789 = CARTESIAN_POINT('',(34.830908203125,10.6,1.927490234375));
#7790 = VECTOR('',#7791,1.);
#7791 = DIRECTION('',(-0.,0.,-1.));
#7792 = PCURVE('',#4193,#7793);
#7793 = DEFINITIONAL_REPRESENTATION('',(#7794),#7798);
#7794 = LINE('',#7795,#7796);
#7795 = CARTESIAN_POINT('',(0.,-0.4));
#7796 = VECTOR('',#7797,1.);
#7797 = DIRECTION('',(1.,0.));
#7798 = ( GEOMETRIC_REPRESENTATION_CONTEXT(2) 
PARAMETRIC_REPRESENTATION_CONTEXT() REPRESENTATION_CONTEXT('2D SPACE',''
  ) );
#7799 = PCURVE('',#7579,#7800);
#7800 = DEFINITIONAL_REPRESENTATION('',(#7801),#7805);
#7801 = LINE('',#7802,#7803);
#7802 = CARTESIAN_POINT('',(3.2275390625,3.5791015625));
#7803 = VECTOR('',#7804,1.);
#7804 = DIRECTION('',(0.,-1.));
#7805 = ( GEOMETRIC_REPRESENTATION_CONTEXT(2) 
PARAMETRIC_REPRESENTATION_CONTEXT() REPRESENTATION_CONTEXT('2D SPACE',''
  ) );
#7806 = ORIENTED_EDGE('',*,*,#7714,.F.);
#7807 = ORIENTED_EDGE('',*,*,#4177,.F.);
#7808 = ADVANCED_FACE('',(#7809),#4165,.T.);
#7809 = FACE_BOUND('',#7810,.T.);
#7810 = EDGE_LOOP('',(#7811,#7834,#7855,#7856));
#7811 = ORIENTED_EDGE('',*,*,#7812,.T.);
#7812 = EDGE_CURVE('',#4122,#7813,#7815,.T.);
#7813 = VERTEX_POINT('',#7814);
#7814 = CARTESIAN_POINT('',(35.553564453125,10.6,1.927490234375));
#7815 = SURFACE_CURVE('',#7816,(#7820,#7827),.PCURVE_S1.);
#7816 = LINE('',#7817,#7818);
#7817 = CARTESIAN_POINT('',(35.553564453125,11.,1.927490234375));
#7818 = VECTOR('',#7819,1.);
#7819 = DIRECTION('',(0.,-1.,-0.));
#7820 = PCURVE('',#4165,#7821);
#7821 = DEFINITIONAL_REPRESENTATION('',(#7822),#7826);
#7822 = LINE('',#7823,#7824);
#7823 = CARTESIAN_POINT('',(0.,0.));
#7824 = VECTOR('',#7825,1.);
#7825 = DIRECTION('',(0.,-1.));
#7826 = ( GEOMETRIC_REPRESENTATION_CONTEXT(2) 
PARAMETRIC_REPRESENTATION_CONTEXT() REPRESENTATION_CONTEXT('2D SPACE',''
  ) );
#7827 = PCURVE('',#4137,#7828);
#7828 = DEFINITIONAL_REPRESENTATION('',(#7829),#7833);
#7829 = LINE('',#7830,#7831);
#7830 = CARTESIAN_POINT('',(1.40869140625,0.));
#7831 = VECTOR('',#7832,1.);
#7832 = DIRECTION('',(0.,-1.));
#7833 = ( GEOMETRIC_REPRESENTATION_CONTEXT(2) 
PARAMETRIC_REPRESENTATION_CONTEXT() REPRESENTATION_CONTEXT('2D SPACE',''
  ) );
#7834 = ORIENTED_EDGE('',*,*,#7835,.T.);
#7835 = EDGE_CURVE('',#7813,#7764,#7836,.T.);
#7836 = SURFACE_CURVE('',#7837,(#7841,#7848),.PCURVE_S1.);
#7837 = LINE('',#7838,#7839);
#7838 = CARTESIAN_POINT('',(35.553564453125,10.6,1.927490234375));
#7839 = VECTOR('',#7840,1.);
#7840 = DIRECTION('',(-1.,0.,0.));
#7841 = PCURVE('',#4165,#7842);
#7842 = DEFINITIONAL_REPRESENTATION('',(#7843),#7847);
#7843 = LINE('',#7844,#7845);
#7844 = CARTESIAN_POINT('',(0.,-0.4));
#7845 = VECTOR('',#7846,1.);
#7846 = DIRECTION('',(1.,0.));
#7847 = ( GEOMETRIC_REPRESENTATION_CONTEXT(2) 
PARAMETRIC_REPRESENTATION_CONTEXT() REPRESENTATION_CONTEXT('2D SPACE',''
  ) );
#7848 = PCURVE('',#7579,#7849);
#7849 = DEFINITIONAL_REPRESENTATION('',(#7850),#7854);
#7850 = LINE('',#7851,#7852);
#7851 = CARTESIAN_POINT('',(2.5048828125,3.5791015625));
#7852 = VECTOR('',#7853,1.);
#7853 = DIRECTION('',(1.,0.));
#7854 = ( GEOMETRIC_REPRESENTATION_CONTEXT(2) 
PARAMETRIC_REPRESENTATION_CONTEXT() REPRESENTATION_CONTEXT('2D SPACE',''
  ) );
#7855 = ORIENTED_EDGE('',*,*,#7763,.F.);
#7856 = ORIENTED_EDGE('',*,*,#4149,.F.);
#7857 = ADVANCED_FACE('',(#7858),#4137,.T.);
#7858 = FACE_BOUND('',#7859,.T.);
#7859 = EDGE_LOOP('',(#7860,#7883,#7904,#7905));
#7860 = ORIENTED_EDGE('',*,*,#7861,.T.);
#7861 = EDGE_CURVE('',#4094,#7862,#7864,.T.);
#7862 = VERTEX_POINT('',#7863);
#7863 = CARTESIAN_POINT('',(35.553564453125,10.6,0.518798828125));
#7864 = SURFACE_CURVE('',#7865,(#7869,#7876),.PCURVE_S1.);
#7865 = LINE('',#7866,#7867);
#7866 = CARTESIAN_POINT('',(35.553564453125,11.,0.518798828125));
#7867 = VECTOR('',#7868,1.);
#7868 = DIRECTION('',(0.,-1.,-0.));
#7869 = PCURVE('',#4137,#7870);
#7870 = DEFINITIONAL_REPRESENTATION('',(#7871),#7875);
#7871 = LINE('',#7872,#7873);
#7872 = CARTESIAN_POINT('',(0.,0.));
#7873 = VECTOR('',#7874,1.);
#7874 = DIRECTION('',(0.,-1.));
#7875 = ( GEOMETRIC_REPRESENTATION_CONTEXT(2) 
PARAMETRIC_REPRESENTATION_CONTEXT() REPRESENTATION_CONTEXT('2D SPACE',''
  ) );
#7876 = PCURVE('',#4109,#7877);
#7877 = DEFINITIONAL_REPRESENTATION('',(#7878),#7882);
#7878 = LINE('',#7879,#7880);
#7879 = CARTESIAN_POINT('',(1.416015625,0.));
#7880 = VECTOR('',#7881,1.);
#7881 = DIRECTION('',(0.,-1.));
#7882 = ( GEOMETRIC_REPRESENTATION_CONTEXT(2) 
PARAMETRIC_REPRESENTATION_CONTEXT() REPRESENTATION_CONTEXT('2D SPACE',''
  ) );
#7883 = ORIENTED_EDGE('',*,*,#7884,.T.);
#7884 = EDGE_CURVE('',#7862,#7813,#7885,.T.);
#7885 = SURFACE_CURVE('',#7886,(#7890,#7897),.PCURVE_S1.);
#7886 = LINE('',#7887,#7888);
#7887 = CARTESIAN_POINT('',(35.553564453125,10.6,0.518798828125));
#7888 = VECTOR('',#7889,1.);
#7889 = DIRECTION('',(0.,0.,1.));
#7890 = PCURVE('',#4137,#7891);
#7891 = DEFINITIONAL_REPRESENTATION('',(#7892),#7896);
#7892 = LINE('',#7893,#7894);
#7893 = CARTESIAN_POINT('',(0.,-0.4));
#7894 = VECTOR('',#7895,1.);
#7895 = DIRECTION('',(1.,0.));
#7896 = ( GEOMETRIC_REPRESENTATION_CONTEXT(2) 
PARAMETRIC_REPRESENTATION_CONTEXT() REPRESENTATION_CONTEXT('2D SPACE',''
  ) );
#7897 = PCURVE('',#7579,#7898);
#7898 = DEFINITIONAL_REPRESENTATION('',(#7899),#7903);
#7899 = LINE('',#7900,#7901);
#7900 = CARTESIAN_POINT('',(2.5048828125,2.17041015625));
#7901 = VECTOR('',#7902,1.);
#7902 = DIRECTION('',(0.,1.));
#7903 = ( GEOMETRIC_REPRESENTATION_CONTEXT(2) 
PARAMETRIC_REPRESENTATION_CONTEXT() REPRESENTATION_CONTEXT('2D SPACE',''
  ) );
#7904 = ORIENTED_EDGE('',*,*,#7812,.F.);
#7905 = ORIENTED_EDGE('',*,*,#4121,.F.);
#7906 = ADVANCED_FACE('',(#7907),#4109,.T.);
#7907 = FACE_BOUND('',#7908,.T.);
#7908 = EDGE_LOOP('',(#7909,#7932,#7953,#7954));
#7909 = ORIENTED_EDGE('',*,*,#7910,.T.);
#7910 = EDGE_CURVE('',#4066,#7911,#7913,.T.);
#7911 = VERTEX_POINT('',#7912);
#7912 = CARTESIAN_POINT('',(36.969580078125,10.6,0.518798828125));
#7913 = SURFACE_CURVE('',#7914,(#7918,#7925),.PCURVE_S1.);
#7914 = LINE('',#7915,#7916);
#7915 = CARTESIAN_POINT('',(36.969580078125,11.,0.518798828125));
#7916 = VECTOR('',#7917,1.);
#7917 = DIRECTION('',(0.,-1.,-0.));
#7918 = PCURVE('',#4109,#7919);
#7919 = DEFINITIONAL_REPRESENTATION('',(#7920),#7924);
#7920 = LINE('',#7921,#7922);
#7921 = CARTESIAN_POINT('',(0.,0.));
#7922 = VECTOR('',#7923,1.);
#7923 = DIRECTION('',(0.,-1.));
#7924 = ( GEOMETRIC_REPRESENTATION_CONTEXT(2) 
PARAMETRIC_REPRESENTATION_CONTEXT() REPRESENTATION_CONTEXT('2D SPACE',''
  ) );
#7925 = PCURVE('',#4081,#7926);
#7926 = DEFINITIONAL_REPRESENTATION('',(#7927),#7931);
#7927 = LINE('',#7928,#7929);
#7928 = CARTESIAN_POINT('',(1.40869140625,0.));
#7929 = VECTOR('',#7930,1.);
#7930 = DIRECTION('',(0.,-1.));
#7931 = ( GEOMETRIC_REPRESENTATION_CONTEXT(2) 
PARAMETRIC_REPRESENTATION_CONTEXT() REPRESENTATION_CONTEXT('2D SPACE',''
  ) );
#7932 = ORIENTED_EDGE('',*,*,#7933,.T.);
#7933 = EDGE_CURVE('',#7911,#7862,#7934,.T.);
#7934 = SURFACE_CURVE('',#7935,(#7939,#7946),.PCURVE_S1.);
#7935 = LINE('',#7936,#7937);
#7936 = CARTESIAN_POINT('',(36.969580078125,10.6,0.518798828125));
#7937 = VECTOR('',#7938,1.);
#7938 = DIRECTION('',(-1.,0.,0.));
#7939 = PCURVE('',#4109,#7940);
#7940 = DEFINITIONAL_REPRESENTATION('',(#7941),#7945);
#7941 = LINE('',#7942,#7943);
#7942 = CARTESIAN_POINT('',(0.,-0.4));
#7943 = VECTOR('',#7944,1.);
#7944 = DIRECTION('',(1.,0.));
#7945 = ( GEOMETRIC_REPRESENTATION_CONTEXT(2) 
PARAMETRIC_REPRESENTATION_CONTEXT() REPRESENTATION_CONTEXT('2D SPACE',''
  ) );
#7946 = PCURVE('',#7579,#7947);
#7947 = DEFINITIONAL_REPRESENTATION('',(#7948),#7952);
#7948 = LINE('',#7949,#7950);
#7949 = CARTESIAN_POINT('',(1.0888671875,2.17041015625));
#7950 = VECTOR('',#7951,1.);
#7951 = DIRECTION('',(1.,0.));
#7952 = ( GEOMETRIC_REPRESENTATION_CONTEXT(2) 
PARAMETRIC_REPRESENTATION_CONTEXT() REPRESENTATION_CONTEXT('2D SPACE',''
  ) );
#7953 = ORIENTED_EDGE('',*,*,#7861,.F.);
#7954 = ORIENTED_EDGE('',*,*,#4093,.F.);
#7955 = ADVANCED_FACE('',(#7956),#4081,.T.);
#7956 = FACE_BOUND('',#7957,.T.);
#7957 = EDGE_LOOP('',(#7958,#7981,#8002,#8003));
#7958 = ORIENTED_EDGE('',*,*,#7959,.T.);
#7959 = EDGE_CURVE('',#4038,#7960,#7962,.T.);
#7960 = VERTEX_POINT('',#7961);
#7961 = CARTESIAN_POINT('',(36.969580078125,10.6,1.927490234375));
#7962 = SURFACE_CURVE('',#7963,(#7967,#7974),.PCURVE_S1.);
#7963 = LINE('',#7964,#7965);
#7964 = CARTESIAN_POINT('',(36.969580078125,11.,1.927490234375));
#7965 = VECTOR('',#7966,1.);
#7966 = DIRECTION('',(0.,-1.,-0.));
#7967 = PCURVE('',#4081,#7968);
#7968 = DEFINITIONAL_REPRESENTATION('',(#7969),#7973);
#7969 = LINE('',#7970,#7971);
#7970 = CARTESIAN_POINT('',(0.,0.));
#7971 = VECTOR('',#7972,1.);
#7972 = DIRECTION('',(0.,-1.));
#7973 = ( GEOMETRIC_REPRESENTATION_CONTEXT(2) 
PARAMETRIC_REPRESENTATION_CONTEXT() REPRESENTATION_CONTEXT('2D SPACE',''
  ) );
#7974 = PCURVE('',#4053,#7975);
#7975 = DEFINITIONAL_REPRESENTATION('',(#7976),#7980);
#7976 = LINE('',#7977,#7978);
#7977 = CARTESIAN_POINT('',(0.72265625,0.));
#7978 = VECTOR('',#7979,1.);
#7979 = DIRECTION('',(0.,-1.));
#7980 = ( GEOMETRIC_REPRESENTATION_CONTEXT(2) 
PARAMETRIC_REPRESENTATION_CONTEXT() REPRESENTATION_CONTEXT('2D SPACE',''
  ) );
#7981 = ORIENTED_EDGE('',*,*,#7982,.T.);
#7982 = EDGE_CURVE('',#7960,#7911,#7983,.T.);
#7983 = SURFACE_CURVE('',#7984,(#7988,#7995),.PCURVE_S1.);
#7984 = LINE('',#7985,#7986);
#7985 = CARTESIAN_POINT('',(36.969580078125,10.6,1.927490234375));
#7986 = VECTOR('',#7987,1.);
#7987 = DIRECTION('',(-0.,0.,-1.));
#7988 = PCURVE('',#4081,#7989);
#7989 = DEFINITIONAL_REPRESENTATION('',(#7990),#7994);
#7990 = LINE('',#7991,#7992);
#7991 = CARTESIAN_POINT('',(0.,-0.4));
#7992 = VECTOR('',#7993,1.);
#7993 = DIRECTION('',(1.,0.));
#7994 = ( GEOMETRIC_REPRESENTATION_CONTEXT(2) 
PARAMETRIC_REPRESENTATION_CONTEXT() REPRESENTATION_CONTEXT('2D SPACE',''
  ) );
#7995 = PCURVE('',#7579,#7996);
#7996 = DEFINITIONAL_REPRESENTATION('',(#7997),#8001);
#7997 = LINE('',#7998,#7999);
#7998 = CARTESIAN_POINT('',(1.0888671875,3.5791015625));
#7999 = VECTOR('',#8000,1.);
#8000 = DIRECTION('',(0.,-1.));
#8001 = ( GEOMETRIC_REPRESENTATION_CONTEXT(2) 
PARAMETRIC_REPRESENTATION_CONTEXT() REPRESENTATION_CONTEXT('2D SPACE',''
  ) );
#8002 = ORIENTED_EDGE('',*,*,#7910,.F.);
#8003 = ORIENTED_EDGE('',*,*,#4065,.F.);
#8004 = ADVANCED_FACE('',(#8005),#4053,.T.);
#8005 = FACE_BOUND('',#8006,.T.);
#8006 = EDGE_LOOP('',(#8007,#8030,#8051,#8052));
#8007 = ORIENTED_EDGE('',*,*,#8008,.T.);
#8008 = EDGE_CURVE('',#4010,#8009,#8011,.T.);
#8009 = VERTEX_POINT('',#8010);
#8010 = CARTESIAN_POINT('',(37.692236328125,10.6,1.927490234375));
#8011 = SURFACE_CURVE('',#8012,(#8016,#8023),.PCURVE_S1.);
#8012 = LINE('',#8013,#8014);
#8013 = CARTESIAN_POINT('',(37.692236328125,11.,1.927490234375));
#8014 = VECTOR('',#8015,1.);
#8015 = DIRECTION('',(0.,-1.,-0.));
#8016 = PCURVE('',#4053,#8017);
#8017 = DEFINITIONAL_REPRESENTATION('',(#8018),#8022);
#8018 = LINE('',#8019,#8020);
#8019 = CARTESIAN_POINT('',(0.,0.));
#8020 = VECTOR('',#8021,1.);
#8021 = DIRECTION('',(0.,-1.));
#8022 = ( GEOMETRIC_REPRESENTATION_CONTEXT(2) 
PARAMETRIC_REPRESENTATION_CONTEXT() REPRESENTATION_CONTEXT('2D SPACE',''
  ) );
#8023 = PCURVE('',#4025,#8024);
#8024 = DEFINITIONAL_REPRESENTATION('',(#8025),#8029);
#8025 = LINE('',#8026,#8027);
#8026 = CARTESIAN_POINT('',(3.5791015625,0.));
#8027 = VECTOR('',#8028,1.);
#8028 = DIRECTION('',(0.,-1.));
#8029 = ( GEOMETRIC_REPRESENTATION_CONTEXT(2) 
PARAMETRIC_REPRESENTATION_CONTEXT() REPRESENTATION_CONTEXT('2D SPACE',''
  ) );
#8030 = ORIENTED_EDGE('',*,*,#8031,.T.);
#8031 = EDGE_CURVE('',#8009,#7960,#8032,.T.);
#8032 = SURFACE_CURVE('',#8033,(#8037,#8044),.PCURVE_S1.);
#8033 = LINE('',#8034,#8035);
#8034 = CARTESIAN_POINT('',(37.692236328125,10.6,1.927490234375));
#8035 = VECTOR('',#8036,1.);
#8036 = DIRECTION('',(-1.,0.,0.));
#8037 = PCURVE('',#4053,#8038);
#8038 = DEFINITIONAL_REPRESENTATION('',(#8039),#8043);
#8039 = LINE('',#8040,#8041);
#8040 = CARTESIAN_POINT('',(0.,-0.4));
#8041 = VECTOR('',#8042,1.);
#8042 = DIRECTION('',(1.,0.));
#8043 = ( GEOMETRIC_REPRESENTATION_CONTEXT(2) 
PARAMETRIC_REPRESENTATION_CONTEXT() REPRESENTATION_CONTEXT('2D SPACE',''
  ) );
#8044 = PCURVE('',#7579,#8045);
#8045 = DEFINITIONAL_REPRESENTATION('',(#8046),#8050);
#8046 = LINE('',#8047,#8048);
#8047 = CARTESIAN_POINT('',(0.3662109375,3.5791015625));
#8048 = VECTOR('',#8049,1.);
#8049 = DIRECTION('',(1.,0.));
#8050 = ( GEOMETRIC_REPRESENTATION_CONTEXT(2) 
PARAMETRIC_REPRESENTATION_CONTEXT() REPRESENTATION_CONTEXT('2D SPACE',''
  ) );
#8051 = ORIENTED_EDGE('',*,*,#7959,.F.);
#8052 = ORIENTED_EDGE('',*,*,#4037,.F.);
#8053 = ADVANCED_FACE('',(#8054),#4025,.T.);
#8054 = FACE_BOUND('',#8055,.T.);
#8055 = EDGE_LOOP('',(#8056,#8079,#8100,#8101));
#8056 = ORIENTED_EDGE('',*,*,#8057,.T.);
#8057 = EDGE_CURVE('',#3982,#8058,#8060,.T.);
#8058 = VERTEX_POINT('',#8059);
#8059 = CARTESIAN_POINT('',(37.692236328125,10.6,-1.651611328125));
#8060 = SURFACE_CURVE('',#8061,(#8065,#8072),.PCURVE_S1.);
#8061 = LINE('',#8062,#8063);
#8062 = CARTESIAN_POINT('',(37.692236328125,11.,-1.651611328125));
#8063 = VECTOR('',#8064,1.);
#8064 = DIRECTION('',(0.,-1.,-0.));
#8065 = PCURVE('',#4025,#8066);
#8066 = DEFINITIONAL_REPRESENTATION('',(#8067),#8071);
#8067 = LINE('',#8068,#8069);
#8068 = CARTESIAN_POINT('',(0.,0.));
#8069 = VECTOR('',#8070,1.);
#8070 = DIRECTION('',(0.,-1.));
#8071 = ( GEOMETRIC_REPRESENTATION_CONTEXT(2) 
PARAMETRIC_REPRESENTATION_CONTEXT() REPRESENTATION_CONTEXT('2D SPACE',''
  ) );
#8072 = PCURVE('',#3997,#8073);
#8073 = DEFINITIONAL_REPRESENTATION('',(#8074),#8078);
#8074 = LINE('',#8075,#8076);
#8075 = CARTESIAN_POINT('',(0.72265625,0.));
#8076 = VECTOR('',#8077,1.);
#8077 = DIRECTION('',(0.,-1.));
#8078 = ( GEOMETRIC_REPRESENTATION_CONTEXT(2) 
PARAMETRIC_REPRESENTATION_CONTEXT() REPRESENTATION_CONTEXT('2D SPACE',''
  ) );
#8079 = ORIENTED_EDGE('',*,*,#8080,.T.);
#8080 = EDGE_CURVE('',#8058,#8009,#8081,.T.);
#8081 = SURFACE_CURVE('',#8082,(#8086,#8093),.PCURVE_S1.);
#8082 = LINE('',#8083,#8084);
#8083 = CARTESIAN_POINT('',(37.692236328125,10.6,-1.651611328125));
#8084 = VECTOR('',#8085,1.);
#8085 = DIRECTION('',(0.,0.,1.));
#8086 = PCURVE('',#4025,#8087);
#8087 = DEFINITIONAL_REPRESENTATION('',(#8088),#8092);
#8088 = LINE('',#8089,#8090);
#8089 = CARTESIAN_POINT('',(0.,-0.4));
#8090 = VECTOR('',#8091,1.);
#8091 = DIRECTION('',(1.,0.));
#8092 = ( GEOMETRIC_REPRESENTATION_CONTEXT(2) 
PARAMETRIC_REPRESENTATION_CONTEXT() REPRESENTATION_CONTEXT('2D SPACE',''
  ) );
#8093 = PCURVE('',#7579,#8094);
#8094 = DEFINITIONAL_REPRESENTATION('',(#8095),#8099);
#8095 = LINE('',#8096,#8097);
#8096 = CARTESIAN_POINT('',(0.3662109375,0.));
#8097 = VECTOR('',#8098,1.);
#8098 = DIRECTION('',(0.,1.));
#8099 = ( GEOMETRIC_REPRESENTATION_CONTEXT(2) 
PARAMETRIC_REPRESENTATION_CONTEXT() REPRESENTATION_CONTEXT('2D SPACE',''
  ) );
#8100 = ORIENTED_EDGE('',*,*,#8008,.F.);
#8101 = ORIENTED_EDGE('',*,*,#4009,.F.);
#8102 = ADVANCED_FACE('',(#8103),#3997,.T.);
#8103 = FACE_BOUND('',#8104,.T.);
#8104 = EDGE_LOOP('',(#8105,#8106,#8127,#8128));
#8105 = ORIENTED_EDGE('',*,*,#7591,.T.);
#8106 = ORIENTED_EDGE('',*,*,#8107,.T.);
#8107 = EDGE_CURVE('',#7564,#8058,#8108,.T.);
#8108 = SURFACE_CURVE('',#8109,(#8113,#8120),.PCURVE_S1.);
#8109 = LINE('',#8110,#8111);
#8110 = CARTESIAN_POINT('',(36.969580078125,10.6,-1.651611328125));
#8111 = VECTOR('',#8112,1.);
#8112 = DIRECTION('',(1.,0.,0.));
#8113 = PCURVE('',#3997,#8114);
#8114 = DEFINITIONAL_REPRESENTATION('',(#8115),#8119);
#8115 = LINE('',#8116,#8117);
#8116 = CARTESIAN_POINT('',(0.,-0.4));
#8117 = VECTOR('',#8118,1.);
#8118 = DIRECTION('',(1.,0.));
#8119 = ( GEOMETRIC_REPRESENTATION_CONTEXT(2) 
PARAMETRIC_REPRESENTATION_CONTEXT() REPRESENTATION_CONTEXT('2D SPACE',''
  ) );
#8120 = PCURVE('',#7579,#8121);
#8121 = DEFINITIONAL_REPRESENTATION('',(#8122),#8126);
#8122 = LINE('',#8123,#8124);
#8123 = CARTESIAN_POINT('',(1.0888671875,0.));
#8124 = VECTOR('',#8125,1.);
#8125 = DIRECTION('',(-1.,0.));
#8126 = ( GEOMETRIC_REPRESENTATION_CONTEXT(2) 
PARAMETRIC_REPRESENTATION_CONTEXT() REPRESENTATION_CONTEXT('2D SPACE',''
  ) );
#8127 = ORIENTED_EDGE('',*,*,#8057,.F.);
#8128 = ORIENTED_EDGE('',*,*,#3981,.F.);
#8129 = ADVANCED_FACE('',(#8130,#8161),#4334,.T.);
#8130 = FACE_BOUND('',#8131,.T.);
#8131 = EDGE_LOOP('',(#8132));
#8132 = ORIENTED_EDGE('',*,*,#8133,.T.);
#8133 = EDGE_CURVE('',#8134,#8134,#8136,.T.);
#8134 = VERTEX_POINT('',#8135);
#8135 = CARTESIAN_POINT('',(1.,3.5,0.));
#8136 = SURFACE_CURVE('',#8137,(#8142,#8149),.PCURVE_S1.);
#8137 = CIRCLE('',#8138,3.5);
#8138 = AXIS2_PLACEMENT_3D('',#8139,#8140,#8141);
#8139 = CARTESIAN_POINT('',(1.,0.,0.));
#8140 = DIRECTION('',(1.,0.,0.));
#8141 = DIRECTION('',(0.,1.,0.));
#8142 = PCURVE('',#4334,#8143);
#8143 = DEFINITIONAL_REPRESENTATION('',(#8144),#8148);
#8144 = CIRCLE('',#8145,3.5);
#8145 = AXIS2_PLACEMENT_2D('',#8146,#8147);
#8146 = CARTESIAN_POINT('',(-2.47821720825E-16,-1.953485903628E-16));
#8147 = DIRECTION('',(0.,-1.));
#8148 = ( GEOMETRIC_REPRESENTATION_CONTEXT(2) 
PARAMETRIC_REPRESENTATION_CONTEXT() REPRESENTATION_CONTEXT('2D SPACE',''
  ) );
#8149 = PCURVE('',#8150,#8155);
#8150 = CYLINDRICAL_SURFACE('',#8151,3.5);
#8151 = AXIS2_PLACEMENT_3D('',#8152,#8153,#8154);
#8152 = CARTESIAN_POINT('',(1.,0.,0.));
#8153 = DIRECTION('',(-1.,-0.,-0.));
#8154 = DIRECTION('',(0.,1.,0.));
#8155 = DEFINITIONAL_REPRESENTATION('',(#8156),#8160);
#8156 = LINE('',#8157,#8158);
#8157 = CARTESIAN_POINT('',(-0.,0.));
#8158 = VECTOR('',#8159,1.);
#8159 = DIRECTION('',(-1.,0.));
#8160 = ( GEOMETRIC_REPRESENTATION_CONTEXT(2) 
PARAMETRIC_REPRESENTATION_CONTEXT() REPRESENTATION_CONTEXT('2D SPACE',''
  ) );
#8161 = FACE_BOUND('',#8162,.T.);
#8162 = EDGE_LOOP('',(#8163));
#8163 = ORIENTED_EDGE('',*,*,#4319,.T.);
#8164 = ADVANCED_FACE('',(#8165,#8168),#4493,.T.);
#8165 = FACE_BOUND('',#8166,.T.);
#8166 = EDGE_LOOP('',(#8167));
#8167 = ORIENTED_EDGE('',*,*,#4476,.T.);
#8168 = FACE_BOUND('',#8169,.T.);
#8169 = EDGE_LOOP('',(#8170));
#8170 = ORIENTED_EDGE('',*,*,#8171,.F.);
#8171 = EDGE_CURVE('',#8172,#8172,#8174,.T.);
#8172 = VERTEX_POINT('',#8173);
#8173 = CARTESIAN_POINT('',(3.,3.5,0.));
#8174 = SURFACE_CURVE('',#8175,(#8180,#8187),.PCURVE_S1.);
#8175 = CIRCLE('',#8176,3.5);
#8176 = AXIS2_PLACEMENT_3D('',#8177,#8178,#8179);
#8177 = CARTESIAN_POINT('',(3.,0.,0.));
#8178 = DIRECTION('',(1.,0.,0.));
#8179 = DIRECTION('',(0.,1.,0.));
#8180 = PCURVE('',#4493,#8181);
#8181 = DEFINITIONAL_REPRESENTATION('',(#8182),#8186);
#8182 = CIRCLE('',#8183,3.5);
#8183 = AXIS2_PLACEMENT_2D('',#8184,#8185);
#8184 = CARTESIAN_POINT('',(-1.879594466024E-16,-8.636463994986E-16));
#8185 = DIRECTION('',(0.,-1.));
#8186 = ( GEOMETRIC_REPRESENTATION_CONTEXT(2) 
PARAMETRIC_REPRESENTATION_CONTEXT() REPRESENTATION_CONTEXT('2D SPACE',''
  ) );
#8187 = PCURVE('',#8150,#8188);
#8188 = DEFINITIONAL_REPRESENTATION('',(#8189),#8193);
#8189 = LINE('',#8190,#8191);
#8190 = CARTESIAN_POINT('',(-0.,-2.));
#8191 = VECTOR('',#8192,1.);
#8192 = DIRECTION('',(-1.,0.));
#8193 = ( GEOMETRIC_REPRESENTATION_CONTEXT(2) 
PARAMETRIC_REPRESENTATION_CONTEXT() REPRESENTATION_CONTEXT('2D SPACE',''
  ) );
#8194 = ADVANCED_FACE('',(#8195),#4545,.F.);
#8195 = FACE_BOUND('',#8196,.F.);
#8196 = EDGE_LOOP('',(#8197,#8220,#8248,#8269,#8270));
#8197 = ORIENTED_EDGE('',*,*,#8198,.F.);
#8198 = EDGE_CURVE('',#8199,#4529,#8201,.T.);
#8199 = VERTEX_POINT('',#8200);
#8200 = CARTESIAN_POINT('',(69.3,8.3,3.));
#8201 = SURFACE_CURVE('',#8202,(#8206,#8213),.PCURVE_S1.);
#8202 = LINE('',#8203,#8204);
#8203 = CARTESIAN_POINT('',(69.3,8.3,3.));
#8204 = VECTOR('',#8205,1.);
#8205 = DIRECTION('',(0.,1.,0.));
#8206 = PCURVE('',#4545,#8207);
#8207 = DEFINITIONAL_REPRESENTATION('',(#8208),#8212);
#8208 = LINE('',#8209,#8210);
#8209 = CARTESIAN_POINT('',(6.,0.));
#8210 = VECTOR('',#8211,1.);
#8211 = DIRECTION('',(0.,-1.));
#8212 = ( GEOMETRIC_REPRESENTATION_CONTEXT(2) 
PARAMETRIC_REPRESENTATION_CONTEXT() REPRESENTATION_CONTEXT('2D SPACE',''
  ) );
#8213 = PCURVE('',#4576,#8214);
#8214 = DEFINITIONAL_REPRESENTATION('',(#8215),#8219);
#8215 = LINE('',#8216,#8217);
#8216 = CARTESIAN_POINT('',(0.,0.));
#8217 = VECTOR('',#8218,1.);
#8218 = DIRECTION('',(0.,1.));
#8219 = ( GEOMETRIC_REPRESENTATION_CONTEXT(2) 
PARAMETRIC_REPRESENTATION_CONTEXT() REPRESENTATION_CONTEXT('2D SPACE',''
  ) );
#8220 = ORIENTED_EDGE('',*,*,#8221,.F.);
#8221 = EDGE_CURVE('',#8222,#8199,#8224,.T.);
#8222 = VERTEX_POINT('',#8223);
#8223 = CARTESIAN_POINT('',(69.3,8.3,-3.));
#8224 = SURFACE_CURVE('',#8225,(#8229,#8236),.PCURVE_S1.);
#8225 = LINE('',#8226,#8227);
#8226 = CARTESIAN_POINT('',(69.3,8.3,-3.));
#8227 = VECTOR('',#8228,1.);
#8228 = DIRECTION('',(0.,0.,1.));
#8229 = PCURVE('',#4545,#8230);
#8230 = DEFINITIONAL_REPRESENTATION('',(#8231),#8235);
#8231 = LINE('',#8232,#8233);
#8232 = CARTESIAN_POINT('',(0.,0.));
#8233 = VECTOR('',#8234,1.);
#8234 = DIRECTION('',(1.,0.));
#8235 = ( GEOMETRIC_REPRESENTATION_CONTEXT(2) 
PARAMETRIC_REPRESENTATION_CONTEXT() REPRESENTATION_CONTEXT('2D SPACE',''
  ) );
#8236 = PCURVE('',#8237,#8242);
#8237 = PLANE('',#8238);
#8238 = AXIS2_PLACEMENT_3D('',#8239,#8240,#8241);
#8239 = CARTESIAN_POINT('',(69.3,8.3,-3.));
#8240 = DIRECTION('',(0.,1.,0.));
#8241 = DIRECTION('',(0.,0.,1.));
#8242 = DEFINITIONAL_REPRESENTATION('',(#8243),#8247);
#8243 = LINE('',#8244,#8245);
#8244 = CARTESIAN_POINT('',(0.,0.));
#8245 = VECTOR('',#8246,1.);
#8246 = DIRECTION('',(1.,0.));
#8247 = ( GEOMETRIC_REPRESENTATION_CONTEXT(2) 
PARAMETRIC_REPRESENTATION_CONTEXT() REPRESENTATION_CONTEXT('2D SPACE',''
  ) );
#8248 = ORIENTED_EDGE('',*,*,#8249,.T.);
#8249 = EDGE_CURVE('',#8222,#4859,#8250,.T.);
#8250 = SURFACE_CURVE('',#8251,(#8255,#8262),.PCURVE_S1.);
#8251 = LINE('',#8252,#8253);
#8252 = CARTESIAN_POINT('',(69.3,8.3,-3.));
#8253 = VECTOR('',#8254,1.);
#8254 = DIRECTION('',(0.,1.,0.));
#8255 = PCURVE('',#4545,#8256);
#8256 = DEFINITIONAL_REPRESENTATION('',(#8257),#8261);
#8257 = LINE('',#8258,#8259);
#8258 = CARTESIAN_POINT('',(0.,0.));
#8259 = VECTOR('',#8260,1.);
#8260 = DIRECTION('',(0.,-1.));
#8261 = ( GEOMETRIC_REPRESENTATION_CONTEXT(2) 
PARAMETRIC_REPRESENTATION_CONTEXT() REPRESENTATION_CONTEXT('2D SPACE',''
  ) );
#8262 = PCURVE('',#4873,#8263);
#8263 = DEFINITIONAL_REPRESENTATION('',(#8264),#8268);
#8264 = LINE('',#8265,#8266);
#8265 = CARTESIAN_POINT('',(0.,0.));
#8266 = VECTOR('',#8267,1.);
#8267 = DIRECTION('',(0.,1.));
#8268 = ( GEOMETRIC_REPRESENTATION_CONTEXT(2) 
PARAMETRIC_REPRESENTATION_CONTEXT() REPRESENTATION_CONTEXT('2D SPACE',''
  ) );
#8269 = ORIENTED_EDGE('',*,*,#4884,.F.);
#8270 = ORIENTED_EDGE('',*,*,#4528,.F.);
#8271 = ADVANCED_FACE('',(#8272),#4873,.F.);
#8272 = FACE_BOUND('',#8273,.F.);
#8273 = EDGE_LOOP('',(#8274,#8275,#8298,#8319));
#8274 = ORIENTED_EDGE('',*,*,#8249,.F.);
#8275 = ORIENTED_EDGE('',*,*,#8276,.T.);
#8276 = EDGE_CURVE('',#8222,#8277,#8279,.T.);
#8277 = VERTEX_POINT('',#8278);
#8278 = CARTESIAN_POINT('',(71.8,8.3,-3.));
#8279 = SURFACE_CURVE('',#8280,(#8284,#8291),.PCURVE_S1.);
#8280 = LINE('',#8281,#8282);
#8281 = CARTESIAN_POINT('',(69.3,8.3,-3.));
#8282 = VECTOR('',#8283,1.);
#8283 = DIRECTION('',(1.,0.,0.));
#8284 = PCURVE('',#4873,#8285);
#8285 = DEFINITIONAL_REPRESENTATION('',(#8286),#8290);
#8286 = LINE('',#8287,#8288);
#8287 = CARTESIAN_POINT('',(0.,0.));
#8288 = VECTOR('',#8289,1.);
#8289 = DIRECTION('',(1.,0.));
#8290 = ( GEOMETRIC_REPRESENTATION_CONTEXT(2) 
PARAMETRIC_REPRESENTATION_CONTEXT() REPRESENTATION_CONTEXT('2D SPACE',''
  ) );
#8291 = PCURVE('',#8237,#8292);
#8292 = DEFINITIONAL_REPRESENTATION('',(#8293),#8297);
#8293 = LINE('',#8294,#8295);
#8294 = CARTESIAN_POINT('',(0.,0.));
#8295 = VECTOR('',#8296,1.);
#8296 = DIRECTION('',(0.,1.));
#8297 = ( GEOMETRIC_REPRESENTATION_CONTEXT(2) 
PARAMETRIC_REPRESENTATION_CONTEXT() REPRESENTATION_CONTEXT('2D SPACE',''
  ) );
#8298 = ORIENTED_EDGE('',*,*,#8299,.T.);
#8299 = EDGE_CURVE('',#8277,#4831,#8300,.T.);
#8300 = SURFACE_CURVE('',#8301,(#8305,#8312),.PCURVE_S1.);
#8301 = LINE('',#8302,#8303);
#8302 = CARTESIAN_POINT('',(71.8,8.3,-3.));
#8303 = VECTOR('',#8304,1.);
#8304 = DIRECTION('',(0.,1.,0.));
#8305 = PCURVE('',#4873,#8306);
#8306 = DEFINITIONAL_REPRESENTATION('',(#8307),#8311);
#8307 = LINE('',#8308,#8309);
#8308 = CARTESIAN_POINT('',(2.5,0.));
#8309 = VECTOR('',#8310,1.);
#8310 = DIRECTION('',(0.,1.));
#8311 = ( GEOMETRIC_REPRESENTATION_CONTEXT(2) 
PARAMETRIC_REPRESENTATION_CONTEXT() REPRESENTATION_CONTEXT('2D SPACE',''
  ) );
#8312 = PCURVE('',#4604,#8313);
#8313 = DEFINITIONAL_REPRESENTATION('',(#8314),#8318);
#8314 = LINE('',#8315,#8316);
#8315 = CARTESIAN_POINT('',(0.,0.));
#8316 = VECTOR('',#8317,1.);
#8317 = DIRECTION('',(0.,-1.));
#8318 = ( GEOMETRIC_REPRESENTATION_CONTEXT(2) 
PARAMETRIC_REPRESENTATION_CONTEXT() REPRESENTATION_CONTEXT('2D SPACE',''
  ) );
#8319 = ORIENTED_EDGE('',*,*,#4858,.T.);
#8320 = ADVANCED_FACE('',(#8321),#4604,.T.);
#8321 = FACE_BOUND('',#8322,.T.);
#8322 = EDGE_LOOP('',(#8323,#8346,#8367,#8368,#8369));
#8323 = ORIENTED_EDGE('',*,*,#8324,.F.);
#8324 = EDGE_CURVE('',#8325,#4562,#8327,.T.);
#8325 = VERTEX_POINT('',#8326);
#8326 = CARTESIAN_POINT('',(71.8,8.3,3.));
#8327 = SURFACE_CURVE('',#8328,(#8332,#8339),.PCURVE_S1.);
#8328 = LINE('',#8329,#8330);
#8329 = CARTESIAN_POINT('',(71.8,8.3,3.));
#8330 = VECTOR('',#8331,1.);
#8331 = DIRECTION('',(0.,1.,0.));
#8332 = PCURVE('',#4604,#8333);
#8333 = DEFINITIONAL_REPRESENTATION('',(#8334),#8338);
#8334 = LINE('',#8335,#8336);
#8335 = CARTESIAN_POINT('',(6.,0.));
#8336 = VECTOR('',#8337,1.);
#8337 = DIRECTION('',(0.,-1.));
#8338 = ( GEOMETRIC_REPRESENTATION_CONTEXT(2) 
PARAMETRIC_REPRESENTATION_CONTEXT() REPRESENTATION_CONTEXT('2D SPACE',''
  ) );
#8339 = PCURVE('',#4576,#8340);
#8340 = DEFINITIONAL_REPRESENTATION('',(#8341),#8345);
#8341 = LINE('',#8342,#8343);
#8342 = CARTESIAN_POINT('',(2.5,0.));
#8343 = VECTOR('',#8344,1.);
#8344 = DIRECTION('',(0.,1.));
#8345 = ( GEOMETRIC_REPRESENTATION_CONTEXT(2) 
PARAMETRIC_REPRESENTATION_CONTEXT() REPRESENTATION_CONTEXT('2D SPACE',''
  ) );
#8346 = ORIENTED_EDGE('',*,*,#8347,.F.);
#8347 = EDGE_CURVE('',#8277,#8325,#8348,.T.);
#8348 = SURFACE_CURVE('',#8349,(#8353,#8360),.PCURVE_S1.);
#8349 = LINE('',#8350,#8351);
#8350 = CARTESIAN_POINT('',(71.8,8.3,-3.));
#8351 = VECTOR('',#8352,1.);
#8352 = DIRECTION('',(0.,0.,1.));
#8353 = PCURVE('',#4604,#8354);
#8354 = DEFINITIONAL_REPRESENTATION('',(#8355),#8359);
#8355 = LINE('',#8356,#8357);
#8356 = CARTESIAN_POINT('',(0.,0.));
#8357 = VECTOR('',#8358,1.);
#8358 = DIRECTION('',(1.,0.));
#8359 = ( GEOMETRIC_REPRESENTATION_CONTEXT(2) 
PARAMETRIC_REPRESENTATION_CONTEXT() REPRESENTATION_CONTEXT('2D SPACE',''
  ) );
#8360 = PCURVE('',#8237,#8361);
#8361 = DEFINITIONAL_REPRESENTATION('',(#8362),#8366);
#8362 = LINE('',#8363,#8364);
#8363 = CARTESIAN_POINT('',(0.,2.5));
#8364 = VECTOR('',#8365,1.);
#8365 = DIRECTION('',(1.,0.));
#8366 = ( GEOMETRIC_REPRESENTATION_CONTEXT(2) 
PARAMETRIC_REPRESENTATION_CONTEXT() REPRESENTATION_CONTEXT('2D SPACE',''
  ) );
#8367 = ORIENTED_EDGE('',*,*,#8299,.T.);
#8368 = ORIENTED_EDGE('',*,*,#4830,.F.);
#8369 = ORIENTED_EDGE('',*,*,#4587,.F.);
#8370 = ADVANCED_FACE('',(#8371),#4660,.T.);
#8371 = FACE_BOUND('',#8372,.T.);
#8372 = EDGE_LOOP('',(#8373,#8374,#8375,#8376,#8377));
#8373 = ORIENTED_EDGE('',*,*,#5368,.F.);
#8374 = ORIENTED_EDGE('',*,*,#5344,.T.);
#8375 = ORIENTED_EDGE('',*,*,#5278,.T.);
#8376 = ORIENTED_EDGE('',*,*,#4643,.T.);
#8377 = ORIENTED_EDGE('',*,*,#4803,.T.);
#8378 = ADVANCED_FACE('',(#8379),#4742,.T.);
#8379 = FACE_BOUND('',#8380,.T.);
#8380 = EDGE_LOOP('',(#8381,#8382,#8383,#8384));
#8381 = ORIENTED_EDGE('',*,*,#5459,.F.);
#8382 = ORIENTED_EDGE('',*,*,#5413,.F.);
#8383 = ORIENTED_EDGE('',*,*,#4725,.T.);
#8384 = ORIENTED_EDGE('',*,*,#5483,.T.);
#8385 = ADVANCED_FACE('',(#8386),#4576,.T.);
#8386 = FACE_BOUND('',#8387,.T.);
#8387 = EDGE_LOOP('',(#8388,#8389,#8410,#8411));
#8388 = ORIENTED_EDGE('',*,*,#8198,.F.);
#8389 = ORIENTED_EDGE('',*,*,#8390,.T.);
#8390 = EDGE_CURVE('',#8199,#8325,#8391,.T.);
#8391 = SURFACE_CURVE('',#8392,(#8396,#8403),.PCURVE_S1.);
#8392 = LINE('',#8393,#8394);
#8393 = CARTESIAN_POINT('',(69.3,8.3,3.));
#8394 = VECTOR('',#8395,1.);
#8395 = DIRECTION('',(1.,0.,0.));
#8396 = PCURVE('',#4576,#8397);
#8397 = DEFINITIONAL_REPRESENTATION('',(#8398),#8402);
#8398 = LINE('',#8399,#8400);
#8399 = CARTESIAN_POINT('',(0.,0.));
#8400 = VECTOR('',#8401,1.);
#8401 = DIRECTION('',(1.,0.));
#8402 = ( GEOMETRIC_REPRESENTATION_CONTEXT(2) 
PARAMETRIC_REPRESENTATION_CONTEXT() REPRESENTATION_CONTEXT('2D SPACE',''
  ) );
#8403 = PCURVE('',#8237,#8404);
#8404 = DEFINITIONAL_REPRESENTATION('',(#8405),#8409);
#8405 = LINE('',#8406,#8407);
#8406 = CARTESIAN_POINT('',(6.,0.));
#8407 = VECTOR('',#8408,1.);
#8408 = DIRECTION('',(0.,1.));
#8409 = ( GEOMETRIC_REPRESENTATION_CONTEXT(2) 
PARAMETRIC_REPRESENTATION_CONTEXT() REPRESENTATION_CONTEXT('2D SPACE',''
  ) );
#8410 = ORIENTED_EDGE('',*,*,#8324,.T.);
#8411 = ORIENTED_EDGE('',*,*,#4561,.T.);
#8412 = ADVANCED_FACE('',(#8413),#4932,.F.);
#8413 = FACE_BOUND('',#8414,.F.);
#8414 = EDGE_LOOP('',(#8415,#8416,#8439,#8467));
#8415 = ORIENTED_EDGE('',*,*,#4913,.T.);
#8416 = ORIENTED_EDGE('',*,*,#8417,.T.);
#8417 = EDGE_CURVE('',#4916,#8418,#8420,.T.);
#8418 = VERTEX_POINT('',#8419);
#8419 = CARTESIAN_POINT('',(69.3,-8.3,-3.));
#8420 = SURFACE_CURVE('',#8421,(#8425,#8432),.PCURVE_S1.);
#8421 = LINE('',#8422,#8423);
#8422 = CARTESIAN_POINT('',(69.3,-9.5,-3.));
#8423 = VECTOR('',#8424,1.);
#8424 = DIRECTION('',(0.,1.,0.));
#8425 = PCURVE('',#4932,#8426);
#8426 = DEFINITIONAL_REPRESENTATION('',(#8427),#8431);
#8427 = LINE('',#8428,#8429);
#8428 = CARTESIAN_POINT('',(0.,0.));
#8429 = VECTOR('',#8430,1.);
#8430 = DIRECTION('',(0.,-1.));
#8431 = ( GEOMETRIC_REPRESENTATION_CONTEXT(2) 
PARAMETRIC_REPRESENTATION_CONTEXT() REPRESENTATION_CONTEXT('2D SPACE',''
  ) );
#8432 = PCURVE('',#4959,#8433);
#8433 = DEFINITIONAL_REPRESENTATION('',(#8434),#8438);
#8434 = LINE('',#8435,#8436);
#8435 = CARTESIAN_POINT('',(0.,0.));
#8436 = VECTOR('',#8437,1.);
#8437 = DIRECTION('',(0.,1.));
#8438 = ( GEOMETRIC_REPRESENTATION_CONTEXT(2) 
PARAMETRIC_REPRESENTATION_CONTEXT() REPRESENTATION_CONTEXT('2D SPACE',''
  ) );
#8439 = ORIENTED_EDGE('',*,*,#8440,.T.);
#8440 = EDGE_CURVE('',#8418,#8441,#8443,.T.);
#8441 = VERTEX_POINT('',#8442);
#8442 = CARTESIAN_POINT('',(69.3,-8.3,3.));
#8443 = SURFACE_CURVE('',#8444,(#8448,#8455),.PCURVE_S1.);
#8444 = LINE('',#8445,#8446);
#8445 = CARTESIAN_POINT('',(69.3,-8.3,-3.));
#8446 = VECTOR('',#8447,1.);
#8447 = DIRECTION('',(0.,0.,1.));
#8448 = PCURVE('',#4932,#8449);
#8449 = DEFINITIONAL_REPRESENTATION('',(#8450),#8454);
#8450 = LINE('',#8451,#8452);
#8451 = CARTESIAN_POINT('',(0.,-1.2));
#8452 = VECTOR('',#8453,1.);
#8453 = DIRECTION('',(1.,0.));
#8454 = ( GEOMETRIC_REPRESENTATION_CONTEXT(2) 
PARAMETRIC_REPRESENTATION_CONTEXT() REPRESENTATION_CONTEXT('2D SPACE',''
  ) );
#8455 = PCURVE('',#8456,#8461);
#8456 = PLANE('',#8457);
#8457 = AXIS2_PLACEMENT_3D('',#8458,#8459,#8460);
#8458 = CARTESIAN_POINT('',(69.3,-8.3,-3.));
#8459 = DIRECTION('',(0.,1.,0.));
#8460 = DIRECTION('',(0.,0.,1.));
#8461 = DEFINITIONAL_REPRESENTATION('',(#8462),#8466);
#8462 = LINE('',#8463,#8464);
#8463 = CARTESIAN_POINT('',(0.,0.));
#8464 = VECTOR('',#8465,1.);
#8465 = DIRECTION('',(1.,0.));
#8466 = ( GEOMETRIC_REPRESENTATION_CONTEXT(2) 
PARAMETRIC_REPRESENTATION_CONTEXT() REPRESENTATION_CONTEXT('2D SPACE',''
  ) );
#8467 = ORIENTED_EDGE('',*,*,#8468,.F.);
#8468 = EDGE_CURVE('',#4914,#8441,#8469,.T.);
#8469 = SURFACE_CURVE('',#8470,(#8474,#8481),.PCURVE_S1.);
#8470 = LINE('',#8471,#8472);
#8471 = CARTESIAN_POINT('',(69.3,-9.5,3.));
#8472 = VECTOR('',#8473,1.);
#8473 = DIRECTION('',(0.,1.,0.));
#8474 = PCURVE('',#4932,#8475);
#8475 = DEFINITIONAL_REPRESENTATION('',(#8476),#8480);
#8476 = LINE('',#8477,#8478);
#8477 = CARTESIAN_POINT('',(6.,0.));
#8478 = VECTOR('',#8479,1.);
#8479 = DIRECTION('',(0.,-1.));
#8480 = ( GEOMETRIC_REPRESENTATION_CONTEXT(2) 
PARAMETRIC_REPRESENTATION_CONTEXT() REPRESENTATION_CONTEXT('2D SPACE',''
  ) );
#8481 = PCURVE('',#5016,#8482);
#8482 = DEFINITIONAL_REPRESENTATION('',(#8483),#8487);
#8483 = LINE('',#8484,#8485);
#8484 = CARTESIAN_POINT('',(0.,0.));
#8485 = VECTOR('',#8486,1.);
#8486 = DIRECTION('',(0.,1.));
#8487 = ( GEOMETRIC_REPRESENTATION_CONTEXT(2) 
PARAMETRIC_REPRESENTATION_CONTEXT() REPRESENTATION_CONTEXT('2D SPACE',''
  ) );
#8488 = ADVANCED_FACE('',(#8489),#5016,.T.);
#8489 = FACE_BOUND('',#8490,.T.);
#8490 = EDGE_LOOP('',(#8491,#8492,#8493,#8516));
#8491 = ORIENTED_EDGE('',*,*,#8468,.F.);
#8492 = ORIENTED_EDGE('',*,*,#5003,.F.);
#8493 = ORIENTED_EDGE('',*,*,#8494,.T.);
#8494 = EDGE_CURVE('',#4971,#8495,#8497,.T.);
#8495 = VERTEX_POINT('',#8496);
#8496 = CARTESIAN_POINT('',(71.8,-8.3,3.));
#8497 = SURFACE_CURVE('',#8498,(#8502,#8509),.PCURVE_S1.);
#8498 = LINE('',#8499,#8500);
#8499 = CARTESIAN_POINT('',(71.8,-9.5,3.));
#8500 = VECTOR('',#8501,1.);
#8501 = DIRECTION('',(0.,1.,0.));
#8502 = PCURVE('',#5016,#8503);
#8503 = DEFINITIONAL_REPRESENTATION('',(#8504),#8508);
#8504 = LINE('',#8505,#8506);
#8505 = CARTESIAN_POINT('',(2.5,0.));
#8506 = VECTOR('',#8507,1.);
#8507 = DIRECTION('',(0.,1.));
#8508 = ( GEOMETRIC_REPRESENTATION_CONTEXT(2) 
PARAMETRIC_REPRESENTATION_CONTEXT() REPRESENTATION_CONTEXT('2D SPACE',''
  ) );
#8509 = PCURVE('',#4987,#8510);
#8510 = DEFINITIONAL_REPRESENTATION('',(#8511),#8515);
#8511 = LINE('',#8512,#8513);
#8512 = CARTESIAN_POINT('',(6.,0.));
#8513 = VECTOR('',#8514,1.);
#8514 = DIRECTION('',(0.,-1.));
#8515 = ( GEOMETRIC_REPRESENTATION_CONTEXT(2) 
PARAMETRIC_REPRESENTATION_CONTEXT() REPRESENTATION_CONTEXT('2D SPACE',''
  ) );
#8516 = ORIENTED_EDGE('',*,*,#8517,.F.);
#8517 = EDGE_CURVE('',#8441,#8495,#8518,.T.);
#8518 = SURFACE_CURVE('',#8519,(#8523,#8530),.PCURVE_S1.);
#8519 = LINE('',#8520,#8521);
#8520 = CARTESIAN_POINT('',(69.3,-8.3,3.));
#8521 = VECTOR('',#8522,1.);
#8522 = DIRECTION('',(1.,0.,0.));
#8523 = PCURVE('',#5016,#8524);
#8524 = DEFINITIONAL_REPRESENTATION('',(#8525),#8529);
#8525 = LINE('',#8526,#8527);
#8526 = CARTESIAN_POINT('',(0.,1.2));
#8527 = VECTOR('',#8528,1.);
#8528 = DIRECTION('',(1.,0.));
#8529 = ( GEOMETRIC_REPRESENTATION_CONTEXT(2) 
PARAMETRIC_REPRESENTATION_CONTEXT() REPRESENTATION_CONTEXT('2D SPACE',''
  ) );
#8530 = PCURVE('',#8456,#8531);
#8531 = DEFINITIONAL_REPRESENTATION('',(#8532),#8536);
#8532 = LINE('',#8533,#8534);
#8533 = CARTESIAN_POINT('',(6.,0.));
#8534 = VECTOR('',#8535,1.);
#8535 = DIRECTION('',(0.,1.));
#8536 = ( GEOMETRIC_REPRESENTATION_CONTEXT(2) 
PARAMETRIC_REPRESENTATION_CONTEXT() REPRESENTATION_CONTEXT('2D SPACE',''
  ) );
#8537 = ADVANCED_FACE('',(#8538),#4959,.F.);
#8538 = FACE_BOUND('',#8539,.F.);
#8539 = EDGE_LOOP('',(#8540,#8541,#8542,#8565));
#8540 = ORIENTED_EDGE('',*,*,#8417,.F.);
#8541 = ORIENTED_EDGE('',*,*,#4944,.F.);
#8542 = ORIENTED_EDGE('',*,*,#8543,.T.);
#8543 = EDGE_CURVE('',#4945,#8544,#8546,.T.);
#8544 = VERTEX_POINT('',#8545);
#8545 = CARTESIAN_POINT('',(71.8,-8.3,-3.));
#8546 = SURFACE_CURVE('',#8547,(#8551,#8558),.PCURVE_S1.);
#8547 = LINE('',#8548,#8549);
#8548 = CARTESIAN_POINT('',(71.8,-9.5,-3.));
#8549 = VECTOR('',#8550,1.);
#8550 = DIRECTION('',(0.,1.,0.));
#8551 = PCURVE('',#4959,#8552);
#8552 = DEFINITIONAL_REPRESENTATION('',(#8553),#8557);
#8553 = LINE('',#8554,#8555);
#8554 = CARTESIAN_POINT('',(2.5,0.));
#8555 = VECTOR('',#8556,1.);
#8556 = DIRECTION('',(0.,1.));
#8557 = ( GEOMETRIC_REPRESENTATION_CONTEXT(2) 
PARAMETRIC_REPRESENTATION_CONTEXT() REPRESENTATION_CONTEXT('2D SPACE',''
  ) );
#8558 = PCURVE('',#4987,#8559);
#8559 = DEFINITIONAL_REPRESENTATION('',(#8560),#8564);
#8560 = LINE('',#8561,#8562);
#8561 = CARTESIAN_POINT('',(0.,0.));
#8562 = VECTOR('',#8563,1.);
#8563 = DIRECTION('',(0.,-1.));
#8564 = ( GEOMETRIC_REPRESENTATION_CONTEXT(2) 
PARAMETRIC_REPRESENTATION_CONTEXT() REPRESENTATION_CONTEXT('2D SPACE',''
  ) );
#8565 = ORIENTED_EDGE('',*,*,#8566,.F.);
#8566 = EDGE_CURVE('',#8418,#8544,#8567,.T.);
#8567 = SURFACE_CURVE('',#8568,(#8572,#8579),.PCURVE_S1.);
#8568 = LINE('',#8569,#8570);
#8569 = CARTESIAN_POINT('',(69.3,-8.3,-3.));
#8570 = VECTOR('',#8571,1.);
#8571 = DIRECTION('',(1.,0.,0.));
#8572 = PCURVE('',#4959,#8573);
#8573 = DEFINITIONAL_REPRESENTATION('',(#8574),#8578);
#8574 = LINE('',#8575,#8576);
#8575 = CARTESIAN_POINT('',(0.,1.2));
#8576 = VECTOR('',#8577,1.);
#8577 = DIRECTION('',(1.,0.));
#8578 = ( GEOMETRIC_REPRESENTATION_CONTEXT(2) 
PARAMETRIC_REPRESENTATION_CONTEXT() REPRESENTATION_CONTEXT('2D SPACE',''
  ) );
#8579 = PCURVE('',#8456,#8580);
#8580 = DEFINITIONAL_REPRESENTATION('',(#8581),#8585);
#8581 = LINE('',#8582,#8583);
#8582 = CARTESIAN_POINT('',(0.,0.));
#8583 = VECTOR('',#8584,1.);
#8584 = DIRECTION('',(0.,1.));
#8585 = ( GEOMETRIC_REPRESENTATION_CONTEXT(2) 
PARAMETRIC_REPRESENTATION_CONTEXT() REPRESENTATION_CONTEXT('2D SPACE',''
  ) );
#8586 = ADVANCED_FACE('',(#8587),#4987,.T.);
#8587 = FACE_BOUND('',#8588,.T.);
#8588 = EDGE_LOOP('',(#8589,#8590,#8591,#8592));
#8589 = ORIENTED_EDGE('',*,*,#8494,.F.);
#8590 = ORIENTED_EDGE('',*,*,#4970,.F.);
#8591 = ORIENTED_EDGE('',*,*,#8543,.T.);
#8592 = ORIENTED_EDGE('',*,*,#8593,.T.);
#8593 = EDGE_CURVE('',#8544,#8495,#8594,.T.);
#8594 = SURFACE_CURVE('',#8595,(#8599,#8606),.PCURVE_S1.);
#8595 = LINE('',#8596,#8597);
#8596 = CARTESIAN_POINT('',(71.8,-8.3,-3.));
#8597 = VECTOR('',#8598,1.);
#8598 = DIRECTION('',(0.,0.,1.));
#8599 = PCURVE('',#4987,#8600);
#8600 = DEFINITIONAL_REPRESENTATION('',(#8601),#8605);
#8601 = LINE('',#8602,#8603);
#8602 = CARTESIAN_POINT('',(0.,-1.2));
#8603 = VECTOR('',#8604,1.);
#8604 = DIRECTION('',(1.,0.));
#8605 = ( GEOMETRIC_REPRESENTATION_CONTEXT(2) 
PARAMETRIC_REPRESENTATION_CONTEXT() REPRESENTATION_CONTEXT('2D SPACE',''
  ) );
#8606 = PCURVE('',#8456,#8607);
#8607 = DEFINITIONAL_REPRESENTATION('',(#8608),#8612);
#8608 = LINE('',#8609,#8610);
#8609 = CARTESIAN_POINT('',(0.,2.5));
#8610 = VECTOR('',#8611,1.);
#8611 = DIRECTION('',(1.,0.));
#8612 = ( GEOMETRIC_REPRESENTATION_CONTEXT(2) 
PARAMETRIC_REPRESENTATION_CONTEXT() REPRESENTATION_CONTEXT('2D SPACE',''
  ) );
#8613 = ADVANCED_FACE('',(#8614),#5054,.F.);
#8614 = FACE_BOUND('',#8615,.F.);
#8615 = EDGE_LOOP('',(#8616,#8639,#8640));
#8616 = ORIENTED_EDGE('',*,*,#8617,.F.);
#8617 = EDGE_CURVE('',#5038,#8618,#8620,.T.);
#8618 = VERTEX_POINT('',#8619);
#8619 = CARTESIAN_POINT('',(7.,-5.,-8.));
#8620 = SURFACE_CURVE('',#8621,(#8625,#8632),.PCURVE_S1.);
#8621 = LINE('',#8622,#8623);
#8622 = CARTESIAN_POINT('',(7.,-21.5,-8.));
#8623 = VECTOR('',#8624,1.);
#8624 = DIRECTION('',(0.,1.,0.));
#8625 = PCURVE('',#5054,#8626);
#8626 = DEFINITIONAL_REPRESENTATION('',(#8627),#8631);
#8627 = LINE('',#8628,#8629);
#8628 = CARTESIAN_POINT('',(3.,0.));
#8629 = VECTOR('',#8630,1.);
#8630 = DIRECTION('',(0.,-1.));
#8631 = ( GEOMETRIC_REPRESENTATION_CONTEXT(2) 
PARAMETRIC_REPRESENTATION_CONTEXT() REPRESENTATION_CONTEXT('2D SPACE',''
  ) );
#8632 = PCURVE('',#5142,#8633);
#8633 = DEFINITIONAL_REPRESENTATION('',(#8634),#8638);
#8634 = LINE('',#8635,#8636);
#8635 = CARTESIAN_POINT('',(0.,0.));
#8636 = VECTOR('',#8637,1.);
#8637 = DIRECTION('',(0.,1.));
#8638 = ( GEOMETRIC_REPRESENTATION_CONTEXT(2) 
PARAMETRIC_REPRESENTATION_CONTEXT() REPRESENTATION_CONTEXT('2D SPACE',''
  ) );
#8639 = ORIENTED_EDGE('',*,*,#5035,.F.);
#8640 = ORIENTED_EDGE('',*,*,#8641,.T.);
#8641 = EDGE_CURVE('',#5036,#8618,#8642,.T.);
#8642 = SURFACE_CURVE('',#8643,(#8647,#8654),.PCURVE_S1.);
#8643 = LINE('',#8644,#8645);
#8644 = CARTESIAN_POINT('',(7.,-5.,-11.));
#8645 = VECTOR('',#8646,1.);
#8646 = DIRECTION('',(0.,0.,1.));
#8647 = PCURVE('',#5054,#8648);
#8648 = DEFINITIONAL_REPRESENTATION('',(#8649),#8653);
#8649 = LINE('',#8650,#8651);
#8650 = CARTESIAN_POINT('',(0.,-16.5));
#8651 = VECTOR('',#8652,1.);
#8652 = DIRECTION('',(1.,0.));
#8653 = ( GEOMETRIC_REPRESENTATION_CONTEXT(2) 
PARAMETRIC_REPRESENTATION_CONTEXT() REPRESENTATION_CONTEXT('2D SPACE',''
  ) );
#8654 = PCURVE('',#5085,#8655);
#8655 = DEFINITIONAL_REPRESENTATION('',(#8656),#8660);
#8656 = LINE('',#8657,#8658);
#8657 = CARTESIAN_POINT('',(0.,0.));
#8658 = VECTOR('',#8659,1.);
#8659 = DIRECTION('',(1.,0.));
#8660 = ( GEOMETRIC_REPRESENTATION_CONTEXT(2) 
PARAMETRIC_REPRESENTATION_CONTEXT() REPRESENTATION_CONTEXT('2D SPACE',''
  ) );
#8661 = ADVANCED_FACE('',(#8662),#5085,.T.);
#8662 = FACE_BOUND('',#8663,.T.);
#8663 = EDGE_LOOP('',(#8664,#8687,#8688,#8689));
#8664 = ORIENTED_EDGE('',*,*,#8665,.F.);
#8665 = EDGE_CURVE('',#5071,#8666,#8668,.T.);
#8666 = VERTEX_POINT('',#8667);
#8667 = CARTESIAN_POINT('',(67.,-5.,-8.));
#8668 = SURFACE_CURVE('',#8669,(#8673,#8680),.PCURVE_S1.);
#8669 = LINE('',#8670,#8671);
#8670 = CARTESIAN_POINT('',(67.,-5.,-11.));
#8671 = VECTOR('',#8672,1.);
#8672 = DIRECTION('',(0.,0.,1.));
#8673 = PCURVE('',#5085,#8674);
#8674 = DEFINITIONAL_REPRESENTATION('',(#8675),#8679);
#8675 = LINE('',#8676,#8677);
#8676 = CARTESIAN_POINT('',(0.,60.));
#8677 = VECTOR('',#8678,1.);
#8678 = DIRECTION('',(1.,0.));
#8679 = ( GEOMETRIC_REPRESENTATION_CONTEXT(2) 
PARAMETRIC_REPRESENTATION_CONTEXT() REPRESENTATION_CONTEXT('2D SPACE',''
  ) );
#8680 = PCURVE('',#5113,#8681);
#8681 = DEFINITIONAL_REPRESENTATION('',(#8682),#8686);
#8682 = LINE('',#8683,#8684);
#8683 = CARTESIAN_POINT('',(0.,-16.5));
#8684 = VECTOR('',#8685,1.);
#8685 = DIRECTION('',(1.,0.));
#8686 = ( GEOMETRIC_REPRESENTATION_CONTEXT(2) 
PARAMETRIC_REPRESENTATION_CONTEXT() REPRESENTATION_CONTEXT('2D SPACE',''
  ) );
#8687 = ORIENTED_EDGE('',*,*,#5070,.T.);
#8688 = ORIENTED_EDGE('',*,*,#8641,.T.);
#8689 = ORIENTED_EDGE('',*,*,#8690,.T.);
#8690 = EDGE_CURVE('',#8618,#8666,#8691,.T.);
#8691 = SURFACE_CURVE('',#8692,(#8696,#8703),.PCURVE_S1.);
#8692 = LINE('',#8693,#8694);
#8693 = CARTESIAN_POINT('',(7.,-5.,-8.));
#8694 = VECTOR('',#8695,1.);
#8695 = DIRECTION('',(1.,0.,0.));
#8696 = PCURVE('',#5085,#8697);
#8697 = DEFINITIONAL_REPRESENTATION('',(#8698),#8702);
#8698 = LINE('',#8699,#8700);
#8699 = CARTESIAN_POINT('',(3.,0.));
#8700 = VECTOR('',#8701,1.);
#8701 = DIRECTION('',(0.,1.));
#8702 = ( GEOMETRIC_REPRESENTATION_CONTEXT(2) 
PARAMETRIC_REPRESENTATION_CONTEXT() REPRESENTATION_CONTEXT('2D SPACE',''
  ) );
#8703 = PCURVE('',#5142,#8704);
#8704 = DEFINITIONAL_REPRESENTATION('',(#8705),#8709);
#8705 = LINE('',#8706,#8707);
#8706 = CARTESIAN_POINT('',(0.,16.5));
#8707 = VECTOR('',#8708,1.);
#8708 = DIRECTION('',(1.,0.));
#8709 = ( GEOMETRIC_REPRESENTATION_CONTEXT(2) 
PARAMETRIC_REPRESENTATION_CONTEXT() REPRESENTATION_CONTEXT('2D SPACE',''
  ) );
#8710 = ADVANCED_FACE('',(#8711),#5142,.T.);
#8711 = FACE_BOUND('',#8712,.T.);
#8712 = EDGE_LOOP('',(#8713,#8714,#8715,#8736));
#8713 = ORIENTED_EDGE('',*,*,#8617,.F.);
#8714 = ORIENTED_EDGE('',*,*,#5129,.F.);
#8715 = ORIENTED_EDGE('',*,*,#8716,.T.);
#8716 = EDGE_CURVE('',#5097,#8666,#8717,.T.);
#8717 = SURFACE_CURVE('',#8718,(#8722,#8729),.PCURVE_S1.);
#8718 = LINE('',#8719,#8720);
#8719 = CARTESIAN_POINT('',(67.,-21.5,-8.));
#8720 = VECTOR('',#8721,1.);
#8721 = DIRECTION('',(0.,1.,0.));
#8722 = PCURVE('',#5142,#8723);
#8723 = DEFINITIONAL_REPRESENTATION('',(#8724),#8728);
#8724 = LINE('',#8725,#8726);
#8725 = CARTESIAN_POINT('',(60.,0.));
#8726 = VECTOR('',#8727,1.);
#8727 = DIRECTION('',(0.,1.));
#8728 = ( GEOMETRIC_REPRESENTATION_CONTEXT(2) 
PARAMETRIC_REPRESENTATION_CONTEXT() REPRESENTATION_CONTEXT('2D SPACE',''
  ) );
#8729 = PCURVE('',#5113,#8730);
#8730 = DEFINITIONAL_REPRESENTATION('',(#8731),#8735);
#8731 = LINE('',#8732,#8733);
#8732 = CARTESIAN_POINT('',(3.,0.));
#8733 = VECTOR('',#8734,1.);
#8734 = DIRECTION('',(0.,-1.));
#8735 = ( GEOMETRIC_REPRESENTATION_CONTEXT(2) 
PARAMETRIC_REPRESENTATION_CONTEXT() REPRESENTATION_CONTEXT('2D SPACE',''
  ) );
#8736 = ORIENTED_EDGE('',*,*,#8690,.F.);
#8737 = ADVANCED_FACE('',(#8738),#5113,.T.);
#8738 = FACE_BOUND('',#8739,.T.);
#8739 = EDGE_LOOP('',(#8740,#8741,#8742));
#8740 = ORIENTED_EDGE('',*,*,#8716,.F.);
#8741 = ORIENTED_EDGE('',*,*,#5096,.F.);
#8742 = ORIENTED_EDGE('',*,*,#8665,.T.);
#8743 = ADVANCED_FACE('',(#8744),#5174,.F.);
#8744 = FACE_BOUND('',#8745,.F.);
#8745 = EDGE_LOOP('',(#8746,#8769,#8770));
#8746 = ORIENTED_EDGE('',*,*,#8747,.F.);
#8747 = EDGE_CURVE('',#5158,#8748,#8750,.T.);
#8748 = VERTEX_POINT('',#8749);
#8749 = CARTESIAN_POINT('',(7.,5.,-8.));
#8750 = SURFACE_CURVE('',#8751,(#8755,#8762),.PCURVE_S1.);
#8751 = LINE('',#8752,#8753);
#8752 = CARTESIAN_POINT('',(7.,5.,-11.));
#8753 = VECTOR('',#8754,1.);
#8754 = DIRECTION('',(0.,0.,1.));
#8755 = PCURVE('',#5174,#8756);
#8756 = DEFINITIONAL_REPRESENTATION('',(#8757),#8761);
#8757 = LINE('',#8758,#8759);
#8758 = CARTESIAN_POINT('',(0.,0.));
#8759 = VECTOR('',#8760,1.);
#8760 = DIRECTION('',(1.,0.));
#8761 = ( GEOMETRIC_REPRESENTATION_CONTEXT(2) 
PARAMETRIC_REPRESENTATION_CONTEXT() REPRESENTATION_CONTEXT('2D SPACE',''
  ) );
#8762 = PCURVE('',#5262,#8763);
#8763 = DEFINITIONAL_REPRESENTATION('',(#8764),#8768);
#8764 = LINE('',#8765,#8766);
#8765 = CARTESIAN_POINT('',(0.,0.));
#8766 = VECTOR('',#8767,1.);
#8767 = DIRECTION('',(1.,0.));
#8768 = ( GEOMETRIC_REPRESENTATION_CONTEXT(2) 
PARAMETRIC_REPRESENTATION_CONTEXT() REPRESENTATION_CONTEXT('2D SPACE',''
  ) );
#8769 = ORIENTED_EDGE('',*,*,#5155,.F.);
#8770 = ORIENTED_EDGE('',*,*,#8771,.F.);
#8771 = EDGE_CURVE('',#8748,#5156,#8772,.T.);
#8772 = SURFACE_CURVE('',#8773,(#8777,#8784),.PCURVE_S1.);
#8773 = LINE('',#8774,#8775);
#8774 = CARTESIAN_POINT('',(7.,5.,-8.));
#8775 = VECTOR('',#8776,1.);
#8776 = DIRECTION('',(0.,1.,0.));
#8777 = PCURVE('',#5174,#8778);
#8778 = DEFINITIONAL_REPRESENTATION('',(#8779),#8783);
#8779 = LINE('',#8780,#8781);
#8780 = CARTESIAN_POINT('',(3.,0.));
#8781 = VECTOR('',#8782,1.);
#8782 = DIRECTION('',(0.,-1.));
#8783 = ( GEOMETRIC_REPRESENTATION_CONTEXT(2) 
PARAMETRIC_REPRESENTATION_CONTEXT() REPRESENTATION_CONTEXT('2D SPACE',''
  ) );
#8784 = PCURVE('',#5205,#8785);
#8785 = DEFINITIONAL_REPRESENTATION('',(#8786),#8790);
#8786 = LINE('',#8787,#8788);
#8787 = CARTESIAN_POINT('',(0.,0.));
#8788 = VECTOR('',#8789,1.);
#8789 = DIRECTION('',(0.,1.));
#8790 = ( GEOMETRIC_REPRESENTATION_CONTEXT(2) 
PARAMETRIC_REPRESENTATION_CONTEXT() REPRESENTATION_CONTEXT('2D SPACE',''
  ) );
#8791 = ADVANCED_FACE('',(#8792),#5262,.F.);
#8792 = FACE_BOUND('',#8793,.F.);
#8793 = EDGE_LOOP('',(#8794,#8817,#8818,#8819));
#8794 = ORIENTED_EDGE('',*,*,#8795,.F.);
#8795 = EDGE_CURVE('',#5217,#8796,#8798,.T.);
#8796 = VERTEX_POINT('',#8797);
#8797 = CARTESIAN_POINT('',(67.,5.,-8.));
#8798 = SURFACE_CURVE('',#8799,(#8803,#8810),.PCURVE_S1.);
#8799 = LINE('',#8800,#8801);
#8800 = CARTESIAN_POINT('',(67.,5.,-11.));
#8801 = VECTOR('',#8802,1.);
#8802 = DIRECTION('',(0.,0.,1.));
#8803 = PCURVE('',#5262,#8804);
#8804 = DEFINITIONAL_REPRESENTATION('',(#8805),#8809);
#8805 = LINE('',#8806,#8807);
#8806 = CARTESIAN_POINT('',(0.,60.));
#8807 = VECTOR('',#8808,1.);
#8808 = DIRECTION('',(1.,0.));
#8809 = ( GEOMETRIC_REPRESENTATION_CONTEXT(2) 
PARAMETRIC_REPRESENTATION_CONTEXT() REPRESENTATION_CONTEXT('2D SPACE',''
  ) );
#8810 = PCURVE('',#5233,#8811);
#8811 = DEFINITIONAL_REPRESENTATION('',(#8812),#8816);
#8812 = LINE('',#8813,#8814);
#8813 = CARTESIAN_POINT('',(0.,0.));
#8814 = VECTOR('',#8815,1.);
#8815 = DIRECTION('',(1.,0.));
#8816 = ( GEOMETRIC_REPRESENTATION_CONTEXT(2) 
PARAMETRIC_REPRESENTATION_CONTEXT() REPRESENTATION_CONTEXT('2D SPACE',''
  ) );
#8817 = ORIENTED_EDGE('',*,*,#5249,.T.);
#8818 = ORIENTED_EDGE('',*,*,#8747,.T.);
#8819 = ORIENTED_EDGE('',*,*,#8820,.T.);
#8820 = EDGE_CURVE('',#8748,#8796,#8821,.T.);
#8821 = SURFACE_CURVE('',#8822,(#8826,#8833),.PCURVE_S1.);
#8822 = LINE('',#8823,#8824);
#8823 = CARTESIAN_POINT('',(7.,5.,-8.));
#8824 = VECTOR('',#8825,1.);
#8825 = DIRECTION('',(1.,0.,0.));
#8826 = PCURVE('',#5262,#8827);
#8827 = DEFINITIONAL_REPRESENTATION('',(#8828),#8832);
#8828 = LINE('',#8829,#8830);
#8829 = CARTESIAN_POINT('',(3.,0.));
#8830 = VECTOR('',#8831,1.);
#8831 = DIRECTION('',(0.,1.));
#8832 = ( GEOMETRIC_REPRESENTATION_CONTEXT(2) 
PARAMETRIC_REPRESENTATION_CONTEXT() REPRESENTATION_CONTEXT('2D SPACE',''
  ) );
#8833 = PCURVE('',#5205,#8834);
#8834 = DEFINITIONAL_REPRESENTATION('',(#8835),#8839);
#8835 = LINE('',#8836,#8837);
#8836 = CARTESIAN_POINT('',(0.,0.));
#8837 = VECTOR('',#8838,1.);
#8838 = DIRECTION('',(1.,0.));
#8839 = ( GEOMETRIC_REPRESENTATION_CONTEXT(2) 
PARAMETRIC_REPRESENTATION_CONTEXT() REPRESENTATION_CONTEXT('2D SPACE',''
  ) );
#8840 = ADVANCED_FACE('',(#8841),#5233,.T.);
#8841 = FACE_BOUND('',#8842,.T.);
#8842 = EDGE_LOOP('',(#8843,#8844,#8845));
#8843 = ORIENTED_EDGE('',*,*,#8795,.F.);
#8844 = ORIENTED_EDGE('',*,*,#5216,.F.);
#8845 = ORIENTED_EDGE('',*,*,#8846,.F.);
#8846 = EDGE_CURVE('',#8796,#5191,#8847,.T.);
#8847 = SURFACE_CURVE('',#8848,(#8852,#8859),.PCURVE_S1.);
#8848 = LINE('',#8849,#8850);
#8849 = CARTESIAN_POINT('',(67.,5.,-8.));
#8850 = VECTOR('',#8851,1.);
#8851 = DIRECTION('',(0.,1.,0.));
#8852 = PCURVE('',#5233,#8853);
#8853 = DEFINITIONAL_REPRESENTATION('',(#8854),#8858);
#8854 = LINE('',#8855,#8856);
#8855 = CARTESIAN_POINT('',(3.,0.));
#8856 = VECTOR('',#8857,1.);
#8857 = DIRECTION('',(0.,-1.));
#8858 = ( GEOMETRIC_REPRESENTATION_CONTEXT(2) 
PARAMETRIC_REPRESENTATION_CONTEXT() REPRESENTATION_CONTEXT('2D SPACE',''
  ) );
#8859 = PCURVE('',#5205,#8860);
#8860 = DEFINITIONAL_REPRESENTATION('',(#8861),#8865);
#8861 = LINE('',#8862,#8863);
#8862 = CARTESIAN_POINT('',(60.,0.));
#8863 = VECTOR('',#8864,1.);
#8864 = DIRECTION('',(0.,1.));
#8865 = ( GEOMETRIC_REPRESENTATION_CONTEXT(2) 
PARAMETRIC_REPRESENTATION_CONTEXT() REPRESENTATION_CONTEXT('2D SPACE',''
  ) );
#8866 = ADVANCED_FACE('',(#8867),#5205,.T.);
#8867 = FACE_BOUND('',#8868,.T.);
#8868 = EDGE_LOOP('',(#8869,#8870,#8871,#8872));
#8869 = ORIENTED_EDGE('',*,*,#8771,.F.);
#8870 = ORIENTED_EDGE('',*,*,#8820,.T.);
#8871 = ORIENTED_EDGE('',*,*,#8846,.T.);
#8872 = ORIENTED_EDGE('',*,*,#5190,.T.);
#8873 = ADVANCED_FACE('',(#8874,#8884),#5545,.T.);
#8874 = FACE_BOUND('',#8875,.F.);
#8875 = EDGE_LOOP('',(#8876,#8877,#8878,#8879,#8880,#8881,#8882,#8883));
#8876 = ORIENTED_EDGE('',*,*,#5877,.T.);
#8877 = ORIENTED_EDGE('',*,*,#5850,.T.);
#8878 = ORIENTED_EDGE('',*,*,#5801,.T.);
#8879 = ORIENTED_EDGE('',*,*,#5752,.T.);
#8880 = ORIENTED_EDGE('',*,*,#5703,.T.);
#8881 = ORIENTED_EDGE('',*,*,#5654,.T.);
#8882 = ORIENTED_EDGE('',*,*,#5605,.T.);
#8883 = ORIENTED_EDGE('',*,*,#5529,.T.);
#8884 = FACE_BOUND('',#8885,.F.);
#8885 = EDGE_LOOP('',(#8886,#8916,#8944));
#8886 = ORIENTED_EDGE('',*,*,#8887,.T.);
#8887 = EDGE_CURVE('',#8888,#8890,#8892,.T.);
#8888 = VERTEX_POINT('',#8889);
#8889 = CARTESIAN_POINT('',(20.568212890625,10.6,-0.235595703125));
#8890 = VERTEX_POINT('',#8891);
#8891 = CARTESIAN_POINT('',(19.591650390625,10.6,-0.235595703125));
#8892 = SURFACE_CURVE('',#8893,(#8897,#8904),.PCURVE_S1.);
#8893 = LINE('',#8894,#8895);
#8894 = CARTESIAN_POINT('',(20.568212890625,10.6,-0.235595703125));
#8895 = VECTOR('',#8896,1.);
#8896 = DIRECTION('',(-1.,0.,0.));
#8897 = PCURVE('',#5545,#8898);
#8898 = DEFINITIONAL_REPRESENTATION('',(#8899),#8903);
#8899 = LINE('',#8900,#8901);
#8900 = CARTESIAN_POINT('',(1.2841796875,1.416015625));
#8901 = VECTOR('',#8902,1.);
#8902 = DIRECTION('',(1.,0.));
#8903 = ( GEOMETRIC_REPRESENTATION_CONTEXT(2) 
PARAMETRIC_REPRESENTATION_CONTEXT() REPRESENTATION_CONTEXT('2D SPACE',''
  ) );
#8904 = PCURVE('',#8905,#8910);
#8905 = PLANE('',#8906);
#8906 = AXIS2_PLACEMENT_3D('',#8907,#8908,#8909);
#8907 = CARTESIAN_POINT('',(20.568212890625,11.,-0.235595703125));
#8908 = DIRECTION('',(0.,0.,-1.));
#8909 = DIRECTION('',(-1.,0.,0.));
#8910 = DEFINITIONAL_REPRESENTATION('',(#8911),#8915);
#8911 = LINE('',#8912,#8913);
#8912 = CARTESIAN_POINT('',(0.,-0.4));
#8913 = VECTOR('',#8914,1.);
#8914 = DIRECTION('',(1.,0.));
#8915 = ( GEOMETRIC_REPRESENTATION_CONTEXT(2) 
PARAMETRIC_REPRESENTATION_CONTEXT() REPRESENTATION_CONTEXT('2D SPACE',''
  ) );
#8916 = ORIENTED_EDGE('',*,*,#8917,.T.);
#8917 = EDGE_CURVE('',#8890,#8918,#8920,.T.);
#8918 = VERTEX_POINT('',#8919);
#8919 = CARTESIAN_POINT('',(20.084814453125,10.6,1.092529296875));
#8920 = SURFACE_CURVE('',#8921,(#8925,#8932),.PCURVE_S1.);
#8921 = LINE('',#8922,#8923);
#8922 = CARTESIAN_POINT('',(19.591650390625,10.6,-0.235595703125));
#8923 = VECTOR('',#8924,1.);
#8924 = DIRECTION('',(0.348099993894,0.,0.9374574093));
#8925 = PCURVE('',#5545,#8926);
#8926 = DEFINITIONAL_REPRESENTATION('',(#8927),#8931);
#8927 = LINE('',#8928,#8929);
#8928 = CARTESIAN_POINT('',(2.2607421875,1.416015625));
#8929 = VECTOR('',#8930,1.);
#8930 = DIRECTION('',(-0.348099993894,0.9374574093));
#8931 = ( GEOMETRIC_REPRESENTATION_CONTEXT(2) 
PARAMETRIC_REPRESENTATION_CONTEXT() REPRESENTATION_CONTEXT('2D SPACE',''
  ) );
#8932 = PCURVE('',#8933,#8938);
#8933 = PLANE('',#8934);
#8934 = AXIS2_PLACEMENT_3D('',#8935,#8936,#8937);
#8935 = CARTESIAN_POINT('',(19.591650390625,11.,-0.235595703125));
#8936 = DIRECTION('',(-0.9374574093,0.,0.348099993894));
#8937 = DIRECTION('',(0.348099993894,0.,0.9374574093));
#8938 = DEFINITIONAL_REPRESENTATION('',(#8939),#8943);
#8939 = LINE('',#8940,#8941);
#8940 = CARTESIAN_POINT('',(0.,-0.4));
#8941 = VECTOR('',#8942,1.);
#8942 = DIRECTION('',(1.,0.));
#8943 = ( GEOMETRIC_REPRESENTATION_CONTEXT(2) 
PARAMETRIC_REPRESENTATION_CONTEXT() REPRESENTATION_CONTEXT('2D SPACE',''
  ) );
#8944 = ORIENTED_EDGE('',*,*,#8945,.T.);
#8945 = EDGE_CURVE('',#8918,#8888,#8946,.T.);
#8946 = SURFACE_CURVE('',#8947,(#8951,#8958),.PCURVE_S1.);
#8947 = LINE('',#8948,#8949);
#8948 = CARTESIAN_POINT('',(20.084814453125,10.6,1.092529296875));
#8949 = VECTOR('',#8950,1.);
#8950 = DIRECTION('',(0.342020437038,0.,-0.939692513883));
#8951 = PCURVE('',#5545,#8952);
#8952 = DEFINITIONAL_REPRESENTATION('',(#8953),#8957);
#8953 = LINE('',#8954,#8955);
#8954 = CARTESIAN_POINT('',(1.767578125,2.744140625));
#8955 = VECTOR('',#8956,1.);
#8956 = DIRECTION('',(-0.342020437038,-0.939692513883));
#8957 = ( GEOMETRIC_REPRESENTATION_CONTEXT(2) 
PARAMETRIC_REPRESENTATION_CONTEXT() REPRESENTATION_CONTEXT('2D SPACE',''
  ) );
#8958 = PCURVE('',#8959,#8964);
#8959 = PLANE('',#8960);
#8960 = AXIS2_PLACEMENT_3D('',#8961,#8962,#8963);
#8961 = CARTESIAN_POINT('',(20.084814453125,11.,1.092529296875));
#8962 = DIRECTION('',(0.939692513883,0.,0.342020437038));
#8963 = DIRECTION('',(0.342020437038,0.,-0.939692513883));
#8964 = DEFINITIONAL_REPRESENTATION('',(#8965),#8969);
#8965 = LINE('',#8966,#8967);
#8966 = CARTESIAN_POINT('',(-0.,-0.4));
#8967 = VECTOR('',#8968,1.);
#8968 = DIRECTION('',(1.,0.));
#8969 = ( GEOMETRIC_REPRESENTATION_CONTEXT(2) 
PARAMETRIC_REPRESENTATION_CONTEXT() REPRESENTATION_CONTEXT('2D SPACE',''
  ) );
#8970 = ADVANCED_FACE('',(#8971,#8981),#5942,.T.);
#8971 = FACE_BOUND('',#8972,.F.);
#8972 = EDGE_LOOP('',(#8973,#8974,#8975,#8976,#8977,#8978,#8979,#8980));
#8973 = ORIENTED_EDGE('',*,*,#6274,.T.);
#8974 = ORIENTED_EDGE('',*,*,#6247,.T.);
#8975 = ORIENTED_EDGE('',*,*,#6198,.T.);
#8976 = ORIENTED_EDGE('',*,*,#6149,.T.);
#8977 = ORIENTED_EDGE('',*,*,#6100,.T.);
#8978 = ORIENTED_EDGE('',*,*,#6051,.T.);
#8979 = ORIENTED_EDGE('',*,*,#6002,.T.);
#8980 = ORIENTED_EDGE('',*,*,#5926,.T.);
#8981 = FACE_BOUND('',#8982,.F.);
#8982 = EDGE_LOOP('',(#8983,#9015,#9045,#9075,#9105,#9135,#9165,#9195,
    #9225,#9255,#9285,#9315));
#8983 = ORIENTED_EDGE('',*,*,#8984,.T.);
#8984 = EDGE_CURVE('',#8985,#8987,#8989,.T.);
#8985 = VERTEX_POINT('',#8986);
#8986 = CARTESIAN_POINT('',(24.464697265625,10.6,1.373291015625));
#8987 = VERTEX_POINT('',#8988);
#8988 = CARTESIAN_POINT('',(24.686865234375,10.6,1.2939453125));
#8989 = SURFACE_CURVE('',#8990,(#8994,#9001),.PCURVE_S1.);
#8990 = B_SPLINE_CURVE_WITH_KNOTS('',2,(#8991,#8992,#8993),
  .UNSPECIFIED.,.F.,.F.,(3,3),(0.,1.),.PIECEWISE_BEZIER_KNOTS.);
#8991 = CARTESIAN_POINT('',(24.464697265625,10.6,1.373291015625));
#8992 = CARTESIAN_POINT('',(24.589208984375,10.6,1.373291015625));
#8993 = CARTESIAN_POINT('',(24.686865234375,10.6,1.2939453125));
#8994 = PCURVE('',#5942,#8995);
#8995 = DEFINITIONAL_REPRESENTATION('',(#8996),#9000);
#8996 = B_SPLINE_CURVE_WITH_KNOTS('',2,(#8997,#8998,#8999),
  .UNSPECIFIED.,.F.,.F.,(3,3),(0.,1.),.PIECEWISE_BEZIER_KNOTS.);
#8997 = CARTESIAN_POINT('',(1.3720703125,3.02490234375));
#8998 = CARTESIAN_POINT('',(1.24755859375,3.02490234375));
#8999 = CARTESIAN_POINT('',(1.14990234375,2.945556640625));
#9000 = ( GEOMETRIC_REPRESENTATION_CONTEXT(2) 
PARAMETRIC_REPRESENTATION_CONTEXT() REPRESENTATION_CONTEXT('2D SPACE',''
  ) );
#9001 = PCURVE('',#9002,#9009);
#9002 = SURFACE_OF_LINEAR_EXTRUSION('',#9003,#9007);
#9003 = B_SPLINE_CURVE_WITH_KNOTS('',2,(#9004,#9005,#9006),
  .UNSPECIFIED.,.F.,.F.,(3,3),(0.,1.),.PIECEWISE_BEZIER_KNOTS.);
#9004 = CARTESIAN_POINT('',(24.464697265625,11.,1.373291015625));
#9005 = CARTESIAN_POINT('',(24.589208984375,11.,1.373291015625));
#9006 = CARTESIAN_POINT('',(24.686865234375,11.,1.2939453125));
#9007 = VECTOR('',#9008,1.);
#9008 = DIRECTION('',(0.,1.,0.));
#9009 = DEFINITIONAL_REPRESENTATION('',(#9010),#9014);
#9010 = LINE('',#9011,#9012);
#9011 = CARTESIAN_POINT('',(0.,-0.4));
#9012 = VECTOR('',#9013,1.);
#9013 = DIRECTION('',(1.,0.));
#9014 = ( GEOMETRIC_REPRESENTATION_CONTEXT(2) 
PARAMETRIC_REPRESENTATION_CONTEXT() REPRESENTATION_CONTEXT('2D SPACE',''
  ) );
#9015 = ORIENTED_EDGE('',*,*,#9016,.T.);
#9016 = EDGE_CURVE('',#8987,#9017,#9019,.T.);
#9017 = VERTEX_POINT('',#9018);
#9018 = CARTESIAN_POINT('',(24.838232421875,10.6,1.009521484375));
#9019 = SURFACE_CURVE('',#9020,(#9024,#9031),.PCURVE_S1.);
#9020 = B_SPLINE_CURVE_WITH_KNOTS('',2,(#9021,#9022,#9023),
  .UNSPECIFIED.,.F.,.F.,(3,3),(0.,1.),.PIECEWISE_BEZIER_KNOTS.);
#9021 = CARTESIAN_POINT('',(24.686865234375,10.6,1.2939453125));
#9022 = CARTESIAN_POINT('',(24.784521484375,10.6,1.214599609375));
#9023 = CARTESIAN_POINT('',(24.838232421875,10.6,1.009521484375));
#9024 = PCURVE('',#5942,#9025);
#9025 = DEFINITIONAL_REPRESENTATION('',(#9026),#9030);
#9026 = B_SPLINE_CURVE_WITH_KNOTS('',2,(#9027,#9028,#9029),
  .UNSPECIFIED.,.F.,.F.,(3,3),(0.,1.),.PIECEWISE_BEZIER_KNOTS.);
#9027 = CARTESIAN_POINT('',(1.14990234375,2.945556640625));
#9028 = CARTESIAN_POINT('',(1.05224609375,2.8662109375));
#9029 = CARTESIAN_POINT('',(0.99853515625,2.6611328125));
#9030 = ( GEOMETRIC_REPRESENTATION_CONTEXT(2) 
PARAMETRIC_REPRESENTATION_CONTEXT() REPRESENTATION_CONTEXT('2D SPACE',''
  ) );
#9031 = PCURVE('',#9032,#9039);
#9032 = SURFACE_OF_LINEAR_EXTRUSION('',#9033,#9037);
#9033 = B_SPLINE_CURVE_WITH_KNOTS('',2,(#9034,#9035,#9036),
  .UNSPECIFIED.,.F.,.F.,(3,3),(0.,1.),.PIECEWISE_BEZIER_KNOTS.);
#9034 = CARTESIAN_POINT('',(24.686865234375,11.,1.2939453125));
#9035 = CARTESIAN_POINT('',(24.784521484375,11.,1.214599609375));
#9036 = CARTESIAN_POINT('',(24.838232421875,11.,1.009521484375));
#9037 = VECTOR('',#9038,1.);
#9038 = DIRECTION('',(0.,1.,0.));
#9039 = DEFINITIONAL_REPRESENTATION('',(#9040),#9044);
#9040 = LINE('',#9041,#9042);
#9041 = CARTESIAN_POINT('',(0.,-0.4));
#9042 = VECTOR('',#9043,1.);
#9043 = DIRECTION('',(1.,0.));
#9044 = ( GEOMETRIC_REPRESENTATION_CONTEXT(2) 
PARAMETRIC_REPRESENTATION_CONTEXT() REPRESENTATION_CONTEXT('2D SPACE',''
  ) );
#9045 = ORIENTED_EDGE('',*,*,#9046,.T.);
#9046 = EDGE_CURVE('',#9017,#9047,#9049,.T.);
#9047 = VERTEX_POINT('',#9048);
#9048 = CARTESIAN_POINT('',(24.909033203125,10.6,0.113525390625));
#9049 = SURFACE_CURVE('',#9050,(#9054,#9061),.PCURVE_S1.);
#9050 = B_SPLINE_CURVE_WITH_KNOTS('',2,(#9051,#9052,#9053),
  .UNSPECIFIED.,.F.,.F.,(3,3),(0.,1.),.PIECEWISE_BEZIER_KNOTS.);
#9051 = CARTESIAN_POINT('',(24.838232421875,10.6,1.009521484375));
#9052 = CARTESIAN_POINT('',(24.909033203125,10.6,0.743408203125));
#9053 = CARTESIAN_POINT('',(24.909033203125,10.6,0.113525390625));
#9054 = PCURVE('',#5942,#9055);
#9055 = DEFINITIONAL_REPRESENTATION('',(#9056),#9060);
#9056 = B_SPLINE_CURVE_WITH_KNOTS('',2,(#9057,#9058,#9059),
  .UNSPECIFIED.,.F.,.F.,(3,3),(0.,1.),.PIECEWISE_BEZIER_KNOTS.);
#9057 = CARTESIAN_POINT('',(0.99853515625,2.6611328125));
#9058 = CARTESIAN_POINT('',(0.927734375,2.39501953125));
#9059 = CARTESIAN_POINT('',(0.927734375,1.76513671875));
#9060 = ( GEOMETRIC_REPRESENTATION_CONTEXT(2) 
PARAMETRIC_REPRESENTATION_CONTEXT() REPRESENTATION_CONTEXT('2D SPACE',''
  ) );
#9061 = PCURVE('',#9062,#9069);
#9062 = SURFACE_OF_LINEAR_EXTRUSION('',#9063,#9067);
#9063 = B_SPLINE_CURVE_WITH_KNOTS('',2,(#9064,#9065,#9066),
  .UNSPECIFIED.,.F.,.F.,(3,3),(0.,1.),.PIECEWISE_BEZIER_KNOTS.);
#9064 = CARTESIAN_POINT('',(24.838232421875,11.,1.009521484375));
#9065 = CARTESIAN_POINT('',(24.909033203125,11.,0.743408203125));
#9066 = CARTESIAN_POINT('',(24.909033203125,11.,0.113525390625));
#9067 = VECTOR('',#9068,1.);
#9068 = DIRECTION('',(0.,1.,0.));
#9069 = DEFINITIONAL_REPRESENTATION('',(#9070),#9074);
#9070 = LINE('',#9071,#9072);
#9071 = CARTESIAN_POINT('',(0.,-0.4));
#9072 = VECTOR('',#9073,1.);
#9073 = DIRECTION('',(1.,0.));
#9074 = ( GEOMETRIC_REPRESENTATION_CONTEXT(2) 
PARAMETRIC_REPRESENTATION_CONTEXT() REPRESENTATION_CONTEXT('2D SPACE',''
  ) );
#9075 = ORIENTED_EDGE('',*,*,#9076,.T.);
#9076 = EDGE_CURVE('',#9047,#9077,#9079,.T.);
#9077 = VERTEX_POINT('',#9078);
#9078 = CARTESIAN_POINT('',(24.845556640625,10.6,-0.751953125));
#9079 = SURFACE_CURVE('',#9080,(#9084,#9091),.PCURVE_S1.);
#9080 = B_SPLINE_CURVE_WITH_KNOTS('',2,(#9081,#9082,#9083),
  .UNSPECIFIED.,.F.,.F.,(3,3),(0.,1.),.PIECEWISE_BEZIER_KNOTS.);
#9081 = CARTESIAN_POINT('',(24.909033203125,10.6,0.113525390625));
#9082 = CARTESIAN_POINT('',(24.909033203125,10.6,-0.516357421875));
#9083 = CARTESIAN_POINT('',(24.845556640625,10.6,-0.751953125));
#9084 = PCURVE('',#5942,#9085);
#9085 = DEFINITIONAL_REPRESENTATION('',(#9086),#9090);
#9086 = B_SPLINE_CURVE_WITH_KNOTS('',2,(#9087,#9088,#9089),
  .UNSPECIFIED.,.F.,.F.,(3,3),(0.,1.),.PIECEWISE_BEZIER_KNOTS.);
#9087 = CARTESIAN_POINT('',(0.927734375,1.76513671875));
#9088 = CARTESIAN_POINT('',(0.927734375,1.13525390625));
#9089 = CARTESIAN_POINT('',(0.9912109375,0.899658203125));
#9090 = ( GEOMETRIC_REPRESENTATION_CONTEXT(2) 
PARAMETRIC_REPRESENTATION_CONTEXT() REPRESENTATION_CONTEXT('2D SPACE',''
  ) );
#9091 = PCURVE('',#9092,#9099);
#9092 = SURFACE_OF_LINEAR_EXTRUSION('',#9093,#9097);
#9093 = B_SPLINE_CURVE_WITH_KNOTS('',2,(#9094,#9095,#9096),
  .UNSPECIFIED.,.F.,.F.,(3,3),(0.,1.),.PIECEWISE_BEZIER_KNOTS.);
#9094 = CARTESIAN_POINT('',(24.909033203125,11.,0.113525390625));
#9095 = CARTESIAN_POINT('',(24.909033203125,11.,-0.516357421875));
#9096 = CARTESIAN_POINT('',(24.845556640625,11.,-0.751953125));
#9097 = VECTOR('',#9098,1.);
#9098 = DIRECTION('',(0.,1.,0.));
#9099 = DEFINITIONAL_REPRESENTATION('',(#9100),#9104);
#9100 = LINE('',#9101,#9102);
#9101 = CARTESIAN_POINT('',(0.,-0.4));
#9102 = VECTOR('',#9103,1.);
#9103 = DIRECTION('',(1.,0.));
#9104 = ( GEOMETRIC_REPRESENTATION_CONTEXT(2) 
PARAMETRIC_REPRESENTATION_CONTEXT() REPRESENTATION_CONTEXT('2D SPACE',''
  ) );
#9105 = ORIENTED_EDGE('',*,*,#9106,.T.);
#9106 = EDGE_CURVE('',#9077,#9107,#9109,.T.);
#9107 = VERTEX_POINT('',#9108);
#9108 = CARTESIAN_POINT('',(24.68564453125,10.6,-1.065673828125));
#9109 = SURFACE_CURVE('',#9110,(#9114,#9121),.PCURVE_S1.);
#9110 = B_SPLINE_CURVE_WITH_KNOTS('',2,(#9111,#9112,#9113),
  .UNSPECIFIED.,.F.,.F.,(3,3),(0.,1.),.PIECEWISE_BEZIER_KNOTS.);
#9111 = CARTESIAN_POINT('',(24.845556640625,10.6,-0.751953125));
#9112 = CARTESIAN_POINT('',(24.782080078125,10.6,-0.987548828125));
#9113 = CARTESIAN_POINT('',(24.68564453125,10.6,-1.065673828125));
#9114 = PCURVE('',#5942,#9115);
#9115 = DEFINITIONAL_REPRESENTATION('',(#9116),#9120);
#9116 = B_SPLINE_CURVE_WITH_KNOTS('',2,(#9117,#9118,#9119),
  .UNSPECIFIED.,.F.,.F.,(3,3),(0.,1.),.PIECEWISE_BEZIER_KNOTS.);
#9117 = CARTESIAN_POINT('',(0.9912109375,0.899658203125));
#9118 = CARTESIAN_POINT('',(1.0546875,0.6640625));
#9119 = CARTESIAN_POINT('',(1.151123046875,0.5859375));
#9120 = ( GEOMETRIC_REPRESENTATION_CONTEXT(2) 
PARAMETRIC_REPRESENTATION_CONTEXT() REPRESENTATION_CONTEXT('2D SPACE',''
  ) );
#9121 = PCURVE('',#9122,#9129);
#9122 = SURFACE_OF_LINEAR_EXTRUSION('',#9123,#9127);
#9123 = B_SPLINE_CURVE_WITH_KNOTS('',2,(#9124,#9125,#9126),
  .UNSPECIFIED.,.F.,.F.,(3,3),(0.,1.),.PIECEWISE_BEZIER_KNOTS.);
#9124 = CARTESIAN_POINT('',(24.845556640625,11.,-0.751953125));
#9125 = CARTESIAN_POINT('',(24.782080078125,11.,-0.987548828125));
#9126 = CARTESIAN_POINT('',(24.68564453125,11.,-1.065673828125));
#9127 = VECTOR('',#9128,1.);
#9128 = DIRECTION('',(0.,1.,0.));
#9129 = DEFINITIONAL_REPRESENTATION('',(#9130),#9134);
#9130 = LINE('',#9131,#9132);
#9131 = CARTESIAN_POINT('',(0.,-0.4));
#9132 = VECTOR('',#9133,1.);
#9133 = DIRECTION('',(1.,0.));
#9134 = ( GEOMETRIC_REPRESENTATION_CONTEXT(2) 
PARAMETRIC_REPRESENTATION_CONTEXT() REPRESENTATION_CONTEXT('2D SPACE',''
  ) );
#9135 = ORIENTED_EDGE('',*,*,#9136,.T.);
#9136 = EDGE_CURVE('',#9107,#9137,#9139,.T.);
#9137 = VERTEX_POINT('',#9138);
#9138 = CARTESIAN_POINT('',(24.464697265625,10.6,-1.143798828125));
#9139 = SURFACE_CURVE('',#9140,(#9144,#9151),.PCURVE_S1.);
#9140 = B_SPLINE_CURVE_WITH_KNOTS('',2,(#9141,#9142,#9143),
  .UNSPECIFIED.,.F.,.F.,(3,3),(0.,1.),.PIECEWISE_BEZIER_KNOTS.);
#9141 = CARTESIAN_POINT('',(24.68564453125,10.6,-1.065673828125));
#9142 = CARTESIAN_POINT('',(24.589208984375,10.6,-1.143798828125));
#9143 = CARTESIAN_POINT('',(24.464697265625,10.6,-1.143798828125));
#9144 = PCURVE('',#5942,#9145);
#9145 = DEFINITIONAL_REPRESENTATION('',(#9146),#9150);
#9146 = B_SPLINE_CURVE_WITH_KNOTS('',2,(#9147,#9148,#9149),
  .UNSPECIFIED.,.F.,.F.,(3,3),(0.,1.),.PIECEWISE_BEZIER_KNOTS.);
#9147 = CARTESIAN_POINT('',(1.151123046875,0.5859375));
#9148 = CARTESIAN_POINT('',(1.24755859375,0.5078125));
#9149 = CARTESIAN_POINT('',(1.3720703125,0.5078125));
#9150 = ( GEOMETRIC_REPRESENTATION_CONTEXT(2) 
PARAMETRIC_REPRESENTATION_CONTEXT() REPRESENTATION_CONTEXT('2D SPACE',''
  ) );
#9151 = PCURVE('',#9152,#9159);
#9152 = SURFACE_OF_LINEAR_EXTRUSION('',#9153,#9157);
#9153 = B_SPLINE_CURVE_WITH_KNOTS('',2,(#9154,#9155,#9156),
  .UNSPECIFIED.,.F.,.F.,(3,3),(0.,1.),.PIECEWISE_BEZIER_KNOTS.);
#9154 = CARTESIAN_POINT('',(24.68564453125,11.,-1.065673828125));
#9155 = CARTESIAN_POINT('',(24.589208984375,11.,-1.143798828125));
#9156 = CARTESIAN_POINT('',(24.464697265625,11.,-1.143798828125));
#9157 = VECTOR('',#9158,1.);
#9158 = DIRECTION('',(0.,1.,0.));
#9159 = DEFINITIONAL_REPRESENTATION('',(#9160),#9164);
#9160 = LINE('',#9161,#9162);
#9161 = CARTESIAN_POINT('',(0.,-0.4));
#9162 = VECTOR('',#9163,1.);
#9163 = DIRECTION('',(1.,0.));
#9164 = ( GEOMETRIC_REPRESENTATION_CONTEXT(2) 
PARAMETRIC_REPRESENTATION_CONTEXT() REPRESENTATION_CONTEXT('2D SPACE',''
  ) );
#9165 = ORIENTED_EDGE('',*,*,#9166,.T.);
#9166 = EDGE_CURVE('',#9137,#9167,#9169,.T.);
#9167 = VERTEX_POINT('',#9168);
#9168 = CARTESIAN_POINT('',(24.242529296875,10.6,-1.064453125));
#9169 = SURFACE_CURVE('',#9170,(#9174,#9181),.PCURVE_S1.);
#9170 = B_SPLINE_CURVE_WITH_KNOTS('',2,(#9171,#9172,#9173),
  .UNSPECIFIED.,.F.,.F.,(3,3),(0.,1.),.PIECEWISE_BEZIER_KNOTS.);
#9171 = CARTESIAN_POINT('',(24.464697265625,10.6,-1.143798828125));
#9172 = CARTESIAN_POINT('',(24.340185546875,10.6,-1.143798828125));
#9173 = CARTESIAN_POINT('',(24.242529296875,10.6,-1.064453125));
#9174 = PCURVE('',#5942,#9175);
#9175 = DEFINITIONAL_REPRESENTATION('',(#9176),#9180);
#9176 = B_SPLINE_CURVE_WITH_KNOTS('',2,(#9177,#9178,#9179),
  .UNSPECIFIED.,.F.,.F.,(3,3),(0.,1.),.PIECEWISE_BEZIER_KNOTS.);
#9177 = CARTESIAN_POINT('',(1.3720703125,0.5078125));
#9178 = CARTESIAN_POINT('',(1.49658203125,0.5078125));
#9179 = CARTESIAN_POINT('',(1.59423828125,0.587158203125));
#9180 = ( GEOMETRIC_REPRESENTATION_CONTEXT(2) 
PARAMETRIC_REPRESENTATION_CONTEXT() REPRESENTATION_CONTEXT('2D SPACE',''
  ) );
#9181 = PCURVE('',#9182,#9189);
#9182 = SURFACE_OF_LINEAR_EXTRUSION('',#9183,#9187);
#9183 = B_SPLINE_CURVE_WITH_KNOTS('',2,(#9184,#9185,#9186),
  .UNSPECIFIED.,.F.,.F.,(3,3),(0.,1.),.PIECEWISE_BEZIER_KNOTS.);
#9184 = CARTESIAN_POINT('',(24.464697265625,11.,-1.143798828125));
#9185 = CARTESIAN_POINT('',(24.340185546875,11.,-1.143798828125));
#9186 = CARTESIAN_POINT('',(24.242529296875,11.,-1.064453125));
#9187 = VECTOR('',#9188,1.);
#9188 = DIRECTION('',(0.,1.,0.));
#9189 = DEFINITIONAL_REPRESENTATION('',(#9190),#9194);
#9190 = LINE('',#9191,#9192);
#9191 = CARTESIAN_POINT('',(0.,-0.4));
#9192 = VECTOR('',#9193,1.);
#9193 = DIRECTION('',(1.,0.));
#9194 = ( GEOMETRIC_REPRESENTATION_CONTEXT(2) 
PARAMETRIC_REPRESENTATION_CONTEXT() REPRESENTATION_CONTEXT('2D SPACE',''
  ) );
#9195 = ORIENTED_EDGE('',*,*,#9196,.T.);
#9196 = EDGE_CURVE('',#9167,#9197,#9199,.T.);
#9197 = VERTEX_POINT('',#9198);
#9198 = CARTESIAN_POINT('',(24.091162109375,10.6,-0.780029296875));
#9199 = SURFACE_CURVE('',#9200,(#9204,#9211),.PCURVE_S1.);
#9200 = B_SPLINE_CURVE_WITH_KNOTS('',2,(#9201,#9202,#9203),
  .UNSPECIFIED.,.F.,.F.,(3,3),(0.,1.),.PIECEWISE_BEZIER_KNOTS.);
#9201 = CARTESIAN_POINT('',(24.242529296875,10.6,-1.064453125));
#9202 = CARTESIAN_POINT('',(24.144873046875,10.6,-0.985107421875));
#9203 = CARTESIAN_POINT('',(24.091162109375,10.6,-0.780029296875));
#9204 = PCURVE('',#5942,#9205);
#9205 = DEFINITIONAL_REPRESENTATION('',(#9206),#9210);
#9206 = B_SPLINE_CURVE_WITH_KNOTS('',2,(#9207,#9208,#9209),
  .UNSPECIFIED.,.F.,.F.,(3,3),(0.,1.),.PIECEWISE_BEZIER_KNOTS.);
#9207 = CARTESIAN_POINT('',(1.59423828125,0.587158203125));
#9208 = CARTESIAN_POINT('',(1.69189453125,0.66650390625));
#9209 = CARTESIAN_POINT('',(1.74560546875,0.87158203125));
#9210 = ( GEOMETRIC_REPRESENTATION_CONTEXT(2) 
PARAMETRIC_REPRESENTATION_CONTEXT() REPRESENTATION_CONTEXT('2D SPACE',''
  ) );
#9211 = PCURVE('',#9212,#9219);
#9212 = SURFACE_OF_LINEAR_EXTRUSION('',#9213,#9217);
#9213 = B_SPLINE_CURVE_WITH_KNOTS('',2,(#9214,#9215,#9216),
  .UNSPECIFIED.,.F.,.F.,(3,3),(0.,1.),.PIECEWISE_BEZIER_KNOTS.);
#9214 = CARTESIAN_POINT('',(24.242529296875,11.,-1.064453125));
#9215 = CARTESIAN_POINT('',(24.144873046875,11.,-0.985107421875));
#9216 = CARTESIAN_POINT('',(24.091162109375,11.,-0.780029296875));
#9217 = VECTOR('',#9218,1.);
#9218 = DIRECTION('',(0.,1.,0.));
#9219 = DEFINITIONAL_REPRESENTATION('',(#9220),#9224);
#9220 = LINE('',#9221,#9222);
#9221 = CARTESIAN_POINT('',(0.,-0.4));
#9222 = VECTOR('',#9223,1.);
#9223 = DIRECTION('',(1.,0.));
#9224 = ( GEOMETRIC_REPRESENTATION_CONTEXT(2) 
PARAMETRIC_REPRESENTATION_CONTEXT() REPRESENTATION_CONTEXT('2D SPACE',''
  ) );
#9225 = ORIENTED_EDGE('',*,*,#9226,.T.);
#9226 = EDGE_CURVE('',#9197,#9227,#9229,.T.);
#9227 = VERTEX_POINT('',#9228);
#9228 = CARTESIAN_POINT('',(24.020361328125,10.6,0.113525390625));
#9229 = SURFACE_CURVE('',#9230,(#9234,#9241),.PCURVE_S1.);
#9230 = B_SPLINE_CURVE_WITH_KNOTS('',2,(#9231,#9232,#9233),
  .UNSPECIFIED.,.F.,.F.,(3,3),(0.,1.),.PIECEWISE_BEZIER_KNOTS.);
#9231 = CARTESIAN_POINT('',(24.091162109375,10.6,-0.780029296875));
#9232 = CARTESIAN_POINT('',(24.020361328125,10.6,-0.516357421875));
#9233 = CARTESIAN_POINT('',(24.020361328125,10.6,0.113525390625));
#9234 = PCURVE('',#5942,#9235);
#9235 = DEFINITIONAL_REPRESENTATION('',(#9236),#9240);
#9236 = B_SPLINE_CURVE_WITH_KNOTS('',2,(#9237,#9238,#9239),
  .UNSPECIFIED.,.F.,.F.,(3,3),(0.,1.),.PIECEWISE_BEZIER_KNOTS.);
#9237 = CARTESIAN_POINT('',(1.74560546875,0.87158203125));
#9238 = CARTESIAN_POINT('',(1.81640625,1.13525390625));
#9239 = CARTESIAN_POINT('',(1.81640625,1.76513671875));
#9240 = ( GEOMETRIC_REPRESENTATION_CONTEXT(2) 
PARAMETRIC_REPRESENTATION_CONTEXT() REPRESENTATION_CONTEXT('2D SPACE',''
  ) );
#9241 = PCURVE('',#9242,#9249);
#9242 = SURFACE_OF_LINEAR_EXTRUSION('',#9243,#9247);
#9243 = B_SPLINE_CURVE_WITH_KNOTS('',2,(#9244,#9245,#9246),
  .UNSPECIFIED.,.F.,.F.,(3,3),(0.,1.),.PIECEWISE_BEZIER_KNOTS.);
#9244 = CARTESIAN_POINT('',(24.091162109375,11.,-0.780029296875));
#9245 = CARTESIAN_POINT('',(24.020361328125,11.,-0.516357421875));
#9246 = CARTESIAN_POINT('',(24.020361328125,11.,0.113525390625));
#9247 = VECTOR('',#9248,1.);
#9248 = DIRECTION('',(0.,1.,0.));
#9249 = DEFINITIONAL_REPRESENTATION('',(#9250),#9254);
#9250 = LINE('',#9251,#9252);
#9251 = CARTESIAN_POINT('',(0.,-0.4));
#9252 = VECTOR('',#9253,1.);
#9253 = DIRECTION('',(1.,0.));
#9254 = ( GEOMETRIC_REPRESENTATION_CONTEXT(2) 
PARAMETRIC_REPRESENTATION_CONTEXT() REPRESENTATION_CONTEXT('2D SPACE',''
  ) );
#9255 = ORIENTED_EDGE('',*,*,#9256,.T.);
#9256 = EDGE_CURVE('',#9227,#9257,#9259,.T.);
#9257 = VERTEX_POINT('',#9258);
#9258 = CARTESIAN_POINT('',(24.083837890625,10.6,0.97900390625));
#9259 = SURFACE_CURVE('',#9260,(#9264,#9271),.PCURVE_S1.);
#9260 = B_SPLINE_CURVE_WITH_KNOTS('',2,(#9261,#9262,#9263),
  .UNSPECIFIED.,.F.,.F.,(3,3),(0.,1.),.PIECEWISE_BEZIER_KNOTS.);
#9261 = CARTESIAN_POINT('',(24.020361328125,10.6,0.113525390625));
#9262 = CARTESIAN_POINT('',(24.020361328125,10.6,0.743408203125));
#9263 = CARTESIAN_POINT('',(24.083837890625,10.6,0.97900390625));
#9264 = PCURVE('',#5942,#9265);
#9265 = DEFINITIONAL_REPRESENTATION('',(#9266),#9270);
#9266 = B_SPLINE_CURVE_WITH_KNOTS('',2,(#9267,#9268,#9269),
  .UNSPECIFIED.,.F.,.F.,(3,3),(0.,1.),.PIECEWISE_BEZIER_KNOTS.);
#9267 = CARTESIAN_POINT('',(1.81640625,1.76513671875));
#9268 = CARTESIAN_POINT('',(1.81640625,2.39501953125));
#9269 = CARTESIAN_POINT('',(1.7529296875,2.630615234375));
#9270 = ( GEOMETRIC_REPRESENTATION_CONTEXT(2) 
PARAMETRIC_REPRESENTATION_CONTEXT() REPRESENTATION_CONTEXT('2D SPACE',''
  ) );
#9271 = PCURVE('',#9272,#9279);
#9272 = SURFACE_OF_LINEAR_EXTRUSION('',#9273,#9277);
#9273 = B_SPLINE_CURVE_WITH_KNOTS('',2,(#9274,#9275,#9276),
  .UNSPECIFIED.,.F.,.F.,(3,3),(0.,1.),.PIECEWISE_BEZIER_KNOTS.);
#9274 = CARTESIAN_POINT('',(24.020361328125,11.,0.113525390625));
#9275 = CARTESIAN_POINT('',(24.020361328125,11.,0.743408203125));
#9276 = CARTESIAN_POINT('',(24.083837890625,11.,0.97900390625));
#9277 = VECTOR('',#9278,1.);
#9278 = DIRECTION('',(0.,1.,0.));
#9279 = DEFINITIONAL_REPRESENTATION('',(#9280),#9284);
#9280 = LINE('',#9281,#9282);
#9281 = CARTESIAN_POINT('',(0.,-0.4));
#9282 = VECTOR('',#9283,1.);
#9283 = DIRECTION('',(1.,0.));
#9284 = ( GEOMETRIC_REPRESENTATION_CONTEXT(2) 
PARAMETRIC_REPRESENTATION_CONTEXT() REPRESENTATION_CONTEXT('2D SPACE',''
  ) );
#9285 = ORIENTED_EDGE('',*,*,#9286,.T.);
#9286 = EDGE_CURVE('',#9257,#9287,#9289,.T.);
#9287 = VERTEX_POINT('',#9288);
#9288 = CARTESIAN_POINT('',(24.24375,10.6,1.2939453125));
#9289 = SURFACE_CURVE('',#9290,(#9294,#9301),.PCURVE_S1.);
#9290 = B_SPLINE_CURVE_WITH_KNOTS('',2,(#9291,#9292,#9293),
  .UNSPECIFIED.,.F.,.F.,(3,3),(0.,1.),.PIECEWISE_BEZIER_KNOTS.);
#9291 = CARTESIAN_POINT('',(24.083837890625,10.6,0.97900390625));
#9292 = CARTESIAN_POINT('',(24.147314453125,10.6,1.214599609375));
#9293 = CARTESIAN_POINT('',(24.24375,10.6,1.2939453125));
#9294 = PCURVE('',#5942,#9295);
#9295 = DEFINITIONAL_REPRESENTATION('',(#9296),#9300);
#9296 = B_SPLINE_CURVE_WITH_KNOTS('',2,(#9297,#9298,#9299),
  .UNSPECIFIED.,.F.,.F.,(3,3),(0.,1.),.PIECEWISE_BEZIER_KNOTS.);
#9297 = CARTESIAN_POINT('',(1.7529296875,2.630615234375));
#9298 = CARTESIAN_POINT('',(1.689453125,2.8662109375));
#9299 = CARTESIAN_POINT('',(1.593017578125,2.945556640625));
#9300 = ( GEOMETRIC_REPRESENTATION_CONTEXT(2) 
PARAMETRIC_REPRESENTATION_CONTEXT() REPRESENTATION_CONTEXT('2D SPACE',''
  ) );
#9301 = PCURVE('',#9302,#9309);
#9302 = SURFACE_OF_LINEAR_EXTRUSION('',#9303,#9307);
#9303 = B_SPLINE_CURVE_WITH_KNOTS('',2,(#9304,#9305,#9306),
  .UNSPECIFIED.,.F.,.F.,(3,3),(0.,1.),.PIECEWISE_BEZIER_KNOTS.);
#9304 = CARTESIAN_POINT('',(24.083837890625,11.,0.97900390625));
#9305 = CARTESIAN_POINT('',(24.147314453125,11.,1.214599609375));
#9306 = CARTESIAN_POINT('',(24.24375,11.,1.2939453125));
#9307 = VECTOR('',#9308,1.);
#9308 = DIRECTION('',(0.,1.,0.));
#9309 = DEFINITIONAL_REPRESENTATION('',(#9310),#9314);
#9310 = LINE('',#9311,#9312);
#9311 = CARTESIAN_POINT('',(0.,-0.4));
#9312 = VECTOR('',#9313,1.);
#9313 = DIRECTION('',(1.,0.));
#9314 = ( GEOMETRIC_REPRESENTATION_CONTEXT(2) 
PARAMETRIC_REPRESENTATION_CONTEXT() REPRESENTATION_CONTEXT('2D SPACE',''
  ) );
#9315 = ORIENTED_EDGE('',*,*,#9316,.T.);
#9316 = EDGE_CURVE('',#9287,#8985,#9317,.T.);
#9317 = SURFACE_CURVE('',#9318,(#9322,#9329),.PCURVE_S1.);
#9318 = B_SPLINE_CURVE_WITH_KNOTS('',2,(#9319,#9320,#9321),
  .UNSPECIFIED.,.F.,.F.,(3,3),(0.,1.),.PIECEWISE_BEZIER_KNOTS.);
#9319 = CARTESIAN_POINT('',(24.24375,10.6,1.2939453125));
#9320 = CARTESIAN_POINT('',(24.340185546875,10.6,1.373291015625));
#9321 = CARTESIAN_POINT('',(24.464697265625,10.6,1.373291015625));
#9322 = PCURVE('',#5942,#9323);
#9323 = DEFINITIONAL_REPRESENTATION('',(#9324),#9328);
#9324 = B_SPLINE_CURVE_WITH_KNOTS('',2,(#9325,#9326,#9327),
  .UNSPECIFIED.,.F.,.F.,(3,3),(0.,1.),.PIECEWISE_BEZIER_KNOTS.);
#9325 = CARTESIAN_POINT('',(1.593017578125,2.945556640625));
#9326 = CARTESIAN_POINT('',(1.49658203125,3.02490234375));
#9327 = CARTESIAN_POINT('',(1.3720703125,3.02490234375));
#9328 = ( GEOMETRIC_REPRESENTATION_CONTEXT(2) 
PARAMETRIC_REPRESENTATION_CONTEXT() REPRESENTATION_CONTEXT('2D SPACE',''
  ) );
#9329 = PCURVE('',#9330,#9337);
#9330 = SURFACE_OF_LINEAR_EXTRUSION('',#9331,#9335);
#9331 = B_SPLINE_CURVE_WITH_KNOTS('',2,(#9332,#9333,#9334),
  .UNSPECIFIED.,.F.,.F.,(3,3),(0.,1.),.PIECEWISE_BEZIER_KNOTS.);
#9332 = CARTESIAN_POINT('',(24.24375,11.,1.2939453125));
#9333 = CARTESIAN_POINT('',(24.340185546875,11.,1.373291015625));
#9334 = CARTESIAN_POINT('',(24.464697265625,11.,1.373291015625));
#9335 = VECTOR('',#9336,1.);
#9336 = DIRECTION('',(0.,1.,0.));
#9337 = DEFINITIONAL_REPRESENTATION('',(#9338),#9342);
#9338 = LINE('',#9339,#9340);
#9339 = CARTESIAN_POINT('',(0.,-0.4));
#9340 = VECTOR('',#9341,1.);
#9341 = DIRECTION('',(1.,0.));
#9342 = ( GEOMETRIC_REPRESENTATION_CONTEXT(2) 
PARAMETRIC_REPRESENTATION_CONTEXT() REPRESENTATION_CONTEXT('2D SPACE',''
  ) );
#9343 = ADVANCED_FACE('',(#9344),#6339,.T.);
#9344 = FACE_BOUND('',#9345,.F.);
#9345 = EDGE_LOOP('',(#9346,#9347,#9348,#9349,#9350,#9351,#9352,#9353));
#9346 = ORIENTED_EDGE('',*,*,#6671,.T.);
#9347 = ORIENTED_EDGE('',*,*,#6644,.T.);
#9348 = ORIENTED_EDGE('',*,*,#6595,.T.);
#9349 = ORIENTED_EDGE('',*,*,#6546,.T.);
#9350 = ORIENTED_EDGE('',*,*,#6497,.T.);
#9351 = ORIENTED_EDGE('',*,*,#6448,.T.);
#9352 = ORIENTED_EDGE('',*,*,#6399,.T.);
#9353 = ORIENTED_EDGE('',*,*,#6323,.T.);
#9354 = ADVANCED_FACE('',(#9355),#6736,.T.);
#9355 = FACE_BOUND('',#9356,.F.);
#9356 = EDGE_LOOP('',(#9357,#9358,#9359,#9360));
#9357 = ORIENTED_EDGE('',*,*,#6872,.T.);
#9358 = ORIENTED_EDGE('',*,*,#6845,.T.);
#9359 = ORIENTED_EDGE('',*,*,#6796,.T.);
#9360 = ORIENTED_EDGE('',*,*,#6720,.T.);
#9361 = ADVANCED_FACE('',(#9362),#6937,.T.);
#9362 = FACE_BOUND('',#9363,.F.);
#9363 = EDGE_LOOP('',(#9364,#9365,#9366,#9367,#9368,#9369,#9370,#9371,
    #9372,#9373,#9374,#9375,#9376));
#9364 = ORIENTED_EDGE('',*,*,#7514,.T.);
#9365 = ORIENTED_EDGE('',*,*,#7487,.T.);
#9366 = ORIENTED_EDGE('',*,*,#7438,.T.);
#9367 = ORIENTED_EDGE('',*,*,#7389,.T.);
#9368 = ORIENTED_EDGE('',*,*,#7340,.T.);
#9369 = ORIENTED_EDGE('',*,*,#7291,.T.);
#9370 = ORIENTED_EDGE('',*,*,#7242,.T.);
#9371 = ORIENTED_EDGE('',*,*,#7193,.T.);
#9372 = ORIENTED_EDGE('',*,*,#7144,.T.);
#9373 = ORIENTED_EDGE('',*,*,#7095,.T.);
#9374 = ORIENTED_EDGE('',*,*,#7046,.T.);
#9375 = ORIENTED_EDGE('',*,*,#6997,.T.);
#9376 = ORIENTED_EDGE('',*,*,#6921,.T.);
#9377 = ADVANCED_FACE('',(#9378),#7579,.T.);
#9378 = FACE_BOUND('',#9379,.F.);
#9379 = EDGE_LOOP('',(#9380,#9381,#9382,#9383,#9384,#9385,#9386,#9387,
    #9388,#9389,#9390,#9391));
#9380 = ORIENTED_EDGE('',*,*,#8107,.T.);
#9381 = ORIENTED_EDGE('',*,*,#8080,.T.);
#9382 = ORIENTED_EDGE('',*,*,#8031,.T.);
#9383 = ORIENTED_EDGE('',*,*,#7982,.T.);
#9384 = ORIENTED_EDGE('',*,*,#7933,.T.);
#9385 = ORIENTED_EDGE('',*,*,#7884,.T.);
#9386 = ORIENTED_EDGE('',*,*,#7835,.T.);
#9387 = ORIENTED_EDGE('',*,*,#7786,.T.);
#9388 = ORIENTED_EDGE('',*,*,#7737,.T.);
#9389 = ORIENTED_EDGE('',*,*,#7688,.T.);
#9390 = ORIENTED_EDGE('',*,*,#7639,.T.);
#9391 = ORIENTED_EDGE('',*,*,#7563,.T.);
#9392 = ADVANCED_FACE('',(#9393),#8150,.F.);
#9393 = FACE_BOUND('',#9394,.T.);
#9394 = EDGE_LOOP('',(#9395,#9416,#9417,#9418));
#9395 = ORIENTED_EDGE('',*,*,#9396,.T.);
#9396 = EDGE_CURVE('',#8134,#8172,#9397,.T.);
#9397 = SEAM_CURVE('',#9398,(#9402,#9409),.PCURVE_S1.);
#9398 = LINE('',#9399,#9400);
#9399 = CARTESIAN_POINT('',(1.,3.5,0.));
#9400 = VECTOR('',#9401,1.);
#9401 = DIRECTION('',(1.,0.,0.));
#9402 = PCURVE('',#8150,#9403);
#9403 = DEFINITIONAL_REPRESENTATION('',(#9404),#9408);
#9404 = LINE('',#9405,#9406);
#9405 = CARTESIAN_POINT('',(-0.,0.));
#9406 = VECTOR('',#9407,1.);
#9407 = DIRECTION('',(-0.,-1.));
#9408 = ( GEOMETRIC_REPRESENTATION_CONTEXT(2) 
PARAMETRIC_REPRESENTATION_CONTEXT() REPRESENTATION_CONTEXT('2D SPACE',''
  ) );
#9409 = PCURVE('',#8150,#9410);
#9410 = DEFINITIONAL_REPRESENTATION('',(#9411),#9415);
#9411 = LINE('',#9412,#9413);
#9412 = CARTESIAN_POINT('',(-6.28318530718,0.));
#9413 = VECTOR('',#9414,1.);
#9414 = DIRECTION('',(-0.,-1.));
#9415 = ( GEOMETRIC_REPRESENTATION_CONTEXT(2) 
PARAMETRIC_REPRESENTATION_CONTEXT() REPRESENTATION_CONTEXT('2D SPACE',''
  ) );
#9416 = ORIENTED_EDGE('',*,*,#8171,.T.);
#9417 = ORIENTED_EDGE('',*,*,#9396,.F.);
#9418 = ORIENTED_EDGE('',*,*,#8133,.F.);
#9419 = ADVANCED_FACE('',(#9420),#8237,.F.);
#9420 = FACE_BOUND('',#9421,.F.);
#9421 = EDGE_LOOP('',(#9422,#9423,#9424,#9425));
#9422 = ORIENTED_EDGE('',*,*,#8276,.F.);
#9423 = ORIENTED_EDGE('',*,*,#8221,.T.);
#9424 = ORIENTED_EDGE('',*,*,#8390,.T.);
#9425 = ORIENTED_EDGE('',*,*,#8347,.F.);
#9426 = ADVANCED_FACE('',(#9427),#8456,.T.);
#9427 = FACE_BOUND('',#9428,.T.);
#9428 = EDGE_LOOP('',(#9429,#9430,#9431,#9432));
#9429 = ORIENTED_EDGE('',*,*,#8566,.F.);
#9430 = ORIENTED_EDGE('',*,*,#8440,.T.);
#9431 = ORIENTED_EDGE('',*,*,#8517,.T.);
#9432 = ORIENTED_EDGE('',*,*,#8593,.F.);
#9433 = ADVANCED_FACE('',(#9434),#8905,.T.);
#9434 = FACE_BOUND('',#9435,.T.);
#9435 = EDGE_LOOP('',(#9436,#9459,#9460,#9483));
#9436 = ORIENTED_EDGE('',*,*,#9437,.T.);
#9437 = EDGE_CURVE('',#9438,#8888,#9440,.T.);
#9438 = VERTEX_POINT('',#9439);
#9439 = CARTESIAN_POINT('',(20.568212890625,11.,-0.235595703125));
#9440 = SURFACE_CURVE('',#9441,(#9445,#9452),.PCURVE_S1.);
#9441 = LINE('',#9442,#9443);
#9442 = CARTESIAN_POINT('',(20.568212890625,11.,-0.235595703125));
#9443 = VECTOR('',#9444,1.);
#9444 = DIRECTION('',(0.,-1.,-0.));
#9445 = PCURVE('',#8905,#9446);
#9446 = DEFINITIONAL_REPRESENTATION('',(#9447),#9451);
#9447 = LINE('',#9448,#9449);
#9448 = CARTESIAN_POINT('',(0.,0.));
#9449 = VECTOR('',#9450,1.);
#9450 = DIRECTION('',(0.,-1.));
#9451 = ( GEOMETRIC_REPRESENTATION_CONTEXT(2) 
PARAMETRIC_REPRESENTATION_CONTEXT() REPRESENTATION_CONTEXT('2D SPACE',''
  ) );
#9452 = PCURVE('',#8959,#9453);
#9453 = DEFINITIONAL_REPRESENTATION('',(#9454),#9458);
#9454 = LINE('',#9455,#9456);
#9455 = CARTESIAN_POINT('',(1.413361264859,0.));
#9456 = VECTOR('',#9457,1.);
#9457 = DIRECTION('',(0.,-1.));
#9458 = ( GEOMETRIC_REPRESENTATION_CONTEXT(2) 
PARAMETRIC_REPRESENTATION_CONTEXT() REPRESENTATION_CONTEXT('2D SPACE',''
  ) );
#9459 = ORIENTED_EDGE('',*,*,#8887,.T.);
#9460 = ORIENTED_EDGE('',*,*,#9461,.F.);
#9461 = EDGE_CURVE('',#9462,#8890,#9464,.T.);
#9462 = VERTEX_POINT('',#9463);
#9463 = CARTESIAN_POINT('',(19.591650390625,11.,-0.235595703125));
#9464 = SURFACE_CURVE('',#9465,(#9469,#9476),.PCURVE_S1.);
#9465 = LINE('',#9466,#9467);
#9466 = CARTESIAN_POINT('',(19.591650390625,11.,-0.235595703125));
#9467 = VECTOR('',#9468,1.);
#9468 = DIRECTION('',(0.,-1.,-0.));
#9469 = PCURVE('',#8905,#9470);
#9470 = DEFINITIONAL_REPRESENTATION('',(#9471),#9475);
#9471 = LINE('',#9472,#9473);
#9472 = CARTESIAN_POINT('',(0.9765625,0.));
#9473 = VECTOR('',#9474,1.);
#9474 = DIRECTION('',(0.,-1.));
#9475 = ( GEOMETRIC_REPRESENTATION_CONTEXT(2) 
PARAMETRIC_REPRESENTATION_CONTEXT() REPRESENTATION_CONTEXT('2D SPACE',''
  ) );
#9476 = PCURVE('',#8933,#9477);
#9477 = DEFINITIONAL_REPRESENTATION('',(#9478),#9482);
#9478 = LINE('',#9479,#9480);
#9479 = CARTESIAN_POINT('',(0.,0.));
#9480 = VECTOR('',#9481,1.);
#9481 = DIRECTION('',(0.,-1.));
#9482 = ( GEOMETRIC_REPRESENTATION_CONTEXT(2) 
PARAMETRIC_REPRESENTATION_CONTEXT() REPRESENTATION_CONTEXT('2D SPACE',''
  ) );
#9483 = ORIENTED_EDGE('',*,*,#9484,.F.);
#9484 = EDGE_CURVE('',#9438,#9462,#9485,.T.);
#9485 = SURFACE_CURVE('',#9486,(#9490,#9497),.PCURVE_S1.);
#9486 = LINE('',#9487,#9488);
#9487 = CARTESIAN_POINT('',(20.568212890625,11.,-0.235595703125));
#9488 = VECTOR('',#9489,1.);
#9489 = DIRECTION('',(-1.,0.,0.));
#9490 = PCURVE('',#8905,#9491);
#9491 = DEFINITIONAL_REPRESENTATION('',(#9492),#9496);
#9492 = LINE('',#9493,#9494);
#9493 = CARTESIAN_POINT('',(0.,0.));
#9494 = VECTOR('',#9495,1.);
#9495 = DIRECTION('',(1.,0.));
#9496 = ( GEOMETRIC_REPRESENTATION_CONTEXT(2) 
PARAMETRIC_REPRESENTATION_CONTEXT() REPRESENTATION_CONTEXT('2D SPACE',''
  ) );
#9497 = PCURVE('',#9498,#9503);
#9498 = PLANE('',#9499);
#9499 = AXIS2_PLACEMENT_3D('',#9500,#9501,#9502);
#9500 = CARTESIAN_POINT('',(4.,11.,-7.));
#9501 = DIRECTION('',(0.,1.,0.));
#9502 = DIRECTION('',(0.,0.,1.));
#9503 = DEFINITIONAL_REPRESENTATION('',(#9504),#9508);
#9504 = LINE('',#9505,#9506);
#9505 = CARTESIAN_POINT('',(6.764404296875,16.568212890625));
#9506 = VECTOR('',#9507,1.);
#9507 = DIRECTION('',(0.,-1.));
#9508 = ( GEOMETRIC_REPRESENTATION_CONTEXT(2) 
PARAMETRIC_REPRESENTATION_CONTEXT() REPRESENTATION_CONTEXT('2D SPACE',''
  ) );
#9509 = ADVANCED_FACE('',(#9510),#8933,.T.);
#9510 = FACE_BOUND('',#9511,.T.);
#9511 = EDGE_LOOP('',(#9512,#9513,#9514,#9537));
#9512 = ORIENTED_EDGE('',*,*,#9461,.T.);
#9513 = ORIENTED_EDGE('',*,*,#8917,.T.);
#9514 = ORIENTED_EDGE('',*,*,#9515,.F.);
#9515 = EDGE_CURVE('',#9516,#8918,#9518,.T.);
#9516 = VERTEX_POINT('',#9517);
#9517 = CARTESIAN_POINT('',(20.084814453125,11.,1.092529296875));
#9518 = SURFACE_CURVE('',#9519,(#9523,#9530),.PCURVE_S1.);
#9519 = LINE('',#9520,#9521);
#9520 = CARTESIAN_POINT('',(20.084814453125,11.,1.092529296875));
#9521 = VECTOR('',#9522,1.);
#9522 = DIRECTION('',(0.,-1.,-0.));
#9523 = PCURVE('',#8933,#9524);
#9524 = DEFINITIONAL_REPRESENTATION('',(#9525),#9529);
#9525 = LINE('',#9526,#9527);
#9526 = CARTESIAN_POINT('',(1.416731028871,0.));
#9527 = VECTOR('',#9528,1.);
#9528 = DIRECTION('',(0.,-1.));
#9529 = ( GEOMETRIC_REPRESENTATION_CONTEXT(2) 
PARAMETRIC_REPRESENTATION_CONTEXT() REPRESENTATION_CONTEXT('2D SPACE',''
  ) );
#9530 = PCURVE('',#8959,#9531);
#9531 = DEFINITIONAL_REPRESENTATION('',(#9532),#9536);
#9532 = LINE('',#9533,#9534);
#9533 = CARTESIAN_POINT('',(0.,0.));
#9534 = VECTOR('',#9535,1.);
#9535 = DIRECTION('',(0.,-1.));
#9536 = ( GEOMETRIC_REPRESENTATION_CONTEXT(2) 
PARAMETRIC_REPRESENTATION_CONTEXT() REPRESENTATION_CONTEXT('2D SPACE',''
  ) );
#9537 = ORIENTED_EDGE('',*,*,#9538,.F.);
#9538 = EDGE_CURVE('',#9462,#9516,#9539,.T.);
#9539 = SURFACE_CURVE('',#9540,(#9544,#9551),.PCURVE_S1.);
#9540 = LINE('',#9541,#9542);
#9541 = CARTESIAN_POINT('',(19.591650390625,11.,-0.235595703125));
#9542 = VECTOR('',#9543,1.);
#9543 = DIRECTION('',(0.348099993894,0.,0.9374574093));
#9544 = PCURVE('',#8933,#9545);
#9545 = DEFINITIONAL_REPRESENTATION('',(#9546),#9550);
#9546 = LINE('',#9547,#9548);
#9547 = CARTESIAN_POINT('',(0.,0.));
#9548 = VECTOR('',#9549,1.);
#9549 = DIRECTION('',(1.,0.));
#9550 = ( GEOMETRIC_REPRESENTATION_CONTEXT(2) 
PARAMETRIC_REPRESENTATION_CONTEXT() REPRESENTATION_CONTEXT('2D SPACE',''
  ) );
#9551 = PCURVE('',#9498,#9552);
#9552 = DEFINITIONAL_REPRESENTATION('',(#9553),#9557);
#9553 = LINE('',#9554,#9555);
#9554 = CARTESIAN_POINT('',(6.764404296875,15.591650390625));
#9555 = VECTOR('',#9556,1.);
#9556 = DIRECTION('',(0.9374574093,0.348099993894));
#9557 = ( GEOMETRIC_REPRESENTATION_CONTEXT(2) 
PARAMETRIC_REPRESENTATION_CONTEXT() REPRESENTATION_CONTEXT('2D SPACE',''
  ) );
#9558 = ADVANCED_FACE('',(#9559),#8959,.T.);
#9559 = FACE_BOUND('',#9560,.T.);
#9560 = EDGE_LOOP('',(#9561,#9562,#9563,#9564));
#9561 = ORIENTED_EDGE('',*,*,#9515,.T.);
#9562 = ORIENTED_EDGE('',*,*,#8945,.T.);
#9563 = ORIENTED_EDGE('',*,*,#9437,.F.);
#9564 = ORIENTED_EDGE('',*,*,#9565,.F.);
#9565 = EDGE_CURVE('',#9516,#9438,#9566,.T.);
#9566 = SURFACE_CURVE('',#9567,(#9571,#9578),.PCURVE_S1.);
#9567 = LINE('',#9568,#9569);
#9568 = CARTESIAN_POINT('',(20.084814453125,11.,1.092529296875));
#9569 = VECTOR('',#9570,1.);
#9570 = DIRECTION('',(0.342020437038,0.,-0.939692513883));
#9571 = PCURVE('',#8959,#9572);
#9572 = DEFINITIONAL_REPRESENTATION('',(#9573),#9577);
#9573 = LINE('',#9574,#9575);
#9574 = CARTESIAN_POINT('',(0.,0.));
#9575 = VECTOR('',#9576,1.);
#9576 = DIRECTION('',(1.,0.));
#9577 = ( GEOMETRIC_REPRESENTATION_CONTEXT(2) 
PARAMETRIC_REPRESENTATION_CONTEXT() REPRESENTATION_CONTEXT('2D SPACE',''
  ) );
#9578 = PCURVE('',#9498,#9579);
#9579 = DEFINITIONAL_REPRESENTATION('',(#9580),#9584);
#9580 = LINE('',#9581,#9582);
#9581 = CARTESIAN_POINT('',(8.092529296875,16.084814453125));
#9582 = VECTOR('',#9583,1.);
#9583 = DIRECTION('',(-0.939692513883,0.342020437038));
#9584 = ( GEOMETRIC_REPRESENTATION_CONTEXT(2) 
PARAMETRIC_REPRESENTATION_CONTEXT() REPRESENTATION_CONTEXT('2D SPACE',''
  ) );
#9585 = ADVANCED_FACE('',(#9586),#9002,.T.);
#9586 = FACE_BOUND('',#9587,.T.);
#9587 = EDGE_LOOP('',(#9588,#9611,#9612,#9635));
#9588 = ORIENTED_EDGE('',*,*,#9589,.T.);
#9589 = EDGE_CURVE('',#9590,#8985,#9592,.T.);
#9590 = VERTEX_POINT('',#9591);
#9591 = CARTESIAN_POINT('',(24.464697265625,11.,1.373291015625));
#9592 = SURFACE_CURVE('',#9593,(#9597,#9604),.PCURVE_S1.);
#9593 = LINE('',#9594,#9595);
#9594 = CARTESIAN_POINT('',(24.464697265625,11.,1.373291015625));
#9595 = VECTOR('',#9596,1.);
#9596 = DIRECTION('',(0.,-1.,-0.));
#9597 = PCURVE('',#9002,#9598);
#9598 = DEFINITIONAL_REPRESENTATION('',(#9599),#9603);
#9599 = LINE('',#9600,#9601);
#9600 = CARTESIAN_POINT('',(0.,0.));
#9601 = VECTOR('',#9602,1.);
#9602 = DIRECTION('',(0.,-1.));
#9603 = ( GEOMETRIC_REPRESENTATION_CONTEXT(2) 
PARAMETRIC_REPRESENTATION_CONTEXT() REPRESENTATION_CONTEXT('2D SPACE',''
  ) );
#9604 = PCURVE('',#9330,#9605);
#9605 = DEFINITIONAL_REPRESENTATION('',(#9606),#9610);
#9606 = LINE('',#9607,#9608);
#9607 = CARTESIAN_POINT('',(1.,0.));
#9608 = VECTOR('',#9609,1.);
#9609 = DIRECTION('',(0.,-1.));
#9610 = ( GEOMETRIC_REPRESENTATION_CONTEXT(2) 
PARAMETRIC_REPRESENTATION_CONTEXT() REPRESENTATION_CONTEXT('2D SPACE',''
  ) );
#9611 = ORIENTED_EDGE('',*,*,#8984,.T.);
#9612 = ORIENTED_EDGE('',*,*,#9613,.F.);
#9613 = EDGE_CURVE('',#9614,#8987,#9616,.T.);
#9614 = VERTEX_POINT('',#9615);
#9615 = CARTESIAN_POINT('',(24.686865234375,11.,1.2939453125));
#9616 = SURFACE_CURVE('',#9617,(#9621,#9628),.PCURVE_S1.);
#9617 = LINE('',#9618,#9619);
#9618 = CARTESIAN_POINT('',(24.686865234375,11.,1.2939453125));
#9619 = VECTOR('',#9620,1.);
#9620 = DIRECTION('',(0.,-1.,-0.));
#9621 = PCURVE('',#9002,#9622);
#9622 = DEFINITIONAL_REPRESENTATION('',(#9623),#9627);
#9623 = LINE('',#9624,#9625);
#9624 = CARTESIAN_POINT('',(1.,0.));
#9625 = VECTOR('',#9626,1.);
#9626 = DIRECTION('',(0.,-1.));
#9627 = ( GEOMETRIC_REPRESENTATION_CONTEXT(2) 
PARAMETRIC_REPRESENTATION_CONTEXT() REPRESENTATION_CONTEXT('2D SPACE',''
  ) );
#9628 = PCURVE('',#9032,#9629);
#9629 = DEFINITIONAL_REPRESENTATION('',(#9630),#9634);
#9630 = LINE('',#9631,#9632);
#9631 = CARTESIAN_POINT('',(0.,0.));
#9632 = VECTOR('',#9633,1.);
#9633 = DIRECTION('',(0.,-1.));
#9634 = ( GEOMETRIC_REPRESENTATION_CONTEXT(2) 
PARAMETRIC_REPRESENTATION_CONTEXT() REPRESENTATION_CONTEXT('2D SPACE',''
  ) );
#9635 = ORIENTED_EDGE('',*,*,#9636,.F.);
#9636 = EDGE_CURVE('',#9590,#9614,#9637,.T.);
#9637 = SURFACE_CURVE('',#9638,(#9642,#9649),.PCURVE_S1.);
#9638 = B_SPLINE_CURVE_WITH_KNOTS('',2,(#9639,#9640,#9641),
  .UNSPECIFIED.,.F.,.F.,(3,3),(0.,1.),.PIECEWISE_BEZIER_KNOTS.);
#9639 = CARTESIAN_POINT('',(24.464697265625,11.,1.373291015625));
#9640 = CARTESIAN_POINT('',(24.589208984375,11.,1.373291015625));
#9641 = CARTESIAN_POINT('',(24.686865234375,11.,1.2939453125));
#9642 = PCURVE('',#9002,#9643);
#9643 = DEFINITIONAL_REPRESENTATION('',(#9644),#9648);
#9644 = LINE('',#9645,#9646);
#9645 = CARTESIAN_POINT('',(0.,0.));
#9646 = VECTOR('',#9647,1.);
#9647 = DIRECTION('',(1.,0.));
#9648 = ( GEOMETRIC_REPRESENTATION_CONTEXT(2) 
PARAMETRIC_REPRESENTATION_CONTEXT() REPRESENTATION_CONTEXT('2D SPACE',''
  ) );
#9649 = PCURVE('',#9650,#9655);
#9650 = PLANE('',#9651);
#9651 = AXIS2_PLACEMENT_3D('',#9652,#9653,#9654);
#9652 = CARTESIAN_POINT('',(4.,11.,-7.));
#9653 = DIRECTION('',(0.,1.,0.));
#9654 = DIRECTION('',(0.,0.,1.));
#9655 = DEFINITIONAL_REPRESENTATION('',(#9656),#9660);
#9656 = B_SPLINE_CURVE_WITH_KNOTS('',2,(#9657,#9658,#9659),
  .UNSPECIFIED.,.F.,.F.,(3,3),(0.,1.),.PIECEWISE_BEZIER_KNOTS.);
#9657 = CARTESIAN_POINT('',(8.373291015625,20.464697265625));
#9658 = CARTESIAN_POINT('',(8.373291015625,20.589208984375));
#9659 = CARTESIAN_POINT('',(8.2939453125,20.686865234375));
#9660 = ( GEOMETRIC_REPRESENTATION_CONTEXT(2) 
PARAMETRIC_REPRESENTATION_CONTEXT() REPRESENTATION_CONTEXT('2D SPACE',''
  ) );
#9661 = ADVANCED_FACE('',(#9662),#9032,.T.);
#9662 = FACE_BOUND('',#9663,.T.);
#9663 = EDGE_LOOP('',(#9664,#9665,#9666,#9689));
#9664 = ORIENTED_EDGE('',*,*,#9613,.T.);
#9665 = ORIENTED_EDGE('',*,*,#9016,.T.);
#9666 = ORIENTED_EDGE('',*,*,#9667,.F.);
#9667 = EDGE_CURVE('',#9668,#9017,#9670,.T.);
#9668 = VERTEX_POINT('',#9669);
#9669 = CARTESIAN_POINT('',(24.838232421875,11.,1.009521484375));
#9670 = SURFACE_CURVE('',#9671,(#9675,#9682),.PCURVE_S1.);
#9671 = LINE('',#9672,#9673);
#9672 = CARTESIAN_POINT('',(24.838232421875,11.,1.009521484375));
#9673 = VECTOR('',#9674,1.);
#9674 = DIRECTION('',(0.,-1.,-0.));
#9675 = PCURVE('',#9032,#9676);
#9676 = DEFINITIONAL_REPRESENTATION('',(#9677),#9681);
#9677 = LINE('',#9678,#9679);
#9678 = CARTESIAN_POINT('',(1.,0.));
#9679 = VECTOR('',#9680,1.);
#9680 = DIRECTION('',(0.,-1.));
#9681 = ( GEOMETRIC_REPRESENTATION_CONTEXT(2) 
PARAMETRIC_REPRESENTATION_CONTEXT() REPRESENTATION_CONTEXT('2D SPACE',''
  ) );
#9682 = PCURVE('',#9062,#9683);
#9683 = DEFINITIONAL_REPRESENTATION('',(#9684),#9688);
#9684 = LINE('',#9685,#9686);
#9685 = CARTESIAN_POINT('',(0.,0.));
#9686 = VECTOR('',#9687,1.);
#9687 = DIRECTION('',(0.,-1.));
#9688 = ( GEOMETRIC_REPRESENTATION_CONTEXT(2) 
PARAMETRIC_REPRESENTATION_CONTEXT() REPRESENTATION_CONTEXT('2D SPACE',''
  ) );
#9689 = ORIENTED_EDGE('',*,*,#9690,.F.);
#9690 = EDGE_CURVE('',#9614,#9668,#9691,.T.);
#9691 = SURFACE_CURVE('',#9692,(#9696,#9703),.PCURVE_S1.);
#9692 = B_SPLINE_CURVE_WITH_KNOTS('',2,(#9693,#9694,#9695),
  .UNSPECIFIED.,.F.,.F.,(3,3),(0.,1.),.PIECEWISE_BEZIER_KNOTS.);
#9693 = CARTESIAN_POINT('',(24.686865234375,11.,1.2939453125));
#9694 = CARTESIAN_POINT('',(24.784521484375,11.,1.214599609375));
#9695 = CARTESIAN_POINT('',(24.838232421875,11.,1.009521484375));
#9696 = PCURVE('',#9032,#9697);
#9697 = DEFINITIONAL_REPRESENTATION('',(#9698),#9702);
#9698 = LINE('',#9699,#9700);
#9699 = CARTESIAN_POINT('',(0.,0.));
#9700 = VECTOR('',#9701,1.);
#9701 = DIRECTION('',(1.,0.));
#9702 = ( GEOMETRIC_REPRESENTATION_CONTEXT(2) 
PARAMETRIC_REPRESENTATION_CONTEXT() REPRESENTATION_CONTEXT('2D SPACE',''
  ) );
#9703 = PCURVE('',#9650,#9704);
#9704 = DEFINITIONAL_REPRESENTATION('',(#9705),#9709);
#9705 = B_SPLINE_CURVE_WITH_KNOTS('',2,(#9706,#9707,#9708),
  .UNSPECIFIED.,.F.,.F.,(3,3),(0.,1.),.PIECEWISE_BEZIER_KNOTS.);
#9706 = CARTESIAN_POINT('',(8.2939453125,20.686865234375));
#9707 = CARTESIAN_POINT('',(8.214599609375,20.784521484375));
#9708 = CARTESIAN_POINT('',(8.009521484375,20.838232421875));
#9709 = ( GEOMETRIC_REPRESENTATION_CONTEXT(2) 
PARAMETRIC_REPRESENTATION_CONTEXT() REPRESENTATION_CONTEXT('2D SPACE',''
  ) );
#9710 = ADVANCED_FACE('',(#9711),#9062,.T.);
#9711 = FACE_BOUND('',#9712,.T.);
#9712 = EDGE_LOOP('',(#9713,#9714,#9715,#9738));
#9713 = ORIENTED_EDGE('',*,*,#9667,.T.);
#9714 = ORIENTED_EDGE('',*,*,#9046,.T.);
#9715 = ORIENTED_EDGE('',*,*,#9716,.F.);
#9716 = EDGE_CURVE('',#9717,#9047,#9719,.T.);
#9717 = VERTEX_POINT('',#9718);
#9718 = CARTESIAN_POINT('',(24.909033203125,11.,0.113525390625));
#9719 = SURFACE_CURVE('',#9720,(#9724,#9731),.PCURVE_S1.);
#9720 = LINE('',#9721,#9722);
#9721 = CARTESIAN_POINT('',(24.909033203125,11.,0.113525390625));
#9722 = VECTOR('',#9723,1.);
#9723 = DIRECTION('',(0.,-1.,-0.));
#9724 = PCURVE('',#9062,#9725);
#9725 = DEFINITIONAL_REPRESENTATION('',(#9726),#9730);
#9726 = LINE('',#9727,#9728);
#9727 = CARTESIAN_POINT('',(1.,0.));
#9728 = VECTOR('',#9729,1.);
#9729 = DIRECTION('',(0.,-1.));
#9730 = ( GEOMETRIC_REPRESENTATION_CONTEXT(2) 
PARAMETRIC_REPRESENTATION_CONTEXT() REPRESENTATION_CONTEXT('2D SPACE',''
  ) );
#9731 = PCURVE('',#9092,#9732);
#9732 = DEFINITIONAL_REPRESENTATION('',(#9733),#9737);
#9733 = LINE('',#9734,#9735);
#9734 = CARTESIAN_POINT('',(0.,0.));
#9735 = VECTOR('',#9736,1.);
#9736 = DIRECTION('',(0.,-1.));
#9737 = ( GEOMETRIC_REPRESENTATION_CONTEXT(2) 
PARAMETRIC_REPRESENTATION_CONTEXT() REPRESENTATION_CONTEXT('2D SPACE',''
  ) );
#9738 = ORIENTED_EDGE('',*,*,#9739,.F.);
#9739 = EDGE_CURVE('',#9668,#9717,#9740,.T.);
#9740 = SURFACE_CURVE('',#9741,(#9745,#9752),.PCURVE_S1.);
#9741 = B_SPLINE_CURVE_WITH_KNOTS('',2,(#9742,#9743,#9744),
  .UNSPECIFIED.,.F.,.F.,(3,3),(0.,1.),.PIECEWISE_BEZIER_KNOTS.);
#9742 = CARTESIAN_POINT('',(24.838232421875,11.,1.009521484375));
#9743 = CARTESIAN_POINT('',(24.909033203125,11.,0.743408203125));
#9744 = CARTESIAN_POINT('',(24.909033203125,11.,0.113525390625));
#9745 = PCURVE('',#9062,#9746);
#9746 = DEFINITIONAL_REPRESENTATION('',(#9747),#9751);
#9747 = LINE('',#9748,#9749);
#9748 = CARTESIAN_POINT('',(0.,0.));
#9749 = VECTOR('',#9750,1.);
#9750 = DIRECTION('',(1.,0.));
#9751 = ( GEOMETRIC_REPRESENTATION_CONTEXT(2) 
PARAMETRIC_REPRESENTATION_CONTEXT() REPRESENTATION_CONTEXT('2D SPACE',''
  ) );
#9752 = PCURVE('',#9650,#9753);
#9753 = DEFINITIONAL_REPRESENTATION('',(#9754),#9758);
#9754 = B_SPLINE_CURVE_WITH_KNOTS('',2,(#9755,#9756,#9757),
  .UNSPECIFIED.,.F.,.F.,(3,3),(0.,1.),.PIECEWISE_BEZIER_KNOTS.);
#9755 = CARTESIAN_POINT('',(8.009521484375,20.838232421875));
#9756 = CARTESIAN_POINT('',(7.743408203125,20.909033203125));
#9757 = CARTESIAN_POINT('',(7.113525390625,20.909033203125));
#9758 = ( GEOMETRIC_REPRESENTATION_CONTEXT(2) 
PARAMETRIC_REPRESENTATION_CONTEXT() REPRESENTATION_CONTEXT('2D SPACE',''
  ) );
#9759 = ADVANCED_FACE('',(#9760),#9092,.T.);
#9760 = FACE_BOUND('',#9761,.T.);
#9761 = EDGE_LOOP('',(#9762,#9763,#9764,#9787));
#9762 = ORIENTED_EDGE('',*,*,#9716,.T.);
#9763 = ORIENTED_EDGE('',*,*,#9076,.T.);
#9764 = ORIENTED_EDGE('',*,*,#9765,.F.);
#9765 = EDGE_CURVE('',#9766,#9077,#9768,.T.);
#9766 = VERTEX_POINT('',#9767);
#9767 = CARTESIAN_POINT('',(24.845556640625,11.,-0.751953125));
#9768 = SURFACE_CURVE('',#9769,(#9773,#9780),.PCURVE_S1.);
#9769 = LINE('',#9770,#9771);
#9770 = CARTESIAN_POINT('',(24.845556640625,11.,-0.751953125));
#9771 = VECTOR('',#9772,1.);
#9772 = DIRECTION('',(0.,-1.,-0.));
#9773 = PCURVE('',#9092,#9774);
#9774 = DEFINITIONAL_REPRESENTATION('',(#9775),#9779);
#9775 = LINE('',#9776,#9777);
#9776 = CARTESIAN_POINT('',(1.,0.));
#9777 = VECTOR('',#9778,1.);
#9778 = DIRECTION('',(0.,-1.));
#9779 = ( GEOMETRIC_REPRESENTATION_CONTEXT(2) 
PARAMETRIC_REPRESENTATION_CONTEXT() REPRESENTATION_CONTEXT('2D SPACE',''
  ) );
#9780 = PCURVE('',#9122,#9781);
#9781 = DEFINITIONAL_REPRESENTATION('',(#9782),#9786);
#9782 = LINE('',#9783,#9784);
#9783 = CARTESIAN_POINT('',(0.,0.));
#9784 = VECTOR('',#9785,1.);
#9785 = DIRECTION('',(0.,-1.));
#9786 = ( GEOMETRIC_REPRESENTATION_CONTEXT(2) 
PARAMETRIC_REPRESENTATION_CONTEXT() REPRESENTATION_CONTEXT('2D SPACE',''
  ) );
#9787 = ORIENTED_EDGE('',*,*,#9788,.F.);
#9788 = EDGE_CURVE('',#9717,#9766,#9789,.T.);
#9789 = SURFACE_CURVE('',#9790,(#9794,#9801),.PCURVE_S1.);
#9790 = B_SPLINE_CURVE_WITH_KNOTS('',2,(#9791,#9792,#9793),
  .UNSPECIFIED.,.F.,.F.,(3,3),(0.,1.),.PIECEWISE_BEZIER_KNOTS.);
#9791 = CARTESIAN_POINT('',(24.909033203125,11.,0.113525390625));
#9792 = CARTESIAN_POINT('',(24.909033203125,11.,-0.516357421875));
#9793 = CARTESIAN_POINT('',(24.845556640625,11.,-0.751953125));
#9794 = PCURVE('',#9092,#9795);
#9795 = DEFINITIONAL_REPRESENTATION('',(#9796),#9800);
#9796 = LINE('',#9797,#9798);
#9797 = CARTESIAN_POINT('',(0.,0.));
#9798 = VECTOR('',#9799,1.);
#9799 = DIRECTION('',(1.,0.));
#9800 = ( GEOMETRIC_REPRESENTATION_CONTEXT(2) 
PARAMETRIC_REPRESENTATION_CONTEXT() REPRESENTATION_CONTEXT('2D SPACE',''
  ) );
#9801 = PCURVE('',#9650,#9802);
#9802 = DEFINITIONAL_REPRESENTATION('',(#9803),#9807);
#9803 = B_SPLINE_CURVE_WITH_KNOTS('',2,(#9804,#9805,#9806),
  .UNSPECIFIED.,.F.,.F.,(3,3),(0.,1.),.PIECEWISE_BEZIER_KNOTS.);
#9804 = CARTESIAN_POINT('',(7.113525390625,20.909033203125));
#9805 = CARTESIAN_POINT('',(6.483642578125,20.909033203125));
#9806 = CARTESIAN_POINT('',(6.248046875,20.845556640625));
#9807 = ( GEOMETRIC_REPRESENTATION_CONTEXT(2) 
PARAMETRIC_REPRESENTATION_CONTEXT() REPRESENTATION_CONTEXT('2D SPACE',''
  ) );
#9808 = ADVANCED_FACE('',(#9809),#9122,.T.);
#9809 = FACE_BOUND('',#9810,.T.);
#9810 = EDGE_LOOP('',(#9811,#9812,#9813,#9836));
#9811 = ORIENTED_EDGE('',*,*,#9765,.T.);
#9812 = ORIENTED_EDGE('',*,*,#9106,.T.);
#9813 = ORIENTED_EDGE('',*,*,#9814,.F.);
#9814 = EDGE_CURVE('',#9815,#9107,#9817,.T.);
#9815 = VERTEX_POINT('',#9816);
#9816 = CARTESIAN_POINT('',(24.68564453125,11.,-1.065673828125));
#9817 = SURFACE_CURVE('',#9818,(#9822,#9829),.PCURVE_S1.);
#9818 = LINE('',#9819,#9820);
#9819 = CARTESIAN_POINT('',(24.68564453125,11.,-1.065673828125));
#9820 = VECTOR('',#9821,1.);
#9821 = DIRECTION('',(0.,-1.,-0.));
#9822 = PCURVE('',#9122,#9823);
#9823 = DEFINITIONAL_REPRESENTATION('',(#9824),#9828);
#9824 = LINE('',#9825,#9826);
#9825 = CARTESIAN_POINT('',(1.,0.));
#9826 = VECTOR('',#9827,1.);
#9827 = DIRECTION('',(0.,-1.));
#9828 = ( GEOMETRIC_REPRESENTATION_CONTEXT(2) 
PARAMETRIC_REPRESENTATION_CONTEXT() REPRESENTATION_CONTEXT('2D SPACE',''
  ) );
#9829 = PCURVE('',#9152,#9830);
#9830 = DEFINITIONAL_REPRESENTATION('',(#9831),#9835);
#9831 = LINE('',#9832,#9833);
#9832 = CARTESIAN_POINT('',(0.,0.));
#9833 = VECTOR('',#9834,1.);
#9834 = DIRECTION('',(0.,-1.));
#9835 = ( GEOMETRIC_REPRESENTATION_CONTEXT(2) 
PARAMETRIC_REPRESENTATION_CONTEXT() REPRESENTATION_CONTEXT('2D SPACE',''
  ) );
#9836 = ORIENTED_EDGE('',*,*,#9837,.F.);
#9837 = EDGE_CURVE('',#9766,#9815,#9838,.T.);
#9838 = SURFACE_CURVE('',#9839,(#9843,#9850),.PCURVE_S1.);
#9839 = B_SPLINE_CURVE_WITH_KNOTS('',2,(#9840,#9841,#9842),
  .UNSPECIFIED.,.F.,.F.,(3,3),(0.,1.),.PIECEWISE_BEZIER_KNOTS.);
#9840 = CARTESIAN_POINT('',(24.845556640625,11.,-0.751953125));
#9841 = CARTESIAN_POINT('',(24.782080078125,11.,-0.987548828125));
#9842 = CARTESIAN_POINT('',(24.68564453125,11.,-1.065673828125));
#9843 = PCURVE('',#9122,#9844);
#9844 = DEFINITIONAL_REPRESENTATION('',(#9845),#9849);
#9845 = LINE('',#9846,#9847);
#9846 = CARTESIAN_POINT('',(0.,0.));
#9847 = VECTOR('',#9848,1.);
#9848 = DIRECTION('',(1.,0.));
#9849 = ( GEOMETRIC_REPRESENTATION_CONTEXT(2) 
PARAMETRIC_REPRESENTATION_CONTEXT() REPRESENTATION_CONTEXT('2D SPACE',''
  ) );
#9850 = PCURVE('',#9650,#9851);
#9851 = DEFINITIONAL_REPRESENTATION('',(#9852),#9856);
#9852 = B_SPLINE_CURVE_WITH_KNOTS('',2,(#9853,#9854,#9855),
  .UNSPECIFIED.,.F.,.F.,(3,3),(0.,1.),.PIECEWISE_BEZIER_KNOTS.);
#9853 = CARTESIAN_POINT('',(6.248046875,20.845556640625));
#9854 = CARTESIAN_POINT('',(6.012451171875,20.782080078125));
#9855 = CARTESIAN_POINT('',(5.934326171875,20.68564453125));
#9856 = ( GEOMETRIC_REPRESENTATION_CONTEXT(2) 
PARAMETRIC_REPRESENTATION_CONTEXT() REPRESENTATION_CONTEXT('2D SPACE',''
  ) );
#9857 = ADVANCED_FACE('',(#9858),#9152,.T.);
#9858 = FACE_BOUND('',#9859,.T.);
#9859 = EDGE_LOOP('',(#9860,#9861,#9862,#9885));
#9860 = ORIENTED_EDGE('',*,*,#9814,.T.);
#9861 = ORIENTED_EDGE('',*,*,#9136,.T.);
#9862 = ORIENTED_EDGE('',*,*,#9863,.F.);
#9863 = EDGE_CURVE('',#9864,#9137,#9866,.T.);
#9864 = VERTEX_POINT('',#9865);
#9865 = CARTESIAN_POINT('',(24.464697265625,11.,-1.143798828125));
#9866 = SURFACE_CURVE('',#9867,(#9871,#9878),.PCURVE_S1.);
#9867 = LINE('',#9868,#9869);
#9868 = CARTESIAN_POINT('',(24.464697265625,11.,-1.143798828125));
#9869 = VECTOR('',#9870,1.);
#9870 = DIRECTION('',(0.,-1.,-0.));
#9871 = PCURVE('',#9152,#9872);
#9872 = DEFINITIONAL_REPRESENTATION('',(#9873),#9877);
#9873 = LINE('',#9874,#9875);
#9874 = CARTESIAN_POINT('',(1.,0.));
#9875 = VECTOR('',#9876,1.);
#9876 = DIRECTION('',(0.,-1.));
#9877 = ( GEOMETRIC_REPRESENTATION_CONTEXT(2) 
PARAMETRIC_REPRESENTATION_CONTEXT() REPRESENTATION_CONTEXT('2D SPACE',''
  ) );
#9878 = PCURVE('',#9182,#9879);
#9879 = DEFINITIONAL_REPRESENTATION('',(#9880),#9884);
#9880 = LINE('',#9881,#9882);
#9881 = CARTESIAN_POINT('',(0.,0.));
#9882 = VECTOR('',#9883,1.);
#9883 = DIRECTION('',(0.,-1.));
#9884 = ( GEOMETRIC_REPRESENTATION_CONTEXT(2) 
PARAMETRIC_REPRESENTATION_CONTEXT() REPRESENTATION_CONTEXT('2D SPACE',''
  ) );
#9885 = ORIENTED_EDGE('',*,*,#9886,.F.);
#9886 = EDGE_CURVE('',#9815,#9864,#9887,.T.);
#9887 = SURFACE_CURVE('',#9888,(#9892,#9899),.PCURVE_S1.);
#9888 = B_SPLINE_CURVE_WITH_KNOTS('',2,(#9889,#9890,#9891),
  .UNSPECIFIED.,.F.,.F.,(3,3),(0.,1.),.PIECEWISE_BEZIER_KNOTS.);
#9889 = CARTESIAN_POINT('',(24.68564453125,11.,-1.065673828125));
#9890 = CARTESIAN_POINT('',(24.589208984375,11.,-1.143798828125));
#9891 = CARTESIAN_POINT('',(24.464697265625,11.,-1.143798828125));
#9892 = PCURVE('',#9152,#9893);
#9893 = DEFINITIONAL_REPRESENTATION('',(#9894),#9898);
#9894 = LINE('',#9895,#9896);
#9895 = CARTESIAN_POINT('',(0.,0.));
#9896 = VECTOR('',#9897,1.);
#9897 = DIRECTION('',(1.,0.));
#9898 = ( GEOMETRIC_REPRESENTATION_CONTEXT(2) 
PARAMETRIC_REPRESENTATION_CONTEXT() REPRESENTATION_CONTEXT('2D SPACE',''
  ) );
#9899 = PCURVE('',#9650,#9900);
#9900 = DEFINITIONAL_REPRESENTATION('',(#9901),#9905);
#9901 = B_SPLINE_CURVE_WITH_KNOTS('',2,(#9902,#9903,#9904),
  .UNSPECIFIED.,.F.,.F.,(3,3),(0.,1.),.PIECEWISE_BEZIER_KNOTS.);
#9902 = CARTESIAN_POINT('',(5.934326171875,20.68564453125));
#9903 = CARTESIAN_POINT('',(5.856201171875,20.589208984375));
#9904 = CARTESIAN_POINT('',(5.856201171875,20.464697265625));
#9905 = ( GEOMETRIC_REPRESENTATION_CONTEXT(2) 
PARAMETRIC_REPRESENTATION_CONTEXT() REPRESENTATION_CONTEXT('2D SPACE',''
  ) );
#9906 = ADVANCED_FACE('',(#9907),#9182,.T.);
#9907 = FACE_BOUND('',#9908,.T.);
#9908 = EDGE_LOOP('',(#9909,#9910,#9911,#9934));
#9909 = ORIENTED_EDGE('',*,*,#9863,.T.);
#9910 = ORIENTED_EDGE('',*,*,#9166,.T.);
#9911 = ORIENTED_EDGE('',*,*,#9912,.F.);
#9912 = EDGE_CURVE('',#9913,#9167,#9915,.T.);
#9913 = VERTEX_POINT('',#9914);
#9914 = CARTESIAN_POINT('',(24.242529296875,11.,-1.064453125));
#9915 = SURFACE_CURVE('',#9916,(#9920,#9927),.PCURVE_S1.);
#9916 = LINE('',#9917,#9918);
#9917 = CARTESIAN_POINT('',(24.242529296875,11.,-1.064453125));
#9918 = VECTOR('',#9919,1.);
#9919 = DIRECTION('',(0.,-1.,-0.));
#9920 = PCURVE('',#9182,#9921);
#9921 = DEFINITIONAL_REPRESENTATION('',(#9922),#9926);
#9922 = LINE('',#9923,#9924);
#9923 = CARTESIAN_POINT('',(1.,0.));
#9924 = VECTOR('',#9925,1.);
#9925 = DIRECTION('',(0.,-1.));
#9926 = ( GEOMETRIC_REPRESENTATION_CONTEXT(2) 
PARAMETRIC_REPRESENTATION_CONTEXT() REPRESENTATION_CONTEXT('2D SPACE',''
  ) );
#9927 = PCURVE('',#9212,#9928);
#9928 = DEFINITIONAL_REPRESENTATION('',(#9929),#9933);
#9929 = LINE('',#9930,#9931);
#9930 = CARTESIAN_POINT('',(0.,0.));
#9931 = VECTOR('',#9932,1.);
#9932 = DIRECTION('',(0.,-1.));
#9933 = ( GEOMETRIC_REPRESENTATION_CONTEXT(2) 
PARAMETRIC_REPRESENTATION_CONTEXT() REPRESENTATION_CONTEXT('2D SPACE',''
  ) );
#9934 = ORIENTED_EDGE('',*,*,#9935,.F.);
#9935 = EDGE_CURVE('',#9864,#9913,#9936,.T.);
#9936 = SURFACE_CURVE('',#9937,(#9941,#9948),.PCURVE_S1.);
#9937 = B_SPLINE_CURVE_WITH_KNOTS('',2,(#9938,#9939,#9940),
  .UNSPECIFIED.,.F.,.F.,(3,3),(0.,1.),.PIECEWISE_BEZIER_KNOTS.);
#9938 = CARTESIAN_POINT('',(24.464697265625,11.,-1.143798828125));
#9939 = CARTESIAN_POINT('',(24.340185546875,11.,-1.143798828125));
#9940 = CARTESIAN_POINT('',(24.242529296875,11.,-1.064453125));
#9941 = PCURVE('',#9182,#9942);
#9942 = DEFINITIONAL_REPRESENTATION('',(#9943),#9947);
#9943 = LINE('',#9944,#9945);
#9944 = CARTESIAN_POINT('',(0.,0.));
#9945 = VECTOR('',#9946,1.);
#9946 = DIRECTION('',(1.,0.));
#9947 = ( GEOMETRIC_REPRESENTATION_CONTEXT(2) 
PARAMETRIC_REPRESENTATION_CONTEXT() REPRESENTATION_CONTEXT('2D SPACE',''
  ) );
#9948 = PCURVE('',#9650,#9949);
#9949 = DEFINITIONAL_REPRESENTATION('',(#9950),#9954);
#9950 = B_SPLINE_CURVE_WITH_KNOTS('',2,(#9951,#9952,#9953),
  .UNSPECIFIED.,.F.,.F.,(3,3),(0.,1.),.PIECEWISE_BEZIER_KNOTS.);
#9951 = CARTESIAN_POINT('',(5.856201171875,20.464697265625));
#9952 = CARTESIAN_POINT('',(5.856201171875,20.340185546875));
#9953 = CARTESIAN_POINT('',(5.935546875,20.242529296875));
#9954 = ( GEOMETRIC_REPRESENTATION_CONTEXT(2) 
PARAMETRIC_REPRESENTATION_CONTEXT() REPRESENTATION_CONTEXT('2D SPACE',''
  ) );
#9955 = ADVANCED_FACE('',(#9956),#9212,.T.);
#9956 = FACE_BOUND('',#9957,.T.);
#9957 = EDGE_LOOP('',(#9958,#9959,#9960,#9983));
#9958 = ORIENTED_EDGE('',*,*,#9912,.T.);
#9959 = ORIENTED_EDGE('',*,*,#9196,.T.);
#9960 = ORIENTED_EDGE('',*,*,#9961,.F.);
#9961 = EDGE_CURVE('',#9962,#9197,#9964,.T.);
#9962 = VERTEX_POINT('',#9963);
#9963 = CARTESIAN_POINT('',(24.091162109375,11.,-0.780029296875));
#9964 = SURFACE_CURVE('',#9965,(#9969,#9976),.PCURVE_S1.);
#9965 = LINE('',#9966,#9967);
#9966 = CARTESIAN_POINT('',(24.091162109375,11.,-0.780029296875));
#9967 = VECTOR('',#9968,1.);
#9968 = DIRECTION('',(0.,-1.,-0.));
#9969 = PCURVE('',#9212,#9970);
#9970 = DEFINITIONAL_REPRESENTATION('',(#9971),#9975);
#9971 = LINE('',#9972,#9973);
#9972 = CARTESIAN_POINT('',(1.,0.));
#9973 = VECTOR('',#9974,1.);
#9974 = DIRECTION('',(0.,-1.));
#9975 = ( GEOMETRIC_REPRESENTATION_CONTEXT(2) 
PARAMETRIC_REPRESENTATION_CONTEXT() REPRESENTATION_CONTEXT('2D SPACE',''
  ) );
#9976 = PCURVE('',#9242,#9977);
#9977 = DEFINITIONAL_REPRESENTATION('',(#9978),#9982);
#9978 = LINE('',#9979,#9980);
#9979 = CARTESIAN_POINT('',(0.,0.));
#9980 = VECTOR('',#9981,1.);
#9981 = DIRECTION('',(0.,-1.));
#9982 = ( GEOMETRIC_REPRESENTATION_CONTEXT(2) 
PARAMETRIC_REPRESENTATION_CONTEXT() REPRESENTATION_CONTEXT('2D SPACE',''
  ) );
#9983 = ORIENTED_EDGE('',*,*,#9984,.F.);
#9984 = EDGE_CURVE('',#9913,#9962,#9985,.T.);
#9985 = SURFACE_CURVE('',#9986,(#9990,#9997),.PCURVE_S1.);
#9986 = B_SPLINE_CURVE_WITH_KNOTS('',2,(#9987,#9988,#9989),
  .UNSPECIFIED.,.F.,.F.,(3,3),(0.,1.),.PIECEWISE_BEZIER_KNOTS.);
#9987 = CARTESIAN_POINT('',(24.242529296875,11.,-1.064453125));
#9988 = CARTESIAN_POINT('',(24.144873046875,11.,-0.985107421875));
#9989 = CARTESIAN_POINT('',(24.091162109375,11.,-0.780029296875));
#9990 = PCURVE('',#9212,#9991);
#9991 = DEFINITIONAL_REPRESENTATION('',(#9992),#9996);
#9992 = LINE('',#9993,#9994);
#9993 = CARTESIAN_POINT('',(0.,0.));
#9994 = VECTOR('',#9995,1.);
#9995 = DIRECTION('',(1.,0.));
#9996 = ( GEOMETRIC_REPRESENTATION_CONTEXT(2) 
PARAMETRIC_REPRESENTATION_CONTEXT() REPRESENTATION_CONTEXT('2D SPACE',''
  ) );
#9997 = PCURVE('',#9650,#9998);
#9998 = DEFINITIONAL_REPRESENTATION('',(#9999),#10003);
#9999 = B_SPLINE_CURVE_WITH_KNOTS('',2,(#10000,#10001,#10002),
  .UNSPECIFIED.,.F.,.F.,(3,3),(0.,1.),.PIECEWISE_BEZIER_KNOTS.);
#10000 = CARTESIAN_POINT('',(5.935546875,20.242529296875));
#10001 = CARTESIAN_POINT('',(6.014892578125,20.144873046875));
#10002 = CARTESIAN_POINT('',(6.219970703125,20.091162109375));
#10003 = ( GEOMETRIC_REPRESENTATION_CONTEXT(2) 
PARAMETRIC_REPRESENTATION_CONTEXT() REPRESENTATION_CONTEXT('2D SPACE',''
  ) );
#10004 = ADVANCED_FACE('',(#10005),#9242,.T.);
#10005 = FACE_BOUND('',#10006,.T.);
#10006 = EDGE_LOOP('',(#10007,#10008,#10009,#10032));
#10007 = ORIENTED_EDGE('',*,*,#9961,.T.);
#10008 = ORIENTED_EDGE('',*,*,#9226,.T.);
#10009 = ORIENTED_EDGE('',*,*,#10010,.F.);
#10010 = EDGE_CURVE('',#10011,#9227,#10013,.T.);
#10011 = VERTEX_POINT('',#10012);
#10012 = CARTESIAN_POINT('',(24.020361328125,11.,0.113525390625));
#10013 = SURFACE_CURVE('',#10014,(#10018,#10025),.PCURVE_S1.);
#10014 = LINE('',#10015,#10016);
#10015 = CARTESIAN_POINT('',(24.020361328125,11.,0.113525390625));
#10016 = VECTOR('',#10017,1.);
#10017 = DIRECTION('',(0.,-1.,-0.));
#10018 = PCURVE('',#9242,#10019);
#10019 = DEFINITIONAL_REPRESENTATION('',(#10020),#10024);
#10020 = LINE('',#10021,#10022);
#10021 = CARTESIAN_POINT('',(1.,0.));
#10022 = VECTOR('',#10023,1.);
#10023 = DIRECTION('',(0.,-1.));
#10024 = ( GEOMETRIC_REPRESENTATION_CONTEXT(2) 
PARAMETRIC_REPRESENTATION_CONTEXT() REPRESENTATION_CONTEXT('2D SPACE',''
  ) );
#10025 = PCURVE('',#9272,#10026);
#10026 = DEFINITIONAL_REPRESENTATION('',(#10027),#10031);
#10027 = LINE('',#10028,#10029);
#10028 = CARTESIAN_POINT('',(0.,0.));
#10029 = VECTOR('',#10030,1.);
#10030 = DIRECTION('',(0.,-1.));
#10031 = ( GEOMETRIC_REPRESENTATION_CONTEXT(2) 
PARAMETRIC_REPRESENTATION_CONTEXT() REPRESENTATION_CONTEXT('2D SPACE',''
  ) );
#10032 = ORIENTED_EDGE('',*,*,#10033,.F.);
#10033 = EDGE_CURVE('',#9962,#10011,#10034,.T.);
#10034 = SURFACE_CURVE('',#10035,(#10039,#10046),.PCURVE_S1.);
#10035 = B_SPLINE_CURVE_WITH_KNOTS('',2,(#10036,#10037,#10038),
  .UNSPECIFIED.,.F.,.F.,(3,3),(0.,1.),.PIECEWISE_BEZIER_KNOTS.);
#10036 = CARTESIAN_POINT('',(24.091162109375,11.,-0.780029296875));
#10037 = CARTESIAN_POINT('',(24.020361328125,11.,-0.516357421875));
#10038 = CARTESIAN_POINT('',(24.020361328125,11.,0.113525390625));
#10039 = PCURVE('',#9242,#10040);
#10040 = DEFINITIONAL_REPRESENTATION('',(#10041),#10045);
#10041 = LINE('',#10042,#10043);
#10042 = CARTESIAN_POINT('',(0.,0.));
#10043 = VECTOR('',#10044,1.);
#10044 = DIRECTION('',(1.,0.));
#10045 = ( GEOMETRIC_REPRESENTATION_CONTEXT(2) 
PARAMETRIC_REPRESENTATION_CONTEXT() REPRESENTATION_CONTEXT('2D SPACE',''
  ) );
#10046 = PCURVE('',#9650,#10047);
#10047 = DEFINITIONAL_REPRESENTATION('',(#10048),#10052);
#10048 = B_SPLINE_CURVE_WITH_KNOTS('',2,(#10049,#10050,#10051),
  .UNSPECIFIED.,.F.,.F.,(3,3),(0.,1.),.PIECEWISE_BEZIER_KNOTS.);
#10049 = CARTESIAN_POINT('',(6.219970703125,20.091162109375));
#10050 = CARTESIAN_POINT('',(6.483642578125,20.020361328125));
#10051 = CARTESIAN_POINT('',(7.113525390625,20.020361328125));
#10052 = ( GEOMETRIC_REPRESENTATION_CONTEXT(2) 
PARAMETRIC_REPRESENTATION_CONTEXT() REPRESENTATION_CONTEXT('2D SPACE',''
  ) );
#10053 = ADVANCED_FACE('',(#10054),#9272,.T.);
#10054 = FACE_BOUND('',#10055,.T.);
#10055 = EDGE_LOOP('',(#10056,#10057,#10058,#10081));
#10056 = ORIENTED_EDGE('',*,*,#10010,.T.);
#10057 = ORIENTED_EDGE('',*,*,#9256,.T.);
#10058 = ORIENTED_EDGE('',*,*,#10059,.F.);
#10059 = EDGE_CURVE('',#10060,#9257,#10062,.T.);
#10060 = VERTEX_POINT('',#10061);
#10061 = CARTESIAN_POINT('',(24.083837890625,11.,0.97900390625));
#10062 = SURFACE_CURVE('',#10063,(#10067,#10074),.PCURVE_S1.);
#10063 = LINE('',#10064,#10065);
#10064 = CARTESIAN_POINT('',(24.083837890625,11.,0.97900390625));
#10065 = VECTOR('',#10066,1.);
#10066 = DIRECTION('',(0.,-1.,-0.));
#10067 = PCURVE('',#9272,#10068);
#10068 = DEFINITIONAL_REPRESENTATION('',(#10069),#10073);
#10069 = LINE('',#10070,#10071);
#10070 = CARTESIAN_POINT('',(1.,0.));
#10071 = VECTOR('',#10072,1.);
#10072 = DIRECTION('',(0.,-1.));
#10073 = ( GEOMETRIC_REPRESENTATION_CONTEXT(2) 
PARAMETRIC_REPRESENTATION_CONTEXT() REPRESENTATION_CONTEXT('2D SPACE',''
  ) );
#10074 = PCURVE('',#9302,#10075);
#10075 = DEFINITIONAL_REPRESENTATION('',(#10076),#10080);
#10076 = LINE('',#10077,#10078);
#10077 = CARTESIAN_POINT('',(0.,0.));
#10078 = VECTOR('',#10079,1.);
#10079 = DIRECTION('',(0.,-1.));
#10080 = ( GEOMETRIC_REPRESENTATION_CONTEXT(2) 
PARAMETRIC_REPRESENTATION_CONTEXT() REPRESENTATION_CONTEXT('2D SPACE',''
  ) );
#10081 = ORIENTED_EDGE('',*,*,#10082,.F.);
#10082 = EDGE_CURVE('',#10011,#10060,#10083,.T.);
#10083 = SURFACE_CURVE('',#10084,(#10088,#10095),.PCURVE_S1.);
#10084 = B_SPLINE_CURVE_WITH_KNOTS('',2,(#10085,#10086,#10087),
  .UNSPECIFIED.,.F.,.F.,(3,3),(0.,1.),.PIECEWISE_BEZIER_KNOTS.);
#10085 = CARTESIAN_POINT('',(24.020361328125,11.,0.113525390625));
#10086 = CARTESIAN_POINT('',(24.020361328125,11.,0.743408203125));
#10087 = CARTESIAN_POINT('',(24.083837890625,11.,0.97900390625));
#10088 = PCURVE('',#9272,#10089);
#10089 = DEFINITIONAL_REPRESENTATION('',(#10090),#10094);
#10090 = LINE('',#10091,#10092);
#10091 = CARTESIAN_POINT('',(0.,0.));
#10092 = VECTOR('',#10093,1.);
#10093 = DIRECTION('',(1.,0.));
#10094 = ( GEOMETRIC_REPRESENTATION_CONTEXT(2) 
PARAMETRIC_REPRESENTATION_CONTEXT() REPRESENTATION_CONTEXT('2D SPACE',''
  ) );
#10095 = PCURVE('',#9650,#10096);
#10096 = DEFINITIONAL_REPRESENTATION('',(#10097),#10101);
#10097 = B_SPLINE_CURVE_WITH_KNOTS('',2,(#10098,#10099,#10100),
  .UNSPECIFIED.,.F.,.F.,(3,3),(0.,1.),.PIECEWISE_BEZIER_KNOTS.);
#10098 = CARTESIAN_POINT('',(7.113525390625,20.020361328125));
#10099 = CARTESIAN_POINT('',(7.743408203125,20.020361328125));
#10100 = CARTESIAN_POINT('',(7.97900390625,20.083837890625));
#10101 = ( GEOMETRIC_REPRESENTATION_CONTEXT(2) 
PARAMETRIC_REPRESENTATION_CONTEXT() REPRESENTATION_CONTEXT('2D SPACE',''
  ) );
#10102 = ADVANCED_FACE('',(#10103),#9302,.T.);
#10103 = FACE_BOUND('',#10104,.T.);
#10104 = EDGE_LOOP('',(#10105,#10106,#10107,#10130));
#10105 = ORIENTED_EDGE('',*,*,#10059,.T.);
#10106 = ORIENTED_EDGE('',*,*,#9286,.T.);
#10107 = ORIENTED_EDGE('',*,*,#10108,.F.);
#10108 = EDGE_CURVE('',#10109,#9287,#10111,.T.);
#10109 = VERTEX_POINT('',#10110);
#10110 = CARTESIAN_POINT('',(24.24375,11.,1.2939453125));
#10111 = SURFACE_CURVE('',#10112,(#10116,#10123),.PCURVE_S1.);
#10112 = LINE('',#10113,#10114);
#10113 = CARTESIAN_POINT('',(24.24375,11.,1.2939453125));
#10114 = VECTOR('',#10115,1.);
#10115 = DIRECTION('',(0.,-1.,-0.));
#10116 = PCURVE('',#9302,#10117);
#10117 = DEFINITIONAL_REPRESENTATION('',(#10118),#10122);
#10118 = LINE('',#10119,#10120);
#10119 = CARTESIAN_POINT('',(1.,0.));
#10120 = VECTOR('',#10121,1.);
#10121 = DIRECTION('',(0.,-1.));
#10122 = ( GEOMETRIC_REPRESENTATION_CONTEXT(2) 
PARAMETRIC_REPRESENTATION_CONTEXT() REPRESENTATION_CONTEXT('2D SPACE',''
  ) );
#10123 = PCURVE('',#9330,#10124);
#10124 = DEFINITIONAL_REPRESENTATION('',(#10125),#10129);
#10125 = LINE('',#10126,#10127);
#10126 = CARTESIAN_POINT('',(0.,0.));
#10127 = VECTOR('',#10128,1.);
#10128 = DIRECTION('',(0.,-1.));
#10129 = ( GEOMETRIC_REPRESENTATION_CONTEXT(2) 
PARAMETRIC_REPRESENTATION_CONTEXT() REPRESENTATION_CONTEXT('2D SPACE',''
  ) );
#10130 = ORIENTED_EDGE('',*,*,#10131,.F.);
#10131 = EDGE_CURVE('',#10060,#10109,#10132,.T.);
#10132 = SURFACE_CURVE('',#10133,(#10137,#10144),.PCURVE_S1.);
#10133 = B_SPLINE_CURVE_WITH_KNOTS('',2,(#10134,#10135,#10136),
  .UNSPECIFIED.,.F.,.F.,(3,3),(0.,1.),.PIECEWISE_BEZIER_KNOTS.);
#10134 = CARTESIAN_POINT('',(24.083837890625,11.,0.97900390625));
#10135 = CARTESIAN_POINT('',(24.147314453125,11.,1.214599609375));
#10136 = CARTESIAN_POINT('',(24.24375,11.,1.2939453125));
#10137 = PCURVE('',#9302,#10138);
#10138 = DEFINITIONAL_REPRESENTATION('',(#10139),#10143);
#10139 = LINE('',#10140,#10141);
#10140 = CARTESIAN_POINT('',(0.,0.));
#10141 = VECTOR('',#10142,1.);
#10142 = DIRECTION('',(1.,0.));
#10143 = ( GEOMETRIC_REPRESENTATION_CONTEXT(2) 
PARAMETRIC_REPRESENTATION_CONTEXT() REPRESENTATION_CONTEXT('2D SPACE',''
  ) );
#10144 = PCURVE('',#9650,#10145);
#10145 = DEFINITIONAL_REPRESENTATION('',(#10146),#10150);
#10146 = B_SPLINE_CURVE_WITH_KNOTS('',2,(#10147,#10148,#10149),
  .UNSPECIFIED.,.F.,.F.,(3,3),(0.,1.),.PIECEWISE_BEZIER_KNOTS.);
#10147 = CARTESIAN_POINT('',(7.97900390625,20.083837890625));
#10148 = CARTESIAN_POINT('',(8.214599609375,20.147314453125));
#10149 = CARTESIAN_POINT('',(8.2939453125,20.24375));
#10150 = ( GEOMETRIC_REPRESENTATION_CONTEXT(2) 
PARAMETRIC_REPRESENTATION_CONTEXT() REPRESENTATION_CONTEXT('2D SPACE',''
  ) );
#10151 = ADVANCED_FACE('',(#10152),#9330,.T.);
#10152 = FACE_BOUND('',#10153,.T.);
#10153 = EDGE_LOOP('',(#10154,#10155,#10156,#10157));
#10154 = ORIENTED_EDGE('',*,*,#10108,.T.);
#10155 = ORIENTED_EDGE('',*,*,#9316,.T.);
#10156 = ORIENTED_EDGE('',*,*,#9589,.F.);
#10157 = ORIENTED_EDGE('',*,*,#10158,.F.);
#10158 = EDGE_CURVE('',#10109,#9590,#10159,.T.);
#10159 = SURFACE_CURVE('',#10160,(#10164,#10171),.PCURVE_S1.);
#10160 = B_SPLINE_CURVE_WITH_KNOTS('',2,(#10161,#10162,#10163),
  .UNSPECIFIED.,.F.,.F.,(3,3),(0.,1.),.PIECEWISE_BEZIER_KNOTS.);
#10161 = CARTESIAN_POINT('',(24.24375,11.,1.2939453125));
#10162 = CARTESIAN_POINT('',(24.340185546875,11.,1.373291015625));
#10163 = CARTESIAN_POINT('',(24.464697265625,11.,1.373291015625));
#10164 = PCURVE('',#9330,#10165);
#10165 = DEFINITIONAL_REPRESENTATION('',(#10166),#10170);
#10166 = LINE('',#10167,#10168);
#10167 = CARTESIAN_POINT('',(0.,0.));
#10168 = VECTOR('',#10169,1.);
#10169 = DIRECTION('',(1.,0.));
#10170 = ( GEOMETRIC_REPRESENTATION_CONTEXT(2) 
PARAMETRIC_REPRESENTATION_CONTEXT() REPRESENTATION_CONTEXT('2D SPACE',''
  ) );
#10171 = PCURVE('',#9650,#10172);
#10172 = DEFINITIONAL_REPRESENTATION('',(#10173),#10177);
#10173 = B_SPLINE_CURVE_WITH_KNOTS('',2,(#10174,#10175,#10176),
  .UNSPECIFIED.,.F.,.F.,(3,3),(0.,1.),.PIECEWISE_BEZIER_KNOTS.);
#10174 = CARTESIAN_POINT('',(8.2939453125,20.24375));
#10175 = CARTESIAN_POINT('',(8.373291015625,20.340185546875));
#10176 = CARTESIAN_POINT('',(8.373291015625,20.464697265625));
#10177 = ( GEOMETRIC_REPRESENTATION_CONTEXT(2) 
PARAMETRIC_REPRESENTATION_CONTEXT() REPRESENTATION_CONTEXT('2D SPACE',''
  ) );
#10178 = ADVANCED_FACE('',(#10179),#9498,.T.);
#10179 = FACE_BOUND('',#10180,.T.);
#10180 = EDGE_LOOP('',(#10181,#10182,#10183));
#10181 = ORIENTED_EDGE('',*,*,#9565,.T.);
#10182 = ORIENTED_EDGE('',*,*,#9484,.T.);
#10183 = ORIENTED_EDGE('',*,*,#9538,.T.);
#10184 = ADVANCED_FACE('',(#10185),#9650,.T.);
#10185 = FACE_BOUND('',#10186,.T.);
#10186 = EDGE_LOOP('',(#10187,#10188,#10189,#10190,#10191,#10192,#10193,
    #10194,#10195,#10196,#10197,#10198));
#10187 = ORIENTED_EDGE('',*,*,#10158,.T.);
#10188 = ORIENTED_EDGE('',*,*,#9636,.T.);
#10189 = ORIENTED_EDGE('',*,*,#9690,.T.);
#10190 = ORIENTED_EDGE('',*,*,#9739,.T.);
#10191 = ORIENTED_EDGE('',*,*,#9788,.T.);
#10192 = ORIENTED_EDGE('',*,*,#9837,.T.);
#10193 = ORIENTED_EDGE('',*,*,#9886,.T.);
#10194 = ORIENTED_EDGE('',*,*,#9935,.T.);
#10195 = ORIENTED_EDGE('',*,*,#9984,.T.);
#10196 = ORIENTED_EDGE('',*,*,#10033,.T.);
#10197 = ORIENTED_EDGE('',*,*,#10082,.T.);
#10198 = ORIENTED_EDGE('',*,*,#10131,.T.);
#10199 = ( GEOMETRIC_REPRESENTATION_CONTEXT(3) 
GLOBAL_UNCERTAINTY_ASSIGNED_CONTEXT((#10203)) 
GLOBAL_UNIT_ASSIGNED_CONTEXT((#10200,#10201,#10202)) 
REPRESENTATION_CONTEXT('Context #1',
  '3D Context with UNIT and UNCERTAINTY') );
#10200 = ( LENGTH_UNIT() NAMED_UNIT(*) SI_UNIT(.MILLI.,.METRE.) );
#10201 = ( NAMED_UNIT(*) PLANE_ANGLE_UNIT() SI_UNIT($,.RADIAN.) );
#10202 = ( NAMED_UNIT(*) SI_UNIT($,.STERADIAN.) SOLID_ANGLE_UNIT() );
#10203 = UNCERTAINTY_MEASURE_WITH_UNIT(LENGTH_MEASURE(1.E-07),#10200,
  'distance_accuracy_value','confusion accuracy');
#10204 = PRODUCT_RELATED_PRODUCT_CATEGORY('part',$,(#7));
ENDSEC;
END-ISO-10303-21;
