ISO-10303-21;
HEADER;
FILE_DESCRIPTION(('Open CASCADE Model'),'2;1');
FILE_NAME('WH-ADP-03 charge USB-C panel plate Rev A -- EEG field kit -- CC BY-SA 4.0','2026-09-02T18:43:32',('Author'),(
    'Open CASCADE'),'Open CASCADE STEP processor 7.9','Open CASCADE 7.9'
  ,'Unknown');
FILE_SCHEMA(('AUTOMOTIVE_DESIGN { 1 0 10303 214 1 1 1 1 }'));
ENDSEC;
DATA;
#1 = APPLICATION_PROTOCOL_DEFINITION('international standard',
  'automotive_design',2000,#2);
#2 = APPLICATION_CONTEXT(
  'core data for automotive mechanical design processes');
#3 = SHAPE_DEFINITION_REPRESENTATION(#4,#10);
#4 = PRODUCT_DEFINITION_SHAPE('','',#5);
#5 = PRODUCT_DEFINITION('design','',#6,#9);
#6 = PRODUCT_DEFINITION_FORMATION('','',#7);
#7 = PRODUCT('WH-ADP-03 charge USB-C panel plate Rev A -- EEG field kit -- CC BY-SA 4.0',
  'WH-ADP-03 charge USB-C panel plate Rev A -- EEG field kit -- CC BY-SA 4.0','',(#8));
#8 = PRODUCT_CONTEXT('',#2,'mechanical');
#9 = PRODUCT_DEFINITION_CONTEXT('part definition',#2,'design');
#10 = ADVANCED_BREP_SHAPE_REPRESENTATION('',(#11,#15),#13204);
#11 = AXIS2_PLACEMENT_3D('',#12,#13,#14);
#12 = CARTESIAN_POINT('',(0.,0.,0.));
#13 = DIRECTION('',(0.,0.,1.));
#14 = DIRECTION('',(1.,0.,-0.));
#15 = MANIFOLD_SOLID_BREP('',#16);
#16 = CLOSED_SHELL('',(#17,#137,#217,#4117,#4166,#4452,#4479,#4506,#4533
    ,#4560,#4567,#4643,#4692,#4741,#4790,#4839,#4888,#4937,#4986,#5035,
    #5084,#5133,#5182,#5209,#5285,#5334,#5383,#5432,#5481,#5530,#5579,
    #5628,#5677,#5726,#5775,#5802,#5878,#5927,#5976,#6003,#6079,#6128,
    #6177,#6226,#6275,#6324,#6373,#6400,#6476,#6525,#6574,#6623,#6672,
    #6721,#6770,#6819,#6868,#6917,#6944,#7020,#7069,#7118,#7167,#7216,
    #7265,#7314,#7363,#7412,#7461,#7510,#7537,#7613,#7662,#7711,#7760,
    #7809,#7858,#7907,#7934,#8010,#8059,#8108,#8135,#8211,#8260,#8309,
    #8358,#8407,#8456,#8505,#8554,#8603,#8652,#8701,#8750,#8799,#8848,
    #8897,#8946,#8995,#9044,#9093,#9142,#9191,#9240,#9289,#9338,#9387,
    #9436,#9485,#9512,#9539,#9613,#9660,#9707,#9732,#9759,#9829,#9877,
    #9925,#9951,#9967,#9982,#9989,#10086,#10426,#10707,#11080,#11087,
    #11118,#11131,#11205,#11252,#11277,#11351,#11398,#11445,#11503,
    #11558,#11616,#11674,#11735,#11793,#11851,#11890,#11964,#12011,
    #12058,#12119,#12183,#12247,#12311,#12375,#12414,#12505,#12563,
    #12624,#12688,#12746,#12810,#12874,#12932,#12993,#13057,#13115,
    #13157,#13163,#13177,#13189));
#17 = ADVANCED_FACE('',(#18),#32,.F.);
#18 = FACE_BOUND('',#19,.F.);
#19 = EDGE_LOOP('',(#20,#55,#83,#111));
#20 = ORIENTED_EDGE('',*,*,#21,.F.);
#21 = EDGE_CURVE('',#22,#24,#26,.T.);
#22 = VERTEX_POINT('',#23);
#23 = CARTESIAN_POINT('',(-17.,-7.5,0.));
#24 = VERTEX_POINT('',#25);
#25 = CARTESIAN_POINT('',(-17.,-7.5,4.6));
#26 = SURFACE_CURVE('',#27,(#31,#43),.PCURVE_S1.);
#27 = LINE('',#28,#29);
#28 = CARTESIAN_POINT('',(-17.,-7.5,0.));
#29 = VECTOR('',#30,1.);
#30 = DIRECTION('',(0.,0.,1.));
#31 = PCURVE('',#32,#37);
#32 = PLANE('',#33);
#33 = AXIS2_PLACEMENT_3D('',#34,#35,#36);
#34 = CARTESIAN_POINT('',(-17.,-10.,0.));
#35 = DIRECTION('',(1.,0.,0.));
#36 = DIRECTION('',(0.,0.,1.));
#37 = DEFINITIONAL_REPRESENTATION('',(#38),#42);
#38 = LINE('',#39,#40);
#39 = CARTESIAN_POINT('',(0.,-2.5));
#40 = VECTOR('',#41,1.);
#41 = DIRECTION('',(1.,0.));
#42 = ( GEOMETRIC_REPRESENTATION_CONTEXT(2) 
PARAMETRIC_REPRESENTATION_CONTEXT() REPRESENTATION_CONTEXT('2D SPACE',''
  ) );
#43 = PCURVE('',#44,#49);
#44 = CYLINDRICAL_SURFACE('',#45,2.5);
#45 = AXIS2_PLACEMENT_3D('',#46,#47,#48);
#46 = CARTESIAN_POINT('',(-14.5,-7.5,0.));
#47 = DIRECTION('',(0.,0.,1.));
#48 = DIRECTION('',(-1.,-0.,0.));
#49 = DEFINITIONAL_REPRESENTATION('',(#50),#54);
#50 = LINE('',#51,#52);
#51 = CARTESIAN_POINT('',(6.28318530718,0.));
#52 = VECTOR('',#53,1.);
#53 = DIRECTION('',(0.,1.));
#54 = ( GEOMETRIC_REPRESENTATION_CONTEXT(2) 
PARAMETRIC_REPRESENTATION_CONTEXT() REPRESENTATION_CONTEXT('2D SPACE',''
  ) );
#55 = ORIENTED_EDGE('',*,*,#56,.T.);
#56 = EDGE_CURVE('',#22,#57,#59,.T.);
#57 = VERTEX_POINT('',#58);
#58 = CARTESIAN_POINT('',(-17.,7.5,0.));
#59 = SURFACE_CURVE('',#60,(#64,#71),.PCURVE_S1.);
#60 = LINE('',#61,#62);
#61 = CARTESIAN_POINT('',(-17.,-10.,0.));
#62 = VECTOR('',#63,1.);
#63 = DIRECTION('',(0.,1.,0.));
#64 = PCURVE('',#32,#65);
#65 = DEFINITIONAL_REPRESENTATION('',(#66),#70);
#66 = LINE('',#67,#68);
#67 = CARTESIAN_POINT('',(0.,0.));
#68 = VECTOR('',#69,1.);
#69 = DIRECTION('',(0.,-1.));
#70 = ( GEOMETRIC_REPRESENTATION_CONTEXT(2) 
PARAMETRIC_REPRESENTATION_CONTEXT() REPRESENTATION_CONTEXT('2D SPACE',''
  ) );
#71 = PCURVE('',#72,#77);
#72 = PLANE('',#73);
#73 = AXIS2_PLACEMENT_3D('',#74,#75,#76);
#74 = CARTESIAN_POINT('',(-17.,-10.,0.));
#75 = DIRECTION('',(0.,0.,1.));
#76 = DIRECTION('',(1.,0.,0.));
#77 = DEFINITIONAL_REPRESENTATION('',(#78),#82);
#78 = LINE('',#79,#80);
#79 = CARTESIAN_POINT('',(0.,0.));
#80 = VECTOR('',#81,1.);
#81 = DIRECTION('',(0.,1.));
#82 = ( GEOMETRIC_REPRESENTATION_CONTEXT(2) 
PARAMETRIC_REPRESENTATION_CONTEXT() REPRESENTATION_CONTEXT('2D SPACE',''
  ) );
#83 = ORIENTED_EDGE('',*,*,#84,.F.);
#84 = EDGE_CURVE('',#85,#57,#87,.T.);
#85 = VERTEX_POINT('',#86);
#86 = CARTESIAN_POINT('',(-17.,7.5,4.6));
#87 = SURFACE_CURVE('',#88,(#92,#99),.PCURVE_S1.);
#88 = LINE('',#89,#90);
#89 = CARTESIAN_POINT('',(-17.,7.5,4.6));
#90 = VECTOR('',#91,1.);
#91 = DIRECTION('',(0.,0.,-1.));
#92 = PCURVE('',#32,#93);
#93 = DEFINITIONAL_REPRESENTATION('',(#94),#98);
#94 = LINE('',#95,#96);
#95 = CARTESIAN_POINT('',(4.6,-17.5));
#96 = VECTOR('',#97,1.);
#97 = DIRECTION('',(-1.,0.));
#98 = ( GEOMETRIC_REPRESENTATION_CONTEXT(2) 
PARAMETRIC_REPRESENTATION_CONTEXT() REPRESENTATION_CONTEXT('2D SPACE',''
  ) );
#99 = PCURVE('',#100,#105);
#100 = CYLINDRICAL_SURFACE('',#101,2.5);
#101 = AXIS2_PLACEMENT_3D('',#102,#103,#104);
#102 = CARTESIAN_POINT('',(-14.5,7.5,0.));
#103 = DIRECTION('',(0.,0.,1.));
#104 = DIRECTION('',(-1.,-0.,0.));
#105 = DEFINITIONAL_REPRESENTATION('',(#106),#110);
#106 = LINE('',#107,#108);
#107 = CARTESIAN_POINT('',(-6.28318530718,4.6));
#108 = VECTOR('',#109,1.);
#109 = DIRECTION('',(-0.,-1.));
#110 = ( GEOMETRIC_REPRESENTATION_CONTEXT(2) 
PARAMETRIC_REPRESENTATION_CONTEXT() REPRESENTATION_CONTEXT('2D SPACE',''
  ) );
#111 = ORIENTED_EDGE('',*,*,#112,.T.);
#112 = EDGE_CURVE('',#85,#24,#113,.T.);
#113 = SURFACE_CURVE('',#114,(#118,#125),.PCURVE_S1.);
#114 = LINE('',#115,#116);
#115 = CARTESIAN_POINT('',(-17.,10.,4.6));
#116 = VECTOR('',#117,1.);
#117 = DIRECTION('',(0.,-1.,0.));
#118 = PCURVE('',#32,#119);
#119 = DEFINITIONAL_REPRESENTATION('',(#120),#124);
#120 = LINE('',#121,#122);
#121 = CARTESIAN_POINT('',(4.6,-20.));
#122 = VECTOR('',#123,1.);
#123 = DIRECTION('',(0.,1.));
#124 = ( GEOMETRIC_REPRESENTATION_CONTEXT(2) 
PARAMETRIC_REPRESENTATION_CONTEXT() REPRESENTATION_CONTEXT('2D SPACE',''
  ) );
#125 = PCURVE('',#126,#131);
#126 = PLANE('',#127);
#127 = AXIS2_PLACEMENT_3D('',#128,#129,#130);
#128 = CARTESIAN_POINT('',(0.,0.,4.6));
#129 = DIRECTION('',(0.,0.,1.));
#130 = DIRECTION('',(1.,0.,-0.));
#131 = DEFINITIONAL_REPRESENTATION('',(#132),#136);
#132 = LINE('',#133,#134);
#133 = CARTESIAN_POINT('',(-17.,10.));
#134 = VECTOR('',#135,1.);
#135 = DIRECTION('',(0.,-1.));
#136 = ( GEOMETRIC_REPRESENTATION_CONTEXT(2) 
PARAMETRIC_REPRESENTATION_CONTEXT() REPRESENTATION_CONTEXT('2D SPACE',''
  ) );
#137 = ADVANCED_FACE('',(#138),#44,.T.);
#138 = FACE_BOUND('',#139,.T.);
#139 = EDGE_LOOP('',(#140,#163,#191,#216));
#140 = ORIENTED_EDGE('',*,*,#141,.T.);
#141 = EDGE_CURVE('',#22,#142,#144,.T.);
#142 = VERTEX_POINT('',#143);
#143 = CARTESIAN_POINT('',(-14.5,-10.,0.));
#144 = SURFACE_CURVE('',#145,(#150,#156),.PCURVE_S1.);
#145 = CIRCLE('',#146,2.5);
#146 = AXIS2_PLACEMENT_3D('',#147,#148,#149);
#147 = CARTESIAN_POINT('',(-14.5,-7.5,0.));
#148 = DIRECTION('',(0.,0.,1.));
#149 = DIRECTION('',(0.,-1.,0.));
#150 = PCURVE('',#44,#151);
#151 = DEFINITIONAL_REPRESENTATION('',(#152),#155);
#152 = B_SPLINE_CURVE_WITH_KNOTS('',1,(#153,#154),.UNSPECIFIED.,.F.,.F.,
  (2,2),(4.712388980385,6.28318530718),.PIECEWISE_BEZIER_KNOTS.);
#153 = CARTESIAN_POINT('',(6.28318530718,0.));
#154 = CARTESIAN_POINT('',(7.853981633974,0.));
#155 = ( GEOMETRIC_REPRESENTATION_CONTEXT(2) 
PARAMETRIC_REPRESENTATION_CONTEXT() REPRESENTATION_CONTEXT('2D SPACE',''
  ) );
#156 = PCURVE('',#72,#157);
#157 = DEFINITIONAL_REPRESENTATION('',(#158),#162);
#158 = CIRCLE('',#159,2.5);
#159 = AXIS2_PLACEMENT_2D('',#160,#161);
#160 = CARTESIAN_POINT('',(2.5,2.5));
#161 = DIRECTION('',(0.,-1.));
#162 = ( GEOMETRIC_REPRESENTATION_CONTEXT(2) 
PARAMETRIC_REPRESENTATION_CONTEXT() REPRESENTATION_CONTEXT('2D SPACE',''
  ) );
#163 = ORIENTED_EDGE('',*,*,#164,.T.);
#164 = EDGE_CURVE('',#142,#165,#167,.T.);
#165 = VERTEX_POINT('',#166);
#166 = CARTESIAN_POINT('',(-14.5,-10.,4.6));
#167 = SURFACE_CURVE('',#168,(#172,#179),.PCURVE_S1.);
#168 = LINE('',#169,#170);
#169 = CARTESIAN_POINT('',(-14.5,-10.,0.));
#170 = VECTOR('',#171,1.);
#171 = DIRECTION('',(0.,0.,1.));
#172 = PCURVE('',#44,#173);
#173 = DEFINITIONAL_REPRESENTATION('',(#174),#178);
#174 = LINE('',#175,#176);
#175 = CARTESIAN_POINT('',(7.853981633974,0.));
#176 = VECTOR('',#177,1.);
#177 = DIRECTION('',(0.,1.));
#178 = ( GEOMETRIC_REPRESENTATION_CONTEXT(2) 
PARAMETRIC_REPRESENTATION_CONTEXT() REPRESENTATION_CONTEXT('2D SPACE',''
  ) );
#179 = PCURVE('',#180,#185);
#180 = PLANE('',#181);
#181 = AXIS2_PLACEMENT_3D('',#182,#183,#184);
#182 = CARTESIAN_POINT('',(-17.,-10.,0.));
#183 = DIRECTION('',(0.,1.,0.));
#184 = DIRECTION('',(0.,0.,1.));
#185 = DEFINITIONAL_REPRESENTATION('',(#186),#190);
#186 = LINE('',#187,#188);
#187 = CARTESIAN_POINT('',(0.,2.5));
#188 = VECTOR('',#189,1.);
#189 = DIRECTION('',(1.,0.));
#190 = ( GEOMETRIC_REPRESENTATION_CONTEXT(2) 
PARAMETRIC_REPRESENTATION_CONTEXT() REPRESENTATION_CONTEXT('2D SPACE',''
  ) );
#191 = ORIENTED_EDGE('',*,*,#192,.T.);
#192 = EDGE_CURVE('',#165,#24,#193,.T.);
#193 = SURFACE_CURVE('',#194,(#199,#205),.PCURVE_S1.);
#194 = CIRCLE('',#195,2.5);
#195 = AXIS2_PLACEMENT_3D('',#196,#197,#198);
#196 = CARTESIAN_POINT('',(-14.5,-7.5,4.6));
#197 = DIRECTION('',(-0.,-0.,-1.));
#198 = DIRECTION('',(0.,-1.,0.));
#199 = PCURVE('',#44,#200);
#200 = DEFINITIONAL_REPRESENTATION('',(#201),#204);
#201 = B_SPLINE_CURVE_WITH_KNOTS('',1,(#202,#203),.UNSPECIFIED.,.F.,.F.,
  (2,2),(0.,1.570796326795),.PIECEWISE_BEZIER_KNOTS.);
#202 = CARTESIAN_POINT('',(7.853981633974,4.6));
#203 = CARTESIAN_POINT('',(6.28318530718,4.6));
#204 = ( GEOMETRIC_REPRESENTATION_CONTEXT(2) 
PARAMETRIC_REPRESENTATION_CONTEXT() REPRESENTATION_CONTEXT('2D SPACE',''
  ) );
#205 = PCURVE('',#126,#206);
#206 = DEFINITIONAL_REPRESENTATION('',(#207),#215);
#207 = ( BOUNDED_CURVE() B_SPLINE_CURVE(2,(#208,#209,#210,#211,#212,#213
,#214),.UNSPECIFIED.,.T.,.F.) B_SPLINE_CURVE_WITH_KNOTS((1,2,2,2,2,1),(
    -2.094395102393,0.,2.094395102393,4.188790204786,6.28318530718,
8.377580409573),.UNSPECIFIED.) CURVE() GEOMETRIC_REPRESENTATION_ITEM() 
RATIONAL_B_SPLINE_CURVE((1.,0.5,1.,0.5,1.,0.5,1.)) REPRESENTATION_ITEM(
  '') );
#208 = CARTESIAN_POINT('',(-14.5,-10.));
#209 = CARTESIAN_POINT('',(-18.83012701892,-10.));
#210 = CARTESIAN_POINT('',(-16.66506350946,-6.25));
#211 = CARTESIAN_POINT('',(-14.5,-2.5));
#212 = CARTESIAN_POINT('',(-12.33493649053,-6.25));
#213 = CARTESIAN_POINT('',(-10.16987298107,-10.));
#214 = CARTESIAN_POINT('',(-14.5,-10.));
#215 = ( GEOMETRIC_REPRESENTATION_CONTEXT(2) 
PARAMETRIC_REPRESENTATION_CONTEXT() REPRESENTATION_CONTEXT('2D SPACE',''
  ) );
#216 = ORIENTED_EDGE('',*,*,#21,.F.);
#217 = ADVANCED_FACE('',(#218,#387,#727,#1041,#1147,#1357,#1758,#2181,
    #2615,#2721,#3941,#3976,#4082),#72,.F.);
#218 = FACE_BOUND('',#219,.F.);
#219 = EDGE_LOOP('',(#220,#221,#222,#245,#277,#305,#334,#362));
#220 = ORIENTED_EDGE('',*,*,#56,.F.);
#221 = ORIENTED_EDGE('',*,*,#141,.T.);
#222 = ORIENTED_EDGE('',*,*,#223,.T.);
#223 = EDGE_CURVE('',#142,#224,#226,.T.);
#224 = VERTEX_POINT('',#225);
#225 = CARTESIAN_POINT('',(14.5,-10.,0.));
#226 = SURFACE_CURVE('',#227,(#231,#238),.PCURVE_S1.);
#227 = LINE('',#228,#229);
#228 = CARTESIAN_POINT('',(-17.,-10.,0.));
#229 = VECTOR('',#230,1.);
#230 = DIRECTION('',(1.,0.,0.));
#231 = PCURVE('',#72,#232);
#232 = DEFINITIONAL_REPRESENTATION('',(#233),#237);
#233 = LINE('',#234,#235);
#234 = CARTESIAN_POINT('',(0.,0.));
#235 = VECTOR('',#236,1.);
#236 = DIRECTION('',(1.,0.));
#237 = ( GEOMETRIC_REPRESENTATION_CONTEXT(2) 
PARAMETRIC_REPRESENTATION_CONTEXT() REPRESENTATION_CONTEXT('2D SPACE',''
  ) );
#238 = PCURVE('',#180,#239);
#239 = DEFINITIONAL_REPRESENTATION('',(#240),#244);
#240 = LINE('',#241,#242);
#241 = CARTESIAN_POINT('',(0.,0.));
#242 = VECTOR('',#243,1.);
#243 = DIRECTION('',(0.,1.));
#244 = ( GEOMETRIC_REPRESENTATION_CONTEXT(2) 
PARAMETRIC_REPRESENTATION_CONTEXT() REPRESENTATION_CONTEXT('2D SPACE',''
  ) );
#245 = ORIENTED_EDGE('',*,*,#246,.F.);
#246 = EDGE_CURVE('',#247,#224,#249,.T.);
#247 = VERTEX_POINT('',#248);
#248 = CARTESIAN_POINT('',(17.,-7.5,0.));
#249 = SURFACE_CURVE('',#250,(#255,#266),.PCURVE_S1.);
#250 = CIRCLE('',#251,2.5);
#251 = AXIS2_PLACEMENT_3D('',#252,#253,#254);
#252 = CARTESIAN_POINT('',(14.5,-7.5,0.));
#253 = DIRECTION('',(-0.,-0.,-1.));
#254 = DIRECTION('',(0.,-1.,0.));
#255 = PCURVE('',#72,#256);
#256 = DEFINITIONAL_REPRESENTATION('',(#257),#265);
#257 = ( BOUNDED_CURVE() B_SPLINE_CURVE(2,(#258,#259,#260,#261,#262,#263
,#264),.UNSPECIFIED.,.T.,.F.) B_SPLINE_CURVE_WITH_KNOTS((1,2,2,2,2,1),(
    -2.094395102393,0.,2.094395102393,4.188790204786,6.28318530718,
8.377580409573),.UNSPECIFIED.) CURVE() GEOMETRIC_REPRESENTATION_ITEM() 
RATIONAL_B_SPLINE_CURVE((1.,0.5,1.,0.5,1.,0.5,1.)) REPRESENTATION_ITEM(
  '') );
#258 = CARTESIAN_POINT('',(31.5,0.));
#259 = CARTESIAN_POINT('',(27.169872981078,0.));
#260 = CARTESIAN_POINT('',(29.334936490539,3.75));
#261 = CARTESIAN_POINT('',(31.5,7.5));
#262 = CARTESIAN_POINT('',(33.665063509461,3.75));
#263 = CARTESIAN_POINT('',(35.830127018922,3.996802888651E-15));
#264 = CARTESIAN_POINT('',(31.5,0.));
#265 = ( GEOMETRIC_REPRESENTATION_CONTEXT(2) 
PARAMETRIC_REPRESENTATION_CONTEXT() REPRESENTATION_CONTEXT('2D SPACE',''
  ) );
#266 = PCURVE('',#267,#272);
#267 = CYLINDRICAL_SURFACE('',#268,2.5);
#268 = AXIS2_PLACEMENT_3D('',#269,#270,#271);
#269 = CARTESIAN_POINT('',(14.5,-7.5,0.));
#270 = DIRECTION('',(0.,0.,1.));
#271 = DIRECTION('',(1.,0.,-0.));
#272 = DEFINITIONAL_REPRESENTATION('',(#273),#276);
#273 = B_SPLINE_CURVE_WITH_KNOTS('',1,(#274,#275),.UNSPECIFIED.,.F.,.F.,
  (2,2),(4.712388980385,6.28318530718),.PIECEWISE_BEZIER_KNOTS.);
#274 = CARTESIAN_POINT('',(-6.28318530718,0.));
#275 = CARTESIAN_POINT('',(-7.853981633974,0.));
#276 = ( GEOMETRIC_REPRESENTATION_CONTEXT(2) 
PARAMETRIC_REPRESENTATION_CONTEXT() REPRESENTATION_CONTEXT('2D SPACE',''
  ) );
#277 = ORIENTED_EDGE('',*,*,#278,.T.);
#278 = EDGE_CURVE('',#247,#279,#281,.T.);
#279 = VERTEX_POINT('',#280);
#280 = CARTESIAN_POINT('',(17.,7.5,0.));
#281 = SURFACE_CURVE('',#282,(#286,#293),.PCURVE_S1.);
#282 = LINE('',#283,#284);
#283 = CARTESIAN_POINT('',(17.,-10.,0.));
#284 = VECTOR('',#285,1.);
#285 = DIRECTION('',(0.,1.,0.));
#286 = PCURVE('',#72,#287);
#287 = DEFINITIONAL_REPRESENTATION('',(#288),#292);
#288 = LINE('',#289,#290);
#289 = CARTESIAN_POINT('',(34.,0.));
#290 = VECTOR('',#291,1.);
#291 = DIRECTION('',(0.,1.));
#292 = ( GEOMETRIC_REPRESENTATION_CONTEXT(2) 
PARAMETRIC_REPRESENTATION_CONTEXT() REPRESENTATION_CONTEXT('2D SPACE',''
  ) );
#293 = PCURVE('',#294,#299);
#294 = PLANE('',#295);
#295 = AXIS2_PLACEMENT_3D('',#296,#297,#298);
#296 = CARTESIAN_POINT('',(17.,-10.,0.));
#297 = DIRECTION('',(1.,0.,0.));
#298 = DIRECTION('',(0.,0.,1.));
#299 = DEFINITIONAL_REPRESENTATION('',(#300),#304);
#300 = LINE('',#301,#302);
#301 = CARTESIAN_POINT('',(0.,0.));
#302 = VECTOR('',#303,1.);
#303 = DIRECTION('',(0.,-1.));
#304 = ( GEOMETRIC_REPRESENTATION_CONTEXT(2) 
PARAMETRIC_REPRESENTATION_CONTEXT() REPRESENTATION_CONTEXT('2D SPACE',''
  ) );
#305 = ORIENTED_EDGE('',*,*,#306,.T.);
#306 = EDGE_CURVE('',#279,#307,#309,.T.);
#307 = VERTEX_POINT('',#308);
#308 = CARTESIAN_POINT('',(14.5,10.,0.));
#309 = SURFACE_CURVE('',#310,(#315,#322),.PCURVE_S1.);
#310 = CIRCLE('',#311,2.5);
#311 = AXIS2_PLACEMENT_3D('',#312,#313,#314);
#312 = CARTESIAN_POINT('',(14.5,7.5,0.));
#313 = DIRECTION('',(0.,0.,1.));
#314 = DIRECTION('',(0.,-1.,0.));
#315 = PCURVE('',#72,#316);
#316 = DEFINITIONAL_REPRESENTATION('',(#317),#321);
#317 = CIRCLE('',#318,2.5);
#318 = AXIS2_PLACEMENT_2D('',#319,#320);
#319 = CARTESIAN_POINT('',(31.5,17.5));
#320 = DIRECTION('',(0.,-1.));
#321 = ( GEOMETRIC_REPRESENTATION_CONTEXT(2) 
PARAMETRIC_REPRESENTATION_CONTEXT() REPRESENTATION_CONTEXT('2D SPACE',''
  ) );
#322 = PCURVE('',#323,#328);
#323 = CYLINDRICAL_SURFACE('',#324,2.5);
#324 = AXIS2_PLACEMENT_3D('',#325,#326,#327);
#325 = CARTESIAN_POINT('',(14.5,7.5,0.));
#326 = DIRECTION('',(0.,0.,1.));
#327 = DIRECTION('',(1.,0.,-0.));
#328 = DEFINITIONAL_REPRESENTATION('',(#329),#333);
#329 = LINE('',#330,#331);
#330 = CARTESIAN_POINT('',(-1.570796326795,0.));
#331 = VECTOR('',#332,1.);
#332 = DIRECTION('',(1.,0.));
#333 = ( GEOMETRIC_REPRESENTATION_CONTEXT(2) 
PARAMETRIC_REPRESENTATION_CONTEXT() REPRESENTATION_CONTEXT('2D SPACE',''
  ) );
#334 = ORIENTED_EDGE('',*,*,#335,.F.);
#335 = EDGE_CURVE('',#336,#307,#338,.T.);
#336 = VERTEX_POINT('',#337);
#337 = CARTESIAN_POINT('',(-14.5,10.,0.));
#338 = SURFACE_CURVE('',#339,(#343,#350),.PCURVE_S1.);
#339 = LINE('',#340,#341);
#340 = CARTESIAN_POINT('',(-17.,10.,0.));
#341 = VECTOR('',#342,1.);
#342 = DIRECTION('',(1.,0.,0.));
#343 = PCURVE('',#72,#344);
#344 = DEFINITIONAL_REPRESENTATION('',(#345),#349);
#345 = LINE('',#346,#347);
#346 = CARTESIAN_POINT('',(0.,20.));
#347 = VECTOR('',#348,1.);
#348 = DIRECTION('',(1.,0.));
#349 = ( GEOMETRIC_REPRESENTATION_CONTEXT(2) 
PARAMETRIC_REPRESENTATION_CONTEXT() REPRESENTATION_CONTEXT('2D SPACE',''
  ) );
#350 = PCURVE('',#351,#356);
#351 = PLANE('',#352);
#352 = AXIS2_PLACEMENT_3D('',#353,#354,#355);
#353 = CARTESIAN_POINT('',(-17.,10.,0.));
#354 = DIRECTION('',(0.,1.,0.));
#355 = DIRECTION('',(0.,0.,1.));
#356 = DEFINITIONAL_REPRESENTATION('',(#357),#361);
#357 = LINE('',#358,#359);
#358 = CARTESIAN_POINT('',(0.,0.));
#359 = VECTOR('',#360,1.);
#360 = DIRECTION('',(0.,1.));
#361 = ( GEOMETRIC_REPRESENTATION_CONTEXT(2) 
PARAMETRIC_REPRESENTATION_CONTEXT() REPRESENTATION_CONTEXT('2D SPACE',''
  ) );
#362 = ORIENTED_EDGE('',*,*,#363,.F.);
#363 = EDGE_CURVE('',#57,#336,#364,.T.);
#364 = SURFACE_CURVE('',#365,(#370,#381),.PCURVE_S1.);
#365 = CIRCLE('',#366,2.5);
#366 = AXIS2_PLACEMENT_3D('',#367,#368,#369);
#367 = CARTESIAN_POINT('',(-14.5,7.5,0.));
#368 = DIRECTION('',(-0.,-0.,-1.));
#369 = DIRECTION('',(0.,-1.,0.));
#370 = PCURVE('',#72,#371);
#371 = DEFINITIONAL_REPRESENTATION('',(#372),#380);
#372 = ( BOUNDED_CURVE() B_SPLINE_CURVE(2,(#373,#374,#375,#376,#377,#378
,#379),.UNSPECIFIED.,.T.,.F.) B_SPLINE_CURVE_WITH_KNOTS((1,2,2,2,2,1),(
    -2.094395102393,0.,2.094395102393,4.188790204786,6.28318530718,
8.377580409573),.UNSPECIFIED.) CURVE() GEOMETRIC_REPRESENTATION_ITEM() 
RATIONAL_B_SPLINE_CURVE((1.,0.5,1.,0.5,1.,0.5,1.)) REPRESENTATION_ITEM(
  '') );
#373 = CARTESIAN_POINT('',(2.5,15.));
#374 = CARTESIAN_POINT('',(-1.830127018922,15.));
#375 = CARTESIAN_POINT('',(0.334936490539,18.75));
#376 = CARTESIAN_POINT('',(2.5,22.5));
#377 = CARTESIAN_POINT('',(4.665063509461,18.75));
#378 = CARTESIAN_POINT('',(6.830127018922,15.));
#379 = CARTESIAN_POINT('',(2.5,15.));
#380 = ( GEOMETRIC_REPRESENTATION_CONTEXT(2) 
PARAMETRIC_REPRESENTATION_CONTEXT() REPRESENTATION_CONTEXT('2D SPACE',''
  ) );
#381 = PCURVE('',#100,#382);
#382 = DEFINITIONAL_REPRESENTATION('',(#383),#386);
#383 = B_SPLINE_CURVE_WITH_KNOTS('',1,(#384,#385),.UNSPECIFIED.,.F.,.F.,
  (2,2),(1.570796326795,3.14159265359),.PIECEWISE_BEZIER_KNOTS.);
#384 = CARTESIAN_POINT('',(-6.28318530718,0.));
#385 = CARTESIAN_POINT('',(-7.853981633974,0.));
#386 = ( GEOMETRIC_REPRESENTATION_CONTEXT(2) 
PARAMETRIC_REPRESENTATION_CONTEXT() REPRESENTATION_CONTEXT('2D SPACE',''
  ) );
#387 = FACE_BOUND('',#388,.F.);
#388 = EDGE_LOOP('',(#389,#417,#443,#469,#495,#521,#547,#573,#599,#625,
    #651,#677,#703));
#389 = ORIENTED_EDGE('',*,*,#390,.F.);
#390 = EDGE_CURVE('',#391,#393,#395,.T.);
#391 = VERTEX_POINT('',#392);
#392 = CARTESIAN_POINT('',(-7.34033203125,-6.009033203125,0.));
#393 = VERTEX_POINT('',#394);
#394 = CARTESIAN_POINT('',(-7.810546875,-6.009033203125,0.));
#395 = SURFACE_CURVE('',#396,(#400,#406),.PCURVE_S1.);
#396 = LINE('',#397,#398);
#397 = CARTESIAN_POINT('',(-12.17016601562,-6.009033203125,0.));
#398 = VECTOR('',#399,1.);
#399 = DIRECTION('',(-1.,0.,0.));
#400 = PCURVE('',#72,#401);
#401 = DEFINITIONAL_REPRESENTATION('',(#402),#405);
#402 = B_SPLINE_CURVE_WITH_KNOTS('',1,(#403,#404),.UNSPECIFIED.,.F.,.F.,
  (2,2),(-4.829833984375,-4.359619140625),.PIECEWISE_BEZIER_KNOTS.);
#403 = CARTESIAN_POINT('',(9.65966796875,3.990966796875));
#404 = CARTESIAN_POINT('',(9.189453125,3.990966796875));
#405 = ( GEOMETRIC_REPRESENTATION_CONTEXT(2) 
PARAMETRIC_REPRESENTATION_CONTEXT() REPRESENTATION_CONTEXT('2D SPACE',''
  ) );
#406 = PCURVE('',#407,#412);
#407 = PLANE('',#408);
#408 = AXIS2_PLACEMENT_3D('',#409,#410,#411);
#409 = CARTESIAN_POINT('',(-7.34033203125,-6.009033203125,0.2));
#410 = DIRECTION('',(0.,1.,0.));
#411 = DIRECTION('',(-1.,0.,0.));
#412 = DEFINITIONAL_REPRESENTATION('',(#413),#416);
#413 = B_SPLINE_CURVE_WITH_KNOTS('',1,(#414,#415),.UNSPECIFIED.,.F.,.F.,
  (2,2),(-4.829833984375,-4.359619140625),.PIECEWISE_BEZIER_KNOTS.);
#414 = CARTESIAN_POINT('',(0.,-0.2));
#415 = CARTESIAN_POINT('',(0.47021484375,-0.2));
#416 = ( GEOMETRIC_REPRESENTATION_CONTEXT(2) 
PARAMETRIC_REPRESENTATION_CONTEXT() REPRESENTATION_CONTEXT('2D SPACE',''
  ) );
#417 = ORIENTED_EDGE('',*,*,#418,.F.);
#418 = EDGE_CURVE('',#419,#391,#421,.T.);
#419 = VERTEX_POINT('',#420);
#420 = CARTESIAN_POINT('',(-6.9140625,-7.614501953125,0.));
#421 = SURFACE_CURVE('',#422,(#426,#432),.PCURVE_S1.);
#422 = LINE('',#423,#424);
#423 = CARTESIAN_POINT('',(-6.950327484038,-7.477916308775,
    -2.22044604925E-17));
#424 = VECTOR('',#425,1.);
#425 = DIRECTION('',(-0.25661964357,0.966512472001,0.));
#426 = PCURVE('',#72,#427);
#427 = DEFINITIONAL_REPRESENTATION('',(#428),#431);
#428 = B_SPLINE_CURVE_WITH_KNOTS('',1,(#429,#430),.UNSPECIFIED.,.F.,.F.,
  (2,2),(-0.141318036038,1.519776669419),.PIECEWISE_BEZIER_KNOTS.);
#429 = CARTESIAN_POINT('',(10.0859375,2.385498046875));
#430 = CARTESIAN_POINT('',(9.65966796875,3.990966796875));
#431 = ( GEOMETRIC_REPRESENTATION_CONTEXT(2) 
PARAMETRIC_REPRESENTATION_CONTEXT() REPRESENTATION_CONTEXT('2D SPACE',''
  ) );
#432 = PCURVE('',#433,#438);
#433 = PLANE('',#434);
#434 = AXIS2_PLACEMENT_3D('',#435,#436,#437);
#435 = CARTESIAN_POINT('',(-6.9140625,-7.614501953125,0.2));
#436 = DIRECTION('',(0.966512472001,0.25661964357,0.));
#437 = DIRECTION('',(-0.25661964357,0.966512472001,-0.));
#438 = DEFINITIONAL_REPRESENTATION('',(#439),#442);
#439 = B_SPLINE_CURVE_WITH_KNOTS('',1,(#440,#441),.UNSPECIFIED.,.F.,.F.,
  (2,2),(-0.141318036038,1.519776669419),.PIECEWISE_BEZIER_KNOTS.);
#440 = CARTESIAN_POINT('',(0.,-0.2));
#441 = CARTESIAN_POINT('',(1.661094705457,-0.2));
#442 = ( GEOMETRIC_REPRESENTATION_CONTEXT(2) 
PARAMETRIC_REPRESENTATION_CONTEXT() REPRESENTATION_CONTEXT('2D SPACE',''
  ) );
#443 = ORIENTED_EDGE('',*,*,#444,.F.);
#444 = EDGE_CURVE('',#445,#419,#447,.T.);
#445 = VERTEX_POINT('',#446);
#446 = CARTESIAN_POINT('',(-6.486328125,-6.009033203125,0.));
#447 = SURFACE_CURVE('',#448,(#452,#458),.PCURVE_S1.);
#448 = LINE('',#449,#450);
#449 = CARTESIAN_POINT('',(-7.331142970426,-9.179982074998,
    -2.22044604925E-17));
#450 = VECTOR('',#451,1.);
#451 = DIRECTION('',(-0.25744314484,-0.966293447755,0.));
#452 = PCURVE('',#72,#453);
#453 = DEFINITIONAL_REPRESENTATION('',(#454),#457);
#454 = B_SPLINE_CURVE_WITH_KNOTS('',1,(#455,#456),.UNSPECIFIED.,.F.,.F.,
  (2,2),(-3.281558908672,-1.620087692315),.PIECEWISE_BEZIER_KNOTS.);
#455 = CARTESIAN_POINT('',(10.513671875,3.990966796875));
#456 = CARTESIAN_POINT('',(10.0859375,2.385498046875));
#457 = ( GEOMETRIC_REPRESENTATION_CONTEXT(2) 
PARAMETRIC_REPRESENTATION_CONTEXT() REPRESENTATION_CONTEXT('2D SPACE',''
  ) );
#458 = PCURVE('',#459,#464);
#459 = PLANE('',#460);
#460 = AXIS2_PLACEMENT_3D('',#461,#462,#463);
#461 = CARTESIAN_POINT('',(-6.486328125,-6.009033203125,0.2));
#462 = DIRECTION('',(-0.966293447755,0.25744314484,-0.));
#463 = DIRECTION('',(-0.25744314484,-0.966293447755,0.));
#464 = DEFINITIONAL_REPRESENTATION('',(#465),#468);
#465 = B_SPLINE_CURVE_WITH_KNOTS('',1,(#466,#467),.UNSPECIFIED.,.F.,.F.,
  (2,2),(-3.281558908672,-1.620087692315),.PIECEWISE_BEZIER_KNOTS.);
#466 = CARTESIAN_POINT('',(0.,-0.2));
#467 = CARTESIAN_POINT('',(1.661471216357,-0.2));
#468 = ( GEOMETRIC_REPRESENTATION_CONTEXT(2) 
PARAMETRIC_REPRESENTATION_CONTEXT() REPRESENTATION_CONTEXT('2D SPACE',''
  ) );
#469 = ORIENTED_EDGE('',*,*,#470,.F.);
#470 = EDGE_CURVE('',#471,#445,#473,.T.);
#471 = VERTEX_POINT('',#472);
#472 = CARTESIAN_POINT('',(-6.0263671875,-6.009033203125,0.));
#473 = SURFACE_CURVE('',#474,(#478,#484),.PCURVE_S1.);
#474 = LINE('',#475,#476);
#475 = CARTESIAN_POINT('',(-11.51318359375,-6.009033203125,0.));
#476 = VECTOR('',#477,1.);
#477 = DIRECTION('',(-1.,0.,0.));
#478 = PCURVE('',#72,#479);
#479 = DEFINITIONAL_REPRESENTATION('',(#480),#483);
#480 = B_SPLINE_CURVE_WITH_KNOTS('',1,(#481,#482),.UNSPECIFIED.,.F.,.F.,
  (2,2),(-5.48681640625,-5.02685546875),.PIECEWISE_BEZIER_KNOTS.);
#481 = CARTESIAN_POINT('',(10.9736328125,3.990966796875));
#482 = CARTESIAN_POINT('',(10.513671875,3.990966796875));
#483 = ( GEOMETRIC_REPRESENTATION_CONTEXT(2) 
PARAMETRIC_REPRESENTATION_CONTEXT() REPRESENTATION_CONTEXT('2D SPACE',''
  ) );
#484 = PCURVE('',#485,#490);
#485 = PLANE('',#486);
#486 = AXIS2_PLACEMENT_3D('',#487,#488,#489);
#487 = CARTESIAN_POINT('',(-6.0263671875,-6.009033203125,0.2));
#488 = DIRECTION('',(0.,1.,0.));
#489 = DIRECTION('',(-1.,0.,0.));
#490 = DEFINITIONAL_REPRESENTATION('',(#491),#494);
#491 = B_SPLINE_CURVE_WITH_KNOTS('',1,(#492,#493),.UNSPECIFIED.,.F.,.F.,
  (2,2),(-5.48681640625,-5.02685546875),.PIECEWISE_BEZIER_KNOTS.);
#492 = CARTESIAN_POINT('',(0.,-0.2));
#493 = CARTESIAN_POINT('',(0.4599609375,-0.2));
#494 = ( GEOMETRIC_REPRESENTATION_CONTEXT(2) 
PARAMETRIC_REPRESENTATION_CONTEXT() REPRESENTATION_CONTEXT('2D SPACE',''
  ) );
#495 = ORIENTED_EDGE('',*,*,#496,.F.);
#496 = EDGE_CURVE('',#497,#471,#499,.T.);
#497 = VERTEX_POINT('',#498);
#498 = CARTESIAN_POINT('',(-5.5048828125,-8.156494140625,0.));
#499 = SURFACE_CURVE('',#500,(#504,#510),.PCURVE_S1.);
#500 = LINE('',#501,#502);
#501 = CARTESIAN_POINT('',(-5.613571370193,-7.708917102484,0.));
#502 = VECTOR('',#503,1.);
#503 = DIRECTION('',(-0.235979443901,0.971758047076,0.));
#504 = PCURVE('',#72,#505);
#505 = DEFINITIONAL_REPRESENTATION('',(#506),#509);
#506 = B_SPLINE_CURVE_WITH_KNOTS('',1,(#507,#508),.UNSPECIFIED.,.F.,.F.,
  (2,2),(-0.460584853902,1.749287185709),.PIECEWISE_BEZIER_KNOTS.);
#507 = CARTESIAN_POINT('',(11.4951171875,1.843505859375));
#508 = CARTESIAN_POINT('',(10.9736328125,3.990966796875));
#509 = ( GEOMETRIC_REPRESENTATION_CONTEXT(2) 
PARAMETRIC_REPRESENTATION_CONTEXT() REPRESENTATION_CONTEXT('2D SPACE',''
  ) );
#510 = PCURVE('',#511,#516);
#511 = PLANE('',#512);
#512 = AXIS2_PLACEMENT_3D('',#513,#514,#515);
#513 = CARTESIAN_POINT('',(-5.5048828125,-8.156494140625,0.2));
#514 = DIRECTION('',(0.971758047076,0.235979443901,0.));
#515 = DIRECTION('',(-0.235979443901,0.971758047076,-0.));
#516 = DEFINITIONAL_REPRESENTATION('',(#517),#520);
#517 = B_SPLINE_CURVE_WITH_KNOTS('',1,(#518,#519),.UNSPECIFIED.,.F.,.F.,
  (2,2),(-0.460584853902,1.749287185709),.PIECEWISE_BEZIER_KNOTS.);
#518 = CARTESIAN_POINT('',(0.,-0.2));
#519 = CARTESIAN_POINT('',(2.209872039612,-0.2));
#520 = ( GEOMETRIC_REPRESENTATION_CONTEXT(2) 
PARAMETRIC_REPRESENTATION_CONTEXT() REPRESENTATION_CONTEXT('2D SPACE',''
  ) );
#521 = ORIENTED_EDGE('',*,*,#522,.F.);
#522 = EDGE_CURVE('',#523,#497,#525,.T.);
#523 = VERTEX_POINT('',#524);
#524 = CARTESIAN_POINT('',(-5.94140625,-8.156494140625,0.));
#525 = SURFACE_CURVE('',#526,(#530,#536),.PCURVE_S1.);
#526 = LINE('',#527,#528);
#527 = CARTESIAN_POINT('',(-11.470703125,-8.156494140625,0.));
#528 = VECTOR('',#529,1.);
#529 = DIRECTION('',(1.,0.,-0.));
#530 = PCURVE('',#72,#531);
#531 = DEFINITIONAL_REPRESENTATION('',(#532),#535);
#532 = B_SPLINE_CURVE_WITH_KNOTS('',1,(#533,#534),.UNSPECIFIED.,.F.,.F.,
  (2,2),(5.529296875,5.9658203125),.PIECEWISE_BEZIER_KNOTS.);
#533 = CARTESIAN_POINT('',(11.05859375,1.843505859375));
#534 = CARTESIAN_POINT('',(11.4951171875,1.843505859375));
#535 = ( GEOMETRIC_REPRESENTATION_CONTEXT(2) 
PARAMETRIC_REPRESENTATION_CONTEXT() REPRESENTATION_CONTEXT('2D SPACE',''
  ) );
#536 = PCURVE('',#537,#542);
#537 = PLANE('',#538);
#538 = AXIS2_PLACEMENT_3D('',#539,#540,#541);
#539 = CARTESIAN_POINT('',(-5.94140625,-8.156494140625,0.2));
#540 = DIRECTION('',(0.,-1.,0.));
#541 = DIRECTION('',(1.,0.,0.));
#542 = DEFINITIONAL_REPRESENTATION('',(#543),#546);
#543 = B_SPLINE_CURVE_WITH_KNOTS('',1,(#544,#545),.UNSPECIFIED.,.F.,.F.,
  (2,2),(5.529296875,5.9658203125),.PIECEWISE_BEZIER_KNOTS.);
#544 = CARTESIAN_POINT('',(0.,-0.2));
#545 = CARTESIAN_POINT('',(0.4365234375,-0.2));
#546 = ( GEOMETRIC_REPRESENTATION_CONTEXT(2) 
PARAMETRIC_REPRESENTATION_CONTEXT() REPRESENTATION_CONTEXT('2D SPACE',''
  ) );
#547 = ORIENTED_EDGE('',*,*,#548,.F.);
#548 = EDGE_CURVE('',#549,#523,#551,.T.);
#549 = VERTEX_POINT('',#550);
#550 = CARTESIAN_POINT('',(-6.27099609375,-6.656494140625,0.));
#551 = SURFACE_CURVE('',#552,(#556,#562),.PCURVE_S1.);
#552 = LINE('',#553,#554);
#553 = CARTESIAN_POINT('',(-6.167653790001,-7.126816447464,0.));
#554 = VECTOR('',#555,1.);
#555 = DIRECTION('',(0.214607038113,-0.976700475679,0.));
#556 = PCURVE('',#72,#557);
#557 = DEFINITIONAL_REPRESENTATION('',(#558),#561);
#558 = B_SPLINE_CURVE_WITH_KNOTS('',1,(#559,#560),.UNSPECIFIED.,.F.,.F.,
  (2,2),(-0.481542006532,1.054241007147),.PIECEWISE_BEZIER_KNOTS.);
#559 = CARTESIAN_POINT('',(10.72900390625,3.343505859375));
#560 = CARTESIAN_POINT('',(11.05859375,1.843505859375));
#561 = ( GEOMETRIC_REPRESENTATION_CONTEXT(2) 
PARAMETRIC_REPRESENTATION_CONTEXT() REPRESENTATION_CONTEXT('2D SPACE',''
  ) );
#562 = PCURVE('',#563,#568);
#563 = PLANE('',#564);
#564 = AXIS2_PLACEMENT_3D('',#565,#566,#567);
#565 = CARTESIAN_POINT('',(-6.27099609375,-6.656494140625,0.2));
#566 = DIRECTION('',(-0.976700475679,-0.214607038113,0.));
#567 = DIRECTION('',(0.214607038113,-0.976700475679,0.));
#568 = DEFINITIONAL_REPRESENTATION('',(#569),#572);
#569 = B_SPLINE_CURVE_WITH_KNOTS('',1,(#570,#571),.UNSPECIFIED.,.F.,.F.,
  (2,2),(-0.481542006532,1.054241007147),.PIECEWISE_BEZIER_KNOTS.);
#570 = CARTESIAN_POINT('',(0.,-0.2));
#571 = CARTESIAN_POINT('',(1.535783013678,-0.2));
#572 = ( GEOMETRIC_REPRESENTATION_CONTEXT(2) 
PARAMETRIC_REPRESENTATION_CONTEXT() REPRESENTATION_CONTEXT('2D SPACE',''
  ) );
#573 = ORIENTED_EDGE('',*,*,#574,.F.);
#574 = EDGE_CURVE('',#575,#549,#577,.T.);
#575 = VERTEX_POINT('',#576);
#576 = CARTESIAN_POINT('',(-6.6474609375,-8.156494140625,0.));
#577 = SURFACE_CURVE('',#578,(#582,#588),.PCURVE_S1.);
#578 = LINE('',#579,#580);
#579 = CARTESIAN_POINT('',(-7.171819624296,-10.24576766311,0.));
#580 = VECTOR('',#581,1.);
#581 = DIRECTION('',(0.243426992513,0.969919223088,-0.));
#582 = PCURVE('',#72,#583);
#583 = DEFINITIONAL_REPRESENTATION('',(#584),#587);
#584 = B_SPLINE_CURVE_WITH_KNOTS('',1,(#585,#586),.UNSPECIFIED.,.F.,.F.,
  (2,2),(2.154069609872,3.700590149206),.PIECEWISE_BEZIER_KNOTS.);
#585 = CARTESIAN_POINT('',(10.3525390625,1.843505859375));
#586 = CARTESIAN_POINT('',(10.72900390625,3.343505859375));
#587 = ( GEOMETRIC_REPRESENTATION_CONTEXT(2) 
PARAMETRIC_REPRESENTATION_CONTEXT() REPRESENTATION_CONTEXT('2D SPACE',''
  ) );
#588 = PCURVE('',#589,#594);
#589 = PLANE('',#590);
#590 = AXIS2_PLACEMENT_3D('',#591,#592,#593);
#591 = CARTESIAN_POINT('',(-6.6474609375,-8.156494140625,0.2));
#592 = DIRECTION('',(0.969919223088,-0.243426992513,0.));
#593 = DIRECTION('',(0.243426992513,0.969919223088,0.));
#594 = DEFINITIONAL_REPRESENTATION('',(#595),#598);
#595 = B_SPLINE_CURVE_WITH_KNOTS('',1,(#596,#597),.UNSPECIFIED.,.F.,.F.,
  (2,2),(2.154069609872,3.700590149206),.PIECEWISE_BEZIER_KNOTS.);
#596 = CARTESIAN_POINT('',(0.,-0.2));
#597 = CARTESIAN_POINT('',(1.546520539333,-0.2));
#598 = ( GEOMETRIC_REPRESENTATION_CONTEXT(2) 
PARAMETRIC_REPRESENTATION_CONTEXT() REPRESENTATION_CONTEXT('2D SPACE',''
  ) );
#599 = ORIENTED_EDGE('',*,*,#600,.F.);
#600 = EDGE_CURVE('',#601,#575,#603,.T.);
#601 = VERTEX_POINT('',#602);
#602 = CARTESIAN_POINT('',(-7.1630859375,-8.156494140625,0.));
#603 = SURFACE_CURVE('',#604,(#608,#614),.PCURVE_S1.);
#604 = LINE('',#605,#606);
#605 = CARTESIAN_POINT('',(-12.08154296875,-8.156494140625,0.));
#606 = VECTOR('',#607,1.);
#607 = DIRECTION('',(1.,0.,-0.));
#608 = PCURVE('',#72,#609);
#609 = DEFINITIONAL_REPRESENTATION('',(#610),#613);
#610 = B_SPLINE_CURVE_WITH_KNOTS('',1,(#611,#612),.UNSPECIFIED.,.F.,.F.,
  (2,2),(4.91845703125,5.43408203125),.PIECEWISE_BEZIER_KNOTS.);
#611 = CARTESIAN_POINT('',(9.8369140625,1.843505859375));
#612 = CARTESIAN_POINT('',(10.3525390625,1.843505859375));
#613 = ( GEOMETRIC_REPRESENTATION_CONTEXT(2) 
PARAMETRIC_REPRESENTATION_CONTEXT() REPRESENTATION_CONTEXT('2D SPACE',''
  ) );
#614 = PCURVE('',#615,#620);
#615 = PLANE('',#616);
#616 = AXIS2_PLACEMENT_3D('',#617,#618,#619);
#617 = CARTESIAN_POINT('',(-7.1630859375,-8.156494140625,0.2));
#618 = DIRECTION('',(0.,-1.,0.));
#619 = DIRECTION('',(1.,0.,0.));
#620 = DEFINITIONAL_REPRESENTATION('',(#621),#624);
#621 = B_SPLINE_CURVE_WITH_KNOTS('',1,(#622,#623),.UNSPECIFIED.,.F.,.F.,
  (2,2),(4.91845703125,5.43408203125),.PIECEWISE_BEZIER_KNOTS.);
#622 = CARTESIAN_POINT('',(0.,-0.2));
#623 = CARTESIAN_POINT('',(0.515625,-0.2));
#624 = ( GEOMETRIC_REPRESENTATION_CONTEXT(2) 
PARAMETRIC_REPRESENTATION_CONTEXT() REPRESENTATION_CONTEXT('2D SPACE',''
  ) );
#625 = ORIENTED_EDGE('',*,*,#626,.F.);
#626 = EDGE_CURVE('',#627,#601,#629,.T.);
#627 = VERTEX_POINT('',#628);
#628 = CARTESIAN_POINT('',(-7.5556640625,-6.681396484375,0.));
#629 = SURFACE_CURVE('',#630,(#634,#640),.PCURVE_S1.);
#630 = LINE('',#631,#632);
#631 = CARTESIAN_POINT('',(-7.455614858768,-7.057327634218,
    -2.22044604925E-17));
#632 = VECTOR('',#633,1.);
#633 = DIRECTION('',(0.257184787653,-0.966362243157,0.));
#634 = PCURVE('',#72,#635);
#635 = DEFINITIONAL_REPRESENTATION('',(#636),#639);
#636 = B_SPLINE_CURVE_WITH_KNOTS('',1,(#637,#638),.UNSPECIFIED.,.F.,.F.,
  (2,2),(-0.389016802452,1.137426999233),.PIECEWISE_BEZIER_KNOTS.);
#637 = CARTESIAN_POINT('',(9.4443359375,3.318603515625));
#638 = CARTESIAN_POINT('',(9.8369140625,1.843505859375));
#639 = ( GEOMETRIC_REPRESENTATION_CONTEXT(2) 
PARAMETRIC_REPRESENTATION_CONTEXT() REPRESENTATION_CONTEXT('2D SPACE',''
  ) );
#640 = PCURVE('',#641,#646);
#641 = PLANE('',#642);
#642 = AXIS2_PLACEMENT_3D('',#643,#644,#645);
#643 = CARTESIAN_POINT('',(-7.5556640625,-6.681396484375,0.2));
#644 = DIRECTION('',(-0.966362243157,-0.257184787653,0.));
#645 = DIRECTION('',(0.257184787653,-0.966362243157,0.));
#646 = DEFINITIONAL_REPRESENTATION('',(#647),#650);
#647 = B_SPLINE_CURVE_WITH_KNOTS('',1,(#648,#649),.UNSPECIFIED.,.F.,.F.,
  (2,2),(-0.389016802452,1.137426999233),.PIECEWISE_BEZIER_KNOTS.);
#648 = CARTESIAN_POINT('',(-1.110223024625E-16,-0.2));
#649 = CARTESIAN_POINT('',(1.526443801685,-0.2));
#650 = ( GEOMETRIC_REPRESENTATION_CONTEXT(2) 
PARAMETRIC_REPRESENTATION_CONTEXT() REPRESENTATION_CONTEXT('2D SPACE',''
  ) );
#651 = ORIENTED_EDGE('',*,*,#652,.F.);
#652 = EDGE_CURVE('',#653,#627,#655,.T.);
#653 = VERTEX_POINT('',#654);
#654 = CARTESIAN_POINT('',(-7.87939453125,-8.156494140625,0.));
#655 = SURFACE_CURVE('',#656,(#660,#666),.PCURVE_S1.);
#656 = LINE('',#657,#658);
#657 = CARTESIAN_POINT('',(-8.281941450586,-9.990723768549,0.));
#658 = VECTOR('',#659,1.);
#659 = DIRECTION('',(0.214362154382,0.97675425096,-0.));
#660 = PCURVE('',#72,#661);
#661 = DEFINITIONAL_REPRESENTATION('',(#662),#665);
#662 = B_SPLINE_CURVE_WITH_KNOTS('',1,(#663,#664),.UNSPECIFIED.,.F.,.F.,
  (2,2),(1.87788241118,3.388085878224),.PIECEWISE_BEZIER_KNOTS.);
#663 = CARTESIAN_POINT('',(9.12060546875,1.843505859375));
#664 = CARTESIAN_POINT('',(9.4443359375,3.318603515625));
#665 = ( GEOMETRIC_REPRESENTATION_CONTEXT(2) 
PARAMETRIC_REPRESENTATION_CONTEXT() REPRESENTATION_CONTEXT('2D SPACE',''
  ) );
#666 = PCURVE('',#667,#672);
#667 = PLANE('',#668);
#668 = AXIS2_PLACEMENT_3D('',#669,#670,#671);
#669 = CARTESIAN_POINT('',(-7.87939453125,-8.156494140625,0.2));
#670 = DIRECTION('',(0.97675425096,-0.214362154382,0.));
#671 = DIRECTION('',(0.214362154382,0.97675425096,0.));
#672 = DEFINITIONAL_REPRESENTATION('',(#673),#676);
#673 = B_SPLINE_CURVE_WITH_KNOTS('',1,(#674,#675),.UNSPECIFIED.,.F.,.F.,
  (2,2),(1.87788241118,3.388085878224),.PIECEWISE_BEZIER_KNOTS.);
#674 = CARTESIAN_POINT('',(0.,-0.2));
#675 = CARTESIAN_POINT('',(1.510203467044,-0.2));
#676 = ( GEOMETRIC_REPRESENTATION_CONTEXT(2) 
PARAMETRIC_REPRESENTATION_CONTEXT() REPRESENTATION_CONTEXT('2D SPACE',''
  ) );
#677 = ORIENTED_EDGE('',*,*,#678,.F.);
#678 = EDGE_CURVE('',#679,#653,#681,.T.);
#679 = VERTEX_POINT('',#680);
#680 = CARTESIAN_POINT('',(-8.3232421875,-8.156494140625,0.));
#681 = SURFACE_CURVE('',#682,(#686,#692),.PCURVE_S1.);
#682 = LINE('',#683,#684);
#683 = CARTESIAN_POINT('',(-12.66162109375,-8.156494140625,0.));
#684 = VECTOR('',#685,1.);
#685 = DIRECTION('',(1.,0.,-0.));
#686 = PCURVE('',#72,#687);
#687 = DEFINITIONAL_REPRESENTATION('',(#688),#691);
#688 = B_SPLINE_CURVE_WITH_KNOTS('',1,(#689,#690),.UNSPECIFIED.,.F.,.F.,
  (2,2),(4.33837890625,4.7822265625),.PIECEWISE_BEZIER_KNOTS.);
#689 = CARTESIAN_POINT('',(8.6767578125,1.843505859375));
#690 = CARTESIAN_POINT('',(9.12060546875,1.843505859375));
#691 = ( GEOMETRIC_REPRESENTATION_CONTEXT(2) 
PARAMETRIC_REPRESENTATION_CONTEXT() REPRESENTATION_CONTEXT('2D SPACE',''
  ) );
#692 = PCURVE('',#693,#698);
#693 = PLANE('',#694);
#694 = AXIS2_PLACEMENT_3D('',#695,#696,#697);
#695 = CARTESIAN_POINT('',(-8.3232421875,-8.156494140625,0.2));
#696 = DIRECTION('',(0.,-1.,0.));
#697 = DIRECTION('',(1.,0.,0.));
#698 = DEFINITIONAL_REPRESENTATION('',(#699),#702);
#699 = B_SPLINE_CURVE_WITH_KNOTS('',1,(#700,#701),.UNSPECIFIED.,.F.,.F.,
  (2,2),(4.33837890625,4.7822265625),.PIECEWISE_BEZIER_KNOTS.);
#700 = CARTESIAN_POINT('',(0.,-0.2));
#701 = CARTESIAN_POINT('',(0.44384765625,-0.2));
#702 = ( GEOMETRIC_REPRESENTATION_CONTEXT(2) 
PARAMETRIC_REPRESENTATION_CONTEXT() REPRESENTATION_CONTEXT('2D SPACE',''
  ) );
#703 = ORIENTED_EDGE('',*,*,#704,.F.);
#704 = EDGE_CURVE('',#393,#679,#705,.T.);
#705 = SURFACE_CURVE('',#706,(#710,#716),.PCURVE_S1.);
#706 = LINE('',#707,#708);
#707 = CARTESIAN_POINT('',(-8.509040192494,-8.934722355827,
    -2.22044604925E-17));
#708 = VECTOR('',#709,1.);
#709 = DIRECTION('',(-0.232218471025,-0.972663652922,0.));
#710 = PCURVE('',#72,#711);
#711 = DEFINITIONAL_REPRESENTATION('',(#712),#715);
#712 = B_SPLINE_CURVE_WITH_KNOTS('',1,(#713,#714),.UNSPECIFIED.,.F.,.F.,
  (2,2),(-3.00791454879,-0.800100027244),.PIECEWISE_BEZIER_KNOTS.);
#713 = CARTESIAN_POINT('',(9.189453125,3.990966796875));
#714 = CARTESIAN_POINT('',(8.6767578125,1.843505859375));
#715 = ( GEOMETRIC_REPRESENTATION_CONTEXT(2) 
PARAMETRIC_REPRESENTATION_CONTEXT() REPRESENTATION_CONTEXT('2D SPACE',''
  ) );
#716 = PCURVE('',#717,#722);
#717 = PLANE('',#718);
#718 = AXIS2_PLACEMENT_3D('',#719,#720,#721);
#719 = CARTESIAN_POINT('',(-7.810546875,-6.009033203125,0.2));
#720 = DIRECTION('',(-0.972663652922,0.232218471025,-0.));
#721 = DIRECTION('',(-0.232218471025,-0.972663652922,0.));
#722 = DEFINITIONAL_REPRESENTATION('',(#723),#726);
#723 = B_SPLINE_CURVE_WITH_KNOTS('',1,(#724,#725),.UNSPECIFIED.,.F.,.F.,
  (2,2),(-3.00791454879,-0.800100027244),.PIECEWISE_BEZIER_KNOTS.);
#724 = CARTESIAN_POINT('',(0.,-0.2));
#725 = CARTESIAN_POINT('',(2.207814521546,-0.2));
#726 = ( GEOMETRIC_REPRESENTATION_CONTEXT(2) 
PARAMETRIC_REPRESENTATION_CONTEXT() REPRESENTATION_CONTEXT('2D SPACE',''
  ) );
#727 = FACE_BOUND('',#728,.F.);
#728 = EDGE_LOOP('',(#729,#757,#783,#809,#835,#861,#887,#913,#939,#965,
    #991,#1017));
#729 = ORIENTED_EDGE('',*,*,#730,.F.);
#730 = EDGE_CURVE('',#731,#733,#735,.T.);
#731 = VERTEX_POINT('',#732);
#732 = CARTESIAN_POINT('',(-4.8486328125,-6.009033203125,0.));
#733 = VERTEX_POINT('',#734);
#734 = CARTESIAN_POINT('',(-5.2822265625,-6.009033203125,0.));
#735 = SURFACE_CURVE('',#736,(#740,#746),.PCURVE_S1.);
#736 = LINE('',#737,#738);
#737 = CARTESIAN_POINT('',(-10.92431640625,-6.009033203125,0.));
#738 = VECTOR('',#739,1.);
#739 = DIRECTION('',(-1.,0.,0.));
#740 = PCURVE('',#72,#741);
#741 = DEFINITIONAL_REPRESENTATION('',(#742),#745);
#742 = B_SPLINE_CURVE_WITH_KNOTS('',1,(#743,#744),.UNSPECIFIED.,.F.,.F.,
  (2,2),(-6.07568359375,-5.64208984375),.PIECEWISE_BEZIER_KNOTS.);
#743 = CARTESIAN_POINT('',(12.1513671875,3.990966796875));
#744 = CARTESIAN_POINT('',(11.7177734375,3.990966796875));
#745 = ( GEOMETRIC_REPRESENTATION_CONTEXT(2) 
PARAMETRIC_REPRESENTATION_CONTEXT() REPRESENTATION_CONTEXT('2D SPACE',''
  ) );
#746 = PCURVE('',#747,#752);
#747 = PLANE('',#748);
#748 = AXIS2_PLACEMENT_3D('',#749,#750,#751);
#749 = CARTESIAN_POINT('',(-4.8486328125,-6.009033203125,0.2));
#750 = DIRECTION('',(0.,1.,0.));
#751 = DIRECTION('',(-1.,0.,0.));
#752 = DEFINITIONAL_REPRESENTATION('',(#753),#756);
#753 = B_SPLINE_CURVE_WITH_KNOTS('',1,(#754,#755),.UNSPECIFIED.,.F.,.F.,
  (2,2),(-6.07568359375,-5.64208984375),.PIECEWISE_BEZIER_KNOTS.);
#754 = CARTESIAN_POINT('',(0.,-0.2));
#755 = CARTESIAN_POINT('',(0.43359375,-0.2));
#756 = ( GEOMETRIC_REPRESENTATION_CONTEXT(2) 
PARAMETRIC_REPRESENTATION_CONTEXT() REPRESENTATION_CONTEXT('2D SPACE',''
  ) );
#757 = ORIENTED_EDGE('',*,*,#758,.F.);
#758 = EDGE_CURVE('',#759,#731,#761,.T.);
#759 = VERTEX_POINT('',#760);
#760 = CARTESIAN_POINT('',(-4.8486328125,-6.947998046875,0.));
#761 = SURFACE_CURVE('',#762,(#766,#772),.PCURVE_S1.);
#762 = LINE('',#763,#764);
#763 = CARTESIAN_POINT('',(-4.8486328125,-8.473999023438,0.));
#764 = VECTOR('',#765,1.);
#765 = DIRECTION('',(0.,1.,0.));
#766 = PCURVE('',#72,#767);
#767 = DEFINITIONAL_REPRESENTATION('',(#768),#771);
#768 = B_SPLINE_CURVE_WITH_KNOTS('',1,(#769,#770),.UNSPECIFIED.,.F.,.F.,
  (2,2),(1.526000976562,2.464965820312),.PIECEWISE_BEZIER_KNOTS.);
#769 = CARTESIAN_POINT('',(12.1513671875,3.052001953125));
#770 = CARTESIAN_POINT('',(12.1513671875,3.990966796875));
#771 = ( GEOMETRIC_REPRESENTATION_CONTEXT(2) 
PARAMETRIC_REPRESENTATION_CONTEXT() REPRESENTATION_CONTEXT('2D SPACE',''
  ) );
#772 = PCURVE('',#773,#778);
#773 = PLANE('',#774);
#774 = AXIS2_PLACEMENT_3D('',#775,#776,#777);
#775 = CARTESIAN_POINT('',(-4.8486328125,-6.947998046875,0.2));
#776 = DIRECTION('',(1.,0.,0.));
#777 = DIRECTION('',(0.,1.,0.));
#778 = DEFINITIONAL_REPRESENTATION('',(#779),#782);
#779 = B_SPLINE_CURVE_WITH_KNOTS('',1,(#780,#781),.UNSPECIFIED.,.F.,.F.,
  (2,2),(1.526000976562,2.464965820312),.PIECEWISE_BEZIER_KNOTS.);
#780 = CARTESIAN_POINT('',(0.,-0.2));
#781 = CARTESIAN_POINT('',(0.93896484375,-0.2));
#782 = ( GEOMETRIC_REPRESENTATION_CONTEXT(2) 
PARAMETRIC_REPRESENTATION_CONTEXT() REPRESENTATION_CONTEXT('2D SPACE',''
  ) );
#783 = ORIENTED_EDGE('',*,*,#784,.F.);
#784 = EDGE_CURVE('',#785,#759,#787,.T.);
#785 = VERTEX_POINT('',#786);
#786 = CARTESIAN_POINT('',(-3.9990234375,-6.947998046875,0.));
#787 = SURFACE_CURVE('',#788,(#792,#798),.PCURVE_S1.);
#788 = LINE('',#789,#790);
#789 = CARTESIAN_POINT('',(-10.49951171875,-6.947998046875,0.));
#790 = VECTOR('',#791,1.);
#791 = DIRECTION('',(-1.,0.,0.));
#792 = PCURVE('',#72,#793);
#793 = DEFINITIONAL_REPRESENTATION('',(#794),#797);
#794 = B_SPLINE_CURVE_WITH_KNOTS('',1,(#795,#796),.UNSPECIFIED.,.F.,.F.,
  (2,2),(-6.50048828125,-5.65087890625),.PIECEWISE_BEZIER_KNOTS.);
#795 = CARTESIAN_POINT('',(13.0009765625,3.052001953125));
#796 = CARTESIAN_POINT('',(12.1513671875,3.052001953125));
#797 = ( GEOMETRIC_REPRESENTATION_CONTEXT(2) 
PARAMETRIC_REPRESENTATION_CONTEXT() REPRESENTATION_CONTEXT('2D SPACE',''
  ) );
#798 = PCURVE('',#799,#804);
#799 = PLANE('',#800);
#800 = AXIS2_PLACEMENT_3D('',#801,#802,#803);
#801 = CARTESIAN_POINT('',(-3.9990234375,-6.947998046875,0.2));
#802 = DIRECTION('',(0.,1.,0.));
#803 = DIRECTION('',(-1.,0.,0.));
#804 = DEFINITIONAL_REPRESENTATION('',(#805),#808);
#805 = B_SPLINE_CURVE_WITH_KNOTS('',1,(#806,#807),.UNSPECIFIED.,.F.,.F.,
  (2,2),(-6.50048828125,-5.65087890625),.PIECEWISE_BEZIER_KNOTS.);
#806 = CARTESIAN_POINT('',(0.,-0.2));
#807 = CARTESIAN_POINT('',(0.849609375,-0.2));
#808 = ( GEOMETRIC_REPRESENTATION_CONTEXT(2) 
PARAMETRIC_REPRESENTATION_CONTEXT() REPRESENTATION_CONTEXT('2D SPACE',''
  ) );
#809 = ORIENTED_EDGE('',*,*,#810,.F.);
#810 = EDGE_CURVE('',#811,#785,#813,.T.);
#811 = VERTEX_POINT('',#812);
#812 = CARTESIAN_POINT('',(-3.9990234375,-6.009033203125,0.));
#813 = SURFACE_CURVE('',#814,(#818,#824),.PCURVE_S1.);
#814 = LINE('',#815,#816);
#815 = CARTESIAN_POINT('',(-3.9990234375,-8.004516601562,0.));
#816 = VECTOR('',#817,1.);
#817 = DIRECTION('',(0.,-1.,0.));
#818 = PCURVE('',#72,#819);
#819 = DEFINITIONAL_REPRESENTATION('',(#820),#823);
#820 = B_SPLINE_CURVE_WITH_KNOTS('',1,(#821,#822),.UNSPECIFIED.,.F.,.F.,
  (2,2),(-1.995483398438,-1.056518554688),.PIECEWISE_BEZIER_KNOTS.);
#821 = CARTESIAN_POINT('',(13.0009765625,3.990966796875));
#822 = CARTESIAN_POINT('',(13.0009765625,3.052001953125));
#823 = ( GEOMETRIC_REPRESENTATION_CONTEXT(2) 
PARAMETRIC_REPRESENTATION_CONTEXT() REPRESENTATION_CONTEXT('2D SPACE',''
  ) );
#824 = PCURVE('',#825,#830);
#825 = PLANE('',#826);
#826 = AXIS2_PLACEMENT_3D('',#827,#828,#829);
#827 = CARTESIAN_POINT('',(-3.9990234375,-6.009033203125,0.2));
#828 = DIRECTION('',(-1.,0.,0.));
#829 = DIRECTION('',(0.,-1.,0.));
#830 = DEFINITIONAL_REPRESENTATION('',(#831),#834);
#831 = B_SPLINE_CURVE_WITH_KNOTS('',1,(#832,#833),.UNSPECIFIED.,.F.,.F.,
  (2,2),(-1.995483398438,-1.056518554688),.PIECEWISE_BEZIER_KNOTS.);
#832 = CARTESIAN_POINT('',(0.,-0.2));
#833 = CARTESIAN_POINT('',(0.93896484375,-0.2));
#834 = ( GEOMETRIC_REPRESENTATION_CONTEXT(2) 
PARAMETRIC_REPRESENTATION_CONTEXT() REPRESENTATION_CONTEXT('2D SPACE',''
  ) );
#835 = ORIENTED_EDGE('',*,*,#836,.F.);
#836 = EDGE_CURVE('',#837,#811,#839,.T.);
#837 = VERTEX_POINT('',#838);
#838 = CARTESIAN_POINT('',(-3.5654296875,-6.009033203125,0.));
#839 = SURFACE_CURVE('',#840,(#844,#850),.PCURVE_S1.);
#840 = LINE('',#841,#842);
#841 = CARTESIAN_POINT('',(-10.28271484375,-6.009033203125,0.));
#842 = VECTOR('',#843,1.);
#843 = DIRECTION('',(-1.,0.,0.));
#844 = PCURVE('',#72,#845);
#845 = DEFINITIONAL_REPRESENTATION('',(#846),#849);
#846 = B_SPLINE_CURVE_WITH_KNOTS('',1,(#847,#848),.UNSPECIFIED.,.F.,.F.,
  (2,2),(-6.71728515625,-6.28369140625),.PIECEWISE_BEZIER_KNOTS.);
#847 = CARTESIAN_POINT('',(13.4345703125,3.990966796875));
#848 = CARTESIAN_POINT('',(13.0009765625,3.990966796875));
#849 = ( GEOMETRIC_REPRESENTATION_CONTEXT(2) 
PARAMETRIC_REPRESENTATION_CONTEXT() REPRESENTATION_CONTEXT('2D SPACE',''
  ) );
#850 = PCURVE('',#851,#856);
#851 = PLANE('',#852);
#852 = AXIS2_PLACEMENT_3D('',#853,#854,#855);
#853 = CARTESIAN_POINT('',(-3.5654296875,-6.009033203125,0.2));
#854 = DIRECTION('',(0.,1.,0.));
#855 = DIRECTION('',(-1.,0.,0.));
#856 = DEFINITIONAL_REPRESENTATION('',(#857),#860);
#857 = B_SPLINE_CURVE_WITH_KNOTS('',1,(#858,#859),.UNSPECIFIED.,.F.,.F.,
  (2,2),(-6.71728515625,-6.28369140625),.PIECEWISE_BEZIER_KNOTS.);
#858 = CARTESIAN_POINT('',(0.,-0.2));
#859 = CARTESIAN_POINT('',(0.43359375,-0.2));
#860 = ( GEOMETRIC_REPRESENTATION_CONTEXT(2) 
PARAMETRIC_REPRESENTATION_CONTEXT() REPRESENTATION_CONTEXT('2D SPACE',''
  ) );
#861 = ORIENTED_EDGE('',*,*,#862,.F.);
#862 = EDGE_CURVE('',#863,#837,#865,.T.);
#863 = VERTEX_POINT('',#864);
#864 = CARTESIAN_POINT('',(-3.5654296875,-8.156494140625,0.));
#865 = SURFACE_CURVE('',#866,(#870,#876),.PCURVE_S1.);
#866 = LINE('',#867,#868);
#867 = CARTESIAN_POINT('',(-3.5654296875,-9.078247070312,0.));
#868 = VECTOR('',#869,1.);
#869 = DIRECTION('',(0.,1.,0.));
#870 = PCURVE('',#72,#871);
#871 = DEFINITIONAL_REPRESENTATION('',(#872),#875);
#872 = B_SPLINE_CURVE_WITH_KNOTS('',1,(#873,#874),.UNSPECIFIED.,.F.,.F.,
  (2,2),(0.921752929688,3.069213867188),.PIECEWISE_BEZIER_KNOTS.);
#873 = CARTESIAN_POINT('',(13.4345703125,1.843505859375));
#874 = CARTESIAN_POINT('',(13.4345703125,3.990966796875));
#875 = ( GEOMETRIC_REPRESENTATION_CONTEXT(2) 
PARAMETRIC_REPRESENTATION_CONTEXT() REPRESENTATION_CONTEXT('2D SPACE',''
  ) );
#876 = PCURVE('',#877,#882);
#877 = PLANE('',#878);
#878 = AXIS2_PLACEMENT_3D('',#879,#880,#881);
#879 = CARTESIAN_POINT('',(-3.5654296875,-8.156494140625,0.2));
#880 = DIRECTION('',(1.,0.,0.));
#881 = DIRECTION('',(0.,1.,0.));
#882 = DEFINITIONAL_REPRESENTATION('',(#883),#886);
#883 = B_SPLINE_CURVE_WITH_KNOTS('',1,(#884,#885),.UNSPECIFIED.,.F.,.F.,
  (2,2),(0.921752929688,3.069213867188),.PIECEWISE_BEZIER_KNOTS.);
#884 = CARTESIAN_POINT('',(0.,-0.2));
#885 = CARTESIAN_POINT('',(2.1474609375,-0.2));
#886 = ( GEOMETRIC_REPRESENTATION_CONTEXT(2) 
PARAMETRIC_REPRESENTATION_CONTEXT() REPRESENTATION_CONTEXT('2D SPACE',''
  ) );
#887 = ORIENTED_EDGE('',*,*,#888,.F.);
#888 = EDGE_CURVE('',#889,#863,#891,.T.);
#889 = VERTEX_POINT('',#890);
#890 = CARTESIAN_POINT('',(-3.9990234375,-8.156494140625,0.));
#891 = SURFACE_CURVE('',#892,(#896,#902),.PCURVE_S1.);
#892 = LINE('',#893,#894);
#893 = CARTESIAN_POINT('',(-10.49951171875,-8.156494140625,0.));
#894 = VECTOR('',#895,1.);
#895 = DIRECTION('',(1.,0.,-0.));
#896 = PCURVE('',#72,#897);
#897 = DEFINITIONAL_REPRESENTATION('',(#898),#901);
#898 = B_SPLINE_CURVE_WITH_KNOTS('',1,(#899,#900),.UNSPECIFIED.,.F.,.F.,
  (2,2),(6.50048828125,6.93408203125),.PIECEWISE_BEZIER_KNOTS.);
#899 = CARTESIAN_POINT('',(13.0009765625,1.843505859375));
#900 = CARTESIAN_POINT('',(13.4345703125,1.843505859375));
#901 = ( GEOMETRIC_REPRESENTATION_CONTEXT(2) 
PARAMETRIC_REPRESENTATION_CONTEXT() REPRESENTATION_CONTEXT('2D SPACE',''
  ) );
#902 = PCURVE('',#903,#908);
#903 = PLANE('',#904);
#904 = AXIS2_PLACEMENT_3D('',#905,#906,#907);
#905 = CARTESIAN_POINT('',(-3.9990234375,-8.156494140625,0.2));
#906 = DIRECTION('',(0.,-1.,0.));
#907 = DIRECTION('',(1.,0.,0.));
#908 = DEFINITIONAL_REPRESENTATION('',(#909),#912);
#909 = B_SPLINE_CURVE_WITH_KNOTS('',1,(#910,#911),.UNSPECIFIED.,.F.,.F.,
  (2,2),(6.50048828125,6.93408203125),.PIECEWISE_BEZIER_KNOTS.);
#910 = CARTESIAN_POINT('',(0.,-0.2));
#911 = CARTESIAN_POINT('',(0.43359375,-0.2));
#912 = ( GEOMETRIC_REPRESENTATION_CONTEXT(2) 
PARAMETRIC_REPRESENTATION_CONTEXT() REPRESENTATION_CONTEXT('2D SPACE',''
  ) );
#913 = ORIENTED_EDGE('',*,*,#914,.F.);
#914 = EDGE_CURVE('',#915,#889,#917,.T.);
#915 = VERTEX_POINT('',#916);
#916 = CARTESIAN_POINT('',(-3.9990234375,-7.311279296875,0.));
#917 = SURFACE_CURVE('',#918,(#922,#928),.PCURVE_S1.);
#918 = LINE('',#919,#920);
#919 = CARTESIAN_POINT('',(-3.9990234375,-8.655639648438,0.));
#920 = VECTOR('',#921,1.);
#921 = DIRECTION('',(0.,-1.,0.));
#922 = PCURVE('',#72,#923);
#923 = DEFINITIONAL_REPRESENTATION('',(#924),#927);
#924 = B_SPLINE_CURVE_WITH_KNOTS('',1,(#925,#926),.UNSPECIFIED.,.F.,.F.,
  (2,2),(-1.344360351562,-0.499145507812),.PIECEWISE_BEZIER_KNOTS.);
#925 = CARTESIAN_POINT('',(13.0009765625,2.688720703125));
#926 = CARTESIAN_POINT('',(13.0009765625,1.843505859375));
#927 = ( GEOMETRIC_REPRESENTATION_CONTEXT(2) 
PARAMETRIC_REPRESENTATION_CONTEXT() REPRESENTATION_CONTEXT('2D SPACE',''
  ) );
#928 = PCURVE('',#929,#934);
#929 = PLANE('',#930);
#930 = AXIS2_PLACEMENT_3D('',#931,#932,#933);
#931 = CARTESIAN_POINT('',(-3.9990234375,-7.311279296875,0.2));
#932 = DIRECTION('',(-1.,0.,0.));
#933 = DIRECTION('',(0.,-1.,0.));
#934 = DEFINITIONAL_REPRESENTATION('',(#935),#938);
#935 = B_SPLINE_CURVE_WITH_KNOTS('',1,(#936,#937),.UNSPECIFIED.,.F.,.F.,
  (2,2),(-1.344360351562,-0.499145507812),.PIECEWISE_BEZIER_KNOTS.);
#936 = CARTESIAN_POINT('',(0.,-0.2));
#937 = CARTESIAN_POINT('',(0.84521484375,-0.2));
#938 = ( GEOMETRIC_REPRESENTATION_CONTEXT(2) 
PARAMETRIC_REPRESENTATION_CONTEXT() REPRESENTATION_CONTEXT('2D SPACE',''
  ) );
#939 = ORIENTED_EDGE('',*,*,#940,.F.);
#940 = EDGE_CURVE('',#941,#915,#943,.T.);
#941 = VERTEX_POINT('',#942);
#942 = CARTESIAN_POINT('',(-4.8486328125,-7.311279296875,0.));
#943 = SURFACE_CURVE('',#944,(#948,#954),.PCURVE_S1.);
#944 = LINE('',#945,#946);
#945 = CARTESIAN_POINT('',(-10.92431640625,-7.311279296875,0.));
#946 = VECTOR('',#947,1.);
#947 = DIRECTION('',(1.,0.,-0.));
#948 = PCURVE('',#72,#949);
#949 = DEFINITIONAL_REPRESENTATION('',(#950),#953);
#950 = B_SPLINE_CURVE_WITH_KNOTS('',1,(#951,#952),.UNSPECIFIED.,.F.,.F.,
  (2,2),(6.07568359375,6.92529296875),.PIECEWISE_BEZIER_KNOTS.);
#951 = CARTESIAN_POINT('',(12.1513671875,2.688720703125));
#952 = CARTESIAN_POINT('',(13.0009765625,2.688720703125));
#953 = ( GEOMETRIC_REPRESENTATION_CONTEXT(2) 
PARAMETRIC_REPRESENTATION_CONTEXT() REPRESENTATION_CONTEXT('2D SPACE',''
  ) );
#954 = PCURVE('',#955,#960);
#955 = PLANE('',#956);
#956 = AXIS2_PLACEMENT_3D('',#957,#958,#959);
#957 = CARTESIAN_POINT('',(-4.8486328125,-7.311279296875,0.2));
#958 = DIRECTION('',(0.,-1.,0.));
#959 = DIRECTION('',(1.,0.,0.));
#960 = DEFINITIONAL_REPRESENTATION('',(#961),#964);
#961 = B_SPLINE_CURVE_WITH_KNOTS('',1,(#962,#963),.UNSPECIFIED.,.F.,.F.,
  (2,2),(6.07568359375,6.92529296875),.PIECEWISE_BEZIER_KNOTS.);
#962 = CARTESIAN_POINT('',(0.,-0.2));
#963 = CARTESIAN_POINT('',(0.849609375,-0.2));
#964 = ( GEOMETRIC_REPRESENTATION_CONTEXT(2) 
PARAMETRIC_REPRESENTATION_CONTEXT() REPRESENTATION_CONTEXT('2D SPACE',''
  ) );
#965 = ORIENTED_EDGE('',*,*,#966,.F.);
#966 = EDGE_CURVE('',#967,#941,#969,.T.);
#967 = VERTEX_POINT('',#968);
#968 = CARTESIAN_POINT('',(-4.8486328125,-8.156494140625,0.));
#969 = SURFACE_CURVE('',#970,(#974,#980),.PCURVE_S1.);
#970 = LINE('',#971,#972);
#971 = CARTESIAN_POINT('',(-4.8486328125,-9.078247070312,0.));
#972 = VECTOR('',#973,1.);
#973 = DIRECTION('',(0.,1.,0.));
#974 = PCURVE('',#72,#975);
#975 = DEFINITIONAL_REPRESENTATION('',(#976),#979);
#976 = B_SPLINE_CURVE_WITH_KNOTS('',1,(#977,#978),.UNSPECIFIED.,.F.,.F.,
  (2,2),(0.921752929688,1.766967773438),.PIECEWISE_BEZIER_KNOTS.);
#977 = CARTESIAN_POINT('',(12.1513671875,1.843505859375));
#978 = CARTESIAN_POINT('',(12.1513671875,2.688720703125));
#979 = ( GEOMETRIC_REPRESENTATION_CONTEXT(2) 
PARAMETRIC_REPRESENTATION_CONTEXT() REPRESENTATION_CONTEXT('2D SPACE',''
  ) );
#980 = PCURVE('',#981,#986);
#981 = PLANE('',#982);
#982 = AXIS2_PLACEMENT_3D('',#983,#984,#985);
#983 = CARTESIAN_POINT('',(-4.8486328125,-8.156494140625,0.2));
#984 = DIRECTION('',(1.,0.,0.));
#985 = DIRECTION('',(0.,1.,0.));
#986 = DEFINITIONAL_REPRESENTATION('',(#987),#990);
#987 = B_SPLINE_CURVE_WITH_KNOTS('',1,(#988,#989),.UNSPECIFIED.,.F.,.F.,
  (2,2),(0.921752929688,1.766967773438),.PIECEWISE_BEZIER_KNOTS.);
#988 = CARTESIAN_POINT('',(0.,-0.2));
#989 = CARTESIAN_POINT('',(0.84521484375,-0.2));
#990 = ( GEOMETRIC_REPRESENTATION_CONTEXT(2) 
PARAMETRIC_REPRESENTATION_CONTEXT() REPRESENTATION_CONTEXT('2D SPACE',''
  ) );
#991 = ORIENTED_EDGE('',*,*,#992,.F.);
#992 = EDGE_CURVE('',#993,#967,#995,.T.);
#993 = VERTEX_POINT('',#994);
#994 = CARTESIAN_POINT('',(-5.2822265625,-8.156494140625,0.));
#995 = SURFACE_CURVE('',#996,(#1000,#1006),.PCURVE_S1.);
#996 = LINE('',#997,#998);
#997 = CARTESIAN_POINT('',(-11.14111328125,-8.156494140625,0.));
#998 = VECTOR('',#999,1.);
#999 = DIRECTION('',(1.,0.,-0.));
#1000 = PCURVE('',#72,#1001);
#1001 = DEFINITIONAL_REPRESENTATION('',(#1002),#1005);
#1002 = B_SPLINE_CURVE_WITH_KNOTS('',1,(#1003,#1004),.UNSPECIFIED.,.F.,
  .F.,(2,2),(5.85888671875,6.29248046875),.PIECEWISE_BEZIER_KNOTS.);
#1003 = CARTESIAN_POINT('',(11.7177734375,1.843505859375));
#1004 = CARTESIAN_POINT('',(12.1513671875,1.843505859375));
#1005 = ( GEOMETRIC_REPRESENTATION_CONTEXT(2) 
PARAMETRIC_REPRESENTATION_CONTEXT() REPRESENTATION_CONTEXT('2D SPACE',''
  ) );
#1006 = PCURVE('',#1007,#1012);
#1007 = PLANE('',#1008);
#1008 = AXIS2_PLACEMENT_3D('',#1009,#1010,#1011);
#1009 = CARTESIAN_POINT('',(-5.2822265625,-8.156494140625,0.2));
#1010 = DIRECTION('',(0.,-1.,0.));
#1011 = DIRECTION('',(1.,0.,0.));
#1012 = DEFINITIONAL_REPRESENTATION('',(#1013),#1016);
#1013 = B_SPLINE_CURVE_WITH_KNOTS('',1,(#1014,#1015),.UNSPECIFIED.,.F.,
  .F.,(2,2),(5.85888671875,6.29248046875),.PIECEWISE_BEZIER_KNOTS.);
#1014 = CARTESIAN_POINT('',(0.,-0.2));
#1015 = CARTESIAN_POINT('',(0.43359375,-0.2));
#1016 = ( GEOMETRIC_REPRESENTATION_CONTEXT(2) 
PARAMETRIC_REPRESENTATION_CONTEXT() REPRESENTATION_CONTEXT('2D SPACE',''
  ) );
#1017 = ORIENTED_EDGE('',*,*,#1018,.F.);
#1018 = EDGE_CURVE('',#733,#993,#1019,.T.);
#1019 = SURFACE_CURVE('',#1020,(#1024,#1030),.PCURVE_S1.);
#1020 = LINE('',#1021,#1022);
#1021 = CARTESIAN_POINT('',(-5.2822265625,-8.004516601562,0.));
#1022 = VECTOR('',#1023,1.);
#1023 = DIRECTION('',(0.,-1.,0.));
#1024 = PCURVE('',#72,#1025);
#1025 = DEFINITIONAL_REPRESENTATION('',(#1026),#1029);
#1026 = B_SPLINE_CURVE_WITH_KNOTS('',1,(#1027,#1028),.UNSPECIFIED.,.F.,
  .F.,(2,2),(-1.995483398438,0.151977539062),.PIECEWISE_BEZIER_KNOTS.);
#1027 = CARTESIAN_POINT('',(11.7177734375,3.990966796875));
#1028 = CARTESIAN_POINT('',(11.7177734375,1.843505859375));
#1029 = ( GEOMETRIC_REPRESENTATION_CONTEXT(2) 
PARAMETRIC_REPRESENTATION_CONTEXT() REPRESENTATION_CONTEXT('2D SPACE',''
  ) );
#1030 = PCURVE('',#1031,#1036);
#1031 = PLANE('',#1032);
#1032 = AXIS2_PLACEMENT_3D('',#1033,#1034,#1035);
#1033 = CARTESIAN_POINT('',(-5.2822265625,-6.009033203125,0.2));
#1034 = DIRECTION('',(-1.,0.,0.));
#1035 = DIRECTION('',(0.,-1.,0.));
#1036 = DEFINITIONAL_REPRESENTATION('',(#1037),#1040);
#1037 = B_SPLINE_CURVE_WITH_KNOTS('',1,(#1038,#1039),.UNSPECIFIED.,.F.,
  .F.,(2,2),(-1.995483398438,0.151977539062),.PIECEWISE_BEZIER_KNOTS.);
#1038 = CARTESIAN_POINT('',(0.,-0.2));
#1039 = CARTESIAN_POINT('',(2.1474609375,-0.2));
#1040 = ( GEOMETRIC_REPRESENTATION_CONTEXT(2) 
PARAMETRIC_REPRESENTATION_CONTEXT() REPRESENTATION_CONTEXT('2D SPACE',''
  ) );
#1041 = FACE_BOUND('',#1042,.F.);
#1042 = EDGE_LOOP('',(#1043,#1071,#1097,#1123));
#1043 = ORIENTED_EDGE('',*,*,#1044,.F.);
#1044 = EDGE_CURVE('',#1045,#1047,#1049,.T.);
#1045 = VERTEX_POINT('',#1046);
#1046 = CARTESIAN_POINT('',(-2.3583984375,-6.581787109375,0.));
#1047 = VERTEX_POINT('',#1048);
#1048 = CARTESIAN_POINT('',(-3.1669921875,-6.581787109375,0.));
#1049 = SURFACE_CURVE('',#1050,(#1054,#1060),.PCURVE_S1.);
#1050 = LINE('',#1051,#1052);
#1051 = CARTESIAN_POINT('',(-9.67919921875,-6.581787109375,0.));
#1052 = VECTOR('',#1053,1.);
#1053 = DIRECTION('',(-1.,0.,0.));
#1054 = PCURVE('',#72,#1055);
#1055 = DEFINITIONAL_REPRESENTATION('',(#1056),#1059);
#1056 = B_SPLINE_CURVE_WITH_KNOTS('',1,(#1057,#1058),.UNSPECIFIED.,.F.,
  .F.,(2,2),(-7.32080078125,-6.51220703125),.PIECEWISE_BEZIER_KNOTS.);
#1057 = CARTESIAN_POINT('',(14.6416015625,3.418212890625));
#1058 = CARTESIAN_POINT('',(13.8330078125,3.418212890625));
#1059 = ( GEOMETRIC_REPRESENTATION_CONTEXT(2) 
PARAMETRIC_REPRESENTATION_CONTEXT() REPRESENTATION_CONTEXT('2D SPACE',''
  ) );
#1060 = PCURVE('',#1061,#1066);
#1061 = PLANE('',#1062);
#1062 = AXIS2_PLACEMENT_3D('',#1063,#1064,#1065);
#1063 = CARTESIAN_POINT('',(-2.3583984375,-6.581787109375,0.2));
#1064 = DIRECTION('',(0.,1.,0.));
#1065 = DIRECTION('',(-1.,0.,0.));
#1066 = DEFINITIONAL_REPRESENTATION('',(#1067),#1070);
#1067 = B_SPLINE_CURVE_WITH_KNOTS('',1,(#1068,#1069),.UNSPECIFIED.,.F.,
  .F.,(2,2),(-7.32080078125,-6.51220703125),.PIECEWISE_BEZIER_KNOTS.);
#1068 = CARTESIAN_POINT('',(0.,-0.2));
#1069 = CARTESIAN_POINT('',(0.80859375,-0.2));
#1070 = ( GEOMETRIC_REPRESENTATION_CONTEXT(2) 
PARAMETRIC_REPRESENTATION_CONTEXT() REPRESENTATION_CONTEXT('2D SPACE',''
  ) );
#1071 = ORIENTED_EDGE('',*,*,#1072,.F.);
#1072 = EDGE_CURVE('',#1073,#1045,#1075,.T.);
#1073 = VERTEX_POINT('',#1074);
#1074 = CARTESIAN_POINT('',(-2.3583984375,-6.993408203125,0.));
#1075 = SURFACE_CURVE('',#1076,(#1080,#1086),.PCURVE_S1.);
#1076 = LINE('',#1077,#1078);
#1077 = CARTESIAN_POINT('',(-2.3583984375,-8.496704101562,0.));
#1078 = VECTOR('',#1079,1.);
#1079 = DIRECTION('',(0.,1.,0.));
#1080 = PCURVE('',#72,#1081);
#1081 = DEFINITIONAL_REPRESENTATION('',(#1082),#1085);
#1082 = B_SPLINE_CURVE_WITH_KNOTS('',1,(#1083,#1084),.UNSPECIFIED.,.F.,
  .F.,(2,2),(1.503295898438,1.914916992188),.PIECEWISE_BEZIER_KNOTS.);
#1083 = CARTESIAN_POINT('',(14.6416015625,3.006591796875));
#1084 = CARTESIAN_POINT('',(14.6416015625,3.418212890625));
#1085 = ( GEOMETRIC_REPRESENTATION_CONTEXT(2) 
PARAMETRIC_REPRESENTATION_CONTEXT() REPRESENTATION_CONTEXT('2D SPACE',''
  ) );
#1086 = PCURVE('',#1087,#1092);
#1087 = PLANE('',#1088);
#1088 = AXIS2_PLACEMENT_3D('',#1089,#1090,#1091);
#1089 = CARTESIAN_POINT('',(-2.3583984375,-6.993408203125,0.2));
#1090 = DIRECTION('',(1.,0.,0.));
#1091 = DIRECTION('',(0.,1.,0.));
#1092 = DEFINITIONAL_REPRESENTATION('',(#1093),#1096);
#1093 = B_SPLINE_CURVE_WITH_KNOTS('',1,(#1094,#1095),.UNSPECIFIED.,.F.,
  .F.,(2,2),(1.503295898438,1.914916992188),.PIECEWISE_BEZIER_KNOTS.);
#1094 = CARTESIAN_POINT('',(0.,-0.2));
#1095 = CARTESIAN_POINT('',(0.41162109375,-0.2));
#1096 = ( GEOMETRIC_REPRESENTATION_CONTEXT(2) 
PARAMETRIC_REPRESENTATION_CONTEXT() REPRESENTATION_CONTEXT('2D SPACE',''
  ) );
#1097 = ORIENTED_EDGE('',*,*,#1098,.F.);
#1098 = EDGE_CURVE('',#1099,#1073,#1101,.T.);
#1099 = VERTEX_POINT('',#1100);
#1100 = CARTESIAN_POINT('',(-3.1669921875,-6.993408203125,0.));
#1101 = SURFACE_CURVE('',#1102,(#1106,#1112),.PCURVE_S1.);
#1102 = LINE('',#1103,#1104);
#1103 = CARTESIAN_POINT('',(-10.08349609375,-6.993408203125,0.));
#1104 = VECTOR('',#1105,1.);
#1105 = DIRECTION('',(1.,0.,-0.));
#1106 = PCURVE('',#72,#1107);
#1107 = DEFINITIONAL_REPRESENTATION('',(#1108),#1111);
#1108 = B_SPLINE_CURVE_WITH_KNOTS('',1,(#1109,#1110),.UNSPECIFIED.,.F.,
  .F.,(2,2),(6.91650390625,7.72509765625),.PIECEWISE_BEZIER_KNOTS.);
#1109 = CARTESIAN_POINT('',(13.8330078125,3.006591796875));
#1110 = CARTESIAN_POINT('',(14.6416015625,3.006591796875));
#1111 = ( GEOMETRIC_REPRESENTATION_CONTEXT(2) 
PARAMETRIC_REPRESENTATION_CONTEXT() REPRESENTATION_CONTEXT('2D SPACE',''
  ) );
#1112 = PCURVE('',#1113,#1118);
#1113 = PLANE('',#1114);
#1114 = AXIS2_PLACEMENT_3D('',#1115,#1116,#1117);
#1115 = CARTESIAN_POINT('',(-3.1669921875,-6.993408203125,0.2));
#1116 = DIRECTION('',(0.,-1.,0.));
#1117 = DIRECTION('',(1.,0.,0.));
#1118 = DEFINITIONAL_REPRESENTATION('',(#1119),#1122);
#1119 = B_SPLINE_CURVE_WITH_KNOTS('',1,(#1120,#1121),.UNSPECIFIED.,.F.,
  .F.,(2,2),(6.91650390625,7.72509765625),.PIECEWISE_BEZIER_KNOTS.);
#1120 = CARTESIAN_POINT('',(0.,-0.2));
#1121 = CARTESIAN_POINT('',(0.80859375,-0.2));
#1122 = ( GEOMETRIC_REPRESENTATION_CONTEXT(2) 
PARAMETRIC_REPRESENTATION_CONTEXT() REPRESENTATION_CONTEXT('2D SPACE',''
  ) );
#1123 = ORIENTED_EDGE('',*,*,#1124,.F.);
#1124 = EDGE_CURVE('',#1047,#1099,#1125,.T.);
#1125 = SURFACE_CURVE('',#1126,(#1130,#1136),.PCURVE_S1.);
#1126 = LINE('',#1127,#1128);
#1127 = CARTESIAN_POINT('',(-3.1669921875,-8.290893554688,0.));
#1128 = VECTOR('',#1129,1.);
#1129 = DIRECTION('',(0.,-1.,0.));
#1130 = PCURVE('',#72,#1131);
#1131 = DEFINITIONAL_REPRESENTATION('',(#1132),#1135);
#1132 = B_SPLINE_CURVE_WITH_KNOTS('',1,(#1133,#1134),.UNSPECIFIED.,.F.,
  .F.,(2,2),(-1.709106445312,-1.297485351562),.PIECEWISE_BEZIER_KNOTS.);
#1133 = CARTESIAN_POINT('',(13.8330078125,3.418212890625));
#1134 = CARTESIAN_POINT('',(13.8330078125,3.006591796875));
#1135 = ( GEOMETRIC_REPRESENTATION_CONTEXT(2) 
PARAMETRIC_REPRESENTATION_CONTEXT() REPRESENTATION_CONTEXT('2D SPACE',''
  ) );
#1136 = PCURVE('',#1137,#1142);
#1137 = PLANE('',#1138);
#1138 = AXIS2_PLACEMENT_3D('',#1139,#1140,#1141);
#1139 = CARTESIAN_POINT('',(-3.1669921875,-6.581787109375,0.2));
#1140 = DIRECTION('',(-1.,0.,0.));
#1141 = DIRECTION('',(0.,-1.,0.));
#1142 = DEFINITIONAL_REPRESENTATION('',(#1143),#1146);
#1143 = B_SPLINE_CURVE_WITH_KNOTS('',1,(#1144,#1145),.UNSPECIFIED.,.F.,
  .F.,(2,2),(-1.709106445312,-1.297485351562),.PIECEWISE_BEZIER_KNOTS.);
#1144 = CARTESIAN_POINT('',(0.,-0.2));
#1145 = CARTESIAN_POINT('',(0.41162109375,-0.2));
#1146 = ( GEOMETRIC_REPRESENTATION_CONTEXT(2) 
PARAMETRIC_REPRESENTATION_CONTEXT() REPRESENTATION_CONTEXT('2D SPACE',''
  ) );
#1147 = FACE_BOUND('',#1148,.F.);
#1148 = EDGE_LOOP('',(#1149,#1177,#1203,#1229,#1255,#1281,#1307,#1333));
#1149 = ORIENTED_EDGE('',*,*,#1150,.F.);
#1150 = EDGE_CURVE('',#1151,#1153,#1155,.T.);
#1151 = VERTEX_POINT('',#1152);
#1152 = CARTESIAN_POINT('',(-1.04150390625,-8.156494140625,0.));
#1153 = VERTEX_POINT('',#1154);
#1154 = CARTESIAN_POINT('',(-0.181640625,-6.009033203125,0.));
#1155 = SURFACE_CURVE('',#1156,(#1160,#1166),.PCURVE_S1.);
#1156 = LINE('',#1157,#1158);
#1157 = CARTESIAN_POINT('',(-2.462113087247,-11.70438691633,
    -2.22044604925E-17));
#1158 = VECTOR('',#1159,1.);
#1159 = DIRECTION('',(0.371718196741,0.928345615712,-0.));
#1160 = PCURVE('',#72,#1161);
#1161 = DEFINITIONAL_REPRESENTATION('',(#1162),#1165);
#1162 = B_SPLINE_CURVE_WITH_KNOTS('',1,(#1163,#1164),.UNSPECIFIED.,.F.,
  .F.,(2,2),(3.821736986381,6.134949760972),.PIECEWISE_BEZIER_KNOTS.);
#1163 = CARTESIAN_POINT('',(15.95849609375,1.843505859375));
#1164 = CARTESIAN_POINT('',(16.818359375,3.990966796875));
#1165 = ( GEOMETRIC_REPRESENTATION_CONTEXT(2) 
PARAMETRIC_REPRESENTATION_CONTEXT() REPRESENTATION_CONTEXT('2D SPACE',''
  ) );
#1166 = PCURVE('',#1167,#1172);
#1167 = PLANE('',#1168);
#1168 = AXIS2_PLACEMENT_3D('',#1169,#1170,#1171);
#1169 = CARTESIAN_POINT('',(-1.04150390625,-8.156494140625,0.2));
#1170 = DIRECTION('',(0.928345615712,-0.371718196741,0.));
#1171 = DIRECTION('',(0.371718196741,0.928345615712,0.));
#1172 = DEFINITIONAL_REPRESENTATION('',(#1173),#1176);
#1173 = B_SPLINE_CURVE_WITH_KNOTS('',1,(#1174,#1175),.UNSPECIFIED.,.F.,
  .F.,(2,2),(3.821736986381,6.134949760972),.PIECEWISE_BEZIER_KNOTS.);
#1174 = CARTESIAN_POINT('',(0.,-0.2));
#1175 = CARTESIAN_POINT('',(2.313212774591,-0.2));
#1176 = ( GEOMETRIC_REPRESENTATION_CONTEXT(2) 
PARAMETRIC_REPRESENTATION_CONTEXT() REPRESENTATION_CONTEXT('2D SPACE',''
  ) );
#1177 = ORIENTED_EDGE('',*,*,#1178,.F.);
#1178 = EDGE_CURVE('',#1179,#1151,#1181,.T.);
#1179 = VERTEX_POINT('',#1180);
#1180 = CARTESIAN_POINT('',(-1.5,-8.156494140625,0.));
#1181 = SURFACE_CURVE('',#1182,(#1186,#1192),.PCURVE_S1.);
#1182 = LINE('',#1183,#1184);
#1183 = CARTESIAN_POINT('',(-9.25,-8.156494140625,0.));
#1184 = VECTOR('',#1185,1.);
#1185 = DIRECTION('',(1.,0.,-0.));
#1186 = PCURVE('',#72,#1187);
#1187 = DEFINITIONAL_REPRESENTATION('',(#1188),#1191);
#1188 = B_SPLINE_CURVE_WITH_KNOTS('',1,(#1189,#1190),.UNSPECIFIED.,.F.,
  .F.,(2,2),(7.75,8.20849609375),.PIECEWISE_BEZIER_KNOTS.);
#1189 = CARTESIAN_POINT('',(15.5,1.843505859375));
#1190 = CARTESIAN_POINT('',(15.95849609375,1.843505859375));
#1191 = ( GEOMETRIC_REPRESENTATION_CONTEXT(2) 
PARAMETRIC_REPRESENTATION_CONTEXT() REPRESENTATION_CONTEXT('2D SPACE',''
  ) );
#1192 = PCURVE('',#1193,#1198);
#1193 = PLANE('',#1194);
#1194 = AXIS2_PLACEMENT_3D('',#1195,#1196,#1197);
#1195 = CARTESIAN_POINT('',(-1.5,-8.156494140625,0.2));
#1196 = DIRECTION('',(0.,-1.,0.));
#1197 = DIRECTION('',(1.,0.,0.));
#1198 = DEFINITIONAL_REPRESENTATION('',(#1199),#1202);
#1199 = B_SPLINE_CURVE_WITH_KNOTS('',1,(#1200,#1201),.UNSPECIFIED.,.F.,
  .F.,(2,2),(7.75,8.20849609375),.PIECEWISE_BEZIER_KNOTS.);
#1200 = CARTESIAN_POINT('',(0.,-0.2));
#1201 = CARTESIAN_POINT('',(0.45849609375,-0.2));
#1202 = ( GEOMETRIC_REPRESENTATION_CONTEXT(2) 
PARAMETRIC_REPRESENTATION_CONTEXT() REPRESENTATION_CONTEXT('2D SPACE',''
  ) );
#1203 = ORIENTED_EDGE('',*,*,#1204,.F.);
#1204 = EDGE_CURVE('',#1205,#1179,#1207,.T.);
#1205 = VERTEX_POINT('',#1206);
#1206 = CARTESIAN_POINT('',(-2.33642578125,-6.009033203125,0.));
#1207 = SURFACE_CURVE('',#1208,(#1212,#1218),.PCURVE_S1.);
#1208 = LINE('',#1209,#1210);
#1209 = CARTESIAN_POINT('',(-2.627340801292,-5.262130542211,0.));
#1210 = VECTOR('',#1211,1.);
#1211 = DIRECTION('',(0.362936981768,-0.931813686992,0.));
#1212 = PCURVE('',#72,#1213);
#1213 = DEFINITIONAL_REPRESENTATION('',(#1214),#1217);
#1214 = B_SPLINE_CURVE_WITH_KNOTS('',1,(#1215,#1216),.UNSPECIFIED.,.F.,
  .F.,(2,2),(0.801557941615,3.106161283978),.PIECEWISE_BEZIER_KNOTS.);
#1215 = CARTESIAN_POINT('',(14.66357421875,3.990966796875));
#1216 = CARTESIAN_POINT('',(15.5,1.843505859375));
#1217 = ( GEOMETRIC_REPRESENTATION_CONTEXT(2) 
PARAMETRIC_REPRESENTATION_CONTEXT() REPRESENTATION_CONTEXT('2D SPACE',''
  ) );
#1218 = PCURVE('',#1219,#1224);
#1219 = PLANE('',#1220);
#1220 = AXIS2_PLACEMENT_3D('',#1221,#1222,#1223);
#1221 = CARTESIAN_POINT('',(-2.33642578125,-6.009033203125,0.2));
#1222 = DIRECTION('',(-0.931813686992,-0.362936981768,0.));
#1223 = DIRECTION('',(0.362936981768,-0.931813686992,0.));
#1224 = DEFINITIONAL_REPRESENTATION('',(#1225),#1228);
#1225 = B_SPLINE_CURVE_WITH_KNOTS('',1,(#1226,#1227),.UNSPECIFIED.,.F.,
  .F.,(2,2),(0.801557941615,3.106161283978),.PIECEWISE_BEZIER_KNOTS.);
#1226 = CARTESIAN_POINT('',(0.,-0.2));
#1227 = CARTESIAN_POINT('',(2.304603342362,-0.2));
#1228 = ( GEOMETRIC_REPRESENTATION_CONTEXT(2) 
PARAMETRIC_REPRESENTATION_CONTEXT() REPRESENTATION_CONTEXT('2D SPACE',''
  ) );
#1229 = ORIENTED_EDGE('',*,*,#1230,.F.);
#1230 = EDGE_CURVE('',#1231,#1205,#1233,.T.);
#1231 = VERTEX_POINT('',#1232);
#1232 = CARTESIAN_POINT('',(-1.87646484375,-6.009033203125,0.));
#1233 = SURFACE_CURVE('',#1234,(#1238,#1244),.PCURVE_S1.);
#1234 = LINE('',#1235,#1236);
#1235 = CARTESIAN_POINT('',(-9.438232421875,-6.009033203125,0.));
#1236 = VECTOR('',#1237,1.);
#1237 = DIRECTION('',(-1.,0.,0.));
#1238 = PCURVE('',#72,#1239);
#1239 = DEFINITIONAL_REPRESENTATION('',(#1240),#1243);
#1240 = B_SPLINE_CURVE_WITH_KNOTS('',1,(#1241,#1242),.UNSPECIFIED.,.F.,
  .F.,(2,2),(-7.561767578125,-7.101806640625),.PIECEWISE_BEZIER_KNOTS.);
#1241 = CARTESIAN_POINT('',(15.12353515625,3.990966796875));
#1242 = CARTESIAN_POINT('',(14.66357421875,3.990966796875));
#1243 = ( GEOMETRIC_REPRESENTATION_CONTEXT(2) 
PARAMETRIC_REPRESENTATION_CONTEXT() REPRESENTATION_CONTEXT('2D SPACE',''
  ) );
#1244 = PCURVE('',#1245,#1250);
#1245 = PLANE('',#1246);
#1246 = AXIS2_PLACEMENT_3D('',#1247,#1248,#1249);
#1247 = CARTESIAN_POINT('',(-1.87646484375,-6.009033203125,0.2));
#1248 = DIRECTION('',(0.,1.,0.));
#1249 = DIRECTION('',(-1.,0.,0.));
#1250 = DEFINITIONAL_REPRESENTATION('',(#1251),#1254);
#1251 = B_SPLINE_CURVE_WITH_KNOTS('',1,(#1252,#1253),.UNSPECIFIED.,.F.,
  .F.,(2,2),(-7.561767578125,-7.101806640625),.PIECEWISE_BEZIER_KNOTS.);
#1252 = CARTESIAN_POINT('',(0.,-0.2));
#1253 = CARTESIAN_POINT('',(0.4599609375,-0.2));
#1254 = ( GEOMETRIC_REPRESENTATION_CONTEXT(2) 
PARAMETRIC_REPRESENTATION_CONTEXT() REPRESENTATION_CONTEXT('2D SPACE',''
  ) );
#1255 = ORIENTED_EDGE('',*,*,#1256,.F.);
#1256 = EDGE_CURVE('',#1257,#1231,#1259,.T.);
#1257 = VERTEX_POINT('',#1258);
#1258 = CARTESIAN_POINT('',(-1.69921875,-6.496826171875,0.));
#1259 = SURFACE_CURVE('',#1260,(#1264,#1270),.PCURVE_S1.);
#1260 = LINE('',#1261,#1262);
#1261 = CARTESIAN_POINT('',(-2.029280708196,-5.588473840642,0.));
#1262 = VECTOR('',#1263,1.);
#1263 = DIRECTION('',(-0.341516433089,0.93987580346,0.));
#1264 = PCURVE('',#72,#1265);
#1265 = DEFINITIONAL_REPRESENTATION('',(#1266),#1269);
#1266 = B_SPLINE_CURVE_WITH_KNOTS('',1,(#1267,#1268),.UNSPECIFIED.,.F.,
  .F.,(2,2),(-0.966459959804,-0.447462697661),.PIECEWISE_BEZIER_KNOTS.);
#1267 = CARTESIAN_POINT('',(15.30078125,3.503173828125));
#1268 = CARTESIAN_POINT('',(15.12353515625,3.990966796875));
#1269 = ( GEOMETRIC_REPRESENTATION_CONTEXT(2) 
PARAMETRIC_REPRESENTATION_CONTEXT() REPRESENTATION_CONTEXT('2D SPACE',''
  ) );
#1270 = PCURVE('',#1271,#1276);
#1271 = PLANE('',#1272);
#1272 = AXIS2_PLACEMENT_3D('',#1273,#1274,#1275);
#1273 = CARTESIAN_POINT('',(-1.69921875,-6.496826171875,0.2));
#1274 = DIRECTION('',(0.93987580346,0.341516433089,0.));
#1275 = DIRECTION('',(-0.341516433089,0.93987580346,-0.));
#1276 = DEFINITIONAL_REPRESENTATION('',(#1277),#1280);
#1277 = B_SPLINE_CURVE_WITH_KNOTS('',1,(#1278,#1279),.UNSPECIFIED.,.F.,
  .F.,(2,2),(-0.966459959804,-0.447462697661),.PIECEWISE_BEZIER_KNOTS.);
#1278 = CARTESIAN_POINT('',(0.,-0.2));
#1279 = CARTESIAN_POINT('',(0.518997262143,-0.2));
#1280 = ( GEOMETRIC_REPRESENTATION_CONTEXT(2) 
PARAMETRIC_REPRESENTATION_CONTEXT() REPRESENTATION_CONTEXT('2D SPACE',''
  ) );
#1281 = ORIENTED_EDGE('',*,*,#1282,.F.);
#1282 = EDGE_CURVE('',#1283,#1257,#1285,.T.);
#1283 = VERTEX_POINT('',#1284);
#1284 = CARTESIAN_POINT('',(-0.8408203125,-6.496826171875,0.));
#1285 = SURFACE_CURVE('',#1286,(#1290,#1296),.PCURVE_S1.);
#1286 = LINE('',#1287,#1288);
#1287 = CARTESIAN_POINT('',(-8.92041015625,-6.496826171875,0.));
#1288 = VECTOR('',#1289,1.);
#1289 = DIRECTION('',(-1.,0.,0.));
#1290 = PCURVE('',#72,#1291);
#1291 = DEFINITIONAL_REPRESENTATION('',(#1292),#1295);
#1292 = B_SPLINE_CURVE_WITH_KNOTS('',1,(#1293,#1294),.UNSPECIFIED.,.F.,
  .F.,(2,2),(-8.07958984375,-7.22119140625),.PIECEWISE_BEZIER_KNOTS.);
#1293 = CARTESIAN_POINT('',(16.1591796875,3.503173828125));
#1294 = CARTESIAN_POINT('',(15.30078125,3.503173828125));
#1295 = ( GEOMETRIC_REPRESENTATION_CONTEXT(2) 
PARAMETRIC_REPRESENTATION_CONTEXT() REPRESENTATION_CONTEXT('2D SPACE',''
  ) );
#1296 = PCURVE('',#1297,#1302);
#1297 = PLANE('',#1298);
#1298 = AXIS2_PLACEMENT_3D('',#1299,#1300,#1301);
#1299 = CARTESIAN_POINT('',(-0.8408203125,-6.496826171875,0.2));
#1300 = DIRECTION('',(0.,1.,0.));
#1301 = DIRECTION('',(-1.,0.,0.));
#1302 = DEFINITIONAL_REPRESENTATION('',(#1303),#1306);
#1303 = B_SPLINE_CURVE_WITH_KNOTS('',1,(#1304,#1305),.UNSPECIFIED.,.F.,
  .F.,(2,2),(-8.07958984375,-7.22119140625),.PIECEWISE_BEZIER_KNOTS.);
#1304 = CARTESIAN_POINT('',(0.,-0.2));
#1305 = CARTESIAN_POINT('',(0.8583984375,-0.2));
#1306 = ( GEOMETRIC_REPRESENTATION_CONTEXT(2) 
PARAMETRIC_REPRESENTATION_CONTEXT() REPRESENTATION_CONTEXT('2D SPACE',''
  ) );
#1307 = ORIENTED_EDGE('',*,*,#1308,.F.);
#1308 = EDGE_CURVE('',#1309,#1283,#1311,.T.);
#1309 = VERTEX_POINT('',#1310);
#1310 = CARTESIAN_POINT('',(-0.6533203125,-6.009033203125,0.));
#1311 = SURFACE_CURVE('',#1312,(#1316,#1322),.PCURVE_S1.);
#1312 = LINE('',#1313,#1314);
#1313 = CARTESIAN_POINT('',(-2.373775431614,-10.48490472394,
    -2.22044604925E-17));
#1314 = VECTOR('',#1315,1.);
#1315 = DIRECTION('',(-0.358791238353,-0.933417831028,0.));
#1316 = PCURVE('',#72,#1317);
#1317 = DEFINITIONAL_REPRESENTATION('',(#1318),#1321);
#1318 = B_SPLINE_CURVE_WITH_KNOTS('',1,(#1319,#1320),.UNSPECIFIED.,.F.,
  .F.,(2,2),(-4.795142509642,-4.272554497569),.PIECEWISE_BEZIER_KNOTS.);
#1319 = CARTESIAN_POINT('',(16.3466796875,3.990966796875));
#1320 = CARTESIAN_POINT('',(16.1591796875,3.503173828125));
#1321 = ( GEOMETRIC_REPRESENTATION_CONTEXT(2) 
PARAMETRIC_REPRESENTATION_CONTEXT() REPRESENTATION_CONTEXT('2D SPACE',''
  ) );
#1322 = PCURVE('',#1323,#1328);
#1323 = PLANE('',#1324);
#1324 = AXIS2_PLACEMENT_3D('',#1325,#1326,#1327);
#1325 = CARTESIAN_POINT('',(-0.6533203125,-6.009033203125,0.2));
#1326 = DIRECTION('',(-0.933417831028,0.358791238353,-0.));
#1327 = DIRECTION('',(-0.358791238353,-0.933417831028,0.));
#1328 = DEFINITIONAL_REPRESENTATION('',(#1329),#1332);
#1329 = B_SPLINE_CURVE_WITH_KNOTS('',1,(#1330,#1331),.UNSPECIFIED.,.F.,
  .F.,(2,2),(-4.795142509642,-4.272554497569),.PIECEWISE_BEZIER_KNOTS.);
#1330 = CARTESIAN_POINT('',(0.,-0.2));
#1331 = CARTESIAN_POINT('',(0.522588012073,-0.2));
#1332 = ( GEOMETRIC_REPRESENTATION_CONTEXT(2) 
PARAMETRIC_REPRESENTATION_CONTEXT() REPRESENTATION_CONTEXT('2D SPACE',''
  ) );
#1333 = ORIENTED_EDGE('',*,*,#1334,.F.);
#1334 = EDGE_CURVE('',#1153,#1309,#1335,.T.);
#1335 = SURFACE_CURVE('',#1336,(#1340,#1346),.PCURVE_S1.);
#1336 = LINE('',#1337,#1338);
#1337 = CARTESIAN_POINT('',(-8.5908203125,-6.009033203125,0.));
#1338 = VECTOR('',#1339,1.);
#1339 = DIRECTION('',(-1.,0.,0.));
#1340 = PCURVE('',#72,#1341);
#1341 = DEFINITIONAL_REPRESENTATION('',(#1342),#1345);
#1342 = B_SPLINE_CURVE_WITH_KNOTS('',1,(#1343,#1344),.UNSPECIFIED.,.F.,
  .F.,(2,2),(-8.4091796875,-7.9375),.PIECEWISE_BEZIER_KNOTS.);
#1343 = CARTESIAN_POINT('',(16.818359375,3.990966796875));
#1344 = CARTESIAN_POINT('',(16.3466796875,3.990966796875));
#1345 = ( GEOMETRIC_REPRESENTATION_CONTEXT(2) 
PARAMETRIC_REPRESENTATION_CONTEXT() REPRESENTATION_CONTEXT('2D SPACE',''
  ) );
#1346 = PCURVE('',#1347,#1352);
#1347 = PLANE('',#1348);
#1348 = AXIS2_PLACEMENT_3D('',#1349,#1350,#1351);
#1349 = CARTESIAN_POINT('',(-0.181640625,-6.009033203125,0.2));
#1350 = DIRECTION('',(0.,1.,0.));
#1351 = DIRECTION('',(-1.,0.,0.));
#1352 = DEFINITIONAL_REPRESENTATION('',(#1353),#1356);
#1353 = B_SPLINE_CURVE_WITH_KNOTS('',1,(#1354,#1355),.UNSPECIFIED.,.F.,
  .F.,(2,2),(-8.4091796875,-7.9375),.PIECEWISE_BEZIER_KNOTS.);
#1354 = CARTESIAN_POINT('',(0.,-0.2));
#1355 = CARTESIAN_POINT('',(0.4716796875,-0.2));
#1356 = ( GEOMETRIC_REPRESENTATION_CONTEXT(2) 
PARAMETRIC_REPRESENTATION_CONTEXT() REPRESENTATION_CONTEXT('2D SPACE',''
  ) );
#1357 = FACE_BOUND('',#1358,.F.);
#1358 = EDGE_LOOP('',(#1359,#1387,#1413,#1452,#1491,#1530,#1569,#1608,
    #1647,#1692,#1734));
#1359 = ORIENTED_EDGE('',*,*,#1360,.F.);
#1360 = EDGE_CURVE('',#1361,#1363,#1365,.T.);
#1361 = VERTEX_POINT('',#1362);
#1362 = CARTESIAN_POINT('',(4.6875E-02,-6.009033203125,0.));
#1363 = VERTEX_POINT('',#1364);
#1364 = CARTESIAN_POINT('',(4.6875E-02,-8.156494140625,0.));
#1365 = SURFACE_CURVE('',#1366,(#1370,#1376),.PCURVE_S1.);
#1366 = LINE('',#1367,#1368);
#1367 = CARTESIAN_POINT('',(4.6875E-02,-8.004516601562,0.));
#1368 = VECTOR('',#1369,1.);
#1369 = DIRECTION('',(0.,-1.,0.));
#1370 = PCURVE('',#72,#1371);
#1371 = DEFINITIONAL_REPRESENTATION('',(#1372),#1375);
#1372 = B_SPLINE_CURVE_WITH_KNOTS('',1,(#1373,#1374),.UNSPECIFIED.,.F.,
  .F.,(2,2),(-1.995483398438,0.151977539062),.PIECEWISE_BEZIER_KNOTS.);
#1373 = CARTESIAN_POINT('',(17.046875,3.990966796875));
#1374 = CARTESIAN_POINT('',(17.046875,1.843505859375));
#1375 = ( GEOMETRIC_REPRESENTATION_CONTEXT(2) 
PARAMETRIC_REPRESENTATION_CONTEXT() REPRESENTATION_CONTEXT('2D SPACE',''
  ) );
#1376 = PCURVE('',#1377,#1382);
#1377 = PLANE('',#1378);
#1378 = AXIS2_PLACEMENT_3D('',#1379,#1380,#1381);
#1379 = CARTESIAN_POINT('',(4.6875E-02,-6.009033203125,0.2));
#1380 = DIRECTION('',(-1.,0.,0.));
#1381 = DIRECTION('',(0.,-1.,0.));
#1382 = DEFINITIONAL_REPRESENTATION('',(#1383),#1386);
#1383 = B_SPLINE_CURVE_WITH_KNOTS('',1,(#1384,#1385),.UNSPECIFIED.,.F.,
  .F.,(2,2),(-1.995483398438,0.151977539062),.PIECEWISE_BEZIER_KNOTS.);
#1384 = CARTESIAN_POINT('',(0.,-0.2));
#1385 = CARTESIAN_POINT('',(2.1474609375,-0.2));
#1386 = ( GEOMETRIC_REPRESENTATION_CONTEXT(2) 
PARAMETRIC_REPRESENTATION_CONTEXT() REPRESENTATION_CONTEXT('2D SPACE',''
  ) );
#1387 = ORIENTED_EDGE('',*,*,#1388,.F.);
#1388 = EDGE_CURVE('',#1389,#1361,#1391,.T.);
#1389 = VERTEX_POINT('',#1390);
#1390 = CARTESIAN_POINT('',(0.86279296875,-6.009033203125,0.));
#1391 = SURFACE_CURVE('',#1392,(#1396,#1402),.PCURVE_S1.);
#1392 = LINE('',#1393,#1394);
#1393 = CARTESIAN_POINT('',(-8.068603515625,-6.009033203125,0.));
#1394 = VECTOR('',#1395,1.);
#1395 = DIRECTION('',(-1.,0.,0.));
#1396 = PCURVE('',#72,#1397);
#1397 = DEFINITIONAL_REPRESENTATION('',(#1398),#1401);
#1398 = B_SPLINE_CURVE_WITH_KNOTS('',1,(#1399,#1400),.UNSPECIFIED.,.F.,
  .F.,(2,2),(-8.931396484375,-8.115478515625),.PIECEWISE_BEZIER_KNOTS.);
#1399 = CARTESIAN_POINT('',(17.86279296875,3.990966796875));
#1400 = CARTESIAN_POINT('',(17.046875,3.990966796875));
#1401 = ( GEOMETRIC_REPRESENTATION_CONTEXT(2) 
PARAMETRIC_REPRESENTATION_CONTEXT() REPRESENTATION_CONTEXT('2D SPACE',''
  ) );
#1402 = PCURVE('',#1403,#1408);
#1403 = PLANE('',#1404);
#1404 = AXIS2_PLACEMENT_3D('',#1405,#1406,#1407);
#1405 = CARTESIAN_POINT('',(0.86279296875,-6.009033203125,0.2));
#1406 = DIRECTION('',(0.,1.,0.));
#1407 = DIRECTION('',(-1.,0.,0.));
#1408 = DEFINITIONAL_REPRESENTATION('',(#1409),#1412);
#1409 = B_SPLINE_CURVE_WITH_KNOTS('',1,(#1410,#1411),.UNSPECIFIED.,.F.,
  .F.,(2,2),(-8.931396484375,-8.115478515625),.PIECEWISE_BEZIER_KNOTS.);
#1410 = CARTESIAN_POINT('',(0.,-0.2));
#1411 = CARTESIAN_POINT('',(0.81591796875,-0.2));
#1412 = ( GEOMETRIC_REPRESENTATION_CONTEXT(2) 
PARAMETRIC_REPRESENTATION_CONTEXT() REPRESENTATION_CONTEXT('2D SPACE',''
  ) );
#1413 = ORIENTED_EDGE('',*,*,#1414,.T.);
#1414 = EDGE_CURVE('',#1389,#1415,#1417,.T.);
#1415 = VERTEX_POINT('',#1416);
#1416 = CARTESIAN_POINT('',(1.24658203125,-6.054443359375,0.));
#1417 = SURFACE_CURVE('',#1418,(#1425,#1435),.PCURVE_S1.);
#1418 = B_SPLINE_CURVE_WITH_KNOTS('',5,(#1419,#1420,#1421,#1422,#1423,
    #1424),.UNSPECIFIED.,.F.,.F.,(6,6),(0.,1.),
  .PIECEWISE_BEZIER_KNOTS.);
#1419 = CARTESIAN_POINT('',(0.86279296875,-6.009033203125,0.));
#1420 = CARTESIAN_POINT('',(0.955789405558,-6.009033203125,0.));
#1421 = CARTESIAN_POINT('',(1.041431434117,-6.01328639397,0.));
#1422 = CARTESIAN_POINT('',(1.118951015479,-6.022102687408,0.));
#1423 = CARTESIAN_POINT('',(1.187547412974,-6.03576914339,0.));
#1424 = CARTESIAN_POINT('',(1.24658203125,-6.054443359375,0.));
#1425 = PCURVE('',#72,#1426);
#1426 = DEFINITIONAL_REPRESENTATION('',(#1427),#1434);
#1427 = B_SPLINE_CURVE_WITH_KNOTS('',5,(#1428,#1429,#1430,#1431,#1432,
    #1433),.UNSPECIFIED.,.F.,.F.,(6,6),(0.,1.),
  .PIECEWISE_BEZIER_KNOTS.);
#1428 = CARTESIAN_POINT('',(17.86279296875,3.990966796875));
#1429 = CARTESIAN_POINT('',(17.955789405558,3.990966796875));
#1430 = CARTESIAN_POINT('',(18.041431434117,3.98671360603));
#1431 = CARTESIAN_POINT('',(18.118951015479,3.977897312592));
#1432 = CARTESIAN_POINT('',(18.187547412974,3.96423085661));
#1433 = CARTESIAN_POINT('',(18.24658203125,3.945556640625));
#1434 = ( GEOMETRIC_REPRESENTATION_CONTEXT(2) 
PARAMETRIC_REPRESENTATION_CONTEXT() REPRESENTATION_CONTEXT('2D SPACE',''
  ) );
#1435 = PCURVE('',#1436,#1443);
#1436 = SURFACE_OF_LINEAR_EXTRUSION('',#1437,#1441);
#1437 = B_SPLINE_CURVE_WITH_KNOTS('',2,(#1438,#1439,#1440),
  .UNSPECIFIED.,.F.,.F.,(3,3),(0.,1.),.PIECEWISE_BEZIER_KNOTS.);
#1438 = CARTESIAN_POINT('',(1.24658203125,-6.054443359375,0.2));
#1439 = CARTESIAN_POINT('',(1.10302734375,-6.009033203125,0.2));
#1440 = CARTESIAN_POINT('',(0.86279296875,-6.009033203125,0.2));
#1441 = VECTOR('',#1442,1.);
#1442 = DIRECTION('',(-0.,0.,1.));
#1443 = DEFINITIONAL_REPRESENTATION('',(#1444),#1451);
#1444 = B_SPLINE_CURVE_WITH_KNOTS('',5,(#1445,#1446,#1447,#1448,#1449,
    #1450),.UNSPECIFIED.,.F.,.F.,(6,6),(0.,1.),
  .PIECEWISE_BEZIER_KNOTS.);
#1445 = CARTESIAN_POINT('',(1.,-0.2));
#1446 = CARTESIAN_POINT('',(0.806446440464,-0.2));
#1447 = CARTESIAN_POINT('',(0.609353062244,-0.2));
#1448 = CARTESIAN_POINT('',(0.408945117942,-0.2));
#1449 = CARTESIAN_POINT('',(0.205617173859,-0.2));
#1450 = CARTESIAN_POINT('',(0.,-0.2));
#1451 = ( GEOMETRIC_REPRESENTATION_CONTEXT(2) 
PARAMETRIC_REPRESENTATION_CONTEXT() REPRESENTATION_CONTEXT('2D SPACE',''
  ) );
#1452 = ORIENTED_EDGE('',*,*,#1453,.T.);
#1453 = EDGE_CURVE('',#1415,#1454,#1456,.T.);
#1454 = VERTEX_POINT('',#1455);
#1455 = CARTESIAN_POINT('',(1.55126953125,-6.225830078125,0.));
#1456 = SURFACE_CURVE('',#1457,(#1464,#1474),.PCURVE_S1.);
#1457 = B_SPLINE_CURVE_WITH_KNOTS('',5,(#1458,#1459,#1460,#1461,#1462,
    #1463),.UNSPECIFIED.,.F.,.F.,(6,6),(0.,1.),
  .PIECEWISE_BEZIER_KNOTS.);
#1458 = CARTESIAN_POINT('',(1.24658203125,-6.054443359375,0.));
#1459 = CARTESIAN_POINT('',(1.322093045884,-6.078652997655,0.));
#1460 = CARTESIAN_POINT('',(1.390731268188,-6.107791761222,0.));
#1461 = CARTESIAN_POINT('',(1.452036146045,-6.142007425706,0.));
#1462 = CARTESIAN_POINT('',(1.505625551749,-6.181371656533,0.));
#1463 = CARTESIAN_POINT('',(1.55126953125,-6.225830078125,0.));
#1464 = PCURVE('',#72,#1465);
#1465 = DEFINITIONAL_REPRESENTATION('',(#1466),#1473);
#1466 = B_SPLINE_CURVE_WITH_KNOTS('',5,(#1467,#1468,#1469,#1470,#1471,
    #1472),.UNSPECIFIED.,.F.,.F.,(6,6),(0.,1.),
  .PIECEWISE_BEZIER_KNOTS.);
#1467 = CARTESIAN_POINT('',(18.24658203125,3.945556640625));
#1468 = CARTESIAN_POINT('',(18.322093045884,3.921347002345));
#1469 = CARTESIAN_POINT('',(18.390731268188,3.892208238778));
#1470 = CARTESIAN_POINT('',(18.452036146045,3.857992574294));
#1471 = CARTESIAN_POINT('',(18.505625551749,3.818628343467));
#1472 = CARTESIAN_POINT('',(18.55126953125,3.774169921875));
#1473 = ( GEOMETRIC_REPRESENTATION_CONTEXT(2) 
PARAMETRIC_REPRESENTATION_CONTEXT() REPRESENTATION_CONTEXT('2D SPACE',''
  ) );
#1474 = PCURVE('',#1475,#1482);
#1475 = SURFACE_OF_LINEAR_EXTRUSION('',#1476,#1480);
#1476 = B_SPLINE_CURVE_WITH_KNOTS('',2,(#1477,#1478,#1479),
  .UNSPECIFIED.,.F.,.F.,(3,3),(0.,1.),.PIECEWISE_BEZIER_KNOTS.);
#1477 = CARTESIAN_POINT('',(1.55126953125,-6.225830078125,0.2));
#1478 = CARTESIAN_POINT('',(1.4384765625,-6.115966796875,0.2));
#1479 = CARTESIAN_POINT('',(1.24658203125,-6.054443359375,0.2));
#1480 = VECTOR('',#1481,1.);
#1481 = DIRECTION('',(-0.,0.,1.));
#1482 = DEFINITIONAL_REPRESENTATION('',(#1483),#1490);
#1483 = B_SPLINE_CURVE_WITH_KNOTS('',5,(#1484,#1485,#1486,#1487,#1488,
    #1489),.UNSPECIFIED.,.F.,.F.,(6,6),(0.,1.),
  .PIECEWISE_BEZIER_KNOTS.);
#1484 = CARTESIAN_POINT('',(1.,-0.2));
#1485 = CARTESIAN_POINT('',(0.803248653981,-0.2));
#1486 = CARTESIAN_POINT('',(0.604458390576,-0.2));
#1487 = CARTESIAN_POINT('',(0.404003031459,-0.2));
#1488 = CARTESIAN_POINT('',(0.202335216488,-0.2));
#1489 = CARTESIAN_POINT('',(0.,-0.2));
#1490 = ( GEOMETRIC_REPRESENTATION_CONTEXT(2) 
PARAMETRIC_REPRESENTATION_CONTEXT() REPRESENTATION_CONTEXT('2D SPACE',''
  ) );
#1491 = ORIENTED_EDGE('',*,*,#1492,.T.);
#1492 = EDGE_CURVE('',#1454,#1493,#1495,.T.);
#1493 = VERTEX_POINT('',#1494);
#1494 = CARTESIAN_POINT('',(1.78125,-6.605224609375,0.));
#1495 = SURFACE_CURVE('',#1496,(#1503,#1513),.PCURVE_S1.);
#1496 = B_SPLINE_CURVE_WITH_KNOTS('',5,(#1497,#1498,#1499,#1500,#1501,
    #1502),.UNSPECIFIED.,.F.,.F.,(6,6),(0.,1.),
  .PIECEWISE_BEZIER_KNOTS.);
#1497 = CARTESIAN_POINT('',(1.55126953125,-6.225830078125,0.));
#1498 = CARTESIAN_POINT('',(1.61173230376,-6.284514533797,0.));
#1499 = CARTESIAN_POINT('',(1.665012673436,-6.352212196304,0.));
#1500 = CARTESIAN_POINT('',(1.710941631187,-6.428614778087,0.));
#1501 = CARTESIAN_POINT('',(1.749607592,-6.513173967921,0.));
#1502 = CARTESIAN_POINT('',(1.78125,-6.605224609375,0.));
#1503 = PCURVE('',#72,#1504);
#1504 = DEFINITIONAL_REPRESENTATION('',(#1505),#1512);
#1505 = B_SPLINE_CURVE_WITH_KNOTS('',5,(#1506,#1507,#1508,#1509,#1510,
    #1511),.UNSPECIFIED.,.F.,.F.,(6,6),(0.,1.),
  .PIECEWISE_BEZIER_KNOTS.);
#1506 = CARTESIAN_POINT('',(18.55126953125,3.774169921875));
#1507 = CARTESIAN_POINT('',(18.61173230376,3.715485466203));
#1508 = CARTESIAN_POINT('',(18.665012673436,3.647787803696));
#1509 = CARTESIAN_POINT('',(18.710941631187,3.571385221913));
#1510 = CARTESIAN_POINT('',(18.749607592,3.486826032079));
#1511 = CARTESIAN_POINT('',(18.78125,3.394775390625));
#1512 = ( GEOMETRIC_REPRESENTATION_CONTEXT(2) 
PARAMETRIC_REPRESENTATION_CONTEXT() REPRESENTATION_CONTEXT('2D SPACE',''
  ) );
#1513 = PCURVE('',#1514,#1521);
#1514 = SURFACE_OF_LINEAR_EXTRUSION('',#1515,#1519);
#1515 = B_SPLINE_CURVE_WITH_KNOTS('',2,(#1516,#1517,#1518),
  .UNSPECIFIED.,.F.,.F.,(3,3),(0.,1.),.PIECEWISE_BEZIER_KNOTS.);
#1516 = CARTESIAN_POINT('',(1.78125,-6.605224609375,0.2));
#1517 = CARTESIAN_POINT('',(1.70068359375,-6.370849609375,0.2));
#1518 = CARTESIAN_POINT('',(1.55126953125,-6.225830078125,0.2));
#1519 = VECTOR('',#1520,1.);
#1520 = DIRECTION('',(-0.,0.,1.));
#1521 = DEFINITIONAL_REPRESENTATION('',(#1522),#1529);
#1522 = B_SPLINE_CURVE_WITH_KNOTS('',5,(#1523,#1524,#1525,#1526,#1527,
    #1528),.UNSPECIFIED.,.F.,.F.,(6,6),(0.,1.),
  .PIECEWISE_BEZIER_KNOTS.);
#1523 = CARTESIAN_POINT('',(1.,-0.2));
#1524 = CARTESIAN_POINT('',(0.797667061927,-0.2));
#1525 = CARTESIAN_POINT('',(0.595789418628,-0.2));
#1526 = CARTESIAN_POINT('',(0.395145437847,-0.2));
#1527 = CARTESIAN_POINT('',(0.196374701768,-0.2));
#1528 = CARTESIAN_POINT('',(0.,-0.2));
#1529 = ( GEOMETRIC_REPRESENTATION_CONTEXT(2) 
PARAMETRIC_REPRESENTATION_CONTEXT() REPRESENTATION_CONTEXT('2D SPACE',''
  ) );
#1530 = ORIENTED_EDGE('',*,*,#1531,.T.);
#1531 = EDGE_CURVE('',#1493,#1532,#1534,.T.);
#1532 = VERTEX_POINT('',#1533);
#1533 = CARTESIAN_POINT('',(1.84716796875,-7.062255859375,0.));
#1534 = SURFACE_CURVE('',#1535,(#1542,#1552),.PCURVE_S1.);
#1535 = B_SPLINE_CURVE_WITH_KNOTS('',5,(#1536,#1537,#1538,#1539,#1540,
    #1541),.UNSPECIFIED.,.F.,.F.,(6,6),(0.,1.),
  .PIECEWISE_BEZIER_KNOTS.);
#1536 = CARTESIAN_POINT('',(1.78125,-6.605224609375,0.));
#1537 = CARTESIAN_POINT('',(1.808194370869,-6.683662666794,0.));
#1538 = CARTESIAN_POINT('',(1.828025828875,-6.76908192945,0.));
#1539 = CARTESIAN_POINT('',(1.840910356125,-6.861020004848,0.));
#1540 = CARTESIAN_POINT('',(1.84716796875,-6.958925613409,0.));
#1541 = CARTESIAN_POINT('',(1.84716796875,-7.062255859375,0.));
#1542 = PCURVE('',#72,#1543);
#1543 = DEFINITIONAL_REPRESENTATION('',(#1544),#1551);
#1544 = B_SPLINE_CURVE_WITH_KNOTS('',5,(#1545,#1546,#1547,#1548,#1549,
    #1550),.UNSPECIFIED.,.F.,.F.,(6,6),(0.,1.),
  .PIECEWISE_BEZIER_KNOTS.);
#1545 = CARTESIAN_POINT('',(18.78125,3.394775390625));
#1546 = CARTESIAN_POINT('',(18.808194370869,3.316337333206));
#1547 = CARTESIAN_POINT('',(18.828025828875,3.23091807055));
#1548 = CARTESIAN_POINT('',(18.840910356125,3.138979995152));
#1549 = CARTESIAN_POINT('',(18.84716796875,3.041074386591));
#1550 = CARTESIAN_POINT('',(18.84716796875,2.937744140625));
#1551 = ( GEOMETRIC_REPRESENTATION_CONTEXT(2) 
PARAMETRIC_REPRESENTATION_CONTEXT() REPRESENTATION_CONTEXT('2D SPACE',''
  ) );
#1552 = PCURVE('',#1553,#1560);
#1553 = SURFACE_OF_LINEAR_EXTRUSION('',#1554,#1558);
#1554 = B_SPLINE_CURVE_WITH_KNOTS('',2,(#1555,#1556,#1557),
  .UNSPECIFIED.,.F.,.F.,(3,3),(0.,1.),.PIECEWISE_BEZIER_KNOTS.);
#1555 = CARTESIAN_POINT('',(1.84716796875,-7.062255859375,0.2));
#1556 = CARTESIAN_POINT('',(1.84716796875,-6.797119140625,0.2));
#1557 = CARTESIAN_POINT('',(1.78125,-6.605224609375,0.2));
#1558 = VECTOR('',#1559,1.);
#1559 = DIRECTION('',(-0.,0.,1.));
#1560 = DEFINITIONAL_REPRESENTATION('',(#1561),#1568);
#1561 = B_SPLINE_CURVE_WITH_KNOTS('',5,(#1562,#1563,#1564,#1565,#1566,
    #1567),.UNSPECIFIED.,.F.,.F.,(6,6),(0.,1.),
  .PIECEWISE_BEZIER_KNOTS.);
#1562 = CARTESIAN_POINT('',(1.,-0.2));
#1563 = CARTESIAN_POINT('',(0.79562195726,-0.2));
#1564 = CARTESIAN_POINT('',(0.592982699101,-0.2));
#1565 = CARTESIAN_POINT('',(0.392606422876,-0.2));
#1566 = CARTESIAN_POINT('',(0.19486219497,-0.2));
#1567 = CARTESIAN_POINT('',(0.,-0.2));
#1568 = ( GEOMETRIC_REPRESENTATION_CONTEXT(2) 
PARAMETRIC_REPRESENTATION_CONTEXT() REPRESENTATION_CONTEXT('2D SPACE',''
  ) );
#1569 = ORIENTED_EDGE('',*,*,#1570,.T.);
#1570 = EDGE_CURVE('',#1532,#1571,#1573,.T.);
#1571 = VERTEX_POINT('',#1572);
#1572 = CARTESIAN_POINT('',(1.77685546875,-7.56982421875,0.));
#1573 = SURFACE_CURVE('',#1574,(#1581,#1591),.PCURVE_S1.);
#1574 = B_SPLINE_CURVE_WITH_KNOTS('',5,(#1575,#1576,#1577,#1578,#1579,
    #1580),.UNSPECIFIED.,.F.,.F.,(6,6),(0.,1.),
  .PIECEWISE_BEZIER_KNOTS.);
#1575 = CARTESIAN_POINT('',(1.84716796875,-7.062255859375,0.));
#1576 = CARTESIAN_POINT('',(1.84716796875,-7.178566971919,0.));
#1577 = CARTESIAN_POINT('',(1.840638673221,-7.288350117856,0.));
#1578 = CARTESIAN_POINT('',(1.827047988658,-7.390760463553,0.));
#1579 = CARTESIAN_POINT('',(1.805883394146,-7.484857062123,0.));
#1580 = CARTESIAN_POINT('',(1.77685546875,-7.56982421875,0.));
#1581 = PCURVE('',#72,#1582);
#1582 = DEFINITIONAL_REPRESENTATION('',(#1583),#1590);
#1583 = B_SPLINE_CURVE_WITH_KNOTS('',5,(#1584,#1585,#1586,#1587,#1588,
    #1589),.UNSPECIFIED.,.F.,.F.,(6,6),(0.,1.),
  .PIECEWISE_BEZIER_KNOTS.);
#1584 = CARTESIAN_POINT('',(18.84716796875,2.937744140625));
#1585 = CARTESIAN_POINT('',(18.84716796875,2.821433028081));
#1586 = CARTESIAN_POINT('',(18.840638673221,2.711649882144));
#1587 = CARTESIAN_POINT('',(18.827047988658,2.609239536447));
#1588 = CARTESIAN_POINT('',(18.805883394146,2.515142937877));
#1589 = CARTESIAN_POINT('',(18.77685546875,2.43017578125));
#1590 = ( GEOMETRIC_REPRESENTATION_CONTEXT(2) 
PARAMETRIC_REPRESENTATION_CONTEXT() REPRESENTATION_CONTEXT('2D SPACE',''
  ) );
#1591 = PCURVE('',#1592,#1599);
#1592 = SURFACE_OF_LINEAR_EXTRUSION('',#1593,#1597);
#1593 = B_SPLINE_CURVE_WITH_KNOTS('',2,(#1594,#1595,#1596),
  .UNSPECIFIED.,.F.,.F.,(3,3),(0.,1.),.PIECEWISE_BEZIER_KNOTS.);
#1594 = CARTESIAN_POINT('',(1.77685546875,-7.56982421875,0.2));
#1595 = CARTESIAN_POINT('',(1.84716796875,-7.364013671875,0.2));
#1596 = CARTESIAN_POINT('',(1.84716796875,-7.062255859375,0.2));
#1597 = VECTOR('',#1598,1.);
#1598 = DIRECTION('',(-0.,0.,1.));
#1599 = DEFINITIONAL_REPRESENTATION('',(#1600),#1607);
#1600 = B_SPLINE_CURVE_WITH_KNOTS('',5,(#1601,#1602,#1603,#1604,#1605,
    #1606),.UNSPECIFIED.,.F.,.F.,(6,6),(0.,1.),
  .PIECEWISE_BEZIER_KNOTS.);
#1601 = CARTESIAN_POINT('',(1.,-0.2));
#1602 = CARTESIAN_POINT('',(0.807277379862,-0.2));
#1603 = CARTESIAN_POINT('',(0.610608215258,-0.2));
#1604 = CARTESIAN_POINT('',(0.410189266139,-0.2));
#1605 = CARTESIAN_POINT('',(0.206420802813,-0.2));
#1606 = CARTESIAN_POINT('',(0.,-0.2));
#1607 = ( GEOMETRIC_REPRESENTATION_CONTEXT(2) 
PARAMETRIC_REPRESENTATION_CONTEXT() REPRESENTATION_CONTEXT('2D SPACE',''
  ) );
#1608 = ORIENTED_EDGE('',*,*,#1609,.T.);
#1609 = EDGE_CURVE('',#1571,#1610,#1612,.T.);
#1610 = VERTEX_POINT('',#1611);
#1611 = CARTESIAN_POINT('',(1.57177734375,-7.917724609375,0.));
#1612 = SURFACE_CURVE('',#1613,(#1620,#1630),.PCURVE_S1.);
#1613 = B_SPLINE_CURVE_WITH_KNOTS('',5,(#1614,#1615,#1616,#1617,#1618,
    #1619),.UNSPECIFIED.,.F.,.F.,(6,6),(0.,1.),
  .PIECEWISE_BEZIER_KNOTS.);
#1614 = CARTESIAN_POINT('',(1.77685546875,-7.56982421875,0.));
#1615 = CARTESIAN_POINT('',(1.749008785816,-7.651333780255,0.));
#1616 = CARTESIAN_POINT('',(1.714643855325,-7.727181832064,0.));
#1617 = CARTESIAN_POINT('',(1.673636843241,-7.797020207725,0.));
#1618 = CARTESIAN_POINT('',(1.625972291632,-7.86058428389,0.));
#1619 = CARTESIAN_POINT('',(1.57177734375,-7.917724609375,0.));
#1620 = PCURVE('',#72,#1621);
#1621 = DEFINITIONAL_REPRESENTATION('',(#1622),#1629);
#1622 = B_SPLINE_CURVE_WITH_KNOTS('',5,(#1623,#1624,#1625,#1626,#1627,
    #1628),.UNSPECIFIED.,.F.,.F.,(6,6),(0.,1.),
  .PIECEWISE_BEZIER_KNOTS.);
#1623 = CARTESIAN_POINT('',(18.77685546875,2.43017578125));
#1624 = CARTESIAN_POINT('',(18.749008785816,2.348666219745));
#1625 = CARTESIAN_POINT('',(18.714643855325,2.272818167936));
#1626 = CARTESIAN_POINT('',(18.673636843241,2.202979792275));
#1627 = CARTESIAN_POINT('',(18.625972291632,2.13941571611));
#1628 = CARTESIAN_POINT('',(18.57177734375,2.082275390625));
#1629 = ( GEOMETRIC_REPRESENTATION_CONTEXT(2) 
PARAMETRIC_REPRESENTATION_CONTEXT() REPRESENTATION_CONTEXT('2D SPACE',''
  ) );
#1630 = PCURVE('',#1631,#1638);
#1631 = SURFACE_OF_LINEAR_EXTRUSION('',#1632,#1636);
#1632 = B_SPLINE_CURVE_WITH_KNOTS('',2,(#1633,#1634,#1635),
  .UNSPECIFIED.,.F.,.F.,(3,3),(0.,1.),.PIECEWISE_BEZIER_KNOTS.);
#1633 = CARTESIAN_POINT('',(1.57177734375,-7.917724609375,0.2));
#1634 = CARTESIAN_POINT('',(1.70654296875,-7.775634765625,0.2));
#1635 = CARTESIAN_POINT('',(1.77685546875,-7.56982421875,0.2));
#1636 = VECTOR('',#1637,1.);
#1637 = DIRECTION('',(-0.,0.,1.));
#1638 = DEFINITIONAL_REPRESENTATION('',(#1639),#1646);
#1639 = B_SPLINE_CURVE_WITH_KNOTS('',5,(#1640,#1641,#1642,#1643,#1644,
    #1645),.UNSPECIFIED.,.F.,.F.,(6,6),(0.,1.),
  .PIECEWISE_BEZIER_KNOTS.);
#1640 = CARTESIAN_POINT('',(1.,-0.2));
#1641 = CARTESIAN_POINT('',(0.80197914358,-0.2));
#1642 = CARTESIAN_POINT('',(0.602536931324,-0.2));
#1643 = CARTESIAN_POINT('',(0.402083315844,-0.2));
#1644 = CARTESIAN_POINT('',(0.201071110984,-0.2));
#1645 = CARTESIAN_POINT('',(0.,-0.2));
#1646 = ( GEOMETRIC_REPRESENTATION_CONTEXT(2) 
PARAMETRIC_REPRESENTATION_CONTEXT() REPRESENTATION_CONTEXT('2D SPACE',''
  ) );
#1647 = ORIENTED_EDGE('',*,*,#1648,.T.);
#1648 = EDGE_CURVE('',#1610,#1649,#1651,.T.);
#1649 = VERTEX_POINT('',#1650);
#1650 = CARTESIAN_POINT('',(1.248046875,-8.115478515625,0.));
#1651 = SURFACE_CURVE('',#1652,(#1661,#1673),.PCURVE_S1.);
#1652 = B_SPLINE_CURVE_WITH_KNOTS('',4,(#1653,#1654,#1655,#1656,#1657,
    #1658,#1659,#1660),.UNSPECIFIED.,.F.,.F.,(5,3,5),(0.,0.476935924385,
    1.),.UNSPECIFIED.);
#1653 = CARTESIAN_POINT('',(1.57177734375,-7.917724609375,0.));
#1654 = CARTESIAN_POINT('',(1.539724206102,-7.951519765374,0.));
#1655 = CARTESIAN_POINT('',(1.50553926833,-7.982148212452,0.));
#1656 = CARTESIAN_POINT('',(1.469239750231,-8.009524324691,0.));
#1657 = CARTESIAN_POINT('',(1.388808176905,-8.060033466083,0.));
#1658 = CARTESIAN_POINT('',(1.344257747383,-8.082500223607,0.));
#1659 = CARTESIAN_POINT('',(1.297298998237,-8.100970138237,0.));
#1660 = CARTESIAN_POINT('',(1.248046875,-8.115478515625,0.));
#1661 = PCURVE('',#72,#1662);
#1662 = DEFINITIONAL_REPRESENTATION('',(#1663),#1672);
#1663 = B_SPLINE_CURVE_WITH_KNOTS('',4,(#1664,#1665,#1666,#1667,#1668,
    #1669,#1670,#1671),.UNSPECIFIED.,.F.,.F.,(5,3,5),(0.,0.476935924385,
    1.),.UNSPECIFIED.);
#1664 = CARTESIAN_POINT('',(18.57177734375,2.082275390625));
#1665 = CARTESIAN_POINT('',(18.539724206102,2.048480234626));
#1666 = CARTESIAN_POINT('',(18.50553926833,2.017851787548));
#1667 = CARTESIAN_POINT('',(18.469239750231,1.990475675309));
#1668 = CARTESIAN_POINT('',(18.388808176905,1.939966533917));
#1669 = CARTESIAN_POINT('',(18.344257747383,1.917499776393));
#1670 = CARTESIAN_POINT('',(18.297298998237,1.899029861763));
#1671 = CARTESIAN_POINT('',(18.248046875,1.884521484375));
#1672 = ( GEOMETRIC_REPRESENTATION_CONTEXT(2) 
PARAMETRIC_REPRESENTATION_CONTEXT() REPRESENTATION_CONTEXT('2D SPACE',''
  ) );
#1673 = PCURVE('',#1674,#1681);
#1674 = SURFACE_OF_LINEAR_EXTRUSION('',#1675,#1679);
#1675 = B_SPLINE_CURVE_WITH_KNOTS('',2,(#1676,#1677,#1678),
  .UNSPECIFIED.,.F.,.F.,(3,3),(0.,1.),.PIECEWISE_BEZIER_KNOTS.);
#1676 = CARTESIAN_POINT('',(1.248046875,-8.115478515625,0.2));
#1677 = CARTESIAN_POINT('',(1.43701171875,-8.059814453125,0.2));
#1678 = CARTESIAN_POINT('',(1.57177734375,-7.917724609375,0.2));
#1679 = VECTOR('',#1680,1.);
#1680 = DIRECTION('',(-0.,0.,1.));
#1681 = DEFINITIONAL_REPRESENTATION('',(#1682),#1691);
#1682 = B_SPLINE_CURVE_WITH_KNOTS('',4,(#1683,#1684,#1685,#1686,#1687,
    #1688,#1689,#1690),.UNSPECIFIED.,.F.,.F.,(5,3,5),(0.,0.476935924385,
    1.),.UNSPECIFIED.);
#1683 = CARTESIAN_POINT('',(1.,-0.2));
#1684 = CARTESIAN_POINT('',(0.881078213942,-0.2));
#1685 = CARTESIAN_POINT('',(0.761830577873,-0.2));
#1686 = CARTESIAN_POINT('',(0.642415479504,-0.2));
#1687 = CARTESIAN_POINT('',(0.392034928578,-0.2));
#1688 = CARTESIAN_POINT('',(0.261068263423,-0.2));
#1689 = CARTESIAN_POINT('',(0.130320863552,-0.2));
#1690 = CARTESIAN_POINT('',(0.,-0.2));
#1691 = ( GEOMETRIC_REPRESENTATION_CONTEXT(2) 
PARAMETRIC_REPRESENTATION_CONTEXT() REPRESENTATION_CONTEXT('2D SPACE',''
  ) );
#1692 = ORIENTED_EDGE('',*,*,#1693,.T.);
#1693 = EDGE_CURVE('',#1649,#1694,#1696,.T.);
#1694 = VERTEX_POINT('',#1695);
#1695 = CARTESIAN_POINT('',(0.83935546875,-8.156494140625,0.));
#1696 = SURFACE_CURVE('',#1697,(#1705,#1716),.PCURVE_S1.);
#1697 = B_SPLINE_CURVE_WITH_KNOTS('',6,(#1698,#1699,#1700,#1701,#1702,
    #1703,#1704),.UNSPECIFIED.,.F.,.F.,(7,7),(0.,1.),
  .PIECEWISE_BEZIER_KNOTS.);
#1698 = CARTESIAN_POINT('',(1.248046875,-8.115478515625,0.));
#1699 = CARTESIAN_POINT('',(1.199306149867,-8.129694560455,0.));
#1700 = CARTESIAN_POINT('',(1.141986542427,-8.140777171959,0.));
#1701 = CARTESIAN_POINT('',(1.076654613628,-8.148824426108,0.));
#1702 = CARTESIAN_POINT('',(1.003991436548,-8.154000868462,0.));
#1703 = CARTESIAN_POINT('',(0.924680788748,-8.156494140625,0.));
#1704 = CARTESIAN_POINT('',(0.83935546875,-8.156494140625,0.));
#1705 = PCURVE('',#72,#1706);
#1706 = DEFINITIONAL_REPRESENTATION('',(#1707),#1715);
#1707 = B_SPLINE_CURVE_WITH_KNOTS('',6,(#1708,#1709,#1710,#1711,#1712,
    #1713,#1714),.UNSPECIFIED.,.F.,.F.,(7,7),(0.,1.),
  .PIECEWISE_BEZIER_KNOTS.);
#1708 = CARTESIAN_POINT('',(18.248046875,1.884521484375));
#1709 = CARTESIAN_POINT('',(18.199306149867,1.870305439545));
#1710 = CARTESIAN_POINT('',(18.141986542427,1.859222828041));
#1711 = CARTESIAN_POINT('',(18.076654613628,1.851175573892));
#1712 = CARTESIAN_POINT('',(18.003991436548,1.845999131538));
#1713 = CARTESIAN_POINT('',(17.924680788748,1.843505859375));
#1714 = CARTESIAN_POINT('',(17.83935546875,1.843505859375));
#1715 = ( GEOMETRIC_REPRESENTATION_CONTEXT(2) 
PARAMETRIC_REPRESENTATION_CONTEXT() REPRESENTATION_CONTEXT('2D SPACE',''
  ) );
#1716 = PCURVE('',#1717,#1724);
#1717 = SURFACE_OF_LINEAR_EXTRUSION('',#1718,#1722);
#1718 = B_SPLINE_CURVE_WITH_KNOTS('',2,(#1719,#1720,#1721),
  .UNSPECIFIED.,.F.,.F.,(3,3),(0.,1.),.PIECEWISE_BEZIER_KNOTS.);
#1719 = CARTESIAN_POINT('',(0.83935546875,-8.156494140625,0.2));
#1720 = CARTESIAN_POINT('',(1.107421875,-8.156494140625,0.2));
#1721 = CARTESIAN_POINT('',(1.248046875,-8.115478515625,0.2));
#1722 = VECTOR('',#1723,1.);
#1723 = DIRECTION('',(-0.,0.,1.));
#1724 = DEFINITIONAL_REPRESENTATION('',(#1725),#1733);
#1725 = B_SPLINE_CURVE_WITH_KNOTS('',6,(#1726,#1727,#1728,#1729,#1730,
    #1731,#1732),.UNSPECIFIED.,.F.,.F.,(7,7),(0.,1.),
  .PIECEWISE_BEZIER_KNOTS.);
#1726 = CARTESIAN_POINT('',(1.,-0.2));
#1727 = CARTESIAN_POINT('',(0.826699643972,-0.2));
#1728 = CARTESIAN_POINT('',(0.65555760142,-0.2));
#1729 = CARTESIAN_POINT('',(0.487062230602,-0.2));
#1730 = CARTESIAN_POINT('',(0.321530256257,-0.2));
#1731 = CARTESIAN_POINT('',(0.159149595041,-0.2));
#1732 = CARTESIAN_POINT('',(0.,-0.2));
#1733 = ( GEOMETRIC_REPRESENTATION_CONTEXT(2) 
PARAMETRIC_REPRESENTATION_CONTEXT() REPRESENTATION_CONTEXT('2D SPACE',''
  ) );
#1734 = ORIENTED_EDGE('',*,*,#1735,.F.);
#1735 = EDGE_CURVE('',#1363,#1694,#1736,.T.);
#1736 = SURFACE_CURVE('',#1737,(#1741,#1747),.PCURVE_S1.);
#1737 = LINE('',#1738,#1739);
#1738 = CARTESIAN_POINT('',(-8.4765625,-8.156494140625,0.));
#1739 = VECTOR('',#1740,1.);
#1740 = DIRECTION('',(1.,0.,-0.));
#1741 = PCURVE('',#72,#1742);
#1742 = DEFINITIONAL_REPRESENTATION('',(#1743),#1746);
#1743 = B_SPLINE_CURVE_WITH_KNOTS('',1,(#1744,#1745),.UNSPECIFIED.,.F.,
  .F.,(2,2),(8.5234375,9.31591796875),.PIECEWISE_BEZIER_KNOTS.);
#1744 = CARTESIAN_POINT('',(17.046875,1.843505859375));
#1745 = CARTESIAN_POINT('',(17.83935546875,1.843505859375));
#1746 = ( GEOMETRIC_REPRESENTATION_CONTEXT(2) 
PARAMETRIC_REPRESENTATION_CONTEXT() REPRESENTATION_CONTEXT('2D SPACE',''
  ) );
#1747 = PCURVE('',#1748,#1753);
#1748 = PLANE('',#1749);
#1749 = AXIS2_PLACEMENT_3D('',#1750,#1751,#1752);
#1750 = CARTESIAN_POINT('',(4.6875E-02,-8.156494140625,0.2));
#1751 = DIRECTION('',(0.,-1.,0.));
#1752 = DIRECTION('',(1.,0.,0.));
#1753 = DEFINITIONAL_REPRESENTATION('',(#1754),#1757);
#1754 = B_SPLINE_CURVE_WITH_KNOTS('',1,(#1755,#1756),.UNSPECIFIED.,.F.,
  .F.,(2,2),(8.5234375,9.31591796875),.PIECEWISE_BEZIER_KNOTS.);
#1755 = CARTESIAN_POINT('',(0.,-0.2));
#1756 = CARTESIAN_POINT('',(0.79248046875,-0.2));
#1757 = ( GEOMETRIC_REPRESENTATION_CONTEXT(2) 
PARAMETRIC_REPRESENTATION_CONTEXT() REPRESENTATION_CONTEXT('2D SPACE',''
  ) );
#1758 = FACE_BOUND('',#1759,.F.);
#1759 = EDGE_LOOP('',(#1760,#1788,#1814,#1840,#1882,#1918,#1957,#1996,
    #2035,#2086,#2131,#2157));
#1760 = ORIENTED_EDGE('',*,*,#1761,.F.);
#1761 = EDGE_CURVE('',#1762,#1764,#1766,.T.);
#1762 = VERTEX_POINT('',#1763);
#1763 = CARTESIAN_POINT('',(2.6484375,-6.009033203125,0.));
#1764 = VERTEX_POINT('',#1765);
#1765 = CARTESIAN_POINT('',(2.21484375,-6.009033203125,0.));
#1766 = SURFACE_CURVE('',#1767,(#1771,#1777),.PCURVE_S1.);
#1767 = LINE('',#1768,#1769);
#1768 = CARTESIAN_POINT('',(-7.17578125,-6.009033203125,0.));
#1769 = VECTOR('',#1770,1.);
#1770 = DIRECTION('',(-1.,0.,0.));
#1771 = PCURVE('',#72,#1772);
#1772 = DEFINITIONAL_REPRESENTATION('',(#1773),#1776);
#1773 = B_SPLINE_CURVE_WITH_KNOTS('',1,(#1774,#1775),.UNSPECIFIED.,.F.,
  .F.,(2,2),(-9.82421875,-9.390625),.PIECEWISE_BEZIER_KNOTS.);
#1774 = CARTESIAN_POINT('',(19.6484375,3.990966796875));
#1775 = CARTESIAN_POINT('',(19.21484375,3.990966796875));
#1776 = ( GEOMETRIC_REPRESENTATION_CONTEXT(2) 
PARAMETRIC_REPRESENTATION_CONTEXT() REPRESENTATION_CONTEXT('2D SPACE',''
  ) );
#1777 = PCURVE('',#1778,#1783);
#1778 = PLANE('',#1779);
#1779 = AXIS2_PLACEMENT_3D('',#1780,#1781,#1782);
#1780 = CARTESIAN_POINT('',(2.6484375,-6.009033203125,0.2));
#1781 = DIRECTION('',(0.,1.,0.));
#1782 = DIRECTION('',(-1.,0.,0.));
#1783 = DEFINITIONAL_REPRESENTATION('',(#1784),#1787);
#1784 = B_SPLINE_CURVE_WITH_KNOTS('',1,(#1785,#1786),.UNSPECIFIED.,.F.,
  .F.,(2,2),(-9.82421875,-9.390625),.PIECEWISE_BEZIER_KNOTS.);
#1785 = CARTESIAN_POINT('',(0.,-0.2));
#1786 = CARTESIAN_POINT('',(0.43359375,-0.2));
#1787 = ( GEOMETRIC_REPRESENTATION_CONTEXT(2) 
PARAMETRIC_REPRESENTATION_CONTEXT() REPRESENTATION_CONTEXT('2D SPACE',''
  ) );
#1788 = ORIENTED_EDGE('',*,*,#1789,.F.);
#1789 = EDGE_CURVE('',#1790,#1762,#1792,.T.);
#1790 = VERTEX_POINT('',#1791);
#1791 = CARTESIAN_POINT('',(2.6484375,-6.819091796875,0.));
#1792 = SURFACE_CURVE('',#1793,(#1797,#1803),.PCURVE_S1.);
#1793 = LINE('',#1794,#1795);
#1794 = CARTESIAN_POINT('',(2.6484375,-8.409545898438,0.));
#1795 = VECTOR('',#1796,1.);
#1796 = DIRECTION('',(0.,1.,0.));
#1797 = PCURVE('',#72,#1798);
#1798 = DEFINITIONAL_REPRESENTATION('',(#1799),#1802);
#1799 = B_SPLINE_CURVE_WITH_KNOTS('',1,(#1800,#1801),.UNSPECIFIED.,.F.,
  .F.,(2,2),(1.590454101562,2.400512695312),.PIECEWISE_BEZIER_KNOTS.);
#1800 = CARTESIAN_POINT('',(19.6484375,3.180908203125));
#1801 = CARTESIAN_POINT('',(19.6484375,3.990966796875));
#1802 = ( GEOMETRIC_REPRESENTATION_CONTEXT(2) 
PARAMETRIC_REPRESENTATION_CONTEXT() REPRESENTATION_CONTEXT('2D SPACE',''
  ) );
#1803 = PCURVE('',#1804,#1809);
#1804 = PLANE('',#1805);
#1805 = AXIS2_PLACEMENT_3D('',#1806,#1807,#1808);
#1806 = CARTESIAN_POINT('',(2.6484375,-6.819091796875,0.2));
#1807 = DIRECTION('',(1.,0.,0.));
#1808 = DIRECTION('',(0.,1.,0.));
#1809 = DEFINITIONAL_REPRESENTATION('',(#1810),#1813);
#1810 = B_SPLINE_CURVE_WITH_KNOTS('',1,(#1811,#1812),.UNSPECIFIED.,.F.,
  .F.,(2,2),(1.590454101562,2.400512695312),.PIECEWISE_BEZIER_KNOTS.);
#1811 = CARTESIAN_POINT('',(0.,-0.2));
#1812 = CARTESIAN_POINT('',(0.81005859375,-0.2));
#1813 = ( GEOMETRIC_REPRESENTATION_CONTEXT(2) 
PARAMETRIC_REPRESENTATION_CONTEXT() REPRESENTATION_CONTEXT('2D SPACE',''
  ) );
#1814 = ORIENTED_EDGE('',*,*,#1815,.F.);
#1815 = EDGE_CURVE('',#1816,#1790,#1818,.T.);
#1816 = VERTEX_POINT('',#1817);
#1817 = CARTESIAN_POINT('',(2.93115234375,-6.819091796875,0.));
#1818 = SURFACE_CURVE('',#1819,(#1823,#1829),.PCURVE_S1.);
#1819 = LINE('',#1820,#1821);
#1820 = CARTESIAN_POINT('',(-7.034423828125,-6.819091796875,0.));
#1821 = VECTOR('',#1822,1.);
#1822 = DIRECTION('',(-1.,0.,0.));
#1823 = PCURVE('',#72,#1824);
#1824 = DEFINITIONAL_REPRESENTATION('',(#1825),#1828);
#1825 = B_SPLINE_CURVE_WITH_KNOTS('',1,(#1826,#1827),.UNSPECIFIED.,.F.,
  .F.,(2,2),(-9.965576171875,-9.682861328125),.PIECEWISE_BEZIER_KNOTS.);
#1826 = CARTESIAN_POINT('',(19.93115234375,3.180908203125));
#1827 = CARTESIAN_POINT('',(19.6484375,3.180908203125));
#1828 = ( GEOMETRIC_REPRESENTATION_CONTEXT(2) 
PARAMETRIC_REPRESENTATION_CONTEXT() REPRESENTATION_CONTEXT('2D SPACE',''
  ) );
#1829 = PCURVE('',#1830,#1835);
#1830 = PLANE('',#1831);
#1831 = AXIS2_PLACEMENT_3D('',#1832,#1833,#1834);
#1832 = CARTESIAN_POINT('',(2.93115234375,-6.819091796875,0.2));
#1833 = DIRECTION('',(0.,1.,0.));
#1834 = DIRECTION('',(-1.,0.,0.));
#1835 = DEFINITIONAL_REPRESENTATION('',(#1836),#1839);
#1836 = B_SPLINE_CURVE_WITH_KNOTS('',1,(#1837,#1838),.UNSPECIFIED.,.F.,
  .F.,(2,2),(-9.965576171875,-9.682861328125),.PIECEWISE_BEZIER_KNOTS.);
#1837 = CARTESIAN_POINT('',(0.,-0.2));
#1838 = CARTESIAN_POINT('',(0.28271484375,-0.2));
#1839 = ( GEOMETRIC_REPRESENTATION_CONTEXT(2) 
PARAMETRIC_REPRESENTATION_CONTEXT() REPRESENTATION_CONTEXT('2D SPACE',''
  ) );
#1840 = ORIENTED_EDGE('',*,*,#1841,.T.);
#1841 = EDGE_CURVE('',#1816,#1842,#1844,.T.);
#1842 = VERTEX_POINT('',#1843);
#1843 = CARTESIAN_POINT('',(3.380859375,-6.849853515625,0.));
#1844 = SURFACE_CURVE('',#1845,(#1853,#1864),.PCURVE_S1.);
#1845 = B_SPLINE_CURVE_WITH_KNOTS('',6,(#1846,#1847,#1848,#1849,#1850,
    #1851,#1852),.UNSPECIFIED.,.F.,.F.,(7,7),(0.,1.),
  .PIECEWISE_BEZIER_KNOTS.);
#1846 = CARTESIAN_POINT('',(2.93115234375,-6.819091796875,0.));
#1847 = CARTESIAN_POINT('',(3.024137118227,-6.819091796875,0.));
#1848 = CARTESIAN_POINT('',(3.110939119932,-6.820932597856,0.));
#1849 = CARTESIAN_POINT('',(3.190837147983,-6.824773531414,0.));
#1850 = CARTESIAN_POINT('',(3.263011982162,-6.830779481983,0.));
#1851 = CARTESIAN_POINT('',(3.326604239518,-6.839104856709,0.));
#1852 = CARTESIAN_POINT('',(3.380859375,-6.849853515625,0.));
#1853 = PCURVE('',#72,#1854);
#1854 = DEFINITIONAL_REPRESENTATION('',(#1855),#1863);
#1855 = B_SPLINE_CURVE_WITH_KNOTS('',6,(#1856,#1857,#1858,#1859,#1860,
    #1861,#1862),.UNSPECIFIED.,.F.,.F.,(7,7),(0.,1.),
  .PIECEWISE_BEZIER_KNOTS.);
#1856 = CARTESIAN_POINT('',(19.93115234375,3.180908203125));
#1857 = CARTESIAN_POINT('',(20.024137118227,3.180908203125));
#1858 = CARTESIAN_POINT('',(20.110939119932,3.179067402144));
#1859 = CARTESIAN_POINT('',(20.190837147983,3.175226468586));
#1860 = CARTESIAN_POINT('',(20.263011982162,3.169220518017));
#1861 = CARTESIAN_POINT('',(20.326604239518,3.160895143291));
#1862 = CARTESIAN_POINT('',(20.380859375,3.150146484375));
#1863 = ( GEOMETRIC_REPRESENTATION_CONTEXT(2) 
PARAMETRIC_REPRESENTATION_CONTEXT() REPRESENTATION_CONTEXT('2D SPACE',''
  ) );
#1864 = PCURVE('',#1865,#1872);
#1865 = SURFACE_OF_LINEAR_EXTRUSION('',#1866,#1870);
#1866 = B_SPLINE_CURVE_WITH_KNOTS('',2,(#1867,#1868,#1869),
  .UNSPECIFIED.,.F.,.F.,(3,3),(0.,1.),.PIECEWISE_BEZIER_KNOTS.);
#1867 = CARTESIAN_POINT('',(3.380859375,-6.849853515625,0.2));
#1868 = CARTESIAN_POINT('',(3.2255859375,-6.819091796875,0.2));
#1869 = CARTESIAN_POINT('',(2.93115234375,-6.819091796875,0.2));
#1870 = VECTOR('',#1871,1.);
#1871 = DIRECTION('',(-0.,0.,1.));
#1872 = DEFINITIONAL_REPRESENTATION('',(#1873),#1881);
#1873 = B_SPLINE_CURVE_WITH_KNOTS('',6,(#1874,#1875,#1876,#1877,#1878,
    #1879,#1880),.UNSPECIFIED.,.F.,.F.,(7,7),(0.,1.),
  .PIECEWISE_BEZIER_KNOTS.);
#1874 = CARTESIAN_POINT('',(1.,-0.2));
#1875 = CARTESIAN_POINT('',(0.842095507355,-0.2));
#1876 = CARTESIAN_POINT('',(0.680549004624,-0.2));
#1877 = CARTESIAN_POINT('',(0.5153611967,-0.2));
#1878 = CARTESIAN_POINT('',(0.3466565844,-0.2));
#1879 = CARTESIAN_POINT('',(0.174708360797,-0.2));
#1880 = CARTESIAN_POINT('',(0.,-0.2));
#1881 = ( GEOMETRIC_REPRESENTATION_CONTEXT(2) 
PARAMETRIC_REPRESENTATION_CONTEXT() REPRESENTATION_CONTEXT('2D SPACE',''
  ) );
#1882 = ORIENTED_EDGE('',*,*,#1883,.T.);
#1883 = EDGE_CURVE('',#1842,#1884,#1886,.T.);
#1884 = VERTEX_POINT('',#1885);
#1885 = CARTESIAN_POINT('',(3.605712890625,-6.95166015625,0.));
#1886 = SURFACE_CURVE('',#1887,(#1893,#1902),.PCURVE_S1.);
#1887 = B_SPLINE_CURVE_WITH_KNOTS('',4,(#1888,#1889,#1890,#1891,#1892),
  .UNSPECIFIED.,.F.,.F.,(5,5),(0.,1.),.PIECEWISE_BEZIER_KNOTS.);
#1888 = CARTESIAN_POINT('',(3.380859375,-6.849853515625,0.));
#1889 = CARTESIAN_POINT('',(3.43818083454,-6.862346654243,0.));
#1890 = CARTESIAN_POINT('',(3.494824321214,-6.883551913763,0.));
#1891 = CARTESIAN_POINT('',(3.550693156154,-6.913401400492,0.));
#1892 = CARTESIAN_POINT('',(3.605712890625,-6.95166015625,0.));
#1893 = PCURVE('',#72,#1894);
#1894 = DEFINITIONAL_REPRESENTATION('',(#1895),#1901);
#1895 = B_SPLINE_CURVE_WITH_KNOTS('',4,(#1896,#1897,#1898,#1899,#1900),
  .UNSPECIFIED.,.F.,.F.,(5,5),(0.,1.),.PIECEWISE_BEZIER_KNOTS.);
#1896 = CARTESIAN_POINT('',(20.380859375,3.150146484375));
#1897 = CARTESIAN_POINT('',(20.43818083454,3.137653345757));
#1898 = CARTESIAN_POINT('',(20.494824321214,3.116448086237));
#1899 = CARTESIAN_POINT('',(20.550693156154,3.086598599508));
#1900 = CARTESIAN_POINT('',(20.605712890625,3.04833984375));
#1901 = ( GEOMETRIC_REPRESENTATION_CONTEXT(2) 
PARAMETRIC_REPRESENTATION_CONTEXT() REPRESENTATION_CONTEXT('2D SPACE',''
  ) );
#1902 = PCURVE('',#1903,#1910);
#1903 = SURFACE_OF_LINEAR_EXTRUSION('',#1904,#1908);
#1904 = B_SPLINE_CURVE_WITH_KNOTS('',2,(#1905,#1906,#1907),
  .UNSPECIFIED.,.F.,.F.,(3,3),(0.,1.),.PIECEWISE_BEZIER_KNOTS.);
#1905 = CARTESIAN_POINT('',(3.605712890625,-6.95166015625,0.2));
#1906 = CARTESIAN_POINT('',(3.4951171875,-6.874755859375,0.2));
#1907 = CARTESIAN_POINT('',(3.380859375,-6.849853515625,0.2));
#1908 = VECTOR('',#1909,1.);
#1909 = DIRECTION('',(-0.,0.,1.));
#1910 = DEFINITIONAL_REPRESENTATION('',(#1911),#1917);
#1911 = B_SPLINE_CURVE_WITH_KNOTS('',4,(#1912,#1913,#1914,#1915,#1916),
  .UNSPECIFIED.,.F.,.F.,(5,5),(0.,1.),.PIECEWISE_BEZIER_KNOTS.);
#1912 = CARTESIAN_POINT('',(1.,-0.2));
#1913 = CARTESIAN_POINT('',(0.749157373637,-0.2));
#1914 = CARTESIAN_POINT('',(0.498592492263,-0.2));
#1915 = CARTESIAN_POINT('',(0.24874264061,-0.2));
#1916 = CARTESIAN_POINT('',(0.,-0.2));
#1917 = ( GEOMETRIC_REPRESENTATION_CONTEXT(2) 
PARAMETRIC_REPRESENTATION_CONTEXT() REPRESENTATION_CONTEXT('2D SPACE',''
  ) );
#1918 = ORIENTED_EDGE('',*,*,#1919,.T.);
#1919 = EDGE_CURVE('',#1884,#1920,#1922,.T.);
#1920 = VERTEX_POINT('',#1921);
#1921 = CARTESIAN_POINT('',(3.7880859375,-7.163330078125,0.));
#1922 = SURFACE_CURVE('',#1923,(#1930,#1940),.PCURVE_S1.);
#1923 = B_SPLINE_CURVE_WITH_KNOTS('',5,(#1924,#1925,#1926,#1927,#1928,
    #1929),.UNSPECIFIED.,.F.,.F.,(6,6),(0.,1.),
  .PIECEWISE_BEZIER_KNOTS.);
#1924 = CARTESIAN_POINT('',(3.605712890625,-6.95166015625,0.));
#1925 = CARTESIAN_POINT('',(3.650097047279,-6.982523311539,0.));
#1926 = CARTESIAN_POINT('',(3.690567766805,-7.019206667497,0.));
#1927 = CARTESIAN_POINT('',(3.727058093595,-7.061659148657,0.));
#1928 = CARTESIAN_POINT('',(3.759553979648,-7.109759871545,0.));
#1929 = CARTESIAN_POINT('',(3.7880859375,-7.163330078125,0.));
#1930 = PCURVE('',#72,#1931);
#1931 = DEFINITIONAL_REPRESENTATION('',(#1932),#1939);
#1932 = B_SPLINE_CURVE_WITH_KNOTS('',5,(#1933,#1934,#1935,#1936,#1937,
    #1938),.UNSPECIFIED.,.F.,.F.,(6,6),(0.,1.),
  .PIECEWISE_BEZIER_KNOTS.);
#1933 = CARTESIAN_POINT('',(20.605712890625,3.04833984375));
#1934 = CARTESIAN_POINT('',(20.650097047279,3.017476688461));
#1935 = CARTESIAN_POINT('',(20.690567766805,2.980793332503));
#1936 = CARTESIAN_POINT('',(20.727058093595,2.938340851343));
#1937 = CARTESIAN_POINT('',(20.759553979648,2.890240128455));
#1938 = CARTESIAN_POINT('',(20.7880859375,2.836669921875));
#1939 = ( GEOMETRIC_REPRESENTATION_CONTEXT(2) 
PARAMETRIC_REPRESENTATION_CONTEXT() REPRESENTATION_CONTEXT('2D SPACE',''
  ) );
#1940 = PCURVE('',#1941,#1948);
#1941 = SURFACE_OF_LINEAR_EXTRUSION('',#1942,#1946);
#1942 = B_SPLINE_CURVE_WITH_KNOTS('',2,(#1943,#1944,#1945),
  .UNSPECIFIED.,.F.,.F.,(3,3),(0.,1.),.PIECEWISE_BEZIER_KNOTS.);
#1943 = CARTESIAN_POINT('',(3.7880859375,-7.163330078125,0.2));
#1944 = CARTESIAN_POINT('',(3.71630859375,-7.028564453125,0.2));
#1945 = CARTESIAN_POINT('',(3.605712890625,-6.95166015625,0.2));
#1946 = VECTOR('',#1947,1.);
#1947 = DIRECTION('',(-0.,0.,1.));
#1948 = DEFINITIONAL_REPRESENTATION('',(#1949),#1956);
#1949 = B_SPLINE_CURVE_WITH_KNOTS('',5,(#1950,#1951,#1952,#1953,#1954,
    #1955),.UNSPECIFIED.,.F.,.F.,(6,6),(0.,1.),
  .PIECEWISE_BEZIER_KNOTS.);
#1950 = CARTESIAN_POINT('',(1.,-0.2));
#1951 = CARTESIAN_POINT('',(0.799340501487,-0.2));
#1952 = CARTESIAN_POINT('',(0.598707963802,-0.2));
#1953 = CARTESIAN_POINT('',(0.398414433316,-0.2));
#1954 = CARTESIAN_POINT('',(0.198753230209,-0.2));
#1955 = CARTESIAN_POINT('',(0.,-0.2));
#1956 = ( GEOMETRIC_REPRESENTATION_CONTEXT(2) 
PARAMETRIC_REPRESENTATION_CONTEXT() REPRESENTATION_CONTEXT('2D SPACE',''
  ) );
#1957 = ORIENTED_EDGE('',*,*,#1958,.T.);
#1958 = EDGE_CURVE('',#1920,#1959,#1961,.T.);
#1959 = VERTEX_POINT('',#1960);
#1960 = CARTESIAN_POINT('',(3.85986328125,-7.495849609375,0.));
#1961 = SURFACE_CURVE('',#1962,(#1969,#1979),.PCURVE_S1.);
#1962 = B_SPLINE_CURVE_WITH_KNOTS('',5,(#1963,#1964,#1965,#1966,#1967,
    #1968),.UNSPECIFIED.,.F.,.F.,(6,6),(0.,1.),
  .PIECEWISE_BEZIER_KNOTS.);
#1963 = CARTESIAN_POINT('',(3.7880859375,-7.163330078125,0.));
#1964 = CARTESIAN_POINT('',(3.817128721383,-7.21785938664,0.));
#1965 = CARTESIAN_POINT('',(3.838738052389,-7.278667247748,0.));
#1966 = CARTESIAN_POINT('',(3.852919903134,-7.345516922397,0.));
#1967 = CARTESIAN_POINT('',(3.85986328125,-7.41805030438,0.));
#1968 = CARTESIAN_POINT('',(3.85986328125,-7.495849609375,0.));
#1969 = PCURVE('',#72,#1970);
#1970 = DEFINITIONAL_REPRESENTATION('',(#1971),#1978);
#1971 = B_SPLINE_CURVE_WITH_KNOTS('',5,(#1972,#1973,#1974,#1975,#1976,
    #1977),.UNSPECIFIED.,.F.,.F.,(6,6),(0.,1.),
  .PIECEWISE_BEZIER_KNOTS.);
#1972 = CARTESIAN_POINT('',(20.7880859375,2.836669921875));
#1973 = CARTESIAN_POINT('',(20.817128721383,2.78214061336));
#1974 = CARTESIAN_POINT('',(20.838738052389,2.721332752252));
#1975 = CARTESIAN_POINT('',(20.852919903134,2.654483077603));
#1976 = CARTESIAN_POINT('',(20.85986328125,2.58194969562));
#1977 = CARTESIAN_POINT('',(20.85986328125,2.504150390625));
#1978 = ( GEOMETRIC_REPRESENTATION_CONTEXT(2) 
PARAMETRIC_REPRESENTATION_CONTEXT() REPRESENTATION_CONTEXT('2D SPACE',''
  ) );
#1979 = PCURVE('',#1980,#1987);
#1980 = SURFACE_OF_LINEAR_EXTRUSION('',#1981,#1985);
#1981 = B_SPLINE_CURVE_WITH_KNOTS('',2,(#1982,#1983,#1984),
  .UNSPECIFIED.,.F.,.F.,(3,3),(0.,1.),.PIECEWISE_BEZIER_KNOTS.);
#1982 = CARTESIAN_POINT('',(3.85986328125,-7.495849609375,0.2));
#1983 = CARTESIAN_POINT('',(3.85986328125,-7.298095703125,0.2));
#1984 = CARTESIAN_POINT('',(3.7880859375,-7.163330078125,0.2));
#1985 = VECTOR('',#1986,1.);
#1986 = DIRECTION('',(-0.,0.,1.));
#1987 = DEFINITIONAL_REPRESENTATION('',(#1988),#1995);
#1988 = B_SPLINE_CURVE_WITH_KNOTS('',5,(#1989,#1990,#1991,#1992,#1993,
    #1994),.UNSPECIFIED.,.F.,.F.,(6,6),(0.,1.),
  .PIECEWISE_BEZIER_KNOTS.);
#1989 = CARTESIAN_POINT('',(1.,-0.2));
#1990 = CARTESIAN_POINT('',(0.797688362612,-0.2));
#1991 = CARTESIAN_POINT('',(0.595995376882,-0.2));
#1992 = CARTESIAN_POINT('',(0.395506360647,-0.2));
#1993 = CARTESIAN_POINT('',(0.196707378555,-0.2));
#1994 = CARTESIAN_POINT('',(0.,-0.2));
#1995 = ( GEOMETRIC_REPRESENTATION_CONTEXT(2) 
PARAMETRIC_REPRESENTATION_CONTEXT() REPRESENTATION_CONTEXT('2D SPACE',''
  ) );
#1996 = ORIENTED_EDGE('',*,*,#1997,.T.);
#1997 = EDGE_CURVE('',#1959,#1998,#2000,.T.);
#1998 = VERTEX_POINT('',#1999);
#1999 = CARTESIAN_POINT('',(3.7353515625,-7.9140625,0.));
#2000 = SURFACE_CURVE('',#2001,(#2008,#2018),.PCURVE_S1.);
#2001 = B_SPLINE_CURVE_WITH_KNOTS('',5,(#2002,#2003,#2004,#2005,#2006,
    #2007),.UNSPECIFIED.,.F.,.F.,(6,6),(0.,1.),
  .PIECEWISE_BEZIER_KNOTS.);
#2002 = CARTESIAN_POINT('',(3.85986328125,-7.495849609375,0.));
#2003 = CARTESIAN_POINT('',(3.85986328125,-7.595730127039,0.));
#2004 = CARTESIAN_POINT('',(3.848049188198,-7.688537202124,0.));
#2005 = CARTESIAN_POINT('',(3.823527531551,-7.773107066614,0.));
#2006 = CARTESIAN_POINT('',(3.785823702646,-7.84844871781,0.));
#2007 = CARTESIAN_POINT('',(3.7353515625,-7.9140625,0.));
#2008 = PCURVE('',#72,#2009);
#2009 = DEFINITIONAL_REPRESENTATION('',(#2010),#2017);
#2010 = B_SPLINE_CURVE_WITH_KNOTS('',5,(#2011,#2012,#2013,#2014,#2015,
    #2016),.UNSPECIFIED.,.F.,.F.,(6,6),(0.,1.),
  .PIECEWISE_BEZIER_KNOTS.);
#2011 = CARTESIAN_POINT('',(20.85986328125,2.504150390625));
#2012 = CARTESIAN_POINT('',(20.85986328125,2.404269872961));
#2013 = CARTESIAN_POINT('',(20.848049188198,2.311462797876));
#2014 = CARTESIAN_POINT('',(20.823527531551,2.226892933386));
#2015 = CARTESIAN_POINT('',(20.785823702646,2.15155128219));
#2016 = CARTESIAN_POINT('',(20.7353515625,2.0859375));
#2017 = ( GEOMETRIC_REPRESENTATION_CONTEXT(2) 
PARAMETRIC_REPRESENTATION_CONTEXT() REPRESENTATION_CONTEXT('2D SPACE',''
  ) );
#2018 = PCURVE('',#2019,#2026);
#2019 = SURFACE_OF_LINEAR_EXTRUSION('',#2020,#2024);
#2020 = B_SPLINE_CURVE_WITH_KNOTS('',2,(#2021,#2022,#2023),
  .UNSPECIFIED.,.F.,.F.,(3,3),(0.,1.),.PIECEWISE_BEZIER_KNOTS.);
#2021 = CARTESIAN_POINT('',(3.7353515625,-7.9140625,0.2));
#2022 = CARTESIAN_POINT('',(3.85986328125,-7.752197265625,0.2));
#2023 = CARTESIAN_POINT('',(3.85986328125,-7.495849609375,0.2));
#2024 = VECTOR('',#2025,1.);
#2025 = DIRECTION('',(-0.,0.,1.));
#2026 = DEFINITIONAL_REPRESENTATION('',(#2027),#2034);
#2027 = B_SPLINE_CURVE_WITH_KNOTS('',5,(#2028,#2029,#2030,#2031,#2032,
    #2033),.UNSPECIFIED.,.F.,.F.,(6,6),(0.,1.),
  .PIECEWISE_BEZIER_KNOTS.);
#2028 = CARTESIAN_POINT('',(1.,-0.2));
#2029 = CARTESIAN_POINT('',(0.805185428404,-0.2));
#2030 = CARTESIAN_POINT('',(0.6066817862,-0.2));
#2031 = CARTESIAN_POINT('',(0.405436578731,-0.2));
#2032 = CARTESIAN_POINT('',(0.202680280429,-0.2));
#2033 = CARTESIAN_POINT('',(0.,-0.2));
#2034 = ( GEOMETRIC_REPRESENTATION_CONTEXT(2) 
PARAMETRIC_REPRESENTATION_CONTEXT() REPRESENTATION_CONTEXT('2D SPACE',''
  ) );
#2035 = ORIENTED_EDGE('',*,*,#2036,.T.);
#2036 = EDGE_CURVE('',#1998,#2037,#2039,.T.);
#2037 = VERTEX_POINT('',#2038);
#2038 = CARTESIAN_POINT('',(3.42626953125,-8.124267578125,0.));
#2039 = SURFACE_CURVE('',#2040,(#2051,#2065),.PCURVE_S1.);
#2040 = B_SPLINE_CURVE_WITH_KNOTS('',5,(#2041,#2042,#2043,#2044,#2045,
    #2046,#2047,#2048,#2049,#2050),.UNSPECIFIED.,.F.,.F.,(6,4,6),(0.,
    0.660691755097,1.),.UNSPECIFIED.);
#2041 = CARTESIAN_POINT('',(3.7353515625,-7.9140625,0.));
#2042 = CARTESIAN_POINT('',(3.702752314364,-7.956441522577,0.));
#2043 = CARTESIAN_POINT('',(3.667379905277,-7.994216982898,0.));
#2044 = CARTESIAN_POINT('',(3.629232661316,-8.027189399176,0.));
#2045 = CARTESIAN_POINT('',(3.588352341593,-8.055224763198,0.));
#2046 = CARTESIAN_POINT('',(3.522485360592,-8.090109693792,0.));
#2047 = CARTESIAN_POINT('',(3.499440211065,-8.100631214468,0.));
#2048 = CARTESIAN_POINT('',(3.475711768101,-8.109830868844,0.));
#2049 = CARTESIAN_POINT('',(3.451315466853,-8.117707928324,0.));
#2050 = CARTESIAN_POINT('',(3.42626953125,-8.124267578125,0.));
#2051 = PCURVE('',#72,#2052);
#2052 = DEFINITIONAL_REPRESENTATION('',(#2053),#2064);
#2053 = B_SPLINE_CURVE_WITH_KNOTS('',5,(#2054,#2055,#2056,#2057,#2058,
    #2059,#2060,#2061,#2062,#2063),.UNSPECIFIED.,.F.,.F.,(6,4,6),(0.,
    0.660691755097,1.),.UNSPECIFIED.);
#2054 = CARTESIAN_POINT('',(20.7353515625,2.0859375));
#2055 = CARTESIAN_POINT('',(20.702752314364,2.043558477423));
#2056 = CARTESIAN_POINT('',(20.667379905277,2.005783017102));
#2057 = CARTESIAN_POINT('',(20.629232661316,1.972810600824));
#2058 = CARTESIAN_POINT('',(20.588352341593,1.944775236802));
#2059 = CARTESIAN_POINT('',(20.522485360592,1.909890306208));
#2060 = CARTESIAN_POINT('',(20.499440211065,1.899368785532));
#2061 = CARTESIAN_POINT('',(20.475711768101,1.890169131156));
#2062 = CARTESIAN_POINT('',(20.451315466853,1.882292071676));
#2063 = CARTESIAN_POINT('',(20.42626953125,1.875732421875));
#2064 = ( GEOMETRIC_REPRESENTATION_CONTEXT(2) 
PARAMETRIC_REPRESENTATION_CONTEXT() REPRESENTATION_CONTEXT('2D SPACE',''
  ) );
#2065 = PCURVE('',#2066,#2073);
#2066 = SURFACE_OF_LINEAR_EXTRUSION('',#2067,#2071);
#2067 = B_SPLINE_CURVE_WITH_KNOTS('',2,(#2068,#2069,#2070),
  .UNSPECIFIED.,.F.,.F.,(3,3),(0.,1.),.PIECEWISE_BEZIER_KNOTS.);
#2068 = CARTESIAN_POINT('',(3.42626953125,-8.124267578125,0.2));
#2069 = CARTESIAN_POINT('',(3.61083984375,-8.075927734375,0.2));
#2070 = CARTESIAN_POINT('',(3.7353515625,-7.9140625,0.2));
#2071 = VECTOR('',#2072,1.);
#2072 = DIRECTION('',(-0.,0.,1.));
#2073 = DEFINITIONAL_REPRESENTATION('',(#2074),#2085);
#2074 = B_SPLINE_CURVE_WITH_KNOTS('',5,(#2075,#2076,#2077,#2078,#2079,
    #2080,#2081,#2082,#2083,#2084),.UNSPECIFIED.,.F.,.F.,(6,4,6),(0.,
    0.660691755097,1.),.UNSPECIFIED.);
#2075 = CARTESIAN_POINT('',(1.,-0.2));
#2076 = CARTESIAN_POINT('',(0.8690916467,-0.2));
#2077 = CARTESIAN_POINT('',(0.737379728752,-0.2));
#2078 = CARTESIAN_POINT('',(0.605111358968,-0.2));
#2079 = CARTESIAN_POINT('',(0.472554577285,-0.2));
#2080 = CARTESIAN_POINT('',(0.271924591725,-0.2));
#2081 = CARTESIAN_POINT('',(0.203848840974,-0.2));
#2082 = CARTESIAN_POINT('',(0.135811198626,-0.2));
#2083 = CARTESIAN_POINT('',(6.784930702936E-02,-0.2));
#2084 = CARTESIAN_POINT('',(0.,-0.2));
#2085 = ( GEOMETRIC_REPRESENTATION_CONTEXT(2) 
PARAMETRIC_REPRESENTATION_CONTEXT() REPRESENTATION_CONTEXT('2D SPACE',''
  ) );
#2086 = ORIENTED_EDGE('',*,*,#2087,.T.);
#2087 = EDGE_CURVE('',#2037,#2088,#2090,.T.);
#2088 = VERTEX_POINT('',#2089);
#2089 = CARTESIAN_POINT('',(2.91064453125,-8.156494140625,0.));
#2090 = SURFACE_CURVE('',#2091,(#2100,#2112),.PCURVE_S1.);
#2091 = B_SPLINE_CURVE_WITH_KNOTS('',7,(#2092,#2093,#2094,#2095,#2096,
    #2097,#2098,#2099),.UNSPECIFIED.,.F.,.F.,(8,8),(0.,1.),
  .PIECEWISE_BEZIER_KNOTS.);
#2092 = CARTESIAN_POINT('',(3.42626953125,-8.124267578125,0.));
#2093 = CARTESIAN_POINT('',(3.388461951119,-8.134411075233,0.));
#2094 = CARTESIAN_POINT('',(3.33561687874,-8.142456578933,0.));
#2095 = CARTESIAN_POINT('',(3.269379325054,-8.148475961256,0.));
#2096 = CARTESIAN_POINT('',(3.191950327398,-8.152676125445,0.));
#2097 = CARTESIAN_POINT('',(3.105339917288,-8.155279102435,0.));
#2098 = CARTESIAN_POINT('',(3.011193845772,-8.156494140625,0.));
#2099 = CARTESIAN_POINT('',(2.91064453125,-8.156494140625,0.));
#2100 = PCURVE('',#72,#2101);
#2101 = DEFINITIONAL_REPRESENTATION('',(#2102),#2111);
#2102 = B_SPLINE_CURVE_WITH_KNOTS('',7,(#2103,#2104,#2105,#2106,#2107,
    #2108,#2109,#2110),.UNSPECIFIED.,.F.,.F.,(8,8),(0.,1.),
  .PIECEWISE_BEZIER_KNOTS.);
#2103 = CARTESIAN_POINT('',(20.42626953125,1.875732421875));
#2104 = CARTESIAN_POINT('',(20.388461951119,1.865588924767));
#2105 = CARTESIAN_POINT('',(20.33561687874,1.857543421067));
#2106 = CARTESIAN_POINT('',(20.269379325054,1.851524038744));
#2107 = CARTESIAN_POINT('',(20.191950327398,1.847323874555));
#2108 = CARTESIAN_POINT('',(20.105339917288,1.844720897565));
#2109 = CARTESIAN_POINT('',(20.011193845772,1.843505859375));
#2110 = CARTESIAN_POINT('',(19.91064453125,1.843505859375));
#2111 = ( GEOMETRIC_REPRESENTATION_CONTEXT(2) 
PARAMETRIC_REPRESENTATION_CONTEXT() REPRESENTATION_CONTEXT('2D SPACE',''
  ) );
#2112 = PCURVE('',#2113,#2120);
#2113 = SURFACE_OF_LINEAR_EXTRUSION('',#2114,#2118);
#2114 = B_SPLINE_CURVE_WITH_KNOTS('',2,(#2115,#2116,#2117),
  .UNSPECIFIED.,.F.,.F.,(3,3),(0.,1.),.PIECEWISE_BEZIER_KNOTS.);
#2115 = CARTESIAN_POINT('',(2.91064453125,-8.156494140625,0.2));
#2116 = CARTESIAN_POINT('',(3.30615234375,-8.156494140625,0.2));
#2117 = CARTESIAN_POINT('',(3.42626953125,-8.124267578125,0.2));
#2118 = VECTOR('',#2119,1.);
#2119 = DIRECTION('',(-0.,0.,1.));
#2120 = DEFINITIONAL_REPRESENTATION('',(#2121),#2130);
#2121 = B_SPLINE_CURVE_WITH_KNOTS('',7,(#2122,#2123,#2124,#2125,#2126,
    #2127,#2128,#2129),.UNSPECIFIED.,.F.,.F.,(8,8),(0.,1.),
  .PIECEWISE_BEZIER_KNOTS.);
#2122 = CARTESIAN_POINT('',(1.,-0.2));
#2123 = CARTESIAN_POINT('',(0.842622105473,-0.2));
#2124 = CARTESIAN_POINT('',(0.688898772207,-0.2));
#2125 = CARTESIAN_POINT('',(0.540133175166,-0.2));
#2126 = CARTESIAN_POINT('',(0.396872655103,-0.2));
#2127 = CARTESIAN_POINT('',(0.259259657056,-0.2));
#2128 = CARTESIAN_POINT('',(0.127114195148,-0.2));
#2129 = CARTESIAN_POINT('',(0.,-0.2));
#2130 = ( GEOMETRIC_REPRESENTATION_CONTEXT(2) 
PARAMETRIC_REPRESENTATION_CONTEXT() REPRESENTATION_CONTEXT('2D SPACE',''
  ) );
#2131 = ORIENTED_EDGE('',*,*,#2132,.F.);
#2132 = EDGE_CURVE('',#2133,#2088,#2135,.T.);
#2133 = VERTEX_POINT('',#2134);
#2134 = CARTESIAN_POINT('',(2.21484375,-8.156494140625,0.));
#2135 = SURFACE_CURVE('',#2136,(#2140,#2146),.PCURVE_S1.);
#2136 = LINE('',#2137,#2138);
#2137 = CARTESIAN_POINT('',(-7.392578125,-8.156494140625,0.));
#2138 = VECTOR('',#2139,1.);
#2139 = DIRECTION('',(1.,0.,-0.));
#2140 = PCURVE('',#72,#2141);
#2141 = DEFINITIONAL_REPRESENTATION('',(#2142),#2145);
#2142 = B_SPLINE_CURVE_WITH_KNOTS('',1,(#2143,#2144),.UNSPECIFIED.,.F.,
  .F.,(2,2),(9.607421875,10.30322265625),.PIECEWISE_BEZIER_KNOTS.);
#2143 = CARTESIAN_POINT('',(19.21484375,1.843505859375));
#2144 = CARTESIAN_POINT('',(19.91064453125,1.843505859375));
#2145 = ( GEOMETRIC_REPRESENTATION_CONTEXT(2) 
PARAMETRIC_REPRESENTATION_CONTEXT() REPRESENTATION_CONTEXT('2D SPACE',''
  ) );
#2146 = PCURVE('',#2147,#2152);
#2147 = PLANE('',#2148);
#2148 = AXIS2_PLACEMENT_3D('',#2149,#2150,#2151);
#2149 = CARTESIAN_POINT('',(2.21484375,-8.156494140625,0.2));
#2150 = DIRECTION('',(0.,-1.,0.));
#2151 = DIRECTION('',(1.,0.,0.));
#2152 = DEFINITIONAL_REPRESENTATION('',(#2153),#2156);
#2153 = B_SPLINE_CURVE_WITH_KNOTS('',1,(#2154,#2155),.UNSPECIFIED.,.F.,
  .F.,(2,2),(9.607421875,10.30322265625),.PIECEWISE_BEZIER_KNOTS.);
#2154 = CARTESIAN_POINT('',(0.,-0.2));
#2155 = CARTESIAN_POINT('',(0.69580078125,-0.2));
#2156 = ( GEOMETRIC_REPRESENTATION_CONTEXT(2) 
PARAMETRIC_REPRESENTATION_CONTEXT() REPRESENTATION_CONTEXT('2D SPACE',''
  ) );
#2157 = ORIENTED_EDGE('',*,*,#2158,.F.);
#2158 = EDGE_CURVE('',#1764,#2133,#2159,.T.);
#2159 = SURFACE_CURVE('',#2160,(#2164,#2170),.PCURVE_S1.);
#2160 = LINE('',#2161,#2162);
#2161 = CARTESIAN_POINT('',(2.21484375,-8.004516601562,0.));
#2162 = VECTOR('',#2163,1.);
#2163 = DIRECTION('',(0.,-1.,0.));
#2164 = PCURVE('',#72,#2165);
#2165 = DEFINITIONAL_REPRESENTATION('',(#2166),#2169);
#2166 = B_SPLINE_CURVE_WITH_KNOTS('',1,(#2167,#2168),.UNSPECIFIED.,.F.,
  .F.,(2,2),(-1.995483398438,0.151977539062),.PIECEWISE_BEZIER_KNOTS.);
#2167 = CARTESIAN_POINT('',(19.21484375,3.990966796875));
#2168 = CARTESIAN_POINT('',(19.21484375,1.843505859375));
#2169 = ( GEOMETRIC_REPRESENTATION_CONTEXT(2) 
PARAMETRIC_REPRESENTATION_CONTEXT() REPRESENTATION_CONTEXT('2D SPACE',''
  ) );
#2170 = PCURVE('',#2171,#2176);
#2171 = PLANE('',#2172);
#2172 = AXIS2_PLACEMENT_3D('',#2173,#2174,#2175);
#2173 = CARTESIAN_POINT('',(2.21484375,-6.009033203125,0.2));
#2174 = DIRECTION('',(-1.,0.,0.));
#2175 = DIRECTION('',(0.,-1.,0.));
#2176 = DEFINITIONAL_REPRESENTATION('',(#2177),#2180);
#2177 = B_SPLINE_CURVE_WITH_KNOTS('',1,(#2178,#2179),.UNSPECIFIED.,.F.,
  .F.,(2,2),(-1.995483398438,0.151977539062),.PIECEWISE_BEZIER_KNOTS.);
#2178 = CARTESIAN_POINT('',(0.,-0.2));
#2179 = CARTESIAN_POINT('',(2.1474609375,-0.2));
#2180 = ( GEOMETRIC_REPRESENTATION_CONTEXT(2) 
PARAMETRIC_REPRESENTATION_CONTEXT() REPRESENTATION_CONTEXT('2D SPACE',''
  ) );
#2181 = FACE_BOUND('',#2182,.F.);
#2182 = EDGE_LOOP('',(#2183,#2242,#2293,#2344,#2401,#2458,#2509,#2560));
#2183 = ORIENTED_EDGE('',*,*,#2184,.T.);
#2184 = EDGE_CURVE('',#2185,#2187,#2189,.T.);
#2185 = VERTEX_POINT('',#2186);
#2186 = CARTESIAN_POINT('',(6.51708984375,-7.068115234375,0.));
#2187 = VERTEX_POINT('',#2188);
#2188 = CARTESIAN_POINT('',(6.3076171875,-7.942626953125,0.));
#2189 = SURFACE_CURVE('',#2190,(#2203,#2219),.PCURVE_S1.);
#2190 = B_SPLINE_CURVE_WITH_KNOTS('',6,(#2191,#2192,#2193,#2194,#2195,
    #2196,#2197,#2198,#2199,#2200,#2201,#2202),.UNSPECIFIED.,.F.,.F.,(7,
    5,7),(0.,0.534904443522,1.),.UNSPECIFIED.);
#2191 = CARTESIAN_POINT('',(6.51708984375,-7.068115234375,0.));
#2192 = CARTESIAN_POINT('',(6.51708984375,-7.161979726273,0.));
#2193 = CARTESIAN_POINT('',(6.51412215735,-7.253854441055,0.));
#2194 = CARTESIAN_POINT('',(6.507839147819,-7.343396964032,0.));
#2195 = CARTESIAN_POINT('',(6.497827599854,-7.430097596137,0.));
#2196 = CARTESIAN_POINT('',(6.48361556117,-7.513284433875,0.));
#2197 = CARTESIAN_POINT('',(6.448293585981,-7.660747505117,0.));
#2198 = CARTESIAN_POINT('',(6.428327609681,-7.726068408177,0.));
#2199 = CARTESIAN_POINT('',(6.404515788055,-7.787574362933,0.));
#2200 = CARTESIAN_POINT('',(6.376568968004,-7.844612920762,0.));
#2201 = CARTESIAN_POINT('',(6.344270457076,-7.896489970442,0.));
#2202 = CARTESIAN_POINT('',(6.3076171875,-7.942626953125,0.));
#2203 = PCURVE('',#72,#2204);
#2204 = DEFINITIONAL_REPRESENTATION('',(#2205),#2218);
#2205 = B_SPLINE_CURVE_WITH_KNOTS('',6,(#2206,#2207,#2208,#2209,#2210,
    #2211,#2212,#2213,#2214,#2215,#2216,#2217),.UNSPECIFIED.,.F.,.F.,(7,
    5,7),(0.,0.534904443522,1.),.UNSPECIFIED.);
#2206 = CARTESIAN_POINT('',(23.51708984375,2.931884765625));
#2207 = CARTESIAN_POINT('',(23.51708984375,2.838020273727));
#2208 = CARTESIAN_POINT('',(23.51412215735,2.746145558945));
#2209 = CARTESIAN_POINT('',(23.507839147819,2.656603035968));
#2210 = CARTESIAN_POINT('',(23.497827599854,2.569902403863));
#2211 = CARTESIAN_POINT('',(23.48361556117,2.486715566125));
#2212 = CARTESIAN_POINT('',(23.448293585981,2.339252494883));
#2213 = CARTESIAN_POINT('',(23.428327609681,2.273931591823));
#2214 = CARTESIAN_POINT('',(23.404515788055,2.212425637067));
#2215 = CARTESIAN_POINT('',(23.376568968004,2.155387079238));
#2216 = CARTESIAN_POINT('',(23.344270457076,2.103510029558));
#2217 = CARTESIAN_POINT('',(23.3076171875,2.057373046875));
#2218 = ( GEOMETRIC_REPRESENTATION_CONTEXT(2) 
PARAMETRIC_REPRESENTATION_CONTEXT() REPRESENTATION_CONTEXT('2D SPACE',''
  ) );
#2219 = PCURVE('',#2220,#2227);
#2220 = SURFACE_OF_LINEAR_EXTRUSION('',#2221,#2225);
#2221 = B_SPLINE_CURVE_WITH_KNOTS('',2,(#2222,#2223,#2224),
  .UNSPECIFIED.,.F.,.F.,(3,3),(0.,1.),.PIECEWISE_BEZIER_KNOTS.);
#2222 = CARTESIAN_POINT('',(6.3076171875,-7.942626953125,0.2));
#2223 = CARTESIAN_POINT('',(6.51708984375,-7.678955078125,0.2));
#2224 = CARTESIAN_POINT('',(6.51708984375,-7.068115234375,0.2));
#2225 = VECTOR('',#2226,1.);
#2226 = DIRECTION('',(-0.,0.,1.));
#2227 = DEFINITIONAL_REPRESENTATION('',(#2228),#2241);
#2228 = B_SPLINE_CURVE_WITH_KNOTS('',6,(#2229,#2230,#2231,#2232,#2233,
    #2234,#2235,#2236,#2237,#2238,#2239,#2240),.UNSPECIFIED.,.F.,.F.,(7,
    5,7),(0.,0.534904443522,1.),.UNSPECIFIED.);
#2229 = CARTESIAN_POINT('',(1.,-0.2));
#2230 = CARTESIAN_POINT('',(0.923167674098,-0.2));
#2231 = CARTESIAN_POINT('',(0.843938078127,-0.2));
#2232 = CARTESIAN_POINT('',(0.762119886573,-0.2));
#2233 = CARTESIAN_POINT('',(0.677569739207,-0.2));
#2234 = CARTESIAN_POINT('',(0.590197364279,-0.2));
#2235 = CARTESIAN_POINT('',(0.421574042167,-0.2));
#2236 = CARTESIAN_POINT('',(0.341019893412,-0.2));
#2237 = CARTESIAN_POINT('',(0.258371140618,-0.2));
#2238 = CARTESIAN_POINT('',(0.173769574516,-0.2));
#2239 = CARTESIAN_POINT('',(8.74893893846E-02,-0.2));
#2240 = CARTESIAN_POINT('',(0.,-0.2));
#2241 = ( GEOMETRIC_REPRESENTATION_CONTEXT(2) 
PARAMETRIC_REPRESENTATION_CONTEXT() REPRESENTATION_CONTEXT('2D SPACE',''
  ) );
#2242 = ORIENTED_EDGE('',*,*,#2243,.T.);
#2243 = EDGE_CURVE('',#2187,#2244,#2246,.T.);
#2244 = VERTEX_POINT('',#2245);
#2245 = CARTESIAN_POINT('',(5.81982421875,-8.165283203125,0.));
#2246 = SURFACE_CURVE('',#2247,(#2258,#2272),.PCURVE_S1.);
#2247 = B_SPLINE_CURVE_WITH_KNOTS('',5,(#2248,#2249,#2250,#2251,#2252,
    #2253,#2254,#2255,#2256,#2257),.UNSPECIFIED.,.F.,.F.,(6,4,6),(0.,
    0.374004847854,1.),.UNSPECIFIED.);
#2248 = CARTESIAN_POINT('',(6.3076171875,-7.942626953125,0.));
#2249 = CARTESIAN_POINT('',(6.28143844554,-7.975786692941,0.));
#2250 = CARTESIAN_POINT('',(6.253181358062,-8.006100466091,0.));
#2251 = CARTESIAN_POINT('',(6.222848653526,-8.033405773205,0.));
#2252 = CARTESIAN_POINT('',(6.190481417006,-8.05758591762,0.));
#2253 = CARTESIAN_POINT('',(6.098740765908,-8.1137356858,0.));
#2254 = CARTESIAN_POINT('',(6.035851028509,-8.139985198351,0.));
#2255 = CARTESIAN_POINT('',(5.967940357113,-8.157056871557,0.));
#2256 = CARTESIAN_POINT('',(5.895684207781,-8.165283203125,0.));
#2257 = CARTESIAN_POINT('',(5.81982421875,-8.165283203125,0.));
#2258 = PCURVE('',#72,#2259);
#2259 = DEFINITIONAL_REPRESENTATION('',(#2260),#2271);
#2260 = B_SPLINE_CURVE_WITH_KNOTS('',5,(#2261,#2262,#2263,#2264,#2265,
    #2266,#2267,#2268,#2269,#2270),.UNSPECIFIED.,.F.,.F.,(6,4,6),(0.,
    0.374004847854,1.),.UNSPECIFIED.);
#2261 = CARTESIAN_POINT('',(23.3076171875,2.057373046875));
#2262 = CARTESIAN_POINT('',(23.28143844554,2.024213307059));
#2263 = CARTESIAN_POINT('',(23.253181358062,1.993899533909));
#2264 = CARTESIAN_POINT('',(23.222848653526,1.966594226795));
#2265 = CARTESIAN_POINT('',(23.190481417006,1.94241408238));
#2266 = CARTESIAN_POINT('',(23.098740765908,1.8862643142));
#2267 = CARTESIAN_POINT('',(23.035851028509,1.860014801649));
#2268 = CARTESIAN_POINT('',(22.967940357113,1.842943128443));
#2269 = CARTESIAN_POINT('',(22.895684207781,1.834716796875));
#2270 = CARTESIAN_POINT('',(22.81982421875,1.834716796875));
#2271 = ( GEOMETRIC_REPRESENTATION_CONTEXT(2) 
PARAMETRIC_REPRESENTATION_CONTEXT() REPRESENTATION_CONTEXT('2D SPACE',''
  ) );
#2272 = PCURVE('',#2273,#2280);
#2273 = SURFACE_OF_LINEAR_EXTRUSION('',#2274,#2278);
#2274 = B_SPLINE_CURVE_WITH_KNOTS('',2,(#2275,#2276,#2277),
  .UNSPECIFIED.,.F.,.F.,(3,3),(0.,1.),.PIECEWISE_BEZIER_KNOTS.);
#2275 = CARTESIAN_POINT('',(5.81982421875,-8.165283203125,0.2));
#2276 = CARTESIAN_POINT('',(6.1318359375,-8.165283203125,0.2));
#2277 = CARTESIAN_POINT('',(6.3076171875,-7.942626953125,0.2));
#2278 = VECTOR('',#2279,1.);
#2279 = DIRECTION('',(-0.,0.,1.));
#2280 = DEFINITIONAL_REPRESENTATION('',(#2281),#2292);
#2281 = B_SPLINE_CURVE_WITH_KNOTS('',5,(#2282,#2283,#2284,#2285,#2286,
    #2287,#2288,#2289,#2290,#2291),.UNSPECIFIED.,.F.,.F.,(6,4,6),(0.,
    0.374004847854,1.),.UNSPECIFIED.);
#2282 = CARTESIAN_POINT('',(1.,-0.2));
#2283 = CARTESIAN_POINT('',(0.92553602287,-0.2));
#2284 = CARTESIAN_POINT('',(0.850531900512,-0.2));
#2285 = CARTESIAN_POINT('',(0.775151332573,-0.2));
#2286 = CARTESIAN_POINT('',(0.699574576717,-0.2));
#2287 = CARTESIAN_POINT('',(0.497506135224,-0.2));
#2288 = CARTESIAN_POINT('',(0.370987979532,-0.2));
#2289 = CARTESIAN_POINT('',(0.245422439583,-0.2));
#2290 = CARTESIAN_POINT('',(0.121565929214,-0.2));
#2291 = CARTESIAN_POINT('',(0.,-0.2));
#2292 = ( GEOMETRIC_REPRESENTATION_CONTEXT(2) 
PARAMETRIC_REPRESENTATION_CONTEXT() REPRESENTATION_CONTEXT('2D SPACE',''
  ) );
#2293 = ORIENTED_EDGE('',*,*,#2294,.T.);
#2294 = EDGE_CURVE('',#2244,#2295,#2297,.T.);
#2295 = VERTEX_POINT('',#2296);
#2296 = CARTESIAN_POINT('',(5.33349609375,-7.945556640625,0.));
#2297 = SURFACE_CURVE('',#2298,(#2309,#2323),.PCURVE_S1.);
#2298 = B_SPLINE_CURVE_WITH_KNOTS('',5,(#2299,#2300,#2301,#2302,#2303,
    #2304,#2305,#2306,#2307,#2308),.UNSPECIFIED.,.F.,.F.,(6,4,6),(0.,
    0.640189044942,1.),.UNSPECIFIED.);
#2299 = CARTESIAN_POINT('',(5.81982421875,-8.165283203125,0.));
#2300 = CARTESIAN_POINT('',(5.742334416555,-8.165283203125,0.));
#2301 = CARTESIAN_POINT('',(5.668644811507,-8.156812510064,0.));
#2302 = CARTESIAN_POINT('',(5.599545651517,-8.139212928234,0.));
#2303 = CARTESIAN_POINT('',(5.535758638725,-8.112124949071,0.));
#2304 = CARTESIAN_POINT('',(5.445139589903,-8.05545399361,0.));
#2305 = CARTESIAN_POINT('',(5.414353183709,-8.032156713392,0.));
#2306 = CARTESIAN_POINT('',(5.38546468364,-8.00600132902,0.));
#2307 = CARTESIAN_POINT('',(5.358511038172,-7.977088083174,0.));
#2308 = CARTESIAN_POINT('',(5.33349609375,-7.945556640625,0.));
#2309 = PCURVE('',#72,#2310);
#2310 = DEFINITIONAL_REPRESENTATION('',(#2311),#2322);
#2311 = B_SPLINE_CURVE_WITH_KNOTS('',5,(#2312,#2313,#2314,#2315,#2316,
    #2317,#2318,#2319,#2320,#2321),.UNSPECIFIED.,.F.,.F.,(6,4,6),(0.,
    0.640189044942,1.),.UNSPECIFIED.);
#2312 = CARTESIAN_POINT('',(22.81982421875,1.834716796875));
#2313 = CARTESIAN_POINT('',(22.742334416555,1.834716796875));
#2314 = CARTESIAN_POINT('',(22.668644811507,1.843187489936));
#2315 = CARTESIAN_POINT('',(22.599545651517,1.860787071766));
#2316 = CARTESIAN_POINT('',(22.535758638725,1.887875050929));
#2317 = CARTESIAN_POINT('',(22.445139589903,1.94454600639));
#2318 = CARTESIAN_POINT('',(22.414353183709,1.967843286608));
#2319 = CARTESIAN_POINT('',(22.38546468364,1.99399867098));
#2320 = CARTESIAN_POINT('',(22.358511038172,2.022911916826));
#2321 = CARTESIAN_POINT('',(22.33349609375,2.054443359375));
#2322 = ( GEOMETRIC_REPRESENTATION_CONTEXT(2) 
PARAMETRIC_REPRESENTATION_CONTEXT() REPRESENTATION_CONTEXT('2D SPACE',''
  ) );
#2323 = PCURVE('',#2324,#2331);
#2324 = SURFACE_OF_LINEAR_EXTRUSION('',#2325,#2329);
#2325 = B_SPLINE_CURVE_WITH_KNOTS('',2,(#2326,#2327,#2328),
  .UNSPECIFIED.,.F.,.F.,(3,3),(0.,1.),.PIECEWISE_BEZIER_KNOTS.);
#2326 = CARTESIAN_POINT('',(5.33349609375,-7.945556640625,0.2));
#2327 = CARTESIAN_POINT('',(5.5078125,-8.165283203125,0.2));
#2328 = CARTESIAN_POINT('',(5.81982421875,-8.165283203125,0.2));
#2329 = VECTOR('',#2330,1.);
#2330 = DIRECTION('',(-0.,0.,1.));
#2331 = DEFINITIONAL_REPRESENTATION('',(#2332),#2343);
#2332 = B_SPLINE_CURVE_WITH_KNOTS('',5,(#2333,#2334,#2335,#2336,#2337,
    #2338,#2339,#2340,#2341,#2342),.UNSPECIFIED.,.F.,.F.,(6,4,6),(0.,
    0.640189044942,1.),.UNSPECIFIED.);
#2333 = CARTESIAN_POINT('',(1.,-0.2));
#2334 = CARTESIAN_POINT('',(0.875822288814,-0.2));
#2335 = CARTESIAN_POINT('',(0.749227835328,-0.2));
#2336 = CARTESIAN_POINT('',(0.620822031228,-0.2));
#2337 = CARTESIAN_POINT('',(0.491400375649,-0.2));
#2338 = CARTESIAN_POINT('',(0.289271993929,-0.2));
#2339 = CARTESIAN_POINT('',(0.216540695064,-0.2));
#2340 = CARTESIAN_POINT('',(0.143980587723,-0.2));
#2341 = CARTESIAN_POINT('',(7.175154926726E-02,-0.2));
#2342 = CARTESIAN_POINT('',(0.,-0.2));
#2343 = ( GEOMETRIC_REPRESENTATION_CONTEXT(2) 
PARAMETRIC_REPRESENTATION_CONTEXT() REPRESENTATION_CONTEXT('2D SPACE',''
  ) );
#2344 = ORIENTED_EDGE('',*,*,#2345,.T.);
#2345 = EDGE_CURVE('',#2295,#2346,#2348,.T.);
#2346 = VERTEX_POINT('',#2347);
#2347 = CARTESIAN_POINT('',(5.12255859375,-7.072509765625,0.));
#2348 = SURFACE_CURVE('',#2349,(#2362,#2378),.PCURVE_S1.);
#2349 = B_SPLINE_CURVE_WITH_KNOTS('',6,(#2350,#2351,#2352,#2353,#2354,
    #2355,#2356,#2357,#2358,#2359,#2360,#2361),.UNSPECIFIED.,.F.,.F.,(7,
    5,7),(0.,0.468030538354,1.),.UNSPECIFIED.);
#2350 = CARTESIAN_POINT('',(5.33349609375,-7.945556640625,0.));
#2351 = CARTESIAN_POINT('',(5.296491753585,-7.89878726625,0.));
#2352 = CARTESIAN_POINT('',(5.263875157022,-7.846365401833,0.));
#2353 = CARTESIAN_POINT('',(5.235646794594,-7.78885155333,0.));
#2354 = CARTESIAN_POINT('',(5.211596565945,-7.726918450041,0.));
#2355 = CARTESIAN_POINT('',(5.191440010158,-7.661202695391,0.));
#2356 = CARTESIAN_POINT('',(5.156040455427,-7.513870412046,0.));
#2357 = CARTESIAN_POINT('',(5.141846700755,-7.431314971012,0.));
#2358 = CARTESIAN_POINT('',(5.131830569599,-7.345334563451,0.));
#2359 = CARTESIAN_POINT('',(5.125535482913,-7.256571907191,0.));
#2360 = CARTESIAN_POINT('',(5.12255859375,-7.16551867782,0.));
#2361 = CARTESIAN_POINT('',(5.12255859375,-7.072509765625,0.));
#2362 = PCURVE('',#72,#2363);
#2363 = DEFINITIONAL_REPRESENTATION('',(#2364),#2377);
#2364 = B_SPLINE_CURVE_WITH_KNOTS('',6,(#2365,#2366,#2367,#2368,#2369,
    #2370,#2371,#2372,#2373,#2374,#2375,#2376),.UNSPECIFIED.,.F.,.F.,(7,
    5,7),(0.,0.468030538354,1.),.UNSPECIFIED.);
#2365 = CARTESIAN_POINT('',(22.33349609375,2.054443359375));
#2366 = CARTESIAN_POINT('',(22.296491753585,2.10121273375));
#2367 = CARTESIAN_POINT('',(22.263875157022,2.153634598167));
#2368 = CARTESIAN_POINT('',(22.235646794594,2.21114844667));
#2369 = CARTESIAN_POINT('',(22.211596565945,2.273081549959));
#2370 = CARTESIAN_POINT('',(22.191440010158,2.338797304609));
#2371 = CARTESIAN_POINT('',(22.156040455427,2.486129587954));
#2372 = CARTESIAN_POINT('',(22.141846700755,2.568685028988));
#2373 = CARTESIAN_POINT('',(22.131830569599,2.654665436549));
#2374 = CARTESIAN_POINT('',(22.125535482913,2.743428092809));
#2375 = CARTESIAN_POINT('',(22.12255859375,2.83448132218));
#2376 = CARTESIAN_POINT('',(22.12255859375,2.927490234375));
#2377 = ( GEOMETRIC_REPRESENTATION_CONTEXT(2) 
PARAMETRIC_REPRESENTATION_CONTEXT() REPRESENTATION_CONTEXT('2D SPACE',''
  ) );
#2378 = PCURVE('',#2379,#2386);
#2379 = SURFACE_OF_LINEAR_EXTRUSION('',#2380,#2384);
#2380 = B_SPLINE_CURVE_WITH_KNOTS('',2,(#2381,#2382,#2383),
  .UNSPECIFIED.,.F.,.F.,(3,3),(0.,1.),.PIECEWISE_BEZIER_KNOTS.);
#2381 = CARTESIAN_POINT('',(5.12255859375,-7.072509765625,0.2));
#2382 = CARTESIAN_POINT('',(5.12255859375,-7.678955078125,0.2));
#2383 = CARTESIAN_POINT('',(5.33349609375,-7.945556640625,0.2));
#2384 = VECTOR('',#2385,1.);
#2385 = DIRECTION('',(-0.,0.,1.));
#2386 = DEFINITIONAL_REPRESENTATION('',(#2387),#2400);
#2387 = B_SPLINE_CURVE_WITH_KNOTS('',6,(#2388,#2389,#2390,#2391,#2392,
    #2393,#2394,#2395,#2396,#2397,#2398,#2399),.UNSPECIFIED.,.F.,.F.,(7,
    5,7),(0.,0.468030538354,1.),.UNSPECIFIED.);
#2388 = CARTESIAN_POINT('',(1.,-0.2));
#2389 = CARTESIAN_POINT('',(0.912286008498,-0.2));
#2390 = CARTESIAN_POINT('',(0.825740013844,-0.2));
#2391 = CARTESIAN_POINT('',(0.7408247917,-0.2));
#2392 = CARTESIAN_POINT('',(0.657815910424,-0.2));
#2393 = CARTESIAN_POINT('',(0.57686037856,-0.2));
#2394 = CARTESIAN_POINT('',(0.408366290893,-0.2));
#2395 = CARTESIAN_POINT('',(0.321447359604,-0.2));
#2396 = CARTESIAN_POINT('',(0.237253858845,-0.2));
#2397 = CARTESIAN_POINT('',(0.155709209783,-0.2));
#2398 = CARTESIAN_POINT('',(7.668367639881E-02,-0.2));
#2399 = CARTESIAN_POINT('',(0.,-0.2));
#2400 = ( GEOMETRIC_REPRESENTATION_CONTEXT(2) 
PARAMETRIC_REPRESENTATION_CONTEXT() REPRESENTATION_CONTEXT('2D SPACE',''
  ) );
#2401 = ORIENTED_EDGE('',*,*,#2402,.T.);
#2402 = EDGE_CURVE('',#2346,#2403,#2405,.T.);
#2403 = VERTEX_POINT('',#2404);
#2404 = CARTESIAN_POINT('',(5.314453125,-6.21337890625,0.));
#2405 = SURFACE_CURVE('',#2406,(#2419,#2435),.PCURVE_S1.);
#2406 = B_SPLINE_CURVE_WITH_KNOTS('',6,(#2407,#2408,#2409,#2410,#2411,
    #2412,#2413,#2414,#2415,#2416,#2417,#2418),.UNSPECIFIED.,.F.,.F.,(7,
    5,7),(0.,0.56287643849,1.),.UNSPECIFIED.);
#2407 = CARTESIAN_POINT('',(5.12255859375,-7.072509765625,0.));
#2408 = CARTESIAN_POINT('',(5.12255859375,-6.974118777936,0.));
#2409 = CARTESIAN_POINT('',(5.125475393586,-6.878023778022,0.));
#2410 = CARTESIAN_POINT('',(5.131691606218,-6.784626787267,0.));
#2411 = CARTESIAN_POINT('',(5.141679211135,-6.694573064097,0.));
#2412 = CARTESIAN_POINT('',(5.155997538677,-6.608749743379,0.));
#2413 = CARTESIAN_POINT('',(5.190198095974,-6.465722618165,0.));
#2414 = CARTESIAN_POINT('',(5.208119364072,-6.406421589539,0.));
#2415 = CARTESIAN_POINT('',(5.229284367557,-6.350876935938,0.));
#2416 = CARTESIAN_POINT('',(5.253954657345,-6.299737582861,0.));
#2417 = CARTESIAN_POINT('',(5.282336982574,-6.253707955327,0.));
#2418 = CARTESIAN_POINT('',(5.314453125,-6.21337890625,0.));
#2419 = PCURVE('',#72,#2420);
#2420 = DEFINITIONAL_REPRESENTATION('',(#2421),#2434);
#2421 = B_SPLINE_CURVE_WITH_KNOTS('',6,(#2422,#2423,#2424,#2425,#2426,
    #2427,#2428,#2429,#2430,#2431,#2432,#2433),.UNSPECIFIED.,.F.,.F.,(7,
    5,7),(0.,0.56287643849,1.),.UNSPECIFIED.);
#2422 = CARTESIAN_POINT('',(22.12255859375,2.927490234375));
#2423 = CARTESIAN_POINT('',(22.12255859375,3.025881222064));
#2424 = CARTESIAN_POINT('',(22.125475393586,3.121976221978));
#2425 = CARTESIAN_POINT('',(22.131691606218,3.215373212733));
#2426 = CARTESIAN_POINT('',(22.141679211135,3.305426935903));
#2427 = CARTESIAN_POINT('',(22.155997538677,3.391250256621));
#2428 = CARTESIAN_POINT('',(22.190198095974,3.534277381835));
#2429 = CARTESIAN_POINT('',(22.208119364072,3.593578410461));
#2430 = CARTESIAN_POINT('',(22.229284367557,3.649123064062));
#2431 = CARTESIAN_POINT('',(22.253954657345,3.700262417139));
#2432 = CARTESIAN_POINT('',(22.282336982574,3.746292044673));
#2433 = CARTESIAN_POINT('',(22.314453125,3.78662109375));
#2434 = ( GEOMETRIC_REPRESENTATION_CONTEXT(2) 
PARAMETRIC_REPRESENTATION_CONTEXT() REPRESENTATION_CONTEXT('2D SPACE',''
  ) );
#2435 = PCURVE('',#2436,#2443);
#2436 = SURFACE_OF_LINEAR_EXTRUSION('',#2437,#2441);
#2437 = B_SPLINE_CURVE_WITH_KNOTS('',2,(#2438,#2439,#2440),
  .UNSPECIFIED.,.F.,.F.,(3,3),(0.,1.),.PIECEWISE_BEZIER_KNOTS.);
#2438 = CARTESIAN_POINT('',(5.314453125,-6.21337890625,0.2));
#2439 = CARTESIAN_POINT('',(5.12255859375,-6.454345703125,0.2));
#2440 = CARTESIAN_POINT('',(5.12255859375,-7.072509765625,0.2));
#2441 = VECTOR('',#2442,1.);
#2442 = DIRECTION('',(-0.,0.,1.));
#2443 = DEFINITIONAL_REPRESENTATION('',(#2444),#2457);
#2444 = B_SPLINE_CURVE_WITH_KNOTS('',6,(#2445,#2446,#2447,#2448,#2449,
    #2450,#2451,#2452,#2453,#2454,#2455,#2456),.UNSPECIFIED.,.F.,.F.,(7,
    5,7),(0.,0.56287643849,1.),.UNSPECIFIED.);
#2445 = CARTESIAN_POINT('',(1.,-0.2));
#2446 = CARTESIAN_POINT('',(0.920416768252,-0.2));
#2447 = CARTESIAN_POINT('',(0.838053193313,-0.2));
#2448 = CARTESIAN_POINT('',(0.752626129201,-0.2));
#2449 = CARTESIAN_POINT('',(0.663907086805,-0.2));
#2450 = CARTESIAN_POINT('',(0.571724338106,-0.2));
#2451 = CARTESIAN_POINT('',(0.401661547127,-0.2));
#2452 = CARTESIAN_POINT('',(0.325202921919,-0.2));
#2453 = CARTESIAN_POINT('',(0.246625385339,-0.2));
#2454 = CARTESIAN_POINT('',(0.166037976597,-0.2));
#2455 = CARTESIAN_POINT('',(8.368175532877E-02,-0.2));
#2456 = CARTESIAN_POINT('',(0.,-0.2));
#2457 = ( GEOMETRIC_REPRESENTATION_CONTEXT(2) 
PARAMETRIC_REPRESENTATION_CONTEXT() REPRESENTATION_CONTEXT('2D SPACE',''
  ) );
#2458 = ORIENTED_EDGE('',*,*,#2459,.T.);
#2459 = EDGE_CURVE('',#2403,#2460,#2462,.T.);
#2460 = VERTEX_POINT('',#2461);
#2461 = CARTESIAN_POINT('',(5.81982421875,-5.972412109375,0.));
#2462 = SURFACE_CURVE('',#2463,(#2474,#2488),.PCURVE_S1.);
#2463 = B_SPLINE_CURVE_WITH_KNOTS('',5,(#2464,#2465,#2466,#2467,#2468,
    #2469,#2470,#2471,#2472,#2473),.UNSPECIFIED.,.F.,.F.,(6,4,6),(0.,
    0.475591657288,1.),.UNSPECIFIED.);
#2464 = CARTESIAN_POINT('',(5.314453125,-6.21337890625,0.));
#2465 = CARTESIAN_POINT('',(5.350398938631,-6.168240842568,0.));
#2466 = CARTESIAN_POINT('',(5.389438398551,-6.127850787392,0.));
#2467 = CARTESIAN_POINT('',(5.431577362288,-6.092611897235,0.));
#2468 = CARTESIAN_POINT('',(5.476731803758,-6.062817535247,0.));
#2469 = CARTESIAN_POINT('',(5.577558814849,-6.011845811328,0.));
#2470 = CARTESIAN_POINT('',(5.633846002547,-5.991861430041,0.));
#2471 = CARTESIAN_POINT('',(5.693254309723,-5.978774803838,0.));
#2472 = CARTESIAN_POINT('',(5.755391477237,-5.972412109375,0.));
#2473 = CARTESIAN_POINT('',(5.81982421875,-5.972412109375,0.));
#2474 = PCURVE('',#72,#2475);
#2475 = DEFINITIONAL_REPRESENTATION('',(#2476),#2487);
#2476 = B_SPLINE_CURVE_WITH_KNOTS('',5,(#2477,#2478,#2479,#2480,#2481,
    #2482,#2483,#2484,#2485,#2486),.UNSPECIFIED.,.F.,.F.,(6,4,6),(0.,
    0.475591657288,1.),.UNSPECIFIED.);
#2477 = CARTESIAN_POINT('',(22.314453125,3.78662109375));
#2478 = CARTESIAN_POINT('',(22.350398938631,3.831759157432));
#2479 = CARTESIAN_POINT('',(22.389438398551,3.872149212608));
#2480 = CARTESIAN_POINT('',(22.431577362288,3.907388102765));
#2481 = CARTESIAN_POINT('',(22.476731803758,3.937182464753));
#2482 = CARTESIAN_POINT('',(22.577558814849,3.988154188672));
#2483 = CARTESIAN_POINT('',(22.633846002547,4.008138569959));
#2484 = CARTESIAN_POINT('',(22.693254309723,4.021225196162));
#2485 = CARTESIAN_POINT('',(22.755391477237,4.027587890625));
#2486 = CARTESIAN_POINT('',(22.81982421875,4.027587890625));
#2487 = ( GEOMETRIC_REPRESENTATION_CONTEXT(2) 
PARAMETRIC_REPRESENTATION_CONTEXT() REPRESENTATION_CONTEXT('2D SPACE',''
  ) );
#2488 = PCURVE('',#2489,#2496);
#2489 = SURFACE_OF_LINEAR_EXTRUSION('',#2490,#2494);
#2490 = B_SPLINE_CURVE_WITH_KNOTS('',2,(#2491,#2492,#2493),
  .UNSPECIFIED.,.F.,.F.,(3,3),(0.,1.),.PIECEWISE_BEZIER_KNOTS.);
#2491 = CARTESIAN_POINT('',(5.81982421875,-5.972412109375,0.2));
#2492 = CARTESIAN_POINT('',(5.50634765625,-5.972412109375,0.2));
#2493 = CARTESIAN_POINT('',(5.314453125,-6.21337890625,0.2));
#2494 = VECTOR('',#2495,1.);
#2495 = DIRECTION('',(-0.,0.,1.));
#2496 = DEFINITIONAL_REPRESENTATION('',(#2497),#2508);
#2497 = B_SPLINE_CURVE_WITH_KNOTS('',5,(#2498,#2499,#2500,#2501,#2502,
    #2503,#2504,#2505,#2506,#2507),.UNSPECIFIED.,.F.,.F.,(6,4,6),(0.,
    0.475591657288,1.),.UNSPECIFIED.);
#2498 = CARTESIAN_POINT('',(1.,-0.2));
#2499 = CARTESIAN_POINT('',(0.906339661175,-0.2));
#2500 = CARTESIAN_POINT('',(0.811566010121,-0.2));
#2501 = CARTESIAN_POINT('',(0.715994156247,-0.2));
#2502 = CARTESIAN_POINT('',(0.61999421523,-0.2));
#2503 = CARTESIAN_POINT('',(0.418152543369,-0.2));
#2504 = CARTESIAN_POINT('',(0.312290573957,-0.2));
#2505 = CARTESIAN_POINT('',(0.207001544977,-0.2));
#2506 = CARTESIAN_POINT('',(0.102771226338,-0.2));
#2507 = CARTESIAN_POINT('',(0.,-0.2));
#2508 = ( GEOMETRIC_REPRESENTATION_CONTEXT(2) 
PARAMETRIC_REPRESENTATION_CONTEXT() REPRESENTATION_CONTEXT('2D SPACE',''
  ) );
#2509 = ORIENTED_EDGE('',*,*,#2510,.T.);
#2510 = EDGE_CURVE('',#2460,#2511,#2513,.T.);
#2511 = VERTEX_POINT('',#2512);
#2512 = CARTESIAN_POINT('',(6.30615234375,-6.192138671875,0.));
#2513 = SURFACE_CURVE('',#2514,(#2525,#2539),.PCURVE_S1.);
#2514 = B_SPLINE_CURVE_WITH_KNOTS('',5,(#2515,#2516,#2517,#2518,#2519,
    #2520,#2521,#2522,#2523,#2524),.UNSPECIFIED.,.F.,.F.,(6,4,6),(0.,
    0.640189044942,1.),.UNSPECIFIED.);
#2515 = CARTESIAN_POINT('',(5.81982421875,-5.972412109375,0.));
#2516 = CARTESIAN_POINT('',(5.897314020945,-5.972412109375,0.));
#2517 = CARTESIAN_POINT('',(5.971003625993,-5.980882802436,0.));
#2518 = CARTESIAN_POINT('',(6.040102785983,-5.998482384266,0.));
#2519 = CARTESIAN_POINT('',(6.103889798775,-6.025570363429,0.));
#2520 = CARTESIAN_POINT('',(6.194508847597,-6.08224131889,0.));
#2521 = CARTESIAN_POINT('',(6.225295253791,-6.105538599108,0.));
#2522 = CARTESIAN_POINT('',(6.25418375386,-6.13169398348,0.));
#2523 = CARTESIAN_POINT('',(6.281137399328,-6.160607229326,0.));
#2524 = CARTESIAN_POINT('',(6.30615234375,-6.192138671875,0.));
#2525 = PCURVE('',#72,#2526);
#2526 = DEFINITIONAL_REPRESENTATION('',(#2527),#2538);
#2527 = B_SPLINE_CURVE_WITH_KNOTS('',5,(#2528,#2529,#2530,#2531,#2532,
    #2533,#2534,#2535,#2536,#2537),.UNSPECIFIED.,.F.,.F.,(6,4,6),(0.,
    0.640189044942,1.),.UNSPECIFIED.);
#2528 = CARTESIAN_POINT('',(22.81982421875,4.027587890625));
#2529 = CARTESIAN_POINT('',(22.897314020945,4.027587890625));
#2530 = CARTESIAN_POINT('',(22.971003625993,4.019117197564));
#2531 = CARTESIAN_POINT('',(23.040102785983,4.001517615734));
#2532 = CARTESIAN_POINT('',(23.103889798775,3.974429636571));
#2533 = CARTESIAN_POINT('',(23.194508847597,3.91775868111));
#2534 = CARTESIAN_POINT('',(23.225295253791,3.894461400892));
#2535 = CARTESIAN_POINT('',(23.25418375386,3.86830601652));
#2536 = CARTESIAN_POINT('',(23.281137399328,3.839392770674));
#2537 = CARTESIAN_POINT('',(23.30615234375,3.807861328125));
#2538 = ( GEOMETRIC_REPRESENTATION_CONTEXT(2) 
PARAMETRIC_REPRESENTATION_CONTEXT() REPRESENTATION_CONTEXT('2D SPACE',''
  ) );
#2539 = PCURVE('',#2540,#2547);
#2540 = SURFACE_OF_LINEAR_EXTRUSION('',#2541,#2545);
#2541 = B_SPLINE_CURVE_WITH_KNOTS('',2,(#2542,#2543,#2544),
  .UNSPECIFIED.,.F.,.F.,(3,3),(0.,1.),.PIECEWISE_BEZIER_KNOTS.);
#2542 = CARTESIAN_POINT('',(6.30615234375,-6.192138671875,0.2));
#2543 = CARTESIAN_POINT('',(6.1318359375,-5.972412109375,0.2));
#2544 = CARTESIAN_POINT('',(5.81982421875,-5.972412109375,0.2));
#2545 = VECTOR('',#2546,1.);
#2546 = DIRECTION('',(-0.,0.,1.));
#2547 = DEFINITIONAL_REPRESENTATION('',(#2548),#2559);
#2548 = B_SPLINE_CURVE_WITH_KNOTS('',5,(#2549,#2550,#2551,#2552,#2553,
    #2554,#2555,#2556,#2557,#2558),.UNSPECIFIED.,.F.,.F.,(6,4,6),(0.,
    0.640189044942,1.),.UNSPECIFIED.);
#2549 = CARTESIAN_POINT('',(1.,-0.2));
#2550 = CARTESIAN_POINT('',(0.875822288814,-0.2));
#2551 = CARTESIAN_POINT('',(0.749227835328,-0.2));
#2552 = CARTESIAN_POINT('',(0.620822031228,-0.2));
#2553 = CARTESIAN_POINT('',(0.491400375649,-0.2));
#2554 = CARTESIAN_POINT('',(0.289271993929,-0.2));
#2555 = CARTESIAN_POINT('',(0.216540695064,-0.2));
#2556 = CARTESIAN_POINT('',(0.143980587723,-0.2));
#2557 = CARTESIAN_POINT('',(7.175154926725E-02,-0.2));
#2558 = CARTESIAN_POINT('',(0.,-0.2));
#2559 = ( GEOMETRIC_REPRESENTATION_CONTEXT(2) 
PARAMETRIC_REPRESENTATION_CONTEXT() REPRESENTATION_CONTEXT('2D SPACE',''
  ) );
#2560 = ORIENTED_EDGE('',*,*,#2561,.T.);
#2561 = EDGE_CURVE('',#2511,#2185,#2562,.T.);
#2562 = SURFACE_CURVE('',#2563,(#2576,#2592),.PCURVE_S1.);
#2563 = B_SPLINE_CURVE_WITH_KNOTS('',6,(#2564,#2565,#2566,#2567,#2568,
    #2569,#2570,#2571,#2572,#2573,#2574,#2575),.UNSPECIFIED.,.F.,.F.,(7,
    5,7),(0.,0.467654198297,1.),.UNSPECIFIED.);
#2564 = CARTESIAN_POINT('',(6.30615234375,-6.192138671875,0.));
#2565 = CARTESIAN_POINT('',(6.343182039697,-6.238940093142,0.));
#2566 = CARTESIAN_POINT('',(6.375809434794,-6.291445135533,0.));
#2567 = CARTESIAN_POINT('',(6.404036014707,-6.349082136043,0.));
#2568 = CARTESIAN_POINT('',(6.428076787934,-6.411165826093,0.));
#2569 = CARTESIAN_POINT('',(6.448220681594,-6.4770501232,0.));
#2570 = CARTESIAN_POINT('',(6.483622520103,-6.624887553123,0.));
#2571 = CARTESIAN_POINT('',(6.49781717235,-6.707795342601,0.));
#2572 = CARTESIAN_POINT('',(6.507828138346,-6.79414460582,0.));
#2573 = CARTESIAN_POINT('',(6.51411700281,-6.883284993837,0.));
#2574 = CARTESIAN_POINT('',(6.51708984375,-6.974720568111,0.));
#2575 = CARTESIAN_POINT('',(6.51708984375,-7.068115234375,0.));
#2576 = PCURVE('',#72,#2577);
#2577 = DEFINITIONAL_REPRESENTATION('',(#2578),#2591);
#2578 = B_SPLINE_CURVE_WITH_KNOTS('',6,(#2579,#2580,#2581,#2582,#2583,
    #2584,#2585,#2586,#2587,#2588,#2589,#2590),.UNSPECIFIED.,.F.,.F.,(7,
    5,7),(0.,0.467654198297,1.),.UNSPECIFIED.);
#2579 = CARTESIAN_POINT('',(23.30615234375,3.807861328125));
#2580 = CARTESIAN_POINT('',(23.343182039697,3.761059906858));
#2581 = CARTESIAN_POINT('',(23.375809434794,3.708554864467));
#2582 = CARTESIAN_POINT('',(23.404036014707,3.650917863957));
#2583 = CARTESIAN_POINT('',(23.428076787934,3.588834173907));
#2584 = CARTESIAN_POINT('',(23.448220681594,3.5229498768));
#2585 = CARTESIAN_POINT('',(23.483622520103,3.375112446877));
#2586 = CARTESIAN_POINT('',(23.49781717235,3.292204657399));
#2587 = CARTESIAN_POINT('',(23.507828138346,3.20585539418));
#2588 = CARTESIAN_POINT('',(23.51411700281,3.116715006163));
#2589 = CARTESIAN_POINT('',(23.51708984375,3.025279431889));
#2590 = CARTESIAN_POINT('',(23.51708984375,2.931884765625));
#2591 = ( GEOMETRIC_REPRESENTATION_CONTEXT(2) 
PARAMETRIC_REPRESENTATION_CONTEXT() REPRESENTATION_CONTEXT('2D SPACE',''
  ) );
#2592 = PCURVE('',#2593,#2600);
#2593 = SURFACE_OF_LINEAR_EXTRUSION('',#2594,#2598);
#2594 = B_SPLINE_CURVE_WITH_KNOTS('',2,(#2595,#2596,#2597),
  .UNSPECIFIED.,.F.,.F.,(3,3),(0.,1.),.PIECEWISE_BEZIER_KNOTS.);
#2595 = CARTESIAN_POINT('',(6.51708984375,-7.068115234375,0.2));
#2596 = CARTESIAN_POINT('',(6.51708984375,-6.458740234375,0.2));
#2597 = CARTESIAN_POINT('',(6.30615234375,-6.192138671875,0.2));
#2598 = VECTOR('',#2599,1.);
#2599 = DIRECTION('',(-0.,0.,1.));
#2600 = DEFINITIONAL_REPRESENTATION('',(#2601),#2614);
#2601 = B_SPLINE_CURVE_WITH_KNOTS('',6,(#2602,#2603,#2604,#2605,#2606,
    #2607,#2608,#2609,#2610,#2611,#2612,#2613),.UNSPECIFIED.,.F.,.F.,(7,
    5,7),(0.,0.467654198297,1.),.UNSPECIFIED.);
#2602 = CARTESIAN_POINT('',(1.,-0.2));
#2603 = CARTESIAN_POINT('',(0.912225905903,-0.2));
#2604 = CARTESIAN_POINT('',(0.825641652017,-0.2));
#2605 = CARTESIAN_POINT('',(0.740714314279,-0.2));
#2606 = CARTESIAN_POINT('',(0.657719486345,-0.2));
#2607 = CARTESIAN_POINT('',(0.576802051019,-0.2));
#2608 = CARTESIAN_POINT('',(0.40829709307,-0.2));
#2609 = CARTESIAN_POINT('',(0.321343985887,-0.2));
#2610 = CARTESIAN_POINT('',(0.237145353711,-0.2));
#2611 = CARTESIAN_POINT('',(0.1556193699,-0.2));
#2612 = CARTESIAN_POINT('',(7.663152103752E-02,-0.2));
#2613 = CARTESIAN_POINT('',(0.,-0.2));
#2614 = ( GEOMETRIC_REPRESENTATION_CONTEXT(2) 
PARAMETRIC_REPRESENTATION_CONTEXT() REPRESENTATION_CONTEXT('2D SPACE',''
  ) );
#2615 = FACE_BOUND('',#2616,.F.);
#2616 = EDGE_LOOP('',(#2617,#2645,#2671,#2697));
#2617 = ORIENTED_EDGE('',*,*,#2618,.F.);
#2618 = EDGE_CURVE('',#2619,#2621,#2623,.T.);
#2619 = VERTEX_POINT('',#2620);
#2620 = CARTESIAN_POINT('',(4.974609375,-6.581787109375,0.));
#2621 = VERTEX_POINT('',#2622);
#2622 = CARTESIAN_POINT('',(4.166015625,-6.581787109375,0.));
#2623 = SURFACE_CURVE('',#2624,(#2628,#2634),.PCURVE_S1.);
#2624 = LINE('',#2625,#2626);
#2625 = CARTESIAN_POINT('',(-6.0126953125,-6.581787109375,0.));
#2626 = VECTOR('',#2627,1.);
#2627 = DIRECTION('',(-1.,0.,0.));
#2628 = PCURVE('',#72,#2629);
#2629 = DEFINITIONAL_REPRESENTATION('',(#2630),#2633);
#2630 = B_SPLINE_CURVE_WITH_KNOTS('',1,(#2631,#2632),.UNSPECIFIED.,.F.,
  .F.,(2,2),(-10.9873046875,-10.1787109375),.PIECEWISE_BEZIER_KNOTS.);
#2631 = CARTESIAN_POINT('',(21.974609375,3.418212890625));
#2632 = CARTESIAN_POINT('',(21.166015625,3.418212890625));
#2633 = ( GEOMETRIC_REPRESENTATION_CONTEXT(2) 
PARAMETRIC_REPRESENTATION_CONTEXT() REPRESENTATION_CONTEXT('2D SPACE',''
  ) );
#2634 = PCURVE('',#2635,#2640);
#2635 = PLANE('',#2636);
#2636 = AXIS2_PLACEMENT_3D('',#2637,#2638,#2639);
#2637 = CARTESIAN_POINT('',(4.974609375,-6.581787109375,0.2));
#2638 = DIRECTION('',(0.,1.,0.));
#2639 = DIRECTION('',(-1.,0.,0.));
#2640 = DEFINITIONAL_REPRESENTATION('',(#2641),#2644);
#2641 = B_SPLINE_CURVE_WITH_KNOTS('',1,(#2642,#2643),.UNSPECIFIED.,.F.,
  .F.,(2,2),(-10.9873046875,-10.1787109375),.PIECEWISE_BEZIER_KNOTS.);
#2642 = CARTESIAN_POINT('',(0.,-0.2));
#2643 = CARTESIAN_POINT('',(0.80859375,-0.2));
#2644 = ( GEOMETRIC_REPRESENTATION_CONTEXT(2) 
PARAMETRIC_REPRESENTATION_CONTEXT() REPRESENTATION_CONTEXT('2D SPACE',''
  ) );
#2645 = ORIENTED_EDGE('',*,*,#2646,.F.);
#2646 = EDGE_CURVE('',#2647,#2619,#2649,.T.);
#2647 = VERTEX_POINT('',#2648);
#2648 = CARTESIAN_POINT('',(4.974609375,-6.993408203125,0.));
#2649 = SURFACE_CURVE('',#2650,(#2654,#2660),.PCURVE_S1.);
#2650 = LINE('',#2651,#2652);
#2651 = CARTESIAN_POINT('',(4.974609375,-8.496704101562,0.));
#2652 = VECTOR('',#2653,1.);
#2653 = DIRECTION('',(0.,1.,0.));
#2654 = PCURVE('',#72,#2655);
#2655 = DEFINITIONAL_REPRESENTATION('',(#2656),#2659);
#2656 = B_SPLINE_CURVE_WITH_KNOTS('',1,(#2657,#2658),.UNSPECIFIED.,.F.,
  .F.,(2,2),(1.503295898438,1.914916992188),.PIECEWISE_BEZIER_KNOTS.);
#2657 = CARTESIAN_POINT('',(21.974609375,3.006591796875));
#2658 = CARTESIAN_POINT('',(21.974609375,3.418212890625));
#2659 = ( GEOMETRIC_REPRESENTATION_CONTEXT(2) 
PARAMETRIC_REPRESENTATION_CONTEXT() REPRESENTATION_CONTEXT('2D SPACE',''
  ) );
#2660 = PCURVE('',#2661,#2666);
#2661 = PLANE('',#2662);
#2662 = AXIS2_PLACEMENT_3D('',#2663,#2664,#2665);
#2663 = CARTESIAN_POINT('',(4.974609375,-6.993408203125,0.2));
#2664 = DIRECTION('',(1.,0.,0.));
#2665 = DIRECTION('',(0.,1.,0.));
#2666 = DEFINITIONAL_REPRESENTATION('',(#2667),#2670);
#2667 = B_SPLINE_CURVE_WITH_KNOTS('',1,(#2668,#2669),.UNSPECIFIED.,.F.,
  .F.,(2,2),(1.503295898438,1.914916992188),.PIECEWISE_BEZIER_KNOTS.);
#2668 = CARTESIAN_POINT('',(0.,-0.2));
#2669 = CARTESIAN_POINT('',(0.41162109375,-0.2));
#2670 = ( GEOMETRIC_REPRESENTATION_CONTEXT(2) 
PARAMETRIC_REPRESENTATION_CONTEXT() REPRESENTATION_CONTEXT('2D SPACE',''
  ) );
#2671 = ORIENTED_EDGE('',*,*,#2672,.F.);
#2672 = EDGE_CURVE('',#2673,#2647,#2675,.T.);
#2673 = VERTEX_POINT('',#2674);
#2674 = CARTESIAN_POINT('',(4.166015625,-6.993408203125,0.));
#2675 = SURFACE_CURVE('',#2676,(#2680,#2686),.PCURVE_S1.);
#2676 = LINE('',#2677,#2678);
#2677 = CARTESIAN_POINT('',(-6.4169921875,-6.993408203125,0.));
#2678 = VECTOR('',#2679,1.);
#2679 = DIRECTION('',(1.,0.,-0.));
#2680 = PCURVE('',#72,#2681);
#2681 = DEFINITIONAL_REPRESENTATION('',(#2682),#2685);
#2682 = B_SPLINE_CURVE_WITH_KNOTS('',1,(#2683,#2684),.UNSPECIFIED.,.F.,
  .F.,(2,2),(10.5830078125,11.3916015625),.PIECEWISE_BEZIER_KNOTS.);
#2683 = CARTESIAN_POINT('',(21.166015625,3.006591796875));
#2684 = CARTESIAN_POINT('',(21.974609375,3.006591796875));
#2685 = ( GEOMETRIC_REPRESENTATION_CONTEXT(2) 
PARAMETRIC_REPRESENTATION_CONTEXT() REPRESENTATION_CONTEXT('2D SPACE',''
  ) );
#2686 = PCURVE('',#2687,#2692);
#2687 = PLANE('',#2688);
#2688 = AXIS2_PLACEMENT_3D('',#2689,#2690,#2691);
#2689 = CARTESIAN_POINT('',(4.166015625,-6.993408203125,0.2));
#2690 = DIRECTION('',(0.,-1.,0.));
#2691 = DIRECTION('',(1.,0.,0.));
#2692 = DEFINITIONAL_REPRESENTATION('',(#2693),#2696);
#2693 = B_SPLINE_CURVE_WITH_KNOTS('',1,(#2694,#2695),.UNSPECIFIED.,.F.,
  .F.,(2,2),(10.5830078125,11.3916015625),.PIECEWISE_BEZIER_KNOTS.);
#2694 = CARTESIAN_POINT('',(0.,-0.2));
#2695 = CARTESIAN_POINT('',(0.80859375,-0.2));
#2696 = ( GEOMETRIC_REPRESENTATION_CONTEXT(2) 
PARAMETRIC_REPRESENTATION_CONTEXT() REPRESENTATION_CONTEXT('2D SPACE',''
  ) );
#2697 = ORIENTED_EDGE('',*,*,#2698,.F.);
#2698 = EDGE_CURVE('',#2621,#2673,#2699,.T.);
#2699 = SURFACE_CURVE('',#2700,(#2704,#2710),.PCURVE_S1.);
#2700 = LINE('',#2701,#2702);
#2701 = CARTESIAN_POINT('',(4.166015625,-8.290893554688,0.));
#2702 = VECTOR('',#2703,1.);
#2703 = DIRECTION('',(0.,-1.,0.));
#2704 = PCURVE('',#72,#2705);
#2705 = DEFINITIONAL_REPRESENTATION('',(#2706),#2709);
#2706 = B_SPLINE_CURVE_WITH_KNOTS('',1,(#2707,#2708),.UNSPECIFIED.,.F.,
  .F.,(2,2),(-1.709106445312,-1.297485351562),.PIECEWISE_BEZIER_KNOTS.);
#2707 = CARTESIAN_POINT('',(21.166015625,3.418212890625));
#2708 = CARTESIAN_POINT('',(21.166015625,3.006591796875));
#2709 = ( GEOMETRIC_REPRESENTATION_CONTEXT(2) 
PARAMETRIC_REPRESENTATION_CONTEXT() REPRESENTATION_CONTEXT('2D SPACE',''
  ) );
#2710 = PCURVE('',#2711,#2716);
#2711 = PLANE('',#2712);
#2712 = AXIS2_PLACEMENT_3D('',#2713,#2714,#2715);
#2713 = CARTESIAN_POINT('',(4.166015625,-6.581787109375,0.2));
#2714 = DIRECTION('',(-1.,0.,0.));
#2715 = DIRECTION('',(0.,-1.,0.));
#2716 = DEFINITIONAL_REPRESENTATION('',(#2717),#2720);
#2717 = B_SPLINE_CURVE_WITH_KNOTS('',1,(#2718,#2719),.UNSPECIFIED.,.F.,
  .F.,(2,2),(-1.709106445312,-1.297485351562),.PIECEWISE_BEZIER_KNOTS.);
#2718 = CARTESIAN_POINT('',(0.,-0.2));
#2719 = CARTESIAN_POINT('',(0.41162109375,-0.2));
#2720 = ( GEOMETRIC_REPRESENTATION_CONTEXT(2) 
PARAMETRIC_REPRESENTATION_CONTEXT() REPRESENTATION_CONTEXT('2D SPACE',''
  ) );
#2721 = FACE_BOUND('',#2722,.F.);
#2722 = EDGE_LOOP('',(#2723,#2751,#2802,#2853,#2904,#2955,#3006,#3057,
    #3114,#3165,#3216,#3255,#3294,#3333,#3359,#3398,#3443,#3488,#3533,
    #3578,#3617,#3643,#3679,#3724,#3775,#3814,#3859,#3904));
#2723 = ORIENTED_EDGE('',*,*,#2724,.F.);
#2724 = EDGE_CURVE('',#2725,#2727,#2729,.T.);
#2725 = VERTEX_POINT('',#2726);
#2726 = CARTESIAN_POINT('',(6.77783203125,-6.578857421875,0.));
#2727 = VERTEX_POINT('',#2728);
#2728 = CARTESIAN_POINT('',(7.17626953125,-6.627197265625,0.));
#2729 = SURFACE_CURVE('',#2730,(#2734,#2740),.PCURVE_S1.);
#2730 = LINE('',#2731,#2732);
#2731 = CARTESIAN_POINT('',(-4.734102680422,-5.182188872297,
    -2.22044604925E-17));
#2732 = VECTOR('',#2733,1.);
#2733 = DIRECTION('',(0.992720564438,-0.120440362597,0.));
#2734 = PCURVE('',#72,#2735);
#2735 = DEFINITIONAL_REPRESENTATION('',(#2736),#2739);
#2736 = B_SPLINE_CURVE_WITH_KNOTS('',1,(#2737,#2738),.UNSPECIFIED.,.F.,
  .F.,(2,2),(11.59634959128,11.997708759483),.PIECEWISE_BEZIER_KNOTS.);
#2737 = CARTESIAN_POINT('',(23.77783203125,3.421142578125));
#2738 = CARTESIAN_POINT('',(24.17626953125,3.372802734375));
#2739 = ( GEOMETRIC_REPRESENTATION_CONTEXT(2) 
PARAMETRIC_REPRESENTATION_CONTEXT() REPRESENTATION_CONTEXT('2D SPACE',''
  ) );
#2740 = PCURVE('',#2741,#2746);
#2741 = PLANE('',#2742);
#2742 = AXIS2_PLACEMENT_3D('',#2743,#2744,#2745);
#2743 = CARTESIAN_POINT('',(6.77783203125,-6.578857421875,0.2));
#2744 = DIRECTION('',(-0.120440362597,-0.992720564438,0.));
#2745 = DIRECTION('',(0.992720564438,-0.120440362597,0.));
#2746 = DEFINITIONAL_REPRESENTATION('',(#2747),#2750);
#2747 = B_SPLINE_CURVE_WITH_KNOTS('',1,(#2748,#2749),.UNSPECIFIED.,.F.,
  .F.,(2,2),(11.59634959128,11.997708759483),.PIECEWISE_BEZIER_KNOTS.);
#2748 = CARTESIAN_POINT('',(0.,-0.2));
#2749 = CARTESIAN_POINT('',(0.401359168202,-0.2));
#2750 = ( GEOMETRIC_REPRESENTATION_CONTEXT(2) 
PARAMETRIC_REPRESENTATION_CONTEXT() REPRESENTATION_CONTEXT('2D SPACE',''
  ) );
#2751 = ORIENTED_EDGE('',*,*,#2752,.T.);
#2752 = EDGE_CURVE('',#2725,#2753,#2755,.T.);
#2753 = VERTEX_POINT('',#2754);
#2754 = CARTESIAN_POINT('',(7.00048828125,-6.14013671875,0.));
#2755 = SURFACE_CURVE('',#2756,(#2767,#2781),.PCURVE_S1.);
#2756 = B_SPLINE_CURVE_WITH_KNOTS('',5,(#2757,#2758,#2759,#2760,#2761,
    #2762,#2763,#2764,#2765,#2766),.UNSPECIFIED.,.F.,.F.,(6,4,6),(0.,
    0.629167414833,1.),.UNSPECIFIED.);
#2757 = CARTESIAN_POINT('',(6.77783203125,-6.578857421875,0.));
#2758 = CARTESIAN_POINT('',(6.785443269938,-6.51180603343,0.));
#2759 = CARTESIAN_POINT('',(6.79930397825,-6.447964336486,0.));
#2760 = CARTESIAN_POINT('',(6.819662870179,-6.38771988045,0.));
#2761 = CARTESIAN_POINT('',(6.846614172552,-6.331397894367,0.));
#2762 = CARTESIAN_POINT('',(6.899704621589,-6.248458212626,0.));
#2763 = CARTESIAN_POINT('',(6.921634689839,-6.219137898983,0.));
#2764 = CARTESIAN_POINT('',(6.945779084603,-6.191296689657,0.));
#2765 = CARTESIAN_POINT('',(6.972087676743,-6.16496014788,0.));
#2766 = CARTESIAN_POINT('',(7.00048828125,-6.14013671875,0.));
#2767 = PCURVE('',#72,#2768);
#2768 = DEFINITIONAL_REPRESENTATION('',(#2769),#2780);
#2769 = B_SPLINE_CURVE_WITH_KNOTS('',5,(#2770,#2771,#2772,#2773,#2774,
    #2775,#2776,#2777,#2778,#2779),.UNSPECIFIED.,.F.,.F.,(6,4,6),(0.,
    0.629167414833,1.),.UNSPECIFIED.);
#2770 = CARTESIAN_POINT('',(23.77783203125,3.421142578125));
#2771 = CARTESIAN_POINT('',(23.785443269938,3.48819396657));
#2772 = CARTESIAN_POINT('',(23.79930397825,3.552035663514));
#2773 = CARTESIAN_POINT('',(23.819662870179,3.61228011955));
#2774 = CARTESIAN_POINT('',(23.846614172552,3.668602105633));
#2775 = CARTESIAN_POINT('',(23.899704621589,3.751541787374));
#2776 = CARTESIAN_POINT('',(23.921634689839,3.780862101017));
#2777 = CARTESIAN_POINT('',(23.945779084603,3.808703310343));
#2778 = CARTESIAN_POINT('',(23.972087676743,3.83503985212));
#2779 = CARTESIAN_POINT('',(24.00048828125,3.85986328125));
#2780 = ( GEOMETRIC_REPRESENTATION_CONTEXT(2) 
PARAMETRIC_REPRESENTATION_CONTEXT() REPRESENTATION_CONTEXT('2D SPACE',''
  ) );
#2781 = PCURVE('',#2782,#2789);
#2782 = SURFACE_OF_LINEAR_EXTRUSION('',#2783,#2787);
#2783 = B_SPLINE_CURVE_WITH_KNOTS('',2,(#2784,#2785,#2786),
  .UNSPECIFIED.,.F.,.F.,(3,3),(0.,1.),.PIECEWISE_BEZIER_KNOTS.);
#2784 = CARTESIAN_POINT('',(7.00048828125,-6.14013671875,0.2));
#2785 = CARTESIAN_POINT('',(6.80859375,-6.307861328125,0.2));
#2786 = CARTESIAN_POINT('',(6.77783203125,-6.578857421875,0.2));
#2787 = VECTOR('',#2788,1.);
#2788 = DIRECTION('',(-0.,0.,1.));
#2789 = DEFINITIONAL_REPRESENTATION('',(#2790),#2801);
#2790 = B_SPLINE_CURVE_WITH_KNOTS('',5,(#2791,#2792,#2793,#2794,#2795,
    #2796,#2797,#2798,#2799,#2800),.UNSPECIFIED.,.F.,.F.,(6,4,6),(0.,
    0.629167414833,1.),.UNSPECIFIED.);
#2791 = CARTESIAN_POINT('',(1.,-0.2));
#2792 = CARTESIAN_POINT('',(0.876287167986,-0.2));
#2793 = CARTESIAN_POINT('',(0.751205882657,-0.2));
#2794 = CARTESIAN_POINT('',(0.625148536984,-0.2));
#2795 = CARTESIAN_POINT('',(0.498570630947,-0.2));
#2796 = CARTESIAN_POINT('',(0.297399006411,-0.2));
#2797 = CARTESIAN_POINT('',(0.222796720377,-0.2));
#2798 = CARTESIAN_POINT('',(0.148297495817,-0.2));
#2799 = CARTESIAN_POINT('',(7.400055729109E-02,-0.2));
#2800 = CARTESIAN_POINT('',(0.,-0.2));
#2801 = ( GEOMETRIC_REPRESENTATION_CONTEXT(2) 
PARAMETRIC_REPRESENTATION_CONTEXT() REPRESENTATION_CONTEXT('2D SPACE',''
  ) );
#2802 = ORIENTED_EDGE('',*,*,#2803,.T.);
#2803 = EDGE_CURVE('',#2753,#2804,#2806,.T.);
#2804 = VERTEX_POINT('',#2805);
#2805 = CARTESIAN_POINT('',(7.48388671875,-5.972412109375,0.));
#2806 = SURFACE_CURVE('',#2807,(#2818,#2832),.PCURVE_S1.);
#2807 = B_SPLINE_CURVE_WITH_KNOTS('',5,(#2808,#2809,#2810,#2811,#2812,
    #2813,#2814,#2815,#2816,#2817),.UNSPECIFIED.,.F.,.F.,(6,4,6),(0.,
    0.234124161663,1.),.UNSPECIFIED.);
#2808 = CARTESIAN_POINT('',(7.00048828125,-6.14013671875,0.));
#2809 = CARTESIAN_POINT('',(7.018562181043,-6.124339302519,0.));
#2810 = CARTESIAN_POINT('',(7.037218846596,-6.109445160097,0.));
#2811 = CARTESIAN_POINT('',(7.056452126489,-6.095469284994,0.));
#2812 = CARTESIAN_POINT('',(7.07625315333,-6.082422667156,0.));
#2813 = CARTESIAN_POINT('',(7.163203557233,-6.03069637756,0.));
#2814 = CARTESIAN_POINT('',(7.235758341859,-6.001093057551,0.));
#2815 = CARTESIAN_POINT('',(7.313842737686,-5.981768361903,0.));
#2816 = CARTESIAN_POINT('',(7.396799312974,-5.972412109375,0.));
#2817 = CARTESIAN_POINT('',(7.48388671875,-5.972412109375,0.));
#2818 = PCURVE('',#72,#2819);
#2819 = DEFINITIONAL_REPRESENTATION('',(#2820),#2831);
#2820 = B_SPLINE_CURVE_WITH_KNOTS('',5,(#2821,#2822,#2823,#2824,#2825,
    #2826,#2827,#2828,#2829,#2830),.UNSPECIFIED.,.F.,.F.,(6,4,6),(0.,
    0.234124161663,1.),.UNSPECIFIED.);
#2821 = CARTESIAN_POINT('',(24.00048828125,3.85986328125));
#2822 = CARTESIAN_POINT('',(24.018562181043,3.875660697481));
#2823 = CARTESIAN_POINT('',(24.037218846596,3.890554839903));
#2824 = CARTESIAN_POINT('',(24.056452126489,3.904530715006));
#2825 = CARTESIAN_POINT('',(24.07625315333,3.917577332844));
#2826 = CARTESIAN_POINT('',(24.163203557233,3.96930362244));
#2827 = CARTESIAN_POINT('',(24.235758341859,3.998906942449));
#2828 = CARTESIAN_POINT('',(24.313842737686,4.018231638097));
#2829 = CARTESIAN_POINT('',(24.396799312974,4.027587890625));
#2830 = CARTESIAN_POINT('',(24.48388671875,4.027587890625));
#2831 = ( GEOMETRIC_REPRESENTATION_CONTEXT(2) 
PARAMETRIC_REPRESENTATION_CONTEXT() REPRESENTATION_CONTEXT('2D SPACE',''
  ) );
#2832 = PCURVE('',#2833,#2840);
#2833 = SURFACE_OF_LINEAR_EXTRUSION('',#2834,#2838);
#2834 = B_SPLINE_CURVE_WITH_KNOTS('',2,(#2835,#2836,#2837),
  .UNSPECIFIED.,.F.,.F.,(3,3),(0.,1.),.PIECEWISE_BEZIER_KNOTS.);
#2835 = CARTESIAN_POINT('',(7.48388671875,-5.972412109375,0.2));
#2836 = CARTESIAN_POINT('',(7.1923828125,-5.972412109375,0.2));
#2837 = CARTESIAN_POINT('',(7.00048828125,-6.14013671875,0.2));
#2838 = VECTOR('',#2839,1.);
#2839 = DIRECTION('',(-0.,0.,1.));
#2840 = DEFINITIONAL_REPRESENTATION('',(#2841),#2852);
#2841 = B_SPLINE_CURVE_WITH_KNOTS('',5,(#2842,#2843,#2844,#2845,#2846,
    #2847,#2848,#2849,#2850,#2851),.UNSPECIFIED.,.F.,.F.,(6,4,6),(0.,
    0.234124161663,1.),.UNSPECIFIED.);
#2842 = CARTESIAN_POINT('',(1.,-0.2));
#2843 = CARTESIAN_POINT('',(0.952906683491,-0.2));
#2844 = CARTESIAN_POINT('',(0.905733910633,-0.2));
#2845 = CARTESIAN_POINT('',(0.858507505886,-0.2));
#2846 = CARTESIAN_POINT('',(0.811253873996,-0.2));
#2847 = CARTESIAN_POINT('',(0.60942133497,-0.2));
#2848 = CARTESIAN_POINT('',(0.454816553175,-0.2));
#2849 = CARTESIAN_POINT('',(0.30119756377,-0.2));
#2850 = CARTESIAN_POINT('',(0.149376052788,-0.2));
#2851 = CARTESIAN_POINT('',(0.,-0.2));
#2852 = ( GEOMETRIC_REPRESENTATION_CONTEXT(2) 
PARAMETRIC_REPRESENTATION_CONTEXT() REPRESENTATION_CONTEXT('2D SPACE',''
  ) );
#2853 = ORIENTED_EDGE('',*,*,#2854,.T.);
#2854 = EDGE_CURVE('',#2804,#2855,#2857,.T.);
#2855 = VERTEX_POINT('',#2856);
#2856 = CARTESIAN_POINT('',(7.998046875,-6.171630859375,0.));
#2857 = SURFACE_CURVE('',#2858,(#2869,#2883),.PCURVE_S1.);
#2858 = B_SPLINE_CURVE_WITH_KNOTS('',5,(#2859,#2860,#2861,#2862,#2863,
    #2864,#2865,#2866,#2867,#2868),.UNSPECIFIED.,.F.,.F.,(6,4,6),(0.,
    0.625438216485,1.),.UNSPECIFIED.);
#2859 = CARTESIAN_POINT('',(7.48388671875,-5.972412109375,0.));
#2860 = CARTESIAN_POINT('',(7.559209122805,-5.972412109375,0.));
#2861 = CARTESIAN_POINT('',(7.631794103956,-5.97987724924,0.));
#2862 = CARTESIAN_POINT('',(7.701141223744,-5.995223710221,0.));
#2863 = CARTESIAN_POINT('',(7.766799816957,-6.018650531638,0.));
#2864 = CARTESIAN_POINT('',(7.865350361468,-6.068747530688,0.));
#2865 = CARTESIAN_POINT('',(7.900824424137,-6.0903489557,0.));
#2866 = CARTESIAN_POINT('',(7.93479010942,-6.114752312496,0.));
#2867 = CARTESIAN_POINT('',(7.967204553004,-6.14188223674,0.));
#2868 = CARTESIAN_POINT('',(7.998046875,-6.171630859375,0.));
#2869 = PCURVE('',#72,#2870);
#2870 = DEFINITIONAL_REPRESENTATION('',(#2871),#2882);
#2871 = B_SPLINE_CURVE_WITH_KNOTS('',5,(#2872,#2873,#2874,#2875,#2876,
    #2877,#2878,#2879,#2880,#2881),.UNSPECIFIED.,.F.,.F.,(6,4,6),(0.,
    0.625438216485,1.),.UNSPECIFIED.);
#2872 = CARTESIAN_POINT('',(24.48388671875,4.027587890625));
#2873 = CARTESIAN_POINT('',(24.559209122805,4.027587890625));
#2874 = CARTESIAN_POINT('',(24.631794103956,4.02012275076));
#2875 = CARTESIAN_POINT('',(24.701141223744,4.004776289779));
#2876 = CARTESIAN_POINT('',(24.766799816957,3.981349468362));
#2877 = CARTESIAN_POINT('',(24.865350361468,3.931252469312));
#2878 = CARTESIAN_POINT('',(24.900824424137,3.9096510443));
#2879 = CARTESIAN_POINT('',(24.93479010942,3.885247687504));
#2880 = CARTESIAN_POINT('',(24.967204553004,3.85811776326));
#2881 = CARTESIAN_POINT('',(24.998046875,3.828369140625));
#2882 = ( GEOMETRIC_REPRESENTATION_CONTEXT(2) 
PARAMETRIC_REPRESENTATION_CONTEXT() REPRESENTATION_CONTEXT('2D SPACE',''
  ) );
#2883 = PCURVE('',#2884,#2891);
#2884 = SURFACE_OF_LINEAR_EXTRUSION('',#2885,#2889);
#2885 = B_SPLINE_CURVE_WITH_KNOTS('',2,(#2886,#2887,#2888),
  .UNSPECIFIED.,.F.,.F.,(3,3),(0.,1.),.PIECEWISE_BEZIER_KNOTS.);
#2886 = CARTESIAN_POINT('',(7.998046875,-6.171630859375,0.2));
#2887 = CARTESIAN_POINT('',(7.79150390625,-5.972412109375,0.2));
#2888 = CARTESIAN_POINT('',(7.48388671875,-5.972412109375,0.2));
#2889 = VECTOR('',#2890,1.);
#2890 = DIRECTION('',(-0.,0.,1.));
#2891 = DEFINITIONAL_REPRESENTATION('',(#2892),#2903);
#2892 = B_SPLINE_CURVE_WITH_KNOTS('',5,(#2893,#2894,#2895,#2896,#2897,
    #2898,#2899,#2900,#2901,#2902),.UNSPECIFIED.,.F.,.F.,(6,4,6),(0.,
    0.625438216485,1.),.UNSPECIFIED.);
#2893 = CARTESIAN_POINT('',(1.,-0.2));
#2894 = CARTESIAN_POINT('',(0.877571203569,-0.2));
#2895 = CARTESIAN_POINT('',(0.753435679089,-0.2));
#2896 = CARTESIAN_POINT('',(0.628063633837,-0.2));
#2897 = CARTESIAN_POINT('',(0.502023439867,-0.2));
#2898 = CARTESIAN_POINT('',(0.300527214428,-0.2));
#2899 = CARTESIAN_POINT('',(0.225054173472,-0.2));
#2900 = CARTESIAN_POINT('',(0.149722231677,-0.2));
#2901 = CARTESIAN_POINT('',(7.466320974944E-02,-0.2));
#2902 = CARTESIAN_POINT('',(0.,-0.2));
#2903 = ( GEOMETRIC_REPRESENTATION_CONTEXT(2) 
PARAMETRIC_REPRESENTATION_CONTEXT() REPRESENTATION_CONTEXT('2D SPACE',''
  ) );
#2904 = ORIENTED_EDGE('',*,*,#2905,.T.);
#2905 = EDGE_CURVE('',#2855,#2906,#2908,.T.);
#2906 = VERTEX_POINT('',#2907);
#2907 = CARTESIAN_POINT('',(8.20458984375,-6.653564453125,0.));
#2908 = SURFACE_CURVE('',#2909,(#2920,#2934),.PCURVE_S1.);
#2909 = B_SPLINE_CURVE_WITH_KNOTS('',5,(#2910,#2911,#2912,#2913,#2914,
    #2915,#2916,#2917,#2918,#2919),.UNSPECIFIED.,.F.,.F.,(6,4,6),(0.,
    0.524311689407,1.),.UNSPECIFIED.);
#2910 = CARTESIAN_POINT('',(7.998046875,-6.171630859375,0.));
#2911 = CARTESIAN_POINT('',(8.040740245336,-6.212810280409,0.));
#2912 = CARTESIAN_POINT('',(8.078352975619,-6.256638890102,0.));
#2913 = CARTESIAN_POINT('',(8.110533853753,-6.30308566992,0.));
#2914 = CARTESIAN_POINT('',(8.137039458475,-6.352050663798,0.));
#2915 = CARTESIAN_POINT('',(8.176620314685,-6.449869327869,0.));
#2916 = CARTESIAN_POINT('',(8.190714959114,-6.498316784936,0.));
#2917 = CARTESIAN_POINT('',(8.200016525262,-6.548536305977,0.));
#2918 = CARTESIAN_POINT('',(8.20458984375,-6.600351213538,0.));
#2919 = CARTESIAN_POINT('',(8.20458984375,-6.653564453125,0.));
#2920 = PCURVE('',#72,#2921);
#2921 = DEFINITIONAL_REPRESENTATION('',(#2922),#2933);
#2922 = B_SPLINE_CURVE_WITH_KNOTS('',5,(#2923,#2924,#2925,#2926,#2927,
    #2928,#2929,#2930,#2931,#2932),.UNSPECIFIED.,.F.,.F.,(6,4,6),(0.,
    0.524311689407,1.),.UNSPECIFIED.);
#2923 = CARTESIAN_POINT('',(24.998046875,3.828369140625));
#2924 = CARTESIAN_POINT('',(25.040740245336,3.787189719591));
#2925 = CARTESIAN_POINT('',(25.078352975619,3.743361109898));
#2926 = CARTESIAN_POINT('',(25.110533853753,3.69691433008));
#2927 = CARTESIAN_POINT('',(25.137039458475,3.647949336202));
#2928 = CARTESIAN_POINT('',(25.176620314685,3.550130672131));
#2929 = CARTESIAN_POINT('',(25.190714959114,3.501683215064));
#2930 = CARTESIAN_POINT('',(25.200016525262,3.451463694023));
#2931 = CARTESIAN_POINT('',(25.20458984375,3.399648786462));
#2932 = CARTESIAN_POINT('',(25.20458984375,3.346435546875));
#2933 = ( GEOMETRIC_REPRESENTATION_CONTEXT(2) 
PARAMETRIC_REPRESENTATION_CONTEXT() REPRESENTATION_CONTEXT('2D SPACE',''
  ) );
#2934 = PCURVE('',#2935,#2942);
#2935 = SURFACE_OF_LINEAR_EXTRUSION('',#2936,#2940);
#2936 = B_SPLINE_CURVE_WITH_KNOTS('',2,(#2937,#2938,#2939),
  .UNSPECIFIED.,.F.,.F.,(3,3),(0.,1.),.PIECEWISE_BEZIER_KNOTS.);
#2937 = CARTESIAN_POINT('',(8.20458984375,-6.653564453125,0.2));
#2938 = CARTESIAN_POINT('',(8.20458984375,-6.370849609375,0.2));
#2939 = CARTESIAN_POINT('',(7.998046875,-6.171630859375,0.2));
#2940 = VECTOR('',#2941,1.);
#2941 = DIRECTION('',(-0.,0.,1.));
#2942 = DEFINITIONAL_REPRESENTATION('',(#2943),#2954);
#2943 = B_SPLINE_CURVE_WITH_KNOTS('',5,(#2944,#2945,#2946,#2947,#2948,
    #2949,#2950,#2951,#2952,#2953),.UNSPECIFIED.,.F.,.F.,(6,4,6),(0.,
    0.524311689407,1.),.UNSPECIFIED.);
#2944 = CARTESIAN_POINT('',(1.,-0.2));
#2945 = CARTESIAN_POINT('',(0.896647727602,-0.2));
#2946 = CARTESIAN_POINT('',(0.792242604766,-0.2));
#2947 = CARTESIAN_POINT('',(0.687090589772,-0.2));
#2948 = CARTESIAN_POINT('',(0.581542496184,-0.2));
#2949 = CARTESIAN_POINT('',(0.38024525579,-0.2));
#2950 = CARTESIAN_POINT('',(0.284485706467,-0.2));
#2951 = CARTESIAN_POINT('',(0.189018967055,-0.2));
#2952 = CARTESIAN_POINT('',(9.411115256806E-02,-0.2));
#2953 = CARTESIAN_POINT('',(0.,-0.2));
#2954 = ( GEOMETRIC_REPRESENTATION_CONTEXT(2) 
PARAMETRIC_REPRESENTATION_CONTEXT() REPRESENTATION_CONTEXT('2D SPACE',''
  ) );
#2955 = ORIENTED_EDGE('',*,*,#2956,.T.);
#2956 = EDGE_CURVE('',#2906,#2957,#2959,.T.);
#2957 = VERTEX_POINT('',#2958);
#2958 = CARTESIAN_POINT('',(8.093994140625,-6.986083984375,0.));
#2959 = SURFACE_CURVE('',#2960,(#2971,#2985),.PCURVE_S1.);
#2960 = B_SPLINE_CURVE_WITH_KNOTS('',5,(#2961,#2962,#2963,#2964,#2965,
    #2966,#2967,#2968,#2969,#2970),.UNSPECIFIED.,.F.,.F.,(6,4,6),(0.,
    0.717811506508,1.),.UNSPECIFIED.);
#2961 = CARTESIAN_POINT('',(8.20458984375,-6.653564453125,0.));
#2962 = CARTESIAN_POINT('',(8.20458984375,-6.708920088831,0.));
#2963 = CARTESIAN_POINT('',(8.199009575711,-6.761774911981,0.));
#2964 = CARTESIAN_POINT('',(8.18769504199,-6.811933307003,0.));
#2965 = CARTESIAN_POINT('',(8.170584061386,-6.859235949344,0.));
#2966 = CARTESIAN_POINT('',(8.138750840753,-6.921002988158,0.));
#2967 = CARTESIAN_POINT('',(8.128880774417,-6.937974828916,0.));
#2968 = CARTESIAN_POINT('',(8.118126953418,-6.954482075735,0.));
#2969 = CARTESIAN_POINT('',(8.106495265015,-6.970519670565,0.));
#2970 = CARTESIAN_POINT('',(8.093994140625,-6.986083984375,0.));
#2971 = PCURVE('',#72,#2972);
#2972 = DEFINITIONAL_REPRESENTATION('',(#2973),#2984);
#2973 = B_SPLINE_CURVE_WITH_KNOTS('',5,(#2974,#2975,#2976,#2977,#2978,
    #2979,#2980,#2981,#2982,#2983),.UNSPECIFIED.,.F.,.F.,(6,4,6),(0.,
    0.717811506508,1.),.UNSPECIFIED.);
#2974 = CARTESIAN_POINT('',(25.20458984375,3.346435546875));
#2975 = CARTESIAN_POINT('',(25.20458984375,3.291079911169));
#2976 = CARTESIAN_POINT('',(25.199009575711,3.238225088019));
#2977 = CARTESIAN_POINT('',(25.18769504199,3.188066692997));
#2978 = CARTESIAN_POINT('',(25.170584061386,3.140764050656));
#2979 = CARTESIAN_POINT('',(25.138750840753,3.078997011842));
#2980 = CARTESIAN_POINT('',(25.128880774417,3.062025171084));
#2981 = CARTESIAN_POINT('',(25.118126953418,3.045517924265));
#2982 = CARTESIAN_POINT('',(25.106495265015,3.029480329435));
#2983 = CARTESIAN_POINT('',(25.093994140625,3.013916015625));
#2984 = ( GEOMETRIC_REPRESENTATION_CONTEXT(2) 
PARAMETRIC_REPRESENTATION_CONTEXT() REPRESENTATION_CONTEXT('2D SPACE',''
  ) );
#2985 = PCURVE('',#2986,#2993);
#2986 = SURFACE_OF_LINEAR_EXTRUSION('',#2987,#2991);
#2987 = B_SPLINE_CURVE_WITH_KNOTS('',2,(#2988,#2989,#2990),
  .UNSPECIFIED.,.F.,.F.,(3,3),(0.,1.),.PIECEWISE_BEZIER_KNOTS.);
#2988 = CARTESIAN_POINT('',(8.093994140625,-6.986083984375,0.2));
#2989 = CARTESIAN_POINT('',(8.20458984375,-6.848388671875,0.2));
#2990 = CARTESIAN_POINT('',(8.20458984375,-6.653564453125,0.2));
#2991 = VECTOR('',#2992,1.);
#2992 = DIRECTION('',(-0.,0.,1.));
#2993 = DEFINITIONAL_REPRESENTATION('',(#2994),#3005);
#2994 = B_SPLINE_CURVE_WITH_KNOTS('',5,(#2995,#2996,#2997,#2998,#2999,
    #3000,#3001,#3002,#3003,#3004),.UNSPECIFIED.,.F.,.F.,(6,4,6),(0.,
    0.717811506508,1.),.UNSPECIFIED.);
#2995 = CARTESIAN_POINT('',(1.,-0.2));
#2996 = CARTESIAN_POINT('',(0.857934408614,-0.2));
#2997 = CARTESIAN_POINT('',(0.714889190543,-0.2));
#2998 = CARTESIAN_POINT('',(0.571162222306,-0.2));
#2999 = CARTESIAN_POINT('',(0.427079963478,-0.2));
#3000 = CARTESIAN_POINT('',(0.226358796192,-0.2));
#3001 = CARTESIAN_POINT('',(0.169717261165,-0.2));
#3002 = CARTESIAN_POINT('',(0.113096475377,-0.2));
#3003 = CARTESIAN_POINT('',(5.651722461579E-02,-0.2));
#3004 = CARTESIAN_POINT('',(0.,-0.2));
#3005 = ( GEOMETRIC_REPRESENTATION_CONTEXT(2) 
PARAMETRIC_REPRESENTATION_CONTEXT() REPRESENTATION_CONTEXT('2D SPACE',''
  ) );
#3006 = ORIENTED_EDGE('',*,*,#3007,.T.);
#3007 = EDGE_CURVE('',#2957,#3008,#3010,.T.);
#3008 = VERTEX_POINT('',#3009);
#3009 = CARTESIAN_POINT('',(7.798828125,-7.163330078125,0.));
#3010 = SURFACE_CURVE('',#3011,(#3022,#3036),.PCURVE_S1.);
#3011 = B_SPLINE_CURVE_WITH_KNOTS('',5,(#3012,#3013,#3014,#3015,#3016,
    #3017,#3018,#3019,#3020,#3021),.UNSPECIFIED.,.F.,.F.,(6,4,6),(0.,
    0.353397478156,1.),.UNSPECIFIED.);
#3012 = CARTESIAN_POINT('',(8.093994140625,-6.986083984375,0.));
#3013 = CARTESIAN_POINT('',(8.078368841684,-7.00553799895,0.));
#3014 = CARTESIAN_POINT('',(8.061794484945,-7.023800237765,0.));
#3015 = CARTESIAN_POINT('',(8.044273402674,-7.040851742888,0.));
#3016 = CARTESIAN_POINT('',(8.025812285151,-7.05667884943,0.));
#3017 = CARTESIAN_POINT('',(7.97094459173,-7.09797607711,0.));
#3018 = CARTESIAN_POINT('',(7.932356296113,-7.120552658765,0.));
#3019 = CARTESIAN_POINT('',(7.890726348388,-7.138950604367,0.));
#3020 = CARTESIAN_POINT('',(7.846167697695,-7.153185883976,0.));
#3021 = CARTESIAN_POINT('',(7.798828125,-7.163330078125,0.));
#3022 = PCURVE('',#72,#3023);
#3023 = DEFINITIONAL_REPRESENTATION('',(#3024),#3035);
#3024 = B_SPLINE_CURVE_WITH_KNOTS('',5,(#3025,#3026,#3027,#3028,#3029,
    #3030,#3031,#3032,#3033,#3034),.UNSPECIFIED.,.F.,.F.,(6,4,6),(0.,
    0.353397478156,1.),.UNSPECIFIED.);
#3025 = CARTESIAN_POINT('',(25.093994140625,3.013916015625));
#3026 = CARTESIAN_POINT('',(25.078368841684,2.99446200105));
#3027 = CARTESIAN_POINT('',(25.061794484945,2.976199762235));
#3028 = CARTESIAN_POINT('',(25.044273402674,2.959148257112));
#3029 = CARTESIAN_POINT('',(25.025812285151,2.94332115057));
#3030 = CARTESIAN_POINT('',(24.97094459173,2.90202392289));
#3031 = CARTESIAN_POINT('',(24.932356296113,2.879447341235));
#3032 = CARTESIAN_POINT('',(24.890726348388,2.861049395633));
#3033 = CARTESIAN_POINT('',(24.846167697695,2.846814116024));
#3034 = CARTESIAN_POINT('',(24.798828125,2.836669921875));
#3035 = ( GEOMETRIC_REPRESENTATION_CONTEXT(2) 
PARAMETRIC_REPRESENTATION_CONTEXT() REPRESENTATION_CONTEXT('2D SPACE',''
  ) );
#3036 = PCURVE('',#3037,#3044);
#3037 = SURFACE_OF_LINEAR_EXTRUSION('',#3038,#3042);
#3038 = B_SPLINE_CURVE_WITH_KNOTS('',2,(#3039,#3040,#3041),
  .UNSPECIFIED.,.F.,.F.,(3,3),(0.,1.),.PIECEWISE_BEZIER_KNOTS.);
#3039 = CARTESIAN_POINT('',(7.798828125,-7.163330078125,0.2));
#3040 = CARTESIAN_POINT('',(7.9833984375,-7.123779296875,0.2));
#3041 = CARTESIAN_POINT('',(8.093994140625,-6.986083984375,0.2));
#3042 = VECTOR('',#3043,1.);
#3043 = DIRECTION('',(-0.,0.,1.));
#3044 = DEFINITIONAL_REPRESENTATION('',(#3045),#3056);
#3045 = B_SPLINE_CURVE_WITH_KNOTS('',5,(#3046,#3047,#3048,#3049,#3050,
    #3051,#3052,#3053,#3054,#3055),.UNSPECIFIED.,.F.,.F.,(6,4,6),(0.,
    0.353397478156,1.),.UNSPECIFIED.);
#3046 = CARTESIAN_POINT('',(1.,-0.2));
#3047 = CARTESIAN_POINT('',(0.929358471898,-0.2));
#3048 = CARTESIAN_POINT('',(0.858598511984,-0.2));
#3049 = CARTESIAN_POINT('',(0.787758886423,-0.2));
#3050 = CARTESIAN_POINT('',(0.716879220775,-0.2));
#3051 = CARTESIAN_POINT('',(0.516314063534,-0.2));
#3052 = CARTESIAN_POINT('',(0.386626779993,-0.2));
#3053 = CARTESIAN_POINT('',(0.257191190563,-0.2));
#3054 = CARTESIAN_POINT('',(0.128242651958,-0.2));
#3055 = CARTESIAN_POINT('',(0.,-0.2));
#3056 = ( GEOMETRIC_REPRESENTATION_CONTEXT(2) 
PARAMETRIC_REPRESENTATION_CONTEXT() REPRESENTATION_CONTEXT('2D SPACE',''
  ) );
#3057 = ORIENTED_EDGE('',*,*,#3058,.T.);
#3058 = EDGE_CURVE('',#3008,#3059,#3061,.T.);
#3059 = VERTEX_POINT('',#3060);
#3060 = CARTESIAN_POINT('',(8.10791015625,-7.614501953125,0.));
#3061 = SURFACE_CURVE('',#3062,(#3075,#3091),.PCURVE_S1.);
#3062 = B_SPLINE_CURVE_WITH_KNOTS('',6,(#3063,#3064,#3065,#3066,#3067,
    #3068,#3069,#3070,#3071,#3072,#3073,#3074),.UNSPECIFIED.,.F.,.F.,(7,
    5,7),(0.,0.706557395834,1.),.UNSPECIFIED.);
#3063 = CARTESIAN_POINT('',(7.798828125,-7.163330078125,0.));
#3064 = CARTESIAN_POINT('',(7.867576136501,-7.200799373493,0.));
#3065 = CARTESIAN_POINT('',(7.929069405925,-7.242706891893,0.));
#3066 = CARTESIAN_POINT('',(7.982086662972,-7.28926541939,0.));
#3067 = CARTESIAN_POINT('',(8.025462193659,-7.340548961149,0.));
#3068 = CARTESIAN_POINT('',(8.05832338222,-7.396380153641,0.));
#3069 = CARTESIAN_POINT('',(8.089657076351,-7.480973852246,0.));
#3070 = CARTESIAN_POINT('',(8.097004002132,-7.506481311547,0.));
#3071 = CARTESIAN_POINT('',(8.102488415668,-7.532633735507,0.));
#3072 = CARTESIAN_POINT('',(8.106115939013,-7.559387184509,0.));
#3073 = CARTESIAN_POINT('',(8.10791015625,-7.586693671232,0.));
#3074 = CARTESIAN_POINT('',(8.10791015625,-7.614501953125,0.));
#3075 = PCURVE('',#72,#3076);
#3076 = DEFINITIONAL_REPRESENTATION('',(#3077),#3090);
#3077 = B_SPLINE_CURVE_WITH_KNOTS('',6,(#3078,#3079,#3080,#3081,#3082,
    #3083,#3084,#3085,#3086,#3087,#3088,#3089),.UNSPECIFIED.,.F.,.F.,(7,
    5,7),(0.,0.706557395834,1.),.UNSPECIFIED.);
#3078 = CARTESIAN_POINT('',(24.798828125,2.836669921875));
#3079 = CARTESIAN_POINT('',(24.867576136501,2.799200626507));
#3080 = CARTESIAN_POINT('',(24.929069405925,2.757293108107));
#3081 = CARTESIAN_POINT('',(24.982086662972,2.71073458061));
#3082 = CARTESIAN_POINT('',(25.025462193659,2.659451038851));
#3083 = CARTESIAN_POINT('',(25.05832338222,2.603619846359));
#3084 = CARTESIAN_POINT('',(25.089657076351,2.519026147754));
#3085 = CARTESIAN_POINT('',(25.097004002132,2.493518688453));
#3086 = CARTESIAN_POINT('',(25.102488415668,2.467366264493));
#3087 = CARTESIAN_POINT('',(25.106115939013,2.440612815491));
#3088 = CARTESIAN_POINT('',(25.10791015625,2.413306328768));
#3089 = CARTESIAN_POINT('',(25.10791015625,2.385498046875));
#3090 = ( GEOMETRIC_REPRESENTATION_CONTEXT(2) 
PARAMETRIC_REPRESENTATION_CONTEXT() REPRESENTATION_CONTEXT('2D SPACE',''
  ) );
#3091 = PCURVE('',#3092,#3099);
#3092 = SURFACE_OF_LINEAR_EXTRUSION('',#3093,#3097);
#3093 = B_SPLINE_CURVE_WITH_KNOTS('',2,(#3094,#3095,#3096),
  .UNSPECIFIED.,.F.,.F.,(3,3),(0.,1.),.PIECEWISE_BEZIER_KNOTS.);
#3094 = CARTESIAN_POINT('',(8.10791015625,-7.614501953125,0.2));
#3095 = CARTESIAN_POINT('',(8.10791015625,-7.331787109375,0.2));
#3096 = CARTESIAN_POINT('',(7.798828125,-7.163330078125,0.2));
#3097 = VECTOR('',#3098,1.);
#3098 = DIRECTION('',(-0.,0.,1.));
#3099 = DEFINITIONAL_REPRESENTATION('',(#3100),#3113);
#3100 = B_SPLINE_CURVE_WITH_KNOTS('',6,(#3101,#3102,#3103,#3104,#3105,
    #3106,#3107,#3108,#3109,#3110,#3111,#3112),.UNSPECIFIED.,.F.,.F.,(7,
    5,7),(0.,0.706557395834,1.),.UNSPECIFIED.);
#3101 = CARTESIAN_POINT('',(1.,-0.2));
#3102 = CARTESIAN_POINT('',(0.888786787082,-0.2));
#3103 = CARTESIAN_POINT('',(0.774467307746,-0.2));
#3104 = CARTESIAN_POINT('',(0.657463681295,-0.2));
#3105 = CARTESIAN_POINT('',(0.53840714851,-0.2));
#3106 = CARTESIAN_POINT('',(0.418181889833,-0.2));
#3107 = CARTESIAN_POINT('',(0.248086876262,-0.2));
#3108 = CARTESIAN_POINT('',(0.19817194414,-0.2));
#3109 = CARTESIAN_POINT('',(0.148334027742,-0.2));
#3110 = CARTESIAN_POINT('',(9.864716159831E-02,-0.2));
#3111 = CARTESIAN_POINT('',(4.91807956106E-02,-0.2));
#3112 = CARTESIAN_POINT('',(0.,-0.2));
#3113 = ( GEOMETRIC_REPRESENTATION_CONTEXT(2) 
PARAMETRIC_REPRESENTATION_CONTEXT() REPRESENTATION_CONTEXT('2D SPACE',''
  ) );
#3114 = ORIENTED_EDGE('',*,*,#3115,.T.);
#3115 = EDGE_CURVE('',#3059,#3116,#3118,.T.);
#3116 = VERTEX_POINT('',#3117);
#3117 = CARTESIAN_POINT('',(7.95703125,-7.971923828125,0.));
#3118 = SURFACE_CURVE('',#3119,(#3130,#3144),.PCURVE_S1.);
#3119 = B_SPLINE_CURVE_WITH_KNOTS('',5,(#3120,#3121,#3122,#3123,#3124,
    #3125,#3126,#3127,#3128,#3129),.UNSPECIFIED.,.F.,.F.,(6,4,6),(0.,
    0.331972570174,1.),.UNSPECIFIED.);
#3120 = CARTESIAN_POINT('',(8.10791015625,-7.614501953125,0.));
#3121 = CARTESIAN_POINT('',(8.10791015625,-7.640954474604,0.));
#3122 = CARTESIAN_POINT('',(8.106247624026,-7.667017062796,0.));
#3123 = CARTESIAN_POINT('',(8.102906779237,-7.692665433235,0.));
#3124 = CARTESIAN_POINT('',(8.097882304465,-7.717877516655,0.));
#3125 = CARTESIAN_POINT('',(8.077690999965,-7.792449769164,0.));
#3126 = CARTESIAN_POINT('',(8.057405354255,-7.840421841727,0.));
#3127 = CARTESIAN_POINT('',(8.030365633852,-7.886382216932,0.));
#3128 = CARTESIAN_POINT('',(7.996792900928,-7.930231999967,0.));
#3129 = CARTESIAN_POINT('',(7.95703125,-7.971923828125,0.));
#3130 = PCURVE('',#72,#3131);
#3131 = DEFINITIONAL_REPRESENTATION('',(#3132),#3143);
#3132 = B_SPLINE_CURVE_WITH_KNOTS('',5,(#3133,#3134,#3135,#3136,#3137,
    #3138,#3139,#3140,#3141,#3142),.UNSPECIFIED.,.F.,.F.,(6,4,6),(0.,
    0.331972570174,1.),.UNSPECIFIED.);
#3133 = CARTESIAN_POINT('',(25.10791015625,2.385498046875));
#3134 = CARTESIAN_POINT('',(25.10791015625,2.359045525396));
#3135 = CARTESIAN_POINT('',(25.106247624026,2.332982937204));
#3136 = CARTESIAN_POINT('',(25.102906779237,2.307334566765));
#3137 = CARTESIAN_POINT('',(25.097882304465,2.282122483345));
#3138 = CARTESIAN_POINT('',(25.077690999965,2.207550230836));
#3139 = CARTESIAN_POINT('',(25.057405354255,2.159578158273));
#3140 = CARTESIAN_POINT('',(25.030365633852,2.113617783068));
#3141 = CARTESIAN_POINT('',(24.996792900928,2.069768000033));
#3142 = CARTESIAN_POINT('',(24.95703125,2.028076171875));
#3143 = ( GEOMETRIC_REPRESENTATION_CONTEXT(2) 
PARAMETRIC_REPRESENTATION_CONTEXT() REPRESENTATION_CONTEXT('2D SPACE',''
  ) );
#3144 = PCURVE('',#3145,#3152);
#3145 = SURFACE_OF_LINEAR_EXTRUSION('',#3146,#3150);
#3146 = B_SPLINE_CURVE_WITH_KNOTS('',2,(#3147,#3148,#3149),
  .UNSPECIFIED.,.F.,.F.,(3,3),(0.,1.),.PIECEWISE_BEZIER_KNOTS.);
#3147 = CARTESIAN_POINT('',(7.95703125,-7.971923828125,0.2));
#3148 = CARTESIAN_POINT('',(8.10791015625,-7.813720703125,0.2));
#3149 = CARTESIAN_POINT('',(8.10791015625,-7.614501953125,0.2));
#3150 = VECTOR('',#3151,1.);
#3151 = DIRECTION('',(-0.,0.,1.));
#3152 = DEFINITIONAL_REPRESENTATION('',(#3153),#3164);
#3153 = B_SPLINE_CURVE_WITH_KNOTS('',5,(#3154,#3155,#3156,#3157,#3158,
    #3159,#3160,#3161,#3162,#3163),.UNSPECIFIED.,.F.,.F.,(6,4,6),(0.,
    0.331972570174,1.),.UNSPECIFIED.);
#3154 = CARTESIAN_POINT('',(1.,-0.2));
#3155 = CARTESIAN_POINT('',(0.933609357857,-0.2));
#3156 = CARTESIAN_POINT('',(0.867063064651,-0.2));
#3157 = CARTESIAN_POINT('',(0.800411303067,-0.2));
#3158 = CARTESIAN_POINT('',(0.733705834688,-0.2));
#3159 = CARTESIAN_POINT('',(0.532768044396,-0.2));
#3160 = CARTESIAN_POINT('',(0.398527123228,-0.2));
#3161 = CARTESIAN_POINT('',(0.264727019549,-0.2));
#3162 = CARTESIAN_POINT('',(0.131766765536,-0.2));
#3163 = CARTESIAN_POINT('',(0.,-0.2));
#3164 = ( GEOMETRIC_REPRESENTATION_CONTEXT(2) 
PARAMETRIC_REPRESENTATION_CONTEXT() REPRESENTATION_CONTEXT('2D SPACE',''
  ) );
#3165 = ORIENTED_EDGE('',*,*,#3166,.T.);
#3166 = EDGE_CURVE('',#3116,#3167,#3169,.T.);
#3167 = VERTEX_POINT('',#3168);
#3168 = CARTESIAN_POINT('',(7.470703125,-8.165283203125,0.));
#3169 = SURFACE_CURVE('',#3170,(#3181,#3195),.PCURVE_S1.);
#3170 = B_SPLINE_CURVE_WITH_KNOTS('',5,(#3171,#3172,#3173,#3174,#3175,
    #3176,#3177,#3178,#3179,#3180),.UNSPECIFIED.,.F.,.F.,(6,4,6),(0.,
    0.295738461889,1.),.UNSPECIFIED.);
#3171 = CARTESIAN_POINT('',(7.95703125,-7.971923828125,0.));
#3172 = CARTESIAN_POINT('',(7.935309259565,-7.994862250024,0.));
#3173 = CARTESIAN_POINT('',(7.91245336238,-8.016181809766,0.));
#3174 = CARTESIAN_POINT('',(7.88847297139,-8.03583166067,0.));
#3175 = CARTESIAN_POINT('',(7.863388928367,-8.053776172144,0.));
#3176 = CARTESIAN_POINT('',(7.774947863603,-8.108617728565,0.));
#3177 = CARTESIAN_POINT('',(7.70657455128,-8.137462091268,0.));
#3178 = CARTESIAN_POINT('',(7.632578677249,-8.156231888099,0.));
#3179 = CARTESIAN_POINT('',(7.55368656683,-8.165283203125,0.));
#3180 = CARTESIAN_POINT('',(7.470703125,-8.165283203125,0.));
#3181 = PCURVE('',#72,#3182);
#3182 = DEFINITIONAL_REPRESENTATION('',(#3183),#3194);
#3183 = B_SPLINE_CURVE_WITH_KNOTS('',5,(#3184,#3185,#3186,#3187,#3188,
    #3189,#3190,#3191,#3192,#3193),.UNSPECIFIED.,.F.,.F.,(6,4,6),(0.,
    0.295738461889,1.),.UNSPECIFIED.);
#3184 = CARTESIAN_POINT('',(24.95703125,2.028076171875));
#3185 = CARTESIAN_POINT('',(24.935309259565,2.005137749976));
#3186 = CARTESIAN_POINT('',(24.91245336238,1.983818190234));
#3187 = CARTESIAN_POINT('',(24.88847297139,1.96416833933));
#3188 = CARTESIAN_POINT('',(24.863388928367,1.946223827856));
#3189 = CARTESIAN_POINT('',(24.774947863603,1.891382271435));
#3190 = CARTESIAN_POINT('',(24.70657455128,1.862537908732));
#3191 = CARTESIAN_POINT('',(24.632578677249,1.843768111901));
#3192 = CARTESIAN_POINT('',(24.55368656683,1.834716796875));
#3193 = CARTESIAN_POINT('',(24.470703125,1.834716796875));
#3194 = ( GEOMETRIC_REPRESENTATION_CONTEXT(2) 
PARAMETRIC_REPRESENTATION_CONTEXT() REPRESENTATION_CONTEXT('2D SPACE',''
  ) );
#3195 = PCURVE('',#3196,#3203);
#3196 = SURFACE_OF_LINEAR_EXTRUSION('',#3197,#3201);
#3197 = B_SPLINE_CURVE_WITH_KNOTS('',2,(#3198,#3199,#3200),
  .UNSPECIFIED.,.F.,.F.,(3,3),(0.,1.),.PIECEWISE_BEZIER_KNOTS.);
#3198 = CARTESIAN_POINT('',(7.470703125,-8.165283203125,0.2));
#3199 = CARTESIAN_POINT('',(7.77392578125,-8.165283203125,0.2));
#3200 = CARTESIAN_POINT('',(7.95703125,-7.971923828125,0.2));
#3201 = VECTOR('',#3202,1.);
#3202 = DIRECTION('',(-0.,0.,1.));
#3203 = DEFINITIONAL_REPRESENTATION('',(#3204),#3215);
#3204 = B_SPLINE_CURVE_WITH_KNOTS('',5,(#3205,#3206,#3207,#3208,#3209,
    #3210,#3211,#3212,#3213,#3214),.UNSPECIFIED.,.F.,.F.,(6,4,6),(0.,
    0.295738461889,1.),.UNSPECIFIED.);
#3205 = CARTESIAN_POINT('',(1.,-0.2));
#3206 = CARTESIAN_POINT('',(0.940684484786,-0.2));
#3207 = CARTESIAN_POINT('',(0.881157491384,-0.2));
#3208 = CARTESIAN_POINT('',(0.821486626089,-0.2));
#3209 = CARTESIAN_POINT('',(0.761742754196,-0.2));
#3210 = CARTESIAN_POINT('',(0.559730632355,-0.2));
#3211 = CARTESIAN_POINT('',(0.41743951676,-0.2));
#3212 = CARTESIAN_POINT('',(0.276196938791,-0.2));
#3213 = CARTESIAN_POINT('',(0.136835820344,-0.2));
#3214 = CARTESIAN_POINT('',(0.,-0.2));
#3215 = ( GEOMETRIC_REPRESENTATION_CONTEXT(2) 
PARAMETRIC_REPRESENTATION_CONTEXT() REPRESENTATION_CONTEXT('2D SPACE',''
  ) );
#3216 = ORIENTED_EDGE('',*,*,#3217,.T.);
#3217 = EDGE_CURVE('',#3167,#3218,#3220,.T.);
#3218 = VERTEX_POINT('',#3219);
#3219 = CARTESIAN_POINT('',(7.150634765625,-8.0986328125,0.));
#3220 = SURFACE_CURVE('',#3221,(#3228,#3238),.PCURVE_S1.);
#3221 = B_SPLINE_CURVE_WITH_KNOTS('',5,(#3222,#3223,#3224,#3225,#3226,
    #3227),.UNSPECIFIED.,.F.,.F.,(6,6),(0.,1.),
  .PIECEWISE_BEZIER_KNOTS.);
#3222 = CARTESIAN_POINT('',(7.470703125,-8.165283203125,0.));
#3223 = CARTESIAN_POINT('',(7.400339705443,-8.165283203125,0.));
#3224 = CARTESIAN_POINT('',(7.332987239476,-8.158718384934,0.));
#3225 = CARTESIAN_POINT('',(7.268826700995,-8.145447007601,0.));
#3226 = CARTESIAN_POINT('',(7.208006852939,-8.125406453247,0.));
#3227 = CARTESIAN_POINT('',(7.150634765625,-8.0986328125,0.));
#3228 = PCURVE('',#72,#3229);
#3229 = DEFINITIONAL_REPRESENTATION('',(#3230),#3237);
#3230 = B_SPLINE_CURVE_WITH_KNOTS('',5,(#3231,#3232,#3233,#3234,#3235,
    #3236),.UNSPECIFIED.,.F.,.F.,(6,6),(0.,1.),
  .PIECEWISE_BEZIER_KNOTS.);
#3231 = CARTESIAN_POINT('',(24.470703125,1.834716796875));
#3232 = CARTESIAN_POINT('',(24.400339705443,1.834716796875));
#3233 = CARTESIAN_POINT('',(24.332987239476,1.841281615066));
#3234 = CARTESIAN_POINT('',(24.268826700995,1.854552992399));
#3235 = CARTESIAN_POINT('',(24.208006852939,1.874593546753));
#3236 = CARTESIAN_POINT('',(24.150634765625,1.9013671875));
#3237 = ( GEOMETRIC_REPRESENTATION_CONTEXT(2) 
PARAMETRIC_REPRESENTATION_CONTEXT() REPRESENTATION_CONTEXT('2D SPACE',''
  ) );
#3238 = PCURVE('',#3239,#3246);
#3239 = SURFACE_OF_LINEAR_EXTRUSION('',#3240,#3244);
#3240 = B_SPLINE_CURVE_WITH_KNOTS('',2,(#3241,#3242,#3243),
  .UNSPECIFIED.,.F.,.F.,(3,3),(0.,1.),.PIECEWISE_BEZIER_KNOTS.);
#3241 = CARTESIAN_POINT('',(7.150634765625,-8.0986328125,0.2));
#3242 = CARTESIAN_POINT('',(7.29345703125,-8.165283203125,0.2));
#3243 = CARTESIAN_POINT('',(7.470703125,-8.165283203125,0.2));
#3244 = VECTOR('',#3245,1.);
#3245 = DIRECTION('',(-0.,0.,1.));
#3246 = DEFINITIONAL_REPRESENTATION('',(#3247),#3254);
#3247 = B_SPLINE_CURVE_WITH_KNOTS('',5,(#3248,#3249,#3250,#3251,#3252,
    #3253),.UNSPECIFIED.,.F.,.F.,(6,6),(0.,1.),
  .PIECEWISE_BEZIER_KNOTS.);
#3248 = CARTESIAN_POINT('',(1.,-0.2));
#3249 = CARTESIAN_POINT('',(0.801509251717,-0.2));
#3250 = CARTESIAN_POINT('',(0.601947487466,-0.2));
#3251 = CARTESIAN_POINT('',(0.401618711208,-0.2));
#3252 = CARTESIAN_POINT('',(0.200851341572,-0.2));
#3253 = CARTESIAN_POINT('',(0.,-0.2));
#3254 = ( GEOMETRIC_REPRESENTATION_CONTEXT(2) 
PARAMETRIC_REPRESENTATION_CONTEXT() REPRESENTATION_CONTEXT('2D SPACE',''
  ) );
#3255 = ORIENTED_EDGE('',*,*,#3256,.T.);
#3256 = EDGE_CURVE('',#3218,#3257,#3259,.T.);
#3257 = VERTEX_POINT('',#3258);
#3258 = CARTESIAN_POINT('',(6.927978515625,-7.91552734375,0.));
#3259 = SURFACE_CURVE('',#3260,(#3267,#3277),.PCURVE_S1.);
#3260 = B_SPLINE_CURVE_WITH_KNOTS('',5,(#3261,#3262,#3263,#3264,#3265,
    #3266),.UNSPECIFIED.,.F.,.F.,(6,6),(0.,1.),
  .PIECEWISE_BEZIER_KNOTS.);
#3261 = CARTESIAN_POINT('',(7.150634765625,-8.0986328125,0.));
#3262 = CARTESIAN_POINT('',(7.09387415293,-8.072144526576,0.));
#3263 = CARTESIAN_POINT('',(7.043038902547,-8.040603293887,0.));
#3264 = CARTESIAN_POINT('',(6.998362449971,-8.003956769808,0.));
#3265 = CARTESIAN_POINT('',(6.959993242579,-7.962227725271,0.));
#3266 = CARTESIAN_POINT('',(6.927978515625,-7.91552734375,0.));
#3267 = PCURVE('',#72,#3268);
#3268 = DEFINITIONAL_REPRESENTATION('',(#3269),#3276);
#3269 = B_SPLINE_CURVE_WITH_KNOTS('',5,(#3270,#3271,#3272,#3273,#3274,
    #3275),.UNSPECIFIED.,.F.,.F.,(6,6),(0.,1.),
  .PIECEWISE_BEZIER_KNOTS.);
#3270 = CARTESIAN_POINT('',(24.150634765625,1.9013671875));
#3271 = CARTESIAN_POINT('',(24.09387415293,1.927855473424));
#3272 = CARTESIAN_POINT('',(24.043038902547,1.959396706113));
#3273 = CARTESIAN_POINT('',(23.998362449971,1.996043230192));
#3274 = CARTESIAN_POINT('',(23.959993242579,2.037772274729));
#3275 = CARTESIAN_POINT('',(23.927978515625,2.08447265625));
#3276 = ( GEOMETRIC_REPRESENTATION_CONTEXT(2) 
PARAMETRIC_REPRESENTATION_CONTEXT() REPRESENTATION_CONTEXT('2D SPACE',''
  ) );
#3277 = PCURVE('',#3278,#3285);
#3278 = SURFACE_OF_LINEAR_EXTRUSION('',#3279,#3283);
#3279 = B_SPLINE_CURVE_WITH_KNOTS('',2,(#3280,#3281,#3282),
  .UNSPECIFIED.,.F.,.F.,(3,3),(0.,1.),.PIECEWISE_BEZIER_KNOTS.);
#3280 = CARTESIAN_POINT('',(6.927978515625,-7.91552734375,0.2));
#3281 = CARTESIAN_POINT('',(7.0078125,-8.031982421875,0.2));
#3282 = CARTESIAN_POINT('',(7.150634765625,-8.0986328125,0.2));
#3283 = VECTOR('',#3284,1.);
#3284 = DIRECTION('',(-0.,0.,1.));
#3285 = DEFINITIONAL_REPRESENTATION('',(#3286),#3293);
#3286 = B_SPLINE_CURVE_WITH_KNOTS('',5,(#3287,#3288,#3289,#3290,#3291,
    #3292),.UNSPECIFIED.,.F.,.F.,(6,6),(0.,1.),
  .PIECEWISE_BEZIER_KNOTS.);
#3287 = CARTESIAN_POINT('',(1.,-0.2));
#3288 = CARTESIAN_POINT('',(0.801289342224,-0.2));
#3289 = CARTESIAN_POINT('',(0.601554691424,-0.2));
#3290 = CARTESIAN_POINT('',(0.401164219318,-0.2));
#3291 = CARTESIAN_POINT('',(0.200508137011,-0.2));
#3292 = CARTESIAN_POINT('',(0.,-0.2));
#3293 = ( GEOMETRIC_REPRESENTATION_CONTEXT(2) 
PARAMETRIC_REPRESENTATION_CONTEXT() REPRESENTATION_CONTEXT('2D SPACE',''
  ) );
#3294 = ORIENTED_EDGE('',*,*,#3295,.T.);
#3295 = EDGE_CURVE('',#3257,#3296,#3298,.T.);
#3296 = VERTEX_POINT('',#3297);
#3297 = CARTESIAN_POINT('',(6.80859375,-7.604248046875,0.));
#3298 = SURFACE_CURVE('',#3299,(#3306,#3316),.PCURVE_S1.);
#3299 = B_SPLINE_CURVE_WITH_KNOTS('',5,(#3300,#3301,#3302,#3303,#3304,
    #3305),.UNSPECIFIED.,.F.,.F.,(6,6),(0.,1.),
  .PIECEWISE_BEZIER_KNOTS.);
#3300 = CARTESIAN_POINT('',(6.927978515625,-7.91552734375,0.));
#3301 = CARTESIAN_POINT('',(6.895547893017,-7.868220288753,0.));
#3302 = CARTESIAN_POINT('',(6.867451748844,-7.813092604489,0.));
#3303 = CARTESIAN_POINT('',(6.843674488298,-7.750435846963,0.));
#3304 = CARTESIAN_POINT('',(6.824107297722,-7.680666633802,0.));
#3305 = CARTESIAN_POINT('',(6.80859375,-7.604248046875,0.));
#3306 = PCURVE('',#72,#3307);
#3307 = DEFINITIONAL_REPRESENTATION('',(#3308),#3315);
#3308 = B_SPLINE_CURVE_WITH_KNOTS('',5,(#3309,#3310,#3311,#3312,#3313,
    #3314),.UNSPECIFIED.,.F.,.F.,(6,6),(0.,1.),
  .PIECEWISE_BEZIER_KNOTS.);
#3309 = CARTESIAN_POINT('',(23.927978515625,2.08447265625));
#3310 = CARTESIAN_POINT('',(23.895547893017,2.131779711247));
#3311 = CARTESIAN_POINT('',(23.867451748844,2.186907395511));
#3312 = CARTESIAN_POINT('',(23.843674488298,2.249564153037));
#3313 = CARTESIAN_POINT('',(23.824107297722,2.319333366198));
#3314 = CARTESIAN_POINT('',(23.80859375,2.395751953125));
#3315 = ( GEOMETRIC_REPRESENTATION_CONTEXT(2) 
PARAMETRIC_REPRESENTATION_CONTEXT() REPRESENTATION_CONTEXT('2D SPACE',''
  ) );
#3316 = PCURVE('',#3317,#3324);
#3317 = SURFACE_OF_LINEAR_EXTRUSION('',#3318,#3322);
#3318 = B_SPLINE_CURVE_WITH_KNOTS('',2,(#3319,#3320,#3321),
  .UNSPECIFIED.,.F.,.F.,(3,3),(0.,1.),.PIECEWISE_BEZIER_KNOTS.);
#3319 = CARTESIAN_POINT('',(6.80859375,-7.604248046875,0.2));
#3320 = CARTESIAN_POINT('',(6.84814453125,-7.799072265625,0.2));
#3321 = CARTESIAN_POINT('',(6.927978515625,-7.91552734375,0.2));
#3322 = VECTOR('',#3323,1.);
#3323 = DIRECTION('',(-0.,0.,1.));
#3324 = DEFINITIONAL_REPRESENTATION('',(#3325),#3332);
#3325 = B_SPLINE_CURVE_WITH_KNOTS('',5,(#3326,#3327,#3328,#3329,#3330,
    #3331),.UNSPECIFIED.,.F.,.F.,(6,6),(0.,1.),
  .PIECEWISE_BEZIER_KNOTS.);
#3326 = CARTESIAN_POINT('',(1.,-0.2));
#3327 = CARTESIAN_POINT('',(0.796887109781,-0.2));
#3328 = CARTESIAN_POINT('',(0.594899996806,-0.2));
#3329 = CARTESIAN_POINT('',(0.394519248493,-0.2));
#3330 = CARTESIAN_POINT('',(0.196121887251,-0.2));
#3331 = CARTESIAN_POINT('',(0.,-0.2));
#3332 = ( GEOMETRIC_REPRESENTATION_CONTEXT(2) 
PARAMETRIC_REPRESENTATION_CONTEXT() REPRESENTATION_CONTEXT('2D SPACE',''
  ) );
#3333 = ORIENTED_EDGE('',*,*,#3334,.F.);
#3334 = EDGE_CURVE('',#3335,#3296,#3337,.T.);
#3335 = VERTEX_POINT('',#3336);
#3336 = CARTESIAN_POINT('',(7.18798828125,-7.539794921875,0.));
#3337 = SURFACE_CURVE('',#3338,(#3342,#3348),.PCURVE_S1.);
#3338 = LINE('',#3339,#3340);
#3339 = CARTESIAN_POINT('',(-4.769869485422,-9.571245662159,
    -2.22044604925E-17));
#3340 = VECTOR('',#3341,1.);
#3341 = DIRECTION('',(-0.985874708123,-0.167484506399,0.));
#3342 = PCURVE('',#72,#3343);
#3343 = DEFINITIONAL_REPRESENTATION('',(#3344),#3347);
#3344 = B_SPLINE_CURVE_WITH_KNOTS('',1,(#3345,#3346),.UNSPECIFIED.,.F.,
  .F.,(2,2),(-12.12918606,-11.74435568741),.PIECEWISE_BEZIER_KNOTS.);
#3345 = CARTESIAN_POINT('',(24.18798828125,2.460205078125));
#3346 = CARTESIAN_POINT('',(23.80859375,2.395751953125));
#3347 = ( GEOMETRIC_REPRESENTATION_CONTEXT(2) 
PARAMETRIC_REPRESENTATION_CONTEXT() REPRESENTATION_CONTEXT('2D SPACE',''
  ) );
#3348 = PCURVE('',#3349,#3354);
#3349 = PLANE('',#3350);
#3350 = AXIS2_PLACEMENT_3D('',#3351,#3352,#3353);
#3351 = CARTESIAN_POINT('',(7.18798828125,-7.539794921875,0.2));
#3352 = DIRECTION('',(-0.167484506399,0.985874708123,-0.));
#3353 = DIRECTION('',(-0.985874708123,-0.167484506399,0.));
#3354 = DEFINITIONAL_REPRESENTATION('',(#3355),#3358);
#3355 = B_SPLINE_CURVE_WITH_KNOTS('',1,(#3356,#3357),.UNSPECIFIED.,.F.,
  .F.,(2,2),(-12.12918606,-11.74435568741),.PIECEWISE_BEZIER_KNOTS.);
#3356 = CARTESIAN_POINT('',(0.,-0.2));
#3357 = CARTESIAN_POINT('',(0.384830372586,-0.2));
#3358 = ( GEOMETRIC_REPRESENTATION_CONTEXT(2) 
PARAMETRIC_REPRESENTATION_CONTEXT() REPRESENTATION_CONTEXT('2D SPACE',''
  ) );
#3359 = ORIENTED_EDGE('',*,*,#3360,.T.);
#3360 = EDGE_CURVE('',#3335,#3361,#3363,.T.);
#3361 = VERTEX_POINT('',#3362);
#3362 = CARTESIAN_POINT('',(7.27880859375,-7.753662109375,0.));
#3363 = SURFACE_CURVE('',#3364,(#3371,#3381),.PCURVE_S1.);
#3364 = B_SPLINE_CURVE_WITH_KNOTS('',5,(#3365,#3366,#3367,#3368,#3369,
    #3370),.UNSPECIFIED.,.F.,.F.,(6,6),(0.,1.),
  .PIECEWISE_BEZIER_KNOTS.);
#3365 = CARTESIAN_POINT('',(7.18798828125,-7.539794921875,0.));
#3366 = CARTESIAN_POINT('',(7.194362971074,-7.595428578523,0.));
#3367 = CARTESIAN_POINT('',(7.206519359923,-7.644907491582,0.));
#3368 = CARTESIAN_POINT('',(7.224623569328,-7.687903444917,0.));
#3369 = CARTESIAN_POINT('',(7.248742787688,-7.724185828922,0.));
#3370 = CARTESIAN_POINT('',(7.27880859375,-7.753662109375,0.));
#3371 = PCURVE('',#72,#3372);
#3372 = DEFINITIONAL_REPRESENTATION('',(#3373),#3380);
#3373 = B_SPLINE_CURVE_WITH_KNOTS('',5,(#3374,#3375,#3376,#3377,#3378,
    #3379),.UNSPECIFIED.,.F.,.F.,(6,6),(0.,1.),
  .PIECEWISE_BEZIER_KNOTS.);
#3374 = CARTESIAN_POINT('',(24.18798828125,2.460205078125));
#3375 = CARTESIAN_POINT('',(24.194362971074,2.404571421477));
#3376 = CARTESIAN_POINT('',(24.206519359923,2.355092508418));
#3377 = CARTESIAN_POINT('',(24.224623569328,2.312096555083));
#3378 = CARTESIAN_POINT('',(24.248742787688,2.275814171078));
#3379 = CARTESIAN_POINT('',(24.27880859375,2.246337890625));
#3380 = ( GEOMETRIC_REPRESENTATION_CONTEXT(2) 
PARAMETRIC_REPRESENTATION_CONTEXT() REPRESENTATION_CONTEXT('2D SPACE',''
  ) );
#3381 = PCURVE('',#3382,#3389);
#3382 = SURFACE_OF_LINEAR_EXTRUSION('',#3383,#3387);
#3383 = B_SPLINE_CURVE_WITH_KNOTS('',2,(#3384,#3385,#3386),
  .UNSPECIFIED.,.F.,.F.,(3,3),(0.,1.),.PIECEWISE_BEZIER_KNOTS.);
#3384 = CARTESIAN_POINT('',(7.27880859375,-7.753662109375,0.2));
#3385 = CARTESIAN_POINT('',(7.2041015625,-7.680419921875,0.2));
#3386 = CARTESIAN_POINT('',(7.18798828125,-7.539794921875,0.2));
#3387 = VECTOR('',#3388,1.);
#3388 = DIRECTION('',(-0.,0.,1.));
#3389 = DEFINITIONAL_REPRESENTATION('',(#3390),#3397);
#3390 = B_SPLINE_CURVE_WITH_KNOTS('',5,(#3391,#3392,#3393,#3394,#3395,
    #3396),.UNSPECIFIED.,.F.,.F.,(6,6),(0.,1.),
  .PIECEWISE_BEZIER_KNOTS.);
#3391 = CARTESIAN_POINT('',(1.,-0.2));
#3392 = CARTESIAN_POINT('',(0.802191443028,-0.2));
#3393 = CARTESIAN_POINT('',(0.60283028187,-0.2));
#3394 = CARTESIAN_POINT('',(0.402347467906,-0.2));
#3395 = CARTESIAN_POINT('',(0.201224741226,-0.2));
#3396 = CARTESIAN_POINT('',(0.,-0.2));
#3397 = ( GEOMETRIC_REPRESENTATION_CONTEXT(2) 
PARAMETRIC_REPRESENTATION_CONTEXT() REPRESENTATION_CONTEXT('2D SPACE',''
  ) );
#3398 = ORIENTED_EDGE('',*,*,#3399,.T.);
#3399 = EDGE_CURVE('',#3361,#3400,#3402,.T.);
#3400 = VERTEX_POINT('',#3401);
#3401 = CARTESIAN_POINT('',(7.458984375,-7.826904296875,0.));
#3402 = SURFACE_CURVE('',#3403,(#3412,#3424),.PCURVE_S1.);
#3403 = B_SPLINE_CURVE_WITH_KNOTS('',4,(#3404,#3405,#3406,#3407,#3408,
    #3409,#3410,#3411),.UNSPECIFIED.,.F.,.F.,(5,3,5),(0.,0.483973436872,
    1.),.UNSPECIFIED.);
#3404 = CARTESIAN_POINT('',(7.27880859375,-7.753662109375,0.));
#3405 = CARTESIAN_POINT('',(7.296853309855,-7.771353007518,0.));
#3406 = CARTESIAN_POINT('',(7.316128644743,-7.786228737518,0.));
#3407 = CARTESIAN_POINT('',(7.336628149741,-7.798248449699,0.));
#3408 = CARTESIAN_POINT('',(7.381471452685,-7.817164106228,0.));
#3409 = CARTESIAN_POINT('',(7.405980032195,-7.823668015665,0.));
#3410 = CARTESIAN_POINT('',(7.431831567231,-7.826904296875,0.));
#3411 = CARTESIAN_POINT('',(7.458984375,-7.826904296875,0.));
#3412 = PCURVE('',#72,#3413);
#3413 = DEFINITIONAL_REPRESENTATION('',(#3414),#3423);
#3414 = B_SPLINE_CURVE_WITH_KNOTS('',4,(#3415,#3416,#3417,#3418,#3419,
    #3420,#3421,#3422),.UNSPECIFIED.,.F.,.F.,(5,3,5),(0.,0.483973436872,
    1.),.UNSPECIFIED.);
#3415 = CARTESIAN_POINT('',(24.27880859375,2.246337890625));
#3416 = CARTESIAN_POINT('',(24.296853309855,2.228646992482));
#3417 = CARTESIAN_POINT('',(24.316128644743,2.213771262482));
#3418 = CARTESIAN_POINT('',(24.336628149741,2.201751550301));
#3419 = CARTESIAN_POINT('',(24.381471452685,2.182835893772));
#3420 = CARTESIAN_POINT('',(24.405980032195,2.176331984335));
#3421 = CARTESIAN_POINT('',(24.431831567231,2.173095703125));
#3422 = CARTESIAN_POINT('',(24.458984375,2.173095703125));
#3423 = ( GEOMETRIC_REPRESENTATION_CONTEXT(2) 
PARAMETRIC_REPRESENTATION_CONTEXT() REPRESENTATION_CONTEXT('2D SPACE',''
  ) );
#3424 = PCURVE('',#3425,#3432);
#3425 = SURFACE_OF_LINEAR_EXTRUSION('',#3426,#3430);
#3426 = B_SPLINE_CURVE_WITH_KNOTS('',2,(#3427,#3428,#3429),
  .UNSPECIFIED.,.F.,.F.,(3,3),(0.,1.),.PIECEWISE_BEZIER_KNOTS.);
#3427 = CARTESIAN_POINT('',(7.458984375,-7.826904296875,0.2));
#3428 = CARTESIAN_POINT('',(7.353515625,-7.826904296875,0.2));
#3429 = CARTESIAN_POINT('',(7.27880859375,-7.753662109375,0.2));
#3430 = VECTOR('',#3431,1.);
#3431 = DIRECTION('',(-0.,0.,1.));
#3432 = DEFINITIONAL_REPRESENTATION('',(#3433),#3442);
#3433 = B_SPLINE_CURVE_WITH_KNOTS('',4,(#3434,#3435,#3436,#3437,#3438,
    #3439,#3440,#3441),.UNSPECIFIED.,.F.,.F.,(5,3,5),(0.,0.483973436872,
    1.),.UNSPECIFIED.);
#3434 = CARTESIAN_POINT('',(1.,-0.2));
#3435 = CARTESIAN_POINT('',(0.879230135347,-0.2));
#3436 = CARTESIAN_POINT('',(0.758231538665,-0.2));
#3437 = CARTESIAN_POINT('',(0.637116117682,-0.2));
#3438 = CARTESIAN_POINT('',(0.386862470572,-0.2));
#3439 = CARTESIAN_POINT('',(0.257723642849,-0.2));
#3440 = CARTESIAN_POINT('',(0.128724422018,-0.2));
#3441 = CARTESIAN_POINT('',(0.,-0.2));
#3442 = ( GEOMETRIC_REPRESENTATION_CONTEXT(2) 
PARAMETRIC_REPRESENTATION_CONTEXT() REPRESENTATION_CONTEXT('2D SPACE',''
  ) );
#3443 = ORIENTED_EDGE('',*,*,#3444,.T.);
#3444 = EDGE_CURVE('',#3400,#3445,#3447,.T.);
#3445 = VERTEX_POINT('',#3446);
#3446 = CARTESIAN_POINT('',(7.63037109375,-7.762451171875,0.));
#3447 = SURFACE_CURVE('',#3448,(#3457,#3469),.PCURVE_S1.);
#3448 = B_SPLINE_CURVE_WITH_KNOTS('',4,(#3449,#3450,#3451,#3452,#3453,
    #3454,#3455,#3456),.UNSPECIFIED.,.F.,.F.,(5,3,5),(0.,0.764361351676,
    1.),.UNSPECIFIED.);
#3449 = CARTESIAN_POINT('',(7.458984375,-7.826904296875,0.));
#3450 = CARTESIAN_POINT('',(7.499651896716,-7.826904296875,0.));
#3451 = CARTESIAN_POINT('',(7.536403161448,-7.820689950762,0.));
#3452 = CARTESIAN_POINT('',(7.569069086793,-7.808135663597,0.));
#3453 = CARTESIAN_POINT('',(7.606373615217,-7.783471415554,0.));
#3454 = CARTESIAN_POINT('',(7.614769473132,-7.777061023426,0.));
#3455 = CARTESIAN_POINT('',(7.622768917705,-7.77005334792,0.));
#3456 = CARTESIAN_POINT('',(7.63037109375,-7.762451171875,0.));
#3457 = PCURVE('',#72,#3458);
#3458 = DEFINITIONAL_REPRESENTATION('',(#3459),#3468);
#3459 = B_SPLINE_CURVE_WITH_KNOTS('',4,(#3460,#3461,#3462,#3463,#3464,
    #3465,#3466,#3467),.UNSPECIFIED.,.F.,.F.,(5,3,5),(0.,0.764361351676,
    1.),.UNSPECIFIED.);
#3460 = CARTESIAN_POINT('',(24.458984375,2.173095703125));
#3461 = CARTESIAN_POINT('',(24.499651896716,2.173095703125));
#3462 = CARTESIAN_POINT('',(24.536403161448,2.179310049238));
#3463 = CARTESIAN_POINT('',(24.569069086793,2.191864336403));
#3464 = CARTESIAN_POINT('',(24.606373615217,2.216528584446));
#3465 = CARTESIAN_POINT('',(24.614769473132,2.222938976574));
#3466 = CARTESIAN_POINT('',(24.622768917705,2.22994665208));
#3467 = CARTESIAN_POINT('',(24.63037109375,2.237548828125));
#3468 = ( GEOMETRIC_REPRESENTATION_CONTEXT(2) 
PARAMETRIC_REPRESENTATION_CONTEXT() REPRESENTATION_CONTEXT('2D SPACE',''
  ) );
#3469 = PCURVE('',#3470,#3477);
#3470 = SURFACE_OF_LINEAR_EXTRUSION('',#3471,#3475);
#3471 = B_SPLINE_CURVE_WITH_KNOTS('',2,(#3472,#3473,#3474),
  .UNSPECIFIED.,.F.,.F.,(3,3),(0.,1.),.PIECEWISE_BEZIER_KNOTS.);
#3472 = CARTESIAN_POINT('',(7.63037109375,-7.762451171875,0.2));
#3473 = CARTESIAN_POINT('',(7.56591796875,-7.826904296875,0.2));
#3474 = CARTESIAN_POINT('',(7.458984375,-7.826904296875,0.2));
#3475 = VECTOR('',#3476,1.);
#3476 = DIRECTION('',(-0.,0.,1.));
#3477 = DEFINITIONAL_REPRESENTATION('',(#3478),#3487);
#3478 = B_SPLINE_CURVE_WITH_KNOTS('',4,(#3479,#3480,#3481,#3482,#3483,
    #3484,#3485,#3486),.UNSPECIFIED.,.F.,.F.,(5,3,5),(0.,0.764361351676,
    1.),.UNSPECIFIED.);
#3479 = CARTESIAN_POINT('',(1.,-0.2));
#3480 = CARTESIAN_POINT('',(0.809846839101,-0.2));
#3481 = CARTESIAN_POINT('',(0.618854082153,-0.2));
#3482 = CARTESIAN_POINT('',(0.427425268952,-0.2));
#3483 = CARTESIAN_POINT('',(0.176987084797,-0.2));
#3484 = CARTESIAN_POINT('',(0.117974343112,-0.2));
#3485 = CARTESIAN_POINT('',(5.897445659323E-02,-0.2));
#3486 = CARTESIAN_POINT('',(0.,-0.2));
#3487 = ( GEOMETRIC_REPRESENTATION_CONTEXT(2) 
PARAMETRIC_REPRESENTATION_CONTEXT() REPRESENTATION_CONTEXT('2D SPACE',''
  ) );
#3488 = ORIENTED_EDGE('',*,*,#3489,.T.);
#3489 = EDGE_CURVE('',#3445,#3490,#3492,.T.);
#3490 = VERTEX_POINT('',#3491);
#3491 = CARTESIAN_POINT('',(7.69482421875,-7.589599609375,0.));
#3492 = SURFACE_CURVE('',#3493,(#3502,#3514),.PCURVE_S1.);
#3493 = B_SPLINE_CURVE_WITH_KNOTS('',4,(#3494,#3495,#3496,#3497,#3498,
    #3499,#3500,#3501),.UNSPECIFIED.,.F.,.F.,(5,3,5),(0.,0.2156261719,1.
    ),.UNSPECIFIED.);
#3494 = CARTESIAN_POINT('',(7.63037109375,-7.762451171875,0.));
#3495 = CARTESIAN_POINT('',(7.637329458843,-7.755492806782,0.));
#3496 = CARTESIAN_POINT('',(7.643789570183,-7.748190412395,0.));
#3497 = CARTESIAN_POINT('',(7.649749326336,-7.740544691966,0.));
#3498 = CARTESIAN_POINT('',(7.675063472416,-7.703501032001,0.));
#3499 = CARTESIAN_POINT('',(7.688284706926,-7.669920677448,0.));
#3500 = CARTESIAN_POINT('',(7.69482421875,-7.631889192341,0.));
#3501 = CARTESIAN_POINT('',(7.69482421875,-7.589599609375,0.));
#3502 = PCURVE('',#72,#3503);
#3503 = DEFINITIONAL_REPRESENTATION('',(#3504),#3513);
#3504 = B_SPLINE_CURVE_WITH_KNOTS('',4,(#3505,#3506,#3507,#3508,#3509,
    #3510,#3511,#3512),.UNSPECIFIED.,.F.,.F.,(5,3,5),(0.,0.2156261719,1.
    ),.UNSPECIFIED.);
#3505 = CARTESIAN_POINT('',(24.63037109375,2.237548828125));
#3506 = CARTESIAN_POINT('',(24.637329458843,2.244507193218));
#3507 = CARTESIAN_POINT('',(24.643789570183,2.251809587605));
#3508 = CARTESIAN_POINT('',(24.649749326336,2.259455308034));
#3509 = CARTESIAN_POINT('',(24.675063472416,2.296498967999));
#3510 = CARTESIAN_POINT('',(24.688284706926,2.330079322552));
#3511 = CARTESIAN_POINT('',(24.69482421875,2.368110807659));
#3512 = CARTESIAN_POINT('',(24.69482421875,2.410400390625));
#3513 = ( GEOMETRIC_REPRESENTATION_CONTEXT(2) 
PARAMETRIC_REPRESENTATION_CONTEXT() REPRESENTATION_CONTEXT('2D SPACE',''
  ) );
#3514 = PCURVE('',#3515,#3522);
#3515 = SURFACE_OF_LINEAR_EXTRUSION('',#3516,#3520);
#3516 = B_SPLINE_CURVE_WITH_KNOTS('',2,(#3517,#3518,#3519),
  .UNSPECIFIED.,.F.,.F.,(3,3),(0.,1.),.PIECEWISE_BEZIER_KNOTS.);
#3517 = CARTESIAN_POINT('',(7.69482421875,-7.589599609375,0.2));
#3518 = CARTESIAN_POINT('',(7.69482421875,-7.697998046875,0.2));
#3519 = CARTESIAN_POINT('',(7.63037109375,-7.762451171875,0.2));
#3520 = VECTOR('',#3521,1.);
#3521 = DIRECTION('',(-0.,0.,1.));
#3522 = DEFINITIONAL_REPRESENTATION('',(#3523),#3532);
#3523 = B_SPLINE_CURVE_WITH_KNOTS('',4,(#3524,#3525,#3526,#3527,#3528,
    #3529,#3530,#3531),.UNSPECIFIED.,.F.,.F.,(5,3,5),(0.,0.2156261719,1.
    ),.UNSPECIFIED.);
#3524 = CARTESIAN_POINT('',(1.,-0.2));
#3525 = CARTESIAN_POINT('',(0.946019955641,-0.2));
#3526 = CARTESIAN_POINT('',(0.892020027114,-0.2));
#3527 = CARTESIAN_POINT('',(0.838010067179,-0.2));
#3528 = CARTESIAN_POINT('',(0.587529957537,-0.2));
#3529 = CARTESIAN_POINT('',(0.391056495323,-0.2));
#3530 = CARTESIAN_POINT('',(0.195065463773,-0.2));
#3531 = CARTESIAN_POINT('',(0.,-0.2));
#3532 = ( GEOMETRIC_REPRESENTATION_CONTEXT(2) 
PARAMETRIC_REPRESENTATION_CONTEXT() REPRESENTATION_CONTEXT('2D SPACE',''
  ) );
#3533 = ORIENTED_EDGE('',*,*,#3534,.T.);
#3534 = EDGE_CURVE('',#3490,#3535,#3537,.T.);
#3535 = VERTEX_POINT('',#3536);
#3536 = CARTESIAN_POINT('',(7.60693359375,-7.38525390625,0.));
#3537 = SURFACE_CURVE('',#3538,(#3547,#3559),.PCURVE_S1.);
#3538 = B_SPLINE_CURVE_WITH_KNOTS('',4,(#3539,#3540,#3541,#3542,#3543,
    #3544,#3545,#3546),.UNSPECIFIED.,.F.,.F.,(5,3,5),(0.,0.627383912213,
    1.),.UNSPECIFIED.);
#3539 = CARTESIAN_POINT('',(7.69482421875,-7.589599609375,0.));
#3540 = CARTESIAN_POINT('',(7.69482421875,-7.549849366166,0.));
#3541 = CARTESIAN_POINT('',(7.689124178068,-7.513176175329,0.));
#3542 = CARTESIAN_POINT('',(7.677592196124,-7.479751490638,0.));
#3543 = CARTESIAN_POINT('',(7.649984967835,-7.431781179568,0.));
#3544 = CARTESIAN_POINT('',(7.637656319571,-7.415080688362,0.));
#3545 = CARTESIAN_POINT('',(7.623295470981,-7.399570548827,0.));
#3546 = CARTESIAN_POINT('',(7.60693359375,-7.38525390625,0.));
#3547 = PCURVE('',#72,#3548);
#3548 = DEFINITIONAL_REPRESENTATION('',(#3549),#3558);
#3549 = B_SPLINE_CURVE_WITH_KNOTS('',4,(#3550,#3551,#3552,#3553,#3554,
    #3555,#3556,#3557),.UNSPECIFIED.,.F.,.F.,(5,3,5),(0.,0.627383912213,
    1.),.UNSPECIFIED.);
#3550 = CARTESIAN_POINT('',(24.69482421875,2.410400390625));
#3551 = CARTESIAN_POINT('',(24.69482421875,2.450150633834));
#3552 = CARTESIAN_POINT('',(24.689124178068,2.486823824671));
#3553 = CARTESIAN_POINT('',(24.677592196124,2.520248509362));
#3554 = CARTESIAN_POINT('',(24.649984967835,2.568218820432));
#3555 = CARTESIAN_POINT('',(24.637656319571,2.584919311638));
#3556 = CARTESIAN_POINT('',(24.623295470981,2.600429451173));
#3557 = CARTESIAN_POINT('',(24.60693359375,2.61474609375));
#3558 = ( GEOMETRIC_REPRESENTATION_CONTEXT(2) 
PARAMETRIC_REPRESENTATION_CONTEXT() REPRESENTATION_CONTEXT('2D SPACE',''
  ) );
#3559 = PCURVE('',#3560,#3567);
#3560 = SURFACE_OF_LINEAR_EXTRUSION('',#3561,#3565);
#3561 = B_SPLINE_CURVE_WITH_KNOTS('',2,(#3562,#3563,#3564),
  .UNSPECIFIED.,.F.,.F.,(3,3),(0.,1.),.PIECEWISE_BEZIER_KNOTS.);
#3562 = CARTESIAN_POINT('',(7.60693359375,-7.38525390625,0.2));
#3563 = CARTESIAN_POINT('',(7.69482421875,-7.462158203125,0.2));
#3564 = CARTESIAN_POINT('',(7.69482421875,-7.589599609375,0.2));
#3565 = VECTOR('',#3566,1.);
#3566 = DIRECTION('',(-0.,0.,1.));
#3567 = DEFINITIONAL_REPRESENTATION('',(#3568),#3577);
#3568 = B_SPLINE_CURVE_WITH_KNOTS('',4,(#3569,#3570,#3571,#3572,#3573,
    #3574,#3575,#3576),.UNSPECIFIED.,.F.,.F.,(5,3,5),(0.,0.627383912213,
    1.),.UNSPECIFIED.);
#3569 = CARTESIAN_POINT('',(1.,-0.2));
#3570 = CARTESIAN_POINT('',(0.844045022813,-0.2));
#3571 = CARTESIAN_POINT('',(0.687303523309,-0.2));
#3572 = CARTESIAN_POINT('',(0.530150618739,-0.2));
#3573 = CARTESIAN_POINT('',(0.279665045743,-0.2));
#3574 = CARTESIAN_POINT('',(0.186330137342,-0.2));
#3575 = CARTESIAN_POINT('',(9.308090158114E-02,-0.2));
#3576 = CARTESIAN_POINT('',(0.,-0.2));
#3577 = ( GEOMETRIC_REPRESENTATION_CONTEXT(2) 
PARAMETRIC_REPRESENTATION_CONTEXT() REPRESENTATION_CONTEXT('2D SPACE',''
  ) );
#3578 = ORIENTED_EDGE('',*,*,#3579,.T.);
#3579 = EDGE_CURVE('',#3535,#3580,#3582,.T.);
#3580 = VERTEX_POINT('',#3581);
#3581 = CARTESIAN_POINT('',(7.35205078125,-7.312744140625,0.));
#3582 = SURFACE_CURVE('',#3583,(#3590,#3600),.PCURVE_S1.);
#3583 = B_SPLINE_CURVE_WITH_KNOTS('',5,(#3584,#3585,#3586,#3587,#3588,
    #3589),.UNSPECIFIED.,.F.,.F.,(6,6),(0.,1.),
  .PIECEWISE_BEZIER_KNOTS.);
#3584 = CARTESIAN_POINT('',(7.60693359375,-7.38525390625,0.));
#3585 = CARTESIAN_POINT('',(7.571447852544,-7.354203882695,0.));
#3586 = CARTESIAN_POINT('',(7.5279242023,-7.331455391976,0.));
#3587 = CARTESIAN_POINT('',(7.476537170335,-7.317124628232,0.));
#3588 = CARTESIAN_POINT('',(7.417719690211,-7.311016011442,0.));
#3589 = CARTESIAN_POINT('',(7.35205078125,-7.312744140625,0.));
#3590 = PCURVE('',#72,#3591);
#3591 = DEFINITIONAL_REPRESENTATION('',(#3592),#3599);
#3592 = B_SPLINE_CURVE_WITH_KNOTS('',5,(#3593,#3594,#3595,#3596,#3597,
    #3598),.UNSPECIFIED.,.F.,.F.,(6,6),(0.,1.),
  .PIECEWISE_BEZIER_KNOTS.);
#3593 = CARTESIAN_POINT('',(24.60693359375,2.61474609375));
#3594 = CARTESIAN_POINT('',(24.571447852544,2.645796117305));
#3595 = CARTESIAN_POINT('',(24.5279242023,2.668544608024));
#3596 = CARTESIAN_POINT('',(24.476537170335,2.682875371768));
#3597 = CARTESIAN_POINT('',(24.417719690211,2.688983988558));
#3598 = CARTESIAN_POINT('',(24.35205078125,2.687255859375));
#3599 = ( GEOMETRIC_REPRESENTATION_CONTEXT(2) 
PARAMETRIC_REPRESENTATION_CONTEXT() REPRESENTATION_CONTEXT('2D SPACE',''
  ) );
#3600 = PCURVE('',#3601,#3608);
#3601 = SURFACE_OF_LINEAR_EXTRUSION('',#3602,#3606);
#3602 = B_SPLINE_CURVE_WITH_KNOTS('',2,(#3603,#3604,#3605),
  .UNSPECIFIED.,.F.,.F.,(3,3),(0.,1.),.PIECEWISE_BEZIER_KNOTS.);
#3603 = CARTESIAN_POINT('',(7.35205078125,-7.312744140625,0.2));
#3604 = CARTESIAN_POINT('',(7.51904296875,-7.308349609375,0.2));
#3605 = CARTESIAN_POINT('',(7.60693359375,-7.38525390625,0.2));
#3606 = VECTOR('',#3607,1.);
#3607 = DIRECTION('',(-0.,0.,1.));
#3608 = DEFINITIONAL_REPRESENTATION('',(#3609),#3616);
#3609 = B_SPLINE_CURVE_WITH_KNOTS('',5,(#3610,#3611,#3612,#3613,#3614,
    #3615),.UNSPECIFIED.,.F.,.F.,(6,6),(0.,1.),
  .PIECEWISE_BEZIER_KNOTS.);
#3610 = CARTESIAN_POINT('',(1.,-0.2));
#3611 = CARTESIAN_POINT('',(0.798125561141,-0.2));
#3612 = CARTESIAN_POINT('',(0.5963717556,-0.2));
#3613 = CARTESIAN_POINT('',(0.395622271275,-0.2));
#3614 = CARTESIAN_POINT('',(0.196622698174,-0.2));
#3615 = CARTESIAN_POINT('',(0.,-0.2));
#3616 = ( GEOMETRIC_REPRESENTATION_CONTEXT(2) 
PARAMETRIC_REPRESENTATION_CONTEXT() REPRESENTATION_CONTEXT('2D SPACE',''
  ) );
#3617 = ORIENTED_EDGE('',*,*,#3618,.F.);
#3618 = EDGE_CURVE('',#3619,#3580,#3621,.T.);
#3619 = VERTEX_POINT('',#3620);
#3620 = CARTESIAN_POINT('',(7.306640625,-6.977294921875,0.));
#3621 = SURFACE_CURVE('',#3622,(#3626,#3632),.PCURVE_S1.);
#3622 = LINE('',#3623,#3624);
#3623 = CARTESIAN_POINT('',(7.288846363633,-6.845846991133,
    -2.22044604925E-17));
#3624 = VECTOR('',#3625,1.);
#3625 = DIRECTION('',(0.134147607842,-0.990961361159,0.));
#3626 = PCURVE('',#72,#3627);
#3627 = DEFINITIONAL_REPRESENTATION('',(#3628),#3631);
#3628 = B_SPLINE_CURVE_WITH_KNOTS('',1,(#3629,#3630),.UNSPECIFIED.,.F.,
  .F.,(2,2),(0.132646877965,0.47115575621),.PIECEWISE_BEZIER_KNOTS.);
#3629 = CARTESIAN_POINT('',(24.306640625,3.022705078125));
#3630 = CARTESIAN_POINT('',(24.35205078125,2.687255859375));
#3631 = ( GEOMETRIC_REPRESENTATION_CONTEXT(2) 
PARAMETRIC_REPRESENTATION_CONTEXT() REPRESENTATION_CONTEXT('2D SPACE',''
  ) );
#3632 = PCURVE('',#3633,#3638);
#3633 = PLANE('',#3634);
#3634 = AXIS2_PLACEMENT_3D('',#3635,#3636,#3637);
#3635 = CARTESIAN_POINT('',(7.306640625,-6.977294921875,0.2));
#3636 = DIRECTION('',(-0.990961361159,-0.134147607842,0.));
#3637 = DIRECTION('',(0.134147607842,-0.990961361159,0.));
#3638 = DEFINITIONAL_REPRESENTATION('',(#3639),#3642);
#3639 = B_SPLINE_CURVE_WITH_KNOTS('',1,(#3640,#3641),.UNSPECIFIED.,.F.,
  .F.,(2,2),(0.132646877965,0.47115575621),.PIECEWISE_BEZIER_KNOTS.);
#3640 = CARTESIAN_POINT('',(0.,-0.2));
#3641 = CARTESIAN_POINT('',(0.338508878245,-0.2));
#3642 = ( GEOMETRIC_REPRESENTATION_CONTEXT(2) 
PARAMETRIC_REPRESENTATION_CONTEXT() REPRESENTATION_CONTEXT('2D SPACE',''
  ) );
#3643 = ORIENTED_EDGE('',*,*,#3644,.T.);
#3644 = EDGE_CURVE('',#3619,#3645,#3647,.T.);
#3645 = VERTEX_POINT('',#3646);
#3646 = CARTESIAN_POINT('',(7.49560546875,-7.008056640625,0.));
#3647 = SURFACE_CURVE('',#3648,(#3654,#3663),.PCURVE_S1.);
#3648 = B_SPLINE_CURVE_WITH_KNOTS('',4,(#3649,#3650,#3651,#3652,#3653),
  .UNSPECIFIED.,.F.,.F.,(5,5),(0.,1.),.PIECEWISE_BEZIER_KNOTS.);
#3649 = CARTESIAN_POINT('',(7.306640625,-6.977294921875,0.));
#3650 = CARTESIAN_POINT('',(7.361184628918,-6.992567242972,0.));
#3651 = CARTESIAN_POINT('',(7.410971127132,-7.002868178311,0.));
#3652 = CARTESIAN_POINT('',(7.455819222474,-7.008056640625,0.));
#3653 = CARTESIAN_POINT('',(7.49560546875,-7.008056640625,0.));
#3654 = PCURVE('',#72,#3655);
#3655 = DEFINITIONAL_REPRESENTATION('',(#3656),#3662);
#3656 = B_SPLINE_CURVE_WITH_KNOTS('',4,(#3657,#3658,#3659,#3660,#3661),
  .UNSPECIFIED.,.F.,.F.,(5,5),(0.,1.),.PIECEWISE_BEZIER_KNOTS.);
#3657 = CARTESIAN_POINT('',(24.306640625,3.022705078125));
#3658 = CARTESIAN_POINT('',(24.361184628918,3.007432757028));
#3659 = CARTESIAN_POINT('',(24.410971127132,2.997131821689));
#3660 = CARTESIAN_POINT('',(24.455819222474,2.991943359375));
#3661 = CARTESIAN_POINT('',(24.49560546875,2.991943359375));
#3662 = ( GEOMETRIC_REPRESENTATION_CONTEXT(2) 
PARAMETRIC_REPRESENTATION_CONTEXT() REPRESENTATION_CONTEXT('2D SPACE',''
  ) );
#3663 = PCURVE('',#3664,#3671);
#3664 = SURFACE_OF_LINEAR_EXTRUSION('',#3665,#3669);
#3665 = B_SPLINE_CURVE_WITH_KNOTS('',2,(#3666,#3667,#3668),
  .UNSPECIFIED.,.F.,.F.,(3,3),(0.,1.),.PIECEWISE_BEZIER_KNOTS.);
#3666 = CARTESIAN_POINT('',(7.49560546875,-7.008056640625,0.2));
#3667 = CARTESIAN_POINT('',(7.41650390625,-7.008056640625,0.2));
#3668 = CARTESIAN_POINT('',(7.306640625,-6.977294921875,0.2));
#3669 = VECTOR('',#3670,1.);
#3670 = DIRECTION('',(-0.,0.,1.));
#3671 = DEFINITIONAL_REPRESENTATION('',(#3672),#3678);
#3672 = B_SPLINE_CURVE_WITH_KNOTS('',4,(#3673,#3674,#3675,#3676,#3677),
  .UNSPECIFIED.,.F.,.F.,(5,5),(0.,1.),.PIECEWISE_BEZIER_KNOTS.);
#3673 = CARTESIAN_POINT('',(1.,-0.2));
#3674 = CARTESIAN_POINT('',(0.751764177723,-0.2));
#3675 = CARTESIAN_POINT('',(0.502176422266,-0.2));
#3676 = CARTESIAN_POINT('',(0.25148837152,-0.2));
#3677 = CARTESIAN_POINT('',(0.,-0.2));
#3678 = ( GEOMETRIC_REPRESENTATION_CONTEXT(2) 
PARAMETRIC_REPRESENTATION_CONTEXT() REPRESENTATION_CONTEXT('2D SPACE',''
  ) );
#3679 = ORIENTED_EDGE('',*,*,#3680,.T.);
#3680 = EDGE_CURVE('',#3645,#3681,#3683,.T.);
#3681 = VERTEX_POINT('',#3682);
#3682 = CARTESIAN_POINT('',(7.69921875,-6.917236328125,0.));
#3683 = SURFACE_CURVE('',#3684,(#3693,#3705),.PCURVE_S1.);
#3684 = B_SPLINE_CURVE_WITH_KNOTS('',4,(#3685,#3686,#3687,#3688,#3689,
    #3690,#3691,#3692),.UNSPECIFIED.,.F.,.F.,(5,3,5),(0.,0.458875331388,
    1.),.UNSPECIFIED.);
#3685 = CARTESIAN_POINT('',(7.49560546875,-7.008056640625,0.));
#3686 = CARTESIAN_POINT('',(7.523102099165,-7.008056640625,0.));
#3687 = CARTESIAN_POINT('',(7.549389300204,-7.004883916512,0.));
#3688 = CARTESIAN_POINT('',(7.57441814792,-6.998501818155,0.));
#3689 = CARTESIAN_POINT('',(7.626152308984,-6.977626231405,0.));
#3690 = CARTESIAN_POINT('',(7.652354229174,-6.961883712888,0.));
#3691 = CARTESIAN_POINT('',(7.676712983745,-6.941716284402,0.));
#3692 = CARTESIAN_POINT('',(7.69921875,-6.917236328125,0.));
#3693 = PCURVE('',#72,#3694);
#3694 = DEFINITIONAL_REPRESENTATION('',(#3695),#3704);
#3695 = B_SPLINE_CURVE_WITH_KNOTS('',4,(#3696,#3697,#3698,#3699,#3700,
    #3701,#3702,#3703),.UNSPECIFIED.,.F.,.F.,(5,3,5),(0.,0.458875331388,
    1.),.UNSPECIFIED.);
#3696 = CARTESIAN_POINT('',(24.49560546875,2.991943359375));
#3697 = CARTESIAN_POINT('',(24.523102099165,2.991943359375));
#3698 = CARTESIAN_POINT('',(24.549389300204,2.995116083488));
#3699 = CARTESIAN_POINT('',(24.57441814792,3.001498181845));
#3700 = CARTESIAN_POINT('',(24.626152308984,3.022373768595));
#3701 = CARTESIAN_POINT('',(24.652354229174,3.038116287112));
#3702 = CARTESIAN_POINT('',(24.676712983745,3.058283715598));
#3703 = CARTESIAN_POINT('',(24.69921875,3.082763671875));
#3704 = ( GEOMETRIC_REPRESENTATION_CONTEXT(2) 
PARAMETRIC_REPRESENTATION_CONTEXT() REPRESENTATION_CONTEXT('2D SPACE',''
  ) );
#3705 = PCURVE('',#3706,#3713);
#3706 = SURFACE_OF_LINEAR_EXTRUSION('',#3707,#3711);
#3707 = B_SPLINE_CURVE_WITH_KNOTS('',2,(#3708,#3709,#3710),
  .UNSPECIFIED.,.F.,.F.,(3,3),(0.,1.),.PIECEWISE_BEZIER_KNOTS.);
#3708 = CARTESIAN_POINT('',(7.69921875,-6.917236328125,0.2));
#3709 = CARTESIAN_POINT('',(7.61572265625,-7.008056640625,0.2));
#3710 = CARTESIAN_POINT('',(7.49560546875,-7.008056640625,0.2));
#3711 = VECTOR('',#3712,1.);
#3712 = DIRECTION('',(-0.,0.,1.));
#3713 = DEFINITIONAL_REPRESENTATION('',(#3714),#3723);
#3714 = B_SPLINE_CURVE_WITH_KNOTS('',4,(#3715,#3716,#3717,#3718,#3719,
    #3720,#3721,#3722),.UNSPECIFIED.,.F.,.F.,(5,3,5),(0.,0.458875331388,
    1.),.UNSPECIFIED.);
#3715 = CARTESIAN_POINT('',(1.,-0.2));
#3716 = CARTESIAN_POINT('',(0.885542481525,-0.2));
#3717 = CARTESIAN_POINT('',(0.770794018579,-0.2));
#3718 = CARTESIAN_POINT('',(0.655896745975,-0.2));
#3719 = CARTESIAN_POINT('',(0.405509030367,-0.2));
#3720 = CARTESIAN_POINT('',(0.270017554952,-0.2));
#3721 = CARTESIAN_POINT('',(0.134771372193,-0.2));
#3722 = CARTESIAN_POINT('',(0.,-0.2));
#3723 = ( GEOMETRIC_REPRESENTATION_CONTEXT(2) 
PARAMETRIC_REPRESENTATION_CONTEXT() REPRESENTATION_CONTEXT('2D SPACE',''
  ) );
#3724 = ORIENTED_EDGE('',*,*,#3725,.T.);
#3725 = EDGE_CURVE('',#3681,#3726,#3728,.T.);
#3726 = VERTEX_POINT('',#3727);
#3727 = CARTESIAN_POINT('',(7.78271484375,-6.671142578125,0.));
#3728 = SURFACE_CURVE('',#3729,(#3740,#3754),.PCURVE_S1.);
#3729 = B_SPLINE_CURVE_WITH_KNOTS('',5,(#3730,#3731,#3732,#3733,#3734,
    #3735,#3736,#3737,#3738,#3739),.UNSPECIFIED.,.F.,.F.,(6,4,6),(0.,
    9.850817132702E-02,1.),.UNSPECIFIED.);
#3730 = CARTESIAN_POINT('',(7.69921875,-6.917236328125,0.));
#3731 = CARTESIAN_POINT('',(7.702524731949,-6.91364034776,0.));
#3732 = CARTESIAN_POINT('',(7.705749247187,-6.909980839471,0.));
#3733 = CARTESIAN_POINT('',(7.708892148447,-6.906257899926,0.));
#3734 = CARTESIAN_POINT('',(7.711953310739,-6.902471643279,0.));
#3735 = CARTESIAN_POINT('',(7.742197711469,-6.863394254514,0.));
#3736 = CARTESIAN_POINT('',(7.762609765281,-6.822873188417,0.));
#3737 = CARTESIAN_POINT('',(7.776085476211,-6.77716327391,0.));
#3738 = CARTESIAN_POINT('',(7.78271484375,-6.72648532443,0.));
#3739 = CARTESIAN_POINT('',(7.78271484375,-6.671142578125,0.));
#3740 = PCURVE('',#72,#3741);
#3741 = DEFINITIONAL_REPRESENTATION('',(#3742),#3753);
#3742 = B_SPLINE_CURVE_WITH_KNOTS('',5,(#3743,#3744,#3745,#3746,#3747,
    #3748,#3749,#3750,#3751,#3752),.UNSPECIFIED.,.F.,.F.,(6,4,6),(0.,
    9.850817132702E-02,1.),.UNSPECIFIED.);
#3743 = CARTESIAN_POINT('',(24.69921875,3.082763671875));
#3744 = CARTESIAN_POINT('',(24.702524731949,3.08635965224));
#3745 = CARTESIAN_POINT('',(24.705749247187,3.090019160529));
#3746 = CARTESIAN_POINT('',(24.708892148447,3.093742100074));
#3747 = CARTESIAN_POINT('',(24.711953310739,3.097528356721));
#3748 = CARTESIAN_POINT('',(24.742197711469,3.136605745486));
#3749 = CARTESIAN_POINT('',(24.762609765281,3.177126811583));
#3750 = CARTESIAN_POINT('',(24.776085476211,3.22283672609));
#3751 = CARTESIAN_POINT('',(24.78271484375,3.27351467557));
#3752 = CARTESIAN_POINT('',(24.78271484375,3.328857421875));
#3753 = ( GEOMETRIC_REPRESENTATION_CONTEXT(2) 
PARAMETRIC_REPRESENTATION_CONTEXT() REPRESENTATION_CONTEXT('2D SPACE',''
  ) );
#3754 = PCURVE('',#3755,#3762);
#3755 = SURFACE_OF_LINEAR_EXTRUSION('',#3756,#3760);
#3756 = B_SPLINE_CURVE_WITH_KNOTS('',2,(#3757,#3758,#3759),
  .UNSPECIFIED.,.F.,.F.,(3,3),(0.,1.),.PIECEWISE_BEZIER_KNOTS.);
#3757 = CARTESIAN_POINT('',(7.78271484375,-6.671142578125,0.2));
#3758 = CARTESIAN_POINT('',(7.78271484375,-6.826416015625,0.2));
#3759 = CARTESIAN_POINT('',(7.69921875,-6.917236328125,0.2));
#3760 = VECTOR('',#3761,1.);
#3761 = DIRECTION('',(-0.,0.,1.));
#3762 = DEFINITIONAL_REPRESENTATION('',(#3763),#3774);
#3763 = B_SPLINE_CURVE_WITH_KNOTS('',5,(#3764,#3765,#3766,#3767,#3768,
    #3769,#3770,#3771,#3772,#3773),.UNSPECIFIED.,.F.,.F.,(6,4,6),(0.,
    9.850817132702E-02,1.),.UNSPECIFIED.);
#3764 = CARTESIAN_POINT('',(1.,-0.2));
#3765 = CARTESIAN_POINT('',(0.980202774763,-0.2));
#3766 = CARTESIAN_POINT('',(0.96040348433,-0.2));
#3767 = CARTESIAN_POINT('',(0.940602806047,-0.2));
#3768 = CARTESIAN_POINT('',(0.920801418199,-0.2));
#3769 = CARTESIAN_POINT('',(0.719788467371,-0.2));
#3770 = CARTESIAN_POINT('',(0.538567068134,-0.2));
#3771 = CARTESIAN_POINT('',(0.357878669062,-0.2));
#3772 = CARTESIAN_POINT('',(0.178210604455,-0.2));
#3773 = CARTESIAN_POINT('',(0.,-0.2));
#3774 = ( GEOMETRIC_REPRESENTATION_CONTEXT(2) 
PARAMETRIC_REPRESENTATION_CONTEXT() REPRESENTATION_CONTEXT('2D SPACE',''
  ) );
#3775 = ORIENTED_EDGE('',*,*,#3776,.T.);
#3776 = EDGE_CURVE('',#3726,#3777,#3779,.T.);
#3777 = VERTEX_POINT('',#3778);
#3778 = CARTESIAN_POINT('',(7.695556640625,-6.410400390625,0.));
#3779 = SURFACE_CURVE('',#3780,(#3787,#3797),.PCURVE_S1.);
#3780 = B_SPLINE_CURVE_WITH_KNOTS('',5,(#3781,#3782,#3783,#3784,#3785,
    #3786),.UNSPECIFIED.,.F.,.F.,(6,6),(0.,1.),
  .PIECEWISE_BEZIER_KNOTS.);
#3781 = CARTESIAN_POINT('',(7.78271484375,-6.671142578125,0.));
#3782 = CARTESIAN_POINT('',(7.78271484375,-6.606355724109,0.));
#3783 = CARTESIAN_POINT('',(7.774220279879,-6.547492485561,0.));
#3784 = CARTESIAN_POINT('',(7.756893322946,-6.495025007724,0.));
#3785 = CARTESIAN_POINT('',(7.730611858202,-6.449285169786,0.));
#3786 = CARTESIAN_POINT('',(7.695556640625,-6.410400390625,0.));
#3787 = PCURVE('',#72,#3788);
#3788 = DEFINITIONAL_REPRESENTATION('',(#3789),#3796);
#3789 = B_SPLINE_CURVE_WITH_KNOTS('',5,(#3790,#3791,#3792,#3793,#3794,
    #3795),.UNSPECIFIED.,.F.,.F.,(6,6),(0.,1.),
  .PIECEWISE_BEZIER_KNOTS.);
#3790 = CARTESIAN_POINT('',(24.78271484375,3.328857421875));
#3791 = CARTESIAN_POINT('',(24.78271484375,3.393644275891));
#3792 = CARTESIAN_POINT('',(24.774220279879,3.452507514439));
#3793 = CARTESIAN_POINT('',(24.756893322946,3.504974992276));
#3794 = CARTESIAN_POINT('',(24.730611858202,3.550714830214));
#3795 = CARTESIAN_POINT('',(24.695556640625,3.589599609375));
#3796 = ( GEOMETRIC_REPRESENTATION_CONTEXT(2) 
PARAMETRIC_REPRESENTATION_CONTEXT() REPRESENTATION_CONTEXT('2D SPACE',''
  ) );
#3797 = PCURVE('',#3798,#3805);
#3798 = SURFACE_OF_LINEAR_EXTRUSION('',#3799,#3803);
#3799 = B_SPLINE_CURVE_WITH_KNOTS('',2,(#3800,#3801,#3802),
  .UNSPECIFIED.,.F.,.F.,(3,3),(0.,1.),.PIECEWISE_BEZIER_KNOTS.);
#3800 = CARTESIAN_POINT('',(7.695556640625,-6.410400390625,0.2));
#3801 = CARTESIAN_POINT('',(7.78271484375,-6.507080078125,0.2));
#3802 = CARTESIAN_POINT('',(7.78271484375,-6.671142578125,0.2));
#3803 = VECTOR('',#3804,1.);
#3804 = DIRECTION('',(-0.,0.,1.));
#3805 = DEFINITIONAL_REPRESENTATION('',(#3806),#3813);
#3806 = B_SPLINE_CURVE_WITH_KNOTS('',5,(#3807,#3808,#3809,#3810,#3811,
    #3812),.UNSPECIFIED.,.F.,.F.,(6,6),(0.,1.),
  .PIECEWISE_BEZIER_KNOTS.);
#3807 = CARTESIAN_POINT('',(1.,-0.2));
#3808 = CARTESIAN_POINT('',(0.802554349664,-0.2));
#3809 = CARTESIAN_POINT('',(0.603147220072,-0.2));
#3810 = CARTESIAN_POINT('',(0.402421556356,-0.2));
#3811 = CARTESIAN_POINT('',(0.201101080107,-0.2));
#3812 = CARTESIAN_POINT('',(0.,-0.2));
#3813 = ( GEOMETRIC_REPRESENTATION_CONTEXT(2) 
PARAMETRIC_REPRESENTATION_CONTEXT() REPRESENTATION_CONTEXT('2D SPACE',''
  ) );
#3814 = ORIENTED_EDGE('',*,*,#3815,.T.);
#3815 = EDGE_CURVE('',#3777,#3816,#3818,.T.);
#3816 = VERTEX_POINT('',#3817);
#3817 = CARTESIAN_POINT('',(7.48095703125,-6.313720703125,0.));
#3818 = SURFACE_CURVE('',#3819,(#3828,#3840),.PCURVE_S1.);
#3819 = B_SPLINE_CURVE_WITH_KNOTS('',4,(#3820,#3821,#3822,#3823,#3824,
    #3825,#3826,#3827),.UNSPECIFIED.,.F.,.F.,(5,3,5),(0.,0.531111565772,
    1.),.UNSPECIFIED.);
#3820 = CARTESIAN_POINT('',(7.695556640625,-6.410400390625,0.));
#3821 = CARTESIAN_POINT('',(7.672506006911,-6.384831620455,0.));
#3822 = CARTESIAN_POINT('',(7.647488056273,-6.363672003691,0.));
#3823 = CARTESIAN_POINT('',(7.62051248527,-6.347048571134,0.));
#3824 = CARTESIAN_POINT('',(7.566143214365,-6.324337509948,0.));
#3825 = CARTESIAN_POINT('',(7.53916852491,-6.317243547372,0.));
#3826 = CARTESIAN_POINT('',(7.510751863458,-6.313720703125,0.));
#3827 = CARTESIAN_POINT('',(7.48095703125,-6.313720703125,0.));
#3828 = PCURVE('',#72,#3829);
#3829 = DEFINITIONAL_REPRESENTATION('',(#3830),#3839);
#3830 = B_SPLINE_CURVE_WITH_KNOTS('',4,(#3831,#3832,#3833,#3834,#3835,
    #3836,#3837,#3838),.UNSPECIFIED.,.F.,.F.,(5,3,5),(0.,0.531111565772,
    1.),.UNSPECIFIED.);
#3831 = CARTESIAN_POINT('',(24.695556640625,3.589599609375));
#3832 = CARTESIAN_POINT('',(24.672506006911,3.615168379545));
#3833 = CARTESIAN_POINT('',(24.647488056273,3.636327996309));
#3834 = CARTESIAN_POINT('',(24.62051248527,3.652951428866));
#3835 = CARTESIAN_POINT('',(24.566143214365,3.675662490052));
#3836 = CARTESIAN_POINT('',(24.53916852491,3.682756452628));
#3837 = CARTESIAN_POINT('',(24.510751863458,3.686279296875));
#3838 = CARTESIAN_POINT('',(24.48095703125,3.686279296875));
#3839 = ( GEOMETRIC_REPRESENTATION_CONTEXT(2) 
PARAMETRIC_REPRESENTATION_CONTEXT() REPRESENTATION_CONTEXT('2D SPACE',''
  ) );
#3840 = PCURVE('',#3841,#3848);
#3841 = SURFACE_OF_LINEAR_EXTRUSION('',#3842,#3846);
#3842 = B_SPLINE_CURVE_WITH_KNOTS('',2,(#3843,#3844,#3845),
  .UNSPECIFIED.,.F.,.F.,(3,3),(0.,1.),.PIECEWISE_BEZIER_KNOTS.);
#3843 = CARTESIAN_POINT('',(7.48095703125,-6.313720703125,0.2));
#3844 = CARTESIAN_POINT('',(7.6083984375,-6.313720703125,0.2));
#3845 = CARTESIAN_POINT('',(7.695556640625,-6.410400390625,0.2));
#3846 = VECTOR('',#3847,1.);
#3847 = DIRECTION('',(-0.,0.,1.));
#3848 = DEFINITIONAL_REPRESENTATION('',(#3849),#3858);
#3849 = B_SPLINE_CURVE_WITH_KNOTS('',4,(#3850,#3851,#3852,#3853,#3854,
    #3855,#3856,#3857),.UNSPECIFIED.,.F.,.F.,(5,3,5),(0.,0.531111565772,
    1.),.UNSPECIFIED.);
#3850 = CARTESIAN_POINT('',(1.,-0.2));
#3851 = CARTESIAN_POINT('',(0.86776555225,-0.2));
#3852 = CARTESIAN_POINT('',(0.735020400505,-0.2));
#3853 = CARTESIAN_POINT('',(0.602010250065,-0.2));
#3854 = CARTESIAN_POINT('',(0.351572755126,-0.2));
#3855 = CARTESIAN_POINT('',(0.2341442518,-0.2));
#3856 = CARTESIAN_POINT('',(0.116896199926,-0.2));
#3857 = CARTESIAN_POINT('',(0.,-0.2));
#3858 = ( GEOMETRIC_REPRESENTATION_CONTEXT(2) 
PARAMETRIC_REPRESENTATION_CONTEXT() REPRESENTATION_CONTEXT('2D SPACE',''
  ) );
#3859 = ORIENTED_EDGE('',*,*,#3860,.T.);
#3860 = EDGE_CURVE('',#3816,#3861,#3863,.T.);
#3861 = VERTEX_POINT('',#3862);
#3862 = CARTESIAN_POINT('',(7.27880859375,-6.394287109375,0.));
#3863 = SURFACE_CURVE('',#3864,(#3873,#3885),.PCURVE_S1.);
#3864 = B_SPLINE_CURVE_WITH_KNOTS('',4,(#3865,#3866,#3867,#3868,#3869,
    #3870,#3871,#3872),.UNSPECIFIED.,.F.,.F.,(5,3,5),(0.,0.53909804386,
    1.),.UNSPECIFIED.);
#3865 = CARTESIAN_POINT('',(7.48095703125,-6.313720703125,0.));
#3866 = CARTESIAN_POINT('',(7.449071225475,-6.313720703125,0.));
#3867 = CARTESIAN_POINT('',(7.418787609783,-6.317599480548,0.));
#3868 = CARTESIAN_POINT('',(7.390171938396,-6.325407045566,0.));
#3869 = CARTESIAN_POINT('',(7.340258003243,-6.347146858208,0.));
#3870 = CARTESIAN_POINT('',(7.318500280129,-6.360026476782,0.));
#3871 = CARTESIAN_POINT('',(7.298014511428,-6.375755083546,0.));
#3872 = CARTESIAN_POINT('',(7.27880859375,-6.394287109375,0.));
#3873 = PCURVE('',#72,#3874);
#3874 = DEFINITIONAL_REPRESENTATION('',(#3875),#3884);
#3875 = B_SPLINE_CURVE_WITH_KNOTS('',4,(#3876,#3877,#3878,#3879,#3880,
    #3881,#3882,#3883),.UNSPECIFIED.,.F.,.F.,(5,3,5),(0.,0.53909804386,
    1.),.UNSPECIFIED.);
#3876 = CARTESIAN_POINT('',(24.48095703125,3.686279296875));
#3877 = CARTESIAN_POINT('',(24.449071225475,3.686279296875));
#3878 = CARTESIAN_POINT('',(24.418787609783,3.682400519452));
#3879 = CARTESIAN_POINT('',(24.390171938396,3.674592954434));
#3880 = CARTESIAN_POINT('',(24.340258003243,3.652853141792));
#3881 = CARTESIAN_POINT('',(24.318500280129,3.639973523218));
#3882 = CARTESIAN_POINT('',(24.298014511428,3.624244916454));
#3883 = CARTESIAN_POINT('',(24.27880859375,3.605712890625));
#3884 = ( GEOMETRIC_REPRESENTATION_CONTEXT(2) 
PARAMETRIC_REPRESENTATION_CONTEXT() REPRESENTATION_CONTEXT('2D SPACE',''
  ) );
#3885 = PCURVE('',#3886,#3893);
#3886 = SURFACE_OF_LINEAR_EXTRUSION('',#3887,#3891);
#3887 = B_SPLINE_CURVE_WITH_KNOTS('',2,(#3888,#3889,#3890),
  .UNSPECIFIED.,.F.,.F.,(3,3),(0.,1.),.PIECEWISE_BEZIER_KNOTS.);
#3888 = CARTESIAN_POINT('',(7.27880859375,-6.394287109375,0.2));
#3889 = CARTESIAN_POINT('',(7.3623046875,-6.313720703125,0.2));
#3890 = CARTESIAN_POINT('',(7.48095703125,-6.313720703125,0.2));
#3891 = VECTOR('',#3892,1.);
#3892 = DIRECTION('',(-0.,0.,1.));
#3893 = DEFINITIONAL_REPRESENTATION('',(#3894),#3903);
#3894 = B_SPLINE_CURVE_WITH_KNOTS('',4,(#3895,#3896,#3897,#3898,#3899,
    #3900,#3901,#3902),.UNSPECIFIED.,.F.,.F.,(5,3,5),(0.,0.53909804386,
    1.),.UNSPECIFIED.);
#3895 = CARTESIAN_POINT('',(1.,-0.2));
#3896 = CARTESIAN_POINT('',(0.865633476897,-0.2));
#3897 = CARTESIAN_POINT('',(0.730886146582,-0.2));
#3898 = CARTESIAN_POINT('',(0.595943136448,-0.2));
#3899 = CARTESIAN_POINT('',(0.345630344582,-0.2));
#3900 = CARTESIAN_POINT('',(0.230260013726,-0.2));
#3901 = CARTESIAN_POINT('',(0.11501087545,-0.2));
#3902 = CARTESIAN_POINT('',(0.,-0.2));
#3903 = ( GEOMETRIC_REPRESENTATION_CONTEXT(2) 
PARAMETRIC_REPRESENTATION_CONTEXT() REPRESENTATION_CONTEXT('2D SPACE',''
  ) );
#3904 = ORIENTED_EDGE('',*,*,#3905,.T.);
#3905 = EDGE_CURVE('',#3861,#2727,#3906,.T.);
#3906 = SURFACE_CURVE('',#3907,(#3914,#3924),.PCURVE_S1.);
#3907 = B_SPLINE_CURVE_WITH_KNOTS('',5,(#3908,#3909,#3910,#3911,#3912,
    #3913),.UNSPECIFIED.,.F.,.F.,(6,6),(0.,1.),
  .PIECEWISE_BEZIER_KNOTS.);
#3908 = CARTESIAN_POINT('',(7.27880859375,-6.394287109375,0.));
#3909 = CARTESIAN_POINT('',(7.245189641408,-6.426726449355,0.));
#3910 = CARTESIAN_POINT('',(7.218112882447,-6.466427500122,0.));
#3911 = CARTESIAN_POINT('',(7.197674081485,-6.513279505201,0.));
#3912 = CARTESIAN_POINT('',(7.183793988745,-6.567001605666,0.));
#3913 = CARTESIAN_POINT('',(7.17626953125,-6.627197265625,0.));
#3914 = PCURVE('',#72,#3915);
#3915 = DEFINITIONAL_REPRESENTATION('',(#3916),#3923);
#3916 = B_SPLINE_CURVE_WITH_KNOTS('',5,(#3917,#3918,#3919,#3920,#3921,
    #3922),.UNSPECIFIED.,.F.,.F.,(6,6),(0.,1.),
  .PIECEWISE_BEZIER_KNOTS.);
#3917 = CARTESIAN_POINT('',(24.27880859375,3.605712890625));
#3918 = CARTESIAN_POINT('',(24.245189641408,3.573273550645));
#3919 = CARTESIAN_POINT('',(24.218112882447,3.533572499878));
#3920 = CARTESIAN_POINT('',(24.197674081485,3.486720494799));
#3921 = CARTESIAN_POINT('',(24.183793988745,3.432998394334));
#3922 = CARTESIAN_POINT('',(24.17626953125,3.372802734375));
#3923 = ( GEOMETRIC_REPRESENTATION_CONTEXT(2) 
PARAMETRIC_REPRESENTATION_CONTEXT() REPRESENTATION_CONTEXT('2D SPACE',''
  ) );
#3924 = PCURVE('',#3925,#3932);
#3925 = SURFACE_OF_LINEAR_EXTRUSION('',#3926,#3930);
#3926 = B_SPLINE_CURVE_WITH_KNOTS('',2,(#3927,#3928,#3929),
  .UNSPECIFIED.,.F.,.F.,(3,3),(0.,1.),.PIECEWISE_BEZIER_KNOTS.);
#3927 = CARTESIAN_POINT('',(7.17626953125,-6.627197265625,0.2));
#3928 = CARTESIAN_POINT('',(7.1953125,-6.474853515625,0.2));
#3929 = CARTESIAN_POINT('',(7.27880859375,-6.394287109375,0.2));
#3930 = VECTOR('',#3931,1.);
#3931 = DIRECTION('',(-0.,0.,1.));
#3932 = DEFINITIONAL_REPRESENTATION('',(#3933),#3940);
#3933 = B_SPLINE_CURVE_WITH_KNOTS('',5,(#3934,#3935,#3936,#3937,#3938,
    #3939),.UNSPECIFIED.,.F.,.F.,(6,6),(0.,1.),
  .PIECEWISE_BEZIER_KNOTS.);
#3934 = CARTESIAN_POINT('',(1.,-0.2));
#3935 = CARTESIAN_POINT('',(0.798679490066,-0.2));
#3936 = CARTESIAN_POINT('',(0.597427875448,-0.2));
#3937 = CARTESIAN_POINT('',(0.396871496019,-0.2));
#3938 = CARTESIAN_POINT('',(0.197565242944,-0.2));
#3939 = CARTESIAN_POINT('',(0.,-0.2));
#3940 = ( GEOMETRIC_REPRESENTATION_CONTEXT(2) 
PARAMETRIC_REPRESENTATION_CONTEXT() REPRESENTATION_CONTEXT('2D SPACE',''
  ) );
#3941 = FACE_BOUND('',#3942,.F.);
#3942 = EDGE_LOOP('',(#3943));
#3943 = ORIENTED_EDGE('',*,*,#3944,.T.);
#3944 = EDGE_CURVE('',#3945,#3945,#3947,.T.);
#3945 = VERTEX_POINT('',#3946);
#3946 = CARTESIAN_POINT('',(-13.15,0.,0.));
#3947 = SURFACE_CURVE('',#3948,(#3953,#3964),.PCURVE_S1.);
#3948 = CIRCLE('',#3949,1.35);
#3949 = AXIS2_PLACEMENT_3D('',#3950,#3951,#3952);
#3950 = CARTESIAN_POINT('',(-14.5,0.,0.));
#3951 = DIRECTION('',(0.,0.,-1.));
#3952 = DIRECTION('',(1.,0.,0.));
#3953 = PCURVE('',#72,#3954);
#3954 = DEFINITIONAL_REPRESENTATION('',(#3955),#3963);
#3955 = ( BOUNDED_CURVE() B_SPLINE_CURVE(2,(#3956,#3957,#3958,#3959,
#3960,#3961,#3962),.UNSPECIFIED.,.T.,.F.) B_SPLINE_CURVE_WITH_KNOTS((1,2
    ,2,2,2,1),(-2.094395102393,0.,2.094395102393,4.188790204786,
6.28318530718,8.377580409573),.UNSPECIFIED.) CURVE() 
GEOMETRIC_REPRESENTATION_ITEM() RATIONAL_B_SPLINE_CURVE((1.,0.5,1.,0.5,
1.,0.5,1.)) REPRESENTATION_ITEM('') );
#3956 = CARTESIAN_POINT('',(3.85,10.));
#3957 = CARTESIAN_POINT('',(3.85,7.661731409782));
#3958 = CARTESIAN_POINT('',(1.825,8.830865704891));
#3959 = CARTESIAN_POINT('',(-0.2,10.));
#3960 = CARTESIAN_POINT('',(1.825,11.169134295109));
#3961 = CARTESIAN_POINT('',(3.85,12.338268590218));
#3962 = CARTESIAN_POINT('',(3.85,10.));
#3963 = ( GEOMETRIC_REPRESENTATION_CONTEXT(2) 
PARAMETRIC_REPRESENTATION_CONTEXT() REPRESENTATION_CONTEXT('2D SPACE',''
  ) );
#3964 = PCURVE('',#3965,#3970);
#3965 = CYLINDRICAL_SURFACE('',#3966,1.35);
#3966 = AXIS2_PLACEMENT_3D('',#3967,#3968,#3969);
#3967 = CARTESIAN_POINT('',(-14.5,0.,-1.));
#3968 = DIRECTION('',(-0.,-0.,-1.));
#3969 = DIRECTION('',(1.,0.,0.));
#3970 = DEFINITIONAL_REPRESENTATION('',(#3971),#3975);
#3971 = LINE('',#3972,#3973);
#3972 = CARTESIAN_POINT('',(-6.28318530718,-1.));
#3973 = VECTOR('',#3974,1.);
#3974 = DIRECTION('',(1.,-0.));
#3975 = ( GEOMETRIC_REPRESENTATION_CONTEXT(2) 
PARAMETRIC_REPRESENTATION_CONTEXT() REPRESENTATION_CONTEXT('2D SPACE',''
  ) );
#3976 = FACE_BOUND('',#3977,.F.);
#3977 = EDGE_LOOP('',(#3978,#4006,#4032,#4058));
#3978 = ORIENTED_EDGE('',*,*,#3979,.T.);
#3979 = EDGE_CURVE('',#3980,#3982,#3984,.T.);
#3980 = VERTEX_POINT('',#3981);
#3981 = CARTESIAN_POINT('',(7.,4.,0.));
#3982 = VERTEX_POINT('',#3983);
#3983 = CARTESIAN_POINT('',(7.,-4.,0.));
#3984 = SURFACE_CURVE('',#3985,(#3989,#3995),.PCURVE_S1.);
#3985 = LINE('',#3986,#3987);
#3986 = CARTESIAN_POINT('',(7.,-7.,0.));
#3987 = VECTOR('',#3988,1.);
#3988 = DIRECTION('',(0.,-1.,0.));
#3989 = PCURVE('',#72,#3990);
#3990 = DEFINITIONAL_REPRESENTATION('',(#3991),#3994);
#3991 = B_SPLINE_CURVE_WITH_KNOTS('',1,(#3992,#3993),.UNSPECIFIED.,.F.,
  .F.,(2,2),(-11.,-3.),.PIECEWISE_BEZIER_KNOTS.);
#3992 = CARTESIAN_POINT('',(24.,14.));
#3993 = CARTESIAN_POINT('',(24.,6.));
#3994 = ( GEOMETRIC_REPRESENTATION_CONTEXT(2) 
PARAMETRIC_REPRESENTATION_CONTEXT() REPRESENTATION_CONTEXT('2D SPACE',''
  ) );
#3995 = PCURVE('',#3996,#4001);
#3996 = PLANE('',#3997);
#3997 = AXIS2_PLACEMENT_3D('',#3998,#3999,#4000);
#3998 = CARTESIAN_POINT('',(7.,-4.,-1.));
#3999 = DIRECTION('',(-1.,0.,0.));
#4000 = DIRECTION('',(0.,1.,0.));
#4001 = DEFINITIONAL_REPRESENTATION('',(#4002),#4005);
#4002 = B_SPLINE_CURVE_WITH_KNOTS('',1,(#4003,#4004),.UNSPECIFIED.,.F.,
  .F.,(2,2),(-11.,-3.),.PIECEWISE_BEZIER_KNOTS.);
#4003 = CARTESIAN_POINT('',(8.,-1.));
#4004 = CARTESIAN_POINT('',(0.,-1.));
#4005 = ( GEOMETRIC_REPRESENTATION_CONTEXT(2) 
PARAMETRIC_REPRESENTATION_CONTEXT() REPRESENTATION_CONTEXT('2D SPACE',''
  ) );
#4006 = ORIENTED_EDGE('',*,*,#4007,.T.);
#4007 = EDGE_CURVE('',#3982,#4008,#4010,.T.);
#4008 = VERTEX_POINT('',#4009);
#4009 = CARTESIAN_POINT('',(-7.,-4.,0.));
#4010 = SURFACE_CURVE('',#4011,(#4015,#4021),.PCURVE_S1.);
#4011 = LINE('',#4012,#4013);
#4012 = CARTESIAN_POINT('',(-12.,-4.,0.));
#4013 = VECTOR('',#4014,1.);
#4014 = DIRECTION('',(-1.,0.,0.));
#4015 = PCURVE('',#72,#4016);
#4016 = DEFINITIONAL_REPRESENTATION('',(#4017),#4020);
#4017 = B_SPLINE_CURVE_WITH_KNOTS('',1,(#4018,#4019),.UNSPECIFIED.,.F.,
  .F.,(2,2),(-19.,-5.),.PIECEWISE_BEZIER_KNOTS.);
#4018 = CARTESIAN_POINT('',(24.,6.));
#4019 = CARTESIAN_POINT('',(10.,6.));
#4020 = ( GEOMETRIC_REPRESENTATION_CONTEXT(2) 
PARAMETRIC_REPRESENTATION_CONTEXT() REPRESENTATION_CONTEXT('2D SPACE',''
  ) );
#4021 = PCURVE('',#4022,#4027);
#4022 = PLANE('',#4023);
#4023 = AXIS2_PLACEMENT_3D('',#4024,#4025,#4026);
#4024 = CARTESIAN_POINT('',(-7.,-4.,-1.));
#4025 = DIRECTION('',(0.,1.,0.));
#4026 = DIRECTION('',(1.,0.,0.));
#4027 = DEFINITIONAL_REPRESENTATION('',(#4028),#4031);
#4028 = B_SPLINE_CURVE_WITH_KNOTS('',1,(#4029,#4030),.UNSPECIFIED.,.F.,
  .F.,(2,2),(-19.,-5.),.PIECEWISE_BEZIER_KNOTS.);
#4029 = CARTESIAN_POINT('',(14.,-1.));
#4030 = CARTESIAN_POINT('',(0.,-1.));
#4031 = ( GEOMETRIC_REPRESENTATION_CONTEXT(2) 
PARAMETRIC_REPRESENTATION_CONTEXT() REPRESENTATION_CONTEXT('2D SPACE',''
  ) );
#4032 = ORIENTED_EDGE('',*,*,#4033,.T.);
#4033 = EDGE_CURVE('',#4008,#4034,#4036,.T.);
#4034 = VERTEX_POINT('',#4035);
#4035 = CARTESIAN_POINT('',(-7.,4.,0.));
#4036 = SURFACE_CURVE('',#4037,(#4041,#4047),.PCURVE_S1.);
#4037 = LINE('',#4038,#4039);
#4038 = CARTESIAN_POINT('',(-7.,-3.,0.));
#4039 = VECTOR('',#4040,1.);
#4040 = DIRECTION('',(-0.,1.,0.));
#4041 = PCURVE('',#72,#4042);
#4042 = DEFINITIONAL_REPRESENTATION('',(#4043),#4046);
#4043 = B_SPLINE_CURVE_WITH_KNOTS('',1,(#4044,#4045),.UNSPECIFIED.,.F.,
  .F.,(2,2),(-1.,7.),.PIECEWISE_BEZIER_KNOTS.);
#4044 = CARTESIAN_POINT('',(10.,6.));
#4045 = CARTESIAN_POINT('',(10.,14.));
#4046 = ( GEOMETRIC_REPRESENTATION_CONTEXT(2) 
PARAMETRIC_REPRESENTATION_CONTEXT() REPRESENTATION_CONTEXT('2D SPACE',''
  ) );
#4047 = PCURVE('',#4048,#4053);
#4048 = PLANE('',#4049);
#4049 = AXIS2_PLACEMENT_3D('',#4050,#4051,#4052);
#4050 = CARTESIAN_POINT('',(-7.,4.,-1.));
#4051 = DIRECTION('',(1.,0.,-0.));
#4052 = DIRECTION('',(0.,-1.,0.));
#4053 = DEFINITIONAL_REPRESENTATION('',(#4054),#4057);
#4054 = B_SPLINE_CURVE_WITH_KNOTS('',1,(#4055,#4056),.UNSPECIFIED.,.F.,
  .F.,(2,2),(-1.,7.),.PIECEWISE_BEZIER_KNOTS.);
#4055 = CARTESIAN_POINT('',(8.,-1.));
#4056 = CARTESIAN_POINT('',(0.,-1.));
#4057 = ( GEOMETRIC_REPRESENTATION_CONTEXT(2) 
PARAMETRIC_REPRESENTATION_CONTEXT() REPRESENTATION_CONTEXT('2D SPACE',''
  ) );
#4058 = ORIENTED_EDGE('',*,*,#4059,.T.);
#4059 = EDGE_CURVE('',#4034,#3980,#4060,.T.);
#4060 = SURFACE_CURVE('',#4061,(#4065,#4071),.PCURVE_S1.);
#4061 = LINE('',#4062,#4063);
#4062 = CARTESIAN_POINT('',(-5.,4.,0.));
#4063 = VECTOR('',#4064,1.);
#4064 = DIRECTION('',(1.,0.,-0.));
#4065 = PCURVE('',#72,#4066);
#4066 = DEFINITIONAL_REPRESENTATION('',(#4067),#4070);
#4067 = B_SPLINE_CURVE_WITH_KNOTS('',1,(#4068,#4069),.UNSPECIFIED.,.F.,
  .F.,(2,2),(-2.,12.),.PIECEWISE_BEZIER_KNOTS.);
#4068 = CARTESIAN_POINT('',(10.,14.));
#4069 = CARTESIAN_POINT('',(24.,14.));
#4070 = ( GEOMETRIC_REPRESENTATION_CONTEXT(2) 
PARAMETRIC_REPRESENTATION_CONTEXT() REPRESENTATION_CONTEXT('2D SPACE',''
  ) );
#4071 = PCURVE('',#4072,#4077);
#4072 = PLANE('',#4073);
#4073 = AXIS2_PLACEMENT_3D('',#4074,#4075,#4076);
#4074 = CARTESIAN_POINT('',(7.,4.,-1.));
#4075 = DIRECTION('',(0.,-1.,0.));
#4076 = DIRECTION('',(-1.,0.,0.));
#4077 = DEFINITIONAL_REPRESENTATION('',(#4078),#4081);
#4078 = B_SPLINE_CURVE_WITH_KNOTS('',1,(#4079,#4080),.UNSPECIFIED.,.F.,
  .F.,(2,2),(-2.,12.),.PIECEWISE_BEZIER_KNOTS.);
#4079 = CARTESIAN_POINT('',(14.,-1.));
#4080 = CARTESIAN_POINT('',(0.,-1.));
#4081 = ( GEOMETRIC_REPRESENTATION_CONTEXT(2) 
PARAMETRIC_REPRESENTATION_CONTEXT() REPRESENTATION_CONTEXT('2D SPACE',''
  ) );
#4082 = FACE_BOUND('',#4083,.F.);
#4083 = EDGE_LOOP('',(#4084));
#4084 = ORIENTED_EDGE('',*,*,#4085,.T.);
#4085 = EDGE_CURVE('',#4086,#4086,#4088,.T.);
#4086 = VERTEX_POINT('',#4087);
#4087 = CARTESIAN_POINT('',(15.85,0.,0.));
#4088 = SURFACE_CURVE('',#4089,(#4094,#4105),.PCURVE_S1.);
#4089 = CIRCLE('',#4090,1.35);
#4090 = AXIS2_PLACEMENT_3D('',#4091,#4092,#4093);
#4091 = CARTESIAN_POINT('',(14.5,0.,0.));
#4092 = DIRECTION('',(0.,0.,-1.));
#4093 = DIRECTION('',(1.,0.,0.));
#4094 = PCURVE('',#72,#4095);
#4095 = DEFINITIONAL_REPRESENTATION('',(#4096),#4104);
#4096 = ( BOUNDED_CURVE() B_SPLINE_CURVE(2,(#4097,#4098,#4099,#4100,
#4101,#4102,#4103),.UNSPECIFIED.,.T.,.F.) B_SPLINE_CURVE_WITH_KNOTS((1,2
    ,2,2,2,1),(-2.094395102393,0.,2.094395102393,4.188790204786,
6.28318530718,8.377580409573),.UNSPECIFIED.) CURVE() 
GEOMETRIC_REPRESENTATION_ITEM() RATIONAL_B_SPLINE_CURVE((1.,0.5,1.,0.5,
1.,0.5,1.)) REPRESENTATION_ITEM('') );
#4097 = CARTESIAN_POINT('',(32.85,10.));
#4098 = CARTESIAN_POINT('',(32.85,7.661731409782));
#4099 = CARTESIAN_POINT('',(30.825,8.830865704891));
#4100 = CARTESIAN_POINT('',(28.8,10.));
#4101 = CARTESIAN_POINT('',(30.825,11.169134295109));
#4102 = CARTESIAN_POINT('',(32.85,12.338268590218));
#4103 = CARTESIAN_POINT('',(32.85,10.));
#4104 = ( GEOMETRIC_REPRESENTATION_CONTEXT(2) 
PARAMETRIC_REPRESENTATION_CONTEXT() REPRESENTATION_CONTEXT('2D SPACE',''
  ) );
#4105 = PCURVE('',#4106,#4111);
#4106 = CYLINDRICAL_SURFACE('',#4107,1.35);
#4107 = AXIS2_PLACEMENT_3D('',#4108,#4109,#4110);
#4108 = CARTESIAN_POINT('',(14.5,0.,-1.));
#4109 = DIRECTION('',(-0.,-0.,-1.));
#4110 = DIRECTION('',(1.,0.,0.));
#4111 = DEFINITIONAL_REPRESENTATION('',(#4112),#4116);
#4112 = LINE('',#4113,#4114);
#4113 = CARTESIAN_POINT('',(-6.28318530718,-1.));
#4114 = VECTOR('',#4115,1.);
#4115 = DIRECTION('',(1.,-0.));
#4116 = ( GEOMETRIC_REPRESENTATION_CONTEXT(2) 
PARAMETRIC_REPRESENTATION_CONTEXT() REPRESENTATION_CONTEXT('2D SPACE',''
  ) );
#4117 = ADVANCED_FACE('',(#4118),#100,.T.);
#4118 = FACE_BOUND('',#4119,.F.);
#4119 = EDGE_LOOP('',(#4120,#4121,#4144,#4165));
#4120 = ORIENTED_EDGE('',*,*,#363,.T.);
#4121 = ORIENTED_EDGE('',*,*,#4122,.F.);
#4122 = EDGE_CURVE('',#4123,#336,#4125,.T.);
#4123 = VERTEX_POINT('',#4124);
#4124 = CARTESIAN_POINT('',(-14.5,10.,4.6));
#4125 = SURFACE_CURVE('',#4126,(#4130,#4137),.PCURVE_S1.);
#4126 = LINE('',#4127,#4128);
#4127 = CARTESIAN_POINT('',(-14.5,10.,4.6));
#4128 = VECTOR('',#4129,1.);
#4129 = DIRECTION('',(0.,0.,-1.));
#4130 = PCURVE('',#100,#4131);
#4131 = DEFINITIONAL_REPRESENTATION('',(#4132),#4136);
#4132 = LINE('',#4133,#4134);
#4133 = CARTESIAN_POINT('',(-7.853981633974,4.6));
#4134 = VECTOR('',#4135,1.);
#4135 = DIRECTION('',(-0.,-1.));
#4136 = ( GEOMETRIC_REPRESENTATION_CONTEXT(2) 
PARAMETRIC_REPRESENTATION_CONTEXT() REPRESENTATION_CONTEXT('2D SPACE',''
  ) );
#4137 = PCURVE('',#351,#4138);
#4138 = DEFINITIONAL_REPRESENTATION('',(#4139),#4143);
#4139 = LINE('',#4140,#4141);
#4140 = CARTESIAN_POINT('',(4.6,2.5));
#4141 = VECTOR('',#4142,1.);
#4142 = DIRECTION('',(-1.,0.));
#4143 = ( GEOMETRIC_REPRESENTATION_CONTEXT(2) 
PARAMETRIC_REPRESENTATION_CONTEXT() REPRESENTATION_CONTEXT('2D SPACE',''
  ) );
#4144 = ORIENTED_EDGE('',*,*,#4145,.T.);
#4145 = EDGE_CURVE('',#4123,#85,#4146,.T.);
#4146 = SURFACE_CURVE('',#4147,(#4152,#4158),.PCURVE_S1.);
#4147 = CIRCLE('',#4148,2.5);
#4148 = AXIS2_PLACEMENT_3D('',#4149,#4150,#4151);
#4149 = CARTESIAN_POINT('',(-14.5,7.5,4.6));
#4150 = DIRECTION('',(0.,0.,1.));
#4151 = DIRECTION('',(0.,-1.,0.));
#4152 = PCURVE('',#100,#4153);
#4153 = DEFINITIONAL_REPRESENTATION('',(#4154),#4157);
#4154 = B_SPLINE_CURVE_WITH_KNOTS('',1,(#4155,#4156),.UNSPECIFIED.,.F.,
  .F.,(2,2),(3.14159265359,4.712388980385),.PIECEWISE_BEZIER_KNOTS.);
#4155 = CARTESIAN_POINT('',(-7.853981633974,4.6));
#4156 = CARTESIAN_POINT('',(-6.28318530718,4.6));
#4157 = ( GEOMETRIC_REPRESENTATION_CONTEXT(2) 
PARAMETRIC_REPRESENTATION_CONTEXT() REPRESENTATION_CONTEXT('2D SPACE',''
  ) );
#4158 = PCURVE('',#126,#4159);
#4159 = DEFINITIONAL_REPRESENTATION('',(#4160),#4164);
#4160 = CIRCLE('',#4161,2.5);
#4161 = AXIS2_PLACEMENT_2D('',#4162,#4163);
#4162 = CARTESIAN_POINT('',(-14.5,7.5));
#4163 = DIRECTION('',(0.,-1.));
#4164 = ( GEOMETRIC_REPRESENTATION_CONTEXT(2) 
PARAMETRIC_REPRESENTATION_CONTEXT() REPRESENTATION_CONTEXT('2D SPACE',''
  ) );
#4165 = ORIENTED_EDGE('',*,*,#84,.T.);
#4166 = ADVANCED_FACE('',(#4167,#4286,#4316,#4422),#126,.T.);
#4167 = FACE_BOUND('',#4168,.T.);
#4168 = EDGE_LOOP('',(#4169,#4192,#4215,#4238,#4262,#4283,#4284,#4285));
#4169 = ORIENTED_EDGE('',*,*,#4170,.T.);
#4170 = EDGE_CURVE('',#165,#4171,#4173,.T.);
#4171 = VERTEX_POINT('',#4172);
#4172 = CARTESIAN_POINT('',(14.5,-10.,4.6));
#4173 = SURFACE_CURVE('',#4174,(#4178,#4185),.PCURVE_S1.);
#4174 = LINE('',#4175,#4176);
#4175 = CARTESIAN_POINT('',(-17.,-10.,4.6));
#4176 = VECTOR('',#4177,1.);
#4177 = DIRECTION('',(1.,0.,0.));
#4178 = PCURVE('',#126,#4179);
#4179 = DEFINITIONAL_REPRESENTATION('',(#4180),#4184);
#4180 = LINE('',#4181,#4182);
#4181 = CARTESIAN_POINT('',(-17.,-10.));
#4182 = VECTOR('',#4183,1.);
#4183 = DIRECTION('',(1.,0.));
#4184 = ( GEOMETRIC_REPRESENTATION_CONTEXT(2) 
PARAMETRIC_REPRESENTATION_CONTEXT() REPRESENTATION_CONTEXT('2D SPACE',''
  ) );
#4185 = PCURVE('',#180,#4186);
#4186 = DEFINITIONAL_REPRESENTATION('',(#4187),#4191);
#4187 = LINE('',#4188,#4189);
#4188 = CARTESIAN_POINT('',(4.6,0.));
#4189 = VECTOR('',#4190,1.);
#4190 = DIRECTION('',(0.,1.));
#4191 = ( GEOMETRIC_REPRESENTATION_CONTEXT(2) 
PARAMETRIC_REPRESENTATION_CONTEXT() REPRESENTATION_CONTEXT('2D SPACE',''
  ) );
#4192 = ORIENTED_EDGE('',*,*,#4193,.T.);
#4193 = EDGE_CURVE('',#4171,#4194,#4196,.T.);
#4194 = VERTEX_POINT('',#4195);
#4195 = CARTESIAN_POINT('',(17.,-7.5,4.6));
#4196 = SURFACE_CURVE('',#4197,(#4202,#4209),.PCURVE_S1.);
#4197 = CIRCLE('',#4198,2.5);
#4198 = AXIS2_PLACEMENT_3D('',#4199,#4200,#4201);
#4199 = CARTESIAN_POINT('',(14.5,-7.5,4.6));
#4200 = DIRECTION('',(0.,0.,1.));
#4201 = DIRECTION('',(0.,-1.,0.));
#4202 = PCURVE('',#126,#4203);
#4203 = DEFINITIONAL_REPRESENTATION('',(#4204),#4208);
#4204 = CIRCLE('',#4205,2.5);
#4205 = AXIS2_PLACEMENT_2D('',#4206,#4207);
#4206 = CARTESIAN_POINT('',(14.5,-7.5));
#4207 = DIRECTION('',(0.,-1.));
#4208 = ( GEOMETRIC_REPRESENTATION_CONTEXT(2) 
PARAMETRIC_REPRESENTATION_CONTEXT() REPRESENTATION_CONTEXT('2D SPACE',''
  ) );
#4209 = PCURVE('',#267,#4210);
#4210 = DEFINITIONAL_REPRESENTATION('',(#4211),#4214);
#4211 = B_SPLINE_CURVE_WITH_KNOTS('',1,(#4212,#4213),.UNSPECIFIED.,.F.,
  .F.,(2,2),(0.,1.570796326795),.PIECEWISE_BEZIER_KNOTS.);
#4212 = CARTESIAN_POINT('',(-7.853981633974,4.6));
#4213 = CARTESIAN_POINT('',(-6.28318530718,4.6));
#4214 = ( GEOMETRIC_REPRESENTATION_CONTEXT(2) 
PARAMETRIC_REPRESENTATION_CONTEXT() REPRESENTATION_CONTEXT('2D SPACE',''
  ) );
#4215 = ORIENTED_EDGE('',*,*,#4216,.T.);
#4216 = EDGE_CURVE('',#4194,#4217,#4219,.T.);
#4217 = VERTEX_POINT('',#4218);
#4218 = CARTESIAN_POINT('',(17.,7.5,4.6));
#4219 = SURFACE_CURVE('',#4220,(#4224,#4231),.PCURVE_S1.);
#4220 = LINE('',#4221,#4222);
#4221 = CARTESIAN_POINT('',(17.,-10.,4.6));
#4222 = VECTOR('',#4223,1.);
#4223 = DIRECTION('',(0.,1.,0.));
#4224 = PCURVE('',#126,#4225);
#4225 = DEFINITIONAL_REPRESENTATION('',(#4226),#4230);
#4226 = LINE('',#4227,#4228);
#4227 = CARTESIAN_POINT('',(17.,-10.));
#4228 = VECTOR('',#4229,1.);
#4229 = DIRECTION('',(0.,1.));
#4230 = ( GEOMETRIC_REPRESENTATION_CONTEXT(2) 
PARAMETRIC_REPRESENTATION_CONTEXT() REPRESENTATION_CONTEXT('2D SPACE',''
  ) );
#4231 = PCURVE('',#294,#4232);
#4232 = DEFINITIONAL_REPRESENTATION('',(#4233),#4237);
#4233 = LINE('',#4234,#4235);
#4234 = CARTESIAN_POINT('',(4.6,0.));
#4235 = VECTOR('',#4236,1.);
#4236 = DIRECTION('',(0.,-1.));
#4237 = ( GEOMETRIC_REPRESENTATION_CONTEXT(2) 
PARAMETRIC_REPRESENTATION_CONTEXT() REPRESENTATION_CONTEXT('2D SPACE',''
  ) );
#4238 = ORIENTED_EDGE('',*,*,#4239,.T.);
#4239 = EDGE_CURVE('',#4217,#4240,#4242,.T.);
#4240 = VERTEX_POINT('',#4241);
#4241 = CARTESIAN_POINT('',(14.5,10.,4.6));
#4242 = SURFACE_CURVE('',#4243,(#4248,#4255),.PCURVE_S1.);
#4243 = CIRCLE('',#4244,2.5);
#4244 = AXIS2_PLACEMENT_3D('',#4245,#4246,#4247);
#4245 = CARTESIAN_POINT('',(14.5,7.5,4.6));
#4246 = DIRECTION('',(0.,0.,1.));
#4247 = DIRECTION('',(0.,-1.,0.));
#4248 = PCURVE('',#126,#4249);
#4249 = DEFINITIONAL_REPRESENTATION('',(#4250),#4254);
#4250 = CIRCLE('',#4251,2.5);
#4251 = AXIS2_PLACEMENT_2D('',#4252,#4253);
#4252 = CARTESIAN_POINT('',(14.5,7.5));
#4253 = DIRECTION('',(0.,-1.));
#4254 = ( GEOMETRIC_REPRESENTATION_CONTEXT(2) 
PARAMETRIC_REPRESENTATION_CONTEXT() REPRESENTATION_CONTEXT('2D SPACE',''
  ) );
#4255 = PCURVE('',#323,#4256);
#4256 = DEFINITIONAL_REPRESENTATION('',(#4257),#4261);
#4257 = LINE('',#4258,#4259);
#4258 = CARTESIAN_POINT('',(-1.570796326795,4.6));
#4259 = VECTOR('',#4260,1.);
#4260 = DIRECTION('',(1.,0.));
#4261 = ( GEOMETRIC_REPRESENTATION_CONTEXT(2) 
PARAMETRIC_REPRESENTATION_CONTEXT() REPRESENTATION_CONTEXT('2D SPACE',''
  ) );
#4262 = ORIENTED_EDGE('',*,*,#4263,.T.);
#4263 = EDGE_CURVE('',#4240,#4123,#4264,.T.);
#4264 = SURFACE_CURVE('',#4265,(#4269,#4276),.PCURVE_S1.);
#4265 = LINE('',#4266,#4267);
#4266 = CARTESIAN_POINT('',(17.,10.,4.6));
#4267 = VECTOR('',#4268,1.);
#4268 = DIRECTION('',(-1.,0.,0.));
#4269 = PCURVE('',#126,#4270);
#4270 = DEFINITIONAL_REPRESENTATION('',(#4271),#4275);
#4271 = LINE('',#4272,#4273);
#4272 = CARTESIAN_POINT('',(17.,10.));
#4273 = VECTOR('',#4274,1.);
#4274 = DIRECTION('',(-1.,0.));
#4275 = ( GEOMETRIC_REPRESENTATION_CONTEXT(2) 
PARAMETRIC_REPRESENTATION_CONTEXT() REPRESENTATION_CONTEXT('2D SPACE',''
  ) );
#4276 = PCURVE('',#351,#4277);
#4277 = DEFINITIONAL_REPRESENTATION('',(#4278),#4282);
#4278 = LINE('',#4279,#4280);
#4279 = CARTESIAN_POINT('',(4.6,34.));
#4280 = VECTOR('',#4281,1.);
#4281 = DIRECTION('',(0.,-1.));
#4282 = ( GEOMETRIC_REPRESENTATION_CONTEXT(2) 
PARAMETRIC_REPRESENTATION_CONTEXT() REPRESENTATION_CONTEXT('2D SPACE',''
  ) );
#4283 = ORIENTED_EDGE('',*,*,#4145,.T.);
#4284 = ORIENTED_EDGE('',*,*,#112,.T.);
#4285 = ORIENTED_EDGE('',*,*,#192,.F.);
#4286 = FACE_BOUND('',#4287,.T.);
#4287 = EDGE_LOOP('',(#4288));
#4288 = ORIENTED_EDGE('',*,*,#4289,.T.);
#4289 = EDGE_CURVE('',#4290,#4290,#4292,.T.);
#4290 = VERTEX_POINT('',#4291);
#4291 = CARTESIAN_POINT('',(-13.15,0.,4.6));
#4292 = SURFACE_CURVE('',#4293,(#4298,#4309),.PCURVE_S1.);
#4293 = CIRCLE('',#4294,1.35);
#4294 = AXIS2_PLACEMENT_3D('',#4295,#4296,#4297);
#4295 = CARTESIAN_POINT('',(-14.5,0.,4.6));
#4296 = DIRECTION('',(0.,0.,-1.));
#4297 = DIRECTION('',(1.,0.,0.));
#4298 = PCURVE('',#126,#4299);
#4299 = DEFINITIONAL_REPRESENTATION('',(#4300),#4308);
#4300 = ( BOUNDED_CURVE() B_SPLINE_CURVE(2,(#4301,#4302,#4303,#4304,
#4305,#4306,#4307),.UNSPECIFIED.,.T.,.F.) B_SPLINE_CURVE_WITH_KNOTS((1,2
    ,2,2,2,1),(-2.094395102393,0.,2.094395102393,4.188790204786,
6.28318530718,8.377580409573),.UNSPECIFIED.) CURVE() 
GEOMETRIC_REPRESENTATION_ITEM() RATIONAL_B_SPLINE_CURVE((1.,0.5,1.,0.5,
1.,0.5,1.)) REPRESENTATION_ITEM('') );
#4301 = CARTESIAN_POINT('',(-13.15,0.));
#4302 = CARTESIAN_POINT('',(-13.15,-2.338268590218));
#4303 = CARTESIAN_POINT('',(-15.175,-1.169134295109));
#4304 = CARTESIAN_POINT('',(-17.2,-3.306546357698E-16));
#4305 = CARTESIAN_POINT('',(-15.175,1.169134295109));
#4306 = CARTESIAN_POINT('',(-13.15,2.338268590218));
#4307 = CARTESIAN_POINT('',(-13.15,0.));
#4308 = ( GEOMETRIC_REPRESENTATION_CONTEXT(2) 
PARAMETRIC_REPRESENTATION_CONTEXT() REPRESENTATION_CONTEXT('2D SPACE',''
  ) );
#4309 = PCURVE('',#3965,#4310);
#4310 = DEFINITIONAL_REPRESENTATION('',(#4311),#4315);
#4311 = LINE('',#4312,#4313);
#4312 = CARTESIAN_POINT('',(-6.28318530718,-5.6));
#4313 = VECTOR('',#4314,1.);
#4314 = DIRECTION('',(1.,-0.));
#4315 = ( GEOMETRIC_REPRESENTATION_CONTEXT(2) 
PARAMETRIC_REPRESENTATION_CONTEXT() REPRESENTATION_CONTEXT('2D SPACE',''
  ) );
#4316 = FACE_BOUND('',#4317,.T.);
#4317 = EDGE_LOOP('',(#4318,#4346,#4372,#4398));
#4318 = ORIENTED_EDGE('',*,*,#4319,.T.);
#4319 = EDGE_CURVE('',#4320,#4322,#4324,.T.);
#4320 = VERTEX_POINT('',#4321);
#4321 = CARTESIAN_POINT('',(12.,7.,4.6));
#4322 = VERTEX_POINT('',#4323);
#4323 = CARTESIAN_POINT('',(12.,-7.,4.6));
#4324 = SURFACE_CURVE('',#4325,(#4329,#4335),.PCURVE_S1.);
#4325 = LINE('',#4326,#4327);
#4326 = CARTESIAN_POINT('',(12.,-3.5,4.6));
#4327 = VECTOR('',#4328,1.);
#4328 = DIRECTION('',(0.,-1.,0.));
#4329 = PCURVE('',#126,#4330);
#4330 = DEFINITIONAL_REPRESENTATION('',(#4331),#4334);
#4331 = B_SPLINE_CURVE_WITH_KNOTS('',1,(#4332,#4333),.UNSPECIFIED.,.F.,
  .F.,(2,2),(-10.5,3.5),.PIECEWISE_BEZIER_KNOTS.);
#4332 = CARTESIAN_POINT('',(12.,7.));
#4333 = CARTESIAN_POINT('',(12.,-7.));
#4334 = ( GEOMETRIC_REPRESENTATION_CONTEXT(2) 
PARAMETRIC_REPRESENTATION_CONTEXT() REPRESENTATION_CONTEXT('2D SPACE',''
  ) );
#4335 = PCURVE('',#4336,#4341);
#4336 = PLANE('',#4337);
#4337 = AXIS2_PLACEMENT_3D('',#4338,#4339,#4340);
#4338 = CARTESIAN_POINT('',(12.,-7.,2.));
#4339 = DIRECTION('',(-1.,0.,0.));
#4340 = DIRECTION('',(0.,1.,0.));
#4341 = DEFINITIONAL_REPRESENTATION('',(#4342),#4345);
#4342 = B_SPLINE_CURVE_WITH_KNOTS('',1,(#4343,#4344),.UNSPECIFIED.,.F.,
  .F.,(2,2),(-10.5,3.5),.PIECEWISE_BEZIER_KNOTS.);
#4343 = CARTESIAN_POINT('',(14.,-2.6));
#4344 = CARTESIAN_POINT('',(0.,-2.6));
#4345 = ( GEOMETRIC_REPRESENTATION_CONTEXT(2) 
PARAMETRIC_REPRESENTATION_CONTEXT() REPRESENTATION_CONTEXT('2D SPACE',''
  ) );
#4346 = ORIENTED_EDGE('',*,*,#4347,.T.);
#4347 = EDGE_CURVE('',#4322,#4348,#4350,.T.);
#4348 = VERTEX_POINT('',#4349);
#4349 = CARTESIAN_POINT('',(-12.,-7.,4.6));
#4350 = SURFACE_CURVE('',#4351,(#4355,#4361),.PCURVE_S1.);
#4351 = LINE('',#4352,#4353);
#4352 = CARTESIAN_POINT('',(-6.,-7.,4.6));
#4353 = VECTOR('',#4354,1.);
#4354 = DIRECTION('',(-1.,0.,0.));
#4355 = PCURVE('',#126,#4356);
#4356 = DEFINITIONAL_REPRESENTATION('',(#4357),#4360);
#4357 = B_SPLINE_CURVE_WITH_KNOTS('',1,(#4358,#4359),.UNSPECIFIED.,.F.,
  .F.,(2,2),(-18.,6.),.PIECEWISE_BEZIER_KNOTS.);
#4358 = CARTESIAN_POINT('',(12.,-7.));
#4359 = CARTESIAN_POINT('',(-12.,-7.));
#4360 = ( GEOMETRIC_REPRESENTATION_CONTEXT(2) 
PARAMETRIC_REPRESENTATION_CONTEXT() REPRESENTATION_CONTEXT('2D SPACE',''
  ) );
#4361 = PCURVE('',#4362,#4367);
#4362 = PLANE('',#4363);
#4363 = AXIS2_PLACEMENT_3D('',#4364,#4365,#4366);
#4364 = CARTESIAN_POINT('',(-12.,-7.,2.));
#4365 = DIRECTION('',(0.,1.,0.));
#4366 = DIRECTION('',(1.,0.,0.));
#4367 = DEFINITIONAL_REPRESENTATION('',(#4368),#4371);
#4368 = B_SPLINE_CURVE_WITH_KNOTS('',1,(#4369,#4370),.UNSPECIFIED.,.F.,
  .F.,(2,2),(-18.,6.),.PIECEWISE_BEZIER_KNOTS.);
#4369 = CARTESIAN_POINT('',(24.,-2.6));
#4370 = CARTESIAN_POINT('',(0.,-2.6));
#4371 = ( GEOMETRIC_REPRESENTATION_CONTEXT(2) 
PARAMETRIC_REPRESENTATION_CONTEXT() REPRESENTATION_CONTEXT('2D SPACE',''
  ) );
#4372 = ORIENTED_EDGE('',*,*,#4373,.T.);
#4373 = EDGE_CURVE('',#4348,#4374,#4376,.T.);
#4374 = VERTEX_POINT('',#4375);
#4375 = CARTESIAN_POINT('',(-12.,7.,4.6));
#4376 = SURFACE_CURVE('',#4377,(#4381,#4387),.PCURVE_S1.);
#4377 = LINE('',#4378,#4379);
#4378 = CARTESIAN_POINT('',(-12.,3.5,4.6));
#4379 = VECTOR('',#4380,1.);
#4380 = DIRECTION('',(-0.,1.,0.));
#4381 = PCURVE('',#126,#4382);
#4382 = DEFINITIONAL_REPRESENTATION('',(#4383),#4386);
#4383 = B_SPLINE_CURVE_WITH_KNOTS('',1,(#4384,#4385),.UNSPECIFIED.,.F.,
  .F.,(2,2),(-10.5,3.5),.PIECEWISE_BEZIER_KNOTS.);
#4384 = CARTESIAN_POINT('',(-12.,-7.));
#4385 = CARTESIAN_POINT('',(-12.,7.));
#4386 = ( GEOMETRIC_REPRESENTATION_CONTEXT(2) 
PARAMETRIC_REPRESENTATION_CONTEXT() REPRESENTATION_CONTEXT('2D SPACE',''
  ) );
#4387 = PCURVE('',#4388,#4393);
#4388 = PLANE('',#4389);
#4389 = AXIS2_PLACEMENT_3D('',#4390,#4391,#4392);
#4390 = CARTESIAN_POINT('',(-12.,7.,2.));
#4391 = DIRECTION('',(1.,0.,-0.));
#4392 = DIRECTION('',(0.,-1.,0.));
#4393 = DEFINITIONAL_REPRESENTATION('',(#4394),#4397);
#4394 = B_SPLINE_CURVE_WITH_KNOTS('',1,(#4395,#4396),.UNSPECIFIED.,.F.,
  .F.,(2,2),(-10.5,3.5),.PIECEWISE_BEZIER_KNOTS.);
#4395 = CARTESIAN_POINT('',(14.,-2.6));
#4396 = CARTESIAN_POINT('',(0.,-2.6));
#4397 = ( GEOMETRIC_REPRESENTATION_CONTEXT(2) 
PARAMETRIC_REPRESENTATION_CONTEXT() REPRESENTATION_CONTEXT('2D SPACE',''
  ) );
#4398 = ORIENTED_EDGE('',*,*,#4399,.T.);
#4399 = EDGE_CURVE('',#4374,#4320,#4400,.T.);
#4400 = SURFACE_CURVE('',#4401,(#4405,#4411),.PCURVE_S1.);
#4401 = LINE('',#4402,#4403);
#4402 = CARTESIAN_POINT('',(6.,7.,4.6));
#4403 = VECTOR('',#4404,1.);
#4404 = DIRECTION('',(1.,0.,-0.));
#4405 = PCURVE('',#126,#4406);
#4406 = DEFINITIONAL_REPRESENTATION('',(#4407),#4410);
#4407 = B_SPLINE_CURVE_WITH_KNOTS('',1,(#4408,#4409),.UNSPECIFIED.,.F.,
  .F.,(2,2),(-18.,6.),.PIECEWISE_BEZIER_KNOTS.);
#4408 = CARTESIAN_POINT('',(-12.,7.));
#4409 = CARTESIAN_POINT('',(12.,7.));
#4410 = ( GEOMETRIC_REPRESENTATION_CONTEXT(2) 
PARAMETRIC_REPRESENTATION_CONTEXT() REPRESENTATION_CONTEXT('2D SPACE',''
  ) );
#4411 = PCURVE('',#4412,#4417);
#4412 = PLANE('',#4413);
#4413 = AXIS2_PLACEMENT_3D('',#4414,#4415,#4416);
#4414 = CARTESIAN_POINT('',(12.,7.,2.));
#4415 = DIRECTION('',(0.,-1.,0.));
#4416 = DIRECTION('',(-1.,0.,0.));
#4417 = DEFINITIONAL_REPRESENTATION('',(#4418),#4421);
#4418 = B_SPLINE_CURVE_WITH_KNOTS('',1,(#4419,#4420),.UNSPECIFIED.,.F.,
  .F.,(2,2),(-18.,6.),.PIECEWISE_BEZIER_KNOTS.);
#4419 = CARTESIAN_POINT('',(24.,-2.6));
#4420 = CARTESIAN_POINT('',(0.,-2.6));
#4421 = ( GEOMETRIC_REPRESENTATION_CONTEXT(2) 
PARAMETRIC_REPRESENTATION_CONTEXT() REPRESENTATION_CONTEXT('2D SPACE',''
  ) );
#4422 = FACE_BOUND('',#4423,.T.);
#4423 = EDGE_LOOP('',(#4424));
#4424 = ORIENTED_EDGE('',*,*,#4425,.T.);
#4425 = EDGE_CURVE('',#4426,#4426,#4428,.T.);
#4426 = VERTEX_POINT('',#4427);
#4427 = CARTESIAN_POINT('',(15.85,0.,4.6));
#4428 = SURFACE_CURVE('',#4429,(#4434,#4445),.PCURVE_S1.);
#4429 = CIRCLE('',#4430,1.35);
#4430 = AXIS2_PLACEMENT_3D('',#4431,#4432,#4433);
#4431 = CARTESIAN_POINT('',(14.5,0.,4.6));
#4432 = DIRECTION('',(0.,0.,-1.));
#4433 = DIRECTION('',(1.,0.,0.));
#4434 = PCURVE('',#126,#4435);
#4435 = DEFINITIONAL_REPRESENTATION('',(#4436),#4444);
#4436 = ( BOUNDED_CURVE() B_SPLINE_CURVE(2,(#4437,#4438,#4439,#4440,
#4441,#4442,#4443),.UNSPECIFIED.,.T.,.F.) B_SPLINE_CURVE_WITH_KNOTS((1,2
    ,2,2,2,1),(-2.094395102393,0.,2.094395102393,4.188790204786,
6.28318530718,8.377580409573),.UNSPECIFIED.) CURVE() 
GEOMETRIC_REPRESENTATION_ITEM() RATIONAL_B_SPLINE_CURVE((1.,0.5,1.,0.5,
1.,0.5,1.)) REPRESENTATION_ITEM('') );
#4437 = CARTESIAN_POINT('',(15.85,0.));
#4438 = CARTESIAN_POINT('',(15.85,-2.338268590218));
#4439 = CARTESIAN_POINT('',(13.825,-1.169134295109));
#4440 = CARTESIAN_POINT('',(11.8,-3.306546357698E-16));
#4441 = CARTESIAN_POINT('',(13.825,1.169134295109));
#4442 = CARTESIAN_POINT('',(15.85,2.338268590218));
#4443 = CARTESIAN_POINT('',(15.85,0.));
#4444 = ( GEOMETRIC_REPRESENTATION_CONTEXT(2) 
PARAMETRIC_REPRESENTATION_CONTEXT() REPRESENTATION_CONTEXT('2D SPACE',''
  ) );
#4445 = PCURVE('',#4106,#4446);
#4446 = DEFINITIONAL_REPRESENTATION('',(#4447),#4451);
#4447 = LINE('',#4448,#4449);
#4448 = CARTESIAN_POINT('',(-6.28318530718,-5.6));
#4449 = VECTOR('',#4450,1.);
#4450 = DIRECTION('',(1.,-0.));
#4451 = ( GEOMETRIC_REPRESENTATION_CONTEXT(2) 
PARAMETRIC_REPRESENTATION_CONTEXT() REPRESENTATION_CONTEXT('2D SPACE',''
  ) );
#4452 = ADVANCED_FACE('',(#4453),#180,.F.);
#4453 = FACE_BOUND('',#4454,.F.);
#4454 = EDGE_LOOP('',(#4455,#4456,#4457,#4458));
#4455 = ORIENTED_EDGE('',*,*,#223,.F.);
#4456 = ORIENTED_EDGE('',*,*,#164,.T.);
#4457 = ORIENTED_EDGE('',*,*,#4170,.T.);
#4458 = ORIENTED_EDGE('',*,*,#4459,.F.);
#4459 = EDGE_CURVE('',#224,#4171,#4460,.T.);
#4460 = SURFACE_CURVE('',#4461,(#4465,#4472),.PCURVE_S1.);
#4461 = LINE('',#4462,#4463);
#4462 = CARTESIAN_POINT('',(14.5,-10.,0.));
#4463 = VECTOR('',#4464,1.);
#4464 = DIRECTION('',(0.,0.,1.));
#4465 = PCURVE('',#180,#4466);
#4466 = DEFINITIONAL_REPRESENTATION('',(#4467),#4471);
#4467 = LINE('',#4468,#4469);
#4468 = CARTESIAN_POINT('',(0.,31.5));
#4469 = VECTOR('',#4470,1.);
#4470 = DIRECTION('',(1.,0.));
#4471 = ( GEOMETRIC_REPRESENTATION_CONTEXT(2) 
PARAMETRIC_REPRESENTATION_CONTEXT() REPRESENTATION_CONTEXT('2D SPACE',''
  ) );
#4472 = PCURVE('',#267,#4473);
#4473 = DEFINITIONAL_REPRESENTATION('',(#4474),#4478);
#4474 = LINE('',#4475,#4476);
#4475 = CARTESIAN_POINT('',(-7.853981633974,0.));
#4476 = VECTOR('',#4477,1.);
#4477 = DIRECTION('',(-0.,1.));
#4478 = ( GEOMETRIC_REPRESENTATION_CONTEXT(2) 
PARAMETRIC_REPRESENTATION_CONTEXT() REPRESENTATION_CONTEXT('2D SPACE',''
  ) );
#4479 = ADVANCED_FACE('',(#4480),#351,.T.);
#4480 = FACE_BOUND('',#4481,.T.);
#4481 = EDGE_LOOP('',(#4482,#4483,#4484,#4485));
#4482 = ORIENTED_EDGE('',*,*,#335,.F.);
#4483 = ORIENTED_EDGE('',*,*,#4122,.F.);
#4484 = ORIENTED_EDGE('',*,*,#4263,.F.);
#4485 = ORIENTED_EDGE('',*,*,#4486,.T.);
#4486 = EDGE_CURVE('',#4240,#307,#4487,.T.);
#4487 = SURFACE_CURVE('',#4488,(#4492,#4499),.PCURVE_S1.);
#4488 = LINE('',#4489,#4490);
#4489 = CARTESIAN_POINT('',(14.5,10.,4.6));
#4490 = VECTOR('',#4491,1.);
#4491 = DIRECTION('',(0.,0.,-1.));
#4492 = PCURVE('',#351,#4493);
#4493 = DEFINITIONAL_REPRESENTATION('',(#4494),#4498);
#4494 = LINE('',#4495,#4496);
#4495 = CARTESIAN_POINT('',(4.6,31.5));
#4496 = VECTOR('',#4497,1.);
#4497 = DIRECTION('',(-1.,0.));
#4498 = ( GEOMETRIC_REPRESENTATION_CONTEXT(2) 
PARAMETRIC_REPRESENTATION_CONTEXT() REPRESENTATION_CONTEXT('2D SPACE',''
  ) );
#4499 = PCURVE('',#323,#4500);
#4500 = DEFINITIONAL_REPRESENTATION('',(#4501),#4505);
#4501 = LINE('',#4502,#4503);
#4502 = CARTESIAN_POINT('',(1.570796326795,4.6));
#4503 = VECTOR('',#4504,1.);
#4504 = DIRECTION('',(-0.,-1.));
#4505 = ( GEOMETRIC_REPRESENTATION_CONTEXT(2) 
PARAMETRIC_REPRESENTATION_CONTEXT() REPRESENTATION_CONTEXT('2D SPACE',''
  ) );
#4506 = ADVANCED_FACE('',(#4507),#267,.T.);
#4507 = FACE_BOUND('',#4508,.F.);
#4508 = EDGE_LOOP('',(#4509,#4510,#4511,#4512));
#4509 = ORIENTED_EDGE('',*,*,#246,.T.);
#4510 = ORIENTED_EDGE('',*,*,#4459,.T.);
#4511 = ORIENTED_EDGE('',*,*,#4193,.T.);
#4512 = ORIENTED_EDGE('',*,*,#4513,.F.);
#4513 = EDGE_CURVE('',#247,#4194,#4514,.T.);
#4514 = SURFACE_CURVE('',#4515,(#4519,#4526),.PCURVE_S1.);
#4515 = LINE('',#4516,#4517);
#4516 = CARTESIAN_POINT('',(17.,-7.5,0.));
#4517 = VECTOR('',#4518,1.);
#4518 = DIRECTION('',(0.,0.,1.));
#4519 = PCURVE('',#267,#4520);
#4520 = DEFINITIONAL_REPRESENTATION('',(#4521),#4525);
#4521 = LINE('',#4522,#4523);
#4522 = CARTESIAN_POINT('',(-6.28318530718,0.));
#4523 = VECTOR('',#4524,1.);
#4524 = DIRECTION('',(-0.,1.));
#4525 = ( GEOMETRIC_REPRESENTATION_CONTEXT(2) 
PARAMETRIC_REPRESENTATION_CONTEXT() REPRESENTATION_CONTEXT('2D SPACE',''
  ) );
#4526 = PCURVE('',#294,#4527);
#4527 = DEFINITIONAL_REPRESENTATION('',(#4528),#4532);
#4528 = LINE('',#4529,#4530);
#4529 = CARTESIAN_POINT('',(0.,-2.5));
#4530 = VECTOR('',#4531,1.);
#4531 = DIRECTION('',(1.,0.));
#4532 = ( GEOMETRIC_REPRESENTATION_CONTEXT(2) 
PARAMETRIC_REPRESENTATION_CONTEXT() REPRESENTATION_CONTEXT('2D SPACE',''
  ) );
#4533 = ADVANCED_FACE('',(#4534),#323,.T.);
#4534 = FACE_BOUND('',#4535,.T.);
#4535 = EDGE_LOOP('',(#4536,#4537,#4538,#4539));
#4536 = ORIENTED_EDGE('',*,*,#306,.T.);
#4537 = ORIENTED_EDGE('',*,*,#4486,.F.);
#4538 = ORIENTED_EDGE('',*,*,#4239,.F.);
#4539 = ORIENTED_EDGE('',*,*,#4540,.T.);
#4540 = EDGE_CURVE('',#4217,#279,#4541,.T.);
#4541 = SURFACE_CURVE('',#4542,(#4546,#4553),.PCURVE_S1.);
#4542 = LINE('',#4543,#4544);
#4543 = CARTESIAN_POINT('',(17.,7.5,4.6));
#4544 = VECTOR('',#4545,1.);
#4545 = DIRECTION('',(0.,0.,-1.));
#4546 = PCURVE('',#323,#4547);
#4547 = DEFINITIONAL_REPRESENTATION('',(#4548),#4552);
#4548 = LINE('',#4549,#4550);
#4549 = CARTESIAN_POINT('',(0.,4.6));
#4550 = VECTOR('',#4551,1.);
#4551 = DIRECTION('',(-0.,-1.));
#4552 = ( GEOMETRIC_REPRESENTATION_CONTEXT(2) 
PARAMETRIC_REPRESENTATION_CONTEXT() REPRESENTATION_CONTEXT('2D SPACE',''
  ) );
#4553 = PCURVE('',#294,#4554);
#4554 = DEFINITIONAL_REPRESENTATION('',(#4555),#4559);
#4555 = LINE('',#4556,#4557);
#4556 = CARTESIAN_POINT('',(4.6,-17.5));
#4557 = VECTOR('',#4558,1.);
#4558 = DIRECTION('',(-1.,0.));
#4559 = ( GEOMETRIC_REPRESENTATION_CONTEXT(2) 
PARAMETRIC_REPRESENTATION_CONTEXT() REPRESENTATION_CONTEXT('2D SPACE',''
  ) );
#4560 = ADVANCED_FACE('',(#4561),#294,.T.);
#4561 = FACE_BOUND('',#4562,.T.);
#4562 = EDGE_LOOP('',(#4563,#4564,#4565,#4566));
#4563 = ORIENTED_EDGE('',*,*,#4513,.F.);
#4564 = ORIENTED_EDGE('',*,*,#278,.T.);
#4565 = ORIENTED_EDGE('',*,*,#4540,.F.);
#4566 = ORIENTED_EDGE('',*,*,#4216,.F.);
#4567 = ADVANCED_FACE('',(#4568),#407,.T.);
#4568 = FACE_BOUND('',#4569,.T.);
#4569 = EDGE_LOOP('',(#4570,#4571,#4594,#4622));
#4570 = ORIENTED_EDGE('',*,*,#390,.F.);
#4571 = ORIENTED_EDGE('',*,*,#4572,.T.);
#4572 = EDGE_CURVE('',#391,#4573,#4575,.T.);
#4573 = VERTEX_POINT('',#4574);
#4574 = CARTESIAN_POINT('',(-7.34033203125,-6.009033203125,-0.4));
#4575 = SURFACE_CURVE('',#4576,(#4580,#4587),.PCURVE_S1.);
#4576 = LINE('',#4577,#4578);
#4577 = CARTESIAN_POINT('',(-7.34033203125,-6.009033203125,0.2));
#4578 = VECTOR('',#4579,1.);
#4579 = DIRECTION('',(0.,0.,-1.));
#4580 = PCURVE('',#407,#4581);
#4581 = DEFINITIONAL_REPRESENTATION('',(#4582),#4586);
#4582 = LINE('',#4583,#4584);
#4583 = CARTESIAN_POINT('',(0.,-0.));
#4584 = VECTOR('',#4585,1.);
#4585 = DIRECTION('',(0.,-1.));
#4586 = ( GEOMETRIC_REPRESENTATION_CONTEXT(2) 
PARAMETRIC_REPRESENTATION_CONTEXT() REPRESENTATION_CONTEXT('2D SPACE',''
  ) );
#4587 = PCURVE('',#433,#4588);
#4588 = DEFINITIONAL_REPRESENTATION('',(#4589),#4593);
#4589 = LINE('',#4590,#4591);
#4590 = CARTESIAN_POINT('',(1.661094705457,0.));
#4591 = VECTOR('',#4592,1.);
#4592 = DIRECTION('',(0.,-1.));
#4593 = ( GEOMETRIC_REPRESENTATION_CONTEXT(2) 
PARAMETRIC_REPRESENTATION_CONTEXT() REPRESENTATION_CONTEXT('2D SPACE',''
  ) );
#4594 = ORIENTED_EDGE('',*,*,#4595,.T.);
#4595 = EDGE_CURVE('',#4573,#4596,#4598,.T.);
#4596 = VERTEX_POINT('',#4597);
#4597 = CARTESIAN_POINT('',(-7.810546875,-6.009033203125,-0.4));
#4598 = SURFACE_CURVE('',#4599,(#4603,#4610),.PCURVE_S1.);
#4599 = LINE('',#4600,#4601);
#4600 = CARTESIAN_POINT('',(-7.34033203125,-6.009033203125,-0.4));
#4601 = VECTOR('',#4602,1.);
#4602 = DIRECTION('',(-1.,0.,0.));
#4603 = PCURVE('',#407,#4604);
#4604 = DEFINITIONAL_REPRESENTATION('',(#4605),#4609);
#4605 = LINE('',#4606,#4607);
#4606 = CARTESIAN_POINT('',(0.,-0.6));
#4607 = VECTOR('',#4608,1.);
#4608 = DIRECTION('',(1.,0.));
#4609 = ( GEOMETRIC_REPRESENTATION_CONTEXT(2) 
PARAMETRIC_REPRESENTATION_CONTEXT() REPRESENTATION_CONTEXT('2D SPACE',''
  ) );
#4610 = PCURVE('',#4611,#4616);
#4611 = PLANE('',#4612);
#4612 = AXIS2_PLACEMENT_3D('',#4613,#4614,#4615);
#4613 = CARTESIAN_POINT('',(-8.33349609375,-6.009033203125,-0.4));
#4614 = DIRECTION('',(0.,0.,-1.));
#4615 = DIRECTION('',(1.,0.,0.));
#4616 = DEFINITIONAL_REPRESENTATION('',(#4617),#4621);
#4617 = LINE('',#4618,#4619);
#4618 = CARTESIAN_POINT('',(0.9931640625,0.));
#4619 = VECTOR('',#4620,1.);
#4620 = DIRECTION('',(-1.,0.));
#4621 = ( GEOMETRIC_REPRESENTATION_CONTEXT(2) 
PARAMETRIC_REPRESENTATION_CONTEXT() REPRESENTATION_CONTEXT('2D SPACE',''
  ) );
#4622 = ORIENTED_EDGE('',*,*,#4623,.F.);
#4623 = EDGE_CURVE('',#393,#4596,#4624,.T.);
#4624 = SURFACE_CURVE('',#4625,(#4629,#4636),.PCURVE_S1.);
#4625 = LINE('',#4626,#4627);
#4626 = CARTESIAN_POINT('',(-7.810546875,-6.009033203125,0.2));
#4627 = VECTOR('',#4628,1.);
#4628 = DIRECTION('',(0.,0.,-1.));
#4629 = PCURVE('',#407,#4630);
#4630 = DEFINITIONAL_REPRESENTATION('',(#4631),#4635);
#4631 = LINE('',#4632,#4633);
#4632 = CARTESIAN_POINT('',(0.47021484375,0.));
#4633 = VECTOR('',#4634,1.);
#4634 = DIRECTION('',(0.,-1.));
#4635 = ( GEOMETRIC_REPRESENTATION_CONTEXT(2) 
PARAMETRIC_REPRESENTATION_CONTEXT() REPRESENTATION_CONTEXT('2D SPACE',''
  ) );
#4636 = PCURVE('',#717,#4637);
#4637 = DEFINITIONAL_REPRESENTATION('',(#4638),#4642);
#4638 = LINE('',#4639,#4640);
#4639 = CARTESIAN_POINT('',(0.,0.));
#4640 = VECTOR('',#4641,1.);
#4641 = DIRECTION('',(0.,-1.));
#4642 = ( GEOMETRIC_REPRESENTATION_CONTEXT(2) 
PARAMETRIC_REPRESENTATION_CONTEXT() REPRESENTATION_CONTEXT('2D SPACE',''
  ) );
#4643 = ADVANCED_FACE('',(#4644),#717,.T.);
#4644 = FACE_BOUND('',#4645,.T.);
#4645 = EDGE_LOOP('',(#4646,#4647,#4648,#4671));
#4646 = ORIENTED_EDGE('',*,*,#704,.F.);
#4647 = ORIENTED_EDGE('',*,*,#4623,.T.);
#4648 = ORIENTED_EDGE('',*,*,#4649,.T.);
#4649 = EDGE_CURVE('',#4596,#4650,#4652,.T.);
#4650 = VERTEX_POINT('',#4651);
#4651 = CARTESIAN_POINT('',(-8.3232421875,-8.156494140625,-0.4));
#4652 = SURFACE_CURVE('',#4653,(#4657,#4664),.PCURVE_S1.);
#4653 = LINE('',#4654,#4655);
#4654 = CARTESIAN_POINT('',(-7.810546875,-6.009033203125,-0.4));
#4655 = VECTOR('',#4656,1.);
#4656 = DIRECTION('',(-0.232218471025,-0.972663652922,0.));
#4657 = PCURVE('',#717,#4658);
#4658 = DEFINITIONAL_REPRESENTATION('',(#4659),#4663);
#4659 = LINE('',#4660,#4661);
#4660 = CARTESIAN_POINT('',(0.,-0.6));
#4661 = VECTOR('',#4662,1.);
#4662 = DIRECTION('',(1.,0.));
#4663 = ( GEOMETRIC_REPRESENTATION_CONTEXT(2) 
PARAMETRIC_REPRESENTATION_CONTEXT() REPRESENTATION_CONTEXT('2D SPACE',''
  ) );
#4664 = PCURVE('',#4611,#4665);
#4665 = DEFINITIONAL_REPRESENTATION('',(#4666),#4670);
#4666 = LINE('',#4667,#4668);
#4667 = CARTESIAN_POINT('',(0.52294921875,0.));
#4668 = VECTOR('',#4669,1.);
#4669 = DIRECTION('',(-0.232218471025,0.972663652922));
#4670 = ( GEOMETRIC_REPRESENTATION_CONTEXT(2) 
PARAMETRIC_REPRESENTATION_CONTEXT() REPRESENTATION_CONTEXT('2D SPACE',''
  ) );
#4671 = ORIENTED_EDGE('',*,*,#4672,.F.);
#4672 = EDGE_CURVE('',#679,#4650,#4673,.T.);
#4673 = SURFACE_CURVE('',#4674,(#4678,#4685),.PCURVE_S1.);
#4674 = LINE('',#4675,#4676);
#4675 = CARTESIAN_POINT('',(-8.3232421875,-8.156494140625,0.2));
#4676 = VECTOR('',#4677,1.);
#4677 = DIRECTION('',(0.,0.,-1.));
#4678 = PCURVE('',#717,#4679);
#4679 = DEFINITIONAL_REPRESENTATION('',(#4680),#4684);
#4680 = LINE('',#4681,#4682);
#4681 = CARTESIAN_POINT('',(2.207814521546,0.));
#4682 = VECTOR('',#4683,1.);
#4683 = DIRECTION('',(0.,-1.));
#4684 = ( GEOMETRIC_REPRESENTATION_CONTEXT(2) 
PARAMETRIC_REPRESENTATION_CONTEXT() REPRESENTATION_CONTEXT('2D SPACE',''
  ) );
#4685 = PCURVE('',#693,#4686);
#4686 = DEFINITIONAL_REPRESENTATION('',(#4687),#4691);
#4687 = LINE('',#4688,#4689);
#4688 = CARTESIAN_POINT('',(0.,0.));
#4689 = VECTOR('',#4690,1.);
#4690 = DIRECTION('',(0.,-1.));
#4691 = ( GEOMETRIC_REPRESENTATION_CONTEXT(2) 
PARAMETRIC_REPRESENTATION_CONTEXT() REPRESENTATION_CONTEXT('2D SPACE',''
  ) );
#4692 = ADVANCED_FACE('',(#4693),#693,.T.);
#4693 = FACE_BOUND('',#4694,.T.);
#4694 = EDGE_LOOP('',(#4695,#4696,#4697,#4720));
#4695 = ORIENTED_EDGE('',*,*,#678,.F.);
#4696 = ORIENTED_EDGE('',*,*,#4672,.T.);
#4697 = ORIENTED_EDGE('',*,*,#4698,.T.);
#4698 = EDGE_CURVE('',#4650,#4699,#4701,.T.);
#4699 = VERTEX_POINT('',#4700);
#4700 = CARTESIAN_POINT('',(-7.87939453125,-8.156494140625,-0.4));
#4701 = SURFACE_CURVE('',#4702,(#4706,#4713),.PCURVE_S1.);
#4702 = LINE('',#4703,#4704);
#4703 = CARTESIAN_POINT('',(-8.3232421875,-8.156494140625,-0.4));
#4704 = VECTOR('',#4705,1.);
#4705 = DIRECTION('',(1.,0.,0.));
#4706 = PCURVE('',#693,#4707);
#4707 = DEFINITIONAL_REPRESENTATION('',(#4708),#4712);
#4708 = LINE('',#4709,#4710);
#4709 = CARTESIAN_POINT('',(0.,-0.6));
#4710 = VECTOR('',#4711,1.);
#4711 = DIRECTION('',(1.,0.));
#4712 = ( GEOMETRIC_REPRESENTATION_CONTEXT(2) 
PARAMETRIC_REPRESENTATION_CONTEXT() REPRESENTATION_CONTEXT('2D SPACE',''
  ) );
#4713 = PCURVE('',#4611,#4714);
#4714 = DEFINITIONAL_REPRESENTATION('',(#4715),#4719);
#4715 = LINE('',#4716,#4717);
#4716 = CARTESIAN_POINT('',(1.025390625E-02,2.1474609375));
#4717 = VECTOR('',#4718,1.);
#4718 = DIRECTION('',(1.,0.));
#4719 = ( GEOMETRIC_REPRESENTATION_CONTEXT(2) 
PARAMETRIC_REPRESENTATION_CONTEXT() REPRESENTATION_CONTEXT('2D SPACE',''
  ) );
#4720 = ORIENTED_EDGE('',*,*,#4721,.F.);
#4721 = EDGE_CURVE('',#653,#4699,#4722,.T.);
#4722 = SURFACE_CURVE('',#4723,(#4727,#4734),.PCURVE_S1.);
#4723 = LINE('',#4724,#4725);
#4724 = CARTESIAN_POINT('',(-7.87939453125,-8.156494140625,0.2));
#4725 = VECTOR('',#4726,1.);
#4726 = DIRECTION('',(0.,0.,-1.));
#4727 = PCURVE('',#693,#4728);
#4728 = DEFINITIONAL_REPRESENTATION('',(#4729),#4733);
#4729 = LINE('',#4730,#4731);
#4730 = CARTESIAN_POINT('',(0.44384765625,0.));
#4731 = VECTOR('',#4732,1.);
#4732 = DIRECTION('',(0.,-1.));
#4733 = ( GEOMETRIC_REPRESENTATION_CONTEXT(2) 
PARAMETRIC_REPRESENTATION_CONTEXT() REPRESENTATION_CONTEXT('2D SPACE',''
  ) );
#4734 = PCURVE('',#667,#4735);
#4735 = DEFINITIONAL_REPRESENTATION('',(#4736),#4740);
#4736 = LINE('',#4737,#4738);
#4737 = CARTESIAN_POINT('',(0.,0.));
#4738 = VECTOR('',#4739,1.);
#4739 = DIRECTION('',(0.,-1.));
#4740 = ( GEOMETRIC_REPRESENTATION_CONTEXT(2) 
PARAMETRIC_REPRESENTATION_CONTEXT() REPRESENTATION_CONTEXT('2D SPACE',''
  ) );
#4741 = ADVANCED_FACE('',(#4742),#667,.T.);
#4742 = FACE_BOUND('',#4743,.T.);
#4743 = EDGE_LOOP('',(#4744,#4745,#4746,#4769));
#4744 = ORIENTED_EDGE('',*,*,#652,.F.);
#4745 = ORIENTED_EDGE('',*,*,#4721,.T.);
#4746 = ORIENTED_EDGE('',*,*,#4747,.T.);
#4747 = EDGE_CURVE('',#4699,#4748,#4750,.T.);
#4748 = VERTEX_POINT('',#4749);
#4749 = CARTESIAN_POINT('',(-7.5556640625,-6.681396484375,-0.4));
#4750 = SURFACE_CURVE('',#4751,(#4755,#4762),.PCURVE_S1.);
#4751 = LINE('',#4752,#4753);
#4752 = CARTESIAN_POINT('',(-7.87939453125,-8.156494140625,-0.4));
#4753 = VECTOR('',#4754,1.);
#4754 = DIRECTION('',(0.214362154382,0.97675425096,0.));
#4755 = PCURVE('',#667,#4756);
#4756 = DEFINITIONAL_REPRESENTATION('',(#4757),#4761);
#4757 = LINE('',#4758,#4759);
#4758 = CARTESIAN_POINT('',(0.,-0.6));
#4759 = VECTOR('',#4760,1.);
#4760 = DIRECTION('',(1.,0.));
#4761 = ( GEOMETRIC_REPRESENTATION_CONTEXT(2) 
PARAMETRIC_REPRESENTATION_CONTEXT() REPRESENTATION_CONTEXT('2D SPACE',''
  ) );
#4762 = PCURVE('',#4611,#4763);
#4763 = DEFINITIONAL_REPRESENTATION('',(#4764),#4768);
#4764 = LINE('',#4765,#4766);
#4765 = CARTESIAN_POINT('',(0.4541015625,2.1474609375));
#4766 = VECTOR('',#4767,1.);
#4767 = DIRECTION('',(0.214362154382,-0.97675425096));
#4768 = ( GEOMETRIC_REPRESENTATION_CONTEXT(2) 
PARAMETRIC_REPRESENTATION_CONTEXT() REPRESENTATION_CONTEXT('2D SPACE',''
  ) );
#4769 = ORIENTED_EDGE('',*,*,#4770,.F.);
#4770 = EDGE_CURVE('',#627,#4748,#4771,.T.);
#4771 = SURFACE_CURVE('',#4772,(#4776,#4783),.PCURVE_S1.);
#4772 = LINE('',#4773,#4774);
#4773 = CARTESIAN_POINT('',(-7.5556640625,-6.681396484375,0.2));
#4774 = VECTOR('',#4775,1.);
#4775 = DIRECTION('',(0.,0.,-1.));
#4776 = PCURVE('',#667,#4777);
#4777 = DEFINITIONAL_REPRESENTATION('',(#4778),#4782);
#4778 = LINE('',#4779,#4780);
#4779 = CARTESIAN_POINT('',(1.510203467044,0.));
#4780 = VECTOR('',#4781,1.);
#4781 = DIRECTION('',(0.,-1.));
#4782 = ( GEOMETRIC_REPRESENTATION_CONTEXT(2) 
PARAMETRIC_REPRESENTATION_CONTEXT() REPRESENTATION_CONTEXT('2D SPACE',''
  ) );
#4783 = PCURVE('',#641,#4784);
#4784 = DEFINITIONAL_REPRESENTATION('',(#4785),#4789);
#4785 = LINE('',#4786,#4787);
#4786 = CARTESIAN_POINT('',(-1.072877612482E-16,0.));
#4787 = VECTOR('',#4788,1.);
#4788 = DIRECTION('',(0.,-1.));
#4789 = ( GEOMETRIC_REPRESENTATION_CONTEXT(2) 
PARAMETRIC_REPRESENTATION_CONTEXT() REPRESENTATION_CONTEXT('2D SPACE',''
  ) );
#4790 = ADVANCED_FACE('',(#4791),#641,.T.);
#4791 = FACE_BOUND('',#4792,.T.);
#4792 = EDGE_LOOP('',(#4793,#4794,#4795,#4818));
#4793 = ORIENTED_EDGE('',*,*,#626,.F.);
#4794 = ORIENTED_EDGE('',*,*,#4770,.T.);
#4795 = ORIENTED_EDGE('',*,*,#4796,.T.);
#4796 = EDGE_CURVE('',#4748,#4797,#4799,.T.);
#4797 = VERTEX_POINT('',#4798);
#4798 = CARTESIAN_POINT('',(-7.1630859375,-8.156494140625,-0.4));
#4799 = SURFACE_CURVE('',#4800,(#4804,#4811),.PCURVE_S1.);
#4800 = LINE('',#4801,#4802);
#4801 = CARTESIAN_POINT('',(-7.5556640625,-6.681396484375,-0.4));
#4802 = VECTOR('',#4803,1.);
#4803 = DIRECTION('',(0.257184787653,-0.966362243157,0.));
#4804 = PCURVE('',#641,#4805);
#4805 = DEFINITIONAL_REPRESENTATION('',(#4806),#4810);
#4806 = LINE('',#4807,#4808);
#4807 = CARTESIAN_POINT('',(0.,-0.6));
#4808 = VECTOR('',#4809,1.);
#4809 = DIRECTION('',(1.,0.));
#4810 = ( GEOMETRIC_REPRESENTATION_CONTEXT(2) 
PARAMETRIC_REPRESENTATION_CONTEXT() REPRESENTATION_CONTEXT('2D SPACE',''
  ) );
#4811 = PCURVE('',#4611,#4812);
#4812 = DEFINITIONAL_REPRESENTATION('',(#4813),#4817);
#4813 = LINE('',#4814,#4815);
#4814 = CARTESIAN_POINT('',(0.77783203125,0.67236328125));
#4815 = VECTOR('',#4816,1.);
#4816 = DIRECTION('',(0.257184787653,0.966362243157));
#4817 = ( GEOMETRIC_REPRESENTATION_CONTEXT(2) 
PARAMETRIC_REPRESENTATION_CONTEXT() REPRESENTATION_CONTEXT('2D SPACE',''
  ) );
#4818 = ORIENTED_EDGE('',*,*,#4819,.F.);
#4819 = EDGE_CURVE('',#601,#4797,#4820,.T.);
#4820 = SURFACE_CURVE('',#4821,(#4825,#4832),.PCURVE_S1.);
#4821 = LINE('',#4822,#4823);
#4822 = CARTESIAN_POINT('',(-7.1630859375,-8.156494140625,0.2));
#4823 = VECTOR('',#4824,1.);
#4824 = DIRECTION('',(0.,0.,-1.));
#4825 = PCURVE('',#641,#4826);
#4826 = DEFINITIONAL_REPRESENTATION('',(#4827),#4831);
#4827 = LINE('',#4828,#4829);
#4828 = CARTESIAN_POINT('',(1.526443801685,0.));
#4829 = VECTOR('',#4830,1.);
#4830 = DIRECTION('',(0.,-1.));
#4831 = ( GEOMETRIC_REPRESENTATION_CONTEXT(2) 
PARAMETRIC_REPRESENTATION_CONTEXT() REPRESENTATION_CONTEXT('2D SPACE',''
  ) );
#4832 = PCURVE('',#615,#4833);
#4833 = DEFINITIONAL_REPRESENTATION('',(#4834),#4838);
#4834 = LINE('',#4835,#4836);
#4835 = CARTESIAN_POINT('',(0.,0.));
#4836 = VECTOR('',#4837,1.);
#4837 = DIRECTION('',(0.,-1.));
#4838 = ( GEOMETRIC_REPRESENTATION_CONTEXT(2) 
PARAMETRIC_REPRESENTATION_CONTEXT() REPRESENTATION_CONTEXT('2D SPACE',''
  ) );
#4839 = ADVANCED_FACE('',(#4840),#615,.T.);
#4840 = FACE_BOUND('',#4841,.T.);
#4841 = EDGE_LOOP('',(#4842,#4843,#4844,#4867));
#4842 = ORIENTED_EDGE('',*,*,#600,.F.);
#4843 = ORIENTED_EDGE('',*,*,#4819,.T.);
#4844 = ORIENTED_EDGE('',*,*,#4845,.T.);
#4845 = EDGE_CURVE('',#4797,#4846,#4848,.T.);
#4846 = VERTEX_POINT('',#4847);
#4847 = CARTESIAN_POINT('',(-6.6474609375,-8.156494140625,-0.4));
#4848 = SURFACE_CURVE('',#4849,(#4853,#4860),.PCURVE_S1.);
#4849 = LINE('',#4850,#4851);
#4850 = CARTESIAN_POINT('',(-7.1630859375,-8.156494140625,-0.4));
#4851 = VECTOR('',#4852,1.);
#4852 = DIRECTION('',(1.,0.,0.));
#4853 = PCURVE('',#615,#4854);
#4854 = DEFINITIONAL_REPRESENTATION('',(#4855),#4859);
#4855 = LINE('',#4856,#4857);
#4856 = CARTESIAN_POINT('',(0.,-0.6));
#4857 = VECTOR('',#4858,1.);
#4858 = DIRECTION('',(1.,0.));
#4859 = ( GEOMETRIC_REPRESENTATION_CONTEXT(2) 
PARAMETRIC_REPRESENTATION_CONTEXT() REPRESENTATION_CONTEXT('2D SPACE',''
  ) );
#4860 = PCURVE('',#4611,#4861);
#4861 = DEFINITIONAL_REPRESENTATION('',(#4862),#4866);
#4862 = LINE('',#4863,#4864);
#4863 = CARTESIAN_POINT('',(1.17041015625,2.1474609375));
#4864 = VECTOR('',#4865,1.);
#4865 = DIRECTION('',(1.,0.));
#4866 = ( GEOMETRIC_REPRESENTATION_CONTEXT(2) 
PARAMETRIC_REPRESENTATION_CONTEXT() REPRESENTATION_CONTEXT('2D SPACE',''
  ) );
#4867 = ORIENTED_EDGE('',*,*,#4868,.F.);
#4868 = EDGE_CURVE('',#575,#4846,#4869,.T.);
#4869 = SURFACE_CURVE('',#4870,(#4874,#4881),.PCURVE_S1.);
#4870 = LINE('',#4871,#4872);
#4871 = CARTESIAN_POINT('',(-6.6474609375,-8.156494140625,0.2));
#4872 = VECTOR('',#4873,1.);
#4873 = DIRECTION('',(0.,0.,-1.));
#4874 = PCURVE('',#615,#4875);
#4875 = DEFINITIONAL_REPRESENTATION('',(#4876),#4880);
#4876 = LINE('',#4877,#4878);
#4877 = CARTESIAN_POINT('',(0.515625,0.));
#4878 = VECTOR('',#4879,1.);
#4879 = DIRECTION('',(0.,-1.));
#4880 = ( GEOMETRIC_REPRESENTATION_CONTEXT(2) 
PARAMETRIC_REPRESENTATION_CONTEXT() REPRESENTATION_CONTEXT('2D SPACE',''
  ) );
#4881 = PCURVE('',#589,#4882);
#4882 = DEFINITIONAL_REPRESENTATION('',(#4883),#4887);
#4883 = LINE('',#4884,#4885);
#4884 = CARTESIAN_POINT('',(0.,0.));
#4885 = VECTOR('',#4886,1.);
#4886 = DIRECTION('',(0.,-1.));
#4887 = ( GEOMETRIC_REPRESENTATION_CONTEXT(2) 
PARAMETRIC_REPRESENTATION_CONTEXT() REPRESENTATION_CONTEXT('2D SPACE',''
  ) );
#4888 = ADVANCED_FACE('',(#4889),#589,.T.);
#4889 = FACE_BOUND('',#4890,.T.);
#4890 = EDGE_LOOP('',(#4891,#4892,#4893,#4916));
#4891 = ORIENTED_EDGE('',*,*,#574,.F.);
#4892 = ORIENTED_EDGE('',*,*,#4868,.T.);
#4893 = ORIENTED_EDGE('',*,*,#4894,.T.);
#4894 = EDGE_CURVE('',#4846,#4895,#4897,.T.);
#4895 = VERTEX_POINT('',#4896);
#4896 = CARTESIAN_POINT('',(-6.27099609375,-6.656494140625,-0.4));
#4897 = SURFACE_CURVE('',#4898,(#4902,#4909),.PCURVE_S1.);
#4898 = LINE('',#4899,#4900);
#4899 = CARTESIAN_POINT('',(-6.6474609375,-8.156494140625,-0.4));
#4900 = VECTOR('',#4901,1.);
#4901 = DIRECTION('',(0.243426992513,0.969919223088,0.));
#4902 = PCURVE('',#589,#4903);
#4903 = DEFINITIONAL_REPRESENTATION('',(#4904),#4908);
#4904 = LINE('',#4905,#4906);
#4905 = CARTESIAN_POINT('',(0.,-0.6));
#4906 = VECTOR('',#4907,1.);
#4907 = DIRECTION('',(1.,0.));
#4908 = ( GEOMETRIC_REPRESENTATION_CONTEXT(2) 
PARAMETRIC_REPRESENTATION_CONTEXT() REPRESENTATION_CONTEXT('2D SPACE',''
  ) );
#4909 = PCURVE('',#4611,#4910);
#4910 = DEFINITIONAL_REPRESENTATION('',(#4911),#4915);
#4911 = LINE('',#4912,#4913);
#4912 = CARTESIAN_POINT('',(1.68603515625,2.1474609375));
#4913 = VECTOR('',#4914,1.);
#4914 = DIRECTION('',(0.243426992513,-0.969919223088));
#4915 = ( GEOMETRIC_REPRESENTATION_CONTEXT(2) 
PARAMETRIC_REPRESENTATION_CONTEXT() REPRESENTATION_CONTEXT('2D SPACE',''
  ) );
#4916 = ORIENTED_EDGE('',*,*,#4917,.F.);
#4917 = EDGE_CURVE('',#549,#4895,#4918,.T.);
#4918 = SURFACE_CURVE('',#4919,(#4923,#4930),.PCURVE_S1.);
#4919 = LINE('',#4920,#4921);
#4920 = CARTESIAN_POINT('',(-6.27099609375,-6.656494140625,0.2));
#4921 = VECTOR('',#4922,1.);
#4922 = DIRECTION('',(0.,0.,-1.));
#4923 = PCURVE('',#589,#4924);
#4924 = DEFINITIONAL_REPRESENTATION('',(#4925),#4929);
#4925 = LINE('',#4926,#4927);
#4926 = CARTESIAN_POINT('',(1.546520539333,0.));
#4927 = VECTOR('',#4928,1.);
#4928 = DIRECTION('',(0.,-1.));
#4929 = ( GEOMETRIC_REPRESENTATION_CONTEXT(2) 
PARAMETRIC_REPRESENTATION_CONTEXT() REPRESENTATION_CONTEXT('2D SPACE',''
  ) );
#4930 = PCURVE('',#563,#4931);
#4931 = DEFINITIONAL_REPRESENTATION('',(#4932),#4936);
#4932 = LINE('',#4933,#4934);
#4933 = CARTESIAN_POINT('',(0.,0.));
#4934 = VECTOR('',#4935,1.);
#4935 = DIRECTION('',(0.,-1.));
#4936 = ( GEOMETRIC_REPRESENTATION_CONTEXT(2) 
PARAMETRIC_REPRESENTATION_CONTEXT() REPRESENTATION_CONTEXT('2D SPACE',''
  ) );
#4937 = ADVANCED_FACE('',(#4938),#563,.T.);
#4938 = FACE_BOUND('',#4939,.T.);
#4939 = EDGE_LOOP('',(#4940,#4941,#4942,#4965));
#4940 = ORIENTED_EDGE('',*,*,#548,.F.);
#4941 = ORIENTED_EDGE('',*,*,#4917,.T.);
#4942 = ORIENTED_EDGE('',*,*,#4943,.T.);
#4943 = EDGE_CURVE('',#4895,#4944,#4946,.T.);
#4944 = VERTEX_POINT('',#4945);
#4945 = CARTESIAN_POINT('',(-5.94140625,-8.156494140625,-0.4));
#4946 = SURFACE_CURVE('',#4947,(#4951,#4958),.PCURVE_S1.);
#4947 = LINE('',#4948,#4949);
#4948 = CARTESIAN_POINT('',(-6.27099609375,-6.656494140625,-0.4));
#4949 = VECTOR('',#4950,1.);
#4950 = DIRECTION('',(0.214607038113,-0.976700475679,0.));
#4951 = PCURVE('',#563,#4952);
#4952 = DEFINITIONAL_REPRESENTATION('',(#4953),#4957);
#4953 = LINE('',#4954,#4955);
#4954 = CARTESIAN_POINT('',(0.,-0.6));
#4955 = VECTOR('',#4956,1.);
#4956 = DIRECTION('',(1.,0.));
#4957 = ( GEOMETRIC_REPRESENTATION_CONTEXT(2) 
PARAMETRIC_REPRESENTATION_CONTEXT() REPRESENTATION_CONTEXT('2D SPACE',''
  ) );
#4958 = PCURVE('',#4611,#4959);
#4959 = DEFINITIONAL_REPRESENTATION('',(#4960),#4964);
#4960 = LINE('',#4961,#4962);
#4961 = CARTESIAN_POINT('',(2.0625,0.6474609375));
#4962 = VECTOR('',#4963,1.);
#4963 = DIRECTION('',(0.214607038113,0.976700475679));
#4964 = ( GEOMETRIC_REPRESENTATION_CONTEXT(2) 
PARAMETRIC_REPRESENTATION_CONTEXT() REPRESENTATION_CONTEXT('2D SPACE',''
  ) );
#4965 = ORIENTED_EDGE('',*,*,#4966,.F.);
#4966 = EDGE_CURVE('',#523,#4944,#4967,.T.);
#4967 = SURFACE_CURVE('',#4968,(#4972,#4979),.PCURVE_S1.);
#4968 = LINE('',#4969,#4970);
#4969 = CARTESIAN_POINT('',(-5.94140625,-8.156494140625,0.2));
#4970 = VECTOR('',#4971,1.);
#4971 = DIRECTION('',(0.,0.,-1.));
#4972 = PCURVE('',#563,#4973);
#4973 = DEFINITIONAL_REPRESENTATION('',(#4974),#4978);
#4974 = LINE('',#4975,#4976);
#4975 = CARTESIAN_POINT('',(1.535783013678,0.));
#4976 = VECTOR('',#4977,1.);
#4977 = DIRECTION('',(0.,-1.));
#4978 = ( GEOMETRIC_REPRESENTATION_CONTEXT(2) 
PARAMETRIC_REPRESENTATION_CONTEXT() REPRESENTATION_CONTEXT('2D SPACE',''
  ) );
#4979 = PCURVE('',#537,#4980);
#4980 = DEFINITIONAL_REPRESENTATION('',(#4981),#4985);
#4981 = LINE('',#4982,#4983);
#4982 = CARTESIAN_POINT('',(0.,0.));
#4983 = VECTOR('',#4984,1.);
#4984 = DIRECTION('',(0.,-1.));
#4985 = ( GEOMETRIC_REPRESENTATION_CONTEXT(2) 
PARAMETRIC_REPRESENTATION_CONTEXT() REPRESENTATION_CONTEXT('2D SPACE',''
  ) );
#4986 = ADVANCED_FACE('',(#4987),#537,.T.);
#4987 = FACE_BOUND('',#4988,.T.);
#4988 = EDGE_LOOP('',(#4989,#4990,#4991,#5014));
#4989 = ORIENTED_EDGE('',*,*,#522,.F.);
#4990 = ORIENTED_EDGE('',*,*,#4966,.T.);
#4991 = ORIENTED_EDGE('',*,*,#4992,.T.);
#4992 = EDGE_CURVE('',#4944,#4993,#4995,.T.);
#4993 = VERTEX_POINT('',#4994);
#4994 = CARTESIAN_POINT('',(-5.5048828125,-8.156494140625,-0.4));
#4995 = SURFACE_CURVE('',#4996,(#5000,#5007),.PCURVE_S1.);
#4996 = LINE('',#4997,#4998);
#4997 = CARTESIAN_POINT('',(-5.94140625,-8.156494140625,-0.4));
#4998 = VECTOR('',#4999,1.);
#4999 = DIRECTION('',(1.,0.,0.));
#5000 = PCURVE('',#537,#5001);
#5001 = DEFINITIONAL_REPRESENTATION('',(#5002),#5006);
#5002 = LINE('',#5003,#5004);
#5003 = CARTESIAN_POINT('',(0.,-0.6));
#5004 = VECTOR('',#5005,1.);
#5005 = DIRECTION('',(1.,0.));
#5006 = ( GEOMETRIC_REPRESENTATION_CONTEXT(2) 
PARAMETRIC_REPRESENTATION_CONTEXT() REPRESENTATION_CONTEXT('2D SPACE',''
  ) );
#5007 = PCURVE('',#4611,#5008);
#5008 = DEFINITIONAL_REPRESENTATION('',(#5009),#5013);
#5009 = LINE('',#5010,#5011);
#5010 = CARTESIAN_POINT('',(2.39208984375,2.1474609375));
#5011 = VECTOR('',#5012,1.);
#5012 = DIRECTION('',(1.,0.));
#5013 = ( GEOMETRIC_REPRESENTATION_CONTEXT(2) 
PARAMETRIC_REPRESENTATION_CONTEXT() REPRESENTATION_CONTEXT('2D SPACE',''
  ) );
#5014 = ORIENTED_EDGE('',*,*,#5015,.F.);
#5015 = EDGE_CURVE('',#497,#4993,#5016,.T.);
#5016 = SURFACE_CURVE('',#5017,(#5021,#5028),.PCURVE_S1.);
#5017 = LINE('',#5018,#5019);
#5018 = CARTESIAN_POINT('',(-5.5048828125,-8.156494140625,0.2));
#5019 = VECTOR('',#5020,1.);
#5020 = DIRECTION('',(0.,0.,-1.));
#5021 = PCURVE('',#537,#5022);
#5022 = DEFINITIONAL_REPRESENTATION('',(#5023),#5027);
#5023 = LINE('',#5024,#5025);
#5024 = CARTESIAN_POINT('',(0.4365234375,0.));
#5025 = VECTOR('',#5026,1.);
#5026 = DIRECTION('',(0.,-1.));
#5027 = ( GEOMETRIC_REPRESENTATION_CONTEXT(2) 
PARAMETRIC_REPRESENTATION_CONTEXT() REPRESENTATION_CONTEXT('2D SPACE',''
  ) );
#5028 = PCURVE('',#511,#5029);
#5029 = DEFINITIONAL_REPRESENTATION('',(#5030),#5034);
#5030 = LINE('',#5031,#5032);
#5031 = CARTESIAN_POINT('',(0.,0.));
#5032 = VECTOR('',#5033,1.);
#5033 = DIRECTION('',(0.,-1.));
#5034 = ( GEOMETRIC_REPRESENTATION_CONTEXT(2) 
PARAMETRIC_REPRESENTATION_CONTEXT() REPRESENTATION_CONTEXT('2D SPACE',''
  ) );
#5035 = ADVANCED_FACE('',(#5036),#511,.T.);
#5036 = FACE_BOUND('',#5037,.T.);
#5037 = EDGE_LOOP('',(#5038,#5039,#5040,#5063));
#5038 = ORIENTED_EDGE('',*,*,#496,.F.);
#5039 = ORIENTED_EDGE('',*,*,#5015,.T.);
#5040 = ORIENTED_EDGE('',*,*,#5041,.T.);
#5041 = EDGE_CURVE('',#4993,#5042,#5044,.T.);
#5042 = VERTEX_POINT('',#5043);
#5043 = CARTESIAN_POINT('',(-6.0263671875,-6.009033203125,-0.4));
#5044 = SURFACE_CURVE('',#5045,(#5049,#5056),.PCURVE_S1.);
#5045 = LINE('',#5046,#5047);
#5046 = CARTESIAN_POINT('',(-5.5048828125,-8.156494140625,-0.4));
#5047 = VECTOR('',#5048,1.);
#5048 = DIRECTION('',(-0.235979443901,0.971758047076,-0.));
#5049 = PCURVE('',#511,#5050);
#5050 = DEFINITIONAL_REPRESENTATION('',(#5051),#5055);
#5051 = LINE('',#5052,#5053);
#5052 = CARTESIAN_POINT('',(0.,-0.6));
#5053 = VECTOR('',#5054,1.);
#5054 = DIRECTION('',(1.,0.));
#5055 = ( GEOMETRIC_REPRESENTATION_CONTEXT(2) 
PARAMETRIC_REPRESENTATION_CONTEXT() REPRESENTATION_CONTEXT('2D SPACE',''
  ) );
#5056 = PCURVE('',#4611,#5057);
#5057 = DEFINITIONAL_REPRESENTATION('',(#5058),#5062);
#5058 = LINE('',#5059,#5060);
#5059 = CARTESIAN_POINT('',(2.82861328125,2.1474609375));
#5060 = VECTOR('',#5061,1.);
#5061 = DIRECTION('',(-0.235979443901,-0.971758047076));
#5062 = ( GEOMETRIC_REPRESENTATION_CONTEXT(2) 
PARAMETRIC_REPRESENTATION_CONTEXT() REPRESENTATION_CONTEXT('2D SPACE',''
  ) );
#5063 = ORIENTED_EDGE('',*,*,#5064,.F.);
#5064 = EDGE_CURVE('',#471,#5042,#5065,.T.);
#5065 = SURFACE_CURVE('',#5066,(#5070,#5077),.PCURVE_S1.);
#5066 = LINE('',#5067,#5068);
#5067 = CARTESIAN_POINT('',(-6.0263671875,-6.009033203125,0.2));
#5068 = VECTOR('',#5069,1.);
#5069 = DIRECTION('',(0.,0.,-1.));
#5070 = PCURVE('',#511,#5071);
#5071 = DEFINITIONAL_REPRESENTATION('',(#5072),#5076);
#5072 = LINE('',#5073,#5074);
#5073 = CARTESIAN_POINT('',(2.209872039612,0.));
#5074 = VECTOR('',#5075,1.);
#5075 = DIRECTION('',(0.,-1.));
#5076 = ( GEOMETRIC_REPRESENTATION_CONTEXT(2) 
PARAMETRIC_REPRESENTATION_CONTEXT() REPRESENTATION_CONTEXT('2D SPACE',''
  ) );
#5077 = PCURVE('',#485,#5078);
#5078 = DEFINITIONAL_REPRESENTATION('',(#5079),#5083);
#5079 = LINE('',#5080,#5081);
#5080 = CARTESIAN_POINT('',(0.,-0.));
#5081 = VECTOR('',#5082,1.);
#5082 = DIRECTION('',(0.,-1.));
#5083 = ( GEOMETRIC_REPRESENTATION_CONTEXT(2) 
PARAMETRIC_REPRESENTATION_CONTEXT() REPRESENTATION_CONTEXT('2D SPACE',''
  ) );
#5084 = ADVANCED_FACE('',(#5085),#485,.T.);
#5085 = FACE_BOUND('',#5086,.T.);
#5086 = EDGE_LOOP('',(#5087,#5088,#5089,#5112));
#5087 = ORIENTED_EDGE('',*,*,#470,.F.);
#5088 = ORIENTED_EDGE('',*,*,#5064,.T.);
#5089 = ORIENTED_EDGE('',*,*,#5090,.T.);
#5090 = EDGE_CURVE('',#5042,#5091,#5093,.T.);
#5091 = VERTEX_POINT('',#5092);
#5092 = CARTESIAN_POINT('',(-6.486328125,-6.009033203125,-0.4));
#5093 = SURFACE_CURVE('',#5094,(#5098,#5105),.PCURVE_S1.);
#5094 = LINE('',#5095,#5096);
#5095 = CARTESIAN_POINT('',(-6.0263671875,-6.009033203125,-0.4));
#5096 = VECTOR('',#5097,1.);
#5097 = DIRECTION('',(-1.,0.,0.));
#5098 = PCURVE('',#485,#5099);
#5099 = DEFINITIONAL_REPRESENTATION('',(#5100),#5104);
#5100 = LINE('',#5101,#5102);
#5101 = CARTESIAN_POINT('',(0.,-0.6));
#5102 = VECTOR('',#5103,1.);
#5103 = DIRECTION('',(1.,0.));
#5104 = ( GEOMETRIC_REPRESENTATION_CONTEXT(2) 
PARAMETRIC_REPRESENTATION_CONTEXT() REPRESENTATION_CONTEXT('2D SPACE',''
  ) );
#5105 = PCURVE('',#4611,#5106);
#5106 = DEFINITIONAL_REPRESENTATION('',(#5107),#5111);
#5107 = LINE('',#5108,#5109);
#5108 = CARTESIAN_POINT('',(2.30712890625,0.));
#5109 = VECTOR('',#5110,1.);
#5110 = DIRECTION('',(-1.,0.));
#5111 = ( GEOMETRIC_REPRESENTATION_CONTEXT(2) 
PARAMETRIC_REPRESENTATION_CONTEXT() REPRESENTATION_CONTEXT('2D SPACE',''
  ) );
#5112 = ORIENTED_EDGE('',*,*,#5113,.F.);
#5113 = EDGE_CURVE('',#445,#5091,#5114,.T.);
#5114 = SURFACE_CURVE('',#5115,(#5119,#5126),.PCURVE_S1.);
#5115 = LINE('',#5116,#5117);
#5116 = CARTESIAN_POINT('',(-6.486328125,-6.009033203125,0.2));
#5117 = VECTOR('',#5118,1.);
#5118 = DIRECTION('',(0.,0.,-1.));
#5119 = PCURVE('',#485,#5120);
#5120 = DEFINITIONAL_REPRESENTATION('',(#5121),#5125);
#5121 = LINE('',#5122,#5123);
#5122 = CARTESIAN_POINT('',(0.4599609375,0.));
#5123 = VECTOR('',#5124,1.);
#5124 = DIRECTION('',(0.,-1.));
#5125 = ( GEOMETRIC_REPRESENTATION_CONTEXT(2) 
PARAMETRIC_REPRESENTATION_CONTEXT() REPRESENTATION_CONTEXT('2D SPACE',''
  ) );
#5126 = PCURVE('',#459,#5127);
#5127 = DEFINITIONAL_REPRESENTATION('',(#5128),#5132);
#5128 = LINE('',#5129,#5130);
#5129 = CARTESIAN_POINT('',(0.,0.));
#5130 = VECTOR('',#5131,1.);
#5131 = DIRECTION('',(0.,-1.));
#5132 = ( GEOMETRIC_REPRESENTATION_CONTEXT(2) 
PARAMETRIC_REPRESENTATION_CONTEXT() REPRESENTATION_CONTEXT('2D SPACE',''
  ) );
#5133 = ADVANCED_FACE('',(#5134),#459,.T.);
#5134 = FACE_BOUND('',#5135,.T.);
#5135 = EDGE_LOOP('',(#5136,#5137,#5138,#5161));
#5136 = ORIENTED_EDGE('',*,*,#444,.F.);
#5137 = ORIENTED_EDGE('',*,*,#5113,.T.);
#5138 = ORIENTED_EDGE('',*,*,#5139,.T.);
#5139 = EDGE_CURVE('',#5091,#5140,#5142,.T.);
#5140 = VERTEX_POINT('',#5141);
#5141 = CARTESIAN_POINT('',(-6.9140625,-7.614501953125,-0.4));
#5142 = SURFACE_CURVE('',#5143,(#5147,#5154),.PCURVE_S1.);
#5143 = LINE('',#5144,#5145);
#5144 = CARTESIAN_POINT('',(-6.486328125,-6.009033203125,-0.4));
#5145 = VECTOR('',#5146,1.);
#5146 = DIRECTION('',(-0.25744314484,-0.966293447755,0.));
#5147 = PCURVE('',#459,#5148);
#5148 = DEFINITIONAL_REPRESENTATION('',(#5149),#5153);
#5149 = LINE('',#5150,#5151);
#5150 = CARTESIAN_POINT('',(0.,-0.6));
#5151 = VECTOR('',#5152,1.);
#5152 = DIRECTION('',(1.,0.));
#5153 = ( GEOMETRIC_REPRESENTATION_CONTEXT(2) 
PARAMETRIC_REPRESENTATION_CONTEXT() REPRESENTATION_CONTEXT('2D SPACE',''
  ) );
#5154 = PCURVE('',#4611,#5155);
#5155 = DEFINITIONAL_REPRESENTATION('',(#5156),#5160);
#5156 = LINE('',#5157,#5158);
#5157 = CARTESIAN_POINT('',(1.84716796875,0.));
#5158 = VECTOR('',#5159,1.);
#5159 = DIRECTION('',(-0.25744314484,0.966293447755));
#5160 = ( GEOMETRIC_REPRESENTATION_CONTEXT(2) 
PARAMETRIC_REPRESENTATION_CONTEXT() REPRESENTATION_CONTEXT('2D SPACE',''
  ) );
#5161 = ORIENTED_EDGE('',*,*,#5162,.F.);
#5162 = EDGE_CURVE('',#419,#5140,#5163,.T.);
#5163 = SURFACE_CURVE('',#5164,(#5168,#5175),.PCURVE_S1.);
#5164 = LINE('',#5165,#5166);
#5165 = CARTESIAN_POINT('',(-6.9140625,-7.614501953125,0.2));
#5166 = VECTOR('',#5167,1.);
#5167 = DIRECTION('',(0.,0.,-1.));
#5168 = PCURVE('',#459,#5169);
#5169 = DEFINITIONAL_REPRESENTATION('',(#5170),#5174);
#5170 = LINE('',#5171,#5172);
#5171 = CARTESIAN_POINT('',(1.661471216357,0.));
#5172 = VECTOR('',#5173,1.);
#5173 = DIRECTION('',(0.,-1.));
#5174 = ( GEOMETRIC_REPRESENTATION_CONTEXT(2) 
PARAMETRIC_REPRESENTATION_CONTEXT() REPRESENTATION_CONTEXT('2D SPACE',''
  ) );
#5175 = PCURVE('',#433,#5176);
#5176 = DEFINITIONAL_REPRESENTATION('',(#5177),#5181);
#5177 = LINE('',#5178,#5179);
#5178 = CARTESIAN_POINT('',(0.,0.));
#5179 = VECTOR('',#5180,1.);
#5180 = DIRECTION('',(0.,-1.));
#5181 = ( GEOMETRIC_REPRESENTATION_CONTEXT(2) 
PARAMETRIC_REPRESENTATION_CONTEXT() REPRESENTATION_CONTEXT('2D SPACE',''
  ) );
#5182 = ADVANCED_FACE('',(#5183),#433,.T.);
#5183 = FACE_BOUND('',#5184,.T.);
#5184 = EDGE_LOOP('',(#5185,#5186,#5187,#5208));
#5185 = ORIENTED_EDGE('',*,*,#418,.F.);
#5186 = ORIENTED_EDGE('',*,*,#5162,.T.);
#5187 = ORIENTED_EDGE('',*,*,#5188,.T.);
#5188 = EDGE_CURVE('',#5140,#4573,#5189,.T.);
#5189 = SURFACE_CURVE('',#5190,(#5194,#5201),.PCURVE_S1.);
#5190 = LINE('',#5191,#5192);
#5191 = CARTESIAN_POINT('',(-6.9140625,-7.614501953125,-0.4));
#5192 = VECTOR('',#5193,1.);
#5193 = DIRECTION('',(-0.25661964357,0.966512472001,-0.));
#5194 = PCURVE('',#433,#5195);
#5195 = DEFINITIONAL_REPRESENTATION('',(#5196),#5200);
#5196 = LINE('',#5197,#5198);
#5197 = CARTESIAN_POINT('',(0.,-0.6));
#5198 = VECTOR('',#5199,1.);
#5199 = DIRECTION('',(1.,0.));
#5200 = ( GEOMETRIC_REPRESENTATION_CONTEXT(2) 
PARAMETRIC_REPRESENTATION_CONTEXT() REPRESENTATION_CONTEXT('2D SPACE',''
  ) );
#5201 = PCURVE('',#4611,#5202);
#5202 = DEFINITIONAL_REPRESENTATION('',(#5203),#5207);
#5203 = LINE('',#5204,#5205);
#5204 = CARTESIAN_POINT('',(1.41943359375,1.60546875));
#5205 = VECTOR('',#5206,1.);
#5206 = DIRECTION('',(-0.25661964357,-0.966512472001));
#5207 = ( GEOMETRIC_REPRESENTATION_CONTEXT(2) 
PARAMETRIC_REPRESENTATION_CONTEXT() REPRESENTATION_CONTEXT('2D SPACE',''
  ) );
#5208 = ORIENTED_EDGE('',*,*,#4572,.F.);
#5209 = ADVANCED_FACE('',(#5210),#747,.T.);
#5210 = FACE_BOUND('',#5211,.T.);
#5211 = EDGE_LOOP('',(#5212,#5213,#5236,#5264));
#5212 = ORIENTED_EDGE('',*,*,#730,.F.);
#5213 = ORIENTED_EDGE('',*,*,#5214,.T.);
#5214 = EDGE_CURVE('',#731,#5215,#5217,.T.);
#5215 = VERTEX_POINT('',#5216);
#5216 = CARTESIAN_POINT('',(-4.8486328125,-6.009033203125,-0.4));
#5217 = SURFACE_CURVE('',#5218,(#5222,#5229),.PCURVE_S1.);
#5218 = LINE('',#5219,#5220);
#5219 = CARTESIAN_POINT('',(-4.8486328125,-6.009033203125,0.2));
#5220 = VECTOR('',#5221,1.);
#5221 = DIRECTION('',(0.,0.,-1.));
#5222 = PCURVE('',#747,#5223);
#5223 = DEFINITIONAL_REPRESENTATION('',(#5224),#5228);
#5224 = LINE('',#5225,#5226);
#5225 = CARTESIAN_POINT('',(0.,-0.));
#5226 = VECTOR('',#5227,1.);
#5227 = DIRECTION('',(0.,-1.));
#5228 = ( GEOMETRIC_REPRESENTATION_CONTEXT(2) 
PARAMETRIC_REPRESENTATION_CONTEXT() REPRESENTATION_CONTEXT('2D SPACE',''
  ) );
#5229 = PCURVE('',#773,#5230);
#5230 = DEFINITIONAL_REPRESENTATION('',(#5231),#5235);
#5231 = LINE('',#5232,#5233);
#5232 = CARTESIAN_POINT('',(0.93896484375,0.));
#5233 = VECTOR('',#5234,1.);
#5234 = DIRECTION('',(0.,-1.));
#5235 = ( GEOMETRIC_REPRESENTATION_CONTEXT(2) 
PARAMETRIC_REPRESENTATION_CONTEXT() REPRESENTATION_CONTEXT('2D SPACE',''
  ) );
#5236 = ORIENTED_EDGE('',*,*,#5237,.T.);
#5237 = EDGE_CURVE('',#5215,#5238,#5240,.T.);
#5238 = VERTEX_POINT('',#5239);
#5239 = CARTESIAN_POINT('',(-5.2822265625,-6.009033203125,-0.4));
#5240 = SURFACE_CURVE('',#5241,(#5245,#5252),.PCURVE_S1.);
#5241 = LINE('',#5242,#5243);
#5242 = CARTESIAN_POINT('',(-4.8486328125,-6.009033203125,-0.4));
#5243 = VECTOR('',#5244,1.);
#5244 = DIRECTION('',(-1.,0.,0.));
#5245 = PCURVE('',#747,#5246);
#5246 = DEFINITIONAL_REPRESENTATION('',(#5247),#5251);
#5247 = LINE('',#5248,#5249);
#5248 = CARTESIAN_POINT('',(0.,-0.6));
#5249 = VECTOR('',#5250,1.);
#5250 = DIRECTION('',(1.,0.));
#5251 = ( GEOMETRIC_REPRESENTATION_CONTEXT(2) 
PARAMETRIC_REPRESENTATION_CONTEXT() REPRESENTATION_CONTEXT('2D SPACE',''
  ) );
#5252 = PCURVE('',#5253,#5258);
#5253 = PLANE('',#5254);
#5254 = AXIS2_PLACEMENT_3D('',#5255,#5256,#5257);
#5255 = CARTESIAN_POINT('',(-5.501953125,-6.009033203125,-0.4));
#5256 = DIRECTION('',(0.,0.,-1.));
#5257 = DIRECTION('',(1.,0.,0.));
#5258 = DEFINITIONAL_REPRESENTATION('',(#5259),#5263);
#5259 = LINE('',#5260,#5261);
#5260 = CARTESIAN_POINT('',(0.6533203125,0.));
#5261 = VECTOR('',#5262,1.);
#5262 = DIRECTION('',(-1.,0.));
#5263 = ( GEOMETRIC_REPRESENTATION_CONTEXT(2) 
PARAMETRIC_REPRESENTATION_CONTEXT() REPRESENTATION_CONTEXT('2D SPACE',''
  ) );
#5264 = ORIENTED_EDGE('',*,*,#5265,.F.);
#5265 = EDGE_CURVE('',#733,#5238,#5266,.T.);
#5266 = SURFACE_CURVE('',#5267,(#5271,#5278),.PCURVE_S1.);
#5267 = LINE('',#5268,#5269);
#5268 = CARTESIAN_POINT('',(-5.2822265625,-6.009033203125,0.2));
#5269 = VECTOR('',#5270,1.);
#5270 = DIRECTION('',(0.,0.,-1.));
#5271 = PCURVE('',#747,#5272);
#5272 = DEFINITIONAL_REPRESENTATION('',(#5273),#5277);
#5273 = LINE('',#5274,#5275);
#5274 = CARTESIAN_POINT('',(0.43359375,0.));
#5275 = VECTOR('',#5276,1.);
#5276 = DIRECTION('',(0.,-1.));
#5277 = ( GEOMETRIC_REPRESENTATION_CONTEXT(2) 
PARAMETRIC_REPRESENTATION_CONTEXT() REPRESENTATION_CONTEXT('2D SPACE',''
  ) );
#5278 = PCURVE('',#1031,#5279);
#5279 = DEFINITIONAL_REPRESENTATION('',(#5280),#5284);
#5280 = LINE('',#5281,#5282);
#5281 = CARTESIAN_POINT('',(0.,0.));
#5282 = VECTOR('',#5283,1.);
#5283 = DIRECTION('',(0.,-1.));
#5284 = ( GEOMETRIC_REPRESENTATION_CONTEXT(2) 
PARAMETRIC_REPRESENTATION_CONTEXT() REPRESENTATION_CONTEXT('2D SPACE',''
  ) );
#5285 = ADVANCED_FACE('',(#5286),#1031,.T.);
#5286 = FACE_BOUND('',#5287,.T.);
#5287 = EDGE_LOOP('',(#5288,#5289,#5290,#5313));
#5288 = ORIENTED_EDGE('',*,*,#1018,.F.);
#5289 = ORIENTED_EDGE('',*,*,#5265,.T.);
#5290 = ORIENTED_EDGE('',*,*,#5291,.T.);
#5291 = EDGE_CURVE('',#5238,#5292,#5294,.T.);
#5292 = VERTEX_POINT('',#5293);
#5293 = CARTESIAN_POINT('',(-5.2822265625,-8.156494140625,-0.4));
#5294 = SURFACE_CURVE('',#5295,(#5299,#5306),.PCURVE_S1.);
#5295 = LINE('',#5296,#5297);
#5296 = CARTESIAN_POINT('',(-5.2822265625,-6.009033203125,-0.4));
#5297 = VECTOR('',#5298,1.);
#5298 = DIRECTION('',(0.,-1.,0.));
#5299 = PCURVE('',#1031,#5300);
#5300 = DEFINITIONAL_REPRESENTATION('',(#5301),#5305);
#5301 = LINE('',#5302,#5303);
#5302 = CARTESIAN_POINT('',(0.,-0.6));
#5303 = VECTOR('',#5304,1.);
#5304 = DIRECTION('',(1.,0.));
#5305 = ( GEOMETRIC_REPRESENTATION_CONTEXT(2) 
PARAMETRIC_REPRESENTATION_CONTEXT() REPRESENTATION_CONTEXT('2D SPACE',''
  ) );
#5306 = PCURVE('',#5253,#5307);
#5307 = DEFINITIONAL_REPRESENTATION('',(#5308),#5312);
#5308 = LINE('',#5309,#5310);
#5309 = CARTESIAN_POINT('',(0.2197265625,0.));
#5310 = VECTOR('',#5311,1.);
#5311 = DIRECTION('',(0.,1.));
#5312 = ( GEOMETRIC_REPRESENTATION_CONTEXT(2) 
PARAMETRIC_REPRESENTATION_CONTEXT() REPRESENTATION_CONTEXT('2D SPACE',''
  ) );
#5313 = ORIENTED_EDGE('',*,*,#5314,.F.);
#5314 = EDGE_CURVE('',#993,#5292,#5315,.T.);
#5315 = SURFACE_CURVE('',#5316,(#5320,#5327),.PCURVE_S1.);
#5316 = LINE('',#5317,#5318);
#5317 = CARTESIAN_POINT('',(-5.2822265625,-8.156494140625,0.2));
#5318 = VECTOR('',#5319,1.);
#5319 = DIRECTION('',(0.,0.,-1.));
#5320 = PCURVE('',#1031,#5321);
#5321 = DEFINITIONAL_REPRESENTATION('',(#5322),#5326);
#5322 = LINE('',#5323,#5324);
#5323 = CARTESIAN_POINT('',(2.1474609375,0.));
#5324 = VECTOR('',#5325,1.);
#5325 = DIRECTION('',(0.,-1.));
#5326 = ( GEOMETRIC_REPRESENTATION_CONTEXT(2) 
PARAMETRIC_REPRESENTATION_CONTEXT() REPRESENTATION_CONTEXT('2D SPACE',''
  ) );
#5327 = PCURVE('',#1007,#5328);
#5328 = DEFINITIONAL_REPRESENTATION('',(#5329),#5333);
#5329 = LINE('',#5330,#5331);
#5330 = CARTESIAN_POINT('',(0.,0.));
#5331 = VECTOR('',#5332,1.);
#5332 = DIRECTION('',(0.,-1.));
#5333 = ( GEOMETRIC_REPRESENTATION_CONTEXT(2) 
PARAMETRIC_REPRESENTATION_CONTEXT() REPRESENTATION_CONTEXT('2D SPACE',''
  ) );
#5334 = ADVANCED_FACE('',(#5335),#1007,.T.);
#5335 = FACE_BOUND('',#5336,.T.);
#5336 = EDGE_LOOP('',(#5337,#5338,#5339,#5362));
#5337 = ORIENTED_EDGE('',*,*,#992,.F.);
#5338 = ORIENTED_EDGE('',*,*,#5314,.T.);
#5339 = ORIENTED_EDGE('',*,*,#5340,.T.);
#5340 = EDGE_CURVE('',#5292,#5341,#5343,.T.);
#5341 = VERTEX_POINT('',#5342);
#5342 = CARTESIAN_POINT('',(-4.8486328125,-8.156494140625,-0.4));
#5343 = SURFACE_CURVE('',#5344,(#5348,#5355),.PCURVE_S1.);
#5344 = LINE('',#5345,#5346);
#5345 = CARTESIAN_POINT('',(-5.2822265625,-8.156494140625,-0.4));
#5346 = VECTOR('',#5347,1.);
#5347 = DIRECTION('',(1.,0.,0.));
#5348 = PCURVE('',#1007,#5349);
#5349 = DEFINITIONAL_REPRESENTATION('',(#5350),#5354);
#5350 = LINE('',#5351,#5352);
#5351 = CARTESIAN_POINT('',(0.,-0.6));
#5352 = VECTOR('',#5353,1.);
#5353 = DIRECTION('',(1.,0.));
#5354 = ( GEOMETRIC_REPRESENTATION_CONTEXT(2) 
PARAMETRIC_REPRESENTATION_CONTEXT() REPRESENTATION_CONTEXT('2D SPACE',''
  ) );
#5355 = PCURVE('',#5253,#5356);
#5356 = DEFINITIONAL_REPRESENTATION('',(#5357),#5361);
#5357 = LINE('',#5358,#5359);
#5358 = CARTESIAN_POINT('',(0.2197265625,2.1474609375));
#5359 = VECTOR('',#5360,1.);
#5360 = DIRECTION('',(1.,0.));
#5361 = ( GEOMETRIC_REPRESENTATION_CONTEXT(2) 
PARAMETRIC_REPRESENTATION_CONTEXT() REPRESENTATION_CONTEXT('2D SPACE',''
  ) );
#5362 = ORIENTED_EDGE('',*,*,#5363,.F.);
#5363 = EDGE_CURVE('',#967,#5341,#5364,.T.);
#5364 = SURFACE_CURVE('',#5365,(#5369,#5376),.PCURVE_S1.);
#5365 = LINE('',#5366,#5367);
#5366 = CARTESIAN_POINT('',(-4.8486328125,-8.156494140625,0.2));
#5367 = VECTOR('',#5368,1.);
#5368 = DIRECTION('',(0.,0.,-1.));
#5369 = PCURVE('',#1007,#5370);
#5370 = DEFINITIONAL_REPRESENTATION('',(#5371),#5375);
#5371 = LINE('',#5372,#5373);
#5372 = CARTESIAN_POINT('',(0.43359375,0.));
#5373 = VECTOR('',#5374,1.);
#5374 = DIRECTION('',(0.,-1.));
#5375 = ( GEOMETRIC_REPRESENTATION_CONTEXT(2) 
PARAMETRIC_REPRESENTATION_CONTEXT() REPRESENTATION_CONTEXT('2D SPACE',''
  ) );
#5376 = PCURVE('',#981,#5377);
#5377 = DEFINITIONAL_REPRESENTATION('',(#5378),#5382);
#5378 = LINE('',#5379,#5380);
#5379 = CARTESIAN_POINT('',(0.,0.));
#5380 = VECTOR('',#5381,1.);
#5381 = DIRECTION('',(0.,-1.));
#5382 = ( GEOMETRIC_REPRESENTATION_CONTEXT(2) 
PARAMETRIC_REPRESENTATION_CONTEXT() REPRESENTATION_CONTEXT('2D SPACE',''
  ) );
#5383 = ADVANCED_FACE('',(#5384),#981,.T.);
#5384 = FACE_BOUND('',#5385,.T.);
#5385 = EDGE_LOOP('',(#5386,#5387,#5388,#5411));
#5386 = ORIENTED_EDGE('',*,*,#966,.F.);
#5387 = ORIENTED_EDGE('',*,*,#5363,.T.);
#5388 = ORIENTED_EDGE('',*,*,#5389,.T.);
#5389 = EDGE_CURVE('',#5341,#5390,#5392,.T.);
#5390 = VERTEX_POINT('',#5391);
#5391 = CARTESIAN_POINT('',(-4.8486328125,-7.311279296875,-0.4));
#5392 = SURFACE_CURVE('',#5393,(#5397,#5404),.PCURVE_S1.);
#5393 = LINE('',#5394,#5395);
#5394 = CARTESIAN_POINT('',(-4.8486328125,-8.156494140625,-0.4));
#5395 = VECTOR('',#5396,1.);
#5396 = DIRECTION('',(0.,1.,0.));
#5397 = PCURVE('',#981,#5398);
#5398 = DEFINITIONAL_REPRESENTATION('',(#5399),#5403);
#5399 = LINE('',#5400,#5401);
#5400 = CARTESIAN_POINT('',(0.,-0.6));
#5401 = VECTOR('',#5402,1.);
#5402 = DIRECTION('',(1.,0.));
#5403 = ( GEOMETRIC_REPRESENTATION_CONTEXT(2) 
PARAMETRIC_REPRESENTATION_CONTEXT() REPRESENTATION_CONTEXT('2D SPACE',''
  ) );
#5404 = PCURVE('',#5253,#5405);
#5405 = DEFINITIONAL_REPRESENTATION('',(#5406),#5410);
#5406 = LINE('',#5407,#5408);
#5407 = CARTESIAN_POINT('',(0.6533203125,2.1474609375));
#5408 = VECTOR('',#5409,1.);
#5409 = DIRECTION('',(0.,-1.));
#5410 = ( GEOMETRIC_REPRESENTATION_CONTEXT(2) 
PARAMETRIC_REPRESENTATION_CONTEXT() REPRESENTATION_CONTEXT('2D SPACE',''
  ) );
#5411 = ORIENTED_EDGE('',*,*,#5412,.F.);
#5412 = EDGE_CURVE('',#941,#5390,#5413,.T.);
#5413 = SURFACE_CURVE('',#5414,(#5418,#5425),.PCURVE_S1.);
#5414 = LINE('',#5415,#5416);
#5415 = CARTESIAN_POINT('',(-4.8486328125,-7.311279296875,0.2));
#5416 = VECTOR('',#5417,1.);
#5417 = DIRECTION('',(0.,0.,-1.));
#5418 = PCURVE('',#981,#5419);
#5419 = DEFINITIONAL_REPRESENTATION('',(#5420),#5424);
#5420 = LINE('',#5421,#5422);
#5421 = CARTESIAN_POINT('',(0.84521484375,0.));
#5422 = VECTOR('',#5423,1.);
#5423 = DIRECTION('',(0.,-1.));
#5424 = ( GEOMETRIC_REPRESENTATION_CONTEXT(2) 
PARAMETRIC_REPRESENTATION_CONTEXT() REPRESENTATION_CONTEXT('2D SPACE',''
  ) );
#5425 = PCURVE('',#955,#5426);
#5426 = DEFINITIONAL_REPRESENTATION('',(#5427),#5431);
#5427 = LINE('',#5428,#5429);
#5428 = CARTESIAN_POINT('',(0.,0.));
#5429 = VECTOR('',#5430,1.);
#5430 = DIRECTION('',(0.,-1.));
#5431 = ( GEOMETRIC_REPRESENTATION_CONTEXT(2) 
PARAMETRIC_REPRESENTATION_CONTEXT() REPRESENTATION_CONTEXT('2D SPACE',''
  ) );
#5432 = ADVANCED_FACE('',(#5433),#955,.T.);
#5433 = FACE_BOUND('',#5434,.T.);
#5434 = EDGE_LOOP('',(#5435,#5436,#5437,#5460));
#5435 = ORIENTED_EDGE('',*,*,#940,.F.);
#5436 = ORIENTED_EDGE('',*,*,#5412,.T.);
#5437 = ORIENTED_EDGE('',*,*,#5438,.T.);
#5438 = EDGE_CURVE('',#5390,#5439,#5441,.T.);
#5439 = VERTEX_POINT('',#5440);
#5440 = CARTESIAN_POINT('',(-3.9990234375,-7.311279296875,-0.4));
#5441 = SURFACE_CURVE('',#5442,(#5446,#5453),.PCURVE_S1.);
#5442 = LINE('',#5443,#5444);
#5443 = CARTESIAN_POINT('',(-4.8486328125,-7.311279296875,-0.4));
#5444 = VECTOR('',#5445,1.);
#5445 = DIRECTION('',(1.,0.,0.));
#5446 = PCURVE('',#955,#5447);
#5447 = DEFINITIONAL_REPRESENTATION('',(#5448),#5452);
#5448 = LINE('',#5449,#5450);
#5449 = CARTESIAN_POINT('',(0.,-0.6));
#5450 = VECTOR('',#5451,1.);
#5451 = DIRECTION('',(1.,0.));
#5452 = ( GEOMETRIC_REPRESENTATION_CONTEXT(2) 
PARAMETRIC_REPRESENTATION_CONTEXT() REPRESENTATION_CONTEXT('2D SPACE',''
  ) );
#5453 = PCURVE('',#5253,#5454);
#5454 = DEFINITIONAL_REPRESENTATION('',(#5455),#5459);
#5455 = LINE('',#5456,#5457);
#5456 = CARTESIAN_POINT('',(0.6533203125,1.30224609375));
#5457 = VECTOR('',#5458,1.);
#5458 = DIRECTION('',(1.,0.));
#5459 = ( GEOMETRIC_REPRESENTATION_CONTEXT(2) 
PARAMETRIC_REPRESENTATION_CONTEXT() REPRESENTATION_CONTEXT('2D SPACE',''
  ) );
#5460 = ORIENTED_EDGE('',*,*,#5461,.F.);
#5461 = EDGE_CURVE('',#915,#5439,#5462,.T.);
#5462 = SURFACE_CURVE('',#5463,(#5467,#5474),.PCURVE_S1.);
#5463 = LINE('',#5464,#5465);
#5464 = CARTESIAN_POINT('',(-3.9990234375,-7.311279296875,0.2));
#5465 = VECTOR('',#5466,1.);
#5466 = DIRECTION('',(0.,0.,-1.));
#5467 = PCURVE('',#955,#5468);
#5468 = DEFINITIONAL_REPRESENTATION('',(#5469),#5473);
#5469 = LINE('',#5470,#5471);
#5470 = CARTESIAN_POINT('',(0.849609375,0.));
#5471 = VECTOR('',#5472,1.);
#5472 = DIRECTION('',(0.,-1.));
#5473 = ( GEOMETRIC_REPRESENTATION_CONTEXT(2) 
PARAMETRIC_REPRESENTATION_CONTEXT() REPRESENTATION_CONTEXT('2D SPACE',''
  ) );
#5474 = PCURVE('',#929,#5475);
#5475 = DEFINITIONAL_REPRESENTATION('',(#5476),#5480);
#5476 = LINE('',#5477,#5478);
#5477 = CARTESIAN_POINT('',(0.,0.));
#5478 = VECTOR('',#5479,1.);
#5479 = DIRECTION('',(0.,-1.));
#5480 = ( GEOMETRIC_REPRESENTATION_CONTEXT(2) 
PARAMETRIC_REPRESENTATION_CONTEXT() REPRESENTATION_CONTEXT('2D SPACE',''
  ) );
#5481 = ADVANCED_FACE('',(#5482),#929,.T.);
#5482 = FACE_BOUND('',#5483,.T.);
#5483 = EDGE_LOOP('',(#5484,#5485,#5486,#5509));
#5484 = ORIENTED_EDGE('',*,*,#914,.F.);
#5485 = ORIENTED_EDGE('',*,*,#5461,.T.);
#5486 = ORIENTED_EDGE('',*,*,#5487,.T.);
#5487 = EDGE_CURVE('',#5439,#5488,#5490,.T.);
#5488 = VERTEX_POINT('',#5489);
#5489 = CARTESIAN_POINT('',(-3.9990234375,-8.156494140625,-0.4));
#5490 = SURFACE_CURVE('',#5491,(#5495,#5502),.PCURVE_S1.);
#5491 = LINE('',#5492,#5493);
#5492 = CARTESIAN_POINT('',(-3.9990234375,-7.311279296875,-0.4));
#5493 = VECTOR('',#5494,1.);
#5494 = DIRECTION('',(0.,-1.,0.));
#5495 = PCURVE('',#929,#5496);
#5496 = DEFINITIONAL_REPRESENTATION('',(#5497),#5501);
#5497 = LINE('',#5498,#5499);
#5498 = CARTESIAN_POINT('',(0.,-0.6));
#5499 = VECTOR('',#5500,1.);
#5500 = DIRECTION('',(1.,0.));
#5501 = ( GEOMETRIC_REPRESENTATION_CONTEXT(2) 
PARAMETRIC_REPRESENTATION_CONTEXT() REPRESENTATION_CONTEXT('2D SPACE',''
  ) );
#5502 = PCURVE('',#5253,#5503);
#5503 = DEFINITIONAL_REPRESENTATION('',(#5504),#5508);
#5504 = LINE('',#5505,#5506);
#5505 = CARTESIAN_POINT('',(1.5029296875,1.30224609375));
#5506 = VECTOR('',#5507,1.);
#5507 = DIRECTION('',(0.,1.));
#5508 = ( GEOMETRIC_REPRESENTATION_CONTEXT(2) 
PARAMETRIC_REPRESENTATION_CONTEXT() REPRESENTATION_CONTEXT('2D SPACE',''
  ) );
#5509 = ORIENTED_EDGE('',*,*,#5510,.F.);
#5510 = EDGE_CURVE('',#889,#5488,#5511,.T.);
#5511 = SURFACE_CURVE('',#5512,(#5516,#5523),.PCURVE_S1.);
#5512 = LINE('',#5513,#5514);
#5513 = CARTESIAN_POINT('',(-3.9990234375,-8.156494140625,0.2));
#5514 = VECTOR('',#5515,1.);
#5515 = DIRECTION('',(0.,0.,-1.));
#5516 = PCURVE('',#929,#5517);
#5517 = DEFINITIONAL_REPRESENTATION('',(#5518),#5522);
#5518 = LINE('',#5519,#5520);
#5519 = CARTESIAN_POINT('',(0.84521484375,0.));
#5520 = VECTOR('',#5521,1.);
#5521 = DIRECTION('',(0.,-1.));
#5522 = ( GEOMETRIC_REPRESENTATION_CONTEXT(2) 
PARAMETRIC_REPRESENTATION_CONTEXT() REPRESENTATION_CONTEXT('2D SPACE',''
  ) );
#5523 = PCURVE('',#903,#5524);
#5524 = DEFINITIONAL_REPRESENTATION('',(#5525),#5529);
#5525 = LINE('',#5526,#5527);
#5526 = CARTESIAN_POINT('',(0.,0.));
#5527 = VECTOR('',#5528,1.);
#5528 = DIRECTION('',(0.,-1.));
#5529 = ( GEOMETRIC_REPRESENTATION_CONTEXT(2) 
PARAMETRIC_REPRESENTATION_CONTEXT() REPRESENTATION_CONTEXT('2D SPACE',''
  ) );
#5530 = ADVANCED_FACE('',(#5531),#903,.T.);
#5531 = FACE_BOUND('',#5532,.T.);
#5532 = EDGE_LOOP('',(#5533,#5534,#5535,#5558));
#5533 = ORIENTED_EDGE('',*,*,#888,.F.);
#5534 = ORIENTED_EDGE('',*,*,#5510,.T.);
#5535 = ORIENTED_EDGE('',*,*,#5536,.T.);
#5536 = EDGE_CURVE('',#5488,#5537,#5539,.T.);
#5537 = VERTEX_POINT('',#5538);
#5538 = CARTESIAN_POINT('',(-3.5654296875,-8.156494140625,-0.4));
#5539 = SURFACE_CURVE('',#5540,(#5544,#5551),.PCURVE_S1.);
#5540 = LINE('',#5541,#5542);
#5541 = CARTESIAN_POINT('',(-3.9990234375,-8.156494140625,-0.4));
#5542 = VECTOR('',#5543,1.);
#5543 = DIRECTION('',(1.,0.,0.));
#5544 = PCURVE('',#903,#5545);
#5545 = DEFINITIONAL_REPRESENTATION('',(#5546),#5550);
#5546 = LINE('',#5547,#5548);
#5547 = CARTESIAN_POINT('',(0.,-0.6));
#5548 = VECTOR('',#5549,1.);
#5549 = DIRECTION('',(1.,0.));
#5550 = ( GEOMETRIC_REPRESENTATION_CONTEXT(2) 
PARAMETRIC_REPRESENTATION_CONTEXT() REPRESENTATION_CONTEXT('2D SPACE',''
  ) );
#5551 = PCURVE('',#5253,#5552);
#5552 = DEFINITIONAL_REPRESENTATION('',(#5553),#5557);
#5553 = LINE('',#5554,#5555);
#5554 = CARTESIAN_POINT('',(1.5029296875,2.1474609375));
#5555 = VECTOR('',#5556,1.);
#5556 = DIRECTION('',(1.,0.));
#5557 = ( GEOMETRIC_REPRESENTATION_CONTEXT(2) 
PARAMETRIC_REPRESENTATION_CONTEXT() REPRESENTATION_CONTEXT('2D SPACE',''
  ) );
#5558 = ORIENTED_EDGE('',*,*,#5559,.F.);
#5559 = EDGE_CURVE('',#863,#5537,#5560,.T.);
#5560 = SURFACE_CURVE('',#5561,(#5565,#5572),.PCURVE_S1.);
#5561 = LINE('',#5562,#5563);
#5562 = CARTESIAN_POINT('',(-3.5654296875,-8.156494140625,0.2));
#5563 = VECTOR('',#5564,1.);
#5564 = DIRECTION('',(0.,0.,-1.));
#5565 = PCURVE('',#903,#5566);
#5566 = DEFINITIONAL_REPRESENTATION('',(#5567),#5571);
#5567 = LINE('',#5568,#5569);
#5568 = CARTESIAN_POINT('',(0.43359375,0.));
#5569 = VECTOR('',#5570,1.);
#5570 = DIRECTION('',(0.,-1.));
#5571 = ( GEOMETRIC_REPRESENTATION_CONTEXT(2) 
PARAMETRIC_REPRESENTATION_CONTEXT() REPRESENTATION_CONTEXT('2D SPACE',''
  ) );
#5572 = PCURVE('',#877,#5573);
#5573 = DEFINITIONAL_REPRESENTATION('',(#5574),#5578);
#5574 = LINE('',#5575,#5576);
#5575 = CARTESIAN_POINT('',(0.,0.));
#5576 = VECTOR('',#5577,1.);
#5577 = DIRECTION('',(0.,-1.));
#5578 = ( GEOMETRIC_REPRESENTATION_CONTEXT(2) 
PARAMETRIC_REPRESENTATION_CONTEXT() REPRESENTATION_CONTEXT('2D SPACE',''
  ) );
#5579 = ADVANCED_FACE('',(#5580),#877,.T.);
#5580 = FACE_BOUND('',#5581,.T.);
#5581 = EDGE_LOOP('',(#5582,#5583,#5584,#5607));
#5582 = ORIENTED_EDGE('',*,*,#862,.F.);
#5583 = ORIENTED_EDGE('',*,*,#5559,.T.);
#5584 = ORIENTED_EDGE('',*,*,#5585,.T.);
#5585 = EDGE_CURVE('',#5537,#5586,#5588,.T.);
#5586 = VERTEX_POINT('',#5587);
#5587 = CARTESIAN_POINT('',(-3.5654296875,-6.009033203125,-0.4));
#5588 = SURFACE_CURVE('',#5589,(#5593,#5600),.PCURVE_S1.);
#5589 = LINE('',#5590,#5591);
#5590 = CARTESIAN_POINT('',(-3.5654296875,-8.156494140625,-0.4));
#5591 = VECTOR('',#5592,1.);
#5592 = DIRECTION('',(0.,1.,0.));
#5593 = PCURVE('',#877,#5594);
#5594 = DEFINITIONAL_REPRESENTATION('',(#5595),#5599);
#5595 = LINE('',#5596,#5597);
#5596 = CARTESIAN_POINT('',(0.,-0.6));
#5597 = VECTOR('',#5598,1.);
#5598 = DIRECTION('',(1.,0.));
#5599 = ( GEOMETRIC_REPRESENTATION_CONTEXT(2) 
PARAMETRIC_REPRESENTATION_CONTEXT() REPRESENTATION_CONTEXT('2D SPACE',''
  ) );
#5600 = PCURVE('',#5253,#5601);
#5601 = DEFINITIONAL_REPRESENTATION('',(#5602),#5606);
#5602 = LINE('',#5603,#5604);
#5603 = CARTESIAN_POINT('',(1.9365234375,2.1474609375));
#5604 = VECTOR('',#5605,1.);
#5605 = DIRECTION('',(0.,-1.));
#5606 = ( GEOMETRIC_REPRESENTATION_CONTEXT(2) 
PARAMETRIC_REPRESENTATION_CONTEXT() REPRESENTATION_CONTEXT('2D SPACE',''
  ) );
#5607 = ORIENTED_EDGE('',*,*,#5608,.F.);
#5608 = EDGE_CURVE('',#837,#5586,#5609,.T.);
#5609 = SURFACE_CURVE('',#5610,(#5614,#5621),.PCURVE_S1.);
#5610 = LINE('',#5611,#5612);
#5611 = CARTESIAN_POINT('',(-3.5654296875,-6.009033203125,0.2));
#5612 = VECTOR('',#5613,1.);
#5613 = DIRECTION('',(0.,0.,-1.));
#5614 = PCURVE('',#877,#5615);
#5615 = DEFINITIONAL_REPRESENTATION('',(#5616),#5620);
#5616 = LINE('',#5617,#5618);
#5617 = CARTESIAN_POINT('',(2.1474609375,0.));
#5618 = VECTOR('',#5619,1.);
#5619 = DIRECTION('',(0.,-1.));
#5620 = ( GEOMETRIC_REPRESENTATION_CONTEXT(2) 
PARAMETRIC_REPRESENTATION_CONTEXT() REPRESENTATION_CONTEXT('2D SPACE',''
  ) );
#5621 = PCURVE('',#851,#5622);
#5622 = DEFINITIONAL_REPRESENTATION('',(#5623),#5627);
#5623 = LINE('',#5624,#5625);
#5624 = CARTESIAN_POINT('',(0.,-0.));
#5625 = VECTOR('',#5626,1.);
#5626 = DIRECTION('',(0.,-1.));
#5627 = ( GEOMETRIC_REPRESENTATION_CONTEXT(2) 
PARAMETRIC_REPRESENTATION_CONTEXT() REPRESENTATION_CONTEXT('2D SPACE',''
  ) );
#5628 = ADVANCED_FACE('',(#5629),#851,.T.);
#5629 = FACE_BOUND('',#5630,.T.);
#5630 = EDGE_LOOP('',(#5631,#5632,#5633,#5656));
#5631 = ORIENTED_EDGE('',*,*,#836,.F.);
#5632 = ORIENTED_EDGE('',*,*,#5608,.T.);
#5633 = ORIENTED_EDGE('',*,*,#5634,.T.);
#5634 = EDGE_CURVE('',#5586,#5635,#5637,.T.);
#5635 = VERTEX_POINT('',#5636);
#5636 = CARTESIAN_POINT('',(-3.9990234375,-6.009033203125,-0.4));
#5637 = SURFACE_CURVE('',#5638,(#5642,#5649),.PCURVE_S1.);
#5638 = LINE('',#5639,#5640);
#5639 = CARTESIAN_POINT('',(-3.5654296875,-6.009033203125,-0.4));
#5640 = VECTOR('',#5641,1.);
#5641 = DIRECTION('',(-1.,0.,0.));
#5642 = PCURVE('',#851,#5643);
#5643 = DEFINITIONAL_REPRESENTATION('',(#5644),#5648);
#5644 = LINE('',#5645,#5646);
#5645 = CARTESIAN_POINT('',(0.,-0.6));
#5646 = VECTOR('',#5647,1.);
#5647 = DIRECTION('',(1.,0.));
#5648 = ( GEOMETRIC_REPRESENTATION_CONTEXT(2) 
PARAMETRIC_REPRESENTATION_CONTEXT() REPRESENTATION_CONTEXT('2D SPACE',''
  ) );
#5649 = PCURVE('',#5253,#5650);
#5650 = DEFINITIONAL_REPRESENTATION('',(#5651),#5655);
#5651 = LINE('',#5652,#5653);
#5652 = CARTESIAN_POINT('',(1.9365234375,0.));
#5653 = VECTOR('',#5654,1.);
#5654 = DIRECTION('',(-1.,0.));
#5655 = ( GEOMETRIC_REPRESENTATION_CONTEXT(2) 
PARAMETRIC_REPRESENTATION_CONTEXT() REPRESENTATION_CONTEXT('2D SPACE',''
  ) );
#5656 = ORIENTED_EDGE('',*,*,#5657,.F.);
#5657 = EDGE_CURVE('',#811,#5635,#5658,.T.);
#5658 = SURFACE_CURVE('',#5659,(#5663,#5670),.PCURVE_S1.);
#5659 = LINE('',#5660,#5661);
#5660 = CARTESIAN_POINT('',(-3.9990234375,-6.009033203125,0.2));
#5661 = VECTOR('',#5662,1.);
#5662 = DIRECTION('',(0.,0.,-1.));
#5663 = PCURVE('',#851,#5664);
#5664 = DEFINITIONAL_REPRESENTATION('',(#5665),#5669);
#5665 = LINE('',#5666,#5667);
#5666 = CARTESIAN_POINT('',(0.43359375,0.));
#5667 = VECTOR('',#5668,1.);
#5668 = DIRECTION('',(0.,-1.));
#5669 = ( GEOMETRIC_REPRESENTATION_CONTEXT(2) 
PARAMETRIC_REPRESENTATION_CONTEXT() REPRESENTATION_CONTEXT('2D SPACE',''
  ) );
#5670 = PCURVE('',#825,#5671);
#5671 = DEFINITIONAL_REPRESENTATION('',(#5672),#5676);
#5672 = LINE('',#5673,#5674);
#5673 = CARTESIAN_POINT('',(0.,0.));
#5674 = VECTOR('',#5675,1.);
#5675 = DIRECTION('',(0.,-1.));
#5676 = ( GEOMETRIC_REPRESENTATION_CONTEXT(2) 
PARAMETRIC_REPRESENTATION_CONTEXT() REPRESENTATION_CONTEXT('2D SPACE',''
  ) );
#5677 = ADVANCED_FACE('',(#5678),#825,.T.);
#5678 = FACE_BOUND('',#5679,.T.);
#5679 = EDGE_LOOP('',(#5680,#5681,#5682,#5705));
#5680 = ORIENTED_EDGE('',*,*,#810,.F.);
#5681 = ORIENTED_EDGE('',*,*,#5657,.T.);
#5682 = ORIENTED_EDGE('',*,*,#5683,.T.);
#5683 = EDGE_CURVE('',#5635,#5684,#5686,.T.);
#5684 = VERTEX_POINT('',#5685);
#5685 = CARTESIAN_POINT('',(-3.9990234375,-6.947998046875,-0.4));
#5686 = SURFACE_CURVE('',#5687,(#5691,#5698),.PCURVE_S1.);
#5687 = LINE('',#5688,#5689);
#5688 = CARTESIAN_POINT('',(-3.9990234375,-6.009033203125,-0.4));
#5689 = VECTOR('',#5690,1.);
#5690 = DIRECTION('',(0.,-1.,0.));
#5691 = PCURVE('',#825,#5692);
#5692 = DEFINITIONAL_REPRESENTATION('',(#5693),#5697);
#5693 = LINE('',#5694,#5695);
#5694 = CARTESIAN_POINT('',(0.,-0.6));
#5695 = VECTOR('',#5696,1.);
#5696 = DIRECTION('',(1.,0.));
#5697 = ( GEOMETRIC_REPRESENTATION_CONTEXT(2) 
PARAMETRIC_REPRESENTATION_CONTEXT() REPRESENTATION_CONTEXT('2D SPACE',''
  ) );
#5698 = PCURVE('',#5253,#5699);
#5699 = DEFINITIONAL_REPRESENTATION('',(#5700),#5704);
#5700 = LINE('',#5701,#5702);
#5701 = CARTESIAN_POINT('',(1.5029296875,0.));
#5702 = VECTOR('',#5703,1.);
#5703 = DIRECTION('',(0.,1.));
#5704 = ( GEOMETRIC_REPRESENTATION_CONTEXT(2) 
PARAMETRIC_REPRESENTATION_CONTEXT() REPRESENTATION_CONTEXT('2D SPACE',''
  ) );
#5705 = ORIENTED_EDGE('',*,*,#5706,.F.);
#5706 = EDGE_CURVE('',#785,#5684,#5707,.T.);
#5707 = SURFACE_CURVE('',#5708,(#5712,#5719),.PCURVE_S1.);
#5708 = LINE('',#5709,#5710);
#5709 = CARTESIAN_POINT('',(-3.9990234375,-6.947998046875,0.2));
#5710 = VECTOR('',#5711,1.);
#5711 = DIRECTION('',(0.,0.,-1.));
#5712 = PCURVE('',#825,#5713);
#5713 = DEFINITIONAL_REPRESENTATION('',(#5714),#5718);
#5714 = LINE('',#5715,#5716);
#5715 = CARTESIAN_POINT('',(0.93896484375,0.));
#5716 = VECTOR('',#5717,1.);
#5717 = DIRECTION('',(0.,-1.));
#5718 = ( GEOMETRIC_REPRESENTATION_CONTEXT(2) 
PARAMETRIC_REPRESENTATION_CONTEXT() REPRESENTATION_CONTEXT('2D SPACE',''
  ) );
#5719 = PCURVE('',#799,#5720);
#5720 = DEFINITIONAL_REPRESENTATION('',(#5721),#5725);
#5721 = LINE('',#5722,#5723);
#5722 = CARTESIAN_POINT('',(0.,-0.));
#5723 = VECTOR('',#5724,1.);
#5724 = DIRECTION('',(0.,-1.));
#5725 = ( GEOMETRIC_REPRESENTATION_CONTEXT(2) 
PARAMETRIC_REPRESENTATION_CONTEXT() REPRESENTATION_CONTEXT('2D SPACE',''
  ) );
#5726 = ADVANCED_FACE('',(#5727),#799,.T.);
#5727 = FACE_BOUND('',#5728,.T.);
#5728 = EDGE_LOOP('',(#5729,#5730,#5731,#5754));
#5729 = ORIENTED_EDGE('',*,*,#784,.F.);
#5730 = ORIENTED_EDGE('',*,*,#5706,.T.);
#5731 = ORIENTED_EDGE('',*,*,#5732,.T.);
#5732 = EDGE_CURVE('',#5684,#5733,#5735,.T.);
#5733 = VERTEX_POINT('',#5734);
#5734 = CARTESIAN_POINT('',(-4.8486328125,-6.947998046875,-0.4));
#5735 = SURFACE_CURVE('',#5736,(#5740,#5747),.PCURVE_S1.);
#5736 = LINE('',#5737,#5738);
#5737 = CARTESIAN_POINT('',(-3.9990234375,-6.947998046875,-0.4));
#5738 = VECTOR('',#5739,1.);
#5739 = DIRECTION('',(-1.,0.,0.));
#5740 = PCURVE('',#799,#5741);
#5741 = DEFINITIONAL_REPRESENTATION('',(#5742),#5746);
#5742 = LINE('',#5743,#5744);
#5743 = CARTESIAN_POINT('',(0.,-0.6));
#5744 = VECTOR('',#5745,1.);
#5745 = DIRECTION('',(1.,0.));
#5746 = ( GEOMETRIC_REPRESENTATION_CONTEXT(2) 
PARAMETRIC_REPRESENTATION_CONTEXT() REPRESENTATION_CONTEXT('2D SPACE',''
  ) );
#5747 = PCURVE('',#5253,#5748);
#5748 = DEFINITIONAL_REPRESENTATION('',(#5749),#5753);
#5749 = LINE('',#5750,#5751);
#5750 = CARTESIAN_POINT('',(1.5029296875,0.93896484375));
#5751 = VECTOR('',#5752,1.);
#5752 = DIRECTION('',(-1.,0.));
#5753 = ( GEOMETRIC_REPRESENTATION_CONTEXT(2) 
PARAMETRIC_REPRESENTATION_CONTEXT() REPRESENTATION_CONTEXT('2D SPACE',''
  ) );
#5754 = ORIENTED_EDGE('',*,*,#5755,.F.);
#5755 = EDGE_CURVE('',#759,#5733,#5756,.T.);
#5756 = SURFACE_CURVE('',#5757,(#5761,#5768),.PCURVE_S1.);
#5757 = LINE('',#5758,#5759);
#5758 = CARTESIAN_POINT('',(-4.8486328125,-6.947998046875,0.2));
#5759 = VECTOR('',#5760,1.);
#5760 = DIRECTION('',(0.,0.,-1.));
#5761 = PCURVE('',#799,#5762);
#5762 = DEFINITIONAL_REPRESENTATION('',(#5763),#5767);
#5763 = LINE('',#5764,#5765);
#5764 = CARTESIAN_POINT('',(0.849609375,0.));
#5765 = VECTOR('',#5766,1.);
#5766 = DIRECTION('',(0.,-1.));
#5767 = ( GEOMETRIC_REPRESENTATION_CONTEXT(2) 
PARAMETRIC_REPRESENTATION_CONTEXT() REPRESENTATION_CONTEXT('2D SPACE',''
  ) );
#5768 = PCURVE('',#773,#5769);
#5769 = DEFINITIONAL_REPRESENTATION('',(#5770),#5774);
#5770 = LINE('',#5771,#5772);
#5771 = CARTESIAN_POINT('',(0.,0.));
#5772 = VECTOR('',#5773,1.);
#5773 = DIRECTION('',(0.,-1.));
#5774 = ( GEOMETRIC_REPRESENTATION_CONTEXT(2) 
PARAMETRIC_REPRESENTATION_CONTEXT() REPRESENTATION_CONTEXT('2D SPACE',''
  ) );
#5775 = ADVANCED_FACE('',(#5776),#773,.T.);
#5776 = FACE_BOUND('',#5777,.T.);
#5777 = EDGE_LOOP('',(#5778,#5779,#5780,#5801));
#5778 = ORIENTED_EDGE('',*,*,#758,.F.);
#5779 = ORIENTED_EDGE('',*,*,#5755,.T.);
#5780 = ORIENTED_EDGE('',*,*,#5781,.T.);
#5781 = EDGE_CURVE('',#5733,#5215,#5782,.T.);
#5782 = SURFACE_CURVE('',#5783,(#5787,#5794),.PCURVE_S1.);
#5783 = LINE('',#5784,#5785);
#5784 = CARTESIAN_POINT('',(-4.8486328125,-6.947998046875,-0.4));
#5785 = VECTOR('',#5786,1.);
#5786 = DIRECTION('',(0.,1.,0.));
#5787 = PCURVE('',#773,#5788);
#5788 = DEFINITIONAL_REPRESENTATION('',(#5789),#5793);
#5789 = LINE('',#5790,#5791);
#5790 = CARTESIAN_POINT('',(0.,-0.6));
#5791 = VECTOR('',#5792,1.);
#5792 = DIRECTION('',(1.,0.));
#5793 = ( GEOMETRIC_REPRESENTATION_CONTEXT(2) 
PARAMETRIC_REPRESENTATION_CONTEXT() REPRESENTATION_CONTEXT('2D SPACE',''
  ) );
#5794 = PCURVE('',#5253,#5795);
#5795 = DEFINITIONAL_REPRESENTATION('',(#5796),#5800);
#5796 = LINE('',#5797,#5798);
#5797 = CARTESIAN_POINT('',(0.6533203125,0.93896484375));
#5798 = VECTOR('',#5799,1.);
#5799 = DIRECTION('',(0.,-1.));
#5800 = ( GEOMETRIC_REPRESENTATION_CONTEXT(2) 
PARAMETRIC_REPRESENTATION_CONTEXT() REPRESENTATION_CONTEXT('2D SPACE',''
  ) );
#5801 = ORIENTED_EDGE('',*,*,#5214,.F.);
#5802 = ADVANCED_FACE('',(#5803),#1061,.T.);
#5803 = FACE_BOUND('',#5804,.T.);
#5804 = EDGE_LOOP('',(#5805,#5806,#5829,#5857));
#5805 = ORIENTED_EDGE('',*,*,#1044,.F.);
#5806 = ORIENTED_EDGE('',*,*,#5807,.T.);
#5807 = EDGE_CURVE('',#1045,#5808,#5810,.T.);
#5808 = VERTEX_POINT('',#5809);
#5809 = CARTESIAN_POINT('',(-2.3583984375,-6.581787109375,-0.4));
#5810 = SURFACE_CURVE('',#5811,(#5815,#5822),.PCURVE_S1.);
#5811 = LINE('',#5812,#5813);
#5812 = CARTESIAN_POINT('',(-2.3583984375,-6.581787109375,0.2));
#5813 = VECTOR('',#5814,1.);
#5814 = DIRECTION('',(0.,0.,-1.));
#5815 = PCURVE('',#1061,#5816);
#5816 = DEFINITIONAL_REPRESENTATION('',(#5817),#5821);
#5817 = LINE('',#5818,#5819);
#5818 = CARTESIAN_POINT('',(0.,-0.));
#5819 = VECTOR('',#5820,1.);
#5820 = DIRECTION('',(0.,-1.));
#5821 = ( GEOMETRIC_REPRESENTATION_CONTEXT(2) 
PARAMETRIC_REPRESENTATION_CONTEXT() REPRESENTATION_CONTEXT('2D SPACE',''
  ) );
#5822 = PCURVE('',#1087,#5823);
#5823 = DEFINITIONAL_REPRESENTATION('',(#5824),#5828);
#5824 = LINE('',#5825,#5826);
#5825 = CARTESIAN_POINT('',(0.41162109375,0.));
#5826 = VECTOR('',#5827,1.);
#5827 = DIRECTION('',(0.,-1.));
#5828 = ( GEOMETRIC_REPRESENTATION_CONTEXT(2) 
PARAMETRIC_REPRESENTATION_CONTEXT() REPRESENTATION_CONTEXT('2D SPACE',''
  ) );
#5829 = ORIENTED_EDGE('',*,*,#5830,.T.);
#5830 = EDGE_CURVE('',#5808,#5831,#5833,.T.);
#5831 = VERTEX_POINT('',#5832);
#5832 = CARTESIAN_POINT('',(-3.1669921875,-6.581787109375,-0.4));
#5833 = SURFACE_CURVE('',#5834,(#5838,#5845),.PCURVE_S1.);
#5834 = LINE('',#5835,#5836);
#5835 = CARTESIAN_POINT('',(-2.3583984375,-6.581787109375,-0.4));
#5836 = VECTOR('',#5837,1.);
#5837 = DIRECTION('',(-1.,0.,0.));
#5838 = PCURVE('',#1061,#5839);
#5839 = DEFINITIONAL_REPRESENTATION('',(#5840),#5844);
#5840 = LINE('',#5841,#5842);
#5841 = CARTESIAN_POINT('',(0.,-0.6));
#5842 = VECTOR('',#5843,1.);
#5843 = DIRECTION('',(1.,0.));
#5844 = ( GEOMETRIC_REPRESENTATION_CONTEXT(2) 
PARAMETRIC_REPRESENTATION_CONTEXT() REPRESENTATION_CONTEXT('2D SPACE',''
  ) );
#5845 = PCURVE('',#5846,#5851);
#5846 = PLANE('',#5847);
#5847 = AXIS2_PLACEMENT_3D('',#5848,#5849,#5850);
#5848 = CARTESIAN_POINT('',(-3.33544921875,-6.009033203125,-0.4));
#5849 = DIRECTION('',(0.,0.,-1.));
#5850 = DIRECTION('',(1.,0.,0.));
#5851 = DEFINITIONAL_REPRESENTATION('',(#5852),#5856);
#5852 = LINE('',#5853,#5854);
#5853 = CARTESIAN_POINT('',(0.97705078125,0.57275390625));
#5854 = VECTOR('',#5855,1.);
#5855 = DIRECTION('',(-1.,0.));
#5856 = ( GEOMETRIC_REPRESENTATION_CONTEXT(2) 
PARAMETRIC_REPRESENTATION_CONTEXT() REPRESENTATION_CONTEXT('2D SPACE',''
  ) );
#5857 = ORIENTED_EDGE('',*,*,#5858,.F.);
#5858 = EDGE_CURVE('',#1047,#5831,#5859,.T.);
#5859 = SURFACE_CURVE('',#5860,(#5864,#5871),.PCURVE_S1.);
#5860 = LINE('',#5861,#5862);
#5861 = CARTESIAN_POINT('',(-3.1669921875,-6.581787109375,0.2));
#5862 = VECTOR('',#5863,1.);
#5863 = DIRECTION('',(0.,0.,-1.));
#5864 = PCURVE('',#1061,#5865);
#5865 = DEFINITIONAL_REPRESENTATION('',(#5866),#5870);
#5866 = LINE('',#5867,#5868);
#5867 = CARTESIAN_POINT('',(0.80859375,0.));
#5868 = VECTOR('',#5869,1.);
#5869 = DIRECTION('',(0.,-1.));
#5870 = ( GEOMETRIC_REPRESENTATION_CONTEXT(2) 
PARAMETRIC_REPRESENTATION_CONTEXT() REPRESENTATION_CONTEXT('2D SPACE',''
  ) );
#5871 = PCURVE('',#1137,#5872);
#5872 = DEFINITIONAL_REPRESENTATION('',(#5873),#5877);
#5873 = LINE('',#5874,#5875);
#5874 = CARTESIAN_POINT('',(0.,0.));
#5875 = VECTOR('',#5876,1.);
#5876 = DIRECTION('',(0.,-1.));
#5877 = ( GEOMETRIC_REPRESENTATION_CONTEXT(2) 
PARAMETRIC_REPRESENTATION_CONTEXT() REPRESENTATION_CONTEXT('2D SPACE',''
  ) );
#5878 = ADVANCED_FACE('',(#5879),#1137,.T.);
#5879 = FACE_BOUND('',#5880,.T.);
#5880 = EDGE_LOOP('',(#5881,#5882,#5883,#5906));
#5881 = ORIENTED_EDGE('',*,*,#1124,.F.);
#5882 = ORIENTED_EDGE('',*,*,#5858,.T.);
#5883 = ORIENTED_EDGE('',*,*,#5884,.T.);
#5884 = EDGE_CURVE('',#5831,#5885,#5887,.T.);
#5885 = VERTEX_POINT('',#5886);
#5886 = CARTESIAN_POINT('',(-3.1669921875,-6.993408203125,-0.4));
#5887 = SURFACE_CURVE('',#5888,(#5892,#5899),.PCURVE_S1.);
#5888 = LINE('',#5889,#5890);
#5889 = CARTESIAN_POINT('',(-3.1669921875,-6.581787109375,-0.4));
#5890 = VECTOR('',#5891,1.);
#5891 = DIRECTION('',(0.,-1.,0.));
#5892 = PCURVE('',#1137,#5893);
#5893 = DEFINITIONAL_REPRESENTATION('',(#5894),#5898);
#5894 = LINE('',#5895,#5896);
#5895 = CARTESIAN_POINT('',(0.,-0.6));
#5896 = VECTOR('',#5897,1.);
#5897 = DIRECTION('',(1.,0.));
#5898 = ( GEOMETRIC_REPRESENTATION_CONTEXT(2) 
PARAMETRIC_REPRESENTATION_CONTEXT() REPRESENTATION_CONTEXT('2D SPACE',''
  ) );
#5899 = PCURVE('',#5846,#5900);
#5900 = DEFINITIONAL_REPRESENTATION('',(#5901),#5905);
#5901 = LINE('',#5902,#5903);
#5902 = CARTESIAN_POINT('',(0.16845703125,0.57275390625));
#5903 = VECTOR('',#5904,1.);
#5904 = DIRECTION('',(0.,1.));
#5905 = ( GEOMETRIC_REPRESENTATION_CONTEXT(2) 
PARAMETRIC_REPRESENTATION_CONTEXT() REPRESENTATION_CONTEXT('2D SPACE',''
  ) );
#5906 = ORIENTED_EDGE('',*,*,#5907,.F.);
#5907 = EDGE_CURVE('',#1099,#5885,#5908,.T.);
#5908 = SURFACE_CURVE('',#5909,(#5913,#5920),.PCURVE_S1.);
#5909 = LINE('',#5910,#5911);
#5910 = CARTESIAN_POINT('',(-3.1669921875,-6.993408203125,0.2));
#5911 = VECTOR('',#5912,1.);
#5912 = DIRECTION('',(0.,0.,-1.));
#5913 = PCURVE('',#1137,#5914);
#5914 = DEFINITIONAL_REPRESENTATION('',(#5915),#5919);
#5915 = LINE('',#5916,#5917);
#5916 = CARTESIAN_POINT('',(0.41162109375,0.));
#5917 = VECTOR('',#5918,1.);
#5918 = DIRECTION('',(0.,-1.));
#5919 = ( GEOMETRIC_REPRESENTATION_CONTEXT(2) 
PARAMETRIC_REPRESENTATION_CONTEXT() REPRESENTATION_CONTEXT('2D SPACE',''
  ) );
#5920 = PCURVE('',#1113,#5921);
#5921 = DEFINITIONAL_REPRESENTATION('',(#5922),#5926);
#5922 = LINE('',#5923,#5924);
#5923 = CARTESIAN_POINT('',(0.,0.));
#5924 = VECTOR('',#5925,1.);
#5925 = DIRECTION('',(0.,-1.));
#5926 = ( GEOMETRIC_REPRESENTATION_CONTEXT(2) 
PARAMETRIC_REPRESENTATION_CONTEXT() REPRESENTATION_CONTEXT('2D SPACE',''
  ) );
#5927 = ADVANCED_FACE('',(#5928),#1113,.T.);
#5928 = FACE_BOUND('',#5929,.T.);
#5929 = EDGE_LOOP('',(#5930,#5931,#5932,#5955));
#5930 = ORIENTED_EDGE('',*,*,#1098,.F.);
#5931 = ORIENTED_EDGE('',*,*,#5907,.T.);
#5932 = ORIENTED_EDGE('',*,*,#5933,.T.);
#5933 = EDGE_CURVE('',#5885,#5934,#5936,.T.);
#5934 = VERTEX_POINT('',#5935);
#5935 = CARTESIAN_POINT('',(-2.3583984375,-6.993408203125,-0.4));
#5936 = SURFACE_CURVE('',#5937,(#5941,#5948),.PCURVE_S1.);
#5937 = LINE('',#5938,#5939);
#5938 = CARTESIAN_POINT('',(-3.1669921875,-6.993408203125,-0.4));
#5939 = VECTOR('',#5940,1.);
#5940 = DIRECTION('',(1.,0.,0.));
#5941 = PCURVE('',#1113,#5942);
#5942 = DEFINITIONAL_REPRESENTATION('',(#5943),#5947);
#5943 = LINE('',#5944,#5945);
#5944 = CARTESIAN_POINT('',(0.,-0.6));
#5945 = VECTOR('',#5946,1.);
#5946 = DIRECTION('',(1.,0.));
#5947 = ( GEOMETRIC_REPRESENTATION_CONTEXT(2) 
PARAMETRIC_REPRESENTATION_CONTEXT() REPRESENTATION_CONTEXT('2D SPACE',''
  ) );
#5948 = PCURVE('',#5846,#5949);
#5949 = DEFINITIONAL_REPRESENTATION('',(#5950),#5954);
#5950 = LINE('',#5951,#5952);
#5951 = CARTESIAN_POINT('',(0.16845703125,0.984375));
#5952 = VECTOR('',#5953,1.);
#5953 = DIRECTION('',(1.,0.));
#5954 = ( GEOMETRIC_REPRESENTATION_CONTEXT(2) 
PARAMETRIC_REPRESENTATION_CONTEXT() REPRESENTATION_CONTEXT('2D SPACE',''
  ) );
#5955 = ORIENTED_EDGE('',*,*,#5956,.F.);
#5956 = EDGE_CURVE('',#1073,#5934,#5957,.T.);
#5957 = SURFACE_CURVE('',#5958,(#5962,#5969),.PCURVE_S1.);
#5958 = LINE('',#5959,#5960);
#5959 = CARTESIAN_POINT('',(-2.3583984375,-6.993408203125,0.2));
#5960 = VECTOR('',#5961,1.);
#5961 = DIRECTION('',(0.,0.,-1.));
#5962 = PCURVE('',#1113,#5963);
#5963 = DEFINITIONAL_REPRESENTATION('',(#5964),#5968);
#5964 = LINE('',#5965,#5966);
#5965 = CARTESIAN_POINT('',(0.80859375,0.));
#5966 = VECTOR('',#5967,1.);
#5967 = DIRECTION('',(0.,-1.));
#5968 = ( GEOMETRIC_REPRESENTATION_CONTEXT(2) 
PARAMETRIC_REPRESENTATION_CONTEXT() REPRESENTATION_CONTEXT('2D SPACE',''
  ) );
#5969 = PCURVE('',#1087,#5970);
#5970 = DEFINITIONAL_REPRESENTATION('',(#5971),#5975);
#5971 = LINE('',#5972,#5973);
#5972 = CARTESIAN_POINT('',(0.,0.));
#5973 = VECTOR('',#5974,1.);
#5974 = DIRECTION('',(0.,-1.));
#5975 = ( GEOMETRIC_REPRESENTATION_CONTEXT(2) 
PARAMETRIC_REPRESENTATION_CONTEXT() REPRESENTATION_CONTEXT('2D SPACE',''
  ) );
#5976 = ADVANCED_FACE('',(#5977),#1087,.T.);
#5977 = FACE_BOUND('',#5978,.T.);
#5978 = EDGE_LOOP('',(#5979,#5980,#5981,#6002));
#5979 = ORIENTED_EDGE('',*,*,#1072,.F.);
#5980 = ORIENTED_EDGE('',*,*,#5956,.T.);
#5981 = ORIENTED_EDGE('',*,*,#5982,.T.);
#5982 = EDGE_CURVE('',#5934,#5808,#5983,.T.);
#5983 = SURFACE_CURVE('',#5984,(#5988,#5995),.PCURVE_S1.);
#5984 = LINE('',#5985,#5986);
#5985 = CARTESIAN_POINT('',(-2.3583984375,-6.993408203125,-0.4));
#5986 = VECTOR('',#5987,1.);
#5987 = DIRECTION('',(0.,1.,0.));
#5988 = PCURVE('',#1087,#5989);
#5989 = DEFINITIONAL_REPRESENTATION('',(#5990),#5994);
#5990 = LINE('',#5991,#5992);
#5991 = CARTESIAN_POINT('',(0.,-0.6));
#5992 = VECTOR('',#5993,1.);
#5993 = DIRECTION('',(1.,0.));
#5994 = ( GEOMETRIC_REPRESENTATION_CONTEXT(2) 
PARAMETRIC_REPRESENTATION_CONTEXT() REPRESENTATION_CONTEXT('2D SPACE',''
  ) );
#5995 = PCURVE('',#5846,#5996);
#5996 = DEFINITIONAL_REPRESENTATION('',(#5997),#6001);
#5997 = LINE('',#5998,#5999);
#5998 = CARTESIAN_POINT('',(0.97705078125,0.984375));
#5999 = VECTOR('',#6000,1.);
#6000 = DIRECTION('',(0.,-1.));
#6001 = ( GEOMETRIC_REPRESENTATION_CONTEXT(2) 
PARAMETRIC_REPRESENTATION_CONTEXT() REPRESENTATION_CONTEXT('2D SPACE',''
  ) );
#6002 = ORIENTED_EDGE('',*,*,#5807,.F.);
#6003 = ADVANCED_FACE('',(#6004),#1167,.T.);
#6004 = FACE_BOUND('',#6005,.T.);
#6005 = EDGE_LOOP('',(#6006,#6007,#6030,#6058));
#6006 = ORIENTED_EDGE('',*,*,#1150,.F.);
#6007 = ORIENTED_EDGE('',*,*,#6008,.T.);
#6008 = EDGE_CURVE('',#1151,#6009,#6011,.T.);
#6009 = VERTEX_POINT('',#6010);
#6010 = CARTESIAN_POINT('',(-1.04150390625,-8.156494140625,-0.4));
#6011 = SURFACE_CURVE('',#6012,(#6016,#6023),.PCURVE_S1.);
#6012 = LINE('',#6013,#6014);
#6013 = CARTESIAN_POINT('',(-1.04150390625,-8.156494140625,0.2));
#6014 = VECTOR('',#6015,1.);
#6015 = DIRECTION('',(0.,0.,-1.));
#6016 = PCURVE('',#1167,#6017);
#6017 = DEFINITIONAL_REPRESENTATION('',(#6018),#6022);
#6018 = LINE('',#6019,#6020);
#6019 = CARTESIAN_POINT('',(0.,0.));
#6020 = VECTOR('',#6021,1.);
#6021 = DIRECTION('',(0.,-1.));
#6022 = ( GEOMETRIC_REPRESENTATION_CONTEXT(2) 
PARAMETRIC_REPRESENTATION_CONTEXT() REPRESENTATION_CONTEXT('2D SPACE',''
  ) );
#6023 = PCURVE('',#1193,#6024);
#6024 = DEFINITIONAL_REPRESENTATION('',(#6025),#6029);
#6025 = LINE('',#6026,#6027);
#6026 = CARTESIAN_POINT('',(0.45849609375,0.));
#6027 = VECTOR('',#6028,1.);
#6028 = DIRECTION('',(0.,-1.));
#6029 = ( GEOMETRIC_REPRESENTATION_CONTEXT(2) 
PARAMETRIC_REPRESENTATION_CONTEXT() REPRESENTATION_CONTEXT('2D SPACE',''
  ) );
#6030 = ORIENTED_EDGE('',*,*,#6031,.T.);
#6031 = EDGE_CURVE('',#6009,#6032,#6034,.T.);
#6032 = VERTEX_POINT('',#6033);
#6033 = CARTESIAN_POINT('',(-0.181640625,-6.009033203125,-0.4));
#6034 = SURFACE_CURVE('',#6035,(#6039,#6046),.PCURVE_S1.);
#6035 = LINE('',#6036,#6037);
#6036 = CARTESIAN_POINT('',(-1.04150390625,-8.156494140625,-0.4));
#6037 = VECTOR('',#6038,1.);
#6038 = DIRECTION('',(0.371718196741,0.928345615712,0.));
#6039 = PCURVE('',#1167,#6040);
#6040 = DEFINITIONAL_REPRESENTATION('',(#6041),#6045);
#6041 = LINE('',#6042,#6043);
#6042 = CARTESIAN_POINT('',(0.,-0.6));
#6043 = VECTOR('',#6044,1.);
#6044 = DIRECTION('',(1.,0.));
#6045 = ( GEOMETRIC_REPRESENTATION_CONTEXT(2) 
PARAMETRIC_REPRESENTATION_CONTEXT() REPRESENTATION_CONTEXT('2D SPACE',''
  ) );
#6046 = PCURVE('',#6047,#6052);
#6047 = PLANE('',#6048);
#6048 = AXIS2_PLACEMENT_3D('',#6049,#6050,#6051);
#6049 = CARTESIAN_POINT('',(-2.33642578125,-6.009033203125,-0.4));
#6050 = DIRECTION('',(0.,0.,-1.));
#6051 = DIRECTION('',(1.,0.,0.));
#6052 = DEFINITIONAL_REPRESENTATION('',(#6053),#6057);
#6053 = LINE('',#6054,#6055);
#6054 = CARTESIAN_POINT('',(1.294921875,2.1474609375));
#6055 = VECTOR('',#6056,1.);
#6056 = DIRECTION('',(0.371718196741,-0.928345615712));
#6057 = ( GEOMETRIC_REPRESENTATION_CONTEXT(2) 
PARAMETRIC_REPRESENTATION_CONTEXT() REPRESENTATION_CONTEXT('2D SPACE',''
  ) );
#6058 = ORIENTED_EDGE('',*,*,#6059,.F.);
#6059 = EDGE_CURVE('',#1153,#6032,#6060,.T.);
#6060 = SURFACE_CURVE('',#6061,(#6065,#6072),.PCURVE_S1.);
#6061 = LINE('',#6062,#6063);
#6062 = CARTESIAN_POINT('',(-0.181640625,-6.009033203125,0.2));
#6063 = VECTOR('',#6064,1.);
#6064 = DIRECTION('',(0.,0.,-1.));
#6065 = PCURVE('',#1167,#6066);
#6066 = DEFINITIONAL_REPRESENTATION('',(#6067),#6071);
#6067 = LINE('',#6068,#6069);
#6068 = CARTESIAN_POINT('',(2.313212774591,0.));
#6069 = VECTOR('',#6070,1.);
#6070 = DIRECTION('',(0.,-1.));
#6071 = ( GEOMETRIC_REPRESENTATION_CONTEXT(2) 
PARAMETRIC_REPRESENTATION_CONTEXT() REPRESENTATION_CONTEXT('2D SPACE',''
  ) );
#6072 = PCURVE('',#1347,#6073);
#6073 = DEFINITIONAL_REPRESENTATION('',(#6074),#6078);
#6074 = LINE('',#6075,#6076);
#6075 = CARTESIAN_POINT('',(0.,-0.));
#6076 = VECTOR('',#6077,1.);
#6077 = DIRECTION('',(0.,-1.));
#6078 = ( GEOMETRIC_REPRESENTATION_CONTEXT(2) 
PARAMETRIC_REPRESENTATION_CONTEXT() REPRESENTATION_CONTEXT('2D SPACE',''
  ) );
#6079 = ADVANCED_FACE('',(#6080),#1347,.T.);
#6080 = FACE_BOUND('',#6081,.T.);
#6081 = EDGE_LOOP('',(#6082,#6083,#6084,#6107));
#6082 = ORIENTED_EDGE('',*,*,#1334,.F.);
#6083 = ORIENTED_EDGE('',*,*,#6059,.T.);
#6084 = ORIENTED_EDGE('',*,*,#6085,.T.);
#6085 = EDGE_CURVE('',#6032,#6086,#6088,.T.);
#6086 = VERTEX_POINT('',#6087);
#6087 = CARTESIAN_POINT('',(-0.6533203125,-6.009033203125,-0.4));
#6088 = SURFACE_CURVE('',#6089,(#6093,#6100),.PCURVE_S1.);
#6089 = LINE('',#6090,#6091);
#6090 = CARTESIAN_POINT('',(-0.181640625,-6.009033203125,-0.4));
#6091 = VECTOR('',#6092,1.);
#6092 = DIRECTION('',(-1.,0.,0.));
#6093 = PCURVE('',#1347,#6094);
#6094 = DEFINITIONAL_REPRESENTATION('',(#6095),#6099);
#6095 = LINE('',#6096,#6097);
#6096 = CARTESIAN_POINT('',(0.,-0.6));
#6097 = VECTOR('',#6098,1.);
#6098 = DIRECTION('',(1.,0.));
#6099 = ( GEOMETRIC_REPRESENTATION_CONTEXT(2) 
PARAMETRIC_REPRESENTATION_CONTEXT() REPRESENTATION_CONTEXT('2D SPACE',''
  ) );
#6100 = PCURVE('',#6047,#6101);
#6101 = DEFINITIONAL_REPRESENTATION('',(#6102),#6106);
#6102 = LINE('',#6103,#6104);
#6103 = CARTESIAN_POINT('',(2.15478515625,0.));
#6104 = VECTOR('',#6105,1.);
#6105 = DIRECTION('',(-1.,0.));
#6106 = ( GEOMETRIC_REPRESENTATION_CONTEXT(2) 
PARAMETRIC_REPRESENTATION_CONTEXT() REPRESENTATION_CONTEXT('2D SPACE',''
  ) );
#6107 = ORIENTED_EDGE('',*,*,#6108,.F.);
#6108 = EDGE_CURVE('',#1309,#6086,#6109,.T.);
#6109 = SURFACE_CURVE('',#6110,(#6114,#6121),.PCURVE_S1.);
#6110 = LINE('',#6111,#6112);
#6111 = CARTESIAN_POINT('',(-0.6533203125,-6.009033203125,0.2));
#6112 = VECTOR('',#6113,1.);
#6113 = DIRECTION('',(0.,0.,-1.));
#6114 = PCURVE('',#1347,#6115);
#6115 = DEFINITIONAL_REPRESENTATION('',(#6116),#6120);
#6116 = LINE('',#6117,#6118);
#6117 = CARTESIAN_POINT('',(0.4716796875,0.));
#6118 = VECTOR('',#6119,1.);
#6119 = DIRECTION('',(0.,-1.));
#6120 = ( GEOMETRIC_REPRESENTATION_CONTEXT(2) 
PARAMETRIC_REPRESENTATION_CONTEXT() REPRESENTATION_CONTEXT('2D SPACE',''
  ) );
#6121 = PCURVE('',#1323,#6122);
#6122 = DEFINITIONAL_REPRESENTATION('',(#6123),#6127);
#6123 = LINE('',#6124,#6125);
#6124 = CARTESIAN_POINT('',(0.,0.));
#6125 = VECTOR('',#6126,1.);
#6126 = DIRECTION('',(0.,-1.));
#6127 = ( GEOMETRIC_REPRESENTATION_CONTEXT(2) 
PARAMETRIC_REPRESENTATION_CONTEXT() REPRESENTATION_CONTEXT('2D SPACE',''
  ) );
#6128 = ADVANCED_FACE('',(#6129),#1323,.T.);
#6129 = FACE_BOUND('',#6130,.T.);
#6130 = EDGE_LOOP('',(#6131,#6132,#6133,#6156));
#6131 = ORIENTED_EDGE('',*,*,#1308,.F.);
#6132 = ORIENTED_EDGE('',*,*,#6108,.T.);
#6133 = ORIENTED_EDGE('',*,*,#6134,.T.);
#6134 = EDGE_CURVE('',#6086,#6135,#6137,.T.);
#6135 = VERTEX_POINT('',#6136);
#6136 = CARTESIAN_POINT('',(-0.8408203125,-6.496826171875,-0.4));
#6137 = SURFACE_CURVE('',#6138,(#6142,#6149),.PCURVE_S1.);
#6138 = LINE('',#6139,#6140);
#6139 = CARTESIAN_POINT('',(-0.6533203125,-6.009033203125,-0.4));
#6140 = VECTOR('',#6141,1.);
#6141 = DIRECTION('',(-0.358791238353,-0.933417831028,0.));
#6142 = PCURVE('',#1323,#6143);
#6143 = DEFINITIONAL_REPRESENTATION('',(#6144),#6148);
#6144 = LINE('',#6145,#6146);
#6145 = CARTESIAN_POINT('',(0.,-0.6));
#6146 = VECTOR('',#6147,1.);
#6147 = DIRECTION('',(1.,0.));
#6148 = ( GEOMETRIC_REPRESENTATION_CONTEXT(2) 
PARAMETRIC_REPRESENTATION_CONTEXT() REPRESENTATION_CONTEXT('2D SPACE',''
  ) );
#6149 = PCURVE('',#6047,#6150);
#6150 = DEFINITIONAL_REPRESENTATION('',(#6151),#6155);
#6151 = LINE('',#6152,#6153);
#6152 = CARTESIAN_POINT('',(1.68310546875,0.));
#6153 = VECTOR('',#6154,1.);
#6154 = DIRECTION('',(-0.358791238353,0.933417831028));
#6155 = ( GEOMETRIC_REPRESENTATION_CONTEXT(2) 
PARAMETRIC_REPRESENTATION_CONTEXT() REPRESENTATION_CONTEXT('2D SPACE',''
  ) );
#6156 = ORIENTED_EDGE('',*,*,#6157,.F.);
#6157 = EDGE_CURVE('',#1283,#6135,#6158,.T.);
#6158 = SURFACE_CURVE('',#6159,(#6163,#6170),.PCURVE_S1.);
#6159 = LINE('',#6160,#6161);
#6160 = CARTESIAN_POINT('',(-0.8408203125,-6.496826171875,0.2));
#6161 = VECTOR('',#6162,1.);
#6162 = DIRECTION('',(0.,0.,-1.));
#6163 = PCURVE('',#1323,#6164);
#6164 = DEFINITIONAL_REPRESENTATION('',(#6165),#6169);
#6165 = LINE('',#6166,#6167);
#6166 = CARTESIAN_POINT('',(0.522588012073,0.));
#6167 = VECTOR('',#6168,1.);
#6168 = DIRECTION('',(0.,-1.));
#6169 = ( GEOMETRIC_REPRESENTATION_CONTEXT(2) 
PARAMETRIC_REPRESENTATION_CONTEXT() REPRESENTATION_CONTEXT('2D SPACE',''
  ) );
#6170 = PCURVE('',#1297,#6171);
#6171 = DEFINITIONAL_REPRESENTATION('',(#6172),#6176);
#6172 = LINE('',#6173,#6174);
#6173 = CARTESIAN_POINT('',(0.,-0.));
#6174 = VECTOR('',#6175,1.);
#6175 = DIRECTION('',(0.,-1.));
#6176 = ( GEOMETRIC_REPRESENTATION_CONTEXT(2) 
PARAMETRIC_REPRESENTATION_CONTEXT() REPRESENTATION_CONTEXT('2D SPACE',''
  ) );
#6177 = ADVANCED_FACE('',(#6178),#1297,.T.);
#6178 = FACE_BOUND('',#6179,.T.);
#6179 = EDGE_LOOP('',(#6180,#6181,#6182,#6205));
#6180 = ORIENTED_EDGE('',*,*,#1282,.F.);
#6181 = ORIENTED_EDGE('',*,*,#6157,.T.);
#6182 = ORIENTED_EDGE('',*,*,#6183,.T.);
#6183 = EDGE_CURVE('',#6135,#6184,#6186,.T.);
#6184 = VERTEX_POINT('',#6185);
#6185 = CARTESIAN_POINT('',(-1.69921875,-6.496826171875,-0.4));
#6186 = SURFACE_CURVE('',#6187,(#6191,#6198),.PCURVE_S1.);
#6187 = LINE('',#6188,#6189);
#6188 = CARTESIAN_POINT('',(-0.8408203125,-6.496826171875,-0.4));
#6189 = VECTOR('',#6190,1.);
#6190 = DIRECTION('',(-1.,0.,0.));
#6191 = PCURVE('',#1297,#6192);
#6192 = DEFINITIONAL_REPRESENTATION('',(#6193),#6197);
#6193 = LINE('',#6194,#6195);
#6194 = CARTESIAN_POINT('',(0.,-0.6));
#6195 = VECTOR('',#6196,1.);
#6196 = DIRECTION('',(1.,0.));
#6197 = ( GEOMETRIC_REPRESENTATION_CONTEXT(2) 
PARAMETRIC_REPRESENTATION_CONTEXT() REPRESENTATION_CONTEXT('2D SPACE',''
  ) );
#6198 = PCURVE('',#6047,#6199);
#6199 = DEFINITIONAL_REPRESENTATION('',(#6200),#6204);
#6200 = LINE('',#6201,#6202);
#6201 = CARTESIAN_POINT('',(1.49560546875,0.48779296875));
#6202 = VECTOR('',#6203,1.);
#6203 = DIRECTION('',(-1.,0.));
#6204 = ( GEOMETRIC_REPRESENTATION_CONTEXT(2) 
PARAMETRIC_REPRESENTATION_CONTEXT() REPRESENTATION_CONTEXT('2D SPACE',''
  ) );
#6205 = ORIENTED_EDGE('',*,*,#6206,.F.);
#6206 = EDGE_CURVE('',#1257,#6184,#6207,.T.);
#6207 = SURFACE_CURVE('',#6208,(#6212,#6219),.PCURVE_S1.);
#6208 = LINE('',#6209,#6210);
#6209 = CARTESIAN_POINT('',(-1.69921875,-6.496826171875,0.2));
#6210 = VECTOR('',#6211,1.);
#6211 = DIRECTION('',(0.,0.,-1.));
#6212 = PCURVE('',#1297,#6213);
#6213 = DEFINITIONAL_REPRESENTATION('',(#6214),#6218);
#6214 = LINE('',#6215,#6216);
#6215 = CARTESIAN_POINT('',(0.8583984375,0.));
#6216 = VECTOR('',#6217,1.);
#6217 = DIRECTION('',(0.,-1.));
#6218 = ( GEOMETRIC_REPRESENTATION_CONTEXT(2) 
PARAMETRIC_REPRESENTATION_CONTEXT() REPRESENTATION_CONTEXT('2D SPACE',''
  ) );
#6219 = PCURVE('',#1271,#6220);
#6220 = DEFINITIONAL_REPRESENTATION('',(#6221),#6225);
#6221 = LINE('',#6222,#6223);
#6222 = CARTESIAN_POINT('',(0.,0.));
#6223 = VECTOR('',#6224,1.);
#6224 = DIRECTION('',(0.,-1.));
#6225 = ( GEOMETRIC_REPRESENTATION_CONTEXT(2) 
PARAMETRIC_REPRESENTATION_CONTEXT() REPRESENTATION_CONTEXT('2D SPACE',''
  ) );
#6226 = ADVANCED_FACE('',(#6227),#1271,.T.);
#6227 = FACE_BOUND('',#6228,.T.);
#6228 = EDGE_LOOP('',(#6229,#6230,#6231,#6254));
#6229 = ORIENTED_EDGE('',*,*,#1256,.F.);
#6230 = ORIENTED_EDGE('',*,*,#6206,.T.);
#6231 = ORIENTED_EDGE('',*,*,#6232,.T.);
#6232 = EDGE_CURVE('',#6184,#6233,#6235,.T.);
#6233 = VERTEX_POINT('',#6234);
#6234 = CARTESIAN_POINT('',(-1.87646484375,-6.009033203125,-0.4));
#6235 = SURFACE_CURVE('',#6236,(#6240,#6247),.PCURVE_S1.);
#6236 = LINE('',#6237,#6238);
#6237 = CARTESIAN_POINT('',(-1.69921875,-6.496826171875,-0.4));
#6238 = VECTOR('',#6239,1.);
#6239 = DIRECTION('',(-0.341516433089,0.93987580346,-0.));
#6240 = PCURVE('',#1271,#6241);
#6241 = DEFINITIONAL_REPRESENTATION('',(#6242),#6246);
#6242 = LINE('',#6243,#6244);
#6243 = CARTESIAN_POINT('',(0.,-0.6));
#6244 = VECTOR('',#6245,1.);
#6245 = DIRECTION('',(1.,0.));
#6246 = ( GEOMETRIC_REPRESENTATION_CONTEXT(2) 
PARAMETRIC_REPRESENTATION_CONTEXT() REPRESENTATION_CONTEXT('2D SPACE',''
  ) );
#6247 = PCURVE('',#6047,#6248);
#6248 = DEFINITIONAL_REPRESENTATION('',(#6249),#6253);
#6249 = LINE('',#6250,#6251);
#6250 = CARTESIAN_POINT('',(0.63720703125,0.48779296875));
#6251 = VECTOR('',#6252,1.);
#6252 = DIRECTION('',(-0.341516433089,-0.93987580346));
#6253 = ( GEOMETRIC_REPRESENTATION_CONTEXT(2) 
PARAMETRIC_REPRESENTATION_CONTEXT() REPRESENTATION_CONTEXT('2D SPACE',''
  ) );
#6254 = ORIENTED_EDGE('',*,*,#6255,.F.);
#6255 = EDGE_CURVE('',#1231,#6233,#6256,.T.);
#6256 = SURFACE_CURVE('',#6257,(#6261,#6268),.PCURVE_S1.);
#6257 = LINE('',#6258,#6259);
#6258 = CARTESIAN_POINT('',(-1.87646484375,-6.009033203125,0.2));
#6259 = VECTOR('',#6260,1.);
#6260 = DIRECTION('',(0.,0.,-1.));
#6261 = PCURVE('',#1271,#6262);
#6262 = DEFINITIONAL_REPRESENTATION('',(#6263),#6267);
#6263 = LINE('',#6264,#6265);
#6264 = CARTESIAN_POINT('',(0.518997262143,0.));
#6265 = VECTOR('',#6266,1.);
#6266 = DIRECTION('',(0.,-1.));
#6267 = ( GEOMETRIC_REPRESENTATION_CONTEXT(2) 
PARAMETRIC_REPRESENTATION_CONTEXT() REPRESENTATION_CONTEXT('2D SPACE',''
  ) );
#6268 = PCURVE('',#1245,#6269);
#6269 = DEFINITIONAL_REPRESENTATION('',(#6270),#6274);
#6270 = LINE('',#6271,#6272);
#6271 = CARTESIAN_POINT('',(0.,-0.));
#6272 = VECTOR('',#6273,1.);
#6273 = DIRECTION('',(0.,-1.));
#6274 = ( GEOMETRIC_REPRESENTATION_CONTEXT(2) 
PARAMETRIC_REPRESENTATION_CONTEXT() REPRESENTATION_CONTEXT('2D SPACE',''
  ) );
#6275 = ADVANCED_FACE('',(#6276),#1245,.T.);
#6276 = FACE_BOUND('',#6277,.T.);
#6277 = EDGE_LOOP('',(#6278,#6279,#6280,#6303));
#6278 = ORIENTED_EDGE('',*,*,#1230,.F.);
#6279 = ORIENTED_EDGE('',*,*,#6255,.T.);
#6280 = ORIENTED_EDGE('',*,*,#6281,.T.);
#6281 = EDGE_CURVE('',#6233,#6282,#6284,.T.);
#6282 = VERTEX_POINT('',#6283);
#6283 = CARTESIAN_POINT('',(-2.33642578125,-6.009033203125,-0.4));
#6284 = SURFACE_CURVE('',#6285,(#6289,#6296),.PCURVE_S1.);
#6285 = LINE('',#6286,#6287);
#6286 = CARTESIAN_POINT('',(-1.87646484375,-6.009033203125,-0.4));
#6287 = VECTOR('',#6288,1.);
#6288 = DIRECTION('',(-1.,0.,0.));
#6289 = PCURVE('',#1245,#6290);
#6290 = DEFINITIONAL_REPRESENTATION('',(#6291),#6295);
#6291 = LINE('',#6292,#6293);
#6292 = CARTESIAN_POINT('',(0.,-0.6));
#6293 = VECTOR('',#6294,1.);
#6294 = DIRECTION('',(1.,0.));
#6295 = ( GEOMETRIC_REPRESENTATION_CONTEXT(2) 
PARAMETRIC_REPRESENTATION_CONTEXT() REPRESENTATION_CONTEXT('2D SPACE',''
  ) );
#6296 = PCURVE('',#6047,#6297);
#6297 = DEFINITIONAL_REPRESENTATION('',(#6298),#6302);
#6298 = LINE('',#6299,#6300);
#6299 = CARTESIAN_POINT('',(0.4599609375,0.));
#6300 = VECTOR('',#6301,1.);
#6301 = DIRECTION('',(-1.,0.));
#6302 = ( GEOMETRIC_REPRESENTATION_CONTEXT(2) 
PARAMETRIC_REPRESENTATION_CONTEXT() REPRESENTATION_CONTEXT('2D SPACE',''
  ) );
#6303 = ORIENTED_EDGE('',*,*,#6304,.F.);
#6304 = EDGE_CURVE('',#1205,#6282,#6305,.T.);
#6305 = SURFACE_CURVE('',#6306,(#6310,#6317),.PCURVE_S1.);
#6306 = LINE('',#6307,#6308);
#6307 = CARTESIAN_POINT('',(-2.33642578125,-6.009033203125,0.2));
#6308 = VECTOR('',#6309,1.);
#6309 = DIRECTION('',(0.,0.,-1.));
#6310 = PCURVE('',#1245,#6311);
#6311 = DEFINITIONAL_REPRESENTATION('',(#6312),#6316);
#6312 = LINE('',#6313,#6314);
#6313 = CARTESIAN_POINT('',(0.4599609375,0.));
#6314 = VECTOR('',#6315,1.);
#6315 = DIRECTION('',(0.,-1.));
#6316 = ( GEOMETRIC_REPRESENTATION_CONTEXT(2) 
PARAMETRIC_REPRESENTATION_CONTEXT() REPRESENTATION_CONTEXT('2D SPACE',''
  ) );
#6317 = PCURVE('',#1219,#6318);
#6318 = DEFINITIONAL_REPRESENTATION('',(#6319),#6323);
#6319 = LINE('',#6320,#6321);
#6320 = CARTESIAN_POINT('',(0.,0.));
#6321 = VECTOR('',#6322,1.);
#6322 = DIRECTION('',(0.,-1.));
#6323 = ( GEOMETRIC_REPRESENTATION_CONTEXT(2) 
PARAMETRIC_REPRESENTATION_CONTEXT() REPRESENTATION_CONTEXT('2D SPACE',''
  ) );
#6324 = ADVANCED_FACE('',(#6325),#1219,.T.);
#6325 = FACE_BOUND('',#6326,.T.);
#6326 = EDGE_LOOP('',(#6327,#6328,#6329,#6352));
#6327 = ORIENTED_EDGE('',*,*,#1204,.F.);
#6328 = ORIENTED_EDGE('',*,*,#6304,.T.);
#6329 = ORIENTED_EDGE('',*,*,#6330,.T.);
#6330 = EDGE_CURVE('',#6282,#6331,#6333,.T.);
#6331 = VERTEX_POINT('',#6332);
#6332 = CARTESIAN_POINT('',(-1.5,-8.156494140625,-0.4));
#6333 = SURFACE_CURVE('',#6334,(#6338,#6345),.PCURVE_S1.);
#6334 = LINE('',#6335,#6336);
#6335 = CARTESIAN_POINT('',(-2.33642578125,-6.009033203125,-0.4));
#6336 = VECTOR('',#6337,1.);
#6337 = DIRECTION('',(0.362936981768,-0.931813686992,0.));
#6338 = PCURVE('',#1219,#6339);
#6339 = DEFINITIONAL_REPRESENTATION('',(#6340),#6344);
#6340 = LINE('',#6341,#6342);
#6341 = CARTESIAN_POINT('',(0.,-0.6));
#6342 = VECTOR('',#6343,1.);
#6343 = DIRECTION('',(1.,0.));
#6344 = ( GEOMETRIC_REPRESENTATION_CONTEXT(2) 
PARAMETRIC_REPRESENTATION_CONTEXT() REPRESENTATION_CONTEXT('2D SPACE',''
  ) );
#6345 = PCURVE('',#6047,#6346);
#6346 = DEFINITIONAL_REPRESENTATION('',(#6347),#6351);
#6347 = LINE('',#6348,#6349);
#6348 = CARTESIAN_POINT('',(0.,0.));
#6349 = VECTOR('',#6350,1.);
#6350 = DIRECTION('',(0.362936981768,0.931813686992));
#6351 = ( GEOMETRIC_REPRESENTATION_CONTEXT(2) 
PARAMETRIC_REPRESENTATION_CONTEXT() REPRESENTATION_CONTEXT('2D SPACE',''
  ) );
#6352 = ORIENTED_EDGE('',*,*,#6353,.F.);
#6353 = EDGE_CURVE('',#1179,#6331,#6354,.T.);
#6354 = SURFACE_CURVE('',#6355,(#6359,#6366),.PCURVE_S1.);
#6355 = LINE('',#6356,#6357);
#6356 = CARTESIAN_POINT('',(-1.5,-8.156494140625,0.2));
#6357 = VECTOR('',#6358,1.);
#6358 = DIRECTION('',(0.,0.,-1.));
#6359 = PCURVE('',#1219,#6360);
#6360 = DEFINITIONAL_REPRESENTATION('',(#6361),#6365);
#6361 = LINE('',#6362,#6363);
#6362 = CARTESIAN_POINT('',(2.304603342362,0.));
#6363 = VECTOR('',#6364,1.);
#6364 = DIRECTION('',(0.,-1.));
#6365 = ( GEOMETRIC_REPRESENTATION_CONTEXT(2) 
PARAMETRIC_REPRESENTATION_CONTEXT() REPRESENTATION_CONTEXT('2D SPACE',''
  ) );
#6366 = PCURVE('',#1193,#6367);
#6367 = DEFINITIONAL_REPRESENTATION('',(#6368),#6372);
#6368 = LINE('',#6369,#6370);
#6369 = CARTESIAN_POINT('',(0.,0.));
#6370 = VECTOR('',#6371,1.);
#6371 = DIRECTION('',(0.,-1.));
#6372 = ( GEOMETRIC_REPRESENTATION_CONTEXT(2) 
PARAMETRIC_REPRESENTATION_CONTEXT() REPRESENTATION_CONTEXT('2D SPACE',''
  ) );
#6373 = ADVANCED_FACE('',(#6374),#1193,.T.);
#6374 = FACE_BOUND('',#6375,.T.);
#6375 = EDGE_LOOP('',(#6376,#6377,#6378,#6399));
#6376 = ORIENTED_EDGE('',*,*,#1178,.F.);
#6377 = ORIENTED_EDGE('',*,*,#6353,.T.);
#6378 = ORIENTED_EDGE('',*,*,#6379,.T.);
#6379 = EDGE_CURVE('',#6331,#6009,#6380,.T.);
#6380 = SURFACE_CURVE('',#6381,(#6385,#6392),.PCURVE_S1.);
#6381 = LINE('',#6382,#6383);
#6382 = CARTESIAN_POINT('',(-1.5,-8.156494140625,-0.4));
#6383 = VECTOR('',#6384,1.);
#6384 = DIRECTION('',(1.,0.,0.));
#6385 = PCURVE('',#1193,#6386);
#6386 = DEFINITIONAL_REPRESENTATION('',(#6387),#6391);
#6387 = LINE('',#6388,#6389);
#6388 = CARTESIAN_POINT('',(0.,-0.6));
#6389 = VECTOR('',#6390,1.);
#6390 = DIRECTION('',(1.,0.));
#6391 = ( GEOMETRIC_REPRESENTATION_CONTEXT(2) 
PARAMETRIC_REPRESENTATION_CONTEXT() REPRESENTATION_CONTEXT('2D SPACE',''
  ) );
#6392 = PCURVE('',#6047,#6393);
#6393 = DEFINITIONAL_REPRESENTATION('',(#6394),#6398);
#6394 = LINE('',#6395,#6396);
#6395 = CARTESIAN_POINT('',(0.83642578125,2.1474609375));
#6396 = VECTOR('',#6397,1.);
#6397 = DIRECTION('',(1.,0.));
#6398 = ( GEOMETRIC_REPRESENTATION_CONTEXT(2) 
PARAMETRIC_REPRESENTATION_CONTEXT() REPRESENTATION_CONTEXT('2D SPACE',''
  ) );
#6399 = ORIENTED_EDGE('',*,*,#6008,.F.);
#6400 = ADVANCED_FACE('',(#6401),#1377,.T.);
#6401 = FACE_BOUND('',#6402,.T.);
#6402 = EDGE_LOOP('',(#6403,#6404,#6427,#6455));
#6403 = ORIENTED_EDGE('',*,*,#1360,.F.);
#6404 = ORIENTED_EDGE('',*,*,#6405,.T.);
#6405 = EDGE_CURVE('',#1361,#6406,#6408,.T.);
#6406 = VERTEX_POINT('',#6407);
#6407 = CARTESIAN_POINT('',(4.6875E-02,-6.009033203125,-0.4));
#6408 = SURFACE_CURVE('',#6409,(#6413,#6420),.PCURVE_S1.);
#6409 = LINE('',#6410,#6411);
#6410 = CARTESIAN_POINT('',(4.6875E-02,-6.009033203125,0.2));
#6411 = VECTOR('',#6412,1.);
#6412 = DIRECTION('',(0.,0.,-1.));
#6413 = PCURVE('',#1377,#6414);
#6414 = DEFINITIONAL_REPRESENTATION('',(#6415),#6419);
#6415 = LINE('',#6416,#6417);
#6416 = CARTESIAN_POINT('',(0.,0.));
#6417 = VECTOR('',#6418,1.);
#6418 = DIRECTION('',(0.,-1.));
#6419 = ( GEOMETRIC_REPRESENTATION_CONTEXT(2) 
PARAMETRIC_REPRESENTATION_CONTEXT() REPRESENTATION_CONTEXT('2D SPACE',''
  ) );
#6420 = PCURVE('',#1403,#6421);
#6421 = DEFINITIONAL_REPRESENTATION('',(#6422),#6426);
#6422 = LINE('',#6423,#6424);
#6423 = CARTESIAN_POINT('',(0.81591796875,0.));
#6424 = VECTOR('',#6425,1.);
#6425 = DIRECTION('',(0.,-1.));
#6426 = ( GEOMETRIC_REPRESENTATION_CONTEXT(2) 
PARAMETRIC_REPRESENTATION_CONTEXT() REPRESENTATION_CONTEXT('2D SPACE',''
  ) );
#6427 = ORIENTED_EDGE('',*,*,#6428,.T.);
#6428 = EDGE_CURVE('',#6406,#6429,#6431,.T.);
#6429 = VERTEX_POINT('',#6430);
#6430 = CARTESIAN_POINT('',(4.6875E-02,-8.156494140625,-0.4));
#6431 = SURFACE_CURVE('',#6432,(#6436,#6443),.PCURVE_S1.);
#6432 = LINE('',#6433,#6434);
#6433 = CARTESIAN_POINT('',(4.6875E-02,-6.009033203125,-0.4));
#6434 = VECTOR('',#6435,1.);
#6435 = DIRECTION('',(0.,-1.,0.));
#6436 = PCURVE('',#1377,#6437);
#6437 = DEFINITIONAL_REPRESENTATION('',(#6438),#6442);
#6438 = LINE('',#6439,#6440);
#6439 = CARTESIAN_POINT('',(0.,-0.6));
#6440 = VECTOR('',#6441,1.);
#6441 = DIRECTION('',(1.,0.));
#6442 = ( GEOMETRIC_REPRESENTATION_CONTEXT(2) 
PARAMETRIC_REPRESENTATION_CONTEXT() REPRESENTATION_CONTEXT('2D SPACE',''
  ) );
#6443 = PCURVE('',#6444,#6449);
#6444 = PLANE('',#6445);
#6445 = AXIS2_PLACEMENT_3D('',#6446,#6447,#6448);
#6446 = CARTESIAN_POINT('',(-0.169921875,-6.009033203125,-0.4));
#6447 = DIRECTION('',(0.,0.,-1.));
#6448 = DIRECTION('',(1.,0.,0.));
#6449 = DEFINITIONAL_REPRESENTATION('',(#6450),#6454);
#6450 = LINE('',#6451,#6452);
#6451 = CARTESIAN_POINT('',(0.216796875,0.));
#6452 = VECTOR('',#6453,1.);
#6453 = DIRECTION('',(0.,1.));
#6454 = ( GEOMETRIC_REPRESENTATION_CONTEXT(2) 
PARAMETRIC_REPRESENTATION_CONTEXT() REPRESENTATION_CONTEXT('2D SPACE',''
  ) );
#6455 = ORIENTED_EDGE('',*,*,#6456,.F.);
#6456 = EDGE_CURVE('',#1363,#6429,#6457,.T.);
#6457 = SURFACE_CURVE('',#6458,(#6462,#6469),.PCURVE_S1.);
#6458 = LINE('',#6459,#6460);
#6459 = CARTESIAN_POINT('',(4.6875E-02,-8.156494140625,0.2));
#6460 = VECTOR('',#6461,1.);
#6461 = DIRECTION('',(0.,0.,-1.));
#6462 = PCURVE('',#1377,#6463);
#6463 = DEFINITIONAL_REPRESENTATION('',(#6464),#6468);
#6464 = LINE('',#6465,#6466);
#6465 = CARTESIAN_POINT('',(2.1474609375,0.));
#6466 = VECTOR('',#6467,1.);
#6467 = DIRECTION('',(0.,-1.));
#6468 = ( GEOMETRIC_REPRESENTATION_CONTEXT(2) 
PARAMETRIC_REPRESENTATION_CONTEXT() REPRESENTATION_CONTEXT('2D SPACE',''
  ) );
#6469 = PCURVE('',#1748,#6470);
#6470 = DEFINITIONAL_REPRESENTATION('',(#6471),#6475);
#6471 = LINE('',#6472,#6473);
#6472 = CARTESIAN_POINT('',(0.,0.));
#6473 = VECTOR('',#6474,1.);
#6474 = DIRECTION('',(0.,-1.));
#6475 = ( GEOMETRIC_REPRESENTATION_CONTEXT(2) 
PARAMETRIC_REPRESENTATION_CONTEXT() REPRESENTATION_CONTEXT('2D SPACE',''
  ) );
#6476 = ADVANCED_FACE('',(#6477),#1748,.T.);
#6477 = FACE_BOUND('',#6478,.T.);
#6478 = EDGE_LOOP('',(#6479,#6480,#6481,#6504));
#6479 = ORIENTED_EDGE('',*,*,#1735,.F.);
#6480 = ORIENTED_EDGE('',*,*,#6456,.T.);
#6481 = ORIENTED_EDGE('',*,*,#6482,.T.);
#6482 = EDGE_CURVE('',#6429,#6483,#6485,.T.);
#6483 = VERTEX_POINT('',#6484);
#6484 = CARTESIAN_POINT('',(0.83935546875,-8.156494140625,-0.4));
#6485 = SURFACE_CURVE('',#6486,(#6490,#6497),.PCURVE_S1.);
#6486 = LINE('',#6487,#6488);
#6487 = CARTESIAN_POINT('',(4.6875E-02,-8.156494140625,-0.4));
#6488 = VECTOR('',#6489,1.);
#6489 = DIRECTION('',(1.,0.,0.));
#6490 = PCURVE('',#1748,#6491);
#6491 = DEFINITIONAL_REPRESENTATION('',(#6492),#6496);
#6492 = LINE('',#6493,#6494);
#6493 = CARTESIAN_POINT('',(0.,-0.6));
#6494 = VECTOR('',#6495,1.);
#6495 = DIRECTION('',(1.,0.));
#6496 = ( GEOMETRIC_REPRESENTATION_CONTEXT(2) 
PARAMETRIC_REPRESENTATION_CONTEXT() REPRESENTATION_CONTEXT('2D SPACE',''
  ) );
#6497 = PCURVE('',#6444,#6498);
#6498 = DEFINITIONAL_REPRESENTATION('',(#6499),#6503);
#6499 = LINE('',#6500,#6501);
#6500 = CARTESIAN_POINT('',(0.216796875,2.1474609375));
#6501 = VECTOR('',#6502,1.);
#6502 = DIRECTION('',(1.,0.));
#6503 = ( GEOMETRIC_REPRESENTATION_CONTEXT(2) 
PARAMETRIC_REPRESENTATION_CONTEXT() REPRESENTATION_CONTEXT('2D SPACE',''
  ) );
#6504 = ORIENTED_EDGE('',*,*,#6505,.F.);
#6505 = EDGE_CURVE('',#1694,#6483,#6506,.T.);
#6506 = SURFACE_CURVE('',#6507,(#6511,#6518),.PCURVE_S1.);
#6507 = LINE('',#6508,#6509);
#6508 = CARTESIAN_POINT('',(0.83935546875,-8.156494140625,0.2));
#6509 = VECTOR('',#6510,1.);
#6510 = DIRECTION('',(0.,0.,-1.));
#6511 = PCURVE('',#1748,#6512);
#6512 = DEFINITIONAL_REPRESENTATION('',(#6513),#6517);
#6513 = LINE('',#6514,#6515);
#6514 = CARTESIAN_POINT('',(0.79248046875,0.));
#6515 = VECTOR('',#6516,1.);
#6516 = DIRECTION('',(0.,-1.));
#6517 = ( GEOMETRIC_REPRESENTATION_CONTEXT(2) 
PARAMETRIC_REPRESENTATION_CONTEXT() REPRESENTATION_CONTEXT('2D SPACE',''
  ) );
#6518 = PCURVE('',#1717,#6519);
#6519 = DEFINITIONAL_REPRESENTATION('',(#6520),#6524);
#6520 = LINE('',#6521,#6522);
#6521 = CARTESIAN_POINT('',(0.,0.));
#6522 = VECTOR('',#6523,1.);
#6523 = DIRECTION('',(0.,-1.));
#6524 = ( GEOMETRIC_REPRESENTATION_CONTEXT(2) 
PARAMETRIC_REPRESENTATION_CONTEXT() REPRESENTATION_CONTEXT('2D SPACE',''
  ) );
#6525 = ADVANCED_FACE('',(#6526),#1717,.T.);
#6526 = FACE_BOUND('',#6527,.T.);
#6527 = EDGE_LOOP('',(#6528,#6529,#6530,#6553));
#6528 = ORIENTED_EDGE('',*,*,#1693,.T.);
#6529 = ORIENTED_EDGE('',*,*,#6505,.T.);
#6530 = ORIENTED_EDGE('',*,*,#6531,.T.);
#6531 = EDGE_CURVE('',#6483,#6532,#6534,.T.);
#6532 = VERTEX_POINT('',#6533);
#6533 = CARTESIAN_POINT('',(1.248046875,-8.115478515625,-0.4));
#6534 = SURFACE_CURVE('',#6535,(#6539,#6546),.PCURVE_S1.);
#6535 = B_SPLINE_CURVE_WITH_KNOTS('',2,(#6536,#6537,#6538),
  .UNSPECIFIED.,.F.,.F.,(3,3),(0.,1.),.PIECEWISE_BEZIER_KNOTS.);
#6536 = CARTESIAN_POINT('',(0.83935546875,-8.156494140625,-0.4));
#6537 = CARTESIAN_POINT('',(1.107421875,-8.156494140625,-0.4));
#6538 = CARTESIAN_POINT('',(1.248046875,-8.115478515625,-0.4));
#6539 = PCURVE('',#1717,#6540);
#6540 = DEFINITIONAL_REPRESENTATION('',(#6541),#6545);
#6541 = LINE('',#6542,#6543);
#6542 = CARTESIAN_POINT('',(0.,-0.6));
#6543 = VECTOR('',#6544,1.);
#6544 = DIRECTION('',(1.,0.));
#6545 = ( GEOMETRIC_REPRESENTATION_CONTEXT(2) 
PARAMETRIC_REPRESENTATION_CONTEXT() REPRESENTATION_CONTEXT('2D SPACE',''
  ) );
#6546 = PCURVE('',#6444,#6547);
#6547 = DEFINITIONAL_REPRESENTATION('',(#6548),#6552);
#6548 = B_SPLINE_CURVE_WITH_KNOTS('',2,(#6549,#6550,#6551),
  .UNSPECIFIED.,.F.,.F.,(3,3),(0.,1.),.PIECEWISE_BEZIER_KNOTS.);
#6549 = CARTESIAN_POINT('',(1.00927734375,2.1474609375));
#6550 = CARTESIAN_POINT('',(1.27734375,2.1474609375));
#6551 = CARTESIAN_POINT('',(1.41796875,2.1064453125));
#6552 = ( GEOMETRIC_REPRESENTATION_CONTEXT(2) 
PARAMETRIC_REPRESENTATION_CONTEXT() REPRESENTATION_CONTEXT('2D SPACE',''
  ) );
#6553 = ORIENTED_EDGE('',*,*,#6554,.F.);
#6554 = EDGE_CURVE('',#1649,#6532,#6555,.T.);
#6555 = SURFACE_CURVE('',#6556,(#6560,#6567),.PCURVE_S1.);
#6556 = LINE('',#6557,#6558);
#6557 = CARTESIAN_POINT('',(1.248046875,-8.115478515625,0.2));
#6558 = VECTOR('',#6559,1.);
#6559 = DIRECTION('',(0.,0.,-1.));
#6560 = PCURVE('',#1717,#6561);
#6561 = DEFINITIONAL_REPRESENTATION('',(#6562),#6566);
#6562 = LINE('',#6563,#6564);
#6563 = CARTESIAN_POINT('',(1.,0.));
#6564 = VECTOR('',#6565,1.);
#6565 = DIRECTION('',(0.,-1.));
#6566 = ( GEOMETRIC_REPRESENTATION_CONTEXT(2) 
PARAMETRIC_REPRESENTATION_CONTEXT() REPRESENTATION_CONTEXT('2D SPACE',''
  ) );
#6567 = PCURVE('',#1674,#6568);
#6568 = DEFINITIONAL_REPRESENTATION('',(#6569),#6573);
#6569 = LINE('',#6570,#6571);
#6570 = CARTESIAN_POINT('',(0.,0.));
#6571 = VECTOR('',#6572,1.);
#6572 = DIRECTION('',(0.,-1.));
#6573 = ( GEOMETRIC_REPRESENTATION_CONTEXT(2) 
PARAMETRIC_REPRESENTATION_CONTEXT() REPRESENTATION_CONTEXT('2D SPACE',''
  ) );
#6574 = ADVANCED_FACE('',(#6575),#1674,.T.);
#6575 = FACE_BOUND('',#6576,.T.);
#6576 = EDGE_LOOP('',(#6577,#6578,#6579,#6602));
#6577 = ORIENTED_EDGE('',*,*,#1648,.T.);
#6578 = ORIENTED_EDGE('',*,*,#6554,.T.);
#6579 = ORIENTED_EDGE('',*,*,#6580,.T.);
#6580 = EDGE_CURVE('',#6532,#6581,#6583,.T.);
#6581 = VERTEX_POINT('',#6582);
#6582 = CARTESIAN_POINT('',(1.57177734375,-7.917724609375,-0.4));
#6583 = SURFACE_CURVE('',#6584,(#6588,#6595),.PCURVE_S1.);
#6584 = B_SPLINE_CURVE_WITH_KNOTS('',2,(#6585,#6586,#6587),
  .UNSPECIFIED.,.F.,.F.,(3,3),(0.,1.),.PIECEWISE_BEZIER_KNOTS.);
#6585 = CARTESIAN_POINT('',(1.248046875,-8.115478515625,-0.4));
#6586 = CARTESIAN_POINT('',(1.43701171875,-8.059814453125,-0.4));
#6587 = CARTESIAN_POINT('',(1.57177734375,-7.917724609375,-0.4));
#6588 = PCURVE('',#1674,#6589);
#6589 = DEFINITIONAL_REPRESENTATION('',(#6590),#6594);
#6590 = LINE('',#6591,#6592);
#6591 = CARTESIAN_POINT('',(0.,-0.6));
#6592 = VECTOR('',#6593,1.);
#6593 = DIRECTION('',(1.,0.));
#6594 = ( GEOMETRIC_REPRESENTATION_CONTEXT(2) 
PARAMETRIC_REPRESENTATION_CONTEXT() REPRESENTATION_CONTEXT('2D SPACE',''
  ) );
#6595 = PCURVE('',#6444,#6596);
#6596 = DEFINITIONAL_REPRESENTATION('',(#6597),#6601);
#6597 = B_SPLINE_CURVE_WITH_KNOTS('',2,(#6598,#6599,#6600),
  .UNSPECIFIED.,.F.,.F.,(3,3),(0.,1.),.PIECEWISE_BEZIER_KNOTS.);
#6598 = CARTESIAN_POINT('',(1.41796875,2.1064453125));
#6599 = CARTESIAN_POINT('',(1.60693359375,2.05078125));
#6600 = CARTESIAN_POINT('',(1.74169921875,1.90869140625));
#6601 = ( GEOMETRIC_REPRESENTATION_CONTEXT(2) 
PARAMETRIC_REPRESENTATION_CONTEXT() REPRESENTATION_CONTEXT('2D SPACE',''
  ) );
#6602 = ORIENTED_EDGE('',*,*,#6603,.F.);
#6603 = EDGE_CURVE('',#1610,#6581,#6604,.T.);
#6604 = SURFACE_CURVE('',#6605,(#6609,#6616),.PCURVE_S1.);
#6605 = LINE('',#6606,#6607);
#6606 = CARTESIAN_POINT('',(1.57177734375,-7.917724609375,0.2));
#6607 = VECTOR('',#6608,1.);
#6608 = DIRECTION('',(0.,0.,-1.));
#6609 = PCURVE('',#1674,#6610);
#6610 = DEFINITIONAL_REPRESENTATION('',(#6611),#6615);
#6611 = LINE('',#6612,#6613);
#6612 = CARTESIAN_POINT('',(1.,0.));
#6613 = VECTOR('',#6614,1.);
#6614 = DIRECTION('',(0.,-1.));
#6615 = ( GEOMETRIC_REPRESENTATION_CONTEXT(2) 
PARAMETRIC_REPRESENTATION_CONTEXT() REPRESENTATION_CONTEXT('2D SPACE',''
  ) );
#6616 = PCURVE('',#1631,#6617);
#6617 = DEFINITIONAL_REPRESENTATION('',(#6618),#6622);
#6618 = LINE('',#6619,#6620);
#6619 = CARTESIAN_POINT('',(0.,0.));
#6620 = VECTOR('',#6621,1.);
#6621 = DIRECTION('',(0.,-1.));
#6622 = ( GEOMETRIC_REPRESENTATION_CONTEXT(2) 
PARAMETRIC_REPRESENTATION_CONTEXT() REPRESENTATION_CONTEXT('2D SPACE',''
  ) );
#6623 = ADVANCED_FACE('',(#6624),#1631,.T.);
#6624 = FACE_BOUND('',#6625,.T.);
#6625 = EDGE_LOOP('',(#6626,#6627,#6628,#6651));
#6626 = ORIENTED_EDGE('',*,*,#1609,.T.);
#6627 = ORIENTED_EDGE('',*,*,#6603,.T.);
#6628 = ORIENTED_EDGE('',*,*,#6629,.T.);
#6629 = EDGE_CURVE('',#6581,#6630,#6632,.T.);
#6630 = VERTEX_POINT('',#6631);
#6631 = CARTESIAN_POINT('',(1.77685546875,-7.56982421875,-0.4));
#6632 = SURFACE_CURVE('',#6633,(#6637,#6644),.PCURVE_S1.);
#6633 = B_SPLINE_CURVE_WITH_KNOTS('',2,(#6634,#6635,#6636),
  .UNSPECIFIED.,.F.,.F.,(3,3),(0.,1.),.PIECEWISE_BEZIER_KNOTS.);
#6634 = CARTESIAN_POINT('',(1.57177734375,-7.917724609375,-0.4));
#6635 = CARTESIAN_POINT('',(1.70654296875,-7.775634765625,-0.4));
#6636 = CARTESIAN_POINT('',(1.77685546875,-7.56982421875,-0.4));
#6637 = PCURVE('',#1631,#6638);
#6638 = DEFINITIONAL_REPRESENTATION('',(#6639),#6643);
#6639 = LINE('',#6640,#6641);
#6640 = CARTESIAN_POINT('',(0.,-0.6));
#6641 = VECTOR('',#6642,1.);
#6642 = DIRECTION('',(1.,0.));
#6643 = ( GEOMETRIC_REPRESENTATION_CONTEXT(2) 
PARAMETRIC_REPRESENTATION_CONTEXT() REPRESENTATION_CONTEXT('2D SPACE',''
  ) );
#6644 = PCURVE('',#6444,#6645);
#6645 = DEFINITIONAL_REPRESENTATION('',(#6646),#6650);
#6646 = B_SPLINE_CURVE_WITH_KNOTS('',2,(#6647,#6648,#6649),
  .UNSPECIFIED.,.F.,.F.,(3,3),(0.,1.),.PIECEWISE_BEZIER_KNOTS.);
#6647 = CARTESIAN_POINT('',(1.74169921875,1.90869140625));
#6648 = CARTESIAN_POINT('',(1.87646484375,1.7666015625));
#6649 = CARTESIAN_POINT('',(1.94677734375,1.560791015625));
#6650 = ( GEOMETRIC_REPRESENTATION_CONTEXT(2) 
PARAMETRIC_REPRESENTATION_CONTEXT() REPRESENTATION_CONTEXT('2D SPACE',''
  ) );
#6651 = ORIENTED_EDGE('',*,*,#6652,.F.);
#6652 = EDGE_CURVE('',#1571,#6630,#6653,.T.);
#6653 = SURFACE_CURVE('',#6654,(#6658,#6665),.PCURVE_S1.);
#6654 = LINE('',#6655,#6656);
#6655 = CARTESIAN_POINT('',(1.77685546875,-7.56982421875,0.2));
#6656 = VECTOR('',#6657,1.);
#6657 = DIRECTION('',(0.,0.,-1.));
#6658 = PCURVE('',#1631,#6659);
#6659 = DEFINITIONAL_REPRESENTATION('',(#6660),#6664);
#6660 = LINE('',#6661,#6662);
#6661 = CARTESIAN_POINT('',(1.,0.));
#6662 = VECTOR('',#6663,1.);
#6663 = DIRECTION('',(0.,-1.));
#6664 = ( GEOMETRIC_REPRESENTATION_CONTEXT(2) 
PARAMETRIC_REPRESENTATION_CONTEXT() REPRESENTATION_CONTEXT('2D SPACE',''
  ) );
#6665 = PCURVE('',#1592,#6666);
#6666 = DEFINITIONAL_REPRESENTATION('',(#6667),#6671);
#6667 = LINE('',#6668,#6669);
#6668 = CARTESIAN_POINT('',(0.,0.));
#6669 = VECTOR('',#6670,1.);
#6670 = DIRECTION('',(0.,-1.));
#6671 = ( GEOMETRIC_REPRESENTATION_CONTEXT(2) 
PARAMETRIC_REPRESENTATION_CONTEXT() REPRESENTATION_CONTEXT('2D SPACE',''
  ) );
#6672 = ADVANCED_FACE('',(#6673),#1592,.T.);
#6673 = FACE_BOUND('',#6674,.T.);
#6674 = EDGE_LOOP('',(#6675,#6676,#6677,#6700));
#6675 = ORIENTED_EDGE('',*,*,#1570,.T.);
#6676 = ORIENTED_EDGE('',*,*,#6652,.T.);
#6677 = ORIENTED_EDGE('',*,*,#6678,.T.);
#6678 = EDGE_CURVE('',#6630,#6679,#6681,.T.);
#6679 = VERTEX_POINT('',#6680);
#6680 = CARTESIAN_POINT('',(1.84716796875,-7.062255859375,-0.4));
#6681 = SURFACE_CURVE('',#6682,(#6686,#6693),.PCURVE_S1.);
#6682 = B_SPLINE_CURVE_WITH_KNOTS('',2,(#6683,#6684,#6685),
  .UNSPECIFIED.,.F.,.F.,(3,3),(0.,1.),.PIECEWISE_BEZIER_KNOTS.);
#6683 = CARTESIAN_POINT('',(1.77685546875,-7.56982421875,-0.4));
#6684 = CARTESIAN_POINT('',(1.84716796875,-7.364013671875,-0.4));
#6685 = CARTESIAN_POINT('',(1.84716796875,-7.062255859375,-0.4));
#6686 = PCURVE('',#1592,#6687);
#6687 = DEFINITIONAL_REPRESENTATION('',(#6688),#6692);
#6688 = LINE('',#6689,#6690);
#6689 = CARTESIAN_POINT('',(0.,-0.6));
#6690 = VECTOR('',#6691,1.);
#6691 = DIRECTION('',(1.,0.));
#6692 = ( GEOMETRIC_REPRESENTATION_CONTEXT(2) 
PARAMETRIC_REPRESENTATION_CONTEXT() REPRESENTATION_CONTEXT('2D SPACE',''
  ) );
#6693 = PCURVE('',#6444,#6694);
#6694 = DEFINITIONAL_REPRESENTATION('',(#6695),#6699);
#6695 = B_SPLINE_CURVE_WITH_KNOTS('',2,(#6696,#6697,#6698),
  .UNSPECIFIED.,.F.,.F.,(3,3),(0.,1.),.PIECEWISE_BEZIER_KNOTS.);
#6696 = CARTESIAN_POINT('',(1.94677734375,1.560791015625));
#6697 = CARTESIAN_POINT('',(2.01708984375,1.35498046875));
#6698 = CARTESIAN_POINT('',(2.01708984375,1.05322265625));
#6699 = ( GEOMETRIC_REPRESENTATION_CONTEXT(2) 
PARAMETRIC_REPRESENTATION_CONTEXT() REPRESENTATION_CONTEXT('2D SPACE',''
  ) );
#6700 = ORIENTED_EDGE('',*,*,#6701,.F.);
#6701 = EDGE_CURVE('',#1532,#6679,#6702,.T.);
#6702 = SURFACE_CURVE('',#6703,(#6707,#6714),.PCURVE_S1.);
#6703 = LINE('',#6704,#6705);
#6704 = CARTESIAN_POINT('',(1.84716796875,-7.062255859375,0.2));
#6705 = VECTOR('',#6706,1.);
#6706 = DIRECTION('',(0.,0.,-1.));
#6707 = PCURVE('',#1592,#6708);
#6708 = DEFINITIONAL_REPRESENTATION('',(#6709),#6713);
#6709 = LINE('',#6710,#6711);
#6710 = CARTESIAN_POINT('',(1.,0.));
#6711 = VECTOR('',#6712,1.);
#6712 = DIRECTION('',(0.,-1.));
#6713 = ( GEOMETRIC_REPRESENTATION_CONTEXT(2) 
PARAMETRIC_REPRESENTATION_CONTEXT() REPRESENTATION_CONTEXT('2D SPACE',''
  ) );
#6714 = PCURVE('',#1553,#6715);
#6715 = DEFINITIONAL_REPRESENTATION('',(#6716),#6720);
#6716 = LINE('',#6717,#6718);
#6717 = CARTESIAN_POINT('',(0.,0.));
#6718 = VECTOR('',#6719,1.);
#6719 = DIRECTION('',(0.,-1.));
#6720 = ( GEOMETRIC_REPRESENTATION_CONTEXT(2) 
PARAMETRIC_REPRESENTATION_CONTEXT() REPRESENTATION_CONTEXT('2D SPACE',''
  ) );
#6721 = ADVANCED_FACE('',(#6722),#1553,.T.);
#6722 = FACE_BOUND('',#6723,.T.);
#6723 = EDGE_LOOP('',(#6724,#6725,#6726,#6749));
#6724 = ORIENTED_EDGE('',*,*,#1531,.T.);
#6725 = ORIENTED_EDGE('',*,*,#6701,.T.);
#6726 = ORIENTED_EDGE('',*,*,#6727,.T.);
#6727 = EDGE_CURVE('',#6679,#6728,#6730,.T.);
#6728 = VERTEX_POINT('',#6729);
#6729 = CARTESIAN_POINT('',(1.78125,-6.605224609375,-0.4));
#6730 = SURFACE_CURVE('',#6731,(#6735,#6742),.PCURVE_S1.);
#6731 = B_SPLINE_CURVE_WITH_KNOTS('',2,(#6732,#6733,#6734),
  .UNSPECIFIED.,.F.,.F.,(3,3),(0.,1.),.PIECEWISE_BEZIER_KNOTS.);
#6732 = CARTESIAN_POINT('',(1.84716796875,-7.062255859375,-0.4));
#6733 = CARTESIAN_POINT('',(1.84716796875,-6.797119140625,-0.4));
#6734 = CARTESIAN_POINT('',(1.78125,-6.605224609375,-0.4));
#6735 = PCURVE('',#1553,#6736);
#6736 = DEFINITIONAL_REPRESENTATION('',(#6737),#6741);
#6737 = LINE('',#6738,#6739);
#6738 = CARTESIAN_POINT('',(0.,-0.6));
#6739 = VECTOR('',#6740,1.);
#6740 = DIRECTION('',(1.,0.));
#6741 = ( GEOMETRIC_REPRESENTATION_CONTEXT(2) 
PARAMETRIC_REPRESENTATION_CONTEXT() REPRESENTATION_CONTEXT('2D SPACE',''
  ) );
#6742 = PCURVE('',#6444,#6743);
#6743 = DEFINITIONAL_REPRESENTATION('',(#6744),#6748);
#6744 = B_SPLINE_CURVE_WITH_KNOTS('',2,(#6745,#6746,#6747),
  .UNSPECIFIED.,.F.,.F.,(3,3),(0.,1.),.PIECEWISE_BEZIER_KNOTS.);
#6745 = CARTESIAN_POINT('',(2.01708984375,1.05322265625));
#6746 = CARTESIAN_POINT('',(2.01708984375,0.7880859375));
#6747 = CARTESIAN_POINT('',(1.951171875,0.59619140625));
#6748 = ( GEOMETRIC_REPRESENTATION_CONTEXT(2) 
PARAMETRIC_REPRESENTATION_CONTEXT() REPRESENTATION_CONTEXT('2D SPACE',''
  ) );
#6749 = ORIENTED_EDGE('',*,*,#6750,.F.);
#6750 = EDGE_CURVE('',#1493,#6728,#6751,.T.);
#6751 = SURFACE_CURVE('',#6752,(#6756,#6763),.PCURVE_S1.);
#6752 = LINE('',#6753,#6754);
#6753 = CARTESIAN_POINT('',(1.78125,-6.605224609375,0.2));
#6754 = VECTOR('',#6755,1.);
#6755 = DIRECTION('',(0.,0.,-1.));
#6756 = PCURVE('',#1553,#6757);
#6757 = DEFINITIONAL_REPRESENTATION('',(#6758),#6762);
#6758 = LINE('',#6759,#6760);
#6759 = CARTESIAN_POINT('',(1.,0.));
#6760 = VECTOR('',#6761,1.);
#6761 = DIRECTION('',(0.,-1.));
#6762 = ( GEOMETRIC_REPRESENTATION_CONTEXT(2) 
PARAMETRIC_REPRESENTATION_CONTEXT() REPRESENTATION_CONTEXT('2D SPACE',''
  ) );
#6763 = PCURVE('',#1514,#6764);
#6764 = DEFINITIONAL_REPRESENTATION('',(#6765),#6769);
#6765 = LINE('',#6766,#6767);
#6766 = CARTESIAN_POINT('',(0.,0.));
#6767 = VECTOR('',#6768,1.);
#6768 = DIRECTION('',(0.,-1.));
#6769 = ( GEOMETRIC_REPRESENTATION_CONTEXT(2) 
PARAMETRIC_REPRESENTATION_CONTEXT() REPRESENTATION_CONTEXT('2D SPACE',''
  ) );
#6770 = ADVANCED_FACE('',(#6771),#1514,.T.);
#6771 = FACE_BOUND('',#6772,.T.);
#6772 = EDGE_LOOP('',(#6773,#6774,#6775,#6798));
#6773 = ORIENTED_EDGE('',*,*,#1492,.T.);
#6774 = ORIENTED_EDGE('',*,*,#6750,.T.);
#6775 = ORIENTED_EDGE('',*,*,#6776,.T.);
#6776 = EDGE_CURVE('',#6728,#6777,#6779,.T.);
#6777 = VERTEX_POINT('',#6778);
#6778 = CARTESIAN_POINT('',(1.55126953125,-6.225830078125,-0.4));
#6779 = SURFACE_CURVE('',#6780,(#6784,#6791),.PCURVE_S1.);
#6780 = B_SPLINE_CURVE_WITH_KNOTS('',2,(#6781,#6782,#6783),
  .UNSPECIFIED.,.F.,.F.,(3,3),(0.,1.),.PIECEWISE_BEZIER_KNOTS.);
#6781 = CARTESIAN_POINT('',(1.78125,-6.605224609375,-0.4));
#6782 = CARTESIAN_POINT('',(1.70068359375,-6.370849609375,-0.4));
#6783 = CARTESIAN_POINT('',(1.55126953125,-6.225830078125,-0.4));
#6784 = PCURVE('',#1514,#6785);
#6785 = DEFINITIONAL_REPRESENTATION('',(#6786),#6790);
#6786 = LINE('',#6787,#6788);
#6787 = CARTESIAN_POINT('',(0.,-0.6));
#6788 = VECTOR('',#6789,1.);
#6789 = DIRECTION('',(1.,0.));
#6790 = ( GEOMETRIC_REPRESENTATION_CONTEXT(2) 
PARAMETRIC_REPRESENTATION_CONTEXT() REPRESENTATION_CONTEXT('2D SPACE',''
  ) );
#6791 = PCURVE('',#6444,#6792);
#6792 = DEFINITIONAL_REPRESENTATION('',(#6793),#6797);
#6793 = B_SPLINE_CURVE_WITH_KNOTS('',2,(#6794,#6795,#6796),
  .UNSPECIFIED.,.F.,.F.,(3,3),(0.,1.),.PIECEWISE_BEZIER_KNOTS.);
#6794 = CARTESIAN_POINT('',(1.951171875,0.59619140625));
#6795 = CARTESIAN_POINT('',(1.87060546875,0.36181640625));
#6796 = CARTESIAN_POINT('',(1.72119140625,0.216796875));
#6797 = ( GEOMETRIC_REPRESENTATION_CONTEXT(2) 
PARAMETRIC_REPRESENTATION_CONTEXT() REPRESENTATION_CONTEXT('2D SPACE',''
  ) );
#6798 = ORIENTED_EDGE('',*,*,#6799,.F.);
#6799 = EDGE_CURVE('',#1454,#6777,#6800,.T.);
#6800 = SURFACE_CURVE('',#6801,(#6805,#6812),.PCURVE_S1.);
#6801 = LINE('',#6802,#6803);
#6802 = CARTESIAN_POINT('',(1.55126953125,-6.225830078125,0.2));
#6803 = VECTOR('',#6804,1.);
#6804 = DIRECTION('',(0.,0.,-1.));
#6805 = PCURVE('',#1514,#6806);
#6806 = DEFINITIONAL_REPRESENTATION('',(#6807),#6811);
#6807 = LINE('',#6808,#6809);
#6808 = CARTESIAN_POINT('',(1.,0.));
#6809 = VECTOR('',#6810,1.);
#6810 = DIRECTION('',(0.,-1.));
#6811 = ( GEOMETRIC_REPRESENTATION_CONTEXT(2) 
PARAMETRIC_REPRESENTATION_CONTEXT() REPRESENTATION_CONTEXT('2D SPACE',''
  ) );
#6812 = PCURVE('',#1475,#6813);
#6813 = DEFINITIONAL_REPRESENTATION('',(#6814),#6818);
#6814 = LINE('',#6815,#6816);
#6815 = CARTESIAN_POINT('',(0.,0.));
#6816 = VECTOR('',#6817,1.);
#6817 = DIRECTION('',(0.,-1.));
#6818 = ( GEOMETRIC_REPRESENTATION_CONTEXT(2) 
PARAMETRIC_REPRESENTATION_CONTEXT() REPRESENTATION_CONTEXT('2D SPACE',''
  ) );
#6819 = ADVANCED_FACE('',(#6820),#1475,.T.);
#6820 = FACE_BOUND('',#6821,.T.);
#6821 = EDGE_LOOP('',(#6822,#6823,#6824,#6847));
#6822 = ORIENTED_EDGE('',*,*,#1453,.T.);
#6823 = ORIENTED_EDGE('',*,*,#6799,.T.);
#6824 = ORIENTED_EDGE('',*,*,#6825,.T.);
#6825 = EDGE_CURVE('',#6777,#6826,#6828,.T.);
#6826 = VERTEX_POINT('',#6827);
#6827 = CARTESIAN_POINT('',(1.24658203125,-6.054443359375,-0.4));
#6828 = SURFACE_CURVE('',#6829,(#6833,#6840),.PCURVE_S1.);
#6829 = B_SPLINE_CURVE_WITH_KNOTS('',2,(#6830,#6831,#6832),
  .UNSPECIFIED.,.F.,.F.,(3,3),(0.,1.),.PIECEWISE_BEZIER_KNOTS.);
#6830 = CARTESIAN_POINT('',(1.55126953125,-6.225830078125,-0.4));
#6831 = CARTESIAN_POINT('',(1.4384765625,-6.115966796875,-0.4));
#6832 = CARTESIAN_POINT('',(1.24658203125,-6.054443359375,-0.4));
#6833 = PCURVE('',#1475,#6834);
#6834 = DEFINITIONAL_REPRESENTATION('',(#6835),#6839);
#6835 = LINE('',#6836,#6837);
#6836 = CARTESIAN_POINT('',(0.,-0.6));
#6837 = VECTOR('',#6838,1.);
#6838 = DIRECTION('',(1.,0.));
#6839 = ( GEOMETRIC_REPRESENTATION_CONTEXT(2) 
PARAMETRIC_REPRESENTATION_CONTEXT() REPRESENTATION_CONTEXT('2D SPACE',''
  ) );
#6840 = PCURVE('',#6444,#6841);
#6841 = DEFINITIONAL_REPRESENTATION('',(#6842),#6846);
#6842 = B_SPLINE_CURVE_WITH_KNOTS('',2,(#6843,#6844,#6845),
  .UNSPECIFIED.,.F.,.F.,(3,3),(0.,1.),.PIECEWISE_BEZIER_KNOTS.);
#6843 = CARTESIAN_POINT('',(1.72119140625,0.216796875));
#6844 = CARTESIAN_POINT('',(1.6083984375,0.10693359375));
#6845 = CARTESIAN_POINT('',(1.41650390625,4.541015625E-02));
#6846 = ( GEOMETRIC_REPRESENTATION_CONTEXT(2) 
PARAMETRIC_REPRESENTATION_CONTEXT() REPRESENTATION_CONTEXT('2D SPACE',''
  ) );
#6847 = ORIENTED_EDGE('',*,*,#6848,.F.);
#6848 = EDGE_CURVE('',#1415,#6826,#6849,.T.);
#6849 = SURFACE_CURVE('',#6850,(#6854,#6861),.PCURVE_S1.);
#6850 = LINE('',#6851,#6852);
#6851 = CARTESIAN_POINT('',(1.24658203125,-6.054443359375,0.2));
#6852 = VECTOR('',#6853,1.);
#6853 = DIRECTION('',(0.,0.,-1.));
#6854 = PCURVE('',#1475,#6855);
#6855 = DEFINITIONAL_REPRESENTATION('',(#6856),#6860);
#6856 = LINE('',#6857,#6858);
#6857 = CARTESIAN_POINT('',(1.,0.));
#6858 = VECTOR('',#6859,1.);
#6859 = DIRECTION('',(0.,-1.));
#6860 = ( GEOMETRIC_REPRESENTATION_CONTEXT(2) 
PARAMETRIC_REPRESENTATION_CONTEXT() REPRESENTATION_CONTEXT('2D SPACE',''
  ) );
#6861 = PCURVE('',#1436,#6862);
#6862 = DEFINITIONAL_REPRESENTATION('',(#6863),#6867);
#6863 = LINE('',#6864,#6865);
#6864 = CARTESIAN_POINT('',(0.,0.));
#6865 = VECTOR('',#6866,1.);
#6866 = DIRECTION('',(0.,-1.));
#6867 = ( GEOMETRIC_REPRESENTATION_CONTEXT(2) 
PARAMETRIC_REPRESENTATION_CONTEXT() REPRESENTATION_CONTEXT('2D SPACE',''
  ) );
#6868 = ADVANCED_FACE('',(#6869),#1436,.T.);
#6869 = FACE_BOUND('',#6870,.T.);
#6870 = EDGE_LOOP('',(#6871,#6872,#6873,#6896));
#6871 = ORIENTED_EDGE('',*,*,#1414,.T.);
#6872 = ORIENTED_EDGE('',*,*,#6848,.T.);
#6873 = ORIENTED_EDGE('',*,*,#6874,.T.);
#6874 = EDGE_CURVE('',#6826,#6875,#6877,.T.);
#6875 = VERTEX_POINT('',#6876);
#6876 = CARTESIAN_POINT('',(0.86279296875,-6.009033203125,-0.4));
#6877 = SURFACE_CURVE('',#6878,(#6882,#6889),.PCURVE_S1.);
#6878 = B_SPLINE_CURVE_WITH_KNOTS('',2,(#6879,#6880,#6881),
  .UNSPECIFIED.,.F.,.F.,(3,3),(0.,1.),.PIECEWISE_BEZIER_KNOTS.);
#6879 = CARTESIAN_POINT('',(1.24658203125,-6.054443359375,-0.4));
#6880 = CARTESIAN_POINT('',(1.10302734375,-6.009033203125,-0.4));
#6881 = CARTESIAN_POINT('',(0.86279296875,-6.009033203125,-0.4));
#6882 = PCURVE('',#1436,#6883);
#6883 = DEFINITIONAL_REPRESENTATION('',(#6884),#6888);
#6884 = LINE('',#6885,#6886);
#6885 = CARTESIAN_POINT('',(0.,-0.6));
#6886 = VECTOR('',#6887,1.);
#6887 = DIRECTION('',(1.,0.));
#6888 = ( GEOMETRIC_REPRESENTATION_CONTEXT(2) 
PARAMETRIC_REPRESENTATION_CONTEXT() REPRESENTATION_CONTEXT('2D SPACE',''
  ) );
#6889 = PCURVE('',#6444,#6890);
#6890 = DEFINITIONAL_REPRESENTATION('',(#6891),#6895);
#6891 = B_SPLINE_CURVE_WITH_KNOTS('',2,(#6892,#6893,#6894),
  .UNSPECIFIED.,.F.,.F.,(3,3),(0.,1.),.PIECEWISE_BEZIER_KNOTS.);
#6892 = CARTESIAN_POINT('',(1.41650390625,4.541015625E-02));
#6893 = CARTESIAN_POINT('',(1.27294921875,0.));
#6894 = CARTESIAN_POINT('',(1.03271484375,0.));
#6895 = ( GEOMETRIC_REPRESENTATION_CONTEXT(2) 
PARAMETRIC_REPRESENTATION_CONTEXT() REPRESENTATION_CONTEXT('2D SPACE',''
  ) );
#6896 = ORIENTED_EDGE('',*,*,#6897,.F.);
#6897 = EDGE_CURVE('',#1389,#6875,#6898,.T.);
#6898 = SURFACE_CURVE('',#6899,(#6903,#6910),.PCURVE_S1.);
#6899 = LINE('',#6900,#6901);
#6900 = CARTESIAN_POINT('',(0.86279296875,-6.009033203125,0.2));
#6901 = VECTOR('',#6902,1.);
#6902 = DIRECTION('',(0.,0.,-1.));
#6903 = PCURVE('',#1436,#6904);
#6904 = DEFINITIONAL_REPRESENTATION('',(#6905),#6909);
#6905 = LINE('',#6906,#6907);
#6906 = CARTESIAN_POINT('',(1.,0.));
#6907 = VECTOR('',#6908,1.);
#6908 = DIRECTION('',(0.,-1.));
#6909 = ( GEOMETRIC_REPRESENTATION_CONTEXT(2) 
PARAMETRIC_REPRESENTATION_CONTEXT() REPRESENTATION_CONTEXT('2D SPACE',''
  ) );
#6910 = PCURVE('',#1403,#6911);
#6911 = DEFINITIONAL_REPRESENTATION('',(#6912),#6916);
#6912 = LINE('',#6913,#6914);
#6913 = CARTESIAN_POINT('',(0.,-0.));
#6914 = VECTOR('',#6915,1.);
#6915 = DIRECTION('',(0.,-1.));
#6916 = ( GEOMETRIC_REPRESENTATION_CONTEXT(2) 
PARAMETRIC_REPRESENTATION_CONTEXT() REPRESENTATION_CONTEXT('2D SPACE',''
  ) );
#6917 = ADVANCED_FACE('',(#6918),#1403,.T.);
#6918 = FACE_BOUND('',#6919,.T.);
#6919 = EDGE_LOOP('',(#6920,#6921,#6922,#6943));
#6920 = ORIENTED_EDGE('',*,*,#1388,.F.);
#6921 = ORIENTED_EDGE('',*,*,#6897,.T.);
#6922 = ORIENTED_EDGE('',*,*,#6923,.T.);
#6923 = EDGE_CURVE('',#6875,#6406,#6924,.T.);
#6924 = SURFACE_CURVE('',#6925,(#6929,#6936),.PCURVE_S1.);
#6925 = LINE('',#6926,#6927);
#6926 = CARTESIAN_POINT('',(0.86279296875,-6.009033203125,-0.4));
#6927 = VECTOR('',#6928,1.);
#6928 = DIRECTION('',(-1.,0.,0.));
#6929 = PCURVE('',#1403,#6930);
#6930 = DEFINITIONAL_REPRESENTATION('',(#6931),#6935);
#6931 = LINE('',#6932,#6933);
#6932 = CARTESIAN_POINT('',(0.,-0.6));
#6933 = VECTOR('',#6934,1.);
#6934 = DIRECTION('',(1.,0.));
#6935 = ( GEOMETRIC_REPRESENTATION_CONTEXT(2) 
PARAMETRIC_REPRESENTATION_CONTEXT() REPRESENTATION_CONTEXT('2D SPACE',''
  ) );
#6936 = PCURVE('',#6444,#6937);
#6937 = DEFINITIONAL_REPRESENTATION('',(#6938),#6942);
#6938 = LINE('',#6939,#6940);
#6939 = CARTESIAN_POINT('',(1.03271484375,0.));
#6940 = VECTOR('',#6941,1.);
#6941 = DIRECTION('',(-1.,0.));
#6942 = ( GEOMETRIC_REPRESENTATION_CONTEXT(2) 
PARAMETRIC_REPRESENTATION_CONTEXT() REPRESENTATION_CONTEXT('2D SPACE',''
  ) );
#6943 = ORIENTED_EDGE('',*,*,#6405,.F.);
#6944 = ADVANCED_FACE('',(#6945),#1778,.T.);
#6945 = FACE_BOUND('',#6946,.T.);
#6946 = EDGE_LOOP('',(#6947,#6948,#6971,#6999));
#6947 = ORIENTED_EDGE('',*,*,#1761,.F.);
#6948 = ORIENTED_EDGE('',*,*,#6949,.T.);
#6949 = EDGE_CURVE('',#1762,#6950,#6952,.T.);
#6950 = VERTEX_POINT('',#6951);
#6951 = CARTESIAN_POINT('',(2.6484375,-6.009033203125,-0.4));
#6952 = SURFACE_CURVE('',#6953,(#6957,#6964),.PCURVE_S1.);
#6953 = LINE('',#6954,#6955);
#6954 = CARTESIAN_POINT('',(2.6484375,-6.009033203125,0.2));
#6955 = VECTOR('',#6956,1.);
#6956 = DIRECTION('',(0.,0.,-1.));
#6957 = PCURVE('',#1778,#6958);
#6958 = DEFINITIONAL_REPRESENTATION('',(#6959),#6963);
#6959 = LINE('',#6960,#6961);
#6960 = CARTESIAN_POINT('',(0.,-0.));
#6961 = VECTOR('',#6962,1.);
#6962 = DIRECTION('',(0.,-1.));
#6963 = ( GEOMETRIC_REPRESENTATION_CONTEXT(2) 
PARAMETRIC_REPRESENTATION_CONTEXT() REPRESENTATION_CONTEXT('2D SPACE',''
  ) );
#6964 = PCURVE('',#1804,#6965);
#6965 = DEFINITIONAL_REPRESENTATION('',(#6966),#6970);
#6966 = LINE('',#6967,#6968);
#6967 = CARTESIAN_POINT('',(0.81005859375,0.));
#6968 = VECTOR('',#6969,1.);
#6969 = DIRECTION('',(0.,-1.));
#6970 = ( GEOMETRIC_REPRESENTATION_CONTEXT(2) 
PARAMETRIC_REPRESENTATION_CONTEXT() REPRESENTATION_CONTEXT('2D SPACE',''
  ) );
#6971 = ORIENTED_EDGE('',*,*,#6972,.T.);
#6972 = EDGE_CURVE('',#6950,#6973,#6975,.T.);
#6973 = VERTEX_POINT('',#6974);
#6974 = CARTESIAN_POINT('',(2.21484375,-6.009033203125,-0.4));
#6975 = SURFACE_CURVE('',#6976,(#6980,#6987),.PCURVE_S1.);
#6976 = LINE('',#6977,#6978);
#6977 = CARTESIAN_POINT('',(2.6484375,-6.009033203125,-0.4));
#6978 = VECTOR('',#6979,1.);
#6979 = DIRECTION('',(-1.,0.,0.));
#6980 = PCURVE('',#1778,#6981);
#6981 = DEFINITIONAL_REPRESENTATION('',(#6982),#6986);
#6982 = LINE('',#6983,#6984);
#6983 = CARTESIAN_POINT('',(0.,-0.6));
#6984 = VECTOR('',#6985,1.);
#6985 = DIRECTION('',(1.,0.));
#6986 = ( GEOMETRIC_REPRESENTATION_CONTEXT(2) 
PARAMETRIC_REPRESENTATION_CONTEXT() REPRESENTATION_CONTEXT('2D SPACE',''
  ) );
#6987 = PCURVE('',#6988,#6993);
#6988 = PLANE('',#6989);
#6989 = AXIS2_PLACEMENT_3D('',#6990,#6991,#6992);
#6990 = CARTESIAN_POINT('',(1.99658203125,-6.009033203125,-0.4));
#6991 = DIRECTION('',(0.,0.,-1.));
#6992 = DIRECTION('',(1.,0.,0.));
#6993 = DEFINITIONAL_REPRESENTATION('',(#6994),#6998);
#6994 = LINE('',#6995,#6996);
#6995 = CARTESIAN_POINT('',(0.65185546875,0.));
#6996 = VECTOR('',#6997,1.);
#6997 = DIRECTION('',(-1.,0.));
#6998 = ( GEOMETRIC_REPRESENTATION_CONTEXT(2) 
PARAMETRIC_REPRESENTATION_CONTEXT() REPRESENTATION_CONTEXT('2D SPACE',''
  ) );
#6999 = ORIENTED_EDGE('',*,*,#7000,.F.);
#7000 = EDGE_CURVE('',#1764,#6973,#7001,.T.);
#7001 = SURFACE_CURVE('',#7002,(#7006,#7013),.PCURVE_S1.);
#7002 = LINE('',#7003,#7004);
#7003 = CARTESIAN_POINT('',(2.21484375,-6.009033203125,0.2));
#7004 = VECTOR('',#7005,1.);
#7005 = DIRECTION('',(0.,0.,-1.));
#7006 = PCURVE('',#1778,#7007);
#7007 = DEFINITIONAL_REPRESENTATION('',(#7008),#7012);
#7008 = LINE('',#7009,#7010);
#7009 = CARTESIAN_POINT('',(0.43359375,0.));
#7010 = VECTOR('',#7011,1.);
#7011 = DIRECTION('',(0.,-1.));
#7012 = ( GEOMETRIC_REPRESENTATION_CONTEXT(2) 
PARAMETRIC_REPRESENTATION_CONTEXT() REPRESENTATION_CONTEXT('2D SPACE',''
  ) );
#7013 = PCURVE('',#2171,#7014);
#7014 = DEFINITIONAL_REPRESENTATION('',(#7015),#7019);
#7015 = LINE('',#7016,#7017);
#7016 = CARTESIAN_POINT('',(0.,0.));
#7017 = VECTOR('',#7018,1.);
#7018 = DIRECTION('',(0.,-1.));
#7019 = ( GEOMETRIC_REPRESENTATION_CONTEXT(2) 
PARAMETRIC_REPRESENTATION_CONTEXT() REPRESENTATION_CONTEXT('2D SPACE',''
  ) );
#7020 = ADVANCED_FACE('',(#7021),#2171,.T.);
#7021 = FACE_BOUND('',#7022,.T.);
#7022 = EDGE_LOOP('',(#7023,#7024,#7025,#7048));
#7023 = ORIENTED_EDGE('',*,*,#2158,.F.);
#7024 = ORIENTED_EDGE('',*,*,#7000,.T.);
#7025 = ORIENTED_EDGE('',*,*,#7026,.T.);
#7026 = EDGE_CURVE('',#6973,#7027,#7029,.T.);
#7027 = VERTEX_POINT('',#7028);
#7028 = CARTESIAN_POINT('',(2.21484375,-8.156494140625,-0.4));
#7029 = SURFACE_CURVE('',#7030,(#7034,#7041),.PCURVE_S1.);
#7030 = LINE('',#7031,#7032);
#7031 = CARTESIAN_POINT('',(2.21484375,-6.009033203125,-0.4));
#7032 = VECTOR('',#7033,1.);
#7033 = DIRECTION('',(0.,-1.,0.));
#7034 = PCURVE('',#2171,#7035);
#7035 = DEFINITIONAL_REPRESENTATION('',(#7036),#7040);
#7036 = LINE('',#7037,#7038);
#7037 = CARTESIAN_POINT('',(0.,-0.6));
#7038 = VECTOR('',#7039,1.);
#7039 = DIRECTION('',(1.,0.));
#7040 = ( GEOMETRIC_REPRESENTATION_CONTEXT(2) 
PARAMETRIC_REPRESENTATION_CONTEXT() REPRESENTATION_CONTEXT('2D SPACE',''
  ) );
#7041 = PCURVE('',#6988,#7042);
#7042 = DEFINITIONAL_REPRESENTATION('',(#7043),#7047);
#7043 = LINE('',#7044,#7045);
#7044 = CARTESIAN_POINT('',(0.21826171875,0.));
#7045 = VECTOR('',#7046,1.);
#7046 = DIRECTION('',(0.,1.));
#7047 = ( GEOMETRIC_REPRESENTATION_CONTEXT(2) 
PARAMETRIC_REPRESENTATION_CONTEXT() REPRESENTATION_CONTEXT('2D SPACE',''
  ) );
#7048 = ORIENTED_EDGE('',*,*,#7049,.F.);
#7049 = EDGE_CURVE('',#2133,#7027,#7050,.T.);
#7050 = SURFACE_CURVE('',#7051,(#7055,#7062),.PCURVE_S1.);
#7051 = LINE('',#7052,#7053);
#7052 = CARTESIAN_POINT('',(2.21484375,-8.156494140625,0.2));
#7053 = VECTOR('',#7054,1.);
#7054 = DIRECTION('',(0.,0.,-1.));
#7055 = PCURVE('',#2171,#7056);
#7056 = DEFINITIONAL_REPRESENTATION('',(#7057),#7061);
#7057 = LINE('',#7058,#7059);
#7058 = CARTESIAN_POINT('',(2.1474609375,0.));
#7059 = VECTOR('',#7060,1.);
#7060 = DIRECTION('',(0.,-1.));
#7061 = ( GEOMETRIC_REPRESENTATION_CONTEXT(2) 
PARAMETRIC_REPRESENTATION_CONTEXT() REPRESENTATION_CONTEXT('2D SPACE',''
  ) );
#7062 = PCURVE('',#2147,#7063);
#7063 = DEFINITIONAL_REPRESENTATION('',(#7064),#7068);
#7064 = LINE('',#7065,#7066);
#7065 = CARTESIAN_POINT('',(0.,0.));
#7066 = VECTOR('',#7067,1.);
#7067 = DIRECTION('',(0.,-1.));
#7068 = ( GEOMETRIC_REPRESENTATION_CONTEXT(2) 
PARAMETRIC_REPRESENTATION_CONTEXT() REPRESENTATION_CONTEXT('2D SPACE',''
  ) );
#7069 = ADVANCED_FACE('',(#7070),#2147,.T.);
#7070 = FACE_BOUND('',#7071,.T.);
#7071 = EDGE_LOOP('',(#7072,#7073,#7074,#7097));
#7072 = ORIENTED_EDGE('',*,*,#2132,.F.);
#7073 = ORIENTED_EDGE('',*,*,#7049,.T.);
#7074 = ORIENTED_EDGE('',*,*,#7075,.T.);
#7075 = EDGE_CURVE('',#7027,#7076,#7078,.T.);
#7076 = VERTEX_POINT('',#7077);
#7077 = CARTESIAN_POINT('',(2.91064453125,-8.156494140625,-0.4));
#7078 = SURFACE_CURVE('',#7079,(#7083,#7090),.PCURVE_S1.);
#7079 = LINE('',#7080,#7081);
#7080 = CARTESIAN_POINT('',(2.21484375,-8.156494140625,-0.4));
#7081 = VECTOR('',#7082,1.);
#7082 = DIRECTION('',(1.,0.,0.));
#7083 = PCURVE('',#2147,#7084);
#7084 = DEFINITIONAL_REPRESENTATION('',(#7085),#7089);
#7085 = LINE('',#7086,#7087);
#7086 = CARTESIAN_POINT('',(0.,-0.6));
#7087 = VECTOR('',#7088,1.);
#7088 = DIRECTION('',(1.,0.));
#7089 = ( GEOMETRIC_REPRESENTATION_CONTEXT(2) 
PARAMETRIC_REPRESENTATION_CONTEXT() REPRESENTATION_CONTEXT('2D SPACE',''
  ) );
#7090 = PCURVE('',#6988,#7091);
#7091 = DEFINITIONAL_REPRESENTATION('',(#7092),#7096);
#7092 = LINE('',#7093,#7094);
#7093 = CARTESIAN_POINT('',(0.21826171875,2.1474609375));
#7094 = VECTOR('',#7095,1.);
#7095 = DIRECTION('',(1.,0.));
#7096 = ( GEOMETRIC_REPRESENTATION_CONTEXT(2) 
PARAMETRIC_REPRESENTATION_CONTEXT() REPRESENTATION_CONTEXT('2D SPACE',''
  ) );
#7097 = ORIENTED_EDGE('',*,*,#7098,.F.);
#7098 = EDGE_CURVE('',#2088,#7076,#7099,.T.);
#7099 = SURFACE_CURVE('',#7100,(#7104,#7111),.PCURVE_S1.);
#7100 = LINE('',#7101,#7102);
#7101 = CARTESIAN_POINT('',(2.91064453125,-8.156494140625,0.2));
#7102 = VECTOR('',#7103,1.);
#7103 = DIRECTION('',(0.,0.,-1.));
#7104 = PCURVE('',#2147,#7105);
#7105 = DEFINITIONAL_REPRESENTATION('',(#7106),#7110);
#7106 = LINE('',#7107,#7108);
#7107 = CARTESIAN_POINT('',(0.69580078125,0.));
#7108 = VECTOR('',#7109,1.);
#7109 = DIRECTION('',(0.,-1.));
#7110 = ( GEOMETRIC_REPRESENTATION_CONTEXT(2) 
PARAMETRIC_REPRESENTATION_CONTEXT() REPRESENTATION_CONTEXT('2D SPACE',''
  ) );
#7111 = PCURVE('',#2113,#7112);
#7112 = DEFINITIONAL_REPRESENTATION('',(#7113),#7117);
#7113 = LINE('',#7114,#7115);
#7114 = CARTESIAN_POINT('',(0.,0.));
#7115 = VECTOR('',#7116,1.);
#7116 = DIRECTION('',(0.,-1.));
#7117 = ( GEOMETRIC_REPRESENTATION_CONTEXT(2) 
PARAMETRIC_REPRESENTATION_CONTEXT() REPRESENTATION_CONTEXT('2D SPACE',''
  ) );
#7118 = ADVANCED_FACE('',(#7119),#2113,.T.);
#7119 = FACE_BOUND('',#7120,.T.);
#7120 = EDGE_LOOP('',(#7121,#7122,#7123,#7146));
#7121 = ORIENTED_EDGE('',*,*,#2087,.T.);
#7122 = ORIENTED_EDGE('',*,*,#7098,.T.);
#7123 = ORIENTED_EDGE('',*,*,#7124,.T.);
#7124 = EDGE_CURVE('',#7076,#7125,#7127,.T.);
#7125 = VERTEX_POINT('',#7126);
#7126 = CARTESIAN_POINT('',(3.42626953125,-8.124267578125,-0.4));
#7127 = SURFACE_CURVE('',#7128,(#7132,#7139),.PCURVE_S1.);
#7128 = B_SPLINE_CURVE_WITH_KNOTS('',2,(#7129,#7130,#7131),
  .UNSPECIFIED.,.F.,.F.,(3,3),(0.,1.),.PIECEWISE_BEZIER_KNOTS.);
#7129 = CARTESIAN_POINT('',(2.91064453125,-8.156494140625,-0.4));
#7130 = CARTESIAN_POINT('',(3.30615234375,-8.156494140625,-0.4));
#7131 = CARTESIAN_POINT('',(3.42626953125,-8.124267578125,-0.4));
#7132 = PCURVE('',#2113,#7133);
#7133 = DEFINITIONAL_REPRESENTATION('',(#7134),#7138);
#7134 = LINE('',#7135,#7136);
#7135 = CARTESIAN_POINT('',(0.,-0.6));
#7136 = VECTOR('',#7137,1.);
#7137 = DIRECTION('',(1.,0.));
#7138 = ( GEOMETRIC_REPRESENTATION_CONTEXT(2) 
PARAMETRIC_REPRESENTATION_CONTEXT() REPRESENTATION_CONTEXT('2D SPACE',''
  ) );
#7139 = PCURVE('',#6988,#7140);
#7140 = DEFINITIONAL_REPRESENTATION('',(#7141),#7145);
#7141 = B_SPLINE_CURVE_WITH_KNOTS('',2,(#7142,#7143,#7144),
  .UNSPECIFIED.,.F.,.F.,(3,3),(0.,1.),.PIECEWISE_BEZIER_KNOTS.);
#7142 = CARTESIAN_POINT('',(0.9140625,2.1474609375));
#7143 = CARTESIAN_POINT('',(1.3095703125,2.1474609375));
#7144 = CARTESIAN_POINT('',(1.4296875,2.115234375));
#7145 = ( GEOMETRIC_REPRESENTATION_CONTEXT(2) 
PARAMETRIC_REPRESENTATION_CONTEXT() REPRESENTATION_CONTEXT('2D SPACE',''
  ) );
#7146 = ORIENTED_EDGE('',*,*,#7147,.F.);
#7147 = EDGE_CURVE('',#2037,#7125,#7148,.T.);
#7148 = SURFACE_CURVE('',#7149,(#7153,#7160),.PCURVE_S1.);
#7149 = LINE('',#7150,#7151);
#7150 = CARTESIAN_POINT('',(3.42626953125,-8.124267578125,0.2));
#7151 = VECTOR('',#7152,1.);
#7152 = DIRECTION('',(0.,0.,-1.));
#7153 = PCURVE('',#2113,#7154);
#7154 = DEFINITIONAL_REPRESENTATION('',(#7155),#7159);
#7155 = LINE('',#7156,#7157);
#7156 = CARTESIAN_POINT('',(1.,0.));
#7157 = VECTOR('',#7158,1.);
#7158 = DIRECTION('',(0.,-1.));
#7159 = ( GEOMETRIC_REPRESENTATION_CONTEXT(2) 
PARAMETRIC_REPRESENTATION_CONTEXT() REPRESENTATION_CONTEXT('2D SPACE',''
  ) );
#7160 = PCURVE('',#2066,#7161);
#7161 = DEFINITIONAL_REPRESENTATION('',(#7162),#7166);
#7162 = LINE('',#7163,#7164);
#7163 = CARTESIAN_POINT('',(0.,0.));
#7164 = VECTOR('',#7165,1.);
#7165 = DIRECTION('',(0.,-1.));
#7166 = ( GEOMETRIC_REPRESENTATION_CONTEXT(2) 
PARAMETRIC_REPRESENTATION_CONTEXT() REPRESENTATION_CONTEXT('2D SPACE',''
  ) );
#7167 = ADVANCED_FACE('',(#7168),#2066,.T.);
#7168 = FACE_BOUND('',#7169,.T.);
#7169 = EDGE_LOOP('',(#7170,#7171,#7172,#7195));
#7170 = ORIENTED_EDGE('',*,*,#2036,.T.);
#7171 = ORIENTED_EDGE('',*,*,#7147,.T.);
#7172 = ORIENTED_EDGE('',*,*,#7173,.T.);
#7173 = EDGE_CURVE('',#7125,#7174,#7176,.T.);
#7174 = VERTEX_POINT('',#7175);
#7175 = CARTESIAN_POINT('',(3.7353515625,-7.9140625,-0.4));
#7176 = SURFACE_CURVE('',#7177,(#7181,#7188),.PCURVE_S1.);
#7177 = B_SPLINE_CURVE_WITH_KNOTS('',2,(#7178,#7179,#7180),
  .UNSPECIFIED.,.F.,.F.,(3,3),(0.,1.),.PIECEWISE_BEZIER_KNOTS.);
#7178 = CARTESIAN_POINT('',(3.42626953125,-8.124267578125,-0.4));
#7179 = CARTESIAN_POINT('',(3.61083984375,-8.075927734375,-0.4));
#7180 = CARTESIAN_POINT('',(3.7353515625,-7.9140625,-0.4));
#7181 = PCURVE('',#2066,#7182);
#7182 = DEFINITIONAL_REPRESENTATION('',(#7183),#7187);
#7183 = LINE('',#7184,#7185);
#7184 = CARTESIAN_POINT('',(0.,-0.6));
#7185 = VECTOR('',#7186,1.);
#7186 = DIRECTION('',(1.,0.));
#7187 = ( GEOMETRIC_REPRESENTATION_CONTEXT(2) 
PARAMETRIC_REPRESENTATION_CONTEXT() REPRESENTATION_CONTEXT('2D SPACE',''
  ) );
#7188 = PCURVE('',#6988,#7189);
#7189 = DEFINITIONAL_REPRESENTATION('',(#7190),#7194);
#7190 = B_SPLINE_CURVE_WITH_KNOTS('',2,(#7191,#7192,#7193),
  .UNSPECIFIED.,.F.,.F.,(3,3),(0.,1.),.PIECEWISE_BEZIER_KNOTS.);
#7191 = CARTESIAN_POINT('',(1.4296875,2.115234375));
#7192 = CARTESIAN_POINT('',(1.6142578125,2.06689453125));
#7193 = CARTESIAN_POINT('',(1.73876953125,1.905029296875));
#7194 = ( GEOMETRIC_REPRESENTATION_CONTEXT(2) 
PARAMETRIC_REPRESENTATION_CONTEXT() REPRESENTATION_CONTEXT('2D SPACE',''
  ) );
#7195 = ORIENTED_EDGE('',*,*,#7196,.F.);
#7196 = EDGE_CURVE('',#1998,#7174,#7197,.T.);
#7197 = SURFACE_CURVE('',#7198,(#7202,#7209),.PCURVE_S1.);
#7198 = LINE('',#7199,#7200);
#7199 = CARTESIAN_POINT('',(3.7353515625,-7.9140625,0.2));
#7200 = VECTOR('',#7201,1.);
#7201 = DIRECTION('',(0.,0.,-1.));
#7202 = PCURVE('',#2066,#7203);
#7203 = DEFINITIONAL_REPRESENTATION('',(#7204),#7208);
#7204 = LINE('',#7205,#7206);
#7205 = CARTESIAN_POINT('',(1.,0.));
#7206 = VECTOR('',#7207,1.);
#7207 = DIRECTION('',(0.,-1.));
#7208 = ( GEOMETRIC_REPRESENTATION_CONTEXT(2) 
PARAMETRIC_REPRESENTATION_CONTEXT() REPRESENTATION_CONTEXT('2D SPACE',''
  ) );
#7209 = PCURVE('',#2019,#7210);
#7210 = DEFINITIONAL_REPRESENTATION('',(#7211),#7215);
#7211 = LINE('',#7212,#7213);
#7212 = CARTESIAN_POINT('',(0.,0.));
#7213 = VECTOR('',#7214,1.);
#7214 = DIRECTION('',(0.,-1.));
#7215 = ( GEOMETRIC_REPRESENTATION_CONTEXT(2) 
PARAMETRIC_REPRESENTATION_CONTEXT() REPRESENTATION_CONTEXT('2D SPACE',''
  ) );
#7216 = ADVANCED_FACE('',(#7217),#2019,.T.);
#7217 = FACE_BOUND('',#7218,.T.);
#7218 = EDGE_LOOP('',(#7219,#7220,#7221,#7244));
#7219 = ORIENTED_EDGE('',*,*,#1997,.T.);
#7220 = ORIENTED_EDGE('',*,*,#7196,.T.);
#7221 = ORIENTED_EDGE('',*,*,#7222,.T.);
#7222 = EDGE_CURVE('',#7174,#7223,#7225,.T.);
#7223 = VERTEX_POINT('',#7224);
#7224 = CARTESIAN_POINT('',(3.85986328125,-7.495849609375,-0.4));
#7225 = SURFACE_CURVE('',#7226,(#7230,#7237),.PCURVE_S1.);
#7226 = B_SPLINE_CURVE_WITH_KNOTS('',2,(#7227,#7228,#7229),
  .UNSPECIFIED.,.F.,.F.,(3,3),(0.,1.),.PIECEWISE_BEZIER_KNOTS.);
#7227 = CARTESIAN_POINT('',(3.7353515625,-7.9140625,-0.4));
#7228 = CARTESIAN_POINT('',(3.85986328125,-7.752197265625,-0.4));
#7229 = CARTESIAN_POINT('',(3.85986328125,-7.495849609375,-0.4));
#7230 = PCURVE('',#2019,#7231);
#7231 = DEFINITIONAL_REPRESENTATION('',(#7232),#7236);
#7232 = LINE('',#7233,#7234);
#7233 = CARTESIAN_POINT('',(0.,-0.6));
#7234 = VECTOR('',#7235,1.);
#7235 = DIRECTION('',(1.,0.));
#7236 = ( GEOMETRIC_REPRESENTATION_CONTEXT(2) 
PARAMETRIC_REPRESENTATION_CONTEXT() REPRESENTATION_CONTEXT('2D SPACE',''
  ) );
#7237 = PCURVE('',#6988,#7238);
#7238 = DEFINITIONAL_REPRESENTATION('',(#7239),#7243);
#7239 = B_SPLINE_CURVE_WITH_KNOTS('',2,(#7240,#7241,#7242),
  .UNSPECIFIED.,.F.,.F.,(3,3),(0.,1.),.PIECEWISE_BEZIER_KNOTS.);
#7240 = CARTESIAN_POINT('',(1.73876953125,1.905029296875));
#7241 = CARTESIAN_POINT('',(1.86328125,1.7431640625));
#7242 = CARTESIAN_POINT('',(1.86328125,1.48681640625));
#7243 = ( GEOMETRIC_REPRESENTATION_CONTEXT(2) 
PARAMETRIC_REPRESENTATION_CONTEXT() REPRESENTATION_CONTEXT('2D SPACE',''
  ) );
#7244 = ORIENTED_EDGE('',*,*,#7245,.F.);
#7245 = EDGE_CURVE('',#1959,#7223,#7246,.T.);
#7246 = SURFACE_CURVE('',#7247,(#7251,#7258),.PCURVE_S1.);
#7247 = LINE('',#7248,#7249);
#7248 = CARTESIAN_POINT('',(3.85986328125,-7.495849609375,0.2));
#7249 = VECTOR('',#7250,1.);
#7250 = DIRECTION('',(0.,0.,-1.));
#7251 = PCURVE('',#2019,#7252);
#7252 = DEFINITIONAL_REPRESENTATION('',(#7253),#7257);
#7253 = LINE('',#7254,#7255);
#7254 = CARTESIAN_POINT('',(1.,0.));
#7255 = VECTOR('',#7256,1.);
#7256 = DIRECTION('',(0.,-1.));
#7257 = ( GEOMETRIC_REPRESENTATION_CONTEXT(2) 
PARAMETRIC_REPRESENTATION_CONTEXT() REPRESENTATION_CONTEXT('2D SPACE',''
  ) );
#7258 = PCURVE('',#1980,#7259);
#7259 = DEFINITIONAL_REPRESENTATION('',(#7260),#7264);
#7260 = LINE('',#7261,#7262);
#7261 = CARTESIAN_POINT('',(0.,0.));
#7262 = VECTOR('',#7263,1.);
#7263 = DIRECTION('',(0.,-1.));
#7264 = ( GEOMETRIC_REPRESENTATION_CONTEXT(2) 
PARAMETRIC_REPRESENTATION_CONTEXT() REPRESENTATION_CONTEXT('2D SPACE',''
  ) );
#7265 = ADVANCED_FACE('',(#7266),#1980,.T.);
#7266 = FACE_BOUND('',#7267,.T.);
#7267 = EDGE_LOOP('',(#7268,#7269,#7270,#7293));
#7268 = ORIENTED_EDGE('',*,*,#1958,.T.);
#7269 = ORIENTED_EDGE('',*,*,#7245,.T.);
#7270 = ORIENTED_EDGE('',*,*,#7271,.T.);
#7271 = EDGE_CURVE('',#7223,#7272,#7274,.T.);
#7272 = VERTEX_POINT('',#7273);
#7273 = CARTESIAN_POINT('',(3.7880859375,-7.163330078125,-0.4));
#7274 = SURFACE_CURVE('',#7275,(#7279,#7286),.PCURVE_S1.);
#7275 = B_SPLINE_CURVE_WITH_KNOTS('',2,(#7276,#7277,#7278),
  .UNSPECIFIED.,.F.,.F.,(3,3),(0.,1.),.PIECEWISE_BEZIER_KNOTS.);
#7276 = CARTESIAN_POINT('',(3.85986328125,-7.495849609375,-0.4));
#7277 = CARTESIAN_POINT('',(3.85986328125,-7.298095703125,-0.4));
#7278 = CARTESIAN_POINT('',(3.7880859375,-7.163330078125,-0.4));
#7279 = PCURVE('',#1980,#7280);
#7280 = DEFINITIONAL_REPRESENTATION('',(#7281),#7285);
#7281 = LINE('',#7282,#7283);
#7282 = CARTESIAN_POINT('',(0.,-0.6));
#7283 = VECTOR('',#7284,1.);
#7284 = DIRECTION('',(1.,0.));
#7285 = ( GEOMETRIC_REPRESENTATION_CONTEXT(2) 
PARAMETRIC_REPRESENTATION_CONTEXT() REPRESENTATION_CONTEXT('2D SPACE',''
  ) );
#7286 = PCURVE('',#6988,#7287);
#7287 = DEFINITIONAL_REPRESENTATION('',(#7288),#7292);
#7288 = B_SPLINE_CURVE_WITH_KNOTS('',2,(#7289,#7290,#7291),
  .UNSPECIFIED.,.F.,.F.,(3,3),(0.,1.),.PIECEWISE_BEZIER_KNOTS.);
#7289 = CARTESIAN_POINT('',(1.86328125,1.48681640625));
#7290 = CARTESIAN_POINT('',(1.86328125,1.2890625));
#7291 = CARTESIAN_POINT('',(1.79150390625,1.154296875));
#7292 = ( GEOMETRIC_REPRESENTATION_CONTEXT(2) 
PARAMETRIC_REPRESENTATION_CONTEXT() REPRESENTATION_CONTEXT('2D SPACE',''
  ) );
#7293 = ORIENTED_EDGE('',*,*,#7294,.F.);
#7294 = EDGE_CURVE('',#1920,#7272,#7295,.T.);
#7295 = SURFACE_CURVE('',#7296,(#7300,#7307),.PCURVE_S1.);
#7296 = LINE('',#7297,#7298);
#7297 = CARTESIAN_POINT('',(3.7880859375,-7.163330078125,0.2));
#7298 = VECTOR('',#7299,1.);
#7299 = DIRECTION('',(0.,0.,-1.));
#7300 = PCURVE('',#1980,#7301);
#7301 = DEFINITIONAL_REPRESENTATION('',(#7302),#7306);
#7302 = LINE('',#7303,#7304);
#7303 = CARTESIAN_POINT('',(1.,0.));
#7304 = VECTOR('',#7305,1.);
#7305 = DIRECTION('',(0.,-1.));
#7306 = ( GEOMETRIC_REPRESENTATION_CONTEXT(2) 
PARAMETRIC_REPRESENTATION_CONTEXT() REPRESENTATION_CONTEXT('2D SPACE',''
  ) );
#7307 = PCURVE('',#1941,#7308);
#7308 = DEFINITIONAL_REPRESENTATION('',(#7309),#7313);
#7309 = LINE('',#7310,#7311);
#7310 = CARTESIAN_POINT('',(0.,0.));
#7311 = VECTOR('',#7312,1.);
#7312 = DIRECTION('',(0.,-1.));
#7313 = ( GEOMETRIC_REPRESENTATION_CONTEXT(2) 
PARAMETRIC_REPRESENTATION_CONTEXT() REPRESENTATION_CONTEXT('2D SPACE',''
  ) );
#7314 = ADVANCED_FACE('',(#7315),#1941,.T.);
#7315 = FACE_BOUND('',#7316,.T.);
#7316 = EDGE_LOOP('',(#7317,#7318,#7319,#7342));
#7317 = ORIENTED_EDGE('',*,*,#1919,.T.);
#7318 = ORIENTED_EDGE('',*,*,#7294,.T.);
#7319 = ORIENTED_EDGE('',*,*,#7320,.T.);
#7320 = EDGE_CURVE('',#7272,#7321,#7323,.T.);
#7321 = VERTEX_POINT('',#7322);
#7322 = CARTESIAN_POINT('',(3.605712890625,-6.95166015625,-0.4));
#7323 = SURFACE_CURVE('',#7324,(#7328,#7335),.PCURVE_S1.);
#7324 = B_SPLINE_CURVE_WITH_KNOTS('',2,(#7325,#7326,#7327),
  .UNSPECIFIED.,.F.,.F.,(3,3),(0.,1.),.PIECEWISE_BEZIER_KNOTS.);
#7325 = CARTESIAN_POINT('',(3.7880859375,-7.163330078125,-0.4));
#7326 = CARTESIAN_POINT('',(3.71630859375,-7.028564453125,-0.4));
#7327 = CARTESIAN_POINT('',(3.605712890625,-6.95166015625,-0.4));
#7328 = PCURVE('',#1941,#7329);
#7329 = DEFINITIONAL_REPRESENTATION('',(#7330),#7334);
#7330 = LINE('',#7331,#7332);
#7331 = CARTESIAN_POINT('',(0.,-0.6));
#7332 = VECTOR('',#7333,1.);
#7333 = DIRECTION('',(1.,0.));
#7334 = ( GEOMETRIC_REPRESENTATION_CONTEXT(2) 
PARAMETRIC_REPRESENTATION_CONTEXT() REPRESENTATION_CONTEXT('2D SPACE',''
  ) );
#7335 = PCURVE('',#6988,#7336);
#7336 = DEFINITIONAL_REPRESENTATION('',(#7337),#7341);
#7337 = B_SPLINE_CURVE_WITH_KNOTS('',2,(#7338,#7339,#7340),
  .UNSPECIFIED.,.F.,.F.,(3,3),(0.,1.),.PIECEWISE_BEZIER_KNOTS.);
#7338 = CARTESIAN_POINT('',(1.79150390625,1.154296875));
#7339 = CARTESIAN_POINT('',(1.7197265625,1.01953125));
#7340 = CARTESIAN_POINT('',(1.609130859375,0.942626953125));
#7341 = ( GEOMETRIC_REPRESENTATION_CONTEXT(2) 
PARAMETRIC_REPRESENTATION_CONTEXT() REPRESENTATION_CONTEXT('2D SPACE',''
  ) );
#7342 = ORIENTED_EDGE('',*,*,#7343,.F.);
#7343 = EDGE_CURVE('',#1884,#7321,#7344,.T.);
#7344 = SURFACE_CURVE('',#7345,(#7349,#7356),.PCURVE_S1.);
#7345 = LINE('',#7346,#7347);
#7346 = CARTESIAN_POINT('',(3.605712890625,-6.95166015625,0.2));
#7347 = VECTOR('',#7348,1.);
#7348 = DIRECTION('',(0.,0.,-1.));
#7349 = PCURVE('',#1941,#7350);
#7350 = DEFINITIONAL_REPRESENTATION('',(#7351),#7355);
#7351 = LINE('',#7352,#7353);
#7352 = CARTESIAN_POINT('',(1.,0.));
#7353 = VECTOR('',#7354,1.);
#7354 = DIRECTION('',(0.,-1.));
#7355 = ( GEOMETRIC_REPRESENTATION_CONTEXT(2) 
PARAMETRIC_REPRESENTATION_CONTEXT() REPRESENTATION_CONTEXT('2D SPACE',''
  ) );
#7356 = PCURVE('',#1903,#7357);
#7357 = DEFINITIONAL_REPRESENTATION('',(#7358),#7362);
#7358 = LINE('',#7359,#7360);
#7359 = CARTESIAN_POINT('',(0.,0.));
#7360 = VECTOR('',#7361,1.);
#7361 = DIRECTION('',(0.,-1.));
#7362 = ( GEOMETRIC_REPRESENTATION_CONTEXT(2) 
PARAMETRIC_REPRESENTATION_CONTEXT() REPRESENTATION_CONTEXT('2D SPACE',''
  ) );
#7363 = ADVANCED_FACE('',(#7364),#1903,.T.);
#7364 = FACE_BOUND('',#7365,.T.);
#7365 = EDGE_LOOP('',(#7366,#7367,#7368,#7391));
#7366 = ORIENTED_EDGE('',*,*,#1883,.T.);
#7367 = ORIENTED_EDGE('',*,*,#7343,.T.);
#7368 = ORIENTED_EDGE('',*,*,#7369,.T.);
#7369 = EDGE_CURVE('',#7321,#7370,#7372,.T.);
#7370 = VERTEX_POINT('',#7371);
#7371 = CARTESIAN_POINT('',(3.380859375,-6.849853515625,-0.4));
#7372 = SURFACE_CURVE('',#7373,(#7377,#7384),.PCURVE_S1.);
#7373 = B_SPLINE_CURVE_WITH_KNOTS('',2,(#7374,#7375,#7376),
  .UNSPECIFIED.,.F.,.F.,(3,3),(0.,1.),.PIECEWISE_BEZIER_KNOTS.);
#7374 = CARTESIAN_POINT('',(3.605712890625,-6.95166015625,-0.4));
#7375 = CARTESIAN_POINT('',(3.4951171875,-6.874755859375,-0.4));
#7376 = CARTESIAN_POINT('',(3.380859375,-6.849853515625,-0.4));
#7377 = PCURVE('',#1903,#7378);
#7378 = DEFINITIONAL_REPRESENTATION('',(#7379),#7383);
#7379 = LINE('',#7380,#7381);
#7380 = CARTESIAN_POINT('',(0.,-0.6));
#7381 = VECTOR('',#7382,1.);
#7382 = DIRECTION('',(1.,0.));
#7383 = ( GEOMETRIC_REPRESENTATION_CONTEXT(2) 
PARAMETRIC_REPRESENTATION_CONTEXT() REPRESENTATION_CONTEXT('2D SPACE',''
  ) );
#7384 = PCURVE('',#6988,#7385);
#7385 = DEFINITIONAL_REPRESENTATION('',(#7386),#7390);
#7386 = B_SPLINE_CURVE_WITH_KNOTS('',2,(#7387,#7388,#7389),
  .UNSPECIFIED.,.F.,.F.,(3,3),(0.,1.),.PIECEWISE_BEZIER_KNOTS.);
#7387 = CARTESIAN_POINT('',(1.609130859375,0.942626953125));
#7388 = CARTESIAN_POINT('',(1.49853515625,0.86572265625));
#7389 = CARTESIAN_POINT('',(1.38427734375,0.8408203125));
#7390 = ( GEOMETRIC_REPRESENTATION_CONTEXT(2) 
PARAMETRIC_REPRESENTATION_CONTEXT() REPRESENTATION_CONTEXT('2D SPACE',''
  ) );
#7391 = ORIENTED_EDGE('',*,*,#7392,.F.);
#7392 = EDGE_CURVE('',#1842,#7370,#7393,.T.);
#7393 = SURFACE_CURVE('',#7394,(#7398,#7405),.PCURVE_S1.);
#7394 = LINE('',#7395,#7396);
#7395 = CARTESIAN_POINT('',(3.380859375,-6.849853515625,0.2));
#7396 = VECTOR('',#7397,1.);
#7397 = DIRECTION('',(0.,0.,-1.));
#7398 = PCURVE('',#1903,#7399);
#7399 = DEFINITIONAL_REPRESENTATION('',(#7400),#7404);
#7400 = LINE('',#7401,#7402);
#7401 = CARTESIAN_POINT('',(1.,0.));
#7402 = VECTOR('',#7403,1.);
#7403 = DIRECTION('',(0.,-1.));
#7404 = ( GEOMETRIC_REPRESENTATION_CONTEXT(2) 
PARAMETRIC_REPRESENTATION_CONTEXT() REPRESENTATION_CONTEXT('2D SPACE',''
  ) );
#7405 = PCURVE('',#1865,#7406);
#7406 = DEFINITIONAL_REPRESENTATION('',(#7407),#7411);
#7407 = LINE('',#7408,#7409);
#7408 = CARTESIAN_POINT('',(0.,0.));
#7409 = VECTOR('',#7410,1.);
#7410 = DIRECTION('',(0.,-1.));
#7411 = ( GEOMETRIC_REPRESENTATION_CONTEXT(2) 
PARAMETRIC_REPRESENTATION_CONTEXT() REPRESENTATION_CONTEXT('2D SPACE',''
  ) );
#7412 = ADVANCED_FACE('',(#7413),#1865,.T.);
#7413 = FACE_BOUND('',#7414,.T.);
#7414 = EDGE_LOOP('',(#7415,#7416,#7417,#7440));
#7415 = ORIENTED_EDGE('',*,*,#1841,.T.);
#7416 = ORIENTED_EDGE('',*,*,#7392,.T.);
#7417 = ORIENTED_EDGE('',*,*,#7418,.T.);
#7418 = EDGE_CURVE('',#7370,#7419,#7421,.T.);
#7419 = VERTEX_POINT('',#7420);
#7420 = CARTESIAN_POINT('',(2.93115234375,-6.819091796875,-0.4));
#7421 = SURFACE_CURVE('',#7422,(#7426,#7433),.PCURVE_S1.);
#7422 = B_SPLINE_CURVE_WITH_KNOTS('',2,(#7423,#7424,#7425),
  .UNSPECIFIED.,.F.,.F.,(3,3),(0.,1.),.PIECEWISE_BEZIER_KNOTS.);
#7423 = CARTESIAN_POINT('',(3.380859375,-6.849853515625,-0.4));
#7424 = CARTESIAN_POINT('',(3.2255859375,-6.819091796875,-0.4));
#7425 = CARTESIAN_POINT('',(2.93115234375,-6.819091796875,-0.4));
#7426 = PCURVE('',#1865,#7427);
#7427 = DEFINITIONAL_REPRESENTATION('',(#7428),#7432);
#7428 = LINE('',#7429,#7430);
#7429 = CARTESIAN_POINT('',(0.,-0.6));
#7430 = VECTOR('',#7431,1.);
#7431 = DIRECTION('',(1.,0.));
#7432 = ( GEOMETRIC_REPRESENTATION_CONTEXT(2) 
PARAMETRIC_REPRESENTATION_CONTEXT() REPRESENTATION_CONTEXT('2D SPACE',''
  ) );
#7433 = PCURVE('',#6988,#7434);
#7434 = DEFINITIONAL_REPRESENTATION('',(#7435),#7439);
#7435 = B_SPLINE_CURVE_WITH_KNOTS('',2,(#7436,#7437,#7438),
  .UNSPECIFIED.,.F.,.F.,(3,3),(0.,1.),.PIECEWISE_BEZIER_KNOTS.);
#7436 = CARTESIAN_POINT('',(1.38427734375,0.8408203125));
#7437 = CARTESIAN_POINT('',(1.22900390625,0.81005859375));
#7438 = CARTESIAN_POINT('',(0.9345703125,0.81005859375));
#7439 = ( GEOMETRIC_REPRESENTATION_CONTEXT(2) 
PARAMETRIC_REPRESENTATION_CONTEXT() REPRESENTATION_CONTEXT('2D SPACE',''
  ) );
#7440 = ORIENTED_EDGE('',*,*,#7441,.F.);
#7441 = EDGE_CURVE('',#1816,#7419,#7442,.T.);
#7442 = SURFACE_CURVE('',#7443,(#7447,#7454),.PCURVE_S1.);
#7443 = LINE('',#7444,#7445);
#7444 = CARTESIAN_POINT('',(2.93115234375,-6.819091796875,0.2));
#7445 = VECTOR('',#7446,1.);
#7446 = DIRECTION('',(0.,0.,-1.));
#7447 = PCURVE('',#1865,#7448);
#7448 = DEFINITIONAL_REPRESENTATION('',(#7449),#7453);
#7449 = LINE('',#7450,#7451);
#7450 = CARTESIAN_POINT('',(1.,0.));
#7451 = VECTOR('',#7452,1.);
#7452 = DIRECTION('',(0.,-1.));
#7453 = ( GEOMETRIC_REPRESENTATION_CONTEXT(2) 
PARAMETRIC_REPRESENTATION_CONTEXT() REPRESENTATION_CONTEXT('2D SPACE',''
  ) );
#7454 = PCURVE('',#1830,#7455);
#7455 = DEFINITIONAL_REPRESENTATION('',(#7456),#7460);
#7456 = LINE('',#7457,#7458);
#7457 = CARTESIAN_POINT('',(0.,-0.));
#7458 = VECTOR('',#7459,1.);
#7459 = DIRECTION('',(0.,-1.));
#7460 = ( GEOMETRIC_REPRESENTATION_CONTEXT(2) 
PARAMETRIC_REPRESENTATION_CONTEXT() REPRESENTATION_CONTEXT('2D SPACE',''
  ) );
#7461 = ADVANCED_FACE('',(#7462),#1830,.T.);
#7462 = FACE_BOUND('',#7463,.T.);
#7463 = EDGE_LOOP('',(#7464,#7465,#7466,#7489));
#7464 = ORIENTED_EDGE('',*,*,#1815,.F.);
#7465 = ORIENTED_EDGE('',*,*,#7441,.T.);
#7466 = ORIENTED_EDGE('',*,*,#7467,.T.);
#7467 = EDGE_CURVE('',#7419,#7468,#7470,.T.);
#7468 = VERTEX_POINT('',#7469);
#7469 = CARTESIAN_POINT('',(2.6484375,-6.819091796875,-0.4));
#7470 = SURFACE_CURVE('',#7471,(#7475,#7482),.PCURVE_S1.);
#7471 = LINE('',#7472,#7473);
#7472 = CARTESIAN_POINT('',(2.93115234375,-6.819091796875,-0.4));
#7473 = VECTOR('',#7474,1.);
#7474 = DIRECTION('',(-1.,0.,0.));
#7475 = PCURVE('',#1830,#7476);
#7476 = DEFINITIONAL_REPRESENTATION('',(#7477),#7481);
#7477 = LINE('',#7478,#7479);
#7478 = CARTESIAN_POINT('',(0.,-0.6));
#7479 = VECTOR('',#7480,1.);
#7480 = DIRECTION('',(1.,0.));
#7481 = ( GEOMETRIC_REPRESENTATION_CONTEXT(2) 
PARAMETRIC_REPRESENTATION_CONTEXT() REPRESENTATION_CONTEXT('2D SPACE',''
  ) );
#7482 = PCURVE('',#6988,#7483);
#7483 = DEFINITIONAL_REPRESENTATION('',(#7484),#7488);
#7484 = LINE('',#7485,#7486);
#7485 = CARTESIAN_POINT('',(0.9345703125,0.81005859375));
#7486 = VECTOR('',#7487,1.);
#7487 = DIRECTION('',(-1.,0.));
#7488 = ( GEOMETRIC_REPRESENTATION_CONTEXT(2) 
PARAMETRIC_REPRESENTATION_CONTEXT() REPRESENTATION_CONTEXT('2D SPACE',''
  ) );
#7489 = ORIENTED_EDGE('',*,*,#7490,.F.);
#7490 = EDGE_CURVE('',#1790,#7468,#7491,.T.);
#7491 = SURFACE_CURVE('',#7492,(#7496,#7503),.PCURVE_S1.);
#7492 = LINE('',#7493,#7494);
#7493 = CARTESIAN_POINT('',(2.6484375,-6.819091796875,0.2));
#7494 = VECTOR('',#7495,1.);
#7495 = DIRECTION('',(0.,0.,-1.));
#7496 = PCURVE('',#1830,#7497);
#7497 = DEFINITIONAL_REPRESENTATION('',(#7498),#7502);
#7498 = LINE('',#7499,#7500);
#7499 = CARTESIAN_POINT('',(0.28271484375,0.));
#7500 = VECTOR('',#7501,1.);
#7501 = DIRECTION('',(0.,-1.));
#7502 = ( GEOMETRIC_REPRESENTATION_CONTEXT(2) 
PARAMETRIC_REPRESENTATION_CONTEXT() REPRESENTATION_CONTEXT('2D SPACE',''
  ) );
#7503 = PCURVE('',#1804,#7504);
#7504 = DEFINITIONAL_REPRESENTATION('',(#7505),#7509);
#7505 = LINE('',#7506,#7507);
#7506 = CARTESIAN_POINT('',(0.,0.));
#7507 = VECTOR('',#7508,1.);
#7508 = DIRECTION('',(0.,-1.));
#7509 = ( GEOMETRIC_REPRESENTATION_CONTEXT(2) 
PARAMETRIC_REPRESENTATION_CONTEXT() REPRESENTATION_CONTEXT('2D SPACE',''
  ) );
#7510 = ADVANCED_FACE('',(#7511),#1804,.T.);
#7511 = FACE_BOUND('',#7512,.T.);
#7512 = EDGE_LOOP('',(#7513,#7514,#7515,#7536));
#7513 = ORIENTED_EDGE('',*,*,#1789,.F.);
#7514 = ORIENTED_EDGE('',*,*,#7490,.T.);
#7515 = ORIENTED_EDGE('',*,*,#7516,.T.);
#7516 = EDGE_CURVE('',#7468,#6950,#7517,.T.);
#7517 = SURFACE_CURVE('',#7518,(#7522,#7529),.PCURVE_S1.);
#7518 = LINE('',#7519,#7520);
#7519 = CARTESIAN_POINT('',(2.6484375,-6.819091796875,-0.4));
#7520 = VECTOR('',#7521,1.);
#7521 = DIRECTION('',(0.,1.,0.));
#7522 = PCURVE('',#1804,#7523);
#7523 = DEFINITIONAL_REPRESENTATION('',(#7524),#7528);
#7524 = LINE('',#7525,#7526);
#7525 = CARTESIAN_POINT('',(0.,-0.6));
#7526 = VECTOR('',#7527,1.);
#7527 = DIRECTION('',(1.,0.));
#7528 = ( GEOMETRIC_REPRESENTATION_CONTEXT(2) 
PARAMETRIC_REPRESENTATION_CONTEXT() REPRESENTATION_CONTEXT('2D SPACE',''
  ) );
#7529 = PCURVE('',#6988,#7530);
#7530 = DEFINITIONAL_REPRESENTATION('',(#7531),#7535);
#7531 = LINE('',#7532,#7533);
#7532 = CARTESIAN_POINT('',(0.65185546875,0.81005859375));
#7533 = VECTOR('',#7534,1.);
#7534 = DIRECTION('',(0.,-1.));
#7535 = ( GEOMETRIC_REPRESENTATION_CONTEXT(2) 
PARAMETRIC_REPRESENTATION_CONTEXT() REPRESENTATION_CONTEXT('2D SPACE',''
  ) );
#7536 = ORIENTED_EDGE('',*,*,#6949,.F.);
#7537 = ADVANCED_FACE('',(#7538),#2220,.T.);
#7538 = FACE_BOUND('',#7539,.T.);
#7539 = EDGE_LOOP('',(#7540,#7541,#7564,#7592));
#7540 = ORIENTED_EDGE('',*,*,#2184,.T.);
#7541 = ORIENTED_EDGE('',*,*,#7542,.T.);
#7542 = EDGE_CURVE('',#2187,#7543,#7545,.T.);
#7543 = VERTEX_POINT('',#7544);
#7544 = CARTESIAN_POINT('',(6.3076171875,-7.942626953125,-0.4));
#7545 = SURFACE_CURVE('',#7546,(#7550,#7557),.PCURVE_S1.);
#7546 = LINE('',#7547,#7548);
#7547 = CARTESIAN_POINT('',(6.3076171875,-7.942626953125,0.2));
#7548 = VECTOR('',#7549,1.);
#7549 = DIRECTION('',(0.,0.,-1.));
#7550 = PCURVE('',#2220,#7551);
#7551 = DEFINITIONAL_REPRESENTATION('',(#7552),#7556);
#7552 = LINE('',#7553,#7554);
#7553 = CARTESIAN_POINT('',(0.,0.));
#7554 = VECTOR('',#7555,1.);
#7555 = DIRECTION('',(0.,-1.));
#7556 = ( GEOMETRIC_REPRESENTATION_CONTEXT(2) 
PARAMETRIC_REPRESENTATION_CONTEXT() REPRESENTATION_CONTEXT('2D SPACE',''
  ) );
#7557 = PCURVE('',#2273,#7558);
#7558 = DEFINITIONAL_REPRESENTATION('',(#7559),#7563);
#7559 = LINE('',#7560,#7561);
#7560 = CARTESIAN_POINT('',(1.,0.));
#7561 = VECTOR('',#7562,1.);
#7562 = DIRECTION('',(0.,-1.));
#7563 = ( GEOMETRIC_REPRESENTATION_CONTEXT(2) 
PARAMETRIC_REPRESENTATION_CONTEXT() REPRESENTATION_CONTEXT('2D SPACE',''
  ) );
#7564 = ORIENTED_EDGE('',*,*,#7565,.T.);
#7565 = EDGE_CURVE('',#7543,#7566,#7568,.T.);
#7566 = VERTEX_POINT('',#7567);
#7567 = CARTESIAN_POINT('',(6.51708984375,-7.068115234375,-0.4));
#7568 = SURFACE_CURVE('',#7569,(#7573,#7580),.PCURVE_S1.);
#7569 = B_SPLINE_CURVE_WITH_KNOTS('',2,(#7570,#7571,#7572),
  .UNSPECIFIED.,.F.,.F.,(3,3),(0.,1.),.PIECEWISE_BEZIER_KNOTS.);
#7570 = CARTESIAN_POINT('',(6.3076171875,-7.942626953125,-0.4));
#7571 = CARTESIAN_POINT('',(6.51708984375,-7.678955078125,-0.4));
#7572 = CARTESIAN_POINT('',(6.51708984375,-7.068115234375,-0.4));
#7573 = PCURVE('',#2220,#7574);
#7574 = DEFINITIONAL_REPRESENTATION('',(#7575),#7579);
#7575 = LINE('',#7576,#7577);
#7576 = CARTESIAN_POINT('',(0.,-0.6));
#7577 = VECTOR('',#7578,1.);
#7578 = DIRECTION('',(1.,0.));
#7579 = ( GEOMETRIC_REPRESENTATION_CONTEXT(2) 
PARAMETRIC_REPRESENTATION_CONTEXT() REPRESENTATION_CONTEXT('2D SPACE',''
  ) );
#7580 = PCURVE('',#7581,#7586);
#7581 = PLANE('',#7582);
#7582 = AXIS2_PLACEMENT_3D('',#7583,#7584,#7585);
#7583 = CARTESIAN_POINT('',(4.99658203125,-6.009033203125,-0.4));
#7584 = DIRECTION('',(0.,0.,-1.));
#7585 = DIRECTION('',(1.,0.,0.));
#7586 = DEFINITIONAL_REPRESENTATION('',(#7587),#7591);
#7587 = B_SPLINE_CURVE_WITH_KNOTS('',2,(#7588,#7589,#7590),
  .UNSPECIFIED.,.F.,.F.,(3,3),(0.,1.),.PIECEWISE_BEZIER_KNOTS.);
#7588 = CARTESIAN_POINT('',(1.31103515625,1.93359375));
#7589 = CARTESIAN_POINT('',(1.5205078125,1.669921875));
#7590 = CARTESIAN_POINT('',(1.5205078125,1.05908203125));
#7591 = ( GEOMETRIC_REPRESENTATION_CONTEXT(2) 
PARAMETRIC_REPRESENTATION_CONTEXT() REPRESENTATION_CONTEXT('2D SPACE',''
  ) );
#7592 = ORIENTED_EDGE('',*,*,#7593,.F.);
#7593 = EDGE_CURVE('',#2185,#7566,#7594,.T.);
#7594 = SURFACE_CURVE('',#7595,(#7599,#7606),.PCURVE_S1.);
#7595 = LINE('',#7596,#7597);
#7596 = CARTESIAN_POINT('',(6.51708984375,-7.068115234375,0.2));
#7597 = VECTOR('',#7598,1.);
#7598 = DIRECTION('',(0.,0.,-1.));
#7599 = PCURVE('',#2220,#7600);
#7600 = DEFINITIONAL_REPRESENTATION('',(#7601),#7605);
#7601 = LINE('',#7602,#7603);
#7602 = CARTESIAN_POINT('',(1.,0.));
#7603 = VECTOR('',#7604,1.);
#7604 = DIRECTION('',(0.,-1.));
#7605 = ( GEOMETRIC_REPRESENTATION_CONTEXT(2) 
PARAMETRIC_REPRESENTATION_CONTEXT() REPRESENTATION_CONTEXT('2D SPACE',''
  ) );
#7606 = PCURVE('',#2593,#7607);
#7607 = DEFINITIONAL_REPRESENTATION('',(#7608),#7612);
#7608 = LINE('',#7609,#7610);
#7609 = CARTESIAN_POINT('',(0.,0.));
#7610 = VECTOR('',#7611,1.);
#7611 = DIRECTION('',(0.,-1.));
#7612 = ( GEOMETRIC_REPRESENTATION_CONTEXT(2) 
PARAMETRIC_REPRESENTATION_CONTEXT() REPRESENTATION_CONTEXT('2D SPACE',''
  ) );
#7613 = ADVANCED_FACE('',(#7614),#2593,.T.);
#7614 = FACE_BOUND('',#7615,.T.);
#7615 = EDGE_LOOP('',(#7616,#7617,#7618,#7641));
#7616 = ORIENTED_EDGE('',*,*,#2561,.T.);
#7617 = ORIENTED_EDGE('',*,*,#7593,.T.);
#7618 = ORIENTED_EDGE('',*,*,#7619,.T.);
#7619 = EDGE_CURVE('',#7566,#7620,#7622,.T.);
#7620 = VERTEX_POINT('',#7621);
#7621 = CARTESIAN_POINT('',(6.30615234375,-6.192138671875,-0.4));
#7622 = SURFACE_CURVE('',#7623,(#7627,#7634),.PCURVE_S1.);
#7623 = B_SPLINE_CURVE_WITH_KNOTS('',2,(#7624,#7625,#7626),
  .UNSPECIFIED.,.F.,.F.,(3,3),(0.,1.),.PIECEWISE_BEZIER_KNOTS.);
#7624 = CARTESIAN_POINT('',(6.51708984375,-7.068115234375,-0.4));
#7625 = CARTESIAN_POINT('',(6.51708984375,-6.458740234375,-0.4));
#7626 = CARTESIAN_POINT('',(6.30615234375,-6.192138671875,-0.4));
#7627 = PCURVE('',#2593,#7628);
#7628 = DEFINITIONAL_REPRESENTATION('',(#7629),#7633);
#7629 = LINE('',#7630,#7631);
#7630 = CARTESIAN_POINT('',(0.,-0.6));
#7631 = VECTOR('',#7632,1.);
#7632 = DIRECTION('',(1.,0.));
#7633 = ( GEOMETRIC_REPRESENTATION_CONTEXT(2) 
PARAMETRIC_REPRESENTATION_CONTEXT() REPRESENTATION_CONTEXT('2D SPACE',''
  ) );
#7634 = PCURVE('',#7581,#7635);
#7635 = DEFINITIONAL_REPRESENTATION('',(#7636),#7640);
#7636 = B_SPLINE_CURVE_WITH_KNOTS('',2,(#7637,#7638,#7639),
  .UNSPECIFIED.,.F.,.F.,(3,3),(0.,1.),.PIECEWISE_BEZIER_KNOTS.);
#7637 = CARTESIAN_POINT('',(1.5205078125,1.05908203125));
#7638 = CARTESIAN_POINT('',(1.5205078125,0.44970703125));
#7639 = CARTESIAN_POINT('',(1.3095703125,0.18310546875));
#7640 = ( GEOMETRIC_REPRESENTATION_CONTEXT(2) 
PARAMETRIC_REPRESENTATION_CONTEXT() REPRESENTATION_CONTEXT('2D SPACE',''
  ) );
#7641 = ORIENTED_EDGE('',*,*,#7642,.F.);
#7642 = EDGE_CURVE('',#2511,#7620,#7643,.T.);
#7643 = SURFACE_CURVE('',#7644,(#7648,#7655),.PCURVE_S1.);
#7644 = LINE('',#7645,#7646);
#7645 = CARTESIAN_POINT('',(6.30615234375,-6.192138671875,0.2));
#7646 = VECTOR('',#7647,1.);
#7647 = DIRECTION('',(0.,0.,-1.));
#7648 = PCURVE('',#2593,#7649);
#7649 = DEFINITIONAL_REPRESENTATION('',(#7650),#7654);
#7650 = LINE('',#7651,#7652);
#7651 = CARTESIAN_POINT('',(1.,0.));
#7652 = VECTOR('',#7653,1.);
#7653 = DIRECTION('',(0.,-1.));
#7654 = ( GEOMETRIC_REPRESENTATION_CONTEXT(2) 
PARAMETRIC_REPRESENTATION_CONTEXT() REPRESENTATION_CONTEXT('2D SPACE',''
  ) );
#7655 = PCURVE('',#2540,#7656);
#7656 = DEFINITIONAL_REPRESENTATION('',(#7657),#7661);
#7657 = LINE('',#7658,#7659);
#7658 = CARTESIAN_POINT('',(0.,0.));
#7659 = VECTOR('',#7660,1.);
#7660 = DIRECTION('',(0.,-1.));
#7661 = ( GEOMETRIC_REPRESENTATION_CONTEXT(2) 
PARAMETRIC_REPRESENTATION_CONTEXT() REPRESENTATION_CONTEXT('2D SPACE',''
  ) );
#7662 = ADVANCED_FACE('',(#7663),#2540,.T.);
#7663 = FACE_BOUND('',#7664,.T.);
#7664 = EDGE_LOOP('',(#7665,#7666,#7667,#7690));
#7665 = ORIENTED_EDGE('',*,*,#2510,.T.);
#7666 = ORIENTED_EDGE('',*,*,#7642,.T.);
#7667 = ORIENTED_EDGE('',*,*,#7668,.T.);
#7668 = EDGE_CURVE('',#7620,#7669,#7671,.T.);
#7669 = VERTEX_POINT('',#7670);
#7670 = CARTESIAN_POINT('',(5.81982421875,-5.972412109375,-0.4));
#7671 = SURFACE_CURVE('',#7672,(#7676,#7683),.PCURVE_S1.);
#7672 = B_SPLINE_CURVE_WITH_KNOTS('',2,(#7673,#7674,#7675),
  .UNSPECIFIED.,.F.,.F.,(3,3),(0.,1.),.PIECEWISE_BEZIER_KNOTS.);
#7673 = CARTESIAN_POINT('',(6.30615234375,-6.192138671875,-0.4));
#7674 = CARTESIAN_POINT('',(6.1318359375,-5.972412109375,-0.4));
#7675 = CARTESIAN_POINT('',(5.81982421875,-5.972412109375,-0.4));
#7676 = PCURVE('',#2540,#7677);
#7677 = DEFINITIONAL_REPRESENTATION('',(#7678),#7682);
#7678 = LINE('',#7679,#7680);
#7679 = CARTESIAN_POINT('',(0.,-0.6));
#7680 = VECTOR('',#7681,1.);
#7681 = DIRECTION('',(1.,0.));
#7682 = ( GEOMETRIC_REPRESENTATION_CONTEXT(2) 
PARAMETRIC_REPRESENTATION_CONTEXT() REPRESENTATION_CONTEXT('2D SPACE',''
  ) );
#7683 = PCURVE('',#7581,#7684);
#7684 = DEFINITIONAL_REPRESENTATION('',(#7685),#7689);
#7685 = B_SPLINE_CURVE_WITH_KNOTS('',2,(#7686,#7687,#7688),
  .UNSPECIFIED.,.F.,.F.,(3,3),(0.,1.),.PIECEWISE_BEZIER_KNOTS.);
#7686 = CARTESIAN_POINT('',(1.3095703125,0.18310546875));
#7687 = CARTESIAN_POINT('',(1.13525390625,-3.662109375E-02));
#7688 = CARTESIAN_POINT('',(0.8232421875,-3.662109375E-02));
#7689 = ( GEOMETRIC_REPRESENTATION_CONTEXT(2) 
PARAMETRIC_REPRESENTATION_CONTEXT() REPRESENTATION_CONTEXT('2D SPACE',''
  ) );
#7690 = ORIENTED_EDGE('',*,*,#7691,.F.);
#7691 = EDGE_CURVE('',#2460,#7669,#7692,.T.);
#7692 = SURFACE_CURVE('',#7693,(#7697,#7704),.PCURVE_S1.);
#7693 = LINE('',#7694,#7695);
#7694 = CARTESIAN_POINT('',(5.81982421875,-5.972412109375,0.2));
#7695 = VECTOR('',#7696,1.);
#7696 = DIRECTION('',(0.,0.,-1.));
#7697 = PCURVE('',#2540,#7698);
#7698 = DEFINITIONAL_REPRESENTATION('',(#7699),#7703);
#7699 = LINE('',#7700,#7701);
#7700 = CARTESIAN_POINT('',(1.,0.));
#7701 = VECTOR('',#7702,1.);
#7702 = DIRECTION('',(0.,-1.));
#7703 = ( GEOMETRIC_REPRESENTATION_CONTEXT(2) 
PARAMETRIC_REPRESENTATION_CONTEXT() REPRESENTATION_CONTEXT('2D SPACE',''
  ) );
#7704 = PCURVE('',#2489,#7705);
#7705 = DEFINITIONAL_REPRESENTATION('',(#7706),#7710);
#7706 = LINE('',#7707,#7708);
#7707 = CARTESIAN_POINT('',(0.,0.));
#7708 = VECTOR('',#7709,1.);
#7709 = DIRECTION('',(0.,-1.));
#7710 = ( GEOMETRIC_REPRESENTATION_CONTEXT(2) 
PARAMETRIC_REPRESENTATION_CONTEXT() REPRESENTATION_CONTEXT('2D SPACE',''
  ) );
#7711 = ADVANCED_FACE('',(#7712),#2489,.T.);
#7712 = FACE_BOUND('',#7713,.T.);
#7713 = EDGE_LOOP('',(#7714,#7715,#7716,#7739));
#7714 = ORIENTED_EDGE('',*,*,#2459,.T.);
#7715 = ORIENTED_EDGE('',*,*,#7691,.T.);
#7716 = ORIENTED_EDGE('',*,*,#7717,.T.);
#7717 = EDGE_CURVE('',#7669,#7718,#7720,.T.);
#7718 = VERTEX_POINT('',#7719);
#7719 = CARTESIAN_POINT('',(5.314453125,-6.21337890625,-0.4));
#7720 = SURFACE_CURVE('',#7721,(#7725,#7732),.PCURVE_S1.);
#7721 = B_SPLINE_CURVE_WITH_KNOTS('',2,(#7722,#7723,#7724),
  .UNSPECIFIED.,.F.,.F.,(3,3),(0.,1.),.PIECEWISE_BEZIER_KNOTS.);
#7722 = CARTESIAN_POINT('',(5.81982421875,-5.972412109375,-0.4));
#7723 = CARTESIAN_POINT('',(5.50634765625,-5.972412109375,-0.4));
#7724 = CARTESIAN_POINT('',(5.314453125,-6.21337890625,-0.4));
#7725 = PCURVE('',#2489,#7726);
#7726 = DEFINITIONAL_REPRESENTATION('',(#7727),#7731);
#7727 = LINE('',#7728,#7729);
#7728 = CARTESIAN_POINT('',(0.,-0.6));
#7729 = VECTOR('',#7730,1.);
#7730 = DIRECTION('',(1.,0.));
#7731 = ( GEOMETRIC_REPRESENTATION_CONTEXT(2) 
PARAMETRIC_REPRESENTATION_CONTEXT() REPRESENTATION_CONTEXT('2D SPACE',''
  ) );
#7732 = PCURVE('',#7581,#7733);
#7733 = DEFINITIONAL_REPRESENTATION('',(#7734),#7738);
#7734 = B_SPLINE_CURVE_WITH_KNOTS('',2,(#7735,#7736,#7737),
  .UNSPECIFIED.,.F.,.F.,(3,3),(0.,1.),.PIECEWISE_BEZIER_KNOTS.);
#7735 = CARTESIAN_POINT('',(0.8232421875,-3.662109375E-02));
#7736 = CARTESIAN_POINT('',(0.509765625,-3.662109375E-02));
#7737 = CARTESIAN_POINT('',(0.31787109375,0.204345703125));
#7738 = ( GEOMETRIC_REPRESENTATION_CONTEXT(2) 
PARAMETRIC_REPRESENTATION_CONTEXT() REPRESENTATION_CONTEXT('2D SPACE',''
  ) );
#7739 = ORIENTED_EDGE('',*,*,#7740,.F.);
#7740 = EDGE_CURVE('',#2403,#7718,#7741,.T.);
#7741 = SURFACE_CURVE('',#7742,(#7746,#7753),.PCURVE_S1.);
#7742 = LINE('',#7743,#7744);
#7743 = CARTESIAN_POINT('',(5.314453125,-6.21337890625,0.2));
#7744 = VECTOR('',#7745,1.);
#7745 = DIRECTION('',(0.,0.,-1.));
#7746 = PCURVE('',#2489,#7747);
#7747 = DEFINITIONAL_REPRESENTATION('',(#7748),#7752);
#7748 = LINE('',#7749,#7750);
#7749 = CARTESIAN_POINT('',(1.,0.));
#7750 = VECTOR('',#7751,1.);
#7751 = DIRECTION('',(0.,-1.));
#7752 = ( GEOMETRIC_REPRESENTATION_CONTEXT(2) 
PARAMETRIC_REPRESENTATION_CONTEXT() REPRESENTATION_CONTEXT('2D SPACE',''
  ) );
#7753 = PCURVE('',#2436,#7754);
#7754 = DEFINITIONAL_REPRESENTATION('',(#7755),#7759);
#7755 = LINE('',#7756,#7757);
#7756 = CARTESIAN_POINT('',(0.,0.));
#7757 = VECTOR('',#7758,1.);
#7758 = DIRECTION('',(0.,-1.));
#7759 = ( GEOMETRIC_REPRESENTATION_CONTEXT(2) 
PARAMETRIC_REPRESENTATION_CONTEXT() REPRESENTATION_CONTEXT('2D SPACE',''
  ) );
#7760 = ADVANCED_FACE('',(#7761),#2436,.T.);
#7761 = FACE_BOUND('',#7762,.T.);
#7762 = EDGE_LOOP('',(#7763,#7764,#7765,#7788));
#7763 = ORIENTED_EDGE('',*,*,#2402,.T.);
#7764 = ORIENTED_EDGE('',*,*,#7740,.T.);
#7765 = ORIENTED_EDGE('',*,*,#7766,.T.);
#7766 = EDGE_CURVE('',#7718,#7767,#7769,.T.);
#7767 = VERTEX_POINT('',#7768);
#7768 = CARTESIAN_POINT('',(5.12255859375,-7.072509765625,-0.4));
#7769 = SURFACE_CURVE('',#7770,(#7774,#7781),.PCURVE_S1.);
#7770 = B_SPLINE_CURVE_WITH_KNOTS('',2,(#7771,#7772,#7773),
  .UNSPECIFIED.,.F.,.F.,(3,3),(0.,1.),.PIECEWISE_BEZIER_KNOTS.);
#7771 = CARTESIAN_POINT('',(5.314453125,-6.21337890625,-0.4));
#7772 = CARTESIAN_POINT('',(5.12255859375,-6.454345703125,-0.4));
#7773 = CARTESIAN_POINT('',(5.12255859375,-7.072509765625,-0.4));
#7774 = PCURVE('',#2436,#7775);
#7775 = DEFINITIONAL_REPRESENTATION('',(#7776),#7780);
#7776 = LINE('',#7777,#7778);
#7777 = CARTESIAN_POINT('',(0.,-0.6));
#7778 = VECTOR('',#7779,1.);
#7779 = DIRECTION('',(1.,0.));
#7780 = ( GEOMETRIC_REPRESENTATION_CONTEXT(2) 
PARAMETRIC_REPRESENTATION_CONTEXT() REPRESENTATION_CONTEXT('2D SPACE',''
  ) );
#7781 = PCURVE('',#7581,#7782);
#7782 = DEFINITIONAL_REPRESENTATION('',(#7783),#7787);
#7783 = B_SPLINE_CURVE_WITH_KNOTS('',2,(#7784,#7785,#7786),
  .UNSPECIFIED.,.F.,.F.,(3,3),(0.,1.),.PIECEWISE_BEZIER_KNOTS.);
#7784 = CARTESIAN_POINT('',(0.31787109375,0.204345703125));
#7785 = CARTESIAN_POINT('',(0.1259765625,0.4453125));
#7786 = CARTESIAN_POINT('',(0.1259765625,1.0634765625));
#7787 = ( GEOMETRIC_REPRESENTATION_CONTEXT(2) 
PARAMETRIC_REPRESENTATION_CONTEXT() REPRESENTATION_CONTEXT('2D SPACE',''
  ) );
#7788 = ORIENTED_EDGE('',*,*,#7789,.F.);
#7789 = EDGE_CURVE('',#2346,#7767,#7790,.T.);
#7790 = SURFACE_CURVE('',#7791,(#7795,#7802),.PCURVE_S1.);
#7791 = LINE('',#7792,#7793);
#7792 = CARTESIAN_POINT('',(5.12255859375,-7.072509765625,0.2));
#7793 = VECTOR('',#7794,1.);
#7794 = DIRECTION('',(0.,0.,-1.));
#7795 = PCURVE('',#2436,#7796);
#7796 = DEFINITIONAL_REPRESENTATION('',(#7797),#7801);
#7797 = LINE('',#7798,#7799);
#7798 = CARTESIAN_POINT('',(1.,0.));
#7799 = VECTOR('',#7800,1.);
#7800 = DIRECTION('',(0.,-1.));
#7801 = ( GEOMETRIC_REPRESENTATION_CONTEXT(2) 
PARAMETRIC_REPRESENTATION_CONTEXT() REPRESENTATION_CONTEXT('2D SPACE',''
  ) );
#7802 = PCURVE('',#2379,#7803);
#7803 = DEFINITIONAL_REPRESENTATION('',(#7804),#7808);
#7804 = LINE('',#7805,#7806);
#7805 = CARTESIAN_POINT('',(0.,0.));
#7806 = VECTOR('',#7807,1.);
#7807 = DIRECTION('',(0.,-1.));
#7808 = ( GEOMETRIC_REPRESENTATION_CONTEXT(2) 
PARAMETRIC_REPRESENTATION_CONTEXT() REPRESENTATION_CONTEXT('2D SPACE',''
  ) );
#7809 = ADVANCED_FACE('',(#7810),#2379,.T.);
#7810 = FACE_BOUND('',#7811,.T.);
#7811 = EDGE_LOOP('',(#7812,#7813,#7814,#7837));
#7812 = ORIENTED_EDGE('',*,*,#2345,.T.);
#7813 = ORIENTED_EDGE('',*,*,#7789,.T.);
#7814 = ORIENTED_EDGE('',*,*,#7815,.T.);
#7815 = EDGE_CURVE('',#7767,#7816,#7818,.T.);
#7816 = VERTEX_POINT('',#7817);
#7817 = CARTESIAN_POINT('',(5.33349609375,-7.945556640625,-0.4));
#7818 = SURFACE_CURVE('',#7819,(#7823,#7830),.PCURVE_S1.);
#7819 = B_SPLINE_CURVE_WITH_KNOTS('',2,(#7820,#7821,#7822),
  .UNSPECIFIED.,.F.,.F.,(3,3),(0.,1.),.PIECEWISE_BEZIER_KNOTS.);
#7820 = CARTESIAN_POINT('',(5.12255859375,-7.072509765625,-0.4));
#7821 = CARTESIAN_POINT('',(5.12255859375,-7.678955078125,-0.4));
#7822 = CARTESIAN_POINT('',(5.33349609375,-7.945556640625,-0.4));
#7823 = PCURVE('',#2379,#7824);
#7824 = DEFINITIONAL_REPRESENTATION('',(#7825),#7829);
#7825 = LINE('',#7826,#7827);
#7826 = CARTESIAN_POINT('',(0.,-0.6));
#7827 = VECTOR('',#7828,1.);
#7828 = DIRECTION('',(1.,0.));
#7829 = ( GEOMETRIC_REPRESENTATION_CONTEXT(2) 
PARAMETRIC_REPRESENTATION_CONTEXT() REPRESENTATION_CONTEXT('2D SPACE',''
  ) );
#7830 = PCURVE('',#7581,#7831);
#7831 = DEFINITIONAL_REPRESENTATION('',(#7832),#7836);
#7832 = B_SPLINE_CURVE_WITH_KNOTS('',2,(#7833,#7834,#7835),
  .UNSPECIFIED.,.F.,.F.,(3,3),(0.,1.),.PIECEWISE_BEZIER_KNOTS.);
#7833 = CARTESIAN_POINT('',(0.1259765625,1.0634765625));
#7834 = CARTESIAN_POINT('',(0.1259765625,1.669921875));
#7835 = CARTESIAN_POINT('',(0.3369140625,1.9365234375));
#7836 = ( GEOMETRIC_REPRESENTATION_CONTEXT(2) 
PARAMETRIC_REPRESENTATION_CONTEXT() REPRESENTATION_CONTEXT('2D SPACE',''
  ) );
#7837 = ORIENTED_EDGE('',*,*,#7838,.F.);
#7838 = EDGE_CURVE('',#2295,#7816,#7839,.T.);
#7839 = SURFACE_CURVE('',#7840,(#7844,#7851),.PCURVE_S1.);
#7840 = LINE('',#7841,#7842);
#7841 = CARTESIAN_POINT('',(5.33349609375,-7.945556640625,0.2));
#7842 = VECTOR('',#7843,1.);
#7843 = DIRECTION('',(0.,0.,-1.));
#7844 = PCURVE('',#2379,#7845);
#7845 = DEFINITIONAL_REPRESENTATION('',(#7846),#7850);
#7846 = LINE('',#7847,#7848);
#7847 = CARTESIAN_POINT('',(1.,0.));
#7848 = VECTOR('',#7849,1.);
#7849 = DIRECTION('',(0.,-1.));
#7850 = ( GEOMETRIC_REPRESENTATION_CONTEXT(2) 
PARAMETRIC_REPRESENTATION_CONTEXT() REPRESENTATION_CONTEXT('2D SPACE',''
  ) );
#7851 = PCURVE('',#2324,#7852);
#7852 = DEFINITIONAL_REPRESENTATION('',(#7853),#7857);
#7853 = LINE('',#7854,#7855);
#7854 = CARTESIAN_POINT('',(0.,0.));
#7855 = VECTOR('',#7856,1.);
#7856 = DIRECTION('',(0.,-1.));
#7857 = ( GEOMETRIC_REPRESENTATION_CONTEXT(2) 
PARAMETRIC_REPRESENTATION_CONTEXT() REPRESENTATION_CONTEXT('2D SPACE',''
  ) );
#7858 = ADVANCED_FACE('',(#7859),#2324,.T.);
#7859 = FACE_BOUND('',#7860,.T.);
#7860 = EDGE_LOOP('',(#7861,#7862,#7863,#7886));
#7861 = ORIENTED_EDGE('',*,*,#2294,.T.);
#7862 = ORIENTED_EDGE('',*,*,#7838,.T.);
#7863 = ORIENTED_EDGE('',*,*,#7864,.T.);
#7864 = EDGE_CURVE('',#7816,#7865,#7867,.T.);
#7865 = VERTEX_POINT('',#7866);
#7866 = CARTESIAN_POINT('',(5.81982421875,-8.165283203125,-0.4));
#7867 = SURFACE_CURVE('',#7868,(#7872,#7879),.PCURVE_S1.);
#7868 = B_SPLINE_CURVE_WITH_KNOTS('',2,(#7869,#7870,#7871),
  .UNSPECIFIED.,.F.,.F.,(3,3),(0.,1.),.PIECEWISE_BEZIER_KNOTS.);
#7869 = CARTESIAN_POINT('',(5.33349609375,-7.945556640625,-0.4));
#7870 = CARTESIAN_POINT('',(5.5078125,-8.165283203125,-0.4));
#7871 = CARTESIAN_POINT('',(5.81982421875,-8.165283203125,-0.4));
#7872 = PCURVE('',#2324,#7873);
#7873 = DEFINITIONAL_REPRESENTATION('',(#7874),#7878);
#7874 = LINE('',#7875,#7876);
#7875 = CARTESIAN_POINT('',(0.,-0.6));
#7876 = VECTOR('',#7877,1.);
#7877 = DIRECTION('',(1.,0.));
#7878 = ( GEOMETRIC_REPRESENTATION_CONTEXT(2) 
PARAMETRIC_REPRESENTATION_CONTEXT() REPRESENTATION_CONTEXT('2D SPACE',''
  ) );
#7879 = PCURVE('',#7581,#7880);
#7880 = DEFINITIONAL_REPRESENTATION('',(#7881),#7885);
#7881 = B_SPLINE_CURVE_WITH_KNOTS('',2,(#7882,#7883,#7884),
  .UNSPECIFIED.,.F.,.F.,(3,3),(0.,1.),.PIECEWISE_BEZIER_KNOTS.);
#7882 = CARTESIAN_POINT('',(0.3369140625,1.9365234375));
#7883 = CARTESIAN_POINT('',(0.51123046875,2.15625));
#7884 = CARTESIAN_POINT('',(0.8232421875,2.15625));
#7885 = ( GEOMETRIC_REPRESENTATION_CONTEXT(2) 
PARAMETRIC_REPRESENTATION_CONTEXT() REPRESENTATION_CONTEXT('2D SPACE',''
  ) );
#7886 = ORIENTED_EDGE('',*,*,#7887,.F.);
#7887 = EDGE_CURVE('',#2244,#7865,#7888,.T.);
#7888 = SURFACE_CURVE('',#7889,(#7893,#7900),.PCURVE_S1.);
#7889 = LINE('',#7890,#7891);
#7890 = CARTESIAN_POINT('',(5.81982421875,-8.165283203125,0.2));
#7891 = VECTOR('',#7892,1.);
#7892 = DIRECTION('',(0.,0.,-1.));
#7893 = PCURVE('',#2324,#7894);
#7894 = DEFINITIONAL_REPRESENTATION('',(#7895),#7899);
#7895 = LINE('',#7896,#7897);
#7896 = CARTESIAN_POINT('',(1.,0.));
#7897 = VECTOR('',#7898,1.);
#7898 = DIRECTION('',(0.,-1.));
#7899 = ( GEOMETRIC_REPRESENTATION_CONTEXT(2) 
PARAMETRIC_REPRESENTATION_CONTEXT() REPRESENTATION_CONTEXT('2D SPACE',''
  ) );
#7900 = PCURVE('',#2273,#7901);
#7901 = DEFINITIONAL_REPRESENTATION('',(#7902),#7906);
#7902 = LINE('',#7903,#7904);
#7903 = CARTESIAN_POINT('',(0.,0.));
#7904 = VECTOR('',#7905,1.);
#7905 = DIRECTION('',(0.,-1.));
#7906 = ( GEOMETRIC_REPRESENTATION_CONTEXT(2) 
PARAMETRIC_REPRESENTATION_CONTEXT() REPRESENTATION_CONTEXT('2D SPACE',''
  ) );
#7907 = ADVANCED_FACE('',(#7908),#2273,.T.);
#7908 = FACE_BOUND('',#7909,.T.);
#7909 = EDGE_LOOP('',(#7910,#7911,#7912,#7933));
#7910 = ORIENTED_EDGE('',*,*,#2243,.T.);
#7911 = ORIENTED_EDGE('',*,*,#7887,.T.);
#7912 = ORIENTED_EDGE('',*,*,#7913,.T.);
#7913 = EDGE_CURVE('',#7865,#7543,#7914,.T.);
#7914 = SURFACE_CURVE('',#7915,(#7919,#7926),.PCURVE_S1.);
#7915 = B_SPLINE_CURVE_WITH_KNOTS('',2,(#7916,#7917,#7918),
  .UNSPECIFIED.,.F.,.F.,(3,3),(0.,1.),.PIECEWISE_BEZIER_KNOTS.);
#7916 = CARTESIAN_POINT('',(5.81982421875,-8.165283203125,-0.4));
#7917 = CARTESIAN_POINT('',(6.1318359375,-8.165283203125,-0.4));
#7918 = CARTESIAN_POINT('',(6.3076171875,-7.942626953125,-0.4));
#7919 = PCURVE('',#2273,#7920);
#7920 = DEFINITIONAL_REPRESENTATION('',(#7921),#7925);
#7921 = LINE('',#7922,#7923);
#7922 = CARTESIAN_POINT('',(0.,-0.6));
#7923 = VECTOR('',#7924,1.);
#7924 = DIRECTION('',(1.,0.));
#7925 = ( GEOMETRIC_REPRESENTATION_CONTEXT(2) 
PARAMETRIC_REPRESENTATION_CONTEXT() REPRESENTATION_CONTEXT('2D SPACE',''
  ) );
#7926 = PCURVE('',#7581,#7927);
#7927 = DEFINITIONAL_REPRESENTATION('',(#7928),#7932);
#7928 = B_SPLINE_CURVE_WITH_KNOTS('',2,(#7929,#7930,#7931),
  .UNSPECIFIED.,.F.,.F.,(3,3),(0.,1.),.PIECEWISE_BEZIER_KNOTS.);
#7929 = CARTESIAN_POINT('',(0.8232421875,2.15625));
#7930 = CARTESIAN_POINT('',(1.13525390625,2.15625));
#7931 = CARTESIAN_POINT('',(1.31103515625,1.93359375));
#7932 = ( GEOMETRIC_REPRESENTATION_CONTEXT(2) 
PARAMETRIC_REPRESENTATION_CONTEXT() REPRESENTATION_CONTEXT('2D SPACE',''
  ) );
#7933 = ORIENTED_EDGE('',*,*,#7542,.F.);
#7934 = ADVANCED_FACE('',(#7935),#2635,.T.);
#7935 = FACE_BOUND('',#7936,.T.);
#7936 = EDGE_LOOP('',(#7937,#7938,#7961,#7989));
#7937 = ORIENTED_EDGE('',*,*,#2618,.F.);
#7938 = ORIENTED_EDGE('',*,*,#7939,.T.);
#7939 = EDGE_CURVE('',#2619,#7940,#7942,.T.);
#7940 = VERTEX_POINT('',#7941);
#7941 = CARTESIAN_POINT('',(4.974609375,-6.581787109375,-0.4));
#7942 = SURFACE_CURVE('',#7943,(#7947,#7954),.PCURVE_S1.);
#7943 = LINE('',#7944,#7945);
#7944 = CARTESIAN_POINT('',(4.974609375,-6.581787109375,0.2));
#7945 = VECTOR('',#7946,1.);
#7946 = DIRECTION('',(0.,0.,-1.));
#7947 = PCURVE('',#2635,#7948);
#7948 = DEFINITIONAL_REPRESENTATION('',(#7949),#7953);
#7949 = LINE('',#7950,#7951);
#7950 = CARTESIAN_POINT('',(0.,-0.));
#7951 = VECTOR('',#7952,1.);
#7952 = DIRECTION('',(0.,-1.));
#7953 = ( GEOMETRIC_REPRESENTATION_CONTEXT(2) 
PARAMETRIC_REPRESENTATION_CONTEXT() REPRESENTATION_CONTEXT('2D SPACE',''
  ) );
#7954 = PCURVE('',#2661,#7955);
#7955 = DEFINITIONAL_REPRESENTATION('',(#7956),#7960);
#7956 = LINE('',#7957,#7958);
#7957 = CARTESIAN_POINT('',(0.41162109375,0.));
#7958 = VECTOR('',#7959,1.);
#7959 = DIRECTION('',(0.,-1.));
#7960 = ( GEOMETRIC_REPRESENTATION_CONTEXT(2) 
PARAMETRIC_REPRESENTATION_CONTEXT() REPRESENTATION_CONTEXT('2D SPACE',''
  ) );
#7961 = ORIENTED_EDGE('',*,*,#7962,.T.);
#7962 = EDGE_CURVE('',#7940,#7963,#7965,.T.);
#7963 = VERTEX_POINT('',#7964);
#7964 = CARTESIAN_POINT('',(4.166015625,-6.581787109375,-0.4));
#7965 = SURFACE_CURVE('',#7966,(#7970,#7977),.PCURVE_S1.);
#7966 = LINE('',#7967,#7968);
#7967 = CARTESIAN_POINT('',(4.974609375,-6.581787109375,-0.4));
#7968 = VECTOR('',#7969,1.);
#7969 = DIRECTION('',(-1.,0.,0.));
#7970 = PCURVE('',#2635,#7971);
#7971 = DEFINITIONAL_REPRESENTATION('',(#7972),#7976);
#7972 = LINE('',#7973,#7974);
#7973 = CARTESIAN_POINT('',(0.,-0.6));
#7974 = VECTOR('',#7975,1.);
#7975 = DIRECTION('',(1.,0.));
#7976 = ( GEOMETRIC_REPRESENTATION_CONTEXT(2) 
PARAMETRIC_REPRESENTATION_CONTEXT() REPRESENTATION_CONTEXT('2D SPACE',''
  ) );
#7977 = PCURVE('',#7978,#7983);
#7978 = PLANE('',#7979);
#7979 = AXIS2_PLACEMENT_3D('',#7980,#7981,#7982);
#7980 = CARTESIAN_POINT('',(3.99755859375,-6.009033203125,-0.4));
#7981 = DIRECTION('',(0.,0.,-1.));
#7982 = DIRECTION('',(1.,0.,0.));
#7983 = DEFINITIONAL_REPRESENTATION('',(#7984),#7988);
#7984 = LINE('',#7985,#7986);
#7985 = CARTESIAN_POINT('',(0.97705078125,0.57275390625));
#7986 = VECTOR('',#7987,1.);
#7987 = DIRECTION('',(-1.,0.));
#7988 = ( GEOMETRIC_REPRESENTATION_CONTEXT(2) 
PARAMETRIC_REPRESENTATION_CONTEXT() REPRESENTATION_CONTEXT('2D SPACE',''
  ) );
#7989 = ORIENTED_EDGE('',*,*,#7990,.F.);
#7990 = EDGE_CURVE('',#2621,#7963,#7991,.T.);
#7991 = SURFACE_CURVE('',#7992,(#7996,#8003),.PCURVE_S1.);
#7992 = LINE('',#7993,#7994);
#7993 = CARTESIAN_POINT('',(4.166015625,-6.581787109375,0.2));
#7994 = VECTOR('',#7995,1.);
#7995 = DIRECTION('',(0.,0.,-1.));
#7996 = PCURVE('',#2635,#7997);
#7997 = DEFINITIONAL_REPRESENTATION('',(#7998),#8002);
#7998 = LINE('',#7999,#8000);
#7999 = CARTESIAN_POINT('',(0.80859375,0.));
#8000 = VECTOR('',#8001,1.);
#8001 = DIRECTION('',(0.,-1.));
#8002 = ( GEOMETRIC_REPRESENTATION_CONTEXT(2) 
PARAMETRIC_REPRESENTATION_CONTEXT() REPRESENTATION_CONTEXT('2D SPACE',''
  ) );
#8003 = PCURVE('',#2711,#8004);
#8004 = DEFINITIONAL_REPRESENTATION('',(#8005),#8009);
#8005 = LINE('',#8006,#8007);
#8006 = CARTESIAN_POINT('',(0.,0.));
#8007 = VECTOR('',#8008,1.);
#8008 = DIRECTION('',(0.,-1.));
#8009 = ( GEOMETRIC_REPRESENTATION_CONTEXT(2) 
PARAMETRIC_REPRESENTATION_CONTEXT() REPRESENTATION_CONTEXT('2D SPACE',''
  ) );
#8010 = ADVANCED_FACE('',(#8011),#2711,.T.);
#8011 = FACE_BOUND('',#8012,.T.);
#8012 = EDGE_LOOP('',(#8013,#8014,#8015,#8038));
#8013 = ORIENTED_EDGE('',*,*,#2698,.F.);
#8014 = ORIENTED_EDGE('',*,*,#7990,.T.);
#8015 = ORIENTED_EDGE('',*,*,#8016,.T.);
#8016 = EDGE_CURVE('',#7963,#8017,#8019,.T.);
#8017 = VERTEX_POINT('',#8018);
#8018 = CARTESIAN_POINT('',(4.166015625,-6.993408203125,-0.4));
#8019 = SURFACE_CURVE('',#8020,(#8024,#8031),.PCURVE_S1.);
#8020 = LINE('',#8021,#8022);
#8021 = CARTESIAN_POINT('',(4.166015625,-6.581787109375,-0.4));
#8022 = VECTOR('',#8023,1.);
#8023 = DIRECTION('',(0.,-1.,0.));
#8024 = PCURVE('',#2711,#8025);
#8025 = DEFINITIONAL_REPRESENTATION('',(#8026),#8030);
#8026 = LINE('',#8027,#8028);
#8027 = CARTESIAN_POINT('',(0.,-0.6));
#8028 = VECTOR('',#8029,1.);
#8029 = DIRECTION('',(1.,0.));
#8030 = ( GEOMETRIC_REPRESENTATION_CONTEXT(2) 
PARAMETRIC_REPRESENTATION_CONTEXT() REPRESENTATION_CONTEXT('2D SPACE',''
  ) );
#8031 = PCURVE('',#7978,#8032);
#8032 = DEFINITIONAL_REPRESENTATION('',(#8033),#8037);
#8033 = LINE('',#8034,#8035);
#8034 = CARTESIAN_POINT('',(0.16845703125,0.57275390625));
#8035 = VECTOR('',#8036,1.);
#8036 = DIRECTION('',(0.,1.));
#8037 = ( GEOMETRIC_REPRESENTATION_CONTEXT(2) 
PARAMETRIC_REPRESENTATION_CONTEXT() REPRESENTATION_CONTEXT('2D SPACE',''
  ) );
#8038 = ORIENTED_EDGE('',*,*,#8039,.F.);
#8039 = EDGE_CURVE('',#2673,#8017,#8040,.T.);
#8040 = SURFACE_CURVE('',#8041,(#8045,#8052),.PCURVE_S1.);
#8041 = LINE('',#8042,#8043);
#8042 = CARTESIAN_POINT('',(4.166015625,-6.993408203125,0.2));
#8043 = VECTOR('',#8044,1.);
#8044 = DIRECTION('',(0.,0.,-1.));
#8045 = PCURVE('',#2711,#8046);
#8046 = DEFINITIONAL_REPRESENTATION('',(#8047),#8051);
#8047 = LINE('',#8048,#8049);
#8048 = CARTESIAN_POINT('',(0.41162109375,0.));
#8049 = VECTOR('',#8050,1.);
#8050 = DIRECTION('',(0.,-1.));
#8051 = ( GEOMETRIC_REPRESENTATION_CONTEXT(2) 
PARAMETRIC_REPRESENTATION_CONTEXT() REPRESENTATION_CONTEXT('2D SPACE',''
  ) );
#8052 = PCURVE('',#2687,#8053);
#8053 = DEFINITIONAL_REPRESENTATION('',(#8054),#8058);
#8054 = LINE('',#8055,#8056);
#8055 = CARTESIAN_POINT('',(0.,0.));
#8056 = VECTOR('',#8057,1.);
#8057 = DIRECTION('',(0.,-1.));
#8058 = ( GEOMETRIC_REPRESENTATION_CONTEXT(2) 
PARAMETRIC_REPRESENTATION_CONTEXT() REPRESENTATION_CONTEXT('2D SPACE',''
  ) );
#8059 = ADVANCED_FACE('',(#8060),#2687,.T.);
#8060 = FACE_BOUND('',#8061,.T.);
#8061 = EDGE_LOOP('',(#8062,#8063,#8064,#8087));
#8062 = ORIENTED_EDGE('',*,*,#2672,.F.);
#8063 = ORIENTED_EDGE('',*,*,#8039,.T.);
#8064 = ORIENTED_EDGE('',*,*,#8065,.T.);
#8065 = EDGE_CURVE('',#8017,#8066,#8068,.T.);
#8066 = VERTEX_POINT('',#8067);
#8067 = CARTESIAN_POINT('',(4.974609375,-6.993408203125,-0.4));
#8068 = SURFACE_CURVE('',#8069,(#8073,#8080),.PCURVE_S1.);
#8069 = LINE('',#8070,#8071);
#8070 = CARTESIAN_POINT('',(4.166015625,-6.993408203125,-0.4));
#8071 = VECTOR('',#8072,1.);
#8072 = DIRECTION('',(1.,0.,0.));
#8073 = PCURVE('',#2687,#8074);
#8074 = DEFINITIONAL_REPRESENTATION('',(#8075),#8079);
#8075 = LINE('',#8076,#8077);
#8076 = CARTESIAN_POINT('',(0.,-0.6));
#8077 = VECTOR('',#8078,1.);
#8078 = DIRECTION('',(1.,0.));
#8079 = ( GEOMETRIC_REPRESENTATION_CONTEXT(2) 
PARAMETRIC_REPRESENTATION_CONTEXT() REPRESENTATION_CONTEXT('2D SPACE',''
  ) );
#8080 = PCURVE('',#7978,#8081);
#8081 = DEFINITIONAL_REPRESENTATION('',(#8082),#8086);
#8082 = LINE('',#8083,#8084);
#8083 = CARTESIAN_POINT('',(0.16845703125,0.984375));
#8084 = VECTOR('',#8085,1.);
#8085 = DIRECTION('',(1.,0.));
#8086 = ( GEOMETRIC_REPRESENTATION_CONTEXT(2) 
PARAMETRIC_REPRESENTATION_CONTEXT() REPRESENTATION_CONTEXT('2D SPACE',''
  ) );
#8087 = ORIENTED_EDGE('',*,*,#8088,.F.);
#8088 = EDGE_CURVE('',#2647,#8066,#8089,.T.);
#8089 = SURFACE_CURVE('',#8090,(#8094,#8101),.PCURVE_S1.);
#8090 = LINE('',#8091,#8092);
#8091 = CARTESIAN_POINT('',(4.974609375,-6.993408203125,0.2));
#8092 = VECTOR('',#8093,1.);
#8093 = DIRECTION('',(0.,0.,-1.));
#8094 = PCURVE('',#2687,#8095);
#8095 = DEFINITIONAL_REPRESENTATION('',(#8096),#8100);
#8096 = LINE('',#8097,#8098);
#8097 = CARTESIAN_POINT('',(0.80859375,0.));
#8098 = VECTOR('',#8099,1.);
#8099 = DIRECTION('',(0.,-1.));
#8100 = ( GEOMETRIC_REPRESENTATION_CONTEXT(2) 
PARAMETRIC_REPRESENTATION_CONTEXT() REPRESENTATION_CONTEXT('2D SPACE',''
  ) );
#8101 = PCURVE('',#2661,#8102);
#8102 = DEFINITIONAL_REPRESENTATION('',(#8103),#8107);
#8103 = LINE('',#8104,#8105);
#8104 = CARTESIAN_POINT('',(0.,0.));
#8105 = VECTOR('',#8106,1.);
#8106 = DIRECTION('',(0.,-1.));
#8107 = ( GEOMETRIC_REPRESENTATION_CONTEXT(2) 
PARAMETRIC_REPRESENTATION_CONTEXT() REPRESENTATION_CONTEXT('2D SPACE',''
  ) );
#8108 = ADVANCED_FACE('',(#8109),#2661,.T.);
#8109 = FACE_BOUND('',#8110,.T.);
#8110 = EDGE_LOOP('',(#8111,#8112,#8113,#8134));
#8111 = ORIENTED_EDGE('',*,*,#2646,.F.);
#8112 = ORIENTED_EDGE('',*,*,#8088,.T.);
#8113 = ORIENTED_EDGE('',*,*,#8114,.T.);
#8114 = EDGE_CURVE('',#8066,#7940,#8115,.T.);
#8115 = SURFACE_CURVE('',#8116,(#8120,#8127),.PCURVE_S1.);
#8116 = LINE('',#8117,#8118);
#8117 = CARTESIAN_POINT('',(4.974609375,-6.993408203125,-0.4));
#8118 = VECTOR('',#8119,1.);
#8119 = DIRECTION('',(0.,1.,0.));
#8120 = PCURVE('',#2661,#8121);
#8121 = DEFINITIONAL_REPRESENTATION('',(#8122),#8126);
#8122 = LINE('',#8123,#8124);
#8123 = CARTESIAN_POINT('',(0.,-0.6));
#8124 = VECTOR('',#8125,1.);
#8125 = DIRECTION('',(1.,0.));
#8126 = ( GEOMETRIC_REPRESENTATION_CONTEXT(2) 
PARAMETRIC_REPRESENTATION_CONTEXT() REPRESENTATION_CONTEXT('2D SPACE',''
  ) );
#8127 = PCURVE('',#7978,#8128);
#8128 = DEFINITIONAL_REPRESENTATION('',(#8129),#8133);
#8129 = LINE('',#8130,#8131);
#8130 = CARTESIAN_POINT('',(0.97705078125,0.984375));
#8131 = VECTOR('',#8132,1.);
#8132 = DIRECTION('',(0.,-1.));
#8133 = ( GEOMETRIC_REPRESENTATION_CONTEXT(2) 
PARAMETRIC_REPRESENTATION_CONTEXT() REPRESENTATION_CONTEXT('2D SPACE',''
  ) );
#8134 = ORIENTED_EDGE('',*,*,#7939,.F.);
#8135 = ADVANCED_FACE('',(#8136),#2741,.T.);
#8136 = FACE_BOUND('',#8137,.T.);
#8137 = EDGE_LOOP('',(#8138,#8139,#8162,#8190));
#8138 = ORIENTED_EDGE('',*,*,#2724,.F.);
#8139 = ORIENTED_EDGE('',*,*,#8140,.T.);
#8140 = EDGE_CURVE('',#2725,#8141,#8143,.T.);
#8141 = VERTEX_POINT('',#8142);
#8142 = CARTESIAN_POINT('',(6.77783203125,-6.578857421875,-0.4));
#8143 = SURFACE_CURVE('',#8144,(#8148,#8155),.PCURVE_S1.);
#8144 = LINE('',#8145,#8146);
#8145 = CARTESIAN_POINT('',(6.77783203125,-6.578857421875,0.2));
#8146 = VECTOR('',#8147,1.);
#8147 = DIRECTION('',(0.,0.,-1.));
#8148 = PCURVE('',#2741,#8149);
#8149 = DEFINITIONAL_REPRESENTATION('',(#8150),#8154);
#8150 = LINE('',#8151,#8152);
#8151 = CARTESIAN_POINT('',(0.,0.));
#8152 = VECTOR('',#8153,1.);
#8153 = DIRECTION('',(0.,-1.));
#8154 = ( GEOMETRIC_REPRESENTATION_CONTEXT(2) 
PARAMETRIC_REPRESENTATION_CONTEXT() REPRESENTATION_CONTEXT('2D SPACE',''
  ) );
#8155 = PCURVE('',#2782,#8156);
#8156 = DEFINITIONAL_REPRESENTATION('',(#8157),#8161);
#8157 = LINE('',#8158,#8159);
#8158 = CARTESIAN_POINT('',(1.,0.));
#8159 = VECTOR('',#8160,1.);
#8160 = DIRECTION('',(0.,-1.));
#8161 = ( GEOMETRIC_REPRESENTATION_CONTEXT(2) 
PARAMETRIC_REPRESENTATION_CONTEXT() REPRESENTATION_CONTEXT('2D SPACE',''
  ) );
#8162 = ORIENTED_EDGE('',*,*,#8163,.T.);
#8163 = EDGE_CURVE('',#8141,#8164,#8166,.T.);
#8164 = VERTEX_POINT('',#8165);
#8165 = CARTESIAN_POINT('',(7.17626953125,-6.627197265625,-0.4));
#8166 = SURFACE_CURVE('',#8167,(#8171,#8178),.PCURVE_S1.);
#8167 = LINE('',#8168,#8169);
#8168 = CARTESIAN_POINT('',(6.77783203125,-6.578857421875,-0.4));
#8169 = VECTOR('',#8170,1.);
#8170 = DIRECTION('',(0.992720564438,-0.120440362597,0.));
#8171 = PCURVE('',#2741,#8172);
#8172 = DEFINITIONAL_REPRESENTATION('',(#8173),#8177);
#8173 = LINE('',#8174,#8175);
#8174 = CARTESIAN_POINT('',(0.,-0.6));
#8175 = VECTOR('',#8176,1.);
#8176 = DIRECTION('',(1.,0.));
#8177 = ( GEOMETRIC_REPRESENTATION_CONTEXT(2) 
PARAMETRIC_REPRESENTATION_CONTEXT() REPRESENTATION_CONTEXT('2D SPACE',''
  ) );
#8178 = PCURVE('',#8179,#8184);
#8179 = PLANE('',#8180);
#8180 = AXIS2_PLACEMENT_3D('',#8181,#8182,#8183);
#8181 = CARTESIAN_POINT('',(6.6650390625,-6.009033203125,-0.4));
#8182 = DIRECTION('',(0.,0.,-1.));
#8183 = DIRECTION('',(1.,0.,0.));
#8184 = DEFINITIONAL_REPRESENTATION('',(#8185),#8189);
#8185 = LINE('',#8186,#8187);
#8186 = CARTESIAN_POINT('',(0.11279296875,0.56982421875));
#8187 = VECTOR('',#8188,1.);
#8188 = DIRECTION('',(0.992720564438,0.120440362597));
#8189 = ( GEOMETRIC_REPRESENTATION_CONTEXT(2) 
PARAMETRIC_REPRESENTATION_CONTEXT() REPRESENTATION_CONTEXT('2D SPACE',''
  ) );
#8190 = ORIENTED_EDGE('',*,*,#8191,.F.);
#8191 = EDGE_CURVE('',#2727,#8164,#8192,.T.);
#8192 = SURFACE_CURVE('',#8193,(#8197,#8204),.PCURVE_S1.);
#8193 = LINE('',#8194,#8195);
#8194 = CARTESIAN_POINT('',(7.17626953125,-6.627197265625,0.2));
#8195 = VECTOR('',#8196,1.);
#8196 = DIRECTION('',(0.,0.,-1.));
#8197 = PCURVE('',#2741,#8198);
#8198 = DEFINITIONAL_REPRESENTATION('',(#8199),#8203);
#8199 = LINE('',#8200,#8201);
#8200 = CARTESIAN_POINT('',(0.401359168202,0.));
#8201 = VECTOR('',#8202,1.);
#8202 = DIRECTION('',(0.,-1.));
#8203 = ( GEOMETRIC_REPRESENTATION_CONTEXT(2) 
PARAMETRIC_REPRESENTATION_CONTEXT() REPRESENTATION_CONTEXT('2D SPACE',''
  ) );
#8204 = PCURVE('',#3925,#8205);
#8205 = DEFINITIONAL_REPRESENTATION('',(#8206),#8210);
#8206 = LINE('',#8207,#8208);
#8207 = CARTESIAN_POINT('',(0.,0.));
#8208 = VECTOR('',#8209,1.);
#8209 = DIRECTION('',(0.,-1.));
#8210 = ( GEOMETRIC_REPRESENTATION_CONTEXT(2) 
PARAMETRIC_REPRESENTATION_CONTEXT() REPRESENTATION_CONTEXT('2D SPACE',''
  ) );
#8211 = ADVANCED_FACE('',(#8212),#3925,.T.);
#8212 = FACE_BOUND('',#8213,.T.);
#8213 = EDGE_LOOP('',(#8214,#8215,#8216,#8239));
#8214 = ORIENTED_EDGE('',*,*,#3905,.T.);
#8215 = ORIENTED_EDGE('',*,*,#8191,.T.);
#8216 = ORIENTED_EDGE('',*,*,#8217,.T.);
#8217 = EDGE_CURVE('',#8164,#8218,#8220,.T.);
#8218 = VERTEX_POINT('',#8219);
#8219 = CARTESIAN_POINT('',(7.27880859375,-6.394287109375,-0.4));
#8220 = SURFACE_CURVE('',#8221,(#8225,#8232),.PCURVE_S1.);
#8221 = B_SPLINE_CURVE_WITH_KNOTS('',2,(#8222,#8223,#8224),
  .UNSPECIFIED.,.F.,.F.,(3,3),(0.,1.),.PIECEWISE_BEZIER_KNOTS.);
#8222 = CARTESIAN_POINT('',(7.17626953125,-6.627197265625,-0.4));
#8223 = CARTESIAN_POINT('',(7.1953125,-6.474853515625,-0.4));
#8224 = CARTESIAN_POINT('',(7.27880859375,-6.394287109375,-0.4));
#8225 = PCURVE('',#3925,#8226);
#8226 = DEFINITIONAL_REPRESENTATION('',(#8227),#8231);
#8227 = LINE('',#8228,#8229);
#8228 = CARTESIAN_POINT('',(0.,-0.6));
#8229 = VECTOR('',#8230,1.);
#8230 = DIRECTION('',(1.,0.));
#8231 = ( GEOMETRIC_REPRESENTATION_CONTEXT(2) 
PARAMETRIC_REPRESENTATION_CONTEXT() REPRESENTATION_CONTEXT('2D SPACE',''
  ) );
#8232 = PCURVE('',#8179,#8233);
#8233 = DEFINITIONAL_REPRESENTATION('',(#8234),#8238);
#8234 = B_SPLINE_CURVE_WITH_KNOTS('',2,(#8235,#8236,#8237),
  .UNSPECIFIED.,.F.,.F.,(3,3),(0.,1.),.PIECEWISE_BEZIER_KNOTS.);
#8235 = CARTESIAN_POINT('',(0.51123046875,0.6181640625));
#8236 = CARTESIAN_POINT('',(0.5302734375,0.4658203125));
#8237 = CARTESIAN_POINT('',(0.61376953125,0.38525390625));
#8238 = ( GEOMETRIC_REPRESENTATION_CONTEXT(2) 
PARAMETRIC_REPRESENTATION_CONTEXT() REPRESENTATION_CONTEXT('2D SPACE',''
  ) );
#8239 = ORIENTED_EDGE('',*,*,#8240,.F.);
#8240 = EDGE_CURVE('',#3861,#8218,#8241,.T.);
#8241 = SURFACE_CURVE('',#8242,(#8246,#8253),.PCURVE_S1.);
#8242 = LINE('',#8243,#8244);
#8243 = CARTESIAN_POINT('',(7.27880859375,-6.394287109375,0.2));
#8244 = VECTOR('',#8245,1.);
#8245 = DIRECTION('',(0.,0.,-1.));
#8246 = PCURVE('',#3925,#8247);
#8247 = DEFINITIONAL_REPRESENTATION('',(#8248),#8252);
#8248 = LINE('',#8249,#8250);
#8249 = CARTESIAN_POINT('',(1.,0.));
#8250 = VECTOR('',#8251,1.);
#8251 = DIRECTION('',(0.,-1.));
#8252 = ( GEOMETRIC_REPRESENTATION_CONTEXT(2) 
PARAMETRIC_REPRESENTATION_CONTEXT() REPRESENTATION_CONTEXT('2D SPACE',''
  ) );
#8253 = PCURVE('',#3886,#8254);
#8254 = DEFINITIONAL_REPRESENTATION('',(#8255),#8259);
#8255 = LINE('',#8256,#8257);
#8256 = CARTESIAN_POINT('',(0.,0.));
#8257 = VECTOR('',#8258,1.);
#8258 = DIRECTION('',(0.,-1.));
#8259 = ( GEOMETRIC_REPRESENTATION_CONTEXT(2) 
PARAMETRIC_REPRESENTATION_CONTEXT() REPRESENTATION_CONTEXT('2D SPACE',''
  ) );
#8260 = ADVANCED_FACE('',(#8261),#3886,.T.);
#8261 = FACE_BOUND('',#8262,.T.);
#8262 = EDGE_LOOP('',(#8263,#8264,#8265,#8288));
#8263 = ORIENTED_EDGE('',*,*,#3860,.T.);
#8264 = ORIENTED_EDGE('',*,*,#8240,.T.);
#8265 = ORIENTED_EDGE('',*,*,#8266,.T.);
#8266 = EDGE_CURVE('',#8218,#8267,#8269,.T.);
#8267 = VERTEX_POINT('',#8268);
#8268 = CARTESIAN_POINT('',(7.48095703125,-6.313720703125,-0.4));
#8269 = SURFACE_CURVE('',#8270,(#8274,#8281),.PCURVE_S1.);
#8270 = B_SPLINE_CURVE_WITH_KNOTS('',2,(#8271,#8272,#8273),
  .UNSPECIFIED.,.F.,.F.,(3,3),(0.,1.),.PIECEWISE_BEZIER_KNOTS.);
#8271 = CARTESIAN_POINT('',(7.27880859375,-6.394287109375,-0.4));
#8272 = CARTESIAN_POINT('',(7.3623046875,-6.313720703125,-0.4));
#8273 = CARTESIAN_POINT('',(7.48095703125,-6.313720703125,-0.4));
#8274 = PCURVE('',#3886,#8275);
#8275 = DEFINITIONAL_REPRESENTATION('',(#8276),#8280);
#8276 = LINE('',#8277,#8278);
#8277 = CARTESIAN_POINT('',(0.,-0.6));
#8278 = VECTOR('',#8279,1.);
#8279 = DIRECTION('',(1.,0.));
#8280 = ( GEOMETRIC_REPRESENTATION_CONTEXT(2) 
PARAMETRIC_REPRESENTATION_CONTEXT() REPRESENTATION_CONTEXT('2D SPACE',''
  ) );
#8281 = PCURVE('',#8179,#8282);
#8282 = DEFINITIONAL_REPRESENTATION('',(#8283),#8287);
#8283 = B_SPLINE_CURVE_WITH_KNOTS('',2,(#8284,#8285,#8286),
  .UNSPECIFIED.,.F.,.F.,(3,3),(0.,1.),.PIECEWISE_BEZIER_KNOTS.);
#8284 = CARTESIAN_POINT('',(0.61376953125,0.38525390625));
#8285 = CARTESIAN_POINT('',(0.697265625,0.3046875));
#8286 = CARTESIAN_POINT('',(0.81591796875,0.3046875));
#8287 = ( GEOMETRIC_REPRESENTATION_CONTEXT(2) 
PARAMETRIC_REPRESENTATION_CONTEXT() REPRESENTATION_CONTEXT('2D SPACE',''
  ) );
#8288 = ORIENTED_EDGE('',*,*,#8289,.F.);
#8289 = EDGE_CURVE('',#3816,#8267,#8290,.T.);
#8290 = SURFACE_CURVE('',#8291,(#8295,#8302),.PCURVE_S1.);
#8291 = LINE('',#8292,#8293);
#8292 = CARTESIAN_POINT('',(7.48095703125,-6.313720703125,0.2));
#8293 = VECTOR('',#8294,1.);
#8294 = DIRECTION('',(0.,0.,-1.));
#8295 = PCURVE('',#3886,#8296);
#8296 = DEFINITIONAL_REPRESENTATION('',(#8297),#8301);
#8297 = LINE('',#8298,#8299);
#8298 = CARTESIAN_POINT('',(1.,0.));
#8299 = VECTOR('',#8300,1.);
#8300 = DIRECTION('',(0.,-1.));
#8301 = ( GEOMETRIC_REPRESENTATION_CONTEXT(2) 
PARAMETRIC_REPRESENTATION_CONTEXT() REPRESENTATION_CONTEXT('2D SPACE',''
  ) );
#8302 = PCURVE('',#3841,#8303);
#8303 = DEFINITIONAL_REPRESENTATION('',(#8304),#8308);
#8304 = LINE('',#8305,#8306);
#8305 = CARTESIAN_POINT('',(0.,0.));
#8306 = VECTOR('',#8307,1.);
#8307 = DIRECTION('',(0.,-1.));
#8308 = ( GEOMETRIC_REPRESENTATION_CONTEXT(2) 
PARAMETRIC_REPRESENTATION_CONTEXT() REPRESENTATION_CONTEXT('2D SPACE',''
  ) );
#8309 = ADVANCED_FACE('',(#8310),#3841,.T.);
#8310 = FACE_BOUND('',#8311,.T.);
#8311 = EDGE_LOOP('',(#8312,#8313,#8314,#8337));
#8312 = ORIENTED_EDGE('',*,*,#3815,.T.);
#8313 = ORIENTED_EDGE('',*,*,#8289,.T.);
#8314 = ORIENTED_EDGE('',*,*,#8315,.T.);
#8315 = EDGE_CURVE('',#8267,#8316,#8318,.T.);
#8316 = VERTEX_POINT('',#8317);
#8317 = CARTESIAN_POINT('',(7.695556640625,-6.410400390625,-0.4));
#8318 = SURFACE_CURVE('',#8319,(#8323,#8330),.PCURVE_S1.);
#8319 = B_SPLINE_CURVE_WITH_KNOTS('',2,(#8320,#8321,#8322),
  .UNSPECIFIED.,.F.,.F.,(3,3),(0.,1.),.PIECEWISE_BEZIER_KNOTS.);
#8320 = CARTESIAN_POINT('',(7.48095703125,-6.313720703125,-0.4));
#8321 = CARTESIAN_POINT('',(7.6083984375,-6.313720703125,-0.4));
#8322 = CARTESIAN_POINT('',(7.695556640625,-6.410400390625,-0.4));
#8323 = PCURVE('',#3841,#8324);
#8324 = DEFINITIONAL_REPRESENTATION('',(#8325),#8329);
#8325 = LINE('',#8326,#8327);
#8326 = CARTESIAN_POINT('',(0.,-0.6));
#8327 = VECTOR('',#8328,1.);
#8328 = DIRECTION('',(1.,0.));
#8329 = ( GEOMETRIC_REPRESENTATION_CONTEXT(2) 
PARAMETRIC_REPRESENTATION_CONTEXT() REPRESENTATION_CONTEXT('2D SPACE',''
  ) );
#8330 = PCURVE('',#8179,#8331);
#8331 = DEFINITIONAL_REPRESENTATION('',(#8332),#8336);
#8332 = B_SPLINE_CURVE_WITH_KNOTS('',2,(#8333,#8334,#8335),
  .UNSPECIFIED.,.F.,.F.,(3,3),(0.,1.),.PIECEWISE_BEZIER_KNOTS.);
#8333 = CARTESIAN_POINT('',(0.81591796875,0.3046875));
#8334 = CARTESIAN_POINT('',(0.943359375,0.3046875));
#8335 = CARTESIAN_POINT('',(1.030517578125,0.4013671875));
#8336 = ( GEOMETRIC_REPRESENTATION_CONTEXT(2) 
PARAMETRIC_REPRESENTATION_CONTEXT() REPRESENTATION_CONTEXT('2D SPACE',''
  ) );
#8337 = ORIENTED_EDGE('',*,*,#8338,.F.);
#8338 = EDGE_CURVE('',#3777,#8316,#8339,.T.);
#8339 = SURFACE_CURVE('',#8340,(#8344,#8351),.PCURVE_S1.);
#8340 = LINE('',#8341,#8342);
#8341 = CARTESIAN_POINT('',(7.695556640625,-6.410400390625,0.2));
#8342 = VECTOR('',#8343,1.);
#8343 = DIRECTION('',(0.,0.,-1.));
#8344 = PCURVE('',#3841,#8345);
#8345 = DEFINITIONAL_REPRESENTATION('',(#8346),#8350);
#8346 = LINE('',#8347,#8348);
#8347 = CARTESIAN_POINT('',(1.,0.));
#8348 = VECTOR('',#8349,1.);
#8349 = DIRECTION('',(0.,-1.));
#8350 = ( GEOMETRIC_REPRESENTATION_CONTEXT(2) 
PARAMETRIC_REPRESENTATION_CONTEXT() REPRESENTATION_CONTEXT('2D SPACE',''
  ) );
#8351 = PCURVE('',#3798,#8352);
#8352 = DEFINITIONAL_REPRESENTATION('',(#8353),#8357);
#8353 = LINE('',#8354,#8355);
#8354 = CARTESIAN_POINT('',(0.,0.));
#8355 = VECTOR('',#8356,1.);
#8356 = DIRECTION('',(0.,-1.));
#8357 = ( GEOMETRIC_REPRESENTATION_CONTEXT(2) 
PARAMETRIC_REPRESENTATION_CONTEXT() REPRESENTATION_CONTEXT('2D SPACE',''
  ) );
#8358 = ADVANCED_FACE('',(#8359),#3798,.T.);
#8359 = FACE_BOUND('',#8360,.T.);
#8360 = EDGE_LOOP('',(#8361,#8362,#8363,#8386));
#8361 = ORIENTED_EDGE('',*,*,#3776,.T.);
#8362 = ORIENTED_EDGE('',*,*,#8338,.T.);
#8363 = ORIENTED_EDGE('',*,*,#8364,.T.);
#8364 = EDGE_CURVE('',#8316,#8365,#8367,.T.);
#8365 = VERTEX_POINT('',#8366);
#8366 = CARTESIAN_POINT('',(7.78271484375,-6.671142578125,-0.4));
#8367 = SURFACE_CURVE('',#8368,(#8372,#8379),.PCURVE_S1.);
#8368 = B_SPLINE_CURVE_WITH_KNOTS('',2,(#8369,#8370,#8371),
  .UNSPECIFIED.,.F.,.F.,(3,3),(0.,1.),.PIECEWISE_BEZIER_KNOTS.);
#8369 = CARTESIAN_POINT('',(7.695556640625,-6.410400390625,-0.4));
#8370 = CARTESIAN_POINT('',(7.78271484375,-6.507080078125,-0.4));
#8371 = CARTESIAN_POINT('',(7.78271484375,-6.671142578125,-0.4));
#8372 = PCURVE('',#3798,#8373);
#8373 = DEFINITIONAL_REPRESENTATION('',(#8374),#8378);
#8374 = LINE('',#8375,#8376);
#8375 = CARTESIAN_POINT('',(0.,-0.6));
#8376 = VECTOR('',#8377,1.);
#8377 = DIRECTION('',(1.,0.));
#8378 = ( GEOMETRIC_REPRESENTATION_CONTEXT(2) 
PARAMETRIC_REPRESENTATION_CONTEXT() REPRESENTATION_CONTEXT('2D SPACE',''
  ) );
#8379 = PCURVE('',#8179,#8380);
#8380 = DEFINITIONAL_REPRESENTATION('',(#8381),#8385);
#8381 = B_SPLINE_CURVE_WITH_KNOTS('',2,(#8382,#8383,#8384),
  .UNSPECIFIED.,.F.,.F.,(3,3),(0.,1.),.PIECEWISE_BEZIER_KNOTS.);
#8382 = CARTESIAN_POINT('',(1.030517578125,0.4013671875));
#8383 = CARTESIAN_POINT('',(1.11767578125,0.498046875));
#8384 = CARTESIAN_POINT('',(1.11767578125,0.662109375));
#8385 = ( GEOMETRIC_REPRESENTATION_CONTEXT(2) 
PARAMETRIC_REPRESENTATION_CONTEXT() REPRESENTATION_CONTEXT('2D SPACE',''
  ) );
#8386 = ORIENTED_EDGE('',*,*,#8387,.F.);
#8387 = EDGE_CURVE('',#3726,#8365,#8388,.T.);
#8388 = SURFACE_CURVE('',#8389,(#8393,#8400),.PCURVE_S1.);
#8389 = LINE('',#8390,#8391);
#8390 = CARTESIAN_POINT('',(7.78271484375,-6.671142578125,0.2));
#8391 = VECTOR('',#8392,1.);
#8392 = DIRECTION('',(0.,0.,-1.));
#8393 = PCURVE('',#3798,#8394);
#8394 = DEFINITIONAL_REPRESENTATION('',(#8395),#8399);
#8395 = LINE('',#8396,#8397);
#8396 = CARTESIAN_POINT('',(1.,0.));
#8397 = VECTOR('',#8398,1.);
#8398 = DIRECTION('',(0.,-1.));
#8399 = ( GEOMETRIC_REPRESENTATION_CONTEXT(2) 
PARAMETRIC_REPRESENTATION_CONTEXT() REPRESENTATION_CONTEXT('2D SPACE',''
  ) );
#8400 = PCURVE('',#3755,#8401);
#8401 = DEFINITIONAL_REPRESENTATION('',(#8402),#8406);
#8402 = LINE('',#8403,#8404);
#8403 = CARTESIAN_POINT('',(0.,0.));
#8404 = VECTOR('',#8405,1.);
#8405 = DIRECTION('',(0.,-1.));
#8406 = ( GEOMETRIC_REPRESENTATION_CONTEXT(2) 
PARAMETRIC_REPRESENTATION_CONTEXT() REPRESENTATION_CONTEXT('2D SPACE',''
  ) );
#8407 = ADVANCED_FACE('',(#8408),#3755,.T.);
#8408 = FACE_BOUND('',#8409,.T.);
#8409 = EDGE_LOOP('',(#8410,#8411,#8412,#8435));
#8410 = ORIENTED_EDGE('',*,*,#3725,.T.);
#8411 = ORIENTED_EDGE('',*,*,#8387,.T.);
#8412 = ORIENTED_EDGE('',*,*,#8413,.T.);
#8413 = EDGE_CURVE('',#8365,#8414,#8416,.T.);
#8414 = VERTEX_POINT('',#8415);
#8415 = CARTESIAN_POINT('',(7.69921875,-6.917236328125,-0.4));
#8416 = SURFACE_CURVE('',#8417,(#8421,#8428),.PCURVE_S1.);
#8417 = B_SPLINE_CURVE_WITH_KNOTS('',2,(#8418,#8419,#8420),
  .UNSPECIFIED.,.F.,.F.,(3,3),(0.,1.),.PIECEWISE_BEZIER_KNOTS.);
#8418 = CARTESIAN_POINT('',(7.78271484375,-6.671142578125,-0.4));
#8419 = CARTESIAN_POINT('',(7.78271484375,-6.826416015625,-0.4));
#8420 = CARTESIAN_POINT('',(7.69921875,-6.917236328125,-0.4));
#8421 = PCURVE('',#3755,#8422);
#8422 = DEFINITIONAL_REPRESENTATION('',(#8423),#8427);
#8423 = LINE('',#8424,#8425);
#8424 = CARTESIAN_POINT('',(0.,-0.6));
#8425 = VECTOR('',#8426,1.);
#8426 = DIRECTION('',(1.,0.));
#8427 = ( GEOMETRIC_REPRESENTATION_CONTEXT(2) 
PARAMETRIC_REPRESENTATION_CONTEXT() REPRESENTATION_CONTEXT('2D SPACE',''
  ) );
#8428 = PCURVE('',#8179,#8429);
#8429 = DEFINITIONAL_REPRESENTATION('',(#8430),#8434);
#8430 = B_SPLINE_CURVE_WITH_KNOTS('',2,(#8431,#8432,#8433),
  .UNSPECIFIED.,.F.,.F.,(3,3),(0.,1.),.PIECEWISE_BEZIER_KNOTS.);
#8431 = CARTESIAN_POINT('',(1.11767578125,0.662109375));
#8432 = CARTESIAN_POINT('',(1.11767578125,0.8173828125));
#8433 = CARTESIAN_POINT('',(1.0341796875,0.908203125));
#8434 = ( GEOMETRIC_REPRESENTATION_CONTEXT(2) 
PARAMETRIC_REPRESENTATION_CONTEXT() REPRESENTATION_CONTEXT('2D SPACE',''
  ) );
#8435 = ORIENTED_EDGE('',*,*,#8436,.F.);
#8436 = EDGE_CURVE('',#3681,#8414,#8437,.T.);
#8437 = SURFACE_CURVE('',#8438,(#8442,#8449),.PCURVE_S1.);
#8438 = LINE('',#8439,#8440);
#8439 = CARTESIAN_POINT('',(7.69921875,-6.917236328125,0.2));
#8440 = VECTOR('',#8441,1.);
#8441 = DIRECTION('',(0.,0.,-1.));
#8442 = PCURVE('',#3755,#8443);
#8443 = DEFINITIONAL_REPRESENTATION('',(#8444),#8448);
#8444 = LINE('',#8445,#8446);
#8445 = CARTESIAN_POINT('',(1.,0.));
#8446 = VECTOR('',#8447,1.);
#8447 = DIRECTION('',(0.,-1.));
#8448 = ( GEOMETRIC_REPRESENTATION_CONTEXT(2) 
PARAMETRIC_REPRESENTATION_CONTEXT() REPRESENTATION_CONTEXT('2D SPACE',''
  ) );
#8449 = PCURVE('',#3706,#8450);
#8450 = DEFINITIONAL_REPRESENTATION('',(#8451),#8455);
#8451 = LINE('',#8452,#8453);
#8452 = CARTESIAN_POINT('',(0.,0.));
#8453 = VECTOR('',#8454,1.);
#8454 = DIRECTION('',(0.,-1.));
#8455 = ( GEOMETRIC_REPRESENTATION_CONTEXT(2) 
PARAMETRIC_REPRESENTATION_CONTEXT() REPRESENTATION_CONTEXT('2D SPACE',''
  ) );
#8456 = ADVANCED_FACE('',(#8457),#3706,.T.);
#8457 = FACE_BOUND('',#8458,.T.);
#8458 = EDGE_LOOP('',(#8459,#8460,#8461,#8484));
#8459 = ORIENTED_EDGE('',*,*,#3680,.T.);
#8460 = ORIENTED_EDGE('',*,*,#8436,.T.);
#8461 = ORIENTED_EDGE('',*,*,#8462,.T.);
#8462 = EDGE_CURVE('',#8414,#8463,#8465,.T.);
#8463 = VERTEX_POINT('',#8464);
#8464 = CARTESIAN_POINT('',(7.49560546875,-7.008056640625,-0.4));
#8465 = SURFACE_CURVE('',#8466,(#8470,#8477),.PCURVE_S1.);
#8466 = B_SPLINE_CURVE_WITH_KNOTS('',2,(#8467,#8468,#8469),
  .UNSPECIFIED.,.F.,.F.,(3,3),(0.,1.),.PIECEWISE_BEZIER_KNOTS.);
#8467 = CARTESIAN_POINT('',(7.69921875,-6.917236328125,-0.4));
#8468 = CARTESIAN_POINT('',(7.61572265625,-7.008056640625,-0.4));
#8469 = CARTESIAN_POINT('',(7.49560546875,-7.008056640625,-0.4));
#8470 = PCURVE('',#3706,#8471);
#8471 = DEFINITIONAL_REPRESENTATION('',(#8472),#8476);
#8472 = LINE('',#8473,#8474);
#8473 = CARTESIAN_POINT('',(0.,-0.6));
#8474 = VECTOR('',#8475,1.);
#8475 = DIRECTION('',(1.,0.));
#8476 = ( GEOMETRIC_REPRESENTATION_CONTEXT(2) 
PARAMETRIC_REPRESENTATION_CONTEXT() REPRESENTATION_CONTEXT('2D SPACE',''
  ) );
#8477 = PCURVE('',#8179,#8478);
#8478 = DEFINITIONAL_REPRESENTATION('',(#8479),#8483);
#8479 = B_SPLINE_CURVE_WITH_KNOTS('',2,(#8480,#8481,#8482),
  .UNSPECIFIED.,.F.,.F.,(3,3),(0.,1.),.PIECEWISE_BEZIER_KNOTS.);
#8480 = CARTESIAN_POINT('',(1.0341796875,0.908203125));
#8481 = CARTESIAN_POINT('',(0.95068359375,0.9990234375));
#8482 = CARTESIAN_POINT('',(0.83056640625,0.9990234375));
#8483 = ( GEOMETRIC_REPRESENTATION_CONTEXT(2) 
PARAMETRIC_REPRESENTATION_CONTEXT() REPRESENTATION_CONTEXT('2D SPACE',''
  ) );
#8484 = ORIENTED_EDGE('',*,*,#8485,.F.);
#8485 = EDGE_CURVE('',#3645,#8463,#8486,.T.);
#8486 = SURFACE_CURVE('',#8487,(#8491,#8498),.PCURVE_S1.);
#8487 = LINE('',#8488,#8489);
#8488 = CARTESIAN_POINT('',(7.49560546875,-7.008056640625,0.2));
#8489 = VECTOR('',#8490,1.);
#8490 = DIRECTION('',(0.,0.,-1.));
#8491 = PCURVE('',#3706,#8492);
#8492 = DEFINITIONAL_REPRESENTATION('',(#8493),#8497);
#8493 = LINE('',#8494,#8495);
#8494 = CARTESIAN_POINT('',(1.,0.));
#8495 = VECTOR('',#8496,1.);
#8496 = DIRECTION('',(0.,-1.));
#8497 = ( GEOMETRIC_REPRESENTATION_CONTEXT(2) 
PARAMETRIC_REPRESENTATION_CONTEXT() REPRESENTATION_CONTEXT('2D SPACE',''
  ) );
#8498 = PCURVE('',#3664,#8499);
#8499 = DEFINITIONAL_REPRESENTATION('',(#8500),#8504);
#8500 = LINE('',#8501,#8502);
#8501 = CARTESIAN_POINT('',(0.,0.));
#8502 = VECTOR('',#8503,1.);
#8503 = DIRECTION('',(0.,-1.));
#8504 = ( GEOMETRIC_REPRESENTATION_CONTEXT(2) 
PARAMETRIC_REPRESENTATION_CONTEXT() REPRESENTATION_CONTEXT('2D SPACE',''
  ) );
#8505 = ADVANCED_FACE('',(#8506),#3664,.T.);
#8506 = FACE_BOUND('',#8507,.T.);
#8507 = EDGE_LOOP('',(#8508,#8509,#8510,#8533));
#8508 = ORIENTED_EDGE('',*,*,#3644,.T.);
#8509 = ORIENTED_EDGE('',*,*,#8485,.T.);
#8510 = ORIENTED_EDGE('',*,*,#8511,.T.);
#8511 = EDGE_CURVE('',#8463,#8512,#8514,.T.);
#8512 = VERTEX_POINT('',#8513);
#8513 = CARTESIAN_POINT('',(7.306640625,-6.977294921875,-0.4));
#8514 = SURFACE_CURVE('',#8515,(#8519,#8526),.PCURVE_S1.);
#8515 = B_SPLINE_CURVE_WITH_KNOTS('',2,(#8516,#8517,#8518),
  .UNSPECIFIED.,.F.,.F.,(3,3),(0.,1.),.PIECEWISE_BEZIER_KNOTS.);
#8516 = CARTESIAN_POINT('',(7.49560546875,-7.008056640625,-0.4));
#8517 = CARTESIAN_POINT('',(7.41650390625,-7.008056640625,-0.4));
#8518 = CARTESIAN_POINT('',(7.306640625,-6.977294921875,-0.4));
#8519 = PCURVE('',#3664,#8520);
#8520 = DEFINITIONAL_REPRESENTATION('',(#8521),#8525);
#8521 = LINE('',#8522,#8523);
#8522 = CARTESIAN_POINT('',(0.,-0.6));
#8523 = VECTOR('',#8524,1.);
#8524 = DIRECTION('',(1.,0.));
#8525 = ( GEOMETRIC_REPRESENTATION_CONTEXT(2) 
PARAMETRIC_REPRESENTATION_CONTEXT() REPRESENTATION_CONTEXT('2D SPACE',''
  ) );
#8526 = PCURVE('',#8179,#8527);
#8527 = DEFINITIONAL_REPRESENTATION('',(#8528),#8532);
#8528 = B_SPLINE_CURVE_WITH_KNOTS('',2,(#8529,#8530,#8531),
  .UNSPECIFIED.,.F.,.F.,(3,3),(0.,1.),.PIECEWISE_BEZIER_KNOTS.);
#8529 = CARTESIAN_POINT('',(0.83056640625,0.9990234375));
#8530 = CARTESIAN_POINT('',(0.75146484375,0.9990234375));
#8531 = CARTESIAN_POINT('',(0.6416015625,0.96826171875));
#8532 = ( GEOMETRIC_REPRESENTATION_CONTEXT(2) 
PARAMETRIC_REPRESENTATION_CONTEXT() REPRESENTATION_CONTEXT('2D SPACE',''
  ) );
#8533 = ORIENTED_EDGE('',*,*,#8534,.F.);
#8534 = EDGE_CURVE('',#3619,#8512,#8535,.T.);
#8535 = SURFACE_CURVE('',#8536,(#8540,#8547),.PCURVE_S1.);
#8536 = LINE('',#8537,#8538);
#8537 = CARTESIAN_POINT('',(7.306640625,-6.977294921875,0.2));
#8538 = VECTOR('',#8539,1.);
#8539 = DIRECTION('',(0.,0.,-1.));
#8540 = PCURVE('',#3664,#8541);
#8541 = DEFINITIONAL_REPRESENTATION('',(#8542),#8546);
#8542 = LINE('',#8543,#8544);
#8543 = CARTESIAN_POINT('',(1.,0.));
#8544 = VECTOR('',#8545,1.);
#8545 = DIRECTION('',(0.,-1.));
#8546 = ( GEOMETRIC_REPRESENTATION_CONTEXT(2) 
PARAMETRIC_REPRESENTATION_CONTEXT() REPRESENTATION_CONTEXT('2D SPACE',''
  ) );
#8547 = PCURVE('',#3633,#8548);
#8548 = DEFINITIONAL_REPRESENTATION('',(#8549),#8553);
#8549 = LINE('',#8550,#8551);
#8550 = CARTESIAN_POINT('',(0.,0.));
#8551 = VECTOR('',#8552,1.);
#8552 = DIRECTION('',(0.,-1.));
#8553 = ( GEOMETRIC_REPRESENTATION_CONTEXT(2) 
PARAMETRIC_REPRESENTATION_CONTEXT() REPRESENTATION_CONTEXT('2D SPACE',''
  ) );
#8554 = ADVANCED_FACE('',(#8555),#3633,.T.);
#8555 = FACE_BOUND('',#8556,.T.);
#8556 = EDGE_LOOP('',(#8557,#8558,#8559,#8582));
#8557 = ORIENTED_EDGE('',*,*,#3618,.F.);
#8558 = ORIENTED_EDGE('',*,*,#8534,.T.);
#8559 = ORIENTED_EDGE('',*,*,#8560,.T.);
#8560 = EDGE_CURVE('',#8512,#8561,#8563,.T.);
#8561 = VERTEX_POINT('',#8562);
#8562 = CARTESIAN_POINT('',(7.35205078125,-7.312744140625,-0.4));
#8563 = SURFACE_CURVE('',#8564,(#8568,#8575),.PCURVE_S1.);
#8564 = LINE('',#8565,#8566);
#8565 = CARTESIAN_POINT('',(7.306640625,-6.977294921875,-0.4));
#8566 = VECTOR('',#8567,1.);
#8567 = DIRECTION('',(0.134147607842,-0.990961361159,0.));
#8568 = PCURVE('',#3633,#8569);
#8569 = DEFINITIONAL_REPRESENTATION('',(#8570),#8574);
#8570 = LINE('',#8571,#8572);
#8571 = CARTESIAN_POINT('',(0.,-0.6));
#8572 = VECTOR('',#8573,1.);
#8573 = DIRECTION('',(1.,0.));
#8574 = ( GEOMETRIC_REPRESENTATION_CONTEXT(2) 
PARAMETRIC_REPRESENTATION_CONTEXT() REPRESENTATION_CONTEXT('2D SPACE',''
  ) );
#8575 = PCURVE('',#8179,#8576);
#8576 = DEFINITIONAL_REPRESENTATION('',(#8577),#8581);
#8577 = LINE('',#8578,#8579);
#8578 = CARTESIAN_POINT('',(0.6416015625,0.96826171875));
#8579 = VECTOR('',#8580,1.);
#8580 = DIRECTION('',(0.134147607842,0.990961361159));
#8581 = ( GEOMETRIC_REPRESENTATION_CONTEXT(2) 
PARAMETRIC_REPRESENTATION_CONTEXT() REPRESENTATION_CONTEXT('2D SPACE',''
  ) );
#8582 = ORIENTED_EDGE('',*,*,#8583,.F.);
#8583 = EDGE_CURVE('',#3580,#8561,#8584,.T.);
#8584 = SURFACE_CURVE('',#8585,(#8589,#8596),.PCURVE_S1.);
#8585 = LINE('',#8586,#8587);
#8586 = CARTESIAN_POINT('',(7.35205078125,-7.312744140625,0.2));
#8587 = VECTOR('',#8588,1.);
#8588 = DIRECTION('',(0.,0.,-1.));
#8589 = PCURVE('',#3633,#8590);
#8590 = DEFINITIONAL_REPRESENTATION('',(#8591),#8595);
#8591 = LINE('',#8592,#8593);
#8592 = CARTESIAN_POINT('',(0.338508878245,0.));
#8593 = VECTOR('',#8594,1.);
#8594 = DIRECTION('',(0.,-1.));
#8595 = ( GEOMETRIC_REPRESENTATION_CONTEXT(2) 
PARAMETRIC_REPRESENTATION_CONTEXT() REPRESENTATION_CONTEXT('2D SPACE',''
  ) );
#8596 = PCURVE('',#3601,#8597);
#8597 = DEFINITIONAL_REPRESENTATION('',(#8598),#8602);
#8598 = LINE('',#8599,#8600);
#8599 = CARTESIAN_POINT('',(0.,0.));
#8600 = VECTOR('',#8601,1.);
#8601 = DIRECTION('',(0.,-1.));
#8602 = ( GEOMETRIC_REPRESENTATION_CONTEXT(2) 
PARAMETRIC_REPRESENTATION_CONTEXT() REPRESENTATION_CONTEXT('2D SPACE',''
  ) );
#8603 = ADVANCED_FACE('',(#8604),#3601,.T.);
#8604 = FACE_BOUND('',#8605,.T.);
#8605 = EDGE_LOOP('',(#8606,#8607,#8608,#8631));
#8606 = ORIENTED_EDGE('',*,*,#3579,.T.);
#8607 = ORIENTED_EDGE('',*,*,#8583,.T.);
#8608 = ORIENTED_EDGE('',*,*,#8609,.T.);
#8609 = EDGE_CURVE('',#8561,#8610,#8612,.T.);
#8610 = VERTEX_POINT('',#8611);
#8611 = CARTESIAN_POINT('',(7.60693359375,-7.38525390625,-0.4));
#8612 = SURFACE_CURVE('',#8613,(#8617,#8624),.PCURVE_S1.);
#8613 = B_SPLINE_CURVE_WITH_KNOTS('',2,(#8614,#8615,#8616),
  .UNSPECIFIED.,.F.,.F.,(3,3),(0.,1.),.PIECEWISE_BEZIER_KNOTS.);
#8614 = CARTESIAN_POINT('',(7.35205078125,-7.312744140625,-0.4));
#8615 = CARTESIAN_POINT('',(7.51904296875,-7.308349609375,-0.4));
#8616 = CARTESIAN_POINT('',(7.60693359375,-7.38525390625,-0.4));
#8617 = PCURVE('',#3601,#8618);
#8618 = DEFINITIONAL_REPRESENTATION('',(#8619),#8623);
#8619 = LINE('',#8620,#8621);
#8620 = CARTESIAN_POINT('',(0.,-0.6));
#8621 = VECTOR('',#8622,1.);
#8622 = DIRECTION('',(1.,0.));
#8623 = ( GEOMETRIC_REPRESENTATION_CONTEXT(2) 
PARAMETRIC_REPRESENTATION_CONTEXT() REPRESENTATION_CONTEXT('2D SPACE',''
  ) );
#8624 = PCURVE('',#8179,#8625);
#8625 = DEFINITIONAL_REPRESENTATION('',(#8626),#8630);
#8626 = B_SPLINE_CURVE_WITH_KNOTS('',2,(#8627,#8628,#8629),
  .UNSPECIFIED.,.F.,.F.,(3,3),(0.,1.),.PIECEWISE_BEZIER_KNOTS.);
#8627 = CARTESIAN_POINT('',(0.68701171875,1.3037109375));
#8628 = CARTESIAN_POINT('',(0.85400390625,1.29931640625));
#8629 = CARTESIAN_POINT('',(0.94189453125,1.376220703125));
#8630 = ( GEOMETRIC_REPRESENTATION_CONTEXT(2) 
PARAMETRIC_REPRESENTATION_CONTEXT() REPRESENTATION_CONTEXT('2D SPACE',''
  ) );
#8631 = ORIENTED_EDGE('',*,*,#8632,.F.);
#8632 = EDGE_CURVE('',#3535,#8610,#8633,.T.);
#8633 = SURFACE_CURVE('',#8634,(#8638,#8645),.PCURVE_S1.);
#8634 = LINE('',#8635,#8636);
#8635 = CARTESIAN_POINT('',(7.60693359375,-7.38525390625,0.2));
#8636 = VECTOR('',#8637,1.);
#8637 = DIRECTION('',(0.,0.,-1.));
#8638 = PCURVE('',#3601,#8639);
#8639 = DEFINITIONAL_REPRESENTATION('',(#8640),#8644);
#8640 = LINE('',#8641,#8642);
#8641 = CARTESIAN_POINT('',(1.,0.));
#8642 = VECTOR('',#8643,1.);
#8643 = DIRECTION('',(0.,-1.));
#8644 = ( GEOMETRIC_REPRESENTATION_CONTEXT(2) 
PARAMETRIC_REPRESENTATION_CONTEXT() REPRESENTATION_CONTEXT('2D SPACE',''
  ) );
#8645 = PCURVE('',#3560,#8646);
#8646 = DEFINITIONAL_REPRESENTATION('',(#8647),#8651);
#8647 = LINE('',#8648,#8649);
#8648 = CARTESIAN_POINT('',(0.,0.));
#8649 = VECTOR('',#8650,1.);
#8650 = DIRECTION('',(0.,-1.));
#8651 = ( GEOMETRIC_REPRESENTATION_CONTEXT(2) 
PARAMETRIC_REPRESENTATION_CONTEXT() REPRESENTATION_CONTEXT('2D SPACE',''
  ) );
#8652 = ADVANCED_FACE('',(#8653),#3560,.T.);
#8653 = FACE_BOUND('',#8654,.T.);
#8654 = EDGE_LOOP('',(#8655,#8656,#8657,#8680));
#8655 = ORIENTED_EDGE('',*,*,#3534,.T.);
#8656 = ORIENTED_EDGE('',*,*,#8632,.T.);
#8657 = ORIENTED_EDGE('',*,*,#8658,.T.);
#8658 = EDGE_CURVE('',#8610,#8659,#8661,.T.);
#8659 = VERTEX_POINT('',#8660);
#8660 = CARTESIAN_POINT('',(7.69482421875,-7.589599609375,-0.4));
#8661 = SURFACE_CURVE('',#8662,(#8666,#8673),.PCURVE_S1.);
#8662 = B_SPLINE_CURVE_WITH_KNOTS('',2,(#8663,#8664,#8665),
  .UNSPECIFIED.,.F.,.F.,(3,3),(0.,1.),.PIECEWISE_BEZIER_KNOTS.);
#8663 = CARTESIAN_POINT('',(7.60693359375,-7.38525390625,-0.4));
#8664 = CARTESIAN_POINT('',(7.69482421875,-7.462158203125,-0.4));
#8665 = CARTESIAN_POINT('',(7.69482421875,-7.589599609375,-0.4));
#8666 = PCURVE('',#3560,#8667);
#8667 = DEFINITIONAL_REPRESENTATION('',(#8668),#8672);
#8668 = LINE('',#8669,#8670);
#8669 = CARTESIAN_POINT('',(0.,-0.6));
#8670 = VECTOR('',#8671,1.);
#8671 = DIRECTION('',(1.,0.));
#8672 = ( GEOMETRIC_REPRESENTATION_CONTEXT(2) 
PARAMETRIC_REPRESENTATION_CONTEXT() REPRESENTATION_CONTEXT('2D SPACE',''
  ) );
#8673 = PCURVE('',#8179,#8674);
#8674 = DEFINITIONAL_REPRESENTATION('',(#8675),#8679);
#8675 = B_SPLINE_CURVE_WITH_KNOTS('',2,(#8676,#8677,#8678),
  .UNSPECIFIED.,.F.,.F.,(3,3),(0.,1.),.PIECEWISE_BEZIER_KNOTS.);
#8676 = CARTESIAN_POINT('',(0.94189453125,1.376220703125));
#8677 = CARTESIAN_POINT('',(1.02978515625,1.453125));
#8678 = CARTESIAN_POINT('',(1.02978515625,1.58056640625));
#8679 = ( GEOMETRIC_REPRESENTATION_CONTEXT(2) 
PARAMETRIC_REPRESENTATION_CONTEXT() REPRESENTATION_CONTEXT('2D SPACE',''
  ) );
#8680 = ORIENTED_EDGE('',*,*,#8681,.F.);
#8681 = EDGE_CURVE('',#3490,#8659,#8682,.T.);
#8682 = SURFACE_CURVE('',#8683,(#8687,#8694),.PCURVE_S1.);
#8683 = LINE('',#8684,#8685);
#8684 = CARTESIAN_POINT('',(7.69482421875,-7.589599609375,0.2));
#8685 = VECTOR('',#8686,1.);
#8686 = DIRECTION('',(0.,0.,-1.));
#8687 = PCURVE('',#3560,#8688);
#8688 = DEFINITIONAL_REPRESENTATION('',(#8689),#8693);
#8689 = LINE('',#8690,#8691);
#8690 = CARTESIAN_POINT('',(1.,0.));
#8691 = VECTOR('',#8692,1.);
#8692 = DIRECTION('',(0.,-1.));
#8693 = ( GEOMETRIC_REPRESENTATION_CONTEXT(2) 
PARAMETRIC_REPRESENTATION_CONTEXT() REPRESENTATION_CONTEXT('2D SPACE',''
  ) );
#8694 = PCURVE('',#3515,#8695);
#8695 = DEFINITIONAL_REPRESENTATION('',(#8696),#8700);
#8696 = LINE('',#8697,#8698);
#8697 = CARTESIAN_POINT('',(0.,0.));
#8698 = VECTOR('',#8699,1.);
#8699 = DIRECTION('',(0.,-1.));
#8700 = ( GEOMETRIC_REPRESENTATION_CONTEXT(2) 
PARAMETRIC_REPRESENTATION_CONTEXT() REPRESENTATION_CONTEXT('2D SPACE',''
  ) );
#8701 = ADVANCED_FACE('',(#8702),#3515,.T.);
#8702 = FACE_BOUND('',#8703,.T.);
#8703 = EDGE_LOOP('',(#8704,#8705,#8706,#8729));
#8704 = ORIENTED_EDGE('',*,*,#3489,.T.);
#8705 = ORIENTED_EDGE('',*,*,#8681,.T.);
#8706 = ORIENTED_EDGE('',*,*,#8707,.T.);
#8707 = EDGE_CURVE('',#8659,#8708,#8710,.T.);
#8708 = VERTEX_POINT('',#8709);
#8709 = CARTESIAN_POINT('',(7.63037109375,-7.762451171875,-0.4));
#8710 = SURFACE_CURVE('',#8711,(#8715,#8722),.PCURVE_S1.);
#8711 = B_SPLINE_CURVE_WITH_KNOTS('',2,(#8712,#8713,#8714),
  .UNSPECIFIED.,.F.,.F.,(3,3),(0.,1.),.PIECEWISE_BEZIER_KNOTS.);
#8712 = CARTESIAN_POINT('',(7.69482421875,-7.589599609375,-0.4));
#8713 = CARTESIAN_POINT('',(7.69482421875,-7.697998046875,-0.4));
#8714 = CARTESIAN_POINT('',(7.63037109375,-7.762451171875,-0.4));
#8715 = PCURVE('',#3515,#8716);
#8716 = DEFINITIONAL_REPRESENTATION('',(#8717),#8721);
#8717 = LINE('',#8718,#8719);
#8718 = CARTESIAN_POINT('',(0.,-0.6));
#8719 = VECTOR('',#8720,1.);
#8720 = DIRECTION('',(1.,0.));
#8721 = ( GEOMETRIC_REPRESENTATION_CONTEXT(2) 
PARAMETRIC_REPRESENTATION_CONTEXT() REPRESENTATION_CONTEXT('2D SPACE',''
  ) );
#8722 = PCURVE('',#8179,#8723);
#8723 = DEFINITIONAL_REPRESENTATION('',(#8724),#8728);
#8724 = B_SPLINE_CURVE_WITH_KNOTS('',2,(#8725,#8726,#8727),
  .UNSPECIFIED.,.F.,.F.,(3,3),(0.,1.),.PIECEWISE_BEZIER_KNOTS.);
#8725 = CARTESIAN_POINT('',(1.02978515625,1.58056640625));
#8726 = CARTESIAN_POINT('',(1.02978515625,1.68896484375));
#8727 = CARTESIAN_POINT('',(0.96533203125,1.75341796875));
#8728 = ( GEOMETRIC_REPRESENTATION_CONTEXT(2) 
PARAMETRIC_REPRESENTATION_CONTEXT() REPRESENTATION_CONTEXT('2D SPACE',''
  ) );
#8729 = ORIENTED_EDGE('',*,*,#8730,.F.);
#8730 = EDGE_CURVE('',#3445,#8708,#8731,.T.);
#8731 = SURFACE_CURVE('',#8732,(#8736,#8743),.PCURVE_S1.);
#8732 = LINE('',#8733,#8734);
#8733 = CARTESIAN_POINT('',(7.63037109375,-7.762451171875,0.2));
#8734 = VECTOR('',#8735,1.);
#8735 = DIRECTION('',(0.,0.,-1.));
#8736 = PCURVE('',#3515,#8737);
#8737 = DEFINITIONAL_REPRESENTATION('',(#8738),#8742);
#8738 = LINE('',#8739,#8740);
#8739 = CARTESIAN_POINT('',(1.,0.));
#8740 = VECTOR('',#8741,1.);
#8741 = DIRECTION('',(0.,-1.));
#8742 = ( GEOMETRIC_REPRESENTATION_CONTEXT(2) 
PARAMETRIC_REPRESENTATION_CONTEXT() REPRESENTATION_CONTEXT('2D SPACE',''
  ) );
#8743 = PCURVE('',#3470,#8744);
#8744 = DEFINITIONAL_REPRESENTATION('',(#8745),#8749);
#8745 = LINE('',#8746,#8747);
#8746 = CARTESIAN_POINT('',(0.,0.));
#8747 = VECTOR('',#8748,1.);
#8748 = DIRECTION('',(0.,-1.));
#8749 = ( GEOMETRIC_REPRESENTATION_CONTEXT(2) 
PARAMETRIC_REPRESENTATION_CONTEXT() REPRESENTATION_CONTEXT('2D SPACE',''
  ) );
#8750 = ADVANCED_FACE('',(#8751),#3470,.T.);
#8751 = FACE_BOUND('',#8752,.T.);
#8752 = EDGE_LOOP('',(#8753,#8754,#8755,#8778));
#8753 = ORIENTED_EDGE('',*,*,#3444,.T.);
#8754 = ORIENTED_EDGE('',*,*,#8730,.T.);
#8755 = ORIENTED_EDGE('',*,*,#8756,.T.);
#8756 = EDGE_CURVE('',#8708,#8757,#8759,.T.);
#8757 = VERTEX_POINT('',#8758);
#8758 = CARTESIAN_POINT('',(7.458984375,-7.826904296875,-0.4));
#8759 = SURFACE_CURVE('',#8760,(#8764,#8771),.PCURVE_S1.);
#8760 = B_SPLINE_CURVE_WITH_KNOTS('',2,(#8761,#8762,#8763),
  .UNSPECIFIED.,.F.,.F.,(3,3),(0.,1.),.PIECEWISE_BEZIER_KNOTS.);
#8761 = CARTESIAN_POINT('',(7.63037109375,-7.762451171875,-0.4));
#8762 = CARTESIAN_POINT('',(7.56591796875,-7.826904296875,-0.4));
#8763 = CARTESIAN_POINT('',(7.458984375,-7.826904296875,-0.4));
#8764 = PCURVE('',#3470,#8765);
#8765 = DEFINITIONAL_REPRESENTATION('',(#8766),#8770);
#8766 = LINE('',#8767,#8768);
#8767 = CARTESIAN_POINT('',(0.,-0.6));
#8768 = VECTOR('',#8769,1.);
#8769 = DIRECTION('',(1.,0.));
#8770 = ( GEOMETRIC_REPRESENTATION_CONTEXT(2) 
PARAMETRIC_REPRESENTATION_CONTEXT() REPRESENTATION_CONTEXT('2D SPACE',''
  ) );
#8771 = PCURVE('',#8179,#8772);
#8772 = DEFINITIONAL_REPRESENTATION('',(#8773),#8777);
#8773 = B_SPLINE_CURVE_WITH_KNOTS('',2,(#8774,#8775,#8776),
  .UNSPECIFIED.,.F.,.F.,(3,3),(0.,1.),.PIECEWISE_BEZIER_KNOTS.);
#8774 = CARTESIAN_POINT('',(0.96533203125,1.75341796875));
#8775 = CARTESIAN_POINT('',(0.90087890625,1.81787109375));
#8776 = CARTESIAN_POINT('',(0.7939453125,1.81787109375));
#8777 = ( GEOMETRIC_REPRESENTATION_CONTEXT(2) 
PARAMETRIC_REPRESENTATION_CONTEXT() REPRESENTATION_CONTEXT('2D SPACE',''
  ) );
#8778 = ORIENTED_EDGE('',*,*,#8779,.F.);
#8779 = EDGE_CURVE('',#3400,#8757,#8780,.T.);
#8780 = SURFACE_CURVE('',#8781,(#8785,#8792),.PCURVE_S1.);
#8781 = LINE('',#8782,#8783);
#8782 = CARTESIAN_POINT('',(7.458984375,-7.826904296875,0.2));
#8783 = VECTOR('',#8784,1.);
#8784 = DIRECTION('',(0.,0.,-1.));
#8785 = PCURVE('',#3470,#8786);
#8786 = DEFINITIONAL_REPRESENTATION('',(#8787),#8791);
#8787 = LINE('',#8788,#8789);
#8788 = CARTESIAN_POINT('',(1.,0.));
#8789 = VECTOR('',#8790,1.);
#8790 = DIRECTION('',(0.,-1.));
#8791 = ( GEOMETRIC_REPRESENTATION_CONTEXT(2) 
PARAMETRIC_REPRESENTATION_CONTEXT() REPRESENTATION_CONTEXT('2D SPACE',''
  ) );
#8792 = PCURVE('',#3425,#8793);
#8793 = DEFINITIONAL_REPRESENTATION('',(#8794),#8798);
#8794 = LINE('',#8795,#8796);
#8795 = CARTESIAN_POINT('',(0.,0.));
#8796 = VECTOR('',#8797,1.);
#8797 = DIRECTION('',(0.,-1.));
#8798 = ( GEOMETRIC_REPRESENTATION_CONTEXT(2) 
PARAMETRIC_REPRESENTATION_CONTEXT() REPRESENTATION_CONTEXT('2D SPACE',''
  ) );
#8799 = ADVANCED_FACE('',(#8800),#3425,.T.);
#8800 = FACE_BOUND('',#8801,.T.);
#8801 = EDGE_LOOP('',(#8802,#8803,#8804,#8827));
#8802 = ORIENTED_EDGE('',*,*,#3399,.T.);
#8803 = ORIENTED_EDGE('',*,*,#8779,.T.);
#8804 = ORIENTED_EDGE('',*,*,#8805,.T.);
#8805 = EDGE_CURVE('',#8757,#8806,#8808,.T.);
#8806 = VERTEX_POINT('',#8807);
#8807 = CARTESIAN_POINT('',(7.27880859375,-7.753662109375,-0.4));
#8808 = SURFACE_CURVE('',#8809,(#8813,#8820),.PCURVE_S1.);
#8809 = B_SPLINE_CURVE_WITH_KNOTS('',2,(#8810,#8811,#8812),
  .UNSPECIFIED.,.F.,.F.,(3,3),(0.,1.),.PIECEWISE_BEZIER_KNOTS.);
#8810 = CARTESIAN_POINT('',(7.458984375,-7.826904296875,-0.4));
#8811 = CARTESIAN_POINT('',(7.353515625,-7.826904296875,-0.4));
#8812 = CARTESIAN_POINT('',(7.27880859375,-7.753662109375,-0.4));
#8813 = PCURVE('',#3425,#8814);
#8814 = DEFINITIONAL_REPRESENTATION('',(#8815),#8819);
#8815 = LINE('',#8816,#8817);
#8816 = CARTESIAN_POINT('',(0.,-0.6));
#8817 = VECTOR('',#8818,1.);
#8818 = DIRECTION('',(1.,0.));
#8819 = ( GEOMETRIC_REPRESENTATION_CONTEXT(2) 
PARAMETRIC_REPRESENTATION_CONTEXT() REPRESENTATION_CONTEXT('2D SPACE',''
  ) );
#8820 = PCURVE('',#8179,#8821);
#8821 = DEFINITIONAL_REPRESENTATION('',(#8822),#8826);
#8822 = B_SPLINE_CURVE_WITH_KNOTS('',2,(#8823,#8824,#8825),
  .UNSPECIFIED.,.F.,.F.,(3,3),(0.,1.),.PIECEWISE_BEZIER_KNOTS.);
#8823 = CARTESIAN_POINT('',(0.7939453125,1.81787109375));
#8824 = CARTESIAN_POINT('',(0.6884765625,1.81787109375));
#8825 = CARTESIAN_POINT('',(0.61376953125,1.74462890625));
#8826 = ( GEOMETRIC_REPRESENTATION_CONTEXT(2) 
PARAMETRIC_REPRESENTATION_CONTEXT() REPRESENTATION_CONTEXT('2D SPACE',''
  ) );
#8827 = ORIENTED_EDGE('',*,*,#8828,.F.);
#8828 = EDGE_CURVE('',#3361,#8806,#8829,.T.);
#8829 = SURFACE_CURVE('',#8830,(#8834,#8841),.PCURVE_S1.);
#8830 = LINE('',#8831,#8832);
#8831 = CARTESIAN_POINT('',(7.27880859375,-7.753662109375,0.2));
#8832 = VECTOR('',#8833,1.);
#8833 = DIRECTION('',(0.,0.,-1.));
#8834 = PCURVE('',#3425,#8835);
#8835 = DEFINITIONAL_REPRESENTATION('',(#8836),#8840);
#8836 = LINE('',#8837,#8838);
#8837 = CARTESIAN_POINT('',(1.,0.));
#8838 = VECTOR('',#8839,1.);
#8839 = DIRECTION('',(0.,-1.));
#8840 = ( GEOMETRIC_REPRESENTATION_CONTEXT(2) 
PARAMETRIC_REPRESENTATION_CONTEXT() REPRESENTATION_CONTEXT('2D SPACE',''
  ) );
#8841 = PCURVE('',#3382,#8842);
#8842 = DEFINITIONAL_REPRESENTATION('',(#8843),#8847);
#8843 = LINE('',#8844,#8845);
#8844 = CARTESIAN_POINT('',(0.,0.));
#8845 = VECTOR('',#8846,1.);
#8846 = DIRECTION('',(0.,-1.));
#8847 = ( GEOMETRIC_REPRESENTATION_CONTEXT(2) 
PARAMETRIC_REPRESENTATION_CONTEXT() REPRESENTATION_CONTEXT('2D SPACE',''
  ) );
#8848 = ADVANCED_FACE('',(#8849),#3382,.T.);
#8849 = FACE_BOUND('',#8850,.T.);
#8850 = EDGE_LOOP('',(#8851,#8852,#8853,#8876));
#8851 = ORIENTED_EDGE('',*,*,#3360,.T.);
#8852 = ORIENTED_EDGE('',*,*,#8828,.T.);
#8853 = ORIENTED_EDGE('',*,*,#8854,.T.);
#8854 = EDGE_CURVE('',#8806,#8855,#8857,.T.);
#8855 = VERTEX_POINT('',#8856);
#8856 = CARTESIAN_POINT('',(7.18798828125,-7.539794921875,-0.4));
#8857 = SURFACE_CURVE('',#8858,(#8862,#8869),.PCURVE_S1.);
#8858 = B_SPLINE_CURVE_WITH_KNOTS('',2,(#8859,#8860,#8861),
  .UNSPECIFIED.,.F.,.F.,(3,3),(0.,1.),.PIECEWISE_BEZIER_KNOTS.);
#8859 = CARTESIAN_POINT('',(7.27880859375,-7.753662109375,-0.4));
#8860 = CARTESIAN_POINT('',(7.2041015625,-7.680419921875,-0.4));
#8861 = CARTESIAN_POINT('',(7.18798828125,-7.539794921875,-0.4));
#8862 = PCURVE('',#3382,#8863);
#8863 = DEFINITIONAL_REPRESENTATION('',(#8864),#8868);
#8864 = LINE('',#8865,#8866);
#8865 = CARTESIAN_POINT('',(0.,-0.6));
#8866 = VECTOR('',#8867,1.);
#8867 = DIRECTION('',(1.,0.));
#8868 = ( GEOMETRIC_REPRESENTATION_CONTEXT(2) 
PARAMETRIC_REPRESENTATION_CONTEXT() REPRESENTATION_CONTEXT('2D SPACE',''
  ) );
#8869 = PCURVE('',#8179,#8870);
#8870 = DEFINITIONAL_REPRESENTATION('',(#8871),#8875);
#8871 = B_SPLINE_CURVE_WITH_KNOTS('',2,(#8872,#8873,#8874),
  .UNSPECIFIED.,.F.,.F.,(3,3),(0.,1.),.PIECEWISE_BEZIER_KNOTS.);
#8872 = CARTESIAN_POINT('',(0.61376953125,1.74462890625));
#8873 = CARTESIAN_POINT('',(0.5390625,1.67138671875));
#8874 = CARTESIAN_POINT('',(0.52294921875,1.53076171875));
#8875 = ( GEOMETRIC_REPRESENTATION_CONTEXT(2) 
PARAMETRIC_REPRESENTATION_CONTEXT() REPRESENTATION_CONTEXT('2D SPACE',''
  ) );
#8876 = ORIENTED_EDGE('',*,*,#8877,.F.);
#8877 = EDGE_CURVE('',#3335,#8855,#8878,.T.);
#8878 = SURFACE_CURVE('',#8879,(#8883,#8890),.PCURVE_S1.);
#8879 = LINE('',#8880,#8881);
#8880 = CARTESIAN_POINT('',(7.18798828125,-7.539794921875,0.2));
#8881 = VECTOR('',#8882,1.);
#8882 = DIRECTION('',(0.,0.,-1.));
#8883 = PCURVE('',#3382,#8884);
#8884 = DEFINITIONAL_REPRESENTATION('',(#8885),#8889);
#8885 = LINE('',#8886,#8887);
#8886 = CARTESIAN_POINT('',(1.,0.));
#8887 = VECTOR('',#8888,1.);
#8888 = DIRECTION('',(0.,-1.));
#8889 = ( GEOMETRIC_REPRESENTATION_CONTEXT(2) 
PARAMETRIC_REPRESENTATION_CONTEXT() REPRESENTATION_CONTEXT('2D SPACE',''
  ) );
#8890 = PCURVE('',#3349,#8891);
#8891 = DEFINITIONAL_REPRESENTATION('',(#8892),#8896);
#8892 = LINE('',#8893,#8894);
#8893 = CARTESIAN_POINT('',(0.,0.));
#8894 = VECTOR('',#8895,1.);
#8895 = DIRECTION('',(0.,-1.));
#8896 = ( GEOMETRIC_REPRESENTATION_CONTEXT(2) 
PARAMETRIC_REPRESENTATION_CONTEXT() REPRESENTATION_CONTEXT('2D SPACE',''
  ) );
#8897 = ADVANCED_FACE('',(#8898),#3349,.T.);
#8898 = FACE_BOUND('',#8899,.T.);
#8899 = EDGE_LOOP('',(#8900,#8901,#8902,#8925));
#8900 = ORIENTED_EDGE('',*,*,#3334,.F.);
#8901 = ORIENTED_EDGE('',*,*,#8877,.T.);
#8902 = ORIENTED_EDGE('',*,*,#8903,.T.);
#8903 = EDGE_CURVE('',#8855,#8904,#8906,.T.);
#8904 = VERTEX_POINT('',#8905);
#8905 = CARTESIAN_POINT('',(6.80859375,-7.604248046875,-0.4));
#8906 = SURFACE_CURVE('',#8907,(#8911,#8918),.PCURVE_S1.);
#8907 = LINE('',#8908,#8909);
#8908 = CARTESIAN_POINT('',(7.18798828125,-7.539794921875,-0.4));
#8909 = VECTOR('',#8910,1.);
#8910 = DIRECTION('',(-0.985874708123,-0.167484506399,0.));
#8911 = PCURVE('',#3349,#8912);
#8912 = DEFINITIONAL_REPRESENTATION('',(#8913),#8917);
#8913 = LINE('',#8914,#8915);
#8914 = CARTESIAN_POINT('',(0.,-0.6));
#8915 = VECTOR('',#8916,1.);
#8916 = DIRECTION('',(1.,0.));
#8917 = ( GEOMETRIC_REPRESENTATION_CONTEXT(2) 
PARAMETRIC_REPRESENTATION_CONTEXT() REPRESENTATION_CONTEXT('2D SPACE',''
  ) );
#8918 = PCURVE('',#8179,#8919);
#8919 = DEFINITIONAL_REPRESENTATION('',(#8920),#8924);
#8920 = LINE('',#8921,#8922);
#8921 = CARTESIAN_POINT('',(0.52294921875,1.53076171875));
#8922 = VECTOR('',#8923,1.);
#8923 = DIRECTION('',(-0.985874708123,0.167484506399));
#8924 = ( GEOMETRIC_REPRESENTATION_CONTEXT(2) 
PARAMETRIC_REPRESENTATION_CONTEXT() REPRESENTATION_CONTEXT('2D SPACE',''
  ) );
#8925 = ORIENTED_EDGE('',*,*,#8926,.F.);
#8926 = EDGE_CURVE('',#3296,#8904,#8927,.T.);
#8927 = SURFACE_CURVE('',#8928,(#8932,#8939),.PCURVE_S1.);
#8928 = LINE('',#8929,#8930);
#8929 = CARTESIAN_POINT('',(6.80859375,-7.604248046875,0.2));
#8930 = VECTOR('',#8931,1.);
#8931 = DIRECTION('',(0.,0.,-1.));
#8932 = PCURVE('',#3349,#8933);
#8933 = DEFINITIONAL_REPRESENTATION('',(#8934),#8938);
#8934 = LINE('',#8935,#8936);
#8935 = CARTESIAN_POINT('',(0.384830372586,0.));
#8936 = VECTOR('',#8937,1.);
#8937 = DIRECTION('',(0.,-1.));
#8938 = ( GEOMETRIC_REPRESENTATION_CONTEXT(2) 
PARAMETRIC_REPRESENTATION_CONTEXT() REPRESENTATION_CONTEXT('2D SPACE',''
  ) );
#8939 = PCURVE('',#3317,#8940);
#8940 = DEFINITIONAL_REPRESENTATION('',(#8941),#8945);
#8941 = LINE('',#8942,#8943);
#8942 = CARTESIAN_POINT('',(0.,0.));
#8943 = VECTOR('',#8944,1.);
#8944 = DIRECTION('',(0.,-1.));
#8945 = ( GEOMETRIC_REPRESENTATION_CONTEXT(2) 
PARAMETRIC_REPRESENTATION_CONTEXT() REPRESENTATION_CONTEXT('2D SPACE',''
  ) );
#8946 = ADVANCED_FACE('',(#8947),#3317,.T.);
#8947 = FACE_BOUND('',#8948,.T.);
#8948 = EDGE_LOOP('',(#8949,#8950,#8951,#8974));
#8949 = ORIENTED_EDGE('',*,*,#3295,.T.);
#8950 = ORIENTED_EDGE('',*,*,#8926,.T.);
#8951 = ORIENTED_EDGE('',*,*,#8952,.T.);
#8952 = EDGE_CURVE('',#8904,#8953,#8955,.T.);
#8953 = VERTEX_POINT('',#8954);
#8954 = CARTESIAN_POINT('',(6.927978515625,-7.91552734375,-0.4));
#8955 = SURFACE_CURVE('',#8956,(#8960,#8967),.PCURVE_S1.);
#8956 = B_SPLINE_CURVE_WITH_KNOTS('',2,(#8957,#8958,#8959),
  .UNSPECIFIED.,.F.,.F.,(3,3),(0.,1.),.PIECEWISE_BEZIER_KNOTS.);
#8957 = CARTESIAN_POINT('',(6.80859375,-7.604248046875,-0.4));
#8958 = CARTESIAN_POINT('',(6.84814453125,-7.799072265625,-0.4));
#8959 = CARTESIAN_POINT('',(6.927978515625,-7.91552734375,-0.4));
#8960 = PCURVE('',#3317,#8961);
#8961 = DEFINITIONAL_REPRESENTATION('',(#8962),#8966);
#8962 = LINE('',#8963,#8964);
#8963 = CARTESIAN_POINT('',(0.,-0.6));
#8964 = VECTOR('',#8965,1.);
#8965 = DIRECTION('',(1.,0.));
#8966 = ( GEOMETRIC_REPRESENTATION_CONTEXT(2) 
PARAMETRIC_REPRESENTATION_CONTEXT() REPRESENTATION_CONTEXT('2D SPACE',''
  ) );
#8967 = PCURVE('',#8179,#8968);
#8968 = DEFINITIONAL_REPRESENTATION('',(#8969),#8973);
#8969 = B_SPLINE_CURVE_WITH_KNOTS('',2,(#8970,#8971,#8972),
  .UNSPECIFIED.,.F.,.F.,(3,3),(0.,1.),.PIECEWISE_BEZIER_KNOTS.);
#8970 = CARTESIAN_POINT('',(0.1435546875,1.59521484375));
#8971 = CARTESIAN_POINT('',(0.18310546875,1.7900390625));
#8972 = CARTESIAN_POINT('',(0.262939453125,1.906494140625));
#8973 = ( GEOMETRIC_REPRESENTATION_CONTEXT(2) 
PARAMETRIC_REPRESENTATION_CONTEXT() REPRESENTATION_CONTEXT('2D SPACE',''
  ) );
#8974 = ORIENTED_EDGE('',*,*,#8975,.F.);
#8975 = EDGE_CURVE('',#3257,#8953,#8976,.T.);
#8976 = SURFACE_CURVE('',#8977,(#8981,#8988),.PCURVE_S1.);
#8977 = LINE('',#8978,#8979);
#8978 = CARTESIAN_POINT('',(6.927978515625,-7.91552734375,0.2));
#8979 = VECTOR('',#8980,1.);
#8980 = DIRECTION('',(0.,0.,-1.));
#8981 = PCURVE('',#3317,#8982);
#8982 = DEFINITIONAL_REPRESENTATION('',(#8983),#8987);
#8983 = LINE('',#8984,#8985);
#8984 = CARTESIAN_POINT('',(1.,0.));
#8985 = VECTOR('',#8986,1.);
#8986 = DIRECTION('',(0.,-1.));
#8987 = ( GEOMETRIC_REPRESENTATION_CONTEXT(2) 
PARAMETRIC_REPRESENTATION_CONTEXT() REPRESENTATION_CONTEXT('2D SPACE',''
  ) );
#8988 = PCURVE('',#3278,#8989);
#8989 = DEFINITIONAL_REPRESENTATION('',(#8990),#8994);
#8990 = LINE('',#8991,#8992);
#8991 = CARTESIAN_POINT('',(0.,0.));
#8992 = VECTOR('',#8993,1.);
#8993 = DIRECTION('',(0.,-1.));
#8994 = ( GEOMETRIC_REPRESENTATION_CONTEXT(2) 
PARAMETRIC_REPRESENTATION_CONTEXT() REPRESENTATION_CONTEXT('2D SPACE',''
  ) );
#8995 = ADVANCED_FACE('',(#8996),#3278,.T.);
#8996 = FACE_BOUND('',#8997,.T.);
#8997 = EDGE_LOOP('',(#8998,#8999,#9000,#9023));
#8998 = ORIENTED_EDGE('',*,*,#3256,.T.);
#8999 = ORIENTED_EDGE('',*,*,#8975,.T.);
#9000 = ORIENTED_EDGE('',*,*,#9001,.T.);
#9001 = EDGE_CURVE('',#8953,#9002,#9004,.T.);
#9002 = VERTEX_POINT('',#9003);
#9003 = CARTESIAN_POINT('',(7.150634765625,-8.0986328125,-0.4));
#9004 = SURFACE_CURVE('',#9005,(#9009,#9016),.PCURVE_S1.);
#9005 = B_SPLINE_CURVE_WITH_KNOTS('',2,(#9006,#9007,#9008),
  .UNSPECIFIED.,.F.,.F.,(3,3),(0.,1.),.PIECEWISE_BEZIER_KNOTS.);
#9006 = CARTESIAN_POINT('',(6.927978515625,-7.91552734375,-0.4));
#9007 = CARTESIAN_POINT('',(7.0078125,-8.031982421875,-0.4));
#9008 = CARTESIAN_POINT('',(7.150634765625,-8.0986328125,-0.4));
#9009 = PCURVE('',#3278,#9010);
#9010 = DEFINITIONAL_REPRESENTATION('',(#9011),#9015);
#9011 = LINE('',#9012,#9013);
#9012 = CARTESIAN_POINT('',(0.,-0.6));
#9013 = VECTOR('',#9014,1.);
#9014 = DIRECTION('',(1.,0.));
#9015 = ( GEOMETRIC_REPRESENTATION_CONTEXT(2) 
PARAMETRIC_REPRESENTATION_CONTEXT() REPRESENTATION_CONTEXT('2D SPACE',''
  ) );
#9016 = PCURVE('',#8179,#9017);
#9017 = DEFINITIONAL_REPRESENTATION('',(#9018),#9022);
#9018 = B_SPLINE_CURVE_WITH_KNOTS('',2,(#9019,#9020,#9021),
  .UNSPECIFIED.,.F.,.F.,(3,3),(0.,1.),.PIECEWISE_BEZIER_KNOTS.);
#9019 = CARTESIAN_POINT('',(0.262939453125,1.906494140625));
#9020 = CARTESIAN_POINT('',(0.3427734375,2.02294921875));
#9021 = CARTESIAN_POINT('',(0.485595703125,2.089599609375));
#9022 = ( GEOMETRIC_REPRESENTATION_CONTEXT(2) 
PARAMETRIC_REPRESENTATION_CONTEXT() REPRESENTATION_CONTEXT('2D SPACE',''
  ) );
#9023 = ORIENTED_EDGE('',*,*,#9024,.F.);
#9024 = EDGE_CURVE('',#3218,#9002,#9025,.T.);
#9025 = SURFACE_CURVE('',#9026,(#9030,#9037),.PCURVE_S1.);
#9026 = LINE('',#9027,#9028);
#9027 = CARTESIAN_POINT('',(7.150634765625,-8.0986328125,0.2));
#9028 = VECTOR('',#9029,1.);
#9029 = DIRECTION('',(0.,0.,-1.));
#9030 = PCURVE('',#3278,#9031);
#9031 = DEFINITIONAL_REPRESENTATION('',(#9032),#9036);
#9032 = LINE('',#9033,#9034);
#9033 = CARTESIAN_POINT('',(1.,0.));
#9034 = VECTOR('',#9035,1.);
#9035 = DIRECTION('',(0.,-1.));
#9036 = ( GEOMETRIC_REPRESENTATION_CONTEXT(2) 
PARAMETRIC_REPRESENTATION_CONTEXT() REPRESENTATION_CONTEXT('2D SPACE',''
  ) );
#9037 = PCURVE('',#3239,#9038);
#9038 = DEFINITIONAL_REPRESENTATION('',(#9039),#9043);
#9039 = LINE('',#9040,#9041);
#9040 = CARTESIAN_POINT('',(0.,0.));
#9041 = VECTOR('',#9042,1.);
#9042 = DIRECTION('',(0.,-1.));
#9043 = ( GEOMETRIC_REPRESENTATION_CONTEXT(2) 
PARAMETRIC_REPRESENTATION_CONTEXT() REPRESENTATION_CONTEXT('2D SPACE',''
  ) );
#9044 = ADVANCED_FACE('',(#9045),#3239,.T.);
#9045 = FACE_BOUND('',#9046,.T.);
#9046 = EDGE_LOOP('',(#9047,#9048,#9049,#9072));
#9047 = ORIENTED_EDGE('',*,*,#3217,.T.);
#9048 = ORIENTED_EDGE('',*,*,#9024,.T.);
#9049 = ORIENTED_EDGE('',*,*,#9050,.T.);
#9050 = EDGE_CURVE('',#9002,#9051,#9053,.T.);
#9051 = VERTEX_POINT('',#9052);
#9052 = CARTESIAN_POINT('',(7.470703125,-8.165283203125,-0.4));
#9053 = SURFACE_CURVE('',#9054,(#9058,#9065),.PCURVE_S1.);
#9054 = B_SPLINE_CURVE_WITH_KNOTS('',2,(#9055,#9056,#9057),
  .UNSPECIFIED.,.F.,.F.,(3,3),(0.,1.),.PIECEWISE_BEZIER_KNOTS.);
#9055 = CARTESIAN_POINT('',(7.150634765625,-8.0986328125,-0.4));
#9056 = CARTESIAN_POINT('',(7.29345703125,-8.165283203125,-0.4));
#9057 = CARTESIAN_POINT('',(7.470703125,-8.165283203125,-0.4));
#9058 = PCURVE('',#3239,#9059);
#9059 = DEFINITIONAL_REPRESENTATION('',(#9060),#9064);
#9060 = LINE('',#9061,#9062);
#9061 = CARTESIAN_POINT('',(0.,-0.6));
#9062 = VECTOR('',#9063,1.);
#9063 = DIRECTION('',(1.,0.));
#9064 = ( GEOMETRIC_REPRESENTATION_CONTEXT(2) 
PARAMETRIC_REPRESENTATION_CONTEXT() REPRESENTATION_CONTEXT('2D SPACE',''
  ) );
#9065 = PCURVE('',#8179,#9066);
#9066 = DEFINITIONAL_REPRESENTATION('',(#9067),#9071);
#9067 = B_SPLINE_CURVE_WITH_KNOTS('',2,(#9068,#9069,#9070),
  .UNSPECIFIED.,.F.,.F.,(3,3),(0.,1.),.PIECEWISE_BEZIER_KNOTS.);
#9068 = CARTESIAN_POINT('',(0.485595703125,2.089599609375));
#9069 = CARTESIAN_POINT('',(0.62841796875,2.15625));
#9070 = CARTESIAN_POINT('',(0.8056640625,2.15625));
#9071 = ( GEOMETRIC_REPRESENTATION_CONTEXT(2) 
PARAMETRIC_REPRESENTATION_CONTEXT() REPRESENTATION_CONTEXT('2D SPACE',''
  ) );
#9072 = ORIENTED_EDGE('',*,*,#9073,.F.);
#9073 = EDGE_CURVE('',#3167,#9051,#9074,.T.);
#9074 = SURFACE_CURVE('',#9075,(#9079,#9086),.PCURVE_S1.);
#9075 = LINE('',#9076,#9077);
#9076 = CARTESIAN_POINT('',(7.470703125,-8.165283203125,0.2));
#9077 = VECTOR('',#9078,1.);
#9078 = DIRECTION('',(0.,0.,-1.));
#9079 = PCURVE('',#3239,#9080);
#9080 = DEFINITIONAL_REPRESENTATION('',(#9081),#9085);
#9081 = LINE('',#9082,#9083);
#9082 = CARTESIAN_POINT('',(1.,0.));
#9083 = VECTOR('',#9084,1.);
#9084 = DIRECTION('',(0.,-1.));
#9085 = ( GEOMETRIC_REPRESENTATION_CONTEXT(2) 
PARAMETRIC_REPRESENTATION_CONTEXT() REPRESENTATION_CONTEXT('2D SPACE',''
  ) );
#9086 = PCURVE('',#3196,#9087);
#9087 = DEFINITIONAL_REPRESENTATION('',(#9088),#9092);
#9088 = LINE('',#9089,#9090);
#9089 = CARTESIAN_POINT('',(0.,0.));
#9090 = VECTOR('',#9091,1.);
#9091 = DIRECTION('',(0.,-1.));
#9092 = ( GEOMETRIC_REPRESENTATION_CONTEXT(2) 
PARAMETRIC_REPRESENTATION_CONTEXT() REPRESENTATION_CONTEXT('2D SPACE',''
  ) );
#9093 = ADVANCED_FACE('',(#9094),#3196,.T.);
#9094 = FACE_BOUND('',#9095,.T.);
#9095 = EDGE_LOOP('',(#9096,#9097,#9098,#9121));
#9096 = ORIENTED_EDGE('',*,*,#3166,.T.);
#9097 = ORIENTED_EDGE('',*,*,#9073,.T.);
#9098 = ORIENTED_EDGE('',*,*,#9099,.T.);
#9099 = EDGE_CURVE('',#9051,#9100,#9102,.T.);
#9100 = VERTEX_POINT('',#9101);
#9101 = CARTESIAN_POINT('',(7.95703125,-7.971923828125,-0.4));
#9102 = SURFACE_CURVE('',#9103,(#9107,#9114),.PCURVE_S1.);
#9103 = B_SPLINE_CURVE_WITH_KNOTS('',2,(#9104,#9105,#9106),
  .UNSPECIFIED.,.F.,.F.,(3,3),(0.,1.),.PIECEWISE_BEZIER_KNOTS.);
#9104 = CARTESIAN_POINT('',(7.470703125,-8.165283203125,-0.4));
#9105 = CARTESIAN_POINT('',(7.77392578125,-8.165283203125,-0.4));
#9106 = CARTESIAN_POINT('',(7.95703125,-7.971923828125,-0.4));
#9107 = PCURVE('',#3196,#9108);
#9108 = DEFINITIONAL_REPRESENTATION('',(#9109),#9113);
#9109 = LINE('',#9110,#9111);
#9110 = CARTESIAN_POINT('',(0.,-0.6));
#9111 = VECTOR('',#9112,1.);
#9112 = DIRECTION('',(1.,0.));
#9113 = ( GEOMETRIC_REPRESENTATION_CONTEXT(2) 
PARAMETRIC_REPRESENTATION_CONTEXT() REPRESENTATION_CONTEXT('2D SPACE',''
  ) );
#9114 = PCURVE('',#8179,#9115);
#9115 = DEFINITIONAL_REPRESENTATION('',(#9116),#9120);
#9116 = B_SPLINE_CURVE_WITH_KNOTS('',2,(#9117,#9118,#9119),
  .UNSPECIFIED.,.F.,.F.,(3,3),(0.,1.),.PIECEWISE_BEZIER_KNOTS.);
#9117 = CARTESIAN_POINT('',(0.8056640625,2.15625));
#9118 = CARTESIAN_POINT('',(1.10888671875,2.15625));
#9119 = CARTESIAN_POINT('',(1.2919921875,1.962890625));
#9120 = ( GEOMETRIC_REPRESENTATION_CONTEXT(2) 
PARAMETRIC_REPRESENTATION_CONTEXT() REPRESENTATION_CONTEXT('2D SPACE',''
  ) );
#9121 = ORIENTED_EDGE('',*,*,#9122,.F.);
#9122 = EDGE_CURVE('',#3116,#9100,#9123,.T.);
#9123 = SURFACE_CURVE('',#9124,(#9128,#9135),.PCURVE_S1.);
#9124 = LINE('',#9125,#9126);
#9125 = CARTESIAN_POINT('',(7.95703125,-7.971923828125,0.2));
#9126 = VECTOR('',#9127,1.);
#9127 = DIRECTION('',(0.,0.,-1.));
#9128 = PCURVE('',#3196,#9129);
#9129 = DEFINITIONAL_REPRESENTATION('',(#9130),#9134);
#9130 = LINE('',#9131,#9132);
#9131 = CARTESIAN_POINT('',(1.,0.));
#9132 = VECTOR('',#9133,1.);
#9133 = DIRECTION('',(0.,-1.));
#9134 = ( GEOMETRIC_REPRESENTATION_CONTEXT(2) 
PARAMETRIC_REPRESENTATION_CONTEXT() REPRESENTATION_CONTEXT('2D SPACE',''
  ) );
#9135 = PCURVE('',#3145,#9136);
#9136 = DEFINITIONAL_REPRESENTATION('',(#9137),#9141);
#9137 = LINE('',#9138,#9139);
#9138 = CARTESIAN_POINT('',(0.,0.));
#9139 = VECTOR('',#9140,1.);
#9140 = DIRECTION('',(0.,-1.));
#9141 = ( GEOMETRIC_REPRESENTATION_CONTEXT(2) 
PARAMETRIC_REPRESENTATION_CONTEXT() REPRESENTATION_CONTEXT('2D SPACE',''
  ) );
#9142 = ADVANCED_FACE('',(#9143),#3145,.T.);
#9143 = FACE_BOUND('',#9144,.T.);
#9144 = EDGE_LOOP('',(#9145,#9146,#9147,#9170));
#9145 = ORIENTED_EDGE('',*,*,#3115,.T.);
#9146 = ORIENTED_EDGE('',*,*,#9122,.T.);
#9147 = ORIENTED_EDGE('',*,*,#9148,.T.);
#9148 = EDGE_CURVE('',#9100,#9149,#9151,.T.);
#9149 = VERTEX_POINT('',#9150);
#9150 = CARTESIAN_POINT('',(8.10791015625,-7.614501953125,-0.4));
#9151 = SURFACE_CURVE('',#9152,(#9156,#9163),.PCURVE_S1.);
#9152 = B_SPLINE_CURVE_WITH_KNOTS('',2,(#9153,#9154,#9155),
  .UNSPECIFIED.,.F.,.F.,(3,3),(0.,1.),.PIECEWISE_BEZIER_KNOTS.);
#9153 = CARTESIAN_POINT('',(7.95703125,-7.971923828125,-0.4));
#9154 = CARTESIAN_POINT('',(8.10791015625,-7.813720703125,-0.4));
#9155 = CARTESIAN_POINT('',(8.10791015625,-7.614501953125,-0.4));
#9156 = PCURVE('',#3145,#9157);
#9157 = DEFINITIONAL_REPRESENTATION('',(#9158),#9162);
#9158 = LINE('',#9159,#9160);
#9159 = CARTESIAN_POINT('',(0.,-0.6));
#9160 = VECTOR('',#9161,1.);
#9161 = DIRECTION('',(1.,0.));
#9162 = ( GEOMETRIC_REPRESENTATION_CONTEXT(2) 
PARAMETRIC_REPRESENTATION_CONTEXT() REPRESENTATION_CONTEXT('2D SPACE',''
  ) );
#9163 = PCURVE('',#8179,#9164);
#9164 = DEFINITIONAL_REPRESENTATION('',(#9165),#9169);
#9165 = B_SPLINE_CURVE_WITH_KNOTS('',2,(#9166,#9167,#9168),
  .UNSPECIFIED.,.F.,.F.,(3,3),(0.,1.),.PIECEWISE_BEZIER_KNOTS.);
#9166 = CARTESIAN_POINT('',(1.2919921875,1.962890625));
#9167 = CARTESIAN_POINT('',(1.44287109375,1.8046875));
#9168 = CARTESIAN_POINT('',(1.44287109375,1.60546875));
#9169 = ( GEOMETRIC_REPRESENTATION_CONTEXT(2) 
PARAMETRIC_REPRESENTATION_CONTEXT() REPRESENTATION_CONTEXT('2D SPACE',''
  ) );
#9170 = ORIENTED_EDGE('',*,*,#9171,.F.);
#9171 = EDGE_CURVE('',#3059,#9149,#9172,.T.);
#9172 = SURFACE_CURVE('',#9173,(#9177,#9184),.PCURVE_S1.);
#9173 = LINE('',#9174,#9175);
#9174 = CARTESIAN_POINT('',(8.10791015625,-7.614501953125,0.2));
#9175 = VECTOR('',#9176,1.);
#9176 = DIRECTION('',(0.,0.,-1.));
#9177 = PCURVE('',#3145,#9178);
#9178 = DEFINITIONAL_REPRESENTATION('',(#9179),#9183);
#9179 = LINE('',#9180,#9181);
#9180 = CARTESIAN_POINT('',(1.,0.));
#9181 = VECTOR('',#9182,1.);
#9182 = DIRECTION('',(0.,-1.));
#9183 = ( GEOMETRIC_REPRESENTATION_CONTEXT(2) 
PARAMETRIC_REPRESENTATION_CONTEXT() REPRESENTATION_CONTEXT('2D SPACE',''
  ) );
#9184 = PCURVE('',#3092,#9185);
#9185 = DEFINITIONAL_REPRESENTATION('',(#9186),#9190);
#9186 = LINE('',#9187,#9188);
#9187 = CARTESIAN_POINT('',(0.,0.));
#9188 = VECTOR('',#9189,1.);
#9189 = DIRECTION('',(0.,-1.));
#9190 = ( GEOMETRIC_REPRESENTATION_CONTEXT(2) 
PARAMETRIC_REPRESENTATION_CONTEXT() REPRESENTATION_CONTEXT('2D SPACE',''
  ) );
#9191 = ADVANCED_FACE('',(#9192),#3092,.T.);
#9192 = FACE_BOUND('',#9193,.T.);
#9193 = EDGE_LOOP('',(#9194,#9195,#9196,#9219));
#9194 = ORIENTED_EDGE('',*,*,#3058,.T.);
#9195 = ORIENTED_EDGE('',*,*,#9171,.T.);
#9196 = ORIENTED_EDGE('',*,*,#9197,.T.);
#9197 = EDGE_CURVE('',#9149,#9198,#9200,.T.);
#9198 = VERTEX_POINT('',#9199);
#9199 = CARTESIAN_POINT('',(7.798828125,-7.163330078125,-0.4));
#9200 = SURFACE_CURVE('',#9201,(#9205,#9212),.PCURVE_S1.);
#9201 = B_SPLINE_CURVE_WITH_KNOTS('',2,(#9202,#9203,#9204),
  .UNSPECIFIED.,.F.,.F.,(3,3),(0.,1.),.PIECEWISE_BEZIER_KNOTS.);
#9202 = CARTESIAN_POINT('',(8.10791015625,-7.614501953125,-0.4));
#9203 = CARTESIAN_POINT('',(8.10791015625,-7.331787109375,-0.4));
#9204 = CARTESIAN_POINT('',(7.798828125,-7.163330078125,-0.4));
#9205 = PCURVE('',#3092,#9206);
#9206 = DEFINITIONAL_REPRESENTATION('',(#9207),#9211);
#9207 = LINE('',#9208,#9209);
#9208 = CARTESIAN_POINT('',(0.,-0.6));
#9209 = VECTOR('',#9210,1.);
#9210 = DIRECTION('',(1.,0.));
#9211 = ( GEOMETRIC_REPRESENTATION_CONTEXT(2) 
PARAMETRIC_REPRESENTATION_CONTEXT() REPRESENTATION_CONTEXT('2D SPACE',''
  ) );
#9212 = PCURVE('',#8179,#9213);
#9213 = DEFINITIONAL_REPRESENTATION('',(#9214),#9218);
#9214 = B_SPLINE_CURVE_WITH_KNOTS('',2,(#9215,#9216,#9217),
  .UNSPECIFIED.,.F.,.F.,(3,3),(0.,1.),.PIECEWISE_BEZIER_KNOTS.);
#9215 = CARTESIAN_POINT('',(1.44287109375,1.60546875));
#9216 = CARTESIAN_POINT('',(1.44287109375,1.32275390625));
#9217 = CARTESIAN_POINT('',(1.1337890625,1.154296875));
#9218 = ( GEOMETRIC_REPRESENTATION_CONTEXT(2) 
PARAMETRIC_REPRESENTATION_CONTEXT() REPRESENTATION_CONTEXT('2D SPACE',''
  ) );
#9219 = ORIENTED_EDGE('',*,*,#9220,.F.);
#9220 = EDGE_CURVE('',#3008,#9198,#9221,.T.);
#9221 = SURFACE_CURVE('',#9222,(#9226,#9233),.PCURVE_S1.);
#9222 = LINE('',#9223,#9224);
#9223 = CARTESIAN_POINT('',(7.798828125,-7.163330078125,0.2));
#9224 = VECTOR('',#9225,1.);
#9225 = DIRECTION('',(0.,0.,-1.));
#9226 = PCURVE('',#3092,#9227);
#9227 = DEFINITIONAL_REPRESENTATION('',(#9228),#9232);
#9228 = LINE('',#9229,#9230);
#9229 = CARTESIAN_POINT('',(1.,0.));
#9230 = VECTOR('',#9231,1.);
#9231 = DIRECTION('',(0.,-1.));
#9232 = ( GEOMETRIC_REPRESENTATION_CONTEXT(2) 
PARAMETRIC_REPRESENTATION_CONTEXT() REPRESENTATION_CONTEXT('2D SPACE',''
  ) );
#9233 = PCURVE('',#3037,#9234);
#9234 = DEFINITIONAL_REPRESENTATION('',(#9235),#9239);
#9235 = LINE('',#9236,#9237);
#9236 = CARTESIAN_POINT('',(0.,0.));
#9237 = VECTOR('',#9238,1.);
#9238 = DIRECTION('',(0.,-1.));
#9239 = ( GEOMETRIC_REPRESENTATION_CONTEXT(2) 
PARAMETRIC_REPRESENTATION_CONTEXT() REPRESENTATION_CONTEXT('2D SPACE',''
  ) );
#9240 = ADVANCED_FACE('',(#9241),#3037,.T.);
#9241 = FACE_BOUND('',#9242,.T.);
#9242 = EDGE_LOOP('',(#9243,#9244,#9245,#9268));
#9243 = ORIENTED_EDGE('',*,*,#3007,.T.);
#9244 = ORIENTED_EDGE('',*,*,#9220,.T.);
#9245 = ORIENTED_EDGE('',*,*,#9246,.T.);
#9246 = EDGE_CURVE('',#9198,#9247,#9249,.T.);
#9247 = VERTEX_POINT('',#9248);
#9248 = CARTESIAN_POINT('',(8.093994140625,-6.986083984375,-0.4));
#9249 = SURFACE_CURVE('',#9250,(#9254,#9261),.PCURVE_S1.);
#9250 = B_SPLINE_CURVE_WITH_KNOTS('',2,(#9251,#9252,#9253),
  .UNSPECIFIED.,.F.,.F.,(3,3),(0.,1.),.PIECEWISE_BEZIER_KNOTS.);
#9251 = CARTESIAN_POINT('',(7.798828125,-7.163330078125,-0.4));
#9252 = CARTESIAN_POINT('',(7.9833984375,-7.123779296875,-0.4));
#9253 = CARTESIAN_POINT('',(8.093994140625,-6.986083984375,-0.4));
#9254 = PCURVE('',#3037,#9255);
#9255 = DEFINITIONAL_REPRESENTATION('',(#9256),#9260);
#9256 = LINE('',#9257,#9258);
#9257 = CARTESIAN_POINT('',(0.,-0.6));
#9258 = VECTOR('',#9259,1.);
#9259 = DIRECTION('',(1.,0.));
#9260 = ( GEOMETRIC_REPRESENTATION_CONTEXT(2) 
PARAMETRIC_REPRESENTATION_CONTEXT() REPRESENTATION_CONTEXT('2D SPACE',''
  ) );
#9261 = PCURVE('',#8179,#9262);
#9262 = DEFINITIONAL_REPRESENTATION('',(#9263),#9267);
#9263 = B_SPLINE_CURVE_WITH_KNOTS('',2,(#9264,#9265,#9266),
  .UNSPECIFIED.,.F.,.F.,(3,3),(0.,1.),.PIECEWISE_BEZIER_KNOTS.);
#9264 = CARTESIAN_POINT('',(1.1337890625,1.154296875));
#9265 = CARTESIAN_POINT('',(1.318359375,1.11474609375));
#9266 = CARTESIAN_POINT('',(1.428955078125,0.97705078125));
#9267 = ( GEOMETRIC_REPRESENTATION_CONTEXT(2) 
PARAMETRIC_REPRESENTATION_CONTEXT() REPRESENTATION_CONTEXT('2D SPACE',''
  ) );
#9268 = ORIENTED_EDGE('',*,*,#9269,.F.);
#9269 = EDGE_CURVE('',#2957,#9247,#9270,.T.);
#9270 = SURFACE_CURVE('',#9271,(#9275,#9282),.PCURVE_S1.);
#9271 = LINE('',#9272,#9273);
#9272 = CARTESIAN_POINT('',(8.093994140625,-6.986083984375,0.2));
#9273 = VECTOR('',#9274,1.);
#9274 = DIRECTION('',(0.,0.,-1.));
#9275 = PCURVE('',#3037,#9276);
#9276 = DEFINITIONAL_REPRESENTATION('',(#9277),#9281);
#9277 = LINE('',#9278,#9279);
#9278 = CARTESIAN_POINT('',(1.,0.));
#9279 = VECTOR('',#9280,1.);
#9280 = DIRECTION('',(0.,-1.));
#9281 = ( GEOMETRIC_REPRESENTATION_CONTEXT(2) 
PARAMETRIC_REPRESENTATION_CONTEXT() REPRESENTATION_CONTEXT('2D SPACE',''
  ) );
#9282 = PCURVE('',#2986,#9283);
#9283 = DEFINITIONAL_REPRESENTATION('',(#9284),#9288);
#9284 = LINE('',#9285,#9286);
#9285 = CARTESIAN_POINT('',(0.,0.));
#9286 = VECTOR('',#9287,1.);
#9287 = DIRECTION('',(0.,-1.));
#9288 = ( GEOMETRIC_REPRESENTATION_CONTEXT(2) 
PARAMETRIC_REPRESENTATION_CONTEXT() REPRESENTATION_CONTEXT('2D SPACE',''
  ) );
#9289 = ADVANCED_FACE('',(#9290),#2986,.T.);
#9290 = FACE_BOUND('',#9291,.T.);
#9291 = EDGE_LOOP('',(#9292,#9293,#9294,#9317));
#9292 = ORIENTED_EDGE('',*,*,#2956,.T.);
#9293 = ORIENTED_EDGE('',*,*,#9269,.T.);
#9294 = ORIENTED_EDGE('',*,*,#9295,.T.);
#9295 = EDGE_CURVE('',#9247,#9296,#9298,.T.);
#9296 = VERTEX_POINT('',#9297);
#9297 = CARTESIAN_POINT('',(8.20458984375,-6.653564453125,-0.4));
#9298 = SURFACE_CURVE('',#9299,(#9303,#9310),.PCURVE_S1.);
#9299 = B_SPLINE_CURVE_WITH_KNOTS('',2,(#9300,#9301,#9302),
  .UNSPECIFIED.,.F.,.F.,(3,3),(0.,1.),.PIECEWISE_BEZIER_KNOTS.);
#9300 = CARTESIAN_POINT('',(8.093994140625,-6.986083984375,-0.4));
#9301 = CARTESIAN_POINT('',(8.20458984375,-6.848388671875,-0.4));
#9302 = CARTESIAN_POINT('',(8.20458984375,-6.653564453125,-0.4));
#9303 = PCURVE('',#2986,#9304);
#9304 = DEFINITIONAL_REPRESENTATION('',(#9305),#9309);
#9305 = LINE('',#9306,#9307);
#9306 = CARTESIAN_POINT('',(0.,-0.6));
#9307 = VECTOR('',#9308,1.);
#9308 = DIRECTION('',(1.,0.));
#9309 = ( GEOMETRIC_REPRESENTATION_CONTEXT(2) 
PARAMETRIC_REPRESENTATION_CONTEXT() REPRESENTATION_CONTEXT('2D SPACE',''
  ) );
#9310 = PCURVE('',#8179,#9311);
#9311 = DEFINITIONAL_REPRESENTATION('',(#9312),#9316);
#9312 = B_SPLINE_CURVE_WITH_KNOTS('',2,(#9313,#9314,#9315),
  .UNSPECIFIED.,.F.,.F.,(3,3),(0.,1.),.PIECEWISE_BEZIER_KNOTS.);
#9313 = CARTESIAN_POINT('',(1.428955078125,0.97705078125));
#9314 = CARTESIAN_POINT('',(1.53955078125,0.83935546875));
#9315 = CARTESIAN_POINT('',(1.53955078125,0.64453125));
#9316 = ( GEOMETRIC_REPRESENTATION_CONTEXT(2) 
PARAMETRIC_REPRESENTATION_CONTEXT() REPRESENTATION_CONTEXT('2D SPACE',''
  ) );
#9317 = ORIENTED_EDGE('',*,*,#9318,.F.);
#9318 = EDGE_CURVE('',#2906,#9296,#9319,.T.);
#9319 = SURFACE_CURVE('',#9320,(#9324,#9331),.PCURVE_S1.);
#9320 = LINE('',#9321,#9322);
#9321 = CARTESIAN_POINT('',(8.20458984375,-6.653564453125,0.2));
#9322 = VECTOR('',#9323,1.);
#9323 = DIRECTION('',(0.,0.,-1.));
#9324 = PCURVE('',#2986,#9325);
#9325 = DEFINITIONAL_REPRESENTATION('',(#9326),#9330);
#9326 = LINE('',#9327,#9328);
#9327 = CARTESIAN_POINT('',(1.,0.));
#9328 = VECTOR('',#9329,1.);
#9329 = DIRECTION('',(0.,-1.));
#9330 = ( GEOMETRIC_REPRESENTATION_CONTEXT(2) 
PARAMETRIC_REPRESENTATION_CONTEXT() REPRESENTATION_CONTEXT('2D SPACE',''
  ) );
#9331 = PCURVE('',#2935,#9332);
#9332 = DEFINITIONAL_REPRESENTATION('',(#9333),#9337);
#9333 = LINE('',#9334,#9335);
#9334 = CARTESIAN_POINT('',(0.,0.));
#9335 = VECTOR('',#9336,1.);
#9336 = DIRECTION('',(0.,-1.));
#9337 = ( GEOMETRIC_REPRESENTATION_CONTEXT(2) 
PARAMETRIC_REPRESENTATION_CONTEXT() REPRESENTATION_CONTEXT('2D SPACE',''
  ) );
#9338 = ADVANCED_FACE('',(#9339),#2935,.T.);
#9339 = FACE_BOUND('',#9340,.T.);
#9340 = EDGE_LOOP('',(#9341,#9342,#9343,#9366));
#9341 = ORIENTED_EDGE('',*,*,#2905,.T.);
#9342 = ORIENTED_EDGE('',*,*,#9318,.T.);
#9343 = ORIENTED_EDGE('',*,*,#9344,.T.);
#9344 = EDGE_CURVE('',#9296,#9345,#9347,.T.);
#9345 = VERTEX_POINT('',#9346);
#9346 = CARTESIAN_POINT('',(7.998046875,-6.171630859375,-0.4));
#9347 = SURFACE_CURVE('',#9348,(#9352,#9359),.PCURVE_S1.);
#9348 = B_SPLINE_CURVE_WITH_KNOTS('',2,(#9349,#9350,#9351),
  .UNSPECIFIED.,.F.,.F.,(3,3),(0.,1.),.PIECEWISE_BEZIER_KNOTS.);
#9349 = CARTESIAN_POINT('',(8.20458984375,-6.653564453125,-0.4));
#9350 = CARTESIAN_POINT('',(8.20458984375,-6.370849609375,-0.4));
#9351 = CARTESIAN_POINT('',(7.998046875,-6.171630859375,-0.4));
#9352 = PCURVE('',#2935,#9353);
#9353 = DEFINITIONAL_REPRESENTATION('',(#9354),#9358);
#9354 = LINE('',#9355,#9356);
#9355 = CARTESIAN_POINT('',(0.,-0.6));
#9356 = VECTOR('',#9357,1.);
#9357 = DIRECTION('',(1.,0.));
#9358 = ( GEOMETRIC_REPRESENTATION_CONTEXT(2) 
PARAMETRIC_REPRESENTATION_CONTEXT() REPRESENTATION_CONTEXT('2D SPACE',''
  ) );
#9359 = PCURVE('',#8179,#9360);
#9360 = DEFINITIONAL_REPRESENTATION('',(#9361),#9365);
#9361 = B_SPLINE_CURVE_WITH_KNOTS('',2,(#9362,#9363,#9364),
  .UNSPECIFIED.,.F.,.F.,(3,3),(0.,1.),.PIECEWISE_BEZIER_KNOTS.);
#9362 = CARTESIAN_POINT('',(1.53955078125,0.64453125));
#9363 = CARTESIAN_POINT('',(1.53955078125,0.36181640625));
#9364 = CARTESIAN_POINT('',(1.3330078125,0.16259765625));
#9365 = ( GEOMETRIC_REPRESENTATION_CONTEXT(2) 
PARAMETRIC_REPRESENTATION_CONTEXT() REPRESENTATION_CONTEXT('2D SPACE',''
  ) );
#9366 = ORIENTED_EDGE('',*,*,#9367,.F.);
#9367 = EDGE_CURVE('',#2855,#9345,#9368,.T.);
#9368 = SURFACE_CURVE('',#9369,(#9373,#9380),.PCURVE_S1.);
#9369 = LINE('',#9370,#9371);
#9370 = CARTESIAN_POINT('',(7.998046875,-6.171630859375,0.2));
#9371 = VECTOR('',#9372,1.);
#9372 = DIRECTION('',(0.,0.,-1.));
#9373 = PCURVE('',#2935,#9374);
#9374 = DEFINITIONAL_REPRESENTATION('',(#9375),#9379);
#9375 = LINE('',#9376,#9377);
#9376 = CARTESIAN_POINT('',(1.,0.));
#9377 = VECTOR('',#9378,1.);
#9378 = DIRECTION('',(0.,-1.));
#9379 = ( GEOMETRIC_REPRESENTATION_CONTEXT(2) 
PARAMETRIC_REPRESENTATION_CONTEXT() REPRESENTATION_CONTEXT('2D SPACE',''
  ) );
#9380 = PCURVE('',#2884,#9381);
#9381 = DEFINITIONAL_REPRESENTATION('',(#9382),#9386);
#9382 = LINE('',#9383,#9384);
#9383 = CARTESIAN_POINT('',(0.,0.));
#9384 = VECTOR('',#9385,1.);
#9385 = DIRECTION('',(0.,-1.));
#9386 = ( GEOMETRIC_REPRESENTATION_CONTEXT(2) 
PARAMETRIC_REPRESENTATION_CONTEXT() REPRESENTATION_CONTEXT('2D SPACE',''
  ) );
#9387 = ADVANCED_FACE('',(#9388),#2884,.T.);
#9388 = FACE_BOUND('',#9389,.T.);
#9389 = EDGE_LOOP('',(#9390,#9391,#9392,#9415));
#9390 = ORIENTED_EDGE('',*,*,#2854,.T.);
#9391 = ORIENTED_EDGE('',*,*,#9367,.T.);
#9392 = ORIENTED_EDGE('',*,*,#9393,.T.);
#9393 = EDGE_CURVE('',#9345,#9394,#9396,.T.);
#9394 = VERTEX_POINT('',#9395);
#9395 = CARTESIAN_POINT('',(7.48388671875,-5.972412109375,-0.4));
#9396 = SURFACE_CURVE('',#9397,(#9401,#9408),.PCURVE_S1.);
#9397 = B_SPLINE_CURVE_WITH_KNOTS('',2,(#9398,#9399,#9400),
  .UNSPECIFIED.,.F.,.F.,(3,3),(0.,1.),.PIECEWISE_BEZIER_KNOTS.);
#9398 = CARTESIAN_POINT('',(7.998046875,-6.171630859375,-0.4));
#9399 = CARTESIAN_POINT('',(7.79150390625,-5.972412109375,-0.4));
#9400 = CARTESIAN_POINT('',(7.48388671875,-5.972412109375,-0.4));
#9401 = PCURVE('',#2884,#9402);
#9402 = DEFINITIONAL_REPRESENTATION('',(#9403),#9407);
#9403 = LINE('',#9404,#9405);
#9404 = CARTESIAN_POINT('',(0.,-0.6));
#9405 = VECTOR('',#9406,1.);
#9406 = DIRECTION('',(1.,0.));
#9407 = ( GEOMETRIC_REPRESENTATION_CONTEXT(2) 
PARAMETRIC_REPRESENTATION_CONTEXT() REPRESENTATION_CONTEXT('2D SPACE',''
  ) );
#9408 = PCURVE('',#8179,#9409);
#9409 = DEFINITIONAL_REPRESENTATION('',(#9410),#9414);
#9410 = B_SPLINE_CURVE_WITH_KNOTS('',2,(#9411,#9412,#9413),
  .UNSPECIFIED.,.F.,.F.,(3,3),(0.,1.),.PIECEWISE_BEZIER_KNOTS.);
#9411 = CARTESIAN_POINT('',(1.3330078125,0.16259765625));
#9412 = CARTESIAN_POINT('',(1.12646484375,-3.662109375E-02));
#9413 = CARTESIAN_POINT('',(0.81884765625,-3.662109375E-02));
#9414 = ( GEOMETRIC_REPRESENTATION_CONTEXT(2) 
PARAMETRIC_REPRESENTATION_CONTEXT() REPRESENTATION_CONTEXT('2D SPACE',''
  ) );
#9415 = ORIENTED_EDGE('',*,*,#9416,.F.);
#9416 = EDGE_CURVE('',#2804,#9394,#9417,.T.);
#9417 = SURFACE_CURVE('',#9418,(#9422,#9429),.PCURVE_S1.);
#9418 = LINE('',#9419,#9420);
#9419 = CARTESIAN_POINT('',(7.48388671875,-5.972412109375,0.2));
#9420 = VECTOR('',#9421,1.);
#9421 = DIRECTION('',(0.,0.,-1.));
#9422 = PCURVE('',#2884,#9423);
#9423 = DEFINITIONAL_REPRESENTATION('',(#9424),#9428);
#9424 = LINE('',#9425,#9426);
#9425 = CARTESIAN_POINT('',(1.,0.));
#9426 = VECTOR('',#9427,1.);
#9427 = DIRECTION('',(0.,-1.));
#9428 = ( GEOMETRIC_REPRESENTATION_CONTEXT(2) 
PARAMETRIC_REPRESENTATION_CONTEXT() REPRESENTATION_CONTEXT('2D SPACE',''
  ) );
#9429 = PCURVE('',#2833,#9430);
#9430 = DEFINITIONAL_REPRESENTATION('',(#9431),#9435);
#9431 = LINE('',#9432,#9433);
#9432 = CARTESIAN_POINT('',(0.,0.));
#9433 = VECTOR('',#9434,1.);
#9434 = DIRECTION('',(0.,-1.));
#9435 = ( GEOMETRIC_REPRESENTATION_CONTEXT(2) 
PARAMETRIC_REPRESENTATION_CONTEXT() REPRESENTATION_CONTEXT('2D SPACE',''
  ) );
#9436 = ADVANCED_FACE('',(#9437),#2833,.T.);
#9437 = FACE_BOUND('',#9438,.T.);
#9438 = EDGE_LOOP('',(#9439,#9440,#9441,#9464));
#9439 = ORIENTED_EDGE('',*,*,#2803,.T.);
#9440 = ORIENTED_EDGE('',*,*,#9416,.T.);
#9441 = ORIENTED_EDGE('',*,*,#9442,.T.);
#9442 = EDGE_CURVE('',#9394,#9443,#9445,.T.);
#9443 = VERTEX_POINT('',#9444);
#9444 = CARTESIAN_POINT('',(7.00048828125,-6.14013671875,-0.4));
#9445 = SURFACE_CURVE('',#9446,(#9450,#9457),.PCURVE_S1.);
#9446 = B_SPLINE_CURVE_WITH_KNOTS('',2,(#9447,#9448,#9449),
  .UNSPECIFIED.,.F.,.F.,(3,3),(0.,1.),.PIECEWISE_BEZIER_KNOTS.);
#9447 = CARTESIAN_POINT('',(7.48388671875,-5.972412109375,-0.4));
#9448 = CARTESIAN_POINT('',(7.1923828125,-5.972412109375,-0.4));
#9449 = CARTESIAN_POINT('',(7.00048828125,-6.14013671875,-0.4));
#9450 = PCURVE('',#2833,#9451);
#9451 = DEFINITIONAL_REPRESENTATION('',(#9452),#9456);
#9452 = LINE('',#9453,#9454);
#9453 = CARTESIAN_POINT('',(0.,-0.6));
#9454 = VECTOR('',#9455,1.);
#9455 = DIRECTION('',(1.,0.));
#9456 = ( GEOMETRIC_REPRESENTATION_CONTEXT(2) 
PARAMETRIC_REPRESENTATION_CONTEXT() REPRESENTATION_CONTEXT('2D SPACE',''
  ) );
#9457 = PCURVE('',#8179,#9458);
#9458 = DEFINITIONAL_REPRESENTATION('',(#9459),#9463);
#9459 = B_SPLINE_CURVE_WITH_KNOTS('',2,(#9460,#9461,#9462),
  .UNSPECIFIED.,.F.,.F.,(3,3),(0.,1.),.PIECEWISE_BEZIER_KNOTS.);
#9460 = CARTESIAN_POINT('',(0.81884765625,-3.662109375E-02));
#9461 = CARTESIAN_POINT('',(0.52734375,-3.662109375E-02));
#9462 = CARTESIAN_POINT('',(0.33544921875,0.131103515625));
#9463 = ( GEOMETRIC_REPRESENTATION_CONTEXT(2) 
PARAMETRIC_REPRESENTATION_CONTEXT() REPRESENTATION_CONTEXT('2D SPACE',''
  ) );
#9464 = ORIENTED_EDGE('',*,*,#9465,.F.);
#9465 = EDGE_CURVE('',#2753,#9443,#9466,.T.);
#9466 = SURFACE_CURVE('',#9467,(#9471,#9478),.PCURVE_S1.);
#9467 = LINE('',#9468,#9469);
#9468 = CARTESIAN_POINT('',(7.00048828125,-6.14013671875,0.2));
#9469 = VECTOR('',#9470,1.);
#9470 = DIRECTION('',(0.,0.,-1.));
#9471 = PCURVE('',#2833,#9472);
#9472 = DEFINITIONAL_REPRESENTATION('',(#9473),#9477);
#9473 = LINE('',#9474,#9475);
#9474 = CARTESIAN_POINT('',(1.,0.));
#9475 = VECTOR('',#9476,1.);
#9476 = DIRECTION('',(0.,-1.));
#9477 = ( GEOMETRIC_REPRESENTATION_CONTEXT(2) 
PARAMETRIC_REPRESENTATION_CONTEXT() REPRESENTATION_CONTEXT('2D SPACE',''
  ) );
#9478 = PCURVE('',#2782,#9479);
#9479 = DEFINITIONAL_REPRESENTATION('',(#9480),#9484);
#9480 = LINE('',#9481,#9482);
#9481 = CARTESIAN_POINT('',(0.,0.));
#9482 = VECTOR('',#9483,1.);
#9483 = DIRECTION('',(0.,-1.));
#9484 = ( GEOMETRIC_REPRESENTATION_CONTEXT(2) 
PARAMETRIC_REPRESENTATION_CONTEXT() REPRESENTATION_CONTEXT('2D SPACE',''
  ) );
#9485 = ADVANCED_FACE('',(#9486),#2782,.T.);
#9486 = FACE_BOUND('',#9487,.T.);
#9487 = EDGE_LOOP('',(#9488,#9489,#9490,#9511));
#9488 = ORIENTED_EDGE('',*,*,#2752,.T.);
#9489 = ORIENTED_EDGE('',*,*,#9465,.T.);
#9490 = ORIENTED_EDGE('',*,*,#9491,.T.);
#9491 = EDGE_CURVE('',#9443,#8141,#9492,.T.);
#9492 = SURFACE_CURVE('',#9493,(#9497,#9504),.PCURVE_S1.);
#9493 = B_SPLINE_CURVE_WITH_KNOTS('',2,(#9494,#9495,#9496),
  .UNSPECIFIED.,.F.,.F.,(3,3),(0.,1.),.PIECEWISE_BEZIER_KNOTS.);
#9494 = CARTESIAN_POINT('',(7.00048828125,-6.14013671875,-0.4));
#9495 = CARTESIAN_POINT('',(6.80859375,-6.307861328125,-0.4));
#9496 = CARTESIAN_POINT('',(6.77783203125,-6.578857421875,-0.4));
#9497 = PCURVE('',#2782,#9498);
#9498 = DEFINITIONAL_REPRESENTATION('',(#9499),#9503);
#9499 = LINE('',#9500,#9501);
#9500 = CARTESIAN_POINT('',(0.,-0.6));
#9501 = VECTOR('',#9502,1.);
#9502 = DIRECTION('',(1.,0.));
#9503 = ( GEOMETRIC_REPRESENTATION_CONTEXT(2) 
PARAMETRIC_REPRESENTATION_CONTEXT() REPRESENTATION_CONTEXT('2D SPACE',''
  ) );
#9504 = PCURVE('',#8179,#9505);
#9505 = DEFINITIONAL_REPRESENTATION('',(#9506),#9510);
#9506 = B_SPLINE_CURVE_WITH_KNOTS('',2,(#9507,#9508,#9509),
  .UNSPECIFIED.,.F.,.F.,(3,3),(0.,1.),.PIECEWISE_BEZIER_KNOTS.);
#9507 = CARTESIAN_POINT('',(0.33544921875,0.131103515625));
#9508 = CARTESIAN_POINT('',(0.1435546875,0.298828125));
#9509 = CARTESIAN_POINT('',(0.11279296875,0.56982421875));
#9510 = ( GEOMETRIC_REPRESENTATION_CONTEXT(2) 
PARAMETRIC_REPRESENTATION_CONTEXT() REPRESENTATION_CONTEXT('2D SPACE',''
  ) );
#9511 = ORIENTED_EDGE('',*,*,#8140,.F.);
#9512 = ADVANCED_FACE('',(#9513),#3965,.F.);
#9513 = FACE_BOUND('',#9514,.T.);
#9514 = EDGE_LOOP('',(#9515,#9516,#9537,#9538));
#9515 = ORIENTED_EDGE('',*,*,#3944,.T.);
#9516 = ORIENTED_EDGE('',*,*,#9517,.T.);
#9517 = EDGE_CURVE('',#3945,#4290,#9518,.T.);
#9518 = SEAM_CURVE('',#9519,(#9523,#9530),.PCURVE_S1.);
#9519 = LINE('',#9520,#9521);
#9520 = CARTESIAN_POINT('',(-13.15,0.,-1.));
#9521 = VECTOR('',#9522,1.);
#9522 = DIRECTION('',(0.,0.,1.));
#9523 = PCURVE('',#3965,#9524);
#9524 = DEFINITIONAL_REPRESENTATION('',(#9525),#9529);
#9525 = LINE('',#9526,#9527);
#9526 = CARTESIAN_POINT('',(-6.28318530718,0.));
#9527 = VECTOR('',#9528,1.);
#9528 = DIRECTION('',(-0.,-1.));
#9529 = ( GEOMETRIC_REPRESENTATION_CONTEXT(2) 
PARAMETRIC_REPRESENTATION_CONTEXT() REPRESENTATION_CONTEXT('2D SPACE',''
  ) );
#9530 = PCURVE('',#3965,#9531);
#9531 = DEFINITIONAL_REPRESENTATION('',(#9532),#9536);
#9532 = LINE('',#9533,#9534);
#9533 = CARTESIAN_POINT('',(-0.,0.));
#9534 = VECTOR('',#9535,1.);
#9535 = DIRECTION('',(-0.,-1.));
#9536 = ( GEOMETRIC_REPRESENTATION_CONTEXT(2) 
PARAMETRIC_REPRESENTATION_CONTEXT() REPRESENTATION_CONTEXT('2D SPACE',''
  ) );
#9537 = ORIENTED_EDGE('',*,*,#4289,.F.);
#9538 = ORIENTED_EDGE('',*,*,#9517,.F.);
#9539 = ADVANCED_FACE('',(#9540),#3996,.T.);
#9540 = FACE_BOUND('',#9541,.T.);
#9541 = EDGE_LOOP('',(#9542,#9543,#9566,#9592));
#9542 = ORIENTED_EDGE('',*,*,#3979,.T.);
#9543 = ORIENTED_EDGE('',*,*,#9544,.T.);
#9544 = EDGE_CURVE('',#3982,#9545,#9547,.T.);
#9545 = VERTEX_POINT('',#9546);
#9546 = CARTESIAN_POINT('',(7.,-4.,3.));
#9547 = SURFACE_CURVE('',#9548,(#9552,#9559),.PCURVE_S1.);
#9548 = LINE('',#9549,#9550);
#9549 = CARTESIAN_POINT('',(7.,-4.,-1.));
#9550 = VECTOR('',#9551,1.);
#9551 = DIRECTION('',(0.,0.,1.));
#9552 = PCURVE('',#3996,#9553);
#9553 = DEFINITIONAL_REPRESENTATION('',(#9554),#9558);
#9554 = LINE('',#9555,#9556);
#9555 = CARTESIAN_POINT('',(0.,0.));
#9556 = VECTOR('',#9557,1.);
#9557 = DIRECTION('',(0.,-1.));
#9558 = ( GEOMETRIC_REPRESENTATION_CONTEXT(2) 
PARAMETRIC_REPRESENTATION_CONTEXT() REPRESENTATION_CONTEXT('2D SPACE',''
  ) );
#9559 = PCURVE('',#4022,#9560);
#9560 = DEFINITIONAL_REPRESENTATION('',(#9561),#9565);
#9561 = LINE('',#9562,#9563);
#9562 = CARTESIAN_POINT('',(14.,0.));
#9563 = VECTOR('',#9564,1.);
#9564 = DIRECTION('',(0.,-1.));
#9565 = ( GEOMETRIC_REPRESENTATION_CONTEXT(2) 
PARAMETRIC_REPRESENTATION_CONTEXT() REPRESENTATION_CONTEXT('2D SPACE',''
  ) );
#9566 = ORIENTED_EDGE('',*,*,#9567,.F.);
#9567 = EDGE_CURVE('',#9568,#9545,#9570,.T.);
#9568 = VERTEX_POINT('',#9569);
#9569 = CARTESIAN_POINT('',(7.,4.,3.));
#9570 = SURFACE_CURVE('',#9571,(#9575,#9581),.PCURVE_S1.);
#9571 = LINE('',#9572,#9573);
#9572 = CARTESIAN_POINT('',(7.,-7.,3.));
#9573 = VECTOR('',#9574,1.);
#9574 = DIRECTION('',(0.,-1.,0.));
#9575 = PCURVE('',#3996,#9576);
#9576 = DEFINITIONAL_REPRESENTATION('',(#9577),#9580);
#9577 = B_SPLINE_CURVE_WITH_KNOTS('',1,(#9578,#9579),.UNSPECIFIED.,.F.,
  .F.,(2,2),(-11.,-3.),.PIECEWISE_BEZIER_KNOTS.);
#9578 = CARTESIAN_POINT('',(8.,-4.));
#9579 = CARTESIAN_POINT('',(0.,-4.));
#9580 = ( GEOMETRIC_REPRESENTATION_CONTEXT(2) 
PARAMETRIC_REPRESENTATION_CONTEXT() REPRESENTATION_CONTEXT('2D SPACE',''
  ) );
#9581 = PCURVE('',#9582,#9587);
#9582 = PLANE('',#9583);
#9583 = AXIS2_PLACEMENT_3D('',#9584,#9585,#9586);
#9584 = CARTESIAN_POINT('',(-17.,-10.,3.));
#9585 = DIRECTION('',(0.,0.,1.));
#9586 = DIRECTION('',(1.,0.,0.));
#9587 = DEFINITIONAL_REPRESENTATION('',(#9588),#9591);
#9588 = B_SPLINE_CURVE_WITH_KNOTS('',1,(#9589,#9590),.UNSPECIFIED.,.F.,
  .F.,(2,2),(-11.,-3.),.PIECEWISE_BEZIER_KNOTS.);
#9589 = CARTESIAN_POINT('',(24.,14.));
#9590 = CARTESIAN_POINT('',(24.,6.));
#9591 = ( GEOMETRIC_REPRESENTATION_CONTEXT(2) 
PARAMETRIC_REPRESENTATION_CONTEXT() REPRESENTATION_CONTEXT('2D SPACE',''
  ) );
#9592 = ORIENTED_EDGE('',*,*,#9593,.F.);
#9593 = EDGE_CURVE('',#3980,#9568,#9594,.T.);
#9594 = SURFACE_CURVE('',#9595,(#9599,#9606),.PCURVE_S1.);
#9595 = LINE('',#9596,#9597);
#9596 = CARTESIAN_POINT('',(7.,4.,-1.));
#9597 = VECTOR('',#9598,1.);
#9598 = DIRECTION('',(0.,0.,1.));
#9599 = PCURVE('',#3996,#9600);
#9600 = DEFINITIONAL_REPRESENTATION('',(#9601),#9605);
#9601 = LINE('',#9602,#9603);
#9602 = CARTESIAN_POINT('',(8.,0.));
#9603 = VECTOR('',#9604,1.);
#9604 = DIRECTION('',(0.,-1.));
#9605 = ( GEOMETRIC_REPRESENTATION_CONTEXT(2) 
PARAMETRIC_REPRESENTATION_CONTEXT() REPRESENTATION_CONTEXT('2D SPACE',''
  ) );
#9606 = PCURVE('',#4072,#9607);
#9607 = DEFINITIONAL_REPRESENTATION('',(#9608),#9612);
#9608 = LINE('',#9609,#9610);
#9609 = CARTESIAN_POINT('',(0.,-0.));
#9610 = VECTOR('',#9611,1.);
#9611 = DIRECTION('',(0.,-1.));
#9612 = ( GEOMETRIC_REPRESENTATION_CONTEXT(2) 
PARAMETRIC_REPRESENTATION_CONTEXT() REPRESENTATION_CONTEXT('2D SPACE',''
  ) );
#9613 = ADVANCED_FACE('',(#9614),#4072,.T.);
#9614 = FACE_BOUND('',#9615,.T.);
#9615 = EDGE_LOOP('',(#9616,#9617,#9618,#9639));
#9616 = ORIENTED_EDGE('',*,*,#4059,.T.);
#9617 = ORIENTED_EDGE('',*,*,#9593,.T.);
#9618 = ORIENTED_EDGE('',*,*,#9619,.F.);
#9619 = EDGE_CURVE('',#9620,#9568,#9622,.T.);
#9620 = VERTEX_POINT('',#9621);
#9621 = CARTESIAN_POINT('',(-7.,4.,3.));
#9622 = SURFACE_CURVE('',#9623,(#9627,#9633),.PCURVE_S1.);
#9623 = LINE('',#9624,#9625);
#9624 = CARTESIAN_POINT('',(-5.,4.,3.));
#9625 = VECTOR('',#9626,1.);
#9626 = DIRECTION('',(1.,0.,-0.));
#9627 = PCURVE('',#4072,#9628);
#9628 = DEFINITIONAL_REPRESENTATION('',(#9629),#9632);
#9629 = B_SPLINE_CURVE_WITH_KNOTS('',1,(#9630,#9631),.UNSPECIFIED.,.F.,
  .F.,(2,2),(-2.,12.),.PIECEWISE_BEZIER_KNOTS.);
#9630 = CARTESIAN_POINT('',(14.,-4.));
#9631 = CARTESIAN_POINT('',(0.,-4.));
#9632 = ( GEOMETRIC_REPRESENTATION_CONTEXT(2) 
PARAMETRIC_REPRESENTATION_CONTEXT() REPRESENTATION_CONTEXT('2D SPACE',''
  ) );
#9633 = PCURVE('',#9582,#9634);
#9634 = DEFINITIONAL_REPRESENTATION('',(#9635),#9638);
#9635 = B_SPLINE_CURVE_WITH_KNOTS('',1,(#9636,#9637),.UNSPECIFIED.,.F.,
  .F.,(2,2),(-2.,12.),.PIECEWISE_BEZIER_KNOTS.);
#9636 = CARTESIAN_POINT('',(10.,14.));
#9637 = CARTESIAN_POINT('',(24.,14.));
#9638 = ( GEOMETRIC_REPRESENTATION_CONTEXT(2) 
PARAMETRIC_REPRESENTATION_CONTEXT() REPRESENTATION_CONTEXT('2D SPACE',''
  ) );
#9639 = ORIENTED_EDGE('',*,*,#9640,.F.);
#9640 = EDGE_CURVE('',#4034,#9620,#9641,.T.);
#9641 = SURFACE_CURVE('',#9642,(#9646,#9653),.PCURVE_S1.);
#9642 = LINE('',#9643,#9644);
#9643 = CARTESIAN_POINT('',(-7.,4.,-1.));
#9644 = VECTOR('',#9645,1.);
#9645 = DIRECTION('',(0.,0.,1.));
#9646 = PCURVE('',#4072,#9647);
#9647 = DEFINITIONAL_REPRESENTATION('',(#9648),#9652);
#9648 = LINE('',#9649,#9650);
#9649 = CARTESIAN_POINT('',(14.,0.));
#9650 = VECTOR('',#9651,1.);
#9651 = DIRECTION('',(0.,-1.));
#9652 = ( GEOMETRIC_REPRESENTATION_CONTEXT(2) 
PARAMETRIC_REPRESENTATION_CONTEXT() REPRESENTATION_CONTEXT('2D SPACE',''
  ) );
#9653 = PCURVE('',#4048,#9654);
#9654 = DEFINITIONAL_REPRESENTATION('',(#9655),#9659);
#9655 = LINE('',#9656,#9657);
#9656 = CARTESIAN_POINT('',(0.,0.));
#9657 = VECTOR('',#9658,1.);
#9658 = DIRECTION('',(0.,-1.));
#9659 = ( GEOMETRIC_REPRESENTATION_CONTEXT(2) 
PARAMETRIC_REPRESENTATION_CONTEXT() REPRESENTATION_CONTEXT('2D SPACE',''
  ) );
#9660 = ADVANCED_FACE('',(#9661),#4022,.T.);
#9661 = FACE_BOUND('',#9662,.T.);
#9662 = EDGE_LOOP('',(#9663,#9664,#9687,#9706));
#9663 = ORIENTED_EDGE('',*,*,#4007,.T.);
#9664 = ORIENTED_EDGE('',*,*,#9665,.T.);
#9665 = EDGE_CURVE('',#4008,#9666,#9668,.T.);
#9666 = VERTEX_POINT('',#9667);
#9667 = CARTESIAN_POINT('',(-7.,-4.,3.));
#9668 = SURFACE_CURVE('',#9669,(#9673,#9680),.PCURVE_S1.);
#9669 = LINE('',#9670,#9671);
#9670 = CARTESIAN_POINT('',(-7.,-4.,-1.));
#9671 = VECTOR('',#9672,1.);
#9672 = DIRECTION('',(0.,0.,1.));
#9673 = PCURVE('',#4022,#9674);
#9674 = DEFINITIONAL_REPRESENTATION('',(#9675),#9679);
#9675 = LINE('',#9676,#9677);
#9676 = CARTESIAN_POINT('',(0.,0.));
#9677 = VECTOR('',#9678,1.);
#9678 = DIRECTION('',(0.,-1.));
#9679 = ( GEOMETRIC_REPRESENTATION_CONTEXT(2) 
PARAMETRIC_REPRESENTATION_CONTEXT() REPRESENTATION_CONTEXT('2D SPACE',''
  ) );
#9680 = PCURVE('',#4048,#9681);
#9681 = DEFINITIONAL_REPRESENTATION('',(#9682),#9686);
#9682 = LINE('',#9683,#9684);
#9683 = CARTESIAN_POINT('',(8.,0.));
#9684 = VECTOR('',#9685,1.);
#9685 = DIRECTION('',(0.,-1.));
#9686 = ( GEOMETRIC_REPRESENTATION_CONTEXT(2) 
PARAMETRIC_REPRESENTATION_CONTEXT() REPRESENTATION_CONTEXT('2D SPACE',''
  ) );
#9687 = ORIENTED_EDGE('',*,*,#9688,.F.);
#9688 = EDGE_CURVE('',#9545,#9666,#9689,.T.);
#9689 = SURFACE_CURVE('',#9690,(#9694,#9700),.PCURVE_S1.);
#9690 = LINE('',#9691,#9692);
#9691 = CARTESIAN_POINT('',(-12.,-4.,3.));
#9692 = VECTOR('',#9693,1.);
#9693 = DIRECTION('',(-1.,0.,0.));
#9694 = PCURVE('',#4022,#9695);
#9695 = DEFINITIONAL_REPRESENTATION('',(#9696),#9699);
#9696 = B_SPLINE_CURVE_WITH_KNOTS('',1,(#9697,#9698),.UNSPECIFIED.,.F.,
  .F.,(2,2),(-19.,-5.),.PIECEWISE_BEZIER_KNOTS.);
#9697 = CARTESIAN_POINT('',(14.,-4.));
#9698 = CARTESIAN_POINT('',(0.,-4.));
#9699 = ( GEOMETRIC_REPRESENTATION_CONTEXT(2) 
PARAMETRIC_REPRESENTATION_CONTEXT() REPRESENTATION_CONTEXT('2D SPACE',''
  ) );
#9700 = PCURVE('',#9582,#9701);
#9701 = DEFINITIONAL_REPRESENTATION('',(#9702),#9705);
#9702 = B_SPLINE_CURVE_WITH_KNOTS('',1,(#9703,#9704),.UNSPECIFIED.,.F.,
  .F.,(2,2),(-19.,-5.),.PIECEWISE_BEZIER_KNOTS.);
#9703 = CARTESIAN_POINT('',(24.,6.));
#9704 = CARTESIAN_POINT('',(10.,6.));
#9705 = ( GEOMETRIC_REPRESENTATION_CONTEXT(2) 
PARAMETRIC_REPRESENTATION_CONTEXT() REPRESENTATION_CONTEXT('2D SPACE',''
  ) );
#9706 = ORIENTED_EDGE('',*,*,#9544,.F.);
#9707 = ADVANCED_FACE('',(#9708),#4048,.T.);
#9708 = FACE_BOUND('',#9709,.T.);
#9709 = EDGE_LOOP('',(#9710,#9711,#9712,#9731));
#9710 = ORIENTED_EDGE('',*,*,#4033,.T.);
#9711 = ORIENTED_EDGE('',*,*,#9640,.T.);
#9712 = ORIENTED_EDGE('',*,*,#9713,.F.);
#9713 = EDGE_CURVE('',#9666,#9620,#9714,.T.);
#9714 = SURFACE_CURVE('',#9715,(#9719,#9725),.PCURVE_S1.);
#9715 = LINE('',#9716,#9717);
#9716 = CARTESIAN_POINT('',(-7.,-3.,3.));
#9717 = VECTOR('',#9718,1.);
#9718 = DIRECTION('',(-0.,1.,0.));
#9719 = PCURVE('',#4048,#9720);
#9720 = DEFINITIONAL_REPRESENTATION('',(#9721),#9724);
#9721 = B_SPLINE_CURVE_WITH_KNOTS('',1,(#9722,#9723),.UNSPECIFIED.,.F.,
  .F.,(2,2),(-1.,7.),.PIECEWISE_BEZIER_KNOTS.);
#9722 = CARTESIAN_POINT('',(8.,-4.));
#9723 = CARTESIAN_POINT('',(0.,-4.));
#9724 = ( GEOMETRIC_REPRESENTATION_CONTEXT(2) 
PARAMETRIC_REPRESENTATION_CONTEXT() REPRESENTATION_CONTEXT('2D SPACE',''
  ) );
#9725 = PCURVE('',#9582,#9726);
#9726 = DEFINITIONAL_REPRESENTATION('',(#9727),#9730);
#9727 = B_SPLINE_CURVE_WITH_KNOTS('',1,(#9728,#9729),.UNSPECIFIED.,.F.,
  .F.,(2,2),(-1.,7.),.PIECEWISE_BEZIER_KNOTS.);
#9728 = CARTESIAN_POINT('',(10.,6.));
#9729 = CARTESIAN_POINT('',(10.,14.));
#9730 = ( GEOMETRIC_REPRESENTATION_CONTEXT(2) 
PARAMETRIC_REPRESENTATION_CONTEXT() REPRESENTATION_CONTEXT('2D SPACE',''
  ) );
#9731 = ORIENTED_EDGE('',*,*,#9665,.F.);
#9732 = ADVANCED_FACE('',(#9733),#4106,.F.);
#9733 = FACE_BOUND('',#9734,.T.);
#9734 = EDGE_LOOP('',(#9735,#9736,#9757,#9758));
#9735 = ORIENTED_EDGE('',*,*,#4085,.T.);
#9736 = ORIENTED_EDGE('',*,*,#9737,.T.);
#9737 = EDGE_CURVE('',#4086,#4426,#9738,.T.);
#9738 = SEAM_CURVE('',#9739,(#9743,#9750),.PCURVE_S1.);
#9739 = LINE('',#9740,#9741);
#9740 = CARTESIAN_POINT('',(15.85,0.,-1.));
#9741 = VECTOR('',#9742,1.);
#9742 = DIRECTION('',(0.,0.,1.));
#9743 = PCURVE('',#4106,#9744);
#9744 = DEFINITIONAL_REPRESENTATION('',(#9745),#9749);
#9745 = LINE('',#9746,#9747);
#9746 = CARTESIAN_POINT('',(-6.28318530718,0.));
#9747 = VECTOR('',#9748,1.);
#9748 = DIRECTION('',(-0.,-1.));
#9749 = ( GEOMETRIC_REPRESENTATION_CONTEXT(2) 
PARAMETRIC_REPRESENTATION_CONTEXT() REPRESENTATION_CONTEXT('2D SPACE',''
  ) );
#9750 = PCURVE('',#4106,#9751);
#9751 = DEFINITIONAL_REPRESENTATION('',(#9752),#9756);
#9752 = LINE('',#9753,#9754);
#9753 = CARTESIAN_POINT('',(-0.,0.));
#9754 = VECTOR('',#9755,1.);
#9755 = DIRECTION('',(-0.,-1.));
#9756 = ( GEOMETRIC_REPRESENTATION_CONTEXT(2) 
PARAMETRIC_REPRESENTATION_CONTEXT() REPRESENTATION_CONTEXT('2D SPACE',''
  ) );
#9757 = ORIENTED_EDGE('',*,*,#4425,.F.);
#9758 = ORIENTED_EDGE('',*,*,#9737,.F.);
#9759 = ADVANCED_FACE('',(#9760),#4336,.T.);
#9760 = FACE_BOUND('',#9761,.T.);
#9761 = EDGE_LOOP('',(#9762,#9786,#9807,#9808));
#9762 = ORIENTED_EDGE('',*,*,#9763,.T.);
#9763 = EDGE_CURVE('',#9764,#9766,#9768,.T.);
#9764 = VERTEX_POINT('',#9765);
#9765 = CARTESIAN_POINT('',(12.,7.,3.));
#9766 = VERTEX_POINT('',#9767);
#9767 = CARTESIAN_POINT('',(12.,-7.,3.));
#9768 = SURFACE_CURVE('',#9769,(#9773,#9779),.PCURVE_S1.);
#9769 = LINE('',#9770,#9771);
#9770 = CARTESIAN_POINT('',(12.,-3.5,3.));
#9771 = VECTOR('',#9772,1.);
#9772 = DIRECTION('',(0.,-1.,0.));
#9773 = PCURVE('',#4336,#9774);
#9774 = DEFINITIONAL_REPRESENTATION('',(#9775),#9778);
#9775 = B_SPLINE_CURVE_WITH_KNOTS('',1,(#9776,#9777),.UNSPECIFIED.,.F.,
  .F.,(2,2),(-10.5,3.5),.PIECEWISE_BEZIER_KNOTS.);
#9776 = CARTESIAN_POINT('',(14.,-1.));
#9777 = CARTESIAN_POINT('',(0.,-1.));
#9778 = ( GEOMETRIC_REPRESENTATION_CONTEXT(2) 
PARAMETRIC_REPRESENTATION_CONTEXT() REPRESENTATION_CONTEXT('2D SPACE',''
  ) );
#9779 = PCURVE('',#9582,#9780);
#9780 = DEFINITIONAL_REPRESENTATION('',(#9781),#9785);
#9781 = LINE('',#9782,#9783);
#9782 = CARTESIAN_POINT('',(29.,6.5));
#9783 = VECTOR('',#9784,1.);
#9784 = DIRECTION('',(0.,-1.));
#9785 = ( GEOMETRIC_REPRESENTATION_CONTEXT(2) 
PARAMETRIC_REPRESENTATION_CONTEXT() REPRESENTATION_CONTEXT('2D SPACE',''
  ) );
#9786 = ORIENTED_EDGE('',*,*,#9787,.T.);
#9787 = EDGE_CURVE('',#9766,#4322,#9788,.T.);
#9788 = SURFACE_CURVE('',#9789,(#9793,#9800),.PCURVE_S1.);
#9789 = LINE('',#9790,#9791);
#9790 = CARTESIAN_POINT('',(12.,-7.,2.));
#9791 = VECTOR('',#9792,1.);
#9792 = DIRECTION('',(0.,0.,1.));
#9793 = PCURVE('',#4336,#9794);
#9794 = DEFINITIONAL_REPRESENTATION('',(#9795),#9799);
#9795 = LINE('',#9796,#9797);
#9796 = CARTESIAN_POINT('',(0.,0.));
#9797 = VECTOR('',#9798,1.);
#9798 = DIRECTION('',(0.,-1.));
#9799 = ( GEOMETRIC_REPRESENTATION_CONTEXT(2) 
PARAMETRIC_REPRESENTATION_CONTEXT() REPRESENTATION_CONTEXT('2D SPACE',''
  ) );
#9800 = PCURVE('',#4362,#9801);
#9801 = DEFINITIONAL_REPRESENTATION('',(#9802),#9806);
#9802 = LINE('',#9803,#9804);
#9803 = CARTESIAN_POINT('',(24.,0.));
#9804 = VECTOR('',#9805,1.);
#9805 = DIRECTION('',(0.,-1.));
#9806 = ( GEOMETRIC_REPRESENTATION_CONTEXT(2) 
PARAMETRIC_REPRESENTATION_CONTEXT() REPRESENTATION_CONTEXT('2D SPACE',''
  ) );
#9807 = ORIENTED_EDGE('',*,*,#4319,.F.);
#9808 = ORIENTED_EDGE('',*,*,#9809,.F.);
#9809 = EDGE_CURVE('',#9764,#4320,#9810,.T.);
#9810 = SURFACE_CURVE('',#9811,(#9815,#9822),.PCURVE_S1.);
#9811 = LINE('',#9812,#9813);
#9812 = CARTESIAN_POINT('',(12.,7.,2.));
#9813 = VECTOR('',#9814,1.);
#9814 = DIRECTION('',(0.,0.,1.));
#9815 = PCURVE('',#4336,#9816);
#9816 = DEFINITIONAL_REPRESENTATION('',(#9817),#9821);
#9817 = LINE('',#9818,#9819);
#9818 = CARTESIAN_POINT('',(14.,0.));
#9819 = VECTOR('',#9820,1.);
#9820 = DIRECTION('',(0.,-1.));
#9821 = ( GEOMETRIC_REPRESENTATION_CONTEXT(2) 
PARAMETRIC_REPRESENTATION_CONTEXT() REPRESENTATION_CONTEXT('2D SPACE',''
  ) );
#9822 = PCURVE('',#4412,#9823);
#9823 = DEFINITIONAL_REPRESENTATION('',(#9824),#9828);
#9824 = LINE('',#9825,#9826);
#9825 = CARTESIAN_POINT('',(0.,-0.));
#9826 = VECTOR('',#9827,1.);
#9827 = DIRECTION('',(0.,-1.));
#9828 = ( GEOMETRIC_REPRESENTATION_CONTEXT(2) 
PARAMETRIC_REPRESENTATION_CONTEXT() REPRESENTATION_CONTEXT('2D SPACE',''
  ) );
#9829 = ADVANCED_FACE('',(#9830),#4412,.T.);
#9830 = FACE_BOUND('',#9831,.T.);
#9831 = EDGE_LOOP('',(#9832,#9854,#9855,#9856));
#9832 = ORIENTED_EDGE('',*,*,#9833,.T.);
#9833 = EDGE_CURVE('',#9834,#9764,#9836,.T.);
#9834 = VERTEX_POINT('',#9835);
#9835 = CARTESIAN_POINT('',(-12.,7.,3.));
#9836 = SURFACE_CURVE('',#9837,(#9841,#9847),.PCURVE_S1.);
#9837 = LINE('',#9838,#9839);
#9838 = CARTESIAN_POINT('',(6.,7.,3.));
#9839 = VECTOR('',#9840,1.);
#9840 = DIRECTION('',(1.,0.,-0.));
#9841 = PCURVE('',#4412,#9842);
#9842 = DEFINITIONAL_REPRESENTATION('',(#9843),#9846);
#9843 = B_SPLINE_CURVE_WITH_KNOTS('',1,(#9844,#9845),.UNSPECIFIED.,.F.,
  .F.,(2,2),(-18.,6.),.PIECEWISE_BEZIER_KNOTS.);
#9844 = CARTESIAN_POINT('',(24.,-1.));
#9845 = CARTESIAN_POINT('',(0.,-1.));
#9846 = ( GEOMETRIC_REPRESENTATION_CONTEXT(2) 
PARAMETRIC_REPRESENTATION_CONTEXT() REPRESENTATION_CONTEXT('2D SPACE',''
  ) );
#9847 = PCURVE('',#9582,#9848);
#9848 = DEFINITIONAL_REPRESENTATION('',(#9849),#9853);
#9849 = LINE('',#9850,#9851);
#9850 = CARTESIAN_POINT('',(23.,17.));
#9851 = VECTOR('',#9852,1.);
#9852 = DIRECTION('',(1.,0.));
#9853 = ( GEOMETRIC_REPRESENTATION_CONTEXT(2) 
PARAMETRIC_REPRESENTATION_CONTEXT() REPRESENTATION_CONTEXT('2D SPACE',''
  ) );
#9854 = ORIENTED_EDGE('',*,*,#9809,.T.);
#9855 = ORIENTED_EDGE('',*,*,#4399,.F.);
#9856 = ORIENTED_EDGE('',*,*,#9857,.F.);
#9857 = EDGE_CURVE('',#9834,#4374,#9858,.T.);
#9858 = SURFACE_CURVE('',#9859,(#9863,#9870),.PCURVE_S1.);
#9859 = LINE('',#9860,#9861);
#9860 = CARTESIAN_POINT('',(-12.,7.,2.));
#9861 = VECTOR('',#9862,1.);
#9862 = DIRECTION('',(0.,0.,1.));
#9863 = PCURVE('',#4412,#9864);
#9864 = DEFINITIONAL_REPRESENTATION('',(#9865),#9869);
#9865 = LINE('',#9866,#9867);
#9866 = CARTESIAN_POINT('',(24.,0.));
#9867 = VECTOR('',#9868,1.);
#9868 = DIRECTION('',(0.,-1.));
#9869 = ( GEOMETRIC_REPRESENTATION_CONTEXT(2) 
PARAMETRIC_REPRESENTATION_CONTEXT() REPRESENTATION_CONTEXT('2D SPACE',''
  ) );
#9870 = PCURVE('',#4388,#9871);
#9871 = DEFINITIONAL_REPRESENTATION('',(#9872),#9876);
#9872 = LINE('',#9873,#9874);
#9873 = CARTESIAN_POINT('',(0.,0.));
#9874 = VECTOR('',#9875,1.);
#9875 = DIRECTION('',(0.,-1.));
#9876 = ( GEOMETRIC_REPRESENTATION_CONTEXT(2) 
PARAMETRIC_REPRESENTATION_CONTEXT() REPRESENTATION_CONTEXT('2D SPACE',''
  ) );
#9877 = ADVANCED_FACE('',(#9878),#4362,.T.);
#9878 = FACE_BOUND('',#9879,.T.);
#9879 = EDGE_LOOP('',(#9880,#9902,#9923,#9924));
#9880 = ORIENTED_EDGE('',*,*,#9881,.T.);
#9881 = EDGE_CURVE('',#9766,#9882,#9884,.T.);
#9882 = VERTEX_POINT('',#9883);
#9883 = CARTESIAN_POINT('',(-12.,-7.,3.));
#9884 = SURFACE_CURVE('',#9885,(#9889,#9895),.PCURVE_S1.);
#9885 = LINE('',#9886,#9887);
#9886 = CARTESIAN_POINT('',(-6.,-7.,3.));
#9887 = VECTOR('',#9888,1.);
#9888 = DIRECTION('',(-1.,0.,0.));
#9889 = PCURVE('',#4362,#9890);
#9890 = DEFINITIONAL_REPRESENTATION('',(#9891),#9894);
#9891 = B_SPLINE_CURVE_WITH_KNOTS('',1,(#9892,#9893),.UNSPECIFIED.,.F.,
  .F.,(2,2),(-18.,6.),.PIECEWISE_BEZIER_KNOTS.);
#9892 = CARTESIAN_POINT('',(24.,-1.));
#9893 = CARTESIAN_POINT('',(0.,-1.));
#9894 = ( GEOMETRIC_REPRESENTATION_CONTEXT(2) 
PARAMETRIC_REPRESENTATION_CONTEXT() REPRESENTATION_CONTEXT('2D SPACE',''
  ) );
#9895 = PCURVE('',#9582,#9896);
#9896 = DEFINITIONAL_REPRESENTATION('',(#9897),#9901);
#9897 = LINE('',#9898,#9899);
#9898 = CARTESIAN_POINT('',(11.,3.));
#9899 = VECTOR('',#9900,1.);
#9900 = DIRECTION('',(-1.,0.));
#9901 = ( GEOMETRIC_REPRESENTATION_CONTEXT(2) 
PARAMETRIC_REPRESENTATION_CONTEXT() REPRESENTATION_CONTEXT('2D SPACE',''
  ) );
#9902 = ORIENTED_EDGE('',*,*,#9903,.T.);
#9903 = EDGE_CURVE('',#9882,#4348,#9904,.T.);
#9904 = SURFACE_CURVE('',#9905,(#9909,#9916),.PCURVE_S1.);
#9905 = LINE('',#9906,#9907);
#9906 = CARTESIAN_POINT('',(-12.,-7.,2.));
#9907 = VECTOR('',#9908,1.);
#9908 = DIRECTION('',(0.,0.,1.));
#9909 = PCURVE('',#4362,#9910);
#9910 = DEFINITIONAL_REPRESENTATION('',(#9911),#9915);
#9911 = LINE('',#9912,#9913);
#9912 = CARTESIAN_POINT('',(0.,0.));
#9913 = VECTOR('',#9914,1.);
#9914 = DIRECTION('',(0.,-1.));
#9915 = ( GEOMETRIC_REPRESENTATION_CONTEXT(2) 
PARAMETRIC_REPRESENTATION_CONTEXT() REPRESENTATION_CONTEXT('2D SPACE',''
  ) );
#9916 = PCURVE('',#4388,#9917);
#9917 = DEFINITIONAL_REPRESENTATION('',(#9918),#9922);
#9918 = LINE('',#9919,#9920);
#9919 = CARTESIAN_POINT('',(14.,0.));
#9920 = VECTOR('',#9921,1.);
#9921 = DIRECTION('',(0.,-1.));
#9922 = ( GEOMETRIC_REPRESENTATION_CONTEXT(2) 
PARAMETRIC_REPRESENTATION_CONTEXT() REPRESENTATION_CONTEXT('2D SPACE',''
  ) );
#9923 = ORIENTED_EDGE('',*,*,#4347,.F.);
#9924 = ORIENTED_EDGE('',*,*,#9787,.F.);
#9925 = ADVANCED_FACE('',(#9926),#4388,.T.);
#9926 = FACE_BOUND('',#9927,.T.);
#9927 = EDGE_LOOP('',(#9928,#9948,#9949,#9950));
#9928 = ORIENTED_EDGE('',*,*,#9929,.T.);
#9929 = EDGE_CURVE('',#9882,#9834,#9930,.T.);
#9930 = SURFACE_CURVE('',#9931,(#9935,#9941),.PCURVE_S1.);
#9931 = LINE('',#9932,#9933);
#9932 = CARTESIAN_POINT('',(-12.,3.5,3.));
#9933 = VECTOR('',#9934,1.);
#9934 = DIRECTION('',(-0.,1.,0.));
#9935 = PCURVE('',#4388,#9936);
#9936 = DEFINITIONAL_REPRESENTATION('',(#9937),#9940);
#9937 = B_SPLINE_CURVE_WITH_KNOTS('',1,(#9938,#9939),.UNSPECIFIED.,.F.,
  .F.,(2,2),(-10.5,3.5),.PIECEWISE_BEZIER_KNOTS.);
#9938 = CARTESIAN_POINT('',(14.,-1.));
#9939 = CARTESIAN_POINT('',(0.,-1.));
#9940 = ( GEOMETRIC_REPRESENTATION_CONTEXT(2) 
PARAMETRIC_REPRESENTATION_CONTEXT() REPRESENTATION_CONTEXT('2D SPACE',''
  ) );
#9941 = PCURVE('',#9582,#9942);
#9942 = DEFINITIONAL_REPRESENTATION('',(#9943),#9947);
#9943 = LINE('',#9944,#9945);
#9944 = CARTESIAN_POINT('',(5.,13.5));
#9945 = VECTOR('',#9946,1.);
#9946 = DIRECTION('',(0.,1.));
#9947 = ( GEOMETRIC_REPRESENTATION_CONTEXT(2) 
PARAMETRIC_REPRESENTATION_CONTEXT() REPRESENTATION_CONTEXT('2D SPACE',''
  ) );
#9948 = ORIENTED_EDGE('',*,*,#9857,.T.);
#9949 = ORIENTED_EDGE('',*,*,#4373,.F.);
#9950 = ORIENTED_EDGE('',*,*,#9903,.F.);
#9951 = ADVANCED_FACE('',(#9952),#4611,.T.);
#9952 = FACE_BOUND('',#9953,.F.);
#9953 = EDGE_LOOP('',(#9954,#9955,#9956,#9957,#9958,#9959,#9960,#9961,
    #9962,#9963,#9964,#9965,#9966));
#9954 = ORIENTED_EDGE('',*,*,#4595,.T.);
#9955 = ORIENTED_EDGE('',*,*,#4649,.T.);
#9956 = ORIENTED_EDGE('',*,*,#4698,.T.);
#9957 = ORIENTED_EDGE('',*,*,#4747,.T.);
#9958 = ORIENTED_EDGE('',*,*,#4796,.T.);
#9959 = ORIENTED_EDGE('',*,*,#4845,.T.);
#9960 = ORIENTED_EDGE('',*,*,#4894,.T.);
#9961 = ORIENTED_EDGE('',*,*,#4943,.T.);
#9962 = ORIENTED_EDGE('',*,*,#4992,.T.);
#9963 = ORIENTED_EDGE('',*,*,#5041,.T.);
#9964 = ORIENTED_EDGE('',*,*,#5090,.T.);
#9965 = ORIENTED_EDGE('',*,*,#5139,.T.);
#9966 = ORIENTED_EDGE('',*,*,#5188,.T.);
#9967 = ADVANCED_FACE('',(#9968),#5253,.T.);
#9968 = FACE_BOUND('',#9969,.F.);
#9969 = EDGE_LOOP('',(#9970,#9971,#9972,#9973,#9974,#9975,#9976,#9977,
    #9978,#9979,#9980,#9981));
#9970 = ORIENTED_EDGE('',*,*,#5237,.T.);
#9971 = ORIENTED_EDGE('',*,*,#5291,.T.);
#9972 = ORIENTED_EDGE('',*,*,#5340,.T.);
#9973 = ORIENTED_EDGE('',*,*,#5389,.T.);
#9974 = ORIENTED_EDGE('',*,*,#5438,.T.);
#9975 = ORIENTED_EDGE('',*,*,#5487,.T.);
#9976 = ORIENTED_EDGE('',*,*,#5536,.T.);
#9977 = ORIENTED_EDGE('',*,*,#5585,.T.);
#9978 = ORIENTED_EDGE('',*,*,#5634,.T.);
#9979 = ORIENTED_EDGE('',*,*,#5683,.T.);
#9980 = ORIENTED_EDGE('',*,*,#5732,.T.);
#9981 = ORIENTED_EDGE('',*,*,#5781,.T.);
#9982 = ADVANCED_FACE('',(#9983),#5846,.T.);
#9983 = FACE_BOUND('',#9984,.F.);
#9984 = EDGE_LOOP('',(#9985,#9986,#9987,#9988));
#9985 = ORIENTED_EDGE('',*,*,#5830,.T.);
#9986 = ORIENTED_EDGE('',*,*,#5884,.T.);
#9987 = ORIENTED_EDGE('',*,*,#5933,.T.);
#9988 = ORIENTED_EDGE('',*,*,#5982,.T.);
#9989 = ADVANCED_FACE('',(#9990,#10000),#6047,.T.);
#9990 = FACE_BOUND('',#9991,.F.);
#9991 = EDGE_LOOP('',(#9992,#9993,#9994,#9995,#9996,#9997,#9998,#9999));
#9992 = ORIENTED_EDGE('',*,*,#6031,.T.);
#9993 = ORIENTED_EDGE('',*,*,#6085,.T.);
#9994 = ORIENTED_EDGE('',*,*,#6134,.T.);
#9995 = ORIENTED_EDGE('',*,*,#6183,.T.);
#9996 = ORIENTED_EDGE('',*,*,#6232,.T.);
#9997 = ORIENTED_EDGE('',*,*,#6281,.T.);
#9998 = ORIENTED_EDGE('',*,*,#6330,.T.);
#9999 = ORIENTED_EDGE('',*,*,#6379,.T.);
#10000 = FACE_BOUND('',#10001,.F.);
#10001 = EDGE_LOOP('',(#10002,#10032,#10060));
#10002 = ORIENTED_EDGE('',*,*,#10003,.T.);
#10003 = EDGE_CURVE('',#10004,#10006,#10008,.T.);
#10004 = VERTEX_POINT('',#10005);
#10005 = CARTESIAN_POINT('',(-1.56591796875,-6.858642578125,-0.4));
#10006 = VERTEX_POINT('',#10007);
#10007 = CARTESIAN_POINT('',(-0.97998046875,-6.858642578125,-0.4));
#10008 = SURFACE_CURVE('',#10009,(#10013,#10020),.PCURVE_S1.);
#10009 = LINE('',#10010,#10011);
#10010 = CARTESIAN_POINT('',(-1.56591796875,-6.858642578125,-0.4));
#10011 = VECTOR('',#10012,1.);
#10012 = DIRECTION('',(1.,0.,0.));
#10013 = PCURVE('',#6047,#10014);
#10014 = DEFINITIONAL_REPRESENTATION('',(#10015),#10019);
#10015 = LINE('',#10016,#10017);
#10016 = CARTESIAN_POINT('',(0.7705078125,0.849609375));
#10017 = VECTOR('',#10018,1.);
#10018 = DIRECTION('',(1.,0.));
#10019 = ( GEOMETRIC_REPRESENTATION_CONTEXT(2) 
PARAMETRIC_REPRESENTATION_CONTEXT() REPRESENTATION_CONTEXT('2D SPACE',''
  ) );
#10020 = PCURVE('',#10021,#10026);
#10021 = PLANE('',#10022);
#10022 = AXIS2_PLACEMENT_3D('',#10023,#10024,#10025);
#10023 = CARTESIAN_POINT('',(-1.56591796875,-6.858642578125,0.2));
#10024 = DIRECTION('',(0.,-1.,0.));
#10025 = DIRECTION('',(1.,0.,0.));
#10026 = DEFINITIONAL_REPRESENTATION('',(#10027),#10031);
#10027 = LINE('',#10028,#10029);
#10028 = CARTESIAN_POINT('',(0.,-0.6));
#10029 = VECTOR('',#10030,1.);
#10030 = DIRECTION('',(1.,0.));
#10031 = ( GEOMETRIC_REPRESENTATION_CONTEXT(2) 
PARAMETRIC_REPRESENTATION_CONTEXT() REPRESENTATION_CONTEXT('2D SPACE',''
  ) );
#10032 = ORIENTED_EDGE('',*,*,#10033,.T.);
#10033 = EDGE_CURVE('',#10006,#10034,#10036,.T.);
#10034 = VERTEX_POINT('',#10035);
#10035 = CARTESIAN_POINT('',(-1.27587890625,-7.655517578125,-0.4));
#10036 = SURFACE_CURVE('',#10037,(#10041,#10048),.PCURVE_S1.);
#10037 = LINE('',#10038,#10039);
#10038 = CARTESIAN_POINT('',(-0.97998046875,-6.858642578125,-0.4));
#10039 = VECTOR('',#10040,1.);
#10040 = DIRECTION('',(-0.348099993894,-0.9374574093,0.));
#10041 = PCURVE('',#6047,#10042);
#10042 = DEFINITIONAL_REPRESENTATION('',(#10043),#10047);
#10043 = LINE('',#10044,#10045);
#10044 = CARTESIAN_POINT('',(1.3564453125,0.849609375));
#10045 = VECTOR('',#10046,1.);
#10046 = DIRECTION('',(-0.348099993894,0.9374574093));
#10047 = ( GEOMETRIC_REPRESENTATION_CONTEXT(2) 
PARAMETRIC_REPRESENTATION_CONTEXT() REPRESENTATION_CONTEXT('2D SPACE',''
  ) );
#10048 = PCURVE('',#10049,#10054);
#10049 = PLANE('',#10050);
#10050 = AXIS2_PLACEMENT_3D('',#10051,#10052,#10053);
#10051 = CARTESIAN_POINT('',(-0.97998046875,-6.858642578125,0.2));
#10052 = DIRECTION('',(-0.9374574093,0.348099993894,-0.));
#10053 = DIRECTION('',(-0.348099993894,-0.9374574093,0.));
#10054 = DEFINITIONAL_REPRESENTATION('',(#10055),#10059);
#10055 = LINE('',#10056,#10057);
#10056 = CARTESIAN_POINT('',(0.,-0.6));
#10057 = VECTOR('',#10058,1.);
#10058 = DIRECTION('',(1.,0.));
#10059 = ( GEOMETRIC_REPRESENTATION_CONTEXT(2) 
PARAMETRIC_REPRESENTATION_CONTEXT() REPRESENTATION_CONTEXT('2D SPACE',''
  ) );
#10060 = ORIENTED_EDGE('',*,*,#10061,.T.);
#10061 = EDGE_CURVE('',#10034,#10004,#10062,.T.);
#10062 = SURFACE_CURVE('',#10063,(#10067,#10074),.PCURVE_S1.);
#10063 = LINE('',#10064,#10065);
#10064 = CARTESIAN_POINT('',(-1.27587890625,-7.655517578125,-0.4));
#10065 = VECTOR('',#10066,1.);
#10066 = DIRECTION('',(-0.342020437038,0.939692513883,-0.));
#10067 = PCURVE('',#6047,#10068);
#10068 = DEFINITIONAL_REPRESENTATION('',(#10069),#10073);
#10069 = LINE('',#10070,#10071);
#10070 = CARTESIAN_POINT('',(1.060546875,1.646484375));
#10071 = VECTOR('',#10072,1.);
#10072 = DIRECTION('',(-0.342020437038,-0.939692513883));
#10073 = ( GEOMETRIC_REPRESENTATION_CONTEXT(2) 
PARAMETRIC_REPRESENTATION_CONTEXT() REPRESENTATION_CONTEXT('2D SPACE',''
  ) );
#10074 = PCURVE('',#10075,#10080);
#10075 = PLANE('',#10076);
#10076 = AXIS2_PLACEMENT_3D('',#10077,#10078,#10079);
#10077 = CARTESIAN_POINT('',(-1.27587890625,-7.655517578125,0.2));
#10078 = DIRECTION('',(0.939692513883,0.342020437038,0.));
#10079 = DIRECTION('',(-0.342020437038,0.939692513883,-0.));
#10080 = DEFINITIONAL_REPRESENTATION('',(#10081),#10085);
#10081 = LINE('',#10082,#10083);
#10082 = CARTESIAN_POINT('',(0.,-0.6));
#10083 = VECTOR('',#10084,1.);
#10084 = DIRECTION('',(1.,0.));
#10085 = ( GEOMETRIC_REPRESENTATION_CONTEXT(2) 
PARAMETRIC_REPRESENTATION_CONTEXT() REPRESENTATION_CONTEXT('2D SPACE',''
  ) );
#10086 = ADVANCED_FACE('',(#10087,#10100),#6444,.T.);
#10087 = FACE_BOUND('',#10088,.F.);
#10088 = EDGE_LOOP('',(#10089,#10090,#10091,#10092,#10093,#10094,#10095,
    #10096,#10097,#10098,#10099));
#10089 = ORIENTED_EDGE('',*,*,#6428,.T.);
#10090 = ORIENTED_EDGE('',*,*,#6482,.T.);
#10091 = ORIENTED_EDGE('',*,*,#6531,.T.);
#10092 = ORIENTED_EDGE('',*,*,#6580,.T.);
#10093 = ORIENTED_EDGE('',*,*,#6629,.T.);
#10094 = ORIENTED_EDGE('',*,*,#6678,.T.);
#10095 = ORIENTED_EDGE('',*,*,#6727,.T.);
#10096 = ORIENTED_EDGE('',*,*,#6776,.T.);
#10097 = ORIENTED_EDGE('',*,*,#6825,.T.);
#10098 = ORIENTED_EDGE('',*,*,#6874,.T.);
#10099 = ORIENTED_EDGE('',*,*,#6923,.T.);
#10100 = FACE_BOUND('',#10101,.F.);
#10101 = EDGE_LOOP('',(#10102,#10132,#10160,#10188,#10218,#10248,#10278,
    #10308,#10338,#10368,#10398));
#10102 = ORIENTED_EDGE('',*,*,#10103,.T.);
#10103 = EDGE_CURVE('',#10104,#10106,#10108,.T.);
#10104 = VERTEX_POINT('',#10105);
#10105 = CARTESIAN_POINT('',(0.67529296875,-7.793212890625,-0.4));
#10106 = VERTEX_POINT('',#10107);
#10107 = CARTESIAN_POINT('',(0.48046875,-7.793212890625,-0.4));
#10108 = SURFACE_CURVE('',#10109,(#10113,#10120),.PCURVE_S1.);
#10109 = LINE('',#10110,#10111);
#10110 = CARTESIAN_POINT('',(0.67529296875,-7.793212890625,-0.4));
#10111 = VECTOR('',#10112,1.);
#10112 = DIRECTION('',(-1.,0.,0.));
#10113 = PCURVE('',#6444,#10114);
#10114 = DEFINITIONAL_REPRESENTATION('',(#10115),#10119);
#10115 = LINE('',#10116,#10117);
#10116 = CARTESIAN_POINT('',(0.84521484375,1.7841796875));
#10117 = VECTOR('',#10118,1.);
#10118 = DIRECTION('',(-1.,0.));
#10119 = ( GEOMETRIC_REPRESENTATION_CONTEXT(2) 
PARAMETRIC_REPRESENTATION_CONTEXT() REPRESENTATION_CONTEXT('2D SPACE',''
  ) );
#10120 = PCURVE('',#10121,#10126);
#10121 = PLANE('',#10122);
#10122 = AXIS2_PLACEMENT_3D('',#10123,#10124,#10125);
#10123 = CARTESIAN_POINT('',(0.67529296875,-7.793212890625,0.2));
#10124 = DIRECTION('',(0.,1.,0.));
#10125 = DIRECTION('',(-1.,0.,0.));
#10126 = DEFINITIONAL_REPRESENTATION('',(#10127),#10131);
#10127 = LINE('',#10128,#10129);
#10128 = CARTESIAN_POINT('',(0.,-0.6));
#10129 = VECTOR('',#10130,1.);
#10130 = DIRECTION('',(1.,0.));
#10131 = ( GEOMETRIC_REPRESENTATION_CONTEXT(2) 
PARAMETRIC_REPRESENTATION_CONTEXT() REPRESENTATION_CONTEXT('2D SPACE',''
  ) );
#10132 = ORIENTED_EDGE('',*,*,#10133,.T.);
#10133 = EDGE_CURVE('',#10106,#10134,#10136,.T.);
#10134 = VERTEX_POINT('',#10135);
#10135 = CARTESIAN_POINT('',(0.48046875,-6.370849609375,-0.4));
#10136 = SURFACE_CURVE('',#10137,(#10141,#10148),.PCURVE_S1.);
#10137 = LINE('',#10138,#10139);
#10138 = CARTESIAN_POINT('',(0.48046875,-7.793212890625,-0.4));
#10139 = VECTOR('',#10140,1.);
#10140 = DIRECTION('',(0.,1.,0.));
#10141 = PCURVE('',#6444,#10142);
#10142 = DEFINITIONAL_REPRESENTATION('',(#10143),#10147);
#10143 = LINE('',#10144,#10145);
#10144 = CARTESIAN_POINT('',(0.650390625,1.7841796875));
#10145 = VECTOR('',#10146,1.);
#10146 = DIRECTION('',(0.,-1.));
#10147 = ( GEOMETRIC_REPRESENTATION_CONTEXT(2) 
PARAMETRIC_REPRESENTATION_CONTEXT() REPRESENTATION_CONTEXT('2D SPACE',''
  ) );
#10148 = PCURVE('',#10149,#10154);
#10149 = PLANE('',#10150);
#10150 = AXIS2_PLACEMENT_3D('',#10151,#10152,#10153);
#10151 = CARTESIAN_POINT('',(0.48046875,-7.793212890625,0.2));
#10152 = DIRECTION('',(1.,0.,0.));
#10153 = DIRECTION('',(0.,1.,0.));
#10154 = DEFINITIONAL_REPRESENTATION('',(#10155),#10159);
#10155 = LINE('',#10156,#10157);
#10156 = CARTESIAN_POINT('',(0.,-0.6));
#10157 = VECTOR('',#10158,1.);
#10158 = DIRECTION('',(1.,0.));
#10159 = ( GEOMETRIC_REPRESENTATION_CONTEXT(2) 
PARAMETRIC_REPRESENTATION_CONTEXT() REPRESENTATION_CONTEXT('2D SPACE',''
  ) );
#10160 = ORIENTED_EDGE('',*,*,#10161,.T.);
#10161 = EDGE_CURVE('',#10134,#10162,#10164,.T.);
#10162 = VERTEX_POINT('',#10163);
#10163 = CARTESIAN_POINT('',(0.80419921875,-6.370849609375,-0.4));
#10164 = SURFACE_CURVE('',#10165,(#10169,#10176),.PCURVE_S1.);
#10165 = LINE('',#10166,#10167);
#10166 = CARTESIAN_POINT('',(0.48046875,-6.370849609375,-0.4));
#10167 = VECTOR('',#10168,1.);
#10168 = DIRECTION('',(1.,0.,0.));
#10169 = PCURVE('',#6444,#10170);
#10170 = DEFINITIONAL_REPRESENTATION('',(#10171),#10175);
#10171 = LINE('',#10172,#10173);
#10172 = CARTESIAN_POINT('',(0.650390625,0.36181640625));
#10173 = VECTOR('',#10174,1.);
#10174 = DIRECTION('',(1.,0.));
#10175 = ( GEOMETRIC_REPRESENTATION_CONTEXT(2) 
PARAMETRIC_REPRESENTATION_CONTEXT() REPRESENTATION_CONTEXT('2D SPACE',''
  ) );
#10176 = PCURVE('',#10177,#10182);
#10177 = PLANE('',#10178);
#10178 = AXIS2_PLACEMENT_3D('',#10179,#10180,#10181);
#10179 = CARTESIAN_POINT('',(0.48046875,-6.370849609375,0.2));
#10180 = DIRECTION('',(0.,-1.,0.));
#10181 = DIRECTION('',(1.,0.,0.));
#10182 = DEFINITIONAL_REPRESENTATION('',(#10183),#10187);
#10183 = LINE('',#10184,#10185);
#10184 = CARTESIAN_POINT('',(0.,-0.6));
#10185 = VECTOR('',#10186,1.);
#10186 = DIRECTION('',(1.,0.));
#10187 = ( GEOMETRIC_REPRESENTATION_CONTEXT(2) 
PARAMETRIC_REPRESENTATION_CONTEXT() REPRESENTATION_CONTEXT('2D SPACE',''
  ) );
#10188 = ORIENTED_EDGE('',*,*,#10189,.T.);
#10189 = EDGE_CURVE('',#10162,#10190,#10192,.T.);
#10190 = VERTEX_POINT('',#10191);
#10191 = CARTESIAN_POINT('',(1.06640625,-6.391357421875,-0.4));
#10192 = SURFACE_CURVE('',#10193,(#10197,#10204),.PCURVE_S1.);
#10193 = B_SPLINE_CURVE_WITH_KNOTS('',2,(#10194,#10195,#10196),
  .UNSPECIFIED.,.F.,.F.,(3,3),(0.,1.),.PIECEWISE_BEZIER_KNOTS.);
#10194 = CARTESIAN_POINT('',(0.80419921875,-6.370849609375,-0.4));
#10195 = CARTESIAN_POINT('',(0.98583984375,-6.370849609375,-0.4));
#10196 = CARTESIAN_POINT('',(1.06640625,-6.391357421875,-0.4));
#10197 = PCURVE('',#6444,#10198);
#10198 = DEFINITIONAL_REPRESENTATION('',(#10199),#10203);
#10199 = B_SPLINE_CURVE_WITH_KNOTS('',2,(#10200,#10201,#10202),
  .UNSPECIFIED.,.F.,.F.,(3,3),(0.,1.),.PIECEWISE_BEZIER_KNOTS.);
#10200 = CARTESIAN_POINT('',(0.97412109375,0.36181640625));
#10201 = CARTESIAN_POINT('',(1.15576171875,0.36181640625));
#10202 = CARTESIAN_POINT('',(1.236328125,0.38232421875));
#10203 = ( GEOMETRIC_REPRESENTATION_CONTEXT(2) 
PARAMETRIC_REPRESENTATION_CONTEXT() REPRESENTATION_CONTEXT('2D SPACE',''
  ) );
#10204 = PCURVE('',#10205,#10212);
#10205 = SURFACE_OF_LINEAR_EXTRUSION('',#10206,#10210);
#10206 = B_SPLINE_CURVE_WITH_KNOTS('',2,(#10207,#10208,#10209),
  .UNSPECIFIED.,.F.,.F.,(3,3),(0.,1.),.PIECEWISE_BEZIER_KNOTS.);
#10207 = CARTESIAN_POINT('',(0.80419921875,-6.370849609375,0.2));
#10208 = CARTESIAN_POINT('',(0.98583984375,-6.370849609375,0.2));
#10209 = CARTESIAN_POINT('',(1.06640625,-6.391357421875,0.2));
#10210 = VECTOR('',#10211,1.);
#10211 = DIRECTION('',(-0.,0.,1.));
#10212 = DEFINITIONAL_REPRESENTATION('',(#10213),#10217);
#10213 = LINE('',#10214,#10215);
#10214 = CARTESIAN_POINT('',(0.,-0.6));
#10215 = VECTOR('',#10216,1.);
#10216 = DIRECTION('',(1.,0.));
#10217 = ( GEOMETRIC_REPRESENTATION_CONTEXT(2) 
PARAMETRIC_REPRESENTATION_CONTEXT() REPRESENTATION_CONTEXT('2D SPACE',''
  ) );
#10218 = ORIENTED_EDGE('',*,*,#10219,.T.);
#10219 = EDGE_CURVE('',#10190,#10220,#10222,.T.);
#10220 = VERTEX_POINT('',#10221);
#10221 = CARTESIAN_POINT('',(1.241455078125,-6.480712890625,-0.4));
#10222 = SURFACE_CURVE('',#10223,(#10227,#10234),.PCURVE_S1.);
#10223 = B_SPLINE_CURVE_WITH_KNOTS('',2,(#10224,#10225,#10226),
  .UNSPECIFIED.,.F.,.F.,(3,3),(0.,1.),.PIECEWISE_BEZIER_KNOTS.);
#10224 = CARTESIAN_POINT('',(1.06640625,-6.391357421875,-0.4));
#10225 = CARTESIAN_POINT('',(1.171875,-6.417724609375,-0.4));
#10226 = CARTESIAN_POINT('',(1.241455078125,-6.480712890625,-0.4));
#10227 = PCURVE('',#6444,#10228);
#10228 = DEFINITIONAL_REPRESENTATION('',(#10229),#10233);
#10229 = B_SPLINE_CURVE_WITH_KNOTS('',2,(#10230,#10231,#10232),
  .UNSPECIFIED.,.F.,.F.,(3,3),(0.,1.),.PIECEWISE_BEZIER_KNOTS.);
#10230 = CARTESIAN_POINT('',(1.236328125,0.38232421875));
#10231 = CARTESIAN_POINT('',(1.341796875,0.40869140625));
#10232 = CARTESIAN_POINT('',(1.411376953125,0.4716796875));
#10233 = ( GEOMETRIC_REPRESENTATION_CONTEXT(2) 
PARAMETRIC_REPRESENTATION_CONTEXT() REPRESENTATION_CONTEXT('2D SPACE',''
  ) );
#10234 = PCURVE('',#10235,#10242);
#10235 = SURFACE_OF_LINEAR_EXTRUSION('',#10236,#10240);
#10236 = B_SPLINE_CURVE_WITH_KNOTS('',2,(#10237,#10238,#10239),
  .UNSPECIFIED.,.F.,.F.,(3,3),(0.,1.),.PIECEWISE_BEZIER_KNOTS.);
#10237 = CARTESIAN_POINT('',(1.06640625,-6.391357421875,0.2));
#10238 = CARTESIAN_POINT('',(1.171875,-6.417724609375,0.2));
#10239 = CARTESIAN_POINT('',(1.241455078125,-6.480712890625,0.2));
#10240 = VECTOR('',#10241,1.);
#10241 = DIRECTION('',(-0.,0.,1.));
#10242 = DEFINITIONAL_REPRESENTATION('',(#10243),#10247);
#10243 = LINE('',#10244,#10245);
#10244 = CARTESIAN_POINT('',(0.,-0.6));
#10245 = VECTOR('',#10246,1.);
#10246 = DIRECTION('',(1.,0.));
#10247 = ( GEOMETRIC_REPRESENTATION_CONTEXT(2) 
PARAMETRIC_REPRESENTATION_CONTEXT() REPRESENTATION_CONTEXT('2D SPACE',''
  ) );
#10248 = ORIENTED_EDGE('',*,*,#10249,.T.);
#10249 = EDGE_CURVE('',#10220,#10250,#10252,.T.);
#10250 = VERTEX_POINT('',#10251);
#10251 = CARTESIAN_POINT('',(1.35498046875,-6.68798828125,-0.4));
#10252 = SURFACE_CURVE('',#10253,(#10257,#10264),.PCURVE_S1.);
#10253 = B_SPLINE_CURVE_WITH_KNOTS('',2,(#10254,#10255,#10256),
  .UNSPECIFIED.,.F.,.F.,(3,3),(0.,1.),.PIECEWISE_BEZIER_KNOTS.);
#10254 = CARTESIAN_POINT('',(1.241455078125,-6.480712890625,-0.4));
#10255 = CARTESIAN_POINT('',(1.31103515625,-6.543701171875,-0.4));
#10256 = CARTESIAN_POINT('',(1.35498046875,-6.68798828125,-0.4));
#10257 = PCURVE('',#6444,#10258);
#10258 = DEFINITIONAL_REPRESENTATION('',(#10259),#10263);
#10259 = B_SPLINE_CURVE_WITH_KNOTS('',2,(#10260,#10261,#10262),
  .UNSPECIFIED.,.F.,.F.,(3,3),(0.,1.),.PIECEWISE_BEZIER_KNOTS.);
#10260 = CARTESIAN_POINT('',(1.411376953125,0.4716796875));
#10261 = CARTESIAN_POINT('',(1.48095703125,0.53466796875));
#10262 = CARTESIAN_POINT('',(1.52490234375,0.678955078125));
#10263 = ( GEOMETRIC_REPRESENTATION_CONTEXT(2) 
PARAMETRIC_REPRESENTATION_CONTEXT() REPRESENTATION_CONTEXT('2D SPACE',''
  ) );
#10264 = PCURVE('',#10265,#10272);
#10265 = SURFACE_OF_LINEAR_EXTRUSION('',#10266,#10270);
#10266 = B_SPLINE_CURVE_WITH_KNOTS('',2,(#10267,#10268,#10269),
  .UNSPECIFIED.,.F.,.F.,(3,3),(0.,1.),.PIECEWISE_BEZIER_KNOTS.);
#10267 = CARTESIAN_POINT('',(1.241455078125,-6.480712890625,0.2));
#10268 = CARTESIAN_POINT('',(1.31103515625,-6.543701171875,0.2));
#10269 = CARTESIAN_POINT('',(1.35498046875,-6.68798828125,0.2));
#10270 = VECTOR('',#10271,1.);
#10271 = DIRECTION('',(-0.,0.,1.));
#10272 = DEFINITIONAL_REPRESENTATION('',(#10273),#10277);
#10273 = LINE('',#10274,#10275);
#10274 = CARTESIAN_POINT('',(0.,-0.6));
#10275 = VECTOR('',#10276,1.);
#10276 = DIRECTION('',(1.,0.));
#10277 = ( GEOMETRIC_REPRESENTATION_CONTEXT(2) 
PARAMETRIC_REPRESENTATION_CONTEXT() REPRESENTATION_CONTEXT('2D SPACE',''
  ) );
#10278 = ORIENTED_EDGE('',*,*,#10279,.T.);
#10279 = EDGE_CURVE('',#10250,#10280,#10282,.T.);
#10280 = VERTEX_POINT('',#10281);
#10281 = CARTESIAN_POINT('',(1.39892578125,-7.081298828125,-0.4));
#10282 = SURFACE_CURVE('',#10283,(#10287,#10294),.PCURVE_S1.);
#10283 = B_SPLINE_CURVE_WITH_KNOTS('',2,(#10284,#10285,#10286),
  .UNSPECIFIED.,.F.,.F.,(3,3),(0.,1.),.PIECEWISE_BEZIER_KNOTS.);
#10284 = CARTESIAN_POINT('',(1.35498046875,-6.68798828125,-0.4));
#10285 = CARTESIAN_POINT('',(1.39892578125,-6.832275390625,-0.4));
#10286 = CARTESIAN_POINT('',(1.39892578125,-7.081298828125,-0.4));
#10287 = PCURVE('',#6444,#10288);
#10288 = DEFINITIONAL_REPRESENTATION('',(#10289),#10293);
#10289 = B_SPLINE_CURVE_WITH_KNOTS('',2,(#10290,#10291,#10292),
  .UNSPECIFIED.,.F.,.F.,(3,3),(0.,1.),.PIECEWISE_BEZIER_KNOTS.);
#10290 = CARTESIAN_POINT('',(1.52490234375,0.678955078125));
#10291 = CARTESIAN_POINT('',(1.56884765625,0.8232421875));
#10292 = CARTESIAN_POINT('',(1.56884765625,1.072265625));
#10293 = ( GEOMETRIC_REPRESENTATION_CONTEXT(2) 
PARAMETRIC_REPRESENTATION_CONTEXT() REPRESENTATION_CONTEXT('2D SPACE',''
  ) );
#10294 = PCURVE('',#10295,#10302);
#10295 = SURFACE_OF_LINEAR_EXTRUSION('',#10296,#10300);
#10296 = B_SPLINE_CURVE_WITH_KNOTS('',2,(#10297,#10298,#10299),
  .UNSPECIFIED.,.F.,.F.,(3,3),(0.,1.),.PIECEWISE_BEZIER_KNOTS.);
#10297 = CARTESIAN_POINT('',(1.35498046875,-6.68798828125,0.2));
#10298 = CARTESIAN_POINT('',(1.39892578125,-6.832275390625,0.2));
#10299 = CARTESIAN_POINT('',(1.39892578125,-7.081298828125,0.2));
#10300 = VECTOR('',#10301,1.);
#10301 = DIRECTION('',(-0.,0.,1.));
#10302 = DEFINITIONAL_REPRESENTATION('',(#10303),#10307);
#10303 = LINE('',#10304,#10305);
#10304 = CARTESIAN_POINT('',(0.,-0.6));
#10305 = VECTOR('',#10306,1.);
#10306 = DIRECTION('',(1.,0.));
#10307 = ( GEOMETRIC_REPRESENTATION_CONTEXT(2) 
PARAMETRIC_REPRESENTATION_CONTEXT() REPRESENTATION_CONTEXT('2D SPACE',''
  ) );
#10308 = ORIENTED_EDGE('',*,*,#10309,.T.);
#10309 = EDGE_CURVE('',#10280,#10310,#10312,.T.);
#10310 = VERTEX_POINT('',#10311);
#10311 = CARTESIAN_POINT('',(1.35498046875,-7.463623046875,-0.4));
#10312 = SURFACE_CURVE('',#10313,(#10317,#10324),.PCURVE_S1.);
#10313 = B_SPLINE_CURVE_WITH_KNOTS('',2,(#10314,#10315,#10316),
  .UNSPECIFIED.,.F.,.F.,(3,3),(0.,1.),.PIECEWISE_BEZIER_KNOTS.);
#10314 = CARTESIAN_POINT('',(1.39892578125,-7.081298828125,-0.4));
#10315 = CARTESIAN_POINT('',(1.39892578125,-7.330322265625,-0.4));
#10316 = CARTESIAN_POINT('',(1.35498046875,-7.463623046875,-0.4));
#10317 = PCURVE('',#6444,#10318);
#10318 = DEFINITIONAL_REPRESENTATION('',(#10319),#10323);
#10319 = B_SPLINE_CURVE_WITH_KNOTS('',2,(#10320,#10321,#10322),
  .UNSPECIFIED.,.F.,.F.,(3,3),(0.,1.),.PIECEWISE_BEZIER_KNOTS.);
#10320 = CARTESIAN_POINT('',(1.56884765625,1.072265625));
#10321 = CARTESIAN_POINT('',(1.56884765625,1.3212890625));
#10322 = CARTESIAN_POINT('',(1.52490234375,1.45458984375));
#10323 = ( GEOMETRIC_REPRESENTATION_CONTEXT(2) 
PARAMETRIC_REPRESENTATION_CONTEXT() REPRESENTATION_CONTEXT('2D SPACE',''
  ) );
#10324 = PCURVE('',#10325,#10332);
#10325 = SURFACE_OF_LINEAR_EXTRUSION('',#10326,#10330);
#10326 = B_SPLINE_CURVE_WITH_KNOTS('',2,(#10327,#10328,#10329),
  .UNSPECIFIED.,.F.,.F.,(3,3),(0.,1.),.PIECEWISE_BEZIER_KNOTS.);
#10327 = CARTESIAN_POINT('',(1.39892578125,-7.081298828125,0.2));
#10328 = CARTESIAN_POINT('',(1.39892578125,-7.330322265625,0.2));
#10329 = CARTESIAN_POINT('',(1.35498046875,-7.463623046875,0.2));
#10330 = VECTOR('',#10331,1.);
#10331 = DIRECTION('',(-0.,0.,1.));
#10332 = DEFINITIONAL_REPRESENTATION('',(#10333),#10337);
#10333 = LINE('',#10334,#10335);
#10334 = CARTESIAN_POINT('',(0.,-0.6));
#10335 = VECTOR('',#10336,1.);
#10336 = DIRECTION('',(1.,0.));
#10337 = ( GEOMETRIC_REPRESENTATION_CONTEXT(2) 
PARAMETRIC_REPRESENTATION_CONTEXT() REPRESENTATION_CONTEXT('2D SPACE',''
  ) );
#10338 = ORIENTED_EDGE('',*,*,#10339,.T.);
#10339 = EDGE_CURVE('',#10310,#10340,#10342,.T.);
#10340 = VERTEX_POINT('',#10341);
#10341 = CARTESIAN_POINT('',(1.23193359375,-7.671630859375,-0.4));
#10342 = SURFACE_CURVE('',#10343,(#10347,#10354),.PCURVE_S1.);
#10343 = B_SPLINE_CURVE_WITH_KNOTS('',2,(#10344,#10345,#10346),
  .UNSPECIFIED.,.F.,.F.,(3,3),(0.,1.),.PIECEWISE_BEZIER_KNOTS.);
#10344 = CARTESIAN_POINT('',(1.35498046875,-7.463623046875,-0.4));
#10345 = CARTESIAN_POINT('',(1.31103515625,-7.596923828125,-0.4));
#10346 = CARTESIAN_POINT('',(1.23193359375,-7.671630859375,-0.4));
#10347 = PCURVE('',#6444,#10348);
#10348 = DEFINITIONAL_REPRESENTATION('',(#10349),#10353);
#10349 = B_SPLINE_CURVE_WITH_KNOTS('',2,(#10350,#10351,#10352),
  .UNSPECIFIED.,.F.,.F.,(3,3),(0.,1.),.PIECEWISE_BEZIER_KNOTS.);
#10350 = CARTESIAN_POINT('',(1.52490234375,1.45458984375));
#10351 = CARTESIAN_POINT('',(1.48095703125,1.587890625));
#10352 = CARTESIAN_POINT('',(1.40185546875,1.66259765625));
#10353 = ( GEOMETRIC_REPRESENTATION_CONTEXT(2) 
PARAMETRIC_REPRESENTATION_CONTEXT() REPRESENTATION_CONTEXT('2D SPACE',''
  ) );
#10354 = PCURVE('',#10355,#10362);
#10355 = SURFACE_OF_LINEAR_EXTRUSION('',#10356,#10360);
#10356 = B_SPLINE_CURVE_WITH_KNOTS('',2,(#10357,#10358,#10359),
  .UNSPECIFIED.,.F.,.F.,(3,3),(0.,1.),.PIECEWISE_BEZIER_KNOTS.);
#10357 = CARTESIAN_POINT('',(1.35498046875,-7.463623046875,0.2));
#10358 = CARTESIAN_POINT('',(1.31103515625,-7.596923828125,0.2));
#10359 = CARTESIAN_POINT('',(1.23193359375,-7.671630859375,0.2));
#10360 = VECTOR('',#10361,1.);
#10361 = DIRECTION('',(-0.,0.,1.));
#10362 = DEFINITIONAL_REPRESENTATION('',(#10363),#10367);
#10363 = LINE('',#10364,#10365);
#10364 = CARTESIAN_POINT('',(0.,-0.6));
#10365 = VECTOR('',#10366,1.);
#10366 = DIRECTION('',(1.,0.));
#10367 = ( GEOMETRIC_REPRESENTATION_CONTEXT(2) 
PARAMETRIC_REPRESENTATION_CONTEXT() REPRESENTATION_CONTEXT('2D SPACE',''
  ) );
#10368 = ORIENTED_EDGE('',*,*,#10369,.T.);
#10369 = EDGE_CURVE('',#10340,#10370,#10372,.T.);
#10370 = VERTEX_POINT('',#10371);
#10371 = CARTESIAN_POINT('',(1.03125,-7.772705078125,-0.4));
#10372 = SURFACE_CURVE('',#10373,(#10377,#10384),.PCURVE_S1.);
#10373 = B_SPLINE_CURVE_WITH_KNOTS('',2,(#10374,#10375,#10376),
  .UNSPECIFIED.,.F.,.F.,(3,3),(0.,1.),.PIECEWISE_BEZIER_KNOTS.);
#10374 = CARTESIAN_POINT('',(1.23193359375,-7.671630859375,-0.4));
#10375 = CARTESIAN_POINT('',(1.15283203125,-7.746337890625,-0.4));
#10376 = CARTESIAN_POINT('',(1.03125,-7.772705078125,-0.4));
#10377 = PCURVE('',#6444,#10378);
#10378 = DEFINITIONAL_REPRESENTATION('',(#10379),#10383);
#10379 = B_SPLINE_CURVE_WITH_KNOTS('',2,(#10380,#10381,#10382),
  .UNSPECIFIED.,.F.,.F.,(3,3),(0.,1.),.PIECEWISE_BEZIER_KNOTS.);
#10380 = CARTESIAN_POINT('',(1.40185546875,1.66259765625));
#10381 = CARTESIAN_POINT('',(1.32275390625,1.7373046875));
#10382 = CARTESIAN_POINT('',(1.201171875,1.763671875));
#10383 = ( GEOMETRIC_REPRESENTATION_CONTEXT(2) 
PARAMETRIC_REPRESENTATION_CONTEXT() REPRESENTATION_CONTEXT('2D SPACE',''
  ) );
#10384 = PCURVE('',#10385,#10392);
#10385 = SURFACE_OF_LINEAR_EXTRUSION('',#10386,#10390);
#10386 = B_SPLINE_CURVE_WITH_KNOTS('',2,(#10387,#10388,#10389),
  .UNSPECIFIED.,.F.,.F.,(3,3),(0.,1.),.PIECEWISE_BEZIER_KNOTS.);
#10387 = CARTESIAN_POINT('',(1.23193359375,-7.671630859375,0.2));
#10388 = CARTESIAN_POINT('',(1.15283203125,-7.746337890625,0.2));
#10389 = CARTESIAN_POINT('',(1.03125,-7.772705078125,0.2));
#10390 = VECTOR('',#10391,1.);
#10391 = DIRECTION('',(-0.,0.,1.));
#10392 = DEFINITIONAL_REPRESENTATION('',(#10393),#10397);
#10393 = LINE('',#10394,#10395);
#10394 = CARTESIAN_POINT('',(0.,-0.6));
#10395 = VECTOR('',#10396,1.);
#10396 = DIRECTION('',(1.,0.));
#10397 = ( GEOMETRIC_REPRESENTATION_CONTEXT(2) 
PARAMETRIC_REPRESENTATION_CONTEXT() REPRESENTATION_CONTEXT('2D SPACE',''
  ) );
#10398 = ORIENTED_EDGE('',*,*,#10399,.T.);
#10399 = EDGE_CURVE('',#10370,#10104,#10400,.T.);
#10400 = SURFACE_CURVE('',#10401,(#10405,#10412),.PCURVE_S1.);
#10401 = B_SPLINE_CURVE_WITH_KNOTS('',2,(#10402,#10403,#10404),
  .UNSPECIFIED.,.F.,.F.,(3,3),(0.,1.),.PIECEWISE_BEZIER_KNOTS.);
#10402 = CARTESIAN_POINT('',(1.03125,-7.772705078125,-0.4));
#10403 = CARTESIAN_POINT('',(0.9404296875,-7.793212890625,-0.4));
#10404 = CARTESIAN_POINT('',(0.67529296875,-7.793212890625,-0.4));
#10405 = PCURVE('',#6444,#10406);
#10406 = DEFINITIONAL_REPRESENTATION('',(#10407),#10411);
#10407 = B_SPLINE_CURVE_WITH_KNOTS('',2,(#10408,#10409,#10410),
  .UNSPECIFIED.,.F.,.F.,(3,3),(0.,1.),.PIECEWISE_BEZIER_KNOTS.);
#10408 = CARTESIAN_POINT('',(1.201171875,1.763671875));
#10409 = CARTESIAN_POINT('',(1.1103515625,1.7841796875));
#10410 = CARTESIAN_POINT('',(0.84521484375,1.7841796875));
#10411 = ( GEOMETRIC_REPRESENTATION_CONTEXT(2) 
PARAMETRIC_REPRESENTATION_CONTEXT() REPRESENTATION_CONTEXT('2D SPACE',''
  ) );
#10412 = PCURVE('',#10413,#10420);
#10413 = SURFACE_OF_LINEAR_EXTRUSION('',#10414,#10418);
#10414 = B_SPLINE_CURVE_WITH_KNOTS('',2,(#10415,#10416,#10417),
  .UNSPECIFIED.,.F.,.F.,(3,3),(0.,1.),.PIECEWISE_BEZIER_KNOTS.);
#10415 = CARTESIAN_POINT('',(1.03125,-7.772705078125,0.2));
#10416 = CARTESIAN_POINT('',(0.9404296875,-7.793212890625,0.2));
#10417 = CARTESIAN_POINT('',(0.67529296875,-7.793212890625,0.2));
#10418 = VECTOR('',#10419,1.);
#10419 = DIRECTION('',(-0.,0.,1.));
#10420 = DEFINITIONAL_REPRESENTATION('',(#10421),#10425);
#10421 = LINE('',#10422,#10423);
#10422 = CARTESIAN_POINT('',(0.,-0.6));
#10423 = VECTOR('',#10424,1.);
#10424 = DIRECTION('',(1.,0.));
#10425 = ( GEOMETRIC_REPRESENTATION_CONTEXT(2) 
PARAMETRIC_REPRESENTATION_CONTEXT() REPRESENTATION_CONTEXT('2D SPACE',''
  ) );
#10426 = ADVANCED_FACE('',(#10427,#10441),#6988,.T.);
#10427 = FACE_BOUND('',#10428,.F.);
#10428 = EDGE_LOOP('',(#10429,#10430,#10431,#10432,#10433,#10434,#10435,
    #10436,#10437,#10438,#10439,#10440));
#10429 = ORIENTED_EDGE('',*,*,#6972,.T.);
#10430 = ORIENTED_EDGE('',*,*,#7026,.T.);
#10431 = ORIENTED_EDGE('',*,*,#7075,.T.);
#10432 = ORIENTED_EDGE('',*,*,#7124,.T.);
#10433 = ORIENTED_EDGE('',*,*,#7173,.T.);
#10434 = ORIENTED_EDGE('',*,*,#7222,.T.);
#10435 = ORIENTED_EDGE('',*,*,#7271,.T.);
#10436 = ORIENTED_EDGE('',*,*,#7320,.T.);
#10437 = ORIENTED_EDGE('',*,*,#7369,.T.);
#10438 = ORIENTED_EDGE('',*,*,#7418,.T.);
#10439 = ORIENTED_EDGE('',*,*,#7467,.T.);
#10440 = ORIENTED_EDGE('',*,*,#7516,.T.);
#10441 = FACE_BOUND('',#10442,.F.);
#10442 = EDGE_LOOP('',(#10443,#10473,#10501,#10529,#10559,#10589,#10619,
    #10649,#10679));
#10443 = ORIENTED_EDGE('',*,*,#10444,.T.);
#10444 = EDGE_CURVE('',#10445,#10447,#10449,.T.);
#10445 = VERTEX_POINT('',#10446);
#10446 = CARTESIAN_POINT('',(2.85791015625,-7.793212890625,-0.4));
#10447 = VERTEX_POINT('',#10448);
#10448 = CARTESIAN_POINT('',(2.6484375,-7.793212890625,-0.4));
#10449 = SURFACE_CURVE('',#10450,(#10454,#10461),.PCURVE_S1.);
#10450 = LINE('',#10451,#10452);
#10451 = CARTESIAN_POINT('',(2.85791015625,-7.793212890625,-0.4));
#10452 = VECTOR('',#10453,1.);
#10453 = DIRECTION('',(-1.,0.,0.));
#10454 = PCURVE('',#6988,#10455);
#10455 = DEFINITIONAL_REPRESENTATION('',(#10456),#10460);
#10456 = LINE('',#10457,#10458);
#10457 = CARTESIAN_POINT('',(0.861328125,1.7841796875));
#10458 = VECTOR('',#10459,1.);
#10459 = DIRECTION('',(-1.,0.));
#10460 = ( GEOMETRIC_REPRESENTATION_CONTEXT(2) 
PARAMETRIC_REPRESENTATION_CONTEXT() REPRESENTATION_CONTEXT('2D SPACE',''
  ) );
#10461 = PCURVE('',#10462,#10467);
#10462 = PLANE('',#10463);
#10463 = AXIS2_PLACEMENT_3D('',#10464,#10465,#10466);
#10464 = CARTESIAN_POINT('',(2.85791015625,-7.793212890625,0.2));
#10465 = DIRECTION('',(0.,1.,0.));
#10466 = DIRECTION('',(-1.,0.,0.));
#10467 = DEFINITIONAL_REPRESENTATION('',(#10468),#10472);
#10468 = LINE('',#10469,#10470);
#10469 = CARTESIAN_POINT('',(0.,-0.6));
#10470 = VECTOR('',#10471,1.);
#10471 = DIRECTION('',(1.,0.));
#10472 = ( GEOMETRIC_REPRESENTATION_CONTEXT(2) 
PARAMETRIC_REPRESENTATION_CONTEXT() REPRESENTATION_CONTEXT('2D SPACE',''
  ) );
#10473 = ORIENTED_EDGE('',*,*,#10474,.T.);
#10474 = EDGE_CURVE('',#10447,#10475,#10477,.T.);
#10475 = VERTEX_POINT('',#10476);
#10476 = CARTESIAN_POINT('',(2.6484375,-7.183837890625,-0.4));
#10477 = SURFACE_CURVE('',#10478,(#10482,#10489),.PCURVE_S1.);
#10478 = LINE('',#10479,#10480);
#10479 = CARTESIAN_POINT('',(2.6484375,-7.793212890625,-0.4));
#10480 = VECTOR('',#10481,1.);
#10481 = DIRECTION('',(0.,1.,0.));
#10482 = PCURVE('',#6988,#10483);
#10483 = DEFINITIONAL_REPRESENTATION('',(#10484),#10488);
#10484 = LINE('',#10485,#10486);
#10485 = CARTESIAN_POINT('',(0.65185546875,1.7841796875));
#10486 = VECTOR('',#10487,1.);
#10487 = DIRECTION('',(0.,-1.));
#10488 = ( GEOMETRIC_REPRESENTATION_CONTEXT(2) 
PARAMETRIC_REPRESENTATION_CONTEXT() REPRESENTATION_CONTEXT('2D SPACE',''
  ) );
#10489 = PCURVE('',#10490,#10495);
#10490 = PLANE('',#10491);
#10491 = AXIS2_PLACEMENT_3D('',#10492,#10493,#10494);
#10492 = CARTESIAN_POINT('',(2.6484375,-7.793212890625,0.2));
#10493 = DIRECTION('',(1.,0.,0.));
#10494 = DIRECTION('',(0.,1.,0.));
#10495 = DEFINITIONAL_REPRESENTATION('',(#10496),#10500);
#10496 = LINE('',#10497,#10498);
#10497 = CARTESIAN_POINT('',(0.,-0.6));
#10498 = VECTOR('',#10499,1.);
#10499 = DIRECTION('',(1.,0.));
#10500 = ( GEOMETRIC_REPRESENTATION_CONTEXT(2) 
PARAMETRIC_REPRESENTATION_CONTEXT() REPRESENTATION_CONTEXT('2D SPACE',''
  ) );
#10501 = ORIENTED_EDGE('',*,*,#10502,.T.);
#10502 = EDGE_CURVE('',#10475,#10503,#10505,.T.);
#10503 = VERTEX_POINT('',#10504);
#10504 = CARTESIAN_POINT('',(2.8857421875,-7.183837890625,-0.4));
#10505 = SURFACE_CURVE('',#10506,(#10510,#10517),.PCURVE_S1.);
#10506 = LINE('',#10507,#10508);
#10507 = CARTESIAN_POINT('',(2.6484375,-7.183837890625,-0.4));
#10508 = VECTOR('',#10509,1.);
#10509 = DIRECTION('',(1.,0.,0.));
#10510 = PCURVE('',#6988,#10511);
#10511 = DEFINITIONAL_REPRESENTATION('',(#10512),#10516);
#10512 = LINE('',#10513,#10514);
#10513 = CARTESIAN_POINT('',(0.65185546875,1.1748046875));
#10514 = VECTOR('',#10515,1.);
#10515 = DIRECTION('',(1.,0.));
#10516 = ( GEOMETRIC_REPRESENTATION_CONTEXT(2) 
PARAMETRIC_REPRESENTATION_CONTEXT() REPRESENTATION_CONTEXT('2D SPACE',''
  ) );
#10517 = PCURVE('',#10518,#10523);
#10518 = PLANE('',#10519);
#10519 = AXIS2_PLACEMENT_3D('',#10520,#10521,#10522);
#10520 = CARTESIAN_POINT('',(2.6484375,-7.183837890625,0.2));
#10521 = DIRECTION('',(0.,-1.,0.));
#10522 = DIRECTION('',(1.,0.,0.));
#10523 = DEFINITIONAL_REPRESENTATION('',(#10524),#10528);
#10524 = LINE('',#10525,#10526);
#10525 = CARTESIAN_POINT('',(0.,-0.6));
#10526 = VECTOR('',#10527,1.);
#10527 = DIRECTION('',(1.,0.));
#10528 = ( GEOMETRIC_REPRESENTATION_CONTEXT(2) 
PARAMETRIC_REPRESENTATION_CONTEXT() REPRESENTATION_CONTEXT('2D SPACE',''
  ) );
#10529 = ORIENTED_EDGE('',*,*,#10530,.T.);
#10530 = EDGE_CURVE('',#10503,#10531,#10533,.T.);
#10531 = VERTEX_POINT('',#10532);
#10532 = CARTESIAN_POINT('',(3.228515625,-7.217529296875,-0.4));
#10533 = SURFACE_CURVE('',#10534,(#10538,#10545),.PCURVE_S1.);
#10534 = B_SPLINE_CURVE_WITH_KNOTS('',2,(#10535,#10536,#10537),
  .UNSPECIFIED.,.F.,.F.,(3,3),(0.,1.),.PIECEWISE_BEZIER_KNOTS.);
#10535 = CARTESIAN_POINT('',(2.8857421875,-7.183837890625,-0.4));
#10536 = CARTESIAN_POINT('',(3.14208984375,-7.183837890625,-0.4));
#10537 = CARTESIAN_POINT('',(3.228515625,-7.217529296875,-0.4));
#10538 = PCURVE('',#6988,#10539);
#10539 = DEFINITIONAL_REPRESENTATION('',(#10540),#10544);
#10540 = B_SPLINE_CURVE_WITH_KNOTS('',2,(#10541,#10542,#10543),
  .UNSPECIFIED.,.F.,.F.,(3,3),(0.,1.),.PIECEWISE_BEZIER_KNOTS.);
#10541 = CARTESIAN_POINT('',(0.88916015625,1.1748046875));
#10542 = CARTESIAN_POINT('',(1.1455078125,1.1748046875));
#10543 = CARTESIAN_POINT('',(1.23193359375,1.20849609375));
#10544 = ( GEOMETRIC_REPRESENTATION_CONTEXT(2) 
PARAMETRIC_REPRESENTATION_CONTEXT() REPRESENTATION_CONTEXT('2D SPACE',''
  ) );
#10545 = PCURVE('',#10546,#10553);
#10546 = SURFACE_OF_LINEAR_EXTRUSION('',#10547,#10551);
#10547 = B_SPLINE_CURVE_WITH_KNOTS('',2,(#10548,#10549,#10550),
  .UNSPECIFIED.,.F.,.F.,(3,3),(0.,1.),.PIECEWISE_BEZIER_KNOTS.);
#10548 = CARTESIAN_POINT('',(2.8857421875,-7.183837890625,0.2));
#10549 = CARTESIAN_POINT('',(3.14208984375,-7.183837890625,0.2));
#10550 = CARTESIAN_POINT('',(3.228515625,-7.217529296875,0.2));
#10551 = VECTOR('',#10552,1.);
#10552 = DIRECTION('',(-0.,0.,1.));
#10553 = DEFINITIONAL_REPRESENTATION('',(#10554),#10558);
#10554 = LINE('',#10555,#10556);
#10555 = CARTESIAN_POINT('',(0.,-0.6));
#10556 = VECTOR('',#10557,1.);
#10557 = DIRECTION('',(1.,0.));
#10558 = ( GEOMETRIC_REPRESENTATION_CONTEXT(2) 
PARAMETRIC_REPRESENTATION_CONTEXT() REPRESENTATION_CONTEXT('2D SPACE',''
  ) );
#10559 = ORIENTED_EDGE('',*,*,#10560,.T.);
#10560 = EDGE_CURVE('',#10531,#10561,#10563,.T.);
#10561 = VERTEX_POINT('',#10562);
#10562 = CARTESIAN_POINT('',(3.364013671875,-7.322998046875,-0.4));
#10563 = SURFACE_CURVE('',#10564,(#10568,#10575),.PCURVE_S1.);
#10564 = B_SPLINE_CURVE_WITH_KNOTS('',2,(#10565,#10566,#10567),
  .UNSPECIFIED.,.F.,.F.,(3,3),(0.,1.),.PIECEWISE_BEZIER_KNOTS.);
#10565 = CARTESIAN_POINT('',(3.228515625,-7.217529296875,-0.4));
#10566 = CARTESIAN_POINT('',(3.31494140625,-7.251220703125,-0.4));
#10567 = CARTESIAN_POINT('',(3.364013671875,-7.322998046875,-0.4));
#10568 = PCURVE('',#6988,#10569);
#10569 = DEFINITIONAL_REPRESENTATION('',(#10570),#10574);
#10570 = B_SPLINE_CURVE_WITH_KNOTS('',2,(#10571,#10572,#10573),
  .UNSPECIFIED.,.F.,.F.,(3,3),(0.,1.),.PIECEWISE_BEZIER_KNOTS.);
#10571 = CARTESIAN_POINT('',(1.23193359375,1.20849609375));
#10572 = CARTESIAN_POINT('',(1.318359375,1.2421875));
#10573 = CARTESIAN_POINT('',(1.367431640625,1.31396484375));
#10574 = ( GEOMETRIC_REPRESENTATION_CONTEXT(2) 
PARAMETRIC_REPRESENTATION_CONTEXT() REPRESENTATION_CONTEXT('2D SPACE',''
  ) );
#10575 = PCURVE('',#10576,#10583);
#10576 = SURFACE_OF_LINEAR_EXTRUSION('',#10577,#10581);
#10577 = B_SPLINE_CURVE_WITH_KNOTS('',2,(#10578,#10579,#10580),
  .UNSPECIFIED.,.F.,.F.,(3,3),(0.,1.),.PIECEWISE_BEZIER_KNOTS.);
#10578 = CARTESIAN_POINT('',(3.228515625,-7.217529296875,0.2));
#10579 = CARTESIAN_POINT('',(3.31494140625,-7.251220703125,0.2));
#10580 = CARTESIAN_POINT('',(3.364013671875,-7.322998046875,0.2));
#10581 = VECTOR('',#10582,1.);
#10582 = DIRECTION('',(-0.,0.,1.));
#10583 = DEFINITIONAL_REPRESENTATION('',(#10584),#10588);
#10584 = LINE('',#10585,#10586);
#10585 = CARTESIAN_POINT('',(0.,-0.6));
#10586 = VECTOR('',#10587,1.);
#10587 = DIRECTION('',(1.,0.));
#10588 = ( GEOMETRIC_REPRESENTATION_CONTEXT(2) 
PARAMETRIC_REPRESENTATION_CONTEXT() REPRESENTATION_CONTEXT('2D SPACE',''
  ) );
#10589 = ORIENTED_EDGE('',*,*,#10590,.T.);
#10590 = EDGE_CURVE('',#10561,#10591,#10593,.T.);
#10591 = VERTEX_POINT('',#10592);
#10592 = CARTESIAN_POINT('',(3.4130859375,-7.489990234375,-0.4));
#10593 = SURFACE_CURVE('',#10594,(#10598,#10605),.PCURVE_S1.);
#10594 = B_SPLINE_CURVE_WITH_KNOTS('',2,(#10595,#10596,#10597),
  .UNSPECIFIED.,.F.,.F.,(3,3),(0.,1.),.PIECEWISE_BEZIER_KNOTS.);
#10595 = CARTESIAN_POINT('',(3.364013671875,-7.322998046875,-0.4));
#10596 = CARTESIAN_POINT('',(3.4130859375,-7.394775390625,-0.4));
#10597 = CARTESIAN_POINT('',(3.4130859375,-7.489990234375,-0.4));
#10598 = PCURVE('',#6988,#10599);
#10599 = DEFINITIONAL_REPRESENTATION('',(#10600),#10604);
#10600 = B_SPLINE_CURVE_WITH_KNOTS('',2,(#10601,#10602,#10603),
  .UNSPECIFIED.,.F.,.F.,(3,3),(0.,1.),.PIECEWISE_BEZIER_KNOTS.);
#10601 = CARTESIAN_POINT('',(1.367431640625,1.31396484375));
#10602 = CARTESIAN_POINT('',(1.41650390625,1.3857421875));
#10603 = CARTESIAN_POINT('',(1.41650390625,1.48095703125));
#10604 = ( GEOMETRIC_REPRESENTATION_CONTEXT(2) 
PARAMETRIC_REPRESENTATION_CONTEXT() REPRESENTATION_CONTEXT('2D SPACE',''
  ) );
#10605 = PCURVE('',#10606,#10613);
#10606 = SURFACE_OF_LINEAR_EXTRUSION('',#10607,#10611);
#10607 = B_SPLINE_CURVE_WITH_KNOTS('',2,(#10608,#10609,#10610),
  .UNSPECIFIED.,.F.,.F.,(3,3),(0.,1.),.PIECEWISE_BEZIER_KNOTS.);
#10608 = CARTESIAN_POINT('',(3.364013671875,-7.322998046875,0.2));
#10609 = CARTESIAN_POINT('',(3.4130859375,-7.394775390625,0.2));
#10610 = CARTESIAN_POINT('',(3.4130859375,-7.489990234375,0.2));
#10611 = VECTOR('',#10612,1.);
#10612 = DIRECTION('',(-0.,0.,1.));
#10613 = DEFINITIONAL_REPRESENTATION('',(#10614),#10618);
#10614 = LINE('',#10615,#10616);
#10615 = CARTESIAN_POINT('',(0.,-0.6));
#10616 = VECTOR('',#10617,1.);
#10617 = DIRECTION('',(1.,0.));
#10618 = ( GEOMETRIC_REPRESENTATION_CONTEXT(2) 
PARAMETRIC_REPRESENTATION_CONTEXT() REPRESENTATION_CONTEXT('2D SPACE',''
  ) );
#10619 = ORIENTED_EDGE('',*,*,#10620,.T.);
#10620 = EDGE_CURVE('',#10591,#10621,#10623,.T.);
#10621 = VERTEX_POINT('',#10622);
#10622 = CARTESIAN_POINT('',(3.34423828125,-7.683349609375,-0.4));
#10623 = SURFACE_CURVE('',#10624,(#10628,#10635),.PCURVE_S1.);
#10624 = B_SPLINE_CURVE_WITH_KNOTS('',2,(#10625,#10626,#10627),
  .UNSPECIFIED.,.F.,.F.,(3,3),(0.,1.),.PIECEWISE_BEZIER_KNOTS.);
#10625 = CARTESIAN_POINT('',(3.4130859375,-7.489990234375,-0.4));
#10626 = CARTESIAN_POINT('',(3.4130859375,-7.607177734375,-0.4));
#10627 = CARTESIAN_POINT('',(3.34423828125,-7.683349609375,-0.4));
#10628 = PCURVE('',#6988,#10629);
#10629 = DEFINITIONAL_REPRESENTATION('',(#10630),#10634);
#10630 = B_SPLINE_CURVE_WITH_KNOTS('',2,(#10631,#10632,#10633),
  .UNSPECIFIED.,.F.,.F.,(3,3),(0.,1.),.PIECEWISE_BEZIER_KNOTS.);
#10631 = CARTESIAN_POINT('',(1.41650390625,1.48095703125));
#10632 = CARTESIAN_POINT('',(1.41650390625,1.59814453125));
#10633 = CARTESIAN_POINT('',(1.34765625,1.67431640625));
#10634 = ( GEOMETRIC_REPRESENTATION_CONTEXT(2) 
PARAMETRIC_REPRESENTATION_CONTEXT() REPRESENTATION_CONTEXT('2D SPACE',''
  ) );
#10635 = PCURVE('',#10636,#10643);
#10636 = SURFACE_OF_LINEAR_EXTRUSION('',#10637,#10641);
#10637 = B_SPLINE_CURVE_WITH_KNOTS('',2,(#10638,#10639,#10640),
  .UNSPECIFIED.,.F.,.F.,(3,3),(0.,1.),.PIECEWISE_BEZIER_KNOTS.);
#10638 = CARTESIAN_POINT('',(3.4130859375,-7.489990234375,0.2));
#10639 = CARTESIAN_POINT('',(3.4130859375,-7.607177734375,0.2));
#10640 = CARTESIAN_POINT('',(3.34423828125,-7.683349609375,0.2));
#10641 = VECTOR('',#10642,1.);
#10642 = DIRECTION('',(-0.,0.,1.));
#10643 = DEFINITIONAL_REPRESENTATION('',(#10644),#10648);
#10644 = LINE('',#10645,#10646);
#10645 = CARTESIAN_POINT('',(0.,-0.6));
#10646 = VECTOR('',#10647,1.);
#10647 = DIRECTION('',(1.,0.));
#10648 = ( GEOMETRIC_REPRESENTATION_CONTEXT(2) 
PARAMETRIC_REPRESENTATION_CONTEXT() REPRESENTATION_CONTEXT('2D SPACE',''
  ) );
#10649 = ORIENTED_EDGE('',*,*,#10650,.T.);
#10650 = EDGE_CURVE('',#10621,#10651,#10653,.T.);
#10651 = VERTEX_POINT('',#10652);
#10652 = CARTESIAN_POINT('',(3.169921875,-7.778564453125,-0.4));
#10653 = SURFACE_CURVE('',#10654,(#10658,#10665),.PCURVE_S1.);
#10654 = B_SPLINE_CURVE_WITH_KNOTS('',2,(#10655,#10656,#10657),
  .UNSPECIFIED.,.F.,.F.,(3,3),(0.,1.),.PIECEWISE_BEZIER_KNOTS.);
#10655 = CARTESIAN_POINT('',(3.34423828125,-7.683349609375,-0.4));
#10656 = CARTESIAN_POINT('',(3.275390625,-7.759521484375,-0.4));
#10657 = CARTESIAN_POINT('',(3.169921875,-7.778564453125,-0.4));
#10658 = PCURVE('',#6988,#10659);
#10659 = DEFINITIONAL_REPRESENTATION('',(#10660),#10664);
#10660 = B_SPLINE_CURVE_WITH_KNOTS('',2,(#10661,#10662,#10663),
  .UNSPECIFIED.,.F.,.F.,(3,3),(0.,1.),.PIECEWISE_BEZIER_KNOTS.);
#10661 = CARTESIAN_POINT('',(1.34765625,1.67431640625));
#10662 = CARTESIAN_POINT('',(1.27880859375,1.75048828125));
#10663 = CARTESIAN_POINT('',(1.17333984375,1.76953125));
#10664 = ( GEOMETRIC_REPRESENTATION_CONTEXT(2) 
PARAMETRIC_REPRESENTATION_CONTEXT() REPRESENTATION_CONTEXT('2D SPACE',''
  ) );
#10665 = PCURVE('',#10666,#10673);
#10666 = SURFACE_OF_LINEAR_EXTRUSION('',#10667,#10671);
#10667 = B_SPLINE_CURVE_WITH_KNOTS('',2,(#10668,#10669,#10670),
  .UNSPECIFIED.,.F.,.F.,(3,3),(0.,1.),.PIECEWISE_BEZIER_KNOTS.);
#10668 = CARTESIAN_POINT('',(3.34423828125,-7.683349609375,0.2));
#10669 = CARTESIAN_POINT('',(3.275390625,-7.759521484375,0.2));
#10670 = CARTESIAN_POINT('',(3.169921875,-7.778564453125,0.2));
#10671 = VECTOR('',#10672,1.);
#10672 = DIRECTION('',(-0.,0.,1.));
#10673 = DEFINITIONAL_REPRESENTATION('',(#10674),#10678);
#10674 = LINE('',#10675,#10676);
#10675 = CARTESIAN_POINT('',(0.,-0.6));
#10676 = VECTOR('',#10677,1.);
#10677 = DIRECTION('',(1.,0.));
#10678 = ( GEOMETRIC_REPRESENTATION_CONTEXT(2) 
PARAMETRIC_REPRESENTATION_CONTEXT() REPRESENTATION_CONTEXT('2D SPACE',''
  ) );
#10679 = ORIENTED_EDGE('',*,*,#10680,.T.);
#10680 = EDGE_CURVE('',#10651,#10445,#10681,.T.);
#10681 = SURFACE_CURVE('',#10682,(#10686,#10693),.PCURVE_S1.);
#10682 = B_SPLINE_CURVE_WITH_KNOTS('',2,(#10683,#10684,#10685),
  .UNSPECIFIED.,.F.,.F.,(3,3),(0.,1.),.PIECEWISE_BEZIER_KNOTS.);
#10683 = CARTESIAN_POINT('',(3.169921875,-7.778564453125,-0.4));
#10684 = CARTESIAN_POINT('',(3.09228515625,-7.793212890625,-0.4));
#10685 = CARTESIAN_POINT('',(2.85791015625,-7.793212890625,-0.4));
#10686 = PCURVE('',#6988,#10687);
#10687 = DEFINITIONAL_REPRESENTATION('',(#10688),#10692);
#10688 = B_SPLINE_CURVE_WITH_KNOTS('',2,(#10689,#10690,#10691),
  .UNSPECIFIED.,.F.,.F.,(3,3),(0.,1.),.PIECEWISE_BEZIER_KNOTS.);
#10689 = CARTESIAN_POINT('',(1.17333984375,1.76953125));
#10690 = CARTESIAN_POINT('',(1.095703125,1.7841796875));
#10691 = CARTESIAN_POINT('',(0.861328125,1.7841796875));
#10692 = ( GEOMETRIC_REPRESENTATION_CONTEXT(2) 
PARAMETRIC_REPRESENTATION_CONTEXT() REPRESENTATION_CONTEXT('2D SPACE',''
  ) );
#10693 = PCURVE('',#10694,#10701);
#10694 = SURFACE_OF_LINEAR_EXTRUSION('',#10695,#10699);
#10695 = B_SPLINE_CURVE_WITH_KNOTS('',2,(#10696,#10697,#10698),
  .UNSPECIFIED.,.F.,.F.,(3,3),(0.,1.),.PIECEWISE_BEZIER_KNOTS.);
#10696 = CARTESIAN_POINT('',(3.169921875,-7.778564453125,0.2));
#10697 = CARTESIAN_POINT('',(3.09228515625,-7.793212890625,0.2));
#10698 = CARTESIAN_POINT('',(2.85791015625,-7.793212890625,0.2));
#10699 = VECTOR('',#10700,1.);
#10700 = DIRECTION('',(-0.,0.,1.));
#10701 = DEFINITIONAL_REPRESENTATION('',(#10702),#10706);
#10702 = LINE('',#10703,#10704);
#10703 = CARTESIAN_POINT('',(0.,-0.6));
#10704 = VECTOR('',#10705,1.);
#10705 = DIRECTION('',(1.,0.));
#10706 = ( GEOMETRIC_REPRESENTATION_CONTEXT(2) 
PARAMETRIC_REPRESENTATION_CONTEXT() REPRESENTATION_CONTEXT('2D SPACE',''
  ) );
#10707 = ADVANCED_FACE('',(#10708,#10718),#7581,.T.);
#10708 = FACE_BOUND('',#10709,.F.);
#10709 = EDGE_LOOP('',(#10710,#10711,#10712,#10713,#10714,#10715,#10716,
    #10717));
#10710 = ORIENTED_EDGE('',*,*,#7913,.T.);
#10711 = ORIENTED_EDGE('',*,*,#7565,.T.);
#10712 = ORIENTED_EDGE('',*,*,#7619,.T.);
#10713 = ORIENTED_EDGE('',*,*,#7668,.T.);
#10714 = ORIENTED_EDGE('',*,*,#7717,.T.);
#10715 = ORIENTED_EDGE('',*,*,#7766,.T.);
#10716 = ORIENTED_EDGE('',*,*,#7815,.T.);
#10717 = ORIENTED_EDGE('',*,*,#7864,.T.);
#10718 = FACE_BOUND('',#10719,.F.);
#10719 = EDGE_LOOP('',(#10720,#10752,#10782,#10812,#10842,#10872,#10902,
    #10932,#10962,#10992,#11022,#11052));
#10720 = ORIENTED_EDGE('',*,*,#10721,.T.);
#10721 = EDGE_CURVE('',#10722,#10724,#10726,.T.);
#10722 = VERTEX_POINT('',#10723);
#10723 = CARTESIAN_POINT('',(5.81982421875,-7.823974609375,-0.4));
#10724 = VERTEX_POINT('',#10725);
#10725 = CARTESIAN_POINT('',(5.6865234375,-7.7763671875,-0.4));
#10726 = SURFACE_CURVE('',#10727,(#10731,#10738),.PCURVE_S1.);
#10727 = B_SPLINE_CURVE_WITH_KNOTS('',2,(#10728,#10729,#10730),
  .UNSPECIFIED.,.F.,.F.,(3,3),(0.,1.),.PIECEWISE_BEZIER_KNOTS.);
#10728 = CARTESIAN_POINT('',(5.81982421875,-7.823974609375,-0.4));
#10729 = CARTESIAN_POINT('',(5.7451171875,-7.823974609375,-0.4));
#10730 = CARTESIAN_POINT('',(5.6865234375,-7.7763671875,-0.4));
#10731 = PCURVE('',#7581,#10732);
#10732 = DEFINITIONAL_REPRESENTATION('',(#10733),#10737);
#10733 = B_SPLINE_CURVE_WITH_KNOTS('',2,(#10734,#10735,#10736),
  .UNSPECIFIED.,.F.,.F.,(3,3),(0.,1.),.PIECEWISE_BEZIER_KNOTS.);
#10734 = CARTESIAN_POINT('',(0.8232421875,1.81494140625));
#10735 = CARTESIAN_POINT('',(0.74853515625,1.81494140625));
#10736 = CARTESIAN_POINT('',(0.68994140625,1.767333984375));
#10737 = ( GEOMETRIC_REPRESENTATION_CONTEXT(2) 
PARAMETRIC_REPRESENTATION_CONTEXT() REPRESENTATION_CONTEXT('2D SPACE',''
  ) );
#10738 = PCURVE('',#10739,#10746);
#10739 = SURFACE_OF_LINEAR_EXTRUSION('',#10740,#10744);
#10740 = B_SPLINE_CURVE_WITH_KNOTS('',2,(#10741,#10742,#10743),
  .UNSPECIFIED.,.F.,.F.,(3,3),(0.,1.),.PIECEWISE_BEZIER_KNOTS.);
#10741 = CARTESIAN_POINT('',(5.81982421875,-7.823974609375,0.2));
#10742 = CARTESIAN_POINT('',(5.7451171875,-7.823974609375,0.2));
#10743 = CARTESIAN_POINT('',(5.6865234375,-7.7763671875,0.2));
#10744 = VECTOR('',#10745,1.);
#10745 = DIRECTION('',(-0.,0.,1.));
#10746 = DEFINITIONAL_REPRESENTATION('',(#10747),#10751);
#10747 = LINE('',#10748,#10749);
#10748 = CARTESIAN_POINT('',(0.,-0.6));
#10749 = VECTOR('',#10750,1.);
#10750 = DIRECTION('',(1.,0.));
#10751 = ( GEOMETRIC_REPRESENTATION_CONTEXT(2) 
PARAMETRIC_REPRESENTATION_CONTEXT() REPRESENTATION_CONTEXT('2D SPACE',''
  ) );
#10752 = ORIENTED_EDGE('',*,*,#10753,.T.);
#10753 = EDGE_CURVE('',#10724,#10754,#10756,.T.);
#10754 = VERTEX_POINT('',#10755);
#10755 = CARTESIAN_POINT('',(5.595703125,-7.605712890625,-0.4));
#10756 = SURFACE_CURVE('',#10757,(#10761,#10768),.PCURVE_S1.);
#10757 = B_SPLINE_CURVE_WITH_KNOTS('',2,(#10758,#10759,#10760),
  .UNSPECIFIED.,.F.,.F.,(3,3),(0.,1.),.PIECEWISE_BEZIER_KNOTS.);
#10758 = CARTESIAN_POINT('',(5.6865234375,-7.7763671875,-0.4));
#10759 = CARTESIAN_POINT('',(5.6279296875,-7.728759765625,-0.4));
#10760 = CARTESIAN_POINT('',(5.595703125,-7.605712890625,-0.4));
#10761 = PCURVE('',#7581,#10762);
#10762 = DEFINITIONAL_REPRESENTATION('',(#10763),#10767);
#10763 = B_SPLINE_CURVE_WITH_KNOTS('',2,(#10764,#10765,#10766),
  .UNSPECIFIED.,.F.,.F.,(3,3),(0.,1.),.PIECEWISE_BEZIER_KNOTS.);
#10764 = CARTESIAN_POINT('',(0.68994140625,1.767333984375));
#10765 = CARTESIAN_POINT('',(0.63134765625,1.7197265625));
#10766 = CARTESIAN_POINT('',(0.59912109375,1.5966796875));
#10767 = ( GEOMETRIC_REPRESENTATION_CONTEXT(2) 
PARAMETRIC_REPRESENTATION_CONTEXT() REPRESENTATION_CONTEXT('2D SPACE',''
  ) );
#10768 = PCURVE('',#10769,#10776);
#10769 = SURFACE_OF_LINEAR_EXTRUSION('',#10770,#10774);
#10770 = B_SPLINE_CURVE_WITH_KNOTS('',2,(#10771,#10772,#10773),
  .UNSPECIFIED.,.F.,.F.,(3,3),(0.,1.),.PIECEWISE_BEZIER_KNOTS.);
#10771 = CARTESIAN_POINT('',(5.6865234375,-7.7763671875,0.2));
#10772 = CARTESIAN_POINT('',(5.6279296875,-7.728759765625,0.2));
#10773 = CARTESIAN_POINT('',(5.595703125,-7.605712890625,0.2));
#10774 = VECTOR('',#10775,1.);
#10775 = DIRECTION('',(-0.,0.,1.));
#10776 = DEFINITIONAL_REPRESENTATION('',(#10777),#10781);
#10777 = LINE('',#10778,#10779);
#10778 = CARTESIAN_POINT('',(0.,-0.6));
#10779 = VECTOR('',#10780,1.);
#10780 = DIRECTION('',(1.,0.));
#10781 = ( GEOMETRIC_REPRESENTATION_CONTEXT(2) 
PARAMETRIC_REPRESENTATION_CONTEXT() REPRESENTATION_CONTEXT('2D SPACE',''
  ) );
#10782 = ORIENTED_EDGE('',*,*,#10783,.T.);
#10783 = EDGE_CURVE('',#10754,#10784,#10786,.T.);
#10784 = VERTEX_POINT('',#10785);
#10785 = CARTESIAN_POINT('',(5.55322265625,-7.068115234375,-0.4));
#10786 = SURFACE_CURVE('',#10787,(#10791,#10798),.PCURVE_S1.);
#10787 = B_SPLINE_CURVE_WITH_KNOTS('',2,(#10788,#10789,#10790),
  .UNSPECIFIED.,.F.,.F.,(3,3),(0.,1.),.PIECEWISE_BEZIER_KNOTS.);
#10788 = CARTESIAN_POINT('',(5.595703125,-7.605712890625,-0.4));
#10789 = CARTESIAN_POINT('',(5.55322265625,-7.446044921875,-0.4));
#10790 = CARTESIAN_POINT('',(5.55322265625,-7.068115234375,-0.4));
#10791 = PCURVE('',#7581,#10792);
#10792 = DEFINITIONAL_REPRESENTATION('',(#10793),#10797);
#10793 = B_SPLINE_CURVE_WITH_KNOTS('',2,(#10794,#10795,#10796),
  .UNSPECIFIED.,.F.,.F.,(3,3),(0.,1.),.PIECEWISE_BEZIER_KNOTS.);
#10794 = CARTESIAN_POINT('',(0.59912109375,1.5966796875));
#10795 = CARTESIAN_POINT('',(0.556640625,1.43701171875));
#10796 = CARTESIAN_POINT('',(0.556640625,1.05908203125));
#10797 = ( GEOMETRIC_REPRESENTATION_CONTEXT(2) 
PARAMETRIC_REPRESENTATION_CONTEXT() REPRESENTATION_CONTEXT('2D SPACE',''
  ) );
#10798 = PCURVE('',#10799,#10806);
#10799 = SURFACE_OF_LINEAR_EXTRUSION('',#10800,#10804);
#10800 = B_SPLINE_CURVE_WITH_KNOTS('',2,(#10801,#10802,#10803),
  .UNSPECIFIED.,.F.,.F.,(3,3),(0.,1.),.PIECEWISE_BEZIER_KNOTS.);
#10801 = CARTESIAN_POINT('',(5.595703125,-7.605712890625,0.2));
#10802 = CARTESIAN_POINT('',(5.55322265625,-7.446044921875,0.2));
#10803 = CARTESIAN_POINT('',(5.55322265625,-7.068115234375,0.2));
#10804 = VECTOR('',#10805,1.);
#10805 = DIRECTION('',(-0.,0.,1.));
#10806 = DEFINITIONAL_REPRESENTATION('',(#10807),#10811);
#10807 = LINE('',#10808,#10809);
#10808 = CARTESIAN_POINT('',(0.,-0.6));
#10809 = VECTOR('',#10810,1.);
#10810 = DIRECTION('',(1.,0.));
#10811 = ( GEOMETRIC_REPRESENTATION_CONTEXT(2) 
PARAMETRIC_REPRESENTATION_CONTEXT() REPRESENTATION_CONTEXT('2D SPACE',''
  ) );
#10812 = ORIENTED_EDGE('',*,*,#10813,.T.);
#10813 = EDGE_CURVE('',#10784,#10814,#10816,.T.);
#10814 = VERTEX_POINT('',#10815);
#10815 = CARTESIAN_POINT('',(5.59130859375,-6.548828125,-0.4));
#10816 = SURFACE_CURVE('',#10817,(#10821,#10828),.PCURVE_S1.);
#10817 = B_SPLINE_CURVE_WITH_KNOTS('',2,(#10818,#10819,#10820),
  .UNSPECIFIED.,.F.,.F.,(3,3),(0.,1.),.PIECEWISE_BEZIER_KNOTS.);
#10818 = CARTESIAN_POINT('',(5.55322265625,-7.068115234375,-0.4));
#10819 = CARTESIAN_POINT('',(5.55322265625,-6.690185546875,-0.4));
#10820 = CARTESIAN_POINT('',(5.59130859375,-6.548828125,-0.4));
#10821 = PCURVE('',#7581,#10822);
#10822 = DEFINITIONAL_REPRESENTATION('',(#10823),#10827);
#10823 = B_SPLINE_CURVE_WITH_KNOTS('',2,(#10824,#10825,#10826),
  .UNSPECIFIED.,.F.,.F.,(3,3),(0.,1.),.PIECEWISE_BEZIER_KNOTS.);
#10824 = CARTESIAN_POINT('',(0.556640625,1.05908203125));
#10825 = CARTESIAN_POINT('',(0.556640625,0.68115234375));
#10826 = CARTESIAN_POINT('',(0.5947265625,0.539794921875));
#10827 = ( GEOMETRIC_REPRESENTATION_CONTEXT(2) 
PARAMETRIC_REPRESENTATION_CONTEXT() REPRESENTATION_CONTEXT('2D SPACE',''
  ) );
#10828 = PCURVE('',#10829,#10836);
#10829 = SURFACE_OF_LINEAR_EXTRUSION('',#10830,#10834);
#10830 = B_SPLINE_CURVE_WITH_KNOTS('',2,(#10831,#10832,#10833),
  .UNSPECIFIED.,.F.,.F.,(3,3),(0.,1.),.PIECEWISE_BEZIER_KNOTS.);
#10831 = CARTESIAN_POINT('',(5.55322265625,-7.068115234375,0.2));
#10832 = CARTESIAN_POINT('',(5.55322265625,-6.690185546875,0.2));
#10833 = CARTESIAN_POINT('',(5.59130859375,-6.548828125,0.2));
#10834 = VECTOR('',#10835,1.);
#10835 = DIRECTION('',(-0.,0.,1.));
#10836 = DEFINITIONAL_REPRESENTATION('',(#10837),#10841);
#10837 = LINE('',#10838,#10839);
#10838 = CARTESIAN_POINT('',(0.,-0.6));
#10839 = VECTOR('',#10840,1.);
#10840 = DIRECTION('',(1.,0.));
#10841 = ( GEOMETRIC_REPRESENTATION_CONTEXT(2) 
PARAMETRIC_REPRESENTATION_CONTEXT() REPRESENTATION_CONTEXT('2D SPACE',''
  ) );
#10842 = ORIENTED_EDGE('',*,*,#10843,.T.);
#10843 = EDGE_CURVE('',#10814,#10844,#10846,.T.);
#10844 = VERTEX_POINT('',#10845);
#10845 = CARTESIAN_POINT('',(5.687255859375,-6.360595703125,-0.4));
#10846 = SURFACE_CURVE('',#10847,(#10851,#10858),.PCURVE_S1.);
#10847 = B_SPLINE_CURVE_WITH_KNOTS('',2,(#10848,#10849,#10850),
  .UNSPECIFIED.,.F.,.F.,(3,3),(0.,1.),.PIECEWISE_BEZIER_KNOTS.);
#10848 = CARTESIAN_POINT('',(5.59130859375,-6.548828125,-0.4));
#10849 = CARTESIAN_POINT('',(5.62939453125,-6.407470703125,-0.4));
#10850 = CARTESIAN_POINT('',(5.687255859375,-6.360595703125,-0.4));
#10851 = PCURVE('',#7581,#10852);
#10852 = DEFINITIONAL_REPRESENTATION('',(#10853),#10857);
#10853 = B_SPLINE_CURVE_WITH_KNOTS('',2,(#10854,#10855,#10856),
  .UNSPECIFIED.,.F.,.F.,(3,3),(0.,1.),.PIECEWISE_BEZIER_KNOTS.);
#10854 = CARTESIAN_POINT('',(0.5947265625,0.539794921875));
#10855 = CARTESIAN_POINT('',(0.6328125,0.3984375));
#10856 = CARTESIAN_POINT('',(0.690673828125,0.3515625));
#10857 = ( GEOMETRIC_REPRESENTATION_CONTEXT(2) 
PARAMETRIC_REPRESENTATION_CONTEXT() REPRESENTATION_CONTEXT('2D SPACE',''
  ) );
#10858 = PCURVE('',#10859,#10866);
#10859 = SURFACE_OF_LINEAR_EXTRUSION('',#10860,#10864);
#10860 = B_SPLINE_CURVE_WITH_KNOTS('',2,(#10861,#10862,#10863),
  .UNSPECIFIED.,.F.,.F.,(3,3),(0.,1.),.PIECEWISE_BEZIER_KNOTS.);
#10861 = CARTESIAN_POINT('',(5.59130859375,-6.548828125,0.2));
#10862 = CARTESIAN_POINT('',(5.62939453125,-6.407470703125,0.2));
#10863 = CARTESIAN_POINT('',(5.687255859375,-6.360595703125,0.2));
#10864 = VECTOR('',#10865,1.);
#10865 = DIRECTION('',(-0.,0.,1.));
#10866 = DEFINITIONAL_REPRESENTATION('',(#10867),#10871);
#10867 = LINE('',#10868,#10869);
#10868 = CARTESIAN_POINT('',(0.,-0.6));
#10869 = VECTOR('',#10870,1.);
#10870 = DIRECTION('',(1.,0.));
#10871 = ( GEOMETRIC_REPRESENTATION_CONTEXT(2) 
PARAMETRIC_REPRESENTATION_CONTEXT() REPRESENTATION_CONTEXT('2D SPACE',''
  ) );
#10872 = ORIENTED_EDGE('',*,*,#10873,.T.);
#10873 = EDGE_CURVE('',#10844,#10874,#10876,.T.);
#10874 = VERTEX_POINT('',#10875);
#10875 = CARTESIAN_POINT('',(5.81982421875,-6.313720703125,-0.4));
#10876 = SURFACE_CURVE('',#10877,(#10881,#10888),.PCURVE_S1.);
#10877 = B_SPLINE_CURVE_WITH_KNOTS('',2,(#10878,#10879,#10880),
  .UNSPECIFIED.,.F.,.F.,(3,3),(0.,1.),.PIECEWISE_BEZIER_KNOTS.);
#10878 = CARTESIAN_POINT('',(5.687255859375,-6.360595703125,-0.4));
#10879 = CARTESIAN_POINT('',(5.7451171875,-6.313720703125,-0.4));
#10880 = CARTESIAN_POINT('',(5.81982421875,-6.313720703125,-0.4));
#10881 = PCURVE('',#7581,#10882);
#10882 = DEFINITIONAL_REPRESENTATION('',(#10883),#10887);
#10883 = B_SPLINE_CURVE_WITH_KNOTS('',2,(#10884,#10885,#10886),
  .UNSPECIFIED.,.F.,.F.,(3,3),(0.,1.),.PIECEWISE_BEZIER_KNOTS.);
#10884 = CARTESIAN_POINT('',(0.690673828125,0.3515625));
#10885 = CARTESIAN_POINT('',(0.74853515625,0.3046875));
#10886 = CARTESIAN_POINT('',(0.8232421875,0.3046875));
#10887 = ( GEOMETRIC_REPRESENTATION_CONTEXT(2) 
PARAMETRIC_REPRESENTATION_CONTEXT() REPRESENTATION_CONTEXT('2D SPACE',''
  ) );
#10888 = PCURVE('',#10889,#10896);
#10889 = SURFACE_OF_LINEAR_EXTRUSION('',#10890,#10894);
#10890 = B_SPLINE_CURVE_WITH_KNOTS('',2,(#10891,#10892,#10893),
  .UNSPECIFIED.,.F.,.F.,(3,3),(0.,1.),.PIECEWISE_BEZIER_KNOTS.);
#10891 = CARTESIAN_POINT('',(5.687255859375,-6.360595703125,0.2));
#10892 = CARTESIAN_POINT('',(5.7451171875,-6.313720703125,0.2));
#10893 = CARTESIAN_POINT('',(5.81982421875,-6.313720703125,0.2));
#10894 = VECTOR('',#10895,1.);
#10895 = DIRECTION('',(-0.,0.,1.));
#10896 = DEFINITIONAL_REPRESENTATION('',(#10897),#10901);
#10897 = LINE('',#10898,#10899);
#10898 = CARTESIAN_POINT('',(0.,-0.6));
#10899 = VECTOR('',#10900,1.);
#10900 = DIRECTION('',(1.,0.));
#10901 = ( GEOMETRIC_REPRESENTATION_CONTEXT(2) 
PARAMETRIC_REPRESENTATION_CONTEXT() REPRESENTATION_CONTEXT('2D SPACE',''
  ) );
#10902 = ORIENTED_EDGE('',*,*,#10903,.T.);
#10903 = EDGE_CURVE('',#10874,#10904,#10906,.T.);
#10904 = VERTEX_POINT('',#10905);
#10905 = CARTESIAN_POINT('',(5.953125,-6.361328125,-0.4));
#10906 = SURFACE_CURVE('',#10907,(#10911,#10918),.PCURVE_S1.);
#10907 = B_SPLINE_CURVE_WITH_KNOTS('',2,(#10908,#10909,#10910),
  .UNSPECIFIED.,.F.,.F.,(3,3),(0.,1.),.PIECEWISE_BEZIER_KNOTS.);
#10908 = CARTESIAN_POINT('',(5.81982421875,-6.313720703125,-0.4));
#10909 = CARTESIAN_POINT('',(5.89453125,-6.313720703125,-0.4));
#10910 = CARTESIAN_POINT('',(5.953125,-6.361328125,-0.4));
#10911 = PCURVE('',#7581,#10912);
#10912 = DEFINITIONAL_REPRESENTATION('',(#10913),#10917);
#10913 = B_SPLINE_CURVE_WITH_KNOTS('',2,(#10914,#10915,#10916),
  .UNSPECIFIED.,.F.,.F.,(3,3),(0.,1.),.PIECEWISE_BEZIER_KNOTS.);
#10914 = CARTESIAN_POINT('',(0.8232421875,0.3046875));
#10915 = CARTESIAN_POINT('',(0.89794921875,0.3046875));
#10916 = CARTESIAN_POINT('',(0.95654296875,0.352294921875));
#10917 = ( GEOMETRIC_REPRESENTATION_CONTEXT(2) 
PARAMETRIC_REPRESENTATION_CONTEXT() REPRESENTATION_CONTEXT('2D SPACE',''
  ) );
#10918 = PCURVE('',#10919,#10926);
#10919 = SURFACE_OF_LINEAR_EXTRUSION('',#10920,#10924);
#10920 = B_SPLINE_CURVE_WITH_KNOTS('',2,(#10921,#10922,#10923),
  .UNSPECIFIED.,.F.,.F.,(3,3),(0.,1.),.PIECEWISE_BEZIER_KNOTS.);
#10921 = CARTESIAN_POINT('',(5.81982421875,-6.313720703125,0.2));
#10922 = CARTESIAN_POINT('',(5.89453125,-6.313720703125,0.2));
#10923 = CARTESIAN_POINT('',(5.953125,-6.361328125,0.2));
#10924 = VECTOR('',#10925,1.);
#10925 = DIRECTION('',(-0.,0.,1.));
#10926 = DEFINITIONAL_REPRESENTATION('',(#10927),#10931);
#10927 = LINE('',#10928,#10929);
#10928 = CARTESIAN_POINT('',(0.,-0.6));
#10929 = VECTOR('',#10930,1.);
#10930 = DIRECTION('',(1.,0.));
#10931 = ( GEOMETRIC_REPRESENTATION_CONTEXT(2) 
PARAMETRIC_REPRESENTATION_CONTEXT() REPRESENTATION_CONTEXT('2D SPACE',''
  ) );
#10932 = ORIENTED_EDGE('',*,*,#10933,.T.);
#10933 = EDGE_CURVE('',#10904,#10934,#10936,.T.);
#10934 = VERTEX_POINT('',#10935);
#10935 = CARTESIAN_POINT('',(6.0439453125,-6.531982421875,-0.4));
#10936 = SURFACE_CURVE('',#10937,(#10941,#10948),.PCURVE_S1.);
#10937 = B_SPLINE_CURVE_WITH_KNOTS('',2,(#10938,#10939,#10940),
  .UNSPECIFIED.,.F.,.F.,(3,3),(0.,1.),.PIECEWISE_BEZIER_KNOTS.);
#10938 = CARTESIAN_POINT('',(5.953125,-6.361328125,-0.4));
#10939 = CARTESIAN_POINT('',(6.01171875,-6.408935546875,-0.4));
#10940 = CARTESIAN_POINT('',(6.0439453125,-6.531982421875,-0.4));
#10941 = PCURVE('',#7581,#10942);
#10942 = DEFINITIONAL_REPRESENTATION('',(#10943),#10947);
#10943 = B_SPLINE_CURVE_WITH_KNOTS('',2,(#10944,#10945,#10946),
  .UNSPECIFIED.,.F.,.F.,(3,3),(0.,1.),.PIECEWISE_BEZIER_KNOTS.);
#10944 = CARTESIAN_POINT('',(0.95654296875,0.352294921875));
#10945 = CARTESIAN_POINT('',(1.01513671875,0.39990234375));
#10946 = CARTESIAN_POINT('',(1.04736328125,0.52294921875));
#10947 = ( GEOMETRIC_REPRESENTATION_CONTEXT(2) 
PARAMETRIC_REPRESENTATION_CONTEXT() REPRESENTATION_CONTEXT('2D SPACE',''
  ) );
#10948 = PCURVE('',#10949,#10956);
#10949 = SURFACE_OF_LINEAR_EXTRUSION('',#10950,#10954);
#10950 = B_SPLINE_CURVE_WITH_KNOTS('',2,(#10951,#10952,#10953),
  .UNSPECIFIED.,.F.,.F.,(3,3),(0.,1.),.PIECEWISE_BEZIER_KNOTS.);
#10951 = CARTESIAN_POINT('',(5.953125,-6.361328125,0.2));
#10952 = CARTESIAN_POINT('',(6.01171875,-6.408935546875,0.2));
#10953 = CARTESIAN_POINT('',(6.0439453125,-6.531982421875,0.2));
#10954 = VECTOR('',#10955,1.);
#10955 = DIRECTION('',(-0.,0.,1.));
#10956 = DEFINITIONAL_REPRESENTATION('',(#10957),#10961);
#10957 = LINE('',#10958,#10959);
#10958 = CARTESIAN_POINT('',(0.,-0.6));
#10959 = VECTOR('',#10960,1.);
#10960 = DIRECTION('',(1.,0.));
#10961 = ( GEOMETRIC_REPRESENTATION_CONTEXT(2) 
PARAMETRIC_REPRESENTATION_CONTEXT() REPRESENTATION_CONTEXT('2D SPACE',''
  ) );
#10962 = ORIENTED_EDGE('',*,*,#10963,.T.);
#10963 = EDGE_CURVE('',#10934,#10964,#10966,.T.);
#10964 = VERTEX_POINT('',#10965);
#10965 = CARTESIAN_POINT('',(6.08642578125,-7.068115234375,-0.4));
#10966 = SURFACE_CURVE('',#10967,(#10971,#10978),.PCURVE_S1.);
#10967 = B_SPLINE_CURVE_WITH_KNOTS('',2,(#10968,#10969,#10970),
  .UNSPECIFIED.,.F.,.F.,(3,3),(0.,1.),.PIECEWISE_BEZIER_KNOTS.);
#10968 = CARTESIAN_POINT('',(6.0439453125,-6.531982421875,-0.4));
#10969 = CARTESIAN_POINT('',(6.08642578125,-6.690185546875,-0.4));
#10970 = CARTESIAN_POINT('',(6.08642578125,-7.068115234375,-0.4));
#10971 = PCURVE('',#7581,#10972);
#10972 = DEFINITIONAL_REPRESENTATION('',(#10973),#10977);
#10973 = B_SPLINE_CURVE_WITH_KNOTS('',2,(#10974,#10975,#10976),
  .UNSPECIFIED.,.F.,.F.,(3,3),(0.,1.),.PIECEWISE_BEZIER_KNOTS.);
#10974 = CARTESIAN_POINT('',(1.04736328125,0.52294921875));
#10975 = CARTESIAN_POINT('',(1.08984375,0.68115234375));
#10976 = CARTESIAN_POINT('',(1.08984375,1.05908203125));
#10977 = ( GEOMETRIC_REPRESENTATION_CONTEXT(2) 
PARAMETRIC_REPRESENTATION_CONTEXT() REPRESENTATION_CONTEXT('2D SPACE',''
  ) );
#10978 = PCURVE('',#10979,#10986);
#10979 = SURFACE_OF_LINEAR_EXTRUSION('',#10980,#10984);
#10980 = B_SPLINE_CURVE_WITH_KNOTS('',2,(#10981,#10982,#10983),
  .UNSPECIFIED.,.F.,.F.,(3,3),(0.,1.),.PIECEWISE_BEZIER_KNOTS.);
#10981 = CARTESIAN_POINT('',(6.0439453125,-6.531982421875,0.2));
#10982 = CARTESIAN_POINT('',(6.08642578125,-6.690185546875,0.2));
#10983 = CARTESIAN_POINT('',(6.08642578125,-7.068115234375,0.2));
#10984 = VECTOR('',#10985,1.);
#10985 = DIRECTION('',(-0.,0.,1.));
#10986 = DEFINITIONAL_REPRESENTATION('',(#10987),#10991);
#10987 = LINE('',#10988,#10989);
#10988 = CARTESIAN_POINT('',(0.,-0.6));
#10989 = VECTOR('',#10990,1.);
#10990 = DIRECTION('',(1.,0.));
#10991 = ( GEOMETRIC_REPRESENTATION_CONTEXT(2) 
PARAMETRIC_REPRESENTATION_CONTEXT() REPRESENTATION_CONTEXT('2D SPACE',''
  ) );
#10992 = ORIENTED_EDGE('',*,*,#10993,.T.);
#10993 = EDGE_CURVE('',#10964,#10994,#10996,.T.);
#10994 = VERTEX_POINT('',#10995);
#10995 = CARTESIAN_POINT('',(6.04833984375,-7.58740234375,-0.4));
#10996 = SURFACE_CURVE('',#10997,(#11001,#11008),.PCURVE_S1.);
#10997 = B_SPLINE_CURVE_WITH_KNOTS('',2,(#10998,#10999,#11000),
  .UNSPECIFIED.,.F.,.F.,(3,3),(0.,1.),.PIECEWISE_BEZIER_KNOTS.);
#10998 = CARTESIAN_POINT('',(6.08642578125,-7.068115234375,-0.4));
#10999 = CARTESIAN_POINT('',(6.08642578125,-7.446044921875,-0.4));
#11000 = CARTESIAN_POINT('',(6.04833984375,-7.58740234375,-0.4));
#11001 = PCURVE('',#7581,#11002);
#11002 = DEFINITIONAL_REPRESENTATION('',(#11003),#11007);
#11003 = B_SPLINE_CURVE_WITH_KNOTS('',2,(#11004,#11005,#11006),
  .UNSPECIFIED.,.F.,.F.,(3,3),(0.,1.),.PIECEWISE_BEZIER_KNOTS.);
#11004 = CARTESIAN_POINT('',(1.08984375,1.05908203125));
#11005 = CARTESIAN_POINT('',(1.08984375,1.43701171875));
#11006 = CARTESIAN_POINT('',(1.0517578125,1.578369140625));
#11007 = ( GEOMETRIC_REPRESENTATION_CONTEXT(2) 
PARAMETRIC_REPRESENTATION_CONTEXT() REPRESENTATION_CONTEXT('2D SPACE',''
  ) );
#11008 = PCURVE('',#11009,#11016);
#11009 = SURFACE_OF_LINEAR_EXTRUSION('',#11010,#11014);
#11010 = B_SPLINE_CURVE_WITH_KNOTS('',2,(#11011,#11012,#11013),
  .UNSPECIFIED.,.F.,.F.,(3,3),(0.,1.),.PIECEWISE_BEZIER_KNOTS.);
#11011 = CARTESIAN_POINT('',(6.08642578125,-7.068115234375,0.2));
#11012 = CARTESIAN_POINT('',(6.08642578125,-7.446044921875,0.2));
#11013 = CARTESIAN_POINT('',(6.04833984375,-7.58740234375,0.2));
#11014 = VECTOR('',#11015,1.);
#11015 = DIRECTION('',(-0.,0.,1.));
#11016 = DEFINITIONAL_REPRESENTATION('',(#11017),#11021);
#11017 = LINE('',#11018,#11019);
#11018 = CARTESIAN_POINT('',(0.,-0.6));
#11019 = VECTOR('',#11020,1.);
#11020 = DIRECTION('',(1.,0.));
#11021 = ( GEOMETRIC_REPRESENTATION_CONTEXT(2) 
PARAMETRIC_REPRESENTATION_CONTEXT() REPRESENTATION_CONTEXT('2D SPACE',''
  ) );
#11022 = ORIENTED_EDGE('',*,*,#11023,.T.);
#11023 = EDGE_CURVE('',#10994,#11024,#11026,.T.);
#11024 = VERTEX_POINT('',#11025);
#11025 = CARTESIAN_POINT('',(5.952392578125,-7.7763671875,-0.4));
#11026 = SURFACE_CURVE('',#11027,(#11031,#11038),.PCURVE_S1.);
#11027 = B_SPLINE_CURVE_WITH_KNOTS('',2,(#11028,#11029,#11030),
  .UNSPECIFIED.,.F.,.F.,(3,3),(0.,1.),.PIECEWISE_BEZIER_KNOTS.);
#11028 = CARTESIAN_POINT('',(6.04833984375,-7.58740234375,-0.4));
#11029 = CARTESIAN_POINT('',(6.01025390625,-7.728759765625,-0.4));
#11030 = CARTESIAN_POINT('',(5.952392578125,-7.7763671875,-0.4));
#11031 = PCURVE('',#7581,#11032);
#11032 = DEFINITIONAL_REPRESENTATION('',(#11033),#11037);
#11033 = B_SPLINE_CURVE_WITH_KNOTS('',2,(#11034,#11035,#11036),
  .UNSPECIFIED.,.F.,.F.,(3,3),(0.,1.),.PIECEWISE_BEZIER_KNOTS.);
#11034 = CARTESIAN_POINT('',(1.0517578125,1.578369140625));
#11035 = CARTESIAN_POINT('',(1.013671875,1.7197265625));
#11036 = CARTESIAN_POINT('',(0.955810546875,1.767333984375));
#11037 = ( GEOMETRIC_REPRESENTATION_CONTEXT(2) 
PARAMETRIC_REPRESENTATION_CONTEXT() REPRESENTATION_CONTEXT('2D SPACE',''
  ) );
#11038 = PCURVE('',#11039,#11046);
#11039 = SURFACE_OF_LINEAR_EXTRUSION('',#11040,#11044);
#11040 = B_SPLINE_CURVE_WITH_KNOTS('',2,(#11041,#11042,#11043),
  .UNSPECIFIED.,.F.,.F.,(3,3),(0.,1.),.PIECEWISE_BEZIER_KNOTS.);
#11041 = CARTESIAN_POINT('',(6.04833984375,-7.58740234375,0.2));
#11042 = CARTESIAN_POINT('',(6.01025390625,-7.728759765625,0.2));
#11043 = CARTESIAN_POINT('',(5.952392578125,-7.7763671875,0.2));
#11044 = VECTOR('',#11045,1.);
#11045 = DIRECTION('',(-0.,0.,1.));
#11046 = DEFINITIONAL_REPRESENTATION('',(#11047),#11051);
#11047 = LINE('',#11048,#11049);
#11048 = CARTESIAN_POINT('',(0.,-0.6));
#11049 = VECTOR('',#11050,1.);
#11050 = DIRECTION('',(1.,0.));
#11051 = ( GEOMETRIC_REPRESENTATION_CONTEXT(2) 
PARAMETRIC_REPRESENTATION_CONTEXT() REPRESENTATION_CONTEXT('2D SPACE',''
  ) );
#11052 = ORIENTED_EDGE('',*,*,#11053,.T.);
#11053 = EDGE_CURVE('',#11024,#10722,#11054,.T.);
#11054 = SURFACE_CURVE('',#11055,(#11059,#11066),.PCURVE_S1.);
#11055 = B_SPLINE_CURVE_WITH_KNOTS('',2,(#11056,#11057,#11058),
  .UNSPECIFIED.,.F.,.F.,(3,3),(0.,1.),.PIECEWISE_BEZIER_KNOTS.);
#11056 = CARTESIAN_POINT('',(5.952392578125,-7.7763671875,-0.4));
#11057 = CARTESIAN_POINT('',(5.89453125,-7.823974609375,-0.4));
#11058 = CARTESIAN_POINT('',(5.81982421875,-7.823974609375,-0.4));
#11059 = PCURVE('',#7581,#11060);
#11060 = DEFINITIONAL_REPRESENTATION('',(#11061),#11065);
#11061 = B_SPLINE_CURVE_WITH_KNOTS('',2,(#11062,#11063,#11064),
  .UNSPECIFIED.,.F.,.F.,(3,3),(0.,1.),.PIECEWISE_BEZIER_KNOTS.);
#11062 = CARTESIAN_POINT('',(0.955810546875,1.767333984375));
#11063 = CARTESIAN_POINT('',(0.89794921875,1.81494140625));
#11064 = CARTESIAN_POINT('',(0.8232421875,1.81494140625));
#11065 = ( GEOMETRIC_REPRESENTATION_CONTEXT(2) 
PARAMETRIC_REPRESENTATION_CONTEXT() REPRESENTATION_CONTEXT('2D SPACE',''
  ) );
#11066 = PCURVE('',#11067,#11074);
#11067 = SURFACE_OF_LINEAR_EXTRUSION('',#11068,#11072);
#11068 = B_SPLINE_CURVE_WITH_KNOTS('',2,(#11069,#11070,#11071),
  .UNSPECIFIED.,.F.,.F.,(3,3),(0.,1.),.PIECEWISE_BEZIER_KNOTS.);
#11069 = CARTESIAN_POINT('',(5.952392578125,-7.7763671875,0.2));
#11070 = CARTESIAN_POINT('',(5.89453125,-7.823974609375,0.2));
#11071 = CARTESIAN_POINT('',(5.81982421875,-7.823974609375,0.2));
#11072 = VECTOR('',#11073,1.);
#11073 = DIRECTION('',(-0.,0.,1.));
#11074 = DEFINITIONAL_REPRESENTATION('',(#11075),#11079);
#11075 = LINE('',#11076,#11077);
#11076 = CARTESIAN_POINT('',(0.,-0.6));
#11077 = VECTOR('',#11078,1.);
#11078 = DIRECTION('',(1.,0.));
#11079 = ( GEOMETRIC_REPRESENTATION_CONTEXT(2) 
PARAMETRIC_REPRESENTATION_CONTEXT() REPRESENTATION_CONTEXT('2D SPACE',''
  ) );
#11080 = ADVANCED_FACE('',(#11081),#7978,.T.);
#11081 = FACE_BOUND('',#11082,.F.);
#11082 = EDGE_LOOP('',(#11083,#11084,#11085,#11086));
#11083 = ORIENTED_EDGE('',*,*,#7962,.T.);
#11084 = ORIENTED_EDGE('',*,*,#8016,.T.);
#11085 = ORIENTED_EDGE('',*,*,#8065,.T.);
#11086 = ORIENTED_EDGE('',*,*,#8114,.T.);
#11087 = ADVANCED_FACE('',(#11088),#8179,.T.);
#11088 = FACE_BOUND('',#11089,.F.);
#11089 = EDGE_LOOP('',(#11090,#11091,#11092,#11093,#11094,#11095,#11096,
    #11097,#11098,#11099,#11100,#11101,#11102,#11103,#11104,#11105,
    #11106,#11107,#11108,#11109,#11110,#11111,#11112,#11113,#11114,
    #11115,#11116,#11117));
#11090 = ORIENTED_EDGE('',*,*,#8163,.T.);
#11091 = ORIENTED_EDGE('',*,*,#8217,.T.);
#11092 = ORIENTED_EDGE('',*,*,#8266,.T.);
#11093 = ORIENTED_EDGE('',*,*,#8315,.T.);
#11094 = ORIENTED_EDGE('',*,*,#8364,.T.);
#11095 = ORIENTED_EDGE('',*,*,#8413,.T.);
#11096 = ORIENTED_EDGE('',*,*,#8462,.T.);
#11097 = ORIENTED_EDGE('',*,*,#8511,.T.);
#11098 = ORIENTED_EDGE('',*,*,#8560,.T.);
#11099 = ORIENTED_EDGE('',*,*,#8609,.T.);
#11100 = ORIENTED_EDGE('',*,*,#8658,.T.);
#11101 = ORIENTED_EDGE('',*,*,#8707,.T.);
#11102 = ORIENTED_EDGE('',*,*,#8756,.T.);
#11103 = ORIENTED_EDGE('',*,*,#8805,.T.);
#11104 = ORIENTED_EDGE('',*,*,#8854,.T.);
#11105 = ORIENTED_EDGE('',*,*,#8903,.T.);
#11106 = ORIENTED_EDGE('',*,*,#8952,.T.);
#11107 = ORIENTED_EDGE('',*,*,#9001,.T.);
#11108 = ORIENTED_EDGE('',*,*,#9050,.T.);
#11109 = ORIENTED_EDGE('',*,*,#9099,.T.);
#11110 = ORIENTED_EDGE('',*,*,#9148,.T.);
#11111 = ORIENTED_EDGE('',*,*,#9197,.T.);
#11112 = ORIENTED_EDGE('',*,*,#9246,.T.);
#11113 = ORIENTED_EDGE('',*,*,#9295,.T.);
#11114 = ORIENTED_EDGE('',*,*,#9344,.T.);
#11115 = ORIENTED_EDGE('',*,*,#9393,.T.);
#11116 = ORIENTED_EDGE('',*,*,#9442,.T.);
#11117 = ORIENTED_EDGE('',*,*,#9491,.T.);
#11118 = ADVANCED_FACE('',(#11119,#11125),#9582,.T.);
#11119 = FACE_BOUND('',#11120,.T.);
#11120 = EDGE_LOOP('',(#11121,#11122,#11123,#11124));
#11121 = ORIENTED_EDGE('',*,*,#9763,.F.);
#11122 = ORIENTED_EDGE('',*,*,#9833,.F.);
#11123 = ORIENTED_EDGE('',*,*,#9929,.F.);
#11124 = ORIENTED_EDGE('',*,*,#9881,.F.);
#11125 = FACE_BOUND('',#11126,.T.);
#11126 = EDGE_LOOP('',(#11127,#11128,#11129,#11130));
#11127 = ORIENTED_EDGE('',*,*,#9567,.T.);
#11128 = ORIENTED_EDGE('',*,*,#9688,.T.);
#11129 = ORIENTED_EDGE('',*,*,#9713,.T.);
#11130 = ORIENTED_EDGE('',*,*,#9619,.T.);
#11131 = ADVANCED_FACE('',(#11132),#10021,.T.);
#11132 = FACE_BOUND('',#11133,.T.);
#11133 = EDGE_LOOP('',(#11134,#11162,#11183,#11184));
#11134 = ORIENTED_EDGE('',*,*,#11135,.F.);
#11135 = EDGE_CURVE('',#11136,#11138,#11140,.T.);
#11136 = VERTEX_POINT('',#11137);
#11137 = CARTESIAN_POINT('',(-1.56591796875,-6.858642578125,0.));
#11138 = VERTEX_POINT('',#11139);
#11139 = CARTESIAN_POINT('',(-0.97998046875,-6.858642578125,0.));
#11140 = SURFACE_CURVE('',#11141,(#11145,#11151),.PCURVE_S1.);
#11141 = LINE('',#11142,#11143);
#11142 = CARTESIAN_POINT('',(-9.282958984375,-6.858642578125,0.));
#11143 = VECTOR('',#11144,1.);
#11144 = DIRECTION('',(1.,0.,-0.));
#11145 = PCURVE('',#10021,#11146);
#11146 = DEFINITIONAL_REPRESENTATION('',(#11147),#11150);
#11147 = B_SPLINE_CURVE_WITH_KNOTS('',1,(#11148,#11149),.UNSPECIFIED.,
  .F.,.F.,(2,2),(7.717041015625,8.302978515625),
  .PIECEWISE_BEZIER_KNOTS.);
#11148 = CARTESIAN_POINT('',(0.,-0.2));
#11149 = CARTESIAN_POINT('',(0.5859375,-0.2));
#11150 = ( GEOMETRIC_REPRESENTATION_CONTEXT(2) 
PARAMETRIC_REPRESENTATION_CONTEXT() REPRESENTATION_CONTEXT('2D SPACE',''
  ) );
#11151 = PCURVE('',#11152,#11157);
#11152 = PLANE('',#11153);
#11153 = AXIS2_PLACEMENT_3D('',#11154,#11155,#11156);
#11154 = CARTESIAN_POINT('',(-17.,-10.,0.));
#11155 = DIRECTION('',(0.,0.,1.));
#11156 = DIRECTION('',(1.,0.,0.));
#11157 = DEFINITIONAL_REPRESENTATION('',(#11158),#11161);
#11158 = B_SPLINE_CURVE_WITH_KNOTS('',1,(#11159,#11160),.UNSPECIFIED.,
  .F.,.F.,(2,2),(7.717041015625,8.302978515625),
  .PIECEWISE_BEZIER_KNOTS.);
#11159 = CARTESIAN_POINT('',(15.43408203125,3.141357421875));
#11160 = CARTESIAN_POINT('',(16.02001953125,3.141357421875));
#11161 = ( GEOMETRIC_REPRESENTATION_CONTEXT(2) 
PARAMETRIC_REPRESENTATION_CONTEXT() REPRESENTATION_CONTEXT('2D SPACE',''
  ) );
#11162 = ORIENTED_EDGE('',*,*,#11163,.T.);
#11163 = EDGE_CURVE('',#11136,#10004,#11164,.T.);
#11164 = SURFACE_CURVE('',#11165,(#11169,#11176),.PCURVE_S1.);
#11165 = LINE('',#11166,#11167);
#11166 = CARTESIAN_POINT('',(-1.56591796875,-6.858642578125,0.2));
#11167 = VECTOR('',#11168,1.);
#11168 = DIRECTION('',(0.,0.,-1.));
#11169 = PCURVE('',#10021,#11170);
#11170 = DEFINITIONAL_REPRESENTATION('',(#11171),#11175);
#11171 = LINE('',#11172,#11173);
#11172 = CARTESIAN_POINT('',(0.,0.));
#11173 = VECTOR('',#11174,1.);
#11174 = DIRECTION('',(0.,-1.));
#11175 = ( GEOMETRIC_REPRESENTATION_CONTEXT(2) 
PARAMETRIC_REPRESENTATION_CONTEXT() REPRESENTATION_CONTEXT('2D SPACE',''
  ) );
#11176 = PCURVE('',#10075,#11177);
#11177 = DEFINITIONAL_REPRESENTATION('',(#11178),#11182);
#11178 = LINE('',#11179,#11180);
#11179 = CARTESIAN_POINT('',(0.848016758915,0.));
#11180 = VECTOR('',#11181,1.);
#11181 = DIRECTION('',(0.,-1.));
#11182 = ( GEOMETRIC_REPRESENTATION_CONTEXT(2) 
PARAMETRIC_REPRESENTATION_CONTEXT() REPRESENTATION_CONTEXT('2D SPACE',''
  ) );
#11183 = ORIENTED_EDGE('',*,*,#10003,.T.);
#11184 = ORIENTED_EDGE('',*,*,#11185,.F.);
#11185 = EDGE_CURVE('',#11138,#10006,#11186,.T.);
#11186 = SURFACE_CURVE('',#11187,(#11191,#11198),.PCURVE_S1.);
#11187 = LINE('',#11188,#11189);
#11188 = CARTESIAN_POINT('',(-0.97998046875,-6.858642578125,0.2));
#11189 = VECTOR('',#11190,1.);
#11190 = DIRECTION('',(0.,0.,-1.));
#11191 = PCURVE('',#10021,#11192);
#11192 = DEFINITIONAL_REPRESENTATION('',(#11193),#11197);
#11193 = LINE('',#11194,#11195);
#11194 = CARTESIAN_POINT('',(0.5859375,0.));
#11195 = VECTOR('',#11196,1.);
#11196 = DIRECTION('',(0.,-1.));
#11197 = ( GEOMETRIC_REPRESENTATION_CONTEXT(2) 
PARAMETRIC_REPRESENTATION_CONTEXT() REPRESENTATION_CONTEXT('2D SPACE',''
  ) );
#11198 = PCURVE('',#10049,#11199);
#11199 = DEFINITIONAL_REPRESENTATION('',(#11200),#11204);
#11200 = LINE('',#11201,#11202);
#11201 = CARTESIAN_POINT('',(0.,0.));
#11202 = VECTOR('',#11203,1.);
#11203 = DIRECTION('',(0.,-1.));
#11204 = ( GEOMETRIC_REPRESENTATION_CONTEXT(2) 
PARAMETRIC_REPRESENTATION_CONTEXT() REPRESENTATION_CONTEXT('2D SPACE',''
  ) );
#11205 = ADVANCED_FACE('',(#11206),#10049,.T.);
#11206 = FACE_BOUND('',#11207,.T.);
#11207 = EDGE_LOOP('',(#11208,#11229,#11230,#11231));
#11208 = ORIENTED_EDGE('',*,*,#11209,.F.);
#11209 = EDGE_CURVE('',#11138,#11210,#11212,.T.);
#11210 = VERTEX_POINT('',#11211);
#11211 = CARTESIAN_POINT('',(-1.27587890625,-7.655517578125,0.));
#11212 = SURFACE_CURVE('',#11213,(#11217,#11223),.PCURVE_S1.);
#11213 = LINE('',#11214,#11215);
#11214 = CARTESIAN_POINT('',(-2.463140119115,-10.8528943098,0.));
#11215 = VECTOR('',#11216,1.);
#11216 = DIRECTION('',(-0.348099993894,-0.9374574093,0.));
#11217 = PCURVE('',#10049,#11218);
#11218 = DEFINITIONAL_REPRESENTATION('',(#11219),#11222);
#11219 = B_SPLINE_CURVE_WITH_KNOTS('',1,(#11220,#11221),.UNSPECIFIED.,
  .F.,.F.,(2,2),(-4.260728745705,-3.410690128383),
  .PIECEWISE_BEZIER_KNOTS.);
#11220 = CARTESIAN_POINT('',(0.,-0.2));
#11221 = CARTESIAN_POINT('',(0.850038617323,-0.2));
#11222 = ( GEOMETRIC_REPRESENTATION_CONTEXT(2) 
PARAMETRIC_REPRESENTATION_CONTEXT() REPRESENTATION_CONTEXT('2D SPACE',''
  ) );
#11223 = PCURVE('',#11152,#11224);
#11224 = DEFINITIONAL_REPRESENTATION('',(#11225),#11228);
#11225 = B_SPLINE_CURVE_WITH_KNOTS('',1,(#11226,#11227),.UNSPECIFIED.,
  .F.,.F.,(2,2),(-4.260728745705,-3.410690128383),
  .PIECEWISE_BEZIER_KNOTS.);
#11226 = CARTESIAN_POINT('',(16.02001953125,3.141357421875));
#11227 = CARTESIAN_POINT('',(15.72412109375,2.344482421875));
#11228 = ( GEOMETRIC_REPRESENTATION_CONTEXT(2) 
PARAMETRIC_REPRESENTATION_CONTEXT() REPRESENTATION_CONTEXT('2D SPACE',''
  ) );
#11229 = ORIENTED_EDGE('',*,*,#11185,.T.);
#11230 = ORIENTED_EDGE('',*,*,#10033,.T.);
#11231 = ORIENTED_EDGE('',*,*,#11232,.F.);
#11232 = EDGE_CURVE('',#11210,#10034,#11233,.T.);
#11233 = SURFACE_CURVE('',#11234,(#11238,#11245),.PCURVE_S1.);
#11234 = LINE('',#11235,#11236);
#11235 = CARTESIAN_POINT('',(-1.27587890625,-7.655517578125,0.2));
#11236 = VECTOR('',#11237,1.);
#11237 = DIRECTION('',(0.,0.,-1.));
#11238 = PCURVE('',#10049,#11239);
#11239 = DEFINITIONAL_REPRESENTATION('',(#11240),#11244);
#11240 = LINE('',#11241,#11242);
#11241 = CARTESIAN_POINT('',(0.850038617323,0.));
#11242 = VECTOR('',#11243,1.);
#11243 = DIRECTION('',(0.,-1.));
#11244 = ( GEOMETRIC_REPRESENTATION_CONTEXT(2) 
PARAMETRIC_REPRESENTATION_CONTEXT() REPRESENTATION_CONTEXT('2D SPACE',''
  ) );
#11245 = PCURVE('',#10075,#11246);
#11246 = DEFINITIONAL_REPRESENTATION('',(#11247),#11251);
#11247 = LINE('',#11248,#11249);
#11248 = CARTESIAN_POINT('',(0.,0.));
#11249 = VECTOR('',#11250,1.);
#11250 = DIRECTION('',(0.,-1.));
#11251 = ( GEOMETRIC_REPRESENTATION_CONTEXT(2) 
PARAMETRIC_REPRESENTATION_CONTEXT() REPRESENTATION_CONTEXT('2D SPACE',''
  ) );
#11252 = ADVANCED_FACE('',(#11253),#10075,.T.);
#11253 = FACE_BOUND('',#11254,.T.);
#11254 = EDGE_LOOP('',(#11255,#11274,#11275,#11276));
#11255 = ORIENTED_EDGE('',*,*,#11256,.F.);
#11256 = EDGE_CURVE('',#11210,#11136,#11257,.T.);
#11257 = SURFACE_CURVE('',#11258,(#11262,#11268),.PCURVE_S1.);
#11258 = LINE('',#11259,#11260);
#11259 = CARTESIAN_POINT('',(-1.818815518911,-6.16381294536,
    -2.22044604925E-17));
#11260 = VECTOR('',#11261,1.);
#11261 = DIRECTION('',(-0.342020437038,0.939692513883,0.));
#11262 = PCURVE('',#10075,#11263);
#11263 = DEFINITIONAL_REPRESENTATION('',(#11264),#11267);
#11264 = B_SPLINE_CURVE_WITH_KNOTS('',1,(#11265,#11266),.UNSPECIFIED.,
  .F.,.F.,(2,2),(-1.587439093881,-0.739422334966),
  .PIECEWISE_BEZIER_KNOTS.);
#11265 = CARTESIAN_POINT('',(0.,-0.2));
#11266 = CARTESIAN_POINT('',(0.848016758915,-0.2));
#11267 = ( GEOMETRIC_REPRESENTATION_CONTEXT(2) 
PARAMETRIC_REPRESENTATION_CONTEXT() REPRESENTATION_CONTEXT('2D SPACE',''
  ) );
#11268 = PCURVE('',#11152,#11269);
#11269 = DEFINITIONAL_REPRESENTATION('',(#11270),#11273);
#11270 = B_SPLINE_CURVE_WITH_KNOTS('',1,(#11271,#11272),.UNSPECIFIED.,
  .F.,.F.,(2,2),(-1.587439093881,-0.739422334966),
  .PIECEWISE_BEZIER_KNOTS.);
#11271 = CARTESIAN_POINT('',(15.72412109375,2.344482421875));
#11272 = CARTESIAN_POINT('',(15.43408203125,3.141357421875));
#11273 = ( GEOMETRIC_REPRESENTATION_CONTEXT(2) 
PARAMETRIC_REPRESENTATION_CONTEXT() REPRESENTATION_CONTEXT('2D SPACE',''
  ) );
#11274 = ORIENTED_EDGE('',*,*,#11232,.T.);
#11275 = ORIENTED_EDGE('',*,*,#10061,.T.);
#11276 = ORIENTED_EDGE('',*,*,#11163,.F.);
#11277 = ADVANCED_FACE('',(#11278),#10121,.T.);
#11278 = FACE_BOUND('',#11279,.T.);
#11279 = EDGE_LOOP('',(#11280,#11308,#11329,#11330));
#11280 = ORIENTED_EDGE('',*,*,#11281,.F.);
#11281 = EDGE_CURVE('',#11282,#11284,#11286,.T.);
#11282 = VERTEX_POINT('',#11283);
#11283 = CARTESIAN_POINT('',(0.67529296875,-7.793212890625,0.));
#11284 = VERTEX_POINT('',#11285);
#11285 = CARTESIAN_POINT('',(0.48046875,-7.793212890625,0.));
#11286 = SURFACE_CURVE('',#11287,(#11291,#11297),.PCURVE_S1.);
#11287 = LINE('',#11288,#11289);
#11288 = CARTESIAN_POINT('',(-8.162353515625,-7.793212890625,0.));
#11289 = VECTOR('',#11290,1.);
#11290 = DIRECTION('',(-1.,0.,0.));
#11291 = PCURVE('',#10121,#11292);
#11292 = DEFINITIONAL_REPRESENTATION('',(#11293),#11296);
#11293 = B_SPLINE_CURVE_WITH_KNOTS('',1,(#11294,#11295),.UNSPECIFIED.,
  .F.,.F.,(2,2),(-8.837646484375,-8.642822265625),
  .PIECEWISE_BEZIER_KNOTS.);
#11294 = CARTESIAN_POINT('',(0.,-0.2));
#11295 = CARTESIAN_POINT('',(0.19482421875,-0.2));
#11296 = ( GEOMETRIC_REPRESENTATION_CONTEXT(2) 
PARAMETRIC_REPRESENTATION_CONTEXT() REPRESENTATION_CONTEXT('2D SPACE',''
  ) );
#11297 = PCURVE('',#11298,#11303);
#11298 = PLANE('',#11299);
#11299 = AXIS2_PLACEMENT_3D('',#11300,#11301,#11302);
#11300 = CARTESIAN_POINT('',(-17.,-10.,0.));
#11301 = DIRECTION('',(0.,0.,1.));
#11302 = DIRECTION('',(1.,0.,0.));
#11303 = DEFINITIONAL_REPRESENTATION('',(#11304),#11307);
#11304 = B_SPLINE_CURVE_WITH_KNOTS('',1,(#11305,#11306),.UNSPECIFIED.,
  .F.,.F.,(2,2),(-8.837646484375,-8.642822265625),
  .PIECEWISE_BEZIER_KNOTS.);
#11305 = CARTESIAN_POINT('',(17.67529296875,2.206787109375));
#11306 = CARTESIAN_POINT('',(17.48046875,2.206787109375));
#11307 = ( GEOMETRIC_REPRESENTATION_CONTEXT(2) 
PARAMETRIC_REPRESENTATION_CONTEXT() REPRESENTATION_CONTEXT('2D SPACE',''
  ) );
#11308 = ORIENTED_EDGE('',*,*,#11309,.T.);
#11309 = EDGE_CURVE('',#11282,#10104,#11310,.T.);
#11310 = SURFACE_CURVE('',#11311,(#11315,#11322),.PCURVE_S1.);
#11311 = LINE('',#11312,#11313);
#11312 = CARTESIAN_POINT('',(0.67529296875,-7.793212890625,0.2));
#11313 = VECTOR('',#11314,1.);
#11314 = DIRECTION('',(0.,0.,-1.));
#11315 = PCURVE('',#10121,#11316);
#11316 = DEFINITIONAL_REPRESENTATION('',(#11317),#11321);
#11317 = LINE('',#11318,#11319);
#11318 = CARTESIAN_POINT('',(0.,-0.));
#11319 = VECTOR('',#11320,1.);
#11320 = DIRECTION('',(0.,-1.));
#11321 = ( GEOMETRIC_REPRESENTATION_CONTEXT(2) 
PARAMETRIC_REPRESENTATION_CONTEXT() REPRESENTATION_CONTEXT('2D SPACE',''
  ) );
#11322 = PCURVE('',#10413,#11323);
#11323 = DEFINITIONAL_REPRESENTATION('',(#11324),#11328);
#11324 = LINE('',#11325,#11326);
#11325 = CARTESIAN_POINT('',(1.,0.));
#11326 = VECTOR('',#11327,1.);
#11327 = DIRECTION('',(0.,-1.));
#11328 = ( GEOMETRIC_REPRESENTATION_CONTEXT(2) 
PARAMETRIC_REPRESENTATION_CONTEXT() REPRESENTATION_CONTEXT('2D SPACE',''
  ) );
#11329 = ORIENTED_EDGE('',*,*,#10103,.T.);
#11330 = ORIENTED_EDGE('',*,*,#11331,.F.);
#11331 = EDGE_CURVE('',#11284,#10106,#11332,.T.);
#11332 = SURFACE_CURVE('',#11333,(#11337,#11344),.PCURVE_S1.);
#11333 = LINE('',#11334,#11335);
#11334 = CARTESIAN_POINT('',(0.48046875,-7.793212890625,0.2));
#11335 = VECTOR('',#11336,1.);
#11336 = DIRECTION('',(0.,0.,-1.));
#11337 = PCURVE('',#10121,#11338);
#11338 = DEFINITIONAL_REPRESENTATION('',(#11339),#11343);
#11339 = LINE('',#11340,#11341);
#11340 = CARTESIAN_POINT('',(0.19482421875,0.));
#11341 = VECTOR('',#11342,1.);
#11342 = DIRECTION('',(0.,-1.));
#11343 = ( GEOMETRIC_REPRESENTATION_CONTEXT(2) 
PARAMETRIC_REPRESENTATION_CONTEXT() REPRESENTATION_CONTEXT('2D SPACE',''
  ) );
#11344 = PCURVE('',#10149,#11345);
#11345 = DEFINITIONAL_REPRESENTATION('',(#11346),#11350);
#11346 = LINE('',#11347,#11348);
#11347 = CARTESIAN_POINT('',(0.,0.));
#11348 = VECTOR('',#11349,1.);
#11349 = DIRECTION('',(0.,-1.));
#11350 = ( GEOMETRIC_REPRESENTATION_CONTEXT(2) 
PARAMETRIC_REPRESENTATION_CONTEXT() REPRESENTATION_CONTEXT('2D SPACE',''
  ) );
#11351 = ADVANCED_FACE('',(#11352),#10149,.T.);
#11352 = FACE_BOUND('',#11353,.T.);
#11353 = EDGE_LOOP('',(#11354,#11375,#11376,#11377));
#11354 = ORIENTED_EDGE('',*,*,#11355,.F.);
#11355 = EDGE_CURVE('',#11284,#11356,#11358,.T.);
#11356 = VERTEX_POINT('',#11357);
#11357 = CARTESIAN_POINT('',(0.48046875,-6.370849609375,0.));
#11358 = SURFACE_CURVE('',#11359,(#11363,#11369),.PCURVE_S1.);
#11359 = LINE('',#11360,#11361);
#11360 = CARTESIAN_POINT('',(0.48046875,-8.896606445312,0.));
#11361 = VECTOR('',#11362,1.);
#11362 = DIRECTION('',(0.,1.,0.));
#11363 = PCURVE('',#10149,#11364);
#11364 = DEFINITIONAL_REPRESENTATION('',(#11365),#11368);
#11365 = B_SPLINE_CURVE_WITH_KNOTS('',1,(#11366,#11367),.UNSPECIFIED.,
  .F.,.F.,(2,2),(1.103393554688,2.525756835938),
  .PIECEWISE_BEZIER_KNOTS.);
#11366 = CARTESIAN_POINT('',(0.,-0.2));
#11367 = CARTESIAN_POINT('',(1.42236328125,-0.2));
#11368 = ( GEOMETRIC_REPRESENTATION_CONTEXT(2) 
PARAMETRIC_REPRESENTATION_CONTEXT() REPRESENTATION_CONTEXT('2D SPACE',''
  ) );
#11369 = PCURVE('',#11298,#11370);
#11370 = DEFINITIONAL_REPRESENTATION('',(#11371),#11374);
#11371 = B_SPLINE_CURVE_WITH_KNOTS('',1,(#11372,#11373),.UNSPECIFIED.,
  .F.,.F.,(2,2),(1.103393554688,2.525756835938),
  .PIECEWISE_BEZIER_KNOTS.);
#11372 = CARTESIAN_POINT('',(17.48046875,2.206787109375));
#11373 = CARTESIAN_POINT('',(17.48046875,3.629150390625));
#11374 = ( GEOMETRIC_REPRESENTATION_CONTEXT(2) 
PARAMETRIC_REPRESENTATION_CONTEXT() REPRESENTATION_CONTEXT('2D SPACE',''
  ) );
#11375 = ORIENTED_EDGE('',*,*,#11331,.T.);
#11376 = ORIENTED_EDGE('',*,*,#10133,.T.);
#11377 = ORIENTED_EDGE('',*,*,#11378,.F.);
#11378 = EDGE_CURVE('',#11356,#10134,#11379,.T.);
#11379 = SURFACE_CURVE('',#11380,(#11384,#11391),.PCURVE_S1.);
#11380 = LINE('',#11381,#11382);
#11381 = CARTESIAN_POINT('',(0.48046875,-6.370849609375,0.2));
#11382 = VECTOR('',#11383,1.);
#11383 = DIRECTION('',(0.,0.,-1.));
#11384 = PCURVE('',#10149,#11385);
#11385 = DEFINITIONAL_REPRESENTATION('',(#11386),#11390);
#11386 = LINE('',#11387,#11388);
#11387 = CARTESIAN_POINT('',(1.42236328125,0.));
#11388 = VECTOR('',#11389,1.);
#11389 = DIRECTION('',(0.,-1.));
#11390 = ( GEOMETRIC_REPRESENTATION_CONTEXT(2) 
PARAMETRIC_REPRESENTATION_CONTEXT() REPRESENTATION_CONTEXT('2D SPACE',''
  ) );
#11391 = PCURVE('',#10177,#11392);
#11392 = DEFINITIONAL_REPRESENTATION('',(#11393),#11397);
#11393 = LINE('',#11394,#11395);
#11394 = CARTESIAN_POINT('',(0.,0.));
#11395 = VECTOR('',#11396,1.);
#11396 = DIRECTION('',(0.,-1.));
#11397 = ( GEOMETRIC_REPRESENTATION_CONTEXT(2) 
PARAMETRIC_REPRESENTATION_CONTEXT() REPRESENTATION_CONTEXT('2D SPACE',''
  ) );
#11398 = ADVANCED_FACE('',(#11399),#10177,.T.);
#11399 = FACE_BOUND('',#11400,.T.);
#11400 = EDGE_LOOP('',(#11401,#11422,#11423,#11424));
#11401 = ORIENTED_EDGE('',*,*,#11402,.F.);
#11402 = EDGE_CURVE('',#11356,#11403,#11405,.T.);
#11403 = VERTEX_POINT('',#11404);
#11404 = CARTESIAN_POINT('',(0.80419921875,-6.370849609375,0.));
#11405 = SURFACE_CURVE('',#11406,(#11410,#11416),.PCURVE_S1.);
#11406 = LINE('',#11407,#11408);
#11407 = CARTESIAN_POINT('',(-8.259765625,-6.370849609375,0.));
#11408 = VECTOR('',#11409,1.);
#11409 = DIRECTION('',(1.,0.,-0.));
#11410 = PCURVE('',#10177,#11411);
#11411 = DEFINITIONAL_REPRESENTATION('',(#11412),#11415);
#11412 = B_SPLINE_CURVE_WITH_KNOTS('',1,(#11413,#11414),.UNSPECIFIED.,
  .F.,.F.,(2,2),(8.740234375,9.06396484375),.PIECEWISE_BEZIER_KNOTS.);
#11413 = CARTESIAN_POINT('',(0.,-0.2));
#11414 = CARTESIAN_POINT('',(0.32373046875,-0.2));
#11415 = ( GEOMETRIC_REPRESENTATION_CONTEXT(2) 
PARAMETRIC_REPRESENTATION_CONTEXT() REPRESENTATION_CONTEXT('2D SPACE',''
  ) );
#11416 = PCURVE('',#11298,#11417);
#11417 = DEFINITIONAL_REPRESENTATION('',(#11418),#11421);
#11418 = B_SPLINE_CURVE_WITH_KNOTS('',1,(#11419,#11420),.UNSPECIFIED.,
  .F.,.F.,(2,2),(8.740234375,9.06396484375),.PIECEWISE_BEZIER_KNOTS.);
#11419 = CARTESIAN_POINT('',(17.48046875,3.629150390625));
#11420 = CARTESIAN_POINT('',(17.80419921875,3.629150390625));
#11421 = ( GEOMETRIC_REPRESENTATION_CONTEXT(2) 
PARAMETRIC_REPRESENTATION_CONTEXT() REPRESENTATION_CONTEXT('2D SPACE',''
  ) );
#11422 = ORIENTED_EDGE('',*,*,#11378,.T.);
#11423 = ORIENTED_EDGE('',*,*,#10161,.T.);
#11424 = ORIENTED_EDGE('',*,*,#11425,.F.);
#11425 = EDGE_CURVE('',#11403,#10162,#11426,.T.);
#11426 = SURFACE_CURVE('',#11427,(#11431,#11438),.PCURVE_S1.);
#11427 = LINE('',#11428,#11429);
#11428 = CARTESIAN_POINT('',(0.80419921875,-6.370849609375,0.2));
#11429 = VECTOR('',#11430,1.);
#11430 = DIRECTION('',(0.,0.,-1.));
#11431 = PCURVE('',#10177,#11432);
#11432 = DEFINITIONAL_REPRESENTATION('',(#11433),#11437);
#11433 = LINE('',#11434,#11435);
#11434 = CARTESIAN_POINT('',(0.32373046875,0.));
#11435 = VECTOR('',#11436,1.);
#11436 = DIRECTION('',(0.,-1.));
#11437 = ( GEOMETRIC_REPRESENTATION_CONTEXT(2) 
PARAMETRIC_REPRESENTATION_CONTEXT() REPRESENTATION_CONTEXT('2D SPACE',''
  ) );
#11438 = PCURVE('',#10205,#11439);
#11439 = DEFINITIONAL_REPRESENTATION('',(#11440),#11444);
#11440 = LINE('',#11441,#11442);
#11441 = CARTESIAN_POINT('',(0.,0.));
#11442 = VECTOR('',#11443,1.);
#11443 = DIRECTION('',(0.,-1.));
#11444 = ( GEOMETRIC_REPRESENTATION_CONTEXT(2) 
PARAMETRIC_REPRESENTATION_CONTEXT() REPRESENTATION_CONTEXT('2D SPACE',''
  ) );
#11445 = ADVANCED_FACE('',(#11446),#10205,.T.);
#11446 = FACE_BOUND('',#11447,.T.);
#11447 = EDGE_LOOP('',(#11448,#11480,#11481,#11482));
#11448 = ORIENTED_EDGE('',*,*,#11449,.T.);
#11449 = EDGE_CURVE('',#11450,#11403,#11452,.T.);
#11450 = VERTEX_POINT('',#11451);
#11451 = CARTESIAN_POINT('',(1.06640625,-6.391357421875,0.));
#11452 = SURFACE_CURVE('',#11453,(#11460,#11470),.PCURVE_S1.);
#11453 = B_SPLINE_CURVE_WITH_KNOTS('',5,(#11454,#11455,#11456,#11457,
    #11458,#11459),.UNSPECIFIED.,.F.,.F.,(6,6),(0.,1.),
  .PIECEWISE_BEZIER_KNOTS.);
#11454 = CARTESIAN_POINT('',(1.06640625,-6.391357421875,0.));
#11455 = CARTESIAN_POINT('',(1.033483902748,-6.382977188029,0.));
#11456 = CARTESIAN_POINT('',(0.990264740399,-6.376801440399,0.));
#11457 = CARTESIAN_POINT('',(0.937184552257,-6.372792662976,0.));
#11458 = CARTESIAN_POINT('',(0.874920393733,-6.370849609375,0.));
#11459 = CARTESIAN_POINT('',(0.80419921875,-6.370849609375,0.));
#11460 = PCURVE('',#10205,#11461);
#11461 = DEFINITIONAL_REPRESENTATION('',(#11462),#11469);
#11462 = B_SPLINE_CURVE_WITH_KNOTS('',5,(#11463,#11464,#11465,#11466,
    #11467,#11468),.UNSPECIFIED.,.F.,.F.,(6,6),(0.,1.),
  .PIECEWISE_BEZIER_KNOTS.);
#11463 = CARTESIAN_POINT('',(1.,-0.2));
#11464 = CARTESIAN_POINT('',(0.79568191766,-0.2));
#11465 = CARTESIAN_POINT('',(0.59292778249,-0.2));
#11466 = CARTESIAN_POINT('',(0.392428213592,-0.2));
#11467 = CARTESIAN_POINT('',(0.194673341887,-0.2));
#11468 = CARTESIAN_POINT('',(0.,-0.2));
#11469 = ( GEOMETRIC_REPRESENTATION_CONTEXT(2) 
PARAMETRIC_REPRESENTATION_CONTEXT() REPRESENTATION_CONTEXT('2D SPACE',''
  ) );
#11470 = PCURVE('',#11298,#11471);
#11471 = DEFINITIONAL_REPRESENTATION('',(#11472),#11479);
#11472 = B_SPLINE_CURVE_WITH_KNOTS('',5,(#11473,#11474,#11475,#11476,
    #11477,#11478),.UNSPECIFIED.,.F.,.F.,(6,6),(0.,1.),
  .PIECEWISE_BEZIER_KNOTS.);
#11473 = CARTESIAN_POINT('',(18.06640625,3.608642578125));
#11474 = CARTESIAN_POINT('',(18.033483902748,3.617022811971));
#11475 = CARTESIAN_POINT('',(17.990264740399,3.623198559601));
#11476 = CARTESIAN_POINT('',(17.937184552257,3.627207337024));
#11477 = CARTESIAN_POINT('',(17.874920393733,3.629150390625));
#11478 = CARTESIAN_POINT('',(17.80419921875,3.629150390625));
#11479 = ( GEOMETRIC_REPRESENTATION_CONTEXT(2) 
PARAMETRIC_REPRESENTATION_CONTEXT() REPRESENTATION_CONTEXT('2D SPACE',''
  ) );
#11480 = ORIENTED_EDGE('',*,*,#11425,.T.);
#11481 = ORIENTED_EDGE('',*,*,#10189,.T.);
#11482 = ORIENTED_EDGE('',*,*,#11483,.F.);
#11483 = EDGE_CURVE('',#11450,#10190,#11484,.T.);
#11484 = SURFACE_CURVE('',#11485,(#11489,#11496),.PCURVE_S1.);
#11485 = LINE('',#11486,#11487);
#11486 = CARTESIAN_POINT('',(1.06640625,-6.391357421875,0.2));
#11487 = VECTOR('',#11488,1.);
#11488 = DIRECTION('',(0.,0.,-1.));
#11489 = PCURVE('',#10205,#11490);
#11490 = DEFINITIONAL_REPRESENTATION('',(#11491),#11495);
#11491 = LINE('',#11492,#11493);
#11492 = CARTESIAN_POINT('',(1.,0.));
#11493 = VECTOR('',#11494,1.);
#11494 = DIRECTION('',(0.,-1.));
#11495 = ( GEOMETRIC_REPRESENTATION_CONTEXT(2) 
PARAMETRIC_REPRESENTATION_CONTEXT() REPRESENTATION_CONTEXT('2D SPACE',''
  ) );
#11496 = PCURVE('',#10235,#11497);
#11497 = DEFINITIONAL_REPRESENTATION('',(#11498),#11502);
#11498 = LINE('',#11499,#11500);
#11499 = CARTESIAN_POINT('',(0.,0.));
#11500 = VECTOR('',#11501,1.);
#11501 = DIRECTION('',(0.,-1.));
#11502 = ( GEOMETRIC_REPRESENTATION_CONTEXT(2) 
PARAMETRIC_REPRESENTATION_CONTEXT() REPRESENTATION_CONTEXT('2D SPACE',''
  ) );
#11503 = ADVANCED_FACE('',(#11504),#10235,.T.);
#11504 = FACE_BOUND('',#11505,.T.);
#11505 = EDGE_LOOP('',(#11506,#11535,#11536,#11537));
#11506 = ORIENTED_EDGE('',*,*,#11507,.T.);
#11507 = EDGE_CURVE('',#11508,#11450,#11510,.T.);
#11508 = VERTEX_POINT('',#11509);
#11509 = CARTESIAN_POINT('',(1.241455078125,-6.480712890625,0.));
#11510 = SURFACE_CURVE('',#11511,(#11517,#11526),.PCURVE_S1.);
#11511 = B_SPLINE_CURVE_WITH_KNOTS('',4,(#11512,#11513,#11514,#11515,
    #11516),.UNSPECIFIED.,.F.,.F.,(5,5),(0.,1.),
  .PIECEWISE_BEZIER_KNOTS.);
#11512 = CARTESIAN_POINT('',(1.241455078125,-6.480712890625,0.));
#11513 = CARTESIAN_POINT('',(1.206593488919,-6.449153978291,0.));
#11514 = CARTESIAN_POINT('',(1.165734018476,-6.423731525575,0.));
#11515 = CARTESIAN_POINT('',(1.118944437104,-6.404491968651,0.));
#11516 = CARTESIAN_POINT('',(1.06640625,-6.391357421875,0.));
#11517 = PCURVE('',#10235,#11518);
#11518 = DEFINITIONAL_REPRESENTATION('',(#11519),#11525);
#11519 = B_SPLINE_CURVE_WITH_KNOTS('',4,(#11520,#11521,#11522,#11523,
    #11524),.UNSPECIFIED.,.F.,.F.,(5,5),(0.,1.),
  .PIECEWISE_BEZIER_KNOTS.);
#11520 = CARTESIAN_POINT('',(1.,-0.2));
#11521 = CARTESIAN_POINT('',(0.749485843178,-0.2));
#11522 = CARTESIAN_POINT('',(0.499032037274,-0.2));
#11523 = CARTESIAN_POINT('',(0.24906992405,-0.2));
#11524 = CARTESIAN_POINT('',(0.,-0.2));
#11525 = ( GEOMETRIC_REPRESENTATION_CONTEXT(2) 
PARAMETRIC_REPRESENTATION_CONTEXT() REPRESENTATION_CONTEXT('2D SPACE',''
  ) );
#11526 = PCURVE('',#11298,#11527);
#11527 = DEFINITIONAL_REPRESENTATION('',(#11528),#11534);
#11528 = B_SPLINE_CURVE_WITH_KNOTS('',4,(#11529,#11530,#11531,#11532,
    #11533),.UNSPECIFIED.,.F.,.F.,(5,5),(0.,1.),
  .PIECEWISE_BEZIER_KNOTS.);
#11529 = CARTESIAN_POINT('',(18.241455078125,3.519287109375));
#11530 = CARTESIAN_POINT('',(18.206593488919,3.550846021709));
#11531 = CARTESIAN_POINT('',(18.165734018476,3.576268474425));
#11532 = CARTESIAN_POINT('',(18.118944437104,3.595508031349));
#11533 = CARTESIAN_POINT('',(18.06640625,3.608642578125));
#11534 = ( GEOMETRIC_REPRESENTATION_CONTEXT(2) 
PARAMETRIC_REPRESENTATION_CONTEXT() REPRESENTATION_CONTEXT('2D SPACE',''
  ) );
#11535 = ORIENTED_EDGE('',*,*,#11483,.T.);
#11536 = ORIENTED_EDGE('',*,*,#10219,.T.);
#11537 = ORIENTED_EDGE('',*,*,#11538,.F.);
#11538 = EDGE_CURVE('',#11508,#10220,#11539,.T.);
#11539 = SURFACE_CURVE('',#11540,(#11544,#11551),.PCURVE_S1.);
#11540 = LINE('',#11541,#11542);
#11541 = CARTESIAN_POINT('',(1.241455078125,-6.480712890625,0.2));
#11542 = VECTOR('',#11543,1.);
#11543 = DIRECTION('',(0.,0.,-1.));
#11544 = PCURVE('',#10235,#11545);
#11545 = DEFINITIONAL_REPRESENTATION('',(#11546),#11550);
#11546 = LINE('',#11547,#11548);
#11547 = CARTESIAN_POINT('',(1.,0.));
#11548 = VECTOR('',#11549,1.);
#11549 = DIRECTION('',(0.,-1.));
#11550 = ( GEOMETRIC_REPRESENTATION_CONTEXT(2) 
PARAMETRIC_REPRESENTATION_CONTEXT() REPRESENTATION_CONTEXT('2D SPACE',''
  ) );
#11551 = PCURVE('',#10265,#11552);
#11552 = DEFINITIONAL_REPRESENTATION('',(#11553),#11557);
#11553 = LINE('',#11554,#11555);
#11554 = CARTESIAN_POINT('',(0.,0.));
#11555 = VECTOR('',#11556,1.);
#11556 = DIRECTION('',(0.,-1.));
#11557 = ( GEOMETRIC_REPRESENTATION_CONTEXT(2) 
PARAMETRIC_REPRESENTATION_CONTEXT() REPRESENTATION_CONTEXT('2D SPACE',''
  ) );
#11558 = ADVANCED_FACE('',(#11559),#10265,.T.);
#11559 = FACE_BOUND('',#11560,.T.);
#11560 = EDGE_LOOP('',(#11561,#11593,#11594,#11595));
#11561 = ORIENTED_EDGE('',*,*,#11562,.T.);
#11562 = EDGE_CURVE('',#11563,#11508,#11565,.T.);
#11563 = VERTEX_POINT('',#11564);
#11564 = CARTESIAN_POINT('',(1.35498046875,-6.68798828125,0.));
#11565 = SURFACE_CURVE('',#11566,(#11573,#11583),.PCURVE_S1.);
#11566 = B_SPLINE_CURVE_WITH_KNOTS('',5,(#11567,#11568,#11569,#11570,
    #11571,#11572),.UNSPECIFIED.,.F.,.F.,(6,6),(0.,1.),
  .PIECEWISE_BEZIER_KNOTS.);
#11567 = CARTESIAN_POINT('',(1.35498046875,-6.68798828125,0.));
#11568 = CARTESIAN_POINT('',(1.337668618852,-6.63114770742,0.));
#11569 = CARTESIAN_POINT('',(1.317704185525,-6.581647003919,0.));
#11570 = CARTESIAN_POINT('',(1.295021749789,-6.539887206591,0.));
#11571 = CARTESIAN_POINT('',(1.269594146019,-6.506186152087,0.));
#11572 = CARTESIAN_POINT('',(1.241455078125,-6.480712890625,0.));
#11573 = PCURVE('',#10265,#11574);
#11574 = DEFINITIONAL_REPRESENTATION('',(#11575),#11582);
#11575 = B_SPLINE_CURVE_WITH_KNOTS('',5,(#11576,#11577,#11578,#11579,
    #11580,#11581),.UNSPECIFIED.,.F.,.F.,(6,6),(0.,1.),
  .PIECEWISE_BEZIER_KNOTS.);
#11576 = CARTESIAN_POINT('',(1.,-0.2));
#11577 = CARTESIAN_POINT('',(0.803029618944,-0.2));
#11578 = CARTESIAN_POINT('',(0.604168555958,-0.2));
#11579 = CARTESIAN_POINT('',(0.403758005768,-0.2));
#11580 = CARTESIAN_POINT('',(0.202206354551,-0.2));
#11581 = CARTESIAN_POINT('',(0.,-0.2));
#11582 = ( GEOMETRIC_REPRESENTATION_CONTEXT(2) 
PARAMETRIC_REPRESENTATION_CONTEXT() REPRESENTATION_CONTEXT('2D SPACE',''
  ) );
#11583 = PCURVE('',#11298,#11584);
#11584 = DEFINITIONAL_REPRESENTATION('',(#11585),#11592);
#11585 = B_SPLINE_CURVE_WITH_KNOTS('',5,(#11586,#11587,#11588,#11589,
    #11590,#11591),.UNSPECIFIED.,.F.,.F.,(6,6),(0.,1.),
  .PIECEWISE_BEZIER_KNOTS.);
#11586 = CARTESIAN_POINT('',(18.35498046875,3.31201171875));
#11587 = CARTESIAN_POINT('',(18.337668618852,3.36885229258));
#11588 = CARTESIAN_POINT('',(18.317704185525,3.418352996081));
#11589 = CARTESIAN_POINT('',(18.295021749789,3.460112793409));
#11590 = CARTESIAN_POINT('',(18.269594146019,3.493813847913));
#11591 = CARTESIAN_POINT('',(18.241455078125,3.519287109375));
#11592 = ( GEOMETRIC_REPRESENTATION_CONTEXT(2) 
PARAMETRIC_REPRESENTATION_CONTEXT() REPRESENTATION_CONTEXT('2D SPACE',''
  ) );
#11593 = ORIENTED_EDGE('',*,*,#11538,.T.);
#11594 = ORIENTED_EDGE('',*,*,#10249,.T.);
#11595 = ORIENTED_EDGE('',*,*,#11596,.F.);
#11596 = EDGE_CURVE('',#11563,#10250,#11597,.T.);
#11597 = SURFACE_CURVE('',#11598,(#11602,#11609),.PCURVE_S1.);
#11598 = LINE('',#11599,#11600);
#11599 = CARTESIAN_POINT('',(1.35498046875,-6.68798828125,0.2));
#11600 = VECTOR('',#11601,1.);
#11601 = DIRECTION('',(0.,0.,-1.));
#11602 = PCURVE('',#10265,#11603);
#11603 = DEFINITIONAL_REPRESENTATION('',(#11604),#11608);
#11604 = LINE('',#11605,#11606);
#11605 = CARTESIAN_POINT('',(1.,0.));
#11606 = VECTOR('',#11607,1.);
#11607 = DIRECTION('',(0.,-1.));
#11608 = ( GEOMETRIC_REPRESENTATION_CONTEXT(2) 
PARAMETRIC_REPRESENTATION_CONTEXT() REPRESENTATION_CONTEXT('2D SPACE',''
  ) );
#11609 = PCURVE('',#10295,#11610);
#11610 = DEFINITIONAL_REPRESENTATION('',(#11611),#11615);
#11611 = LINE('',#11612,#11613);
#11612 = CARTESIAN_POINT('',(0.,0.));
#11613 = VECTOR('',#11614,1.);
#11614 = DIRECTION('',(0.,-1.));
#11615 = ( GEOMETRIC_REPRESENTATION_CONTEXT(2) 
PARAMETRIC_REPRESENTATION_CONTEXT() REPRESENTATION_CONTEXT('2D SPACE',''
  ) );
#11616 = ADVANCED_FACE('',(#11617),#10295,.T.);
#11617 = FACE_BOUND('',#11618,.T.);
#11618 = EDGE_LOOP('',(#11619,#11651,#11652,#11653));
#11619 = ORIENTED_EDGE('',*,*,#11620,.T.);
#11620 = EDGE_CURVE('',#11621,#11563,#11623,.T.);
#11621 = VERTEX_POINT('',#11622);
#11622 = CARTESIAN_POINT('',(1.39892578125,-7.081298828125,0.));
#11623 = SURFACE_CURVE('',#11624,(#11631,#11641),.PCURVE_S1.);
#11624 = B_SPLINE_CURVE_WITH_KNOTS('',5,(#11625,#11626,#11627,#11628,
    #11629,#11630),.UNSPECIFIED.,.F.,.F.,(6,6),(0.,1.),
  .PIECEWISE_BEZIER_KNOTS.);
#11625 = CARTESIAN_POINT('',(1.39892578125,-7.081298828125,0.));
#11626 = CARTESIAN_POINT('',(1.39892578125,-6.985248523634,0.));
#11627 = CARTESIAN_POINT('',(1.394839419403,-6.896999047025,0.));
#11628 = CARTESIAN_POINT('',(1.38633847215,-6.817436799869,0.));
#11629 = CARTESIAN_POINT('',(1.37310974488,-6.747512737875,0.));
#11630 = CARTESIAN_POINT('',(1.35498046875,-6.68798828125,0.));
#11631 = PCURVE('',#10295,#11632);
#11632 = DEFINITIONAL_REPRESENTATION('',(#11633),#11640);
#11633 = B_SPLINE_CURVE_WITH_KNOTS('',5,(#11634,#11635,#11636,#11637,
    #11638,#11639),.UNSPECIFIED.,.F.,.F.,(6,6),(0.,1.),
  .PIECEWISE_BEZIER_KNOTS.);
#11634 = CARTESIAN_POINT('',(1.,-0.2));
#11635 = CARTESIAN_POINT('',(0.807146055297,-0.2));
#11636 = CARTESIAN_POINT('',(0.610400238931,-0.2));
#11637 = CARTESIAN_POINT('',(0.409971638489,-0.2));
#11638 = CARTESIAN_POINT('',(0.206270875074,-0.2));
#11639 = CARTESIAN_POINT('',(0.,-0.2));
#11640 = ( GEOMETRIC_REPRESENTATION_CONTEXT(2) 
PARAMETRIC_REPRESENTATION_CONTEXT() REPRESENTATION_CONTEXT('2D SPACE',''
  ) );
#11641 = PCURVE('',#11298,#11642);
#11642 = DEFINITIONAL_REPRESENTATION('',(#11643),#11650);
#11643 = B_SPLINE_CURVE_WITH_KNOTS('',5,(#11644,#11645,#11646,#11647,
    #11648,#11649),.UNSPECIFIED.,.F.,.F.,(6,6),(0.,1.),
  .PIECEWISE_BEZIER_KNOTS.);
#11644 = CARTESIAN_POINT('',(18.39892578125,2.918701171875));
#11645 = CARTESIAN_POINT('',(18.39892578125,3.014751476366));
#11646 = CARTESIAN_POINT('',(18.394839419403,3.103000952975));
#11647 = CARTESIAN_POINT('',(18.38633847215,3.182563200131));
#11648 = CARTESIAN_POINT('',(18.37310974488,3.252487262125));
#11649 = CARTESIAN_POINT('',(18.35498046875,3.31201171875));
#11650 = ( GEOMETRIC_REPRESENTATION_CONTEXT(2) 
PARAMETRIC_REPRESENTATION_CONTEXT() REPRESENTATION_CONTEXT('2D SPACE',''
  ) );
#11651 = ORIENTED_EDGE('',*,*,#11596,.T.);
#11652 = ORIENTED_EDGE('',*,*,#10279,.T.);
#11653 = ORIENTED_EDGE('',*,*,#11654,.F.);
#11654 = EDGE_CURVE('',#11621,#10280,#11655,.T.);
#11655 = SURFACE_CURVE('',#11656,(#11660,#11667),.PCURVE_S1.);
#11656 = LINE('',#11657,#11658);
#11657 = CARTESIAN_POINT('',(1.39892578125,-7.081298828125,0.2));
#11658 = VECTOR('',#11659,1.);
#11659 = DIRECTION('',(0.,0.,-1.));
#11660 = PCURVE('',#10295,#11661);
#11661 = DEFINITIONAL_REPRESENTATION('',(#11662),#11666);
#11662 = LINE('',#11663,#11664);
#11663 = CARTESIAN_POINT('',(1.,0.));
#11664 = VECTOR('',#11665,1.);
#11665 = DIRECTION('',(0.,-1.));
#11666 = ( GEOMETRIC_REPRESENTATION_CONTEXT(2) 
PARAMETRIC_REPRESENTATION_CONTEXT() REPRESENTATION_CONTEXT('2D SPACE',''
  ) );
#11667 = PCURVE('',#10325,#11668);
#11668 = DEFINITIONAL_REPRESENTATION('',(#11669),#11673);
#11669 = LINE('',#11670,#11671);
#11670 = CARTESIAN_POINT('',(0.,0.));
#11671 = VECTOR('',#11672,1.);
#11672 = DIRECTION('',(0.,-1.));
#11673 = ( GEOMETRIC_REPRESENTATION_CONTEXT(2) 
PARAMETRIC_REPRESENTATION_CONTEXT() REPRESENTATION_CONTEXT('2D SPACE',''
  ) );
#11674 = ADVANCED_FACE('',(#11675),#10325,.T.);
#11675 = FACE_BOUND('',#11676,.T.);
#11676 = EDGE_LOOP('',(#11677,#11712,#11713,#11714));
#11677 = ORIENTED_EDGE('',*,*,#11678,.T.);
#11678 = EDGE_CURVE('',#11679,#11621,#11681,.T.);
#11679 = VERTEX_POINT('',#11680);
#11680 = CARTESIAN_POINT('',(1.35498046875,-7.463623046875,0.));
#11681 = SURFACE_CURVE('',#11682,(#11690,#11701),.PCURVE_S1.);
#11682 = B_SPLINE_CURVE_WITH_KNOTS('',6,(#11683,#11684,#11685,#11686,
    #11687,#11688,#11689),.UNSPECIFIED.,.F.,.F.,(7,7),(0.,1.),
  .PIECEWISE_BEZIER_KNOTS.);
#11683 = CARTESIAN_POINT('',(1.35498046875,-7.463623046875,0.));
#11684 = CARTESIAN_POINT('',(1.370122324032,-7.41769275252,0.));
#11685 = CARTESIAN_POINT('',(1.381977194909,-7.363994139744,0.));
#11686 = CARTESIAN_POINT('',(1.390628008826,-7.302963807309,0.));
#11687 = CARTESIAN_POINT('',(1.396220032834,-7.235137423488,0.));
#11688 = CARTESIAN_POINT('',(1.39892578125,-7.161071195126,0.));
#11689 = CARTESIAN_POINT('',(1.39892578125,-7.081298828125,0.));
#11690 = PCURVE('',#10325,#11691);
#11691 = DEFINITIONAL_REPRESENTATION('',(#11692),#11700);
#11692 = B_SPLINE_CURVE_WITH_KNOTS('',6,(#11693,#11694,#11695,#11696,
    #11697,#11698,#11699),.UNSPECIFIED.,.F.,.F.,(7,7),(0.,1.),
  .PIECEWISE_BEZIER_KNOTS.);
#11693 = CARTESIAN_POINT('',(1.,-0.2));
#11694 = CARTESIAN_POINT('',(0.827719335459,-0.2));
#11695 = CARTESIAN_POINT('',(0.657220445334,-0.2));
#11696 = CARTESIAN_POINT('',(0.488941487487,-0.2));
#11697 = CARTESIAN_POINT('',(0.323189926368,-0.2));
#11698 = CARTESIAN_POINT('',(0.160170399625,-0.2));
#11699 = CARTESIAN_POINT('',(0.,-0.2));
#11700 = ( GEOMETRIC_REPRESENTATION_CONTEXT(2) 
PARAMETRIC_REPRESENTATION_CONTEXT() REPRESENTATION_CONTEXT('2D SPACE',''
  ) );
#11701 = PCURVE('',#11298,#11702);
#11702 = DEFINITIONAL_REPRESENTATION('',(#11703),#11711);
#11703 = B_SPLINE_CURVE_WITH_KNOTS('',6,(#11704,#11705,#11706,#11707,
    #11708,#11709,#11710),.UNSPECIFIED.,.F.,.F.,(7,7),(0.,1.),
  .PIECEWISE_BEZIER_KNOTS.);
#11704 = CARTESIAN_POINT('',(18.35498046875,2.536376953125));
#11705 = CARTESIAN_POINT('',(18.370122324032,2.58230724748));
#11706 = CARTESIAN_POINT('',(18.381977194909,2.636005860256));
#11707 = CARTESIAN_POINT('',(18.390628008826,2.697036192691));
#11708 = CARTESIAN_POINT('',(18.396220032834,2.764862576512));
#11709 = CARTESIAN_POINT('',(18.39892578125,2.838928804874));
#11710 = CARTESIAN_POINT('',(18.39892578125,2.918701171875));
#11711 = ( GEOMETRIC_REPRESENTATION_CONTEXT(2) 
PARAMETRIC_REPRESENTATION_CONTEXT() REPRESENTATION_CONTEXT('2D SPACE',''
  ) );
#11712 = ORIENTED_EDGE('',*,*,#11654,.T.);
#11713 = ORIENTED_EDGE('',*,*,#10309,.T.);
#11714 = ORIENTED_EDGE('',*,*,#11715,.F.);
#11715 = EDGE_CURVE('',#11679,#10310,#11716,.T.);
#11716 = SURFACE_CURVE('',#11717,(#11721,#11728),.PCURVE_S1.);
#11717 = LINE('',#11718,#11719);
#11718 = CARTESIAN_POINT('',(1.35498046875,-7.463623046875,0.2));
#11719 = VECTOR('',#11720,1.);
#11720 = DIRECTION('',(0.,0.,-1.));
#11721 = PCURVE('',#10325,#11722);
#11722 = DEFINITIONAL_REPRESENTATION('',(#11723),#11727);
#11723 = LINE('',#11724,#11725);
#11724 = CARTESIAN_POINT('',(1.,0.));
#11725 = VECTOR('',#11726,1.);
#11726 = DIRECTION('',(0.,-1.));
#11727 = ( GEOMETRIC_REPRESENTATION_CONTEXT(2) 
PARAMETRIC_REPRESENTATION_CONTEXT() REPRESENTATION_CONTEXT('2D SPACE',''
  ) );
#11728 = PCURVE('',#10355,#11729);
#11729 = DEFINITIONAL_REPRESENTATION('',(#11730),#11734);
#11730 = LINE('',#11731,#11732);
#11731 = CARTESIAN_POINT('',(0.,0.));
#11732 = VECTOR('',#11733,1.);
#11733 = DIRECTION('',(0.,-1.));
#11734 = ( GEOMETRIC_REPRESENTATION_CONTEXT(2) 
PARAMETRIC_REPRESENTATION_CONTEXT() REPRESENTATION_CONTEXT('2D SPACE',''
  ) );
#11735 = ADVANCED_FACE('',(#11736),#10355,.T.);
#11736 = FACE_BOUND('',#11737,.T.);
#11737 = EDGE_LOOP('',(#11738,#11770,#11771,#11772));
#11738 = ORIENTED_EDGE('',*,*,#11739,.T.);
#11739 = EDGE_CURVE('',#11740,#11679,#11742,.T.);
#11740 = VERTEX_POINT('',#11741);
#11741 = CARTESIAN_POINT('',(1.23193359375,-7.671630859375,0.));
#11742 = SURFACE_CURVE('',#11743,(#11750,#11760),.PCURVE_S1.);
#11743 = B_SPLINE_CURVE_WITH_KNOTS('',5,(#11744,#11745,#11746,#11747,
    #11748,#11749),.UNSPECIFIED.,.F.,.F.,(6,6),(0.,1.),
  .PIECEWISE_BEZIER_KNOTS.);
#11744 = CARTESIAN_POINT('',(1.23193359375,-7.671630859375,0.));
#11745 = CARTESIAN_POINT('',(1.263763776098,-7.641569020491,0.));
#11746 = CARTESIAN_POINT('',(1.291987615572,-7.605623167966,0.));
#11747 = CARTESIAN_POINT('',(1.316578258559,-7.563875227977,0.));
#11748 = CARTESIAN_POINT('',(1.337556697724,-7.51647515232,0.));
#11749 = CARTESIAN_POINT('',(1.35498046875,-7.463623046875,0.));
#11750 = PCURVE('',#10355,#11751);
#11751 = DEFINITIONAL_REPRESENTATION('',(#11752),#11759);
#11752 = B_SPLINE_CURVE_WITH_KNOTS('',5,(#11753,#11754,#11755,#11756,
    #11757,#11758),.UNSPECIFIED.,.F.,.F.,(6,6),(0.,1.),
  .PIECEWISE_BEZIER_KNOTS.);
#11753 = CARTESIAN_POINT('',(1.,-0.2));
#11754 = CARTESIAN_POINT('',(0.798801810344,-0.2));
#11755 = CARTESIAN_POINT('',(0.597909992329,-0.2));
#11756 = CARTESIAN_POINT('',(0.397631218692,-0.2));
#11757 = CARTESIAN_POINT('',(0.198243794782,-0.2));
#11758 = CARTESIAN_POINT('',(0.,-0.2));
#11759 = ( GEOMETRIC_REPRESENTATION_CONTEXT(2) 
PARAMETRIC_REPRESENTATION_CONTEXT() REPRESENTATION_CONTEXT('2D SPACE',''
  ) );
#11760 = PCURVE('',#11298,#11761);
#11761 = DEFINITIONAL_REPRESENTATION('',(#11762),#11769);
#11762 = B_SPLINE_CURVE_WITH_KNOTS('',5,(#11763,#11764,#11765,#11766,
    #11767,#11768),.UNSPECIFIED.,.F.,.F.,(6,6),(0.,1.),
  .PIECEWISE_BEZIER_KNOTS.);
#11763 = CARTESIAN_POINT('',(18.23193359375,2.328369140625));
#11764 = CARTESIAN_POINT('',(18.263763776098,2.358430979509));
#11765 = CARTESIAN_POINT('',(18.291987615572,2.394376832034));
#11766 = CARTESIAN_POINT('',(18.316578258559,2.436124772023));
#11767 = CARTESIAN_POINT('',(18.337556697724,2.48352484768));
#11768 = CARTESIAN_POINT('',(18.35498046875,2.536376953125));
#11769 = ( GEOMETRIC_REPRESENTATION_CONTEXT(2) 
PARAMETRIC_REPRESENTATION_CONTEXT() REPRESENTATION_CONTEXT('2D SPACE',''
  ) );
#11770 = ORIENTED_EDGE('',*,*,#11715,.T.);
#11771 = ORIENTED_EDGE('',*,*,#10339,.T.);
#11772 = ORIENTED_EDGE('',*,*,#11773,.F.);
#11773 = EDGE_CURVE('',#11740,#10340,#11774,.T.);
#11774 = SURFACE_CURVE('',#11775,(#11779,#11786),.PCURVE_S1.);
#11775 = LINE('',#11776,#11777);
#11776 = CARTESIAN_POINT('',(1.23193359375,-7.671630859375,0.2));
#11777 = VECTOR('',#11778,1.);
#11778 = DIRECTION('',(0.,0.,-1.));
#11779 = PCURVE('',#10355,#11780);
#11780 = DEFINITIONAL_REPRESENTATION('',(#11781),#11785);
#11781 = LINE('',#11782,#11783);
#11782 = CARTESIAN_POINT('',(1.,0.));
#11783 = VECTOR('',#11784,1.);
#11784 = DIRECTION('',(0.,-1.));
#11785 = ( GEOMETRIC_REPRESENTATION_CONTEXT(2) 
PARAMETRIC_REPRESENTATION_CONTEXT() REPRESENTATION_CONTEXT('2D SPACE',''
  ) );
#11786 = PCURVE('',#10385,#11787);
#11787 = DEFINITIONAL_REPRESENTATION('',(#11788),#11792);
#11788 = LINE('',#11789,#11790);
#11789 = CARTESIAN_POINT('',(0.,0.));
#11790 = VECTOR('',#11791,1.);
#11791 = DIRECTION('',(0.,-1.));
#11792 = ( GEOMETRIC_REPRESENTATION_CONTEXT(2) 
PARAMETRIC_REPRESENTATION_CONTEXT() REPRESENTATION_CONTEXT('2D SPACE',''
  ) );
#11793 = ADVANCED_FACE('',(#11794),#10385,.T.);
#11794 = FACE_BOUND('',#11795,.T.);
#11795 = EDGE_LOOP('',(#11796,#11828,#11829,#11830));
#11796 = ORIENTED_EDGE('',*,*,#11797,.T.);
#11797 = EDGE_CURVE('',#11798,#11740,#11800,.T.);
#11798 = VERTEX_POINT('',#11799);
#11799 = CARTESIAN_POINT('',(1.03125,-7.772705078125,0.));
#11800 = SURFACE_CURVE('',#11801,(#11808,#11818),.PCURVE_S1.);
#11801 = B_SPLINE_CURVE_WITH_KNOTS('',5,(#11802,#11803,#11804,#11805,
    #11806,#11807),.UNSPECIFIED.,.F.,.F.,(6,6),(0.,1.),
  .PIECEWISE_BEZIER_KNOTS.);
#11802 = CARTESIAN_POINT('',(1.03125,-7.772705078125,0.));
#11803 = CARTESIAN_POINT('',(1.079652162512,-7.762208223604,0.));
#11804 = CARTESIAN_POINT('',(1.124023446356,-7.746884755965,0.));
#11805 = CARTESIAN_POINT('',(1.164242033354,-7.726677679322,0.));
#11806 = CARTESIAN_POINT('',(1.200224938393,-7.701577922768,0.));
#11807 = CARTESIAN_POINT('',(1.23193359375,-7.671630859375,0.));
#11808 = PCURVE('',#10385,#11809);
#11809 = DEFINITIONAL_REPRESENTATION('',(#11810),#11817);
#11810 = B_SPLINE_CURVE_WITH_KNOTS('',5,(#11811,#11812,#11813,#11814,
    #11815,#11816),.UNSPECIFIED.,.F.,.F.,(6,6),(0.,1.),
  .PIECEWISE_BEZIER_KNOTS.);
#11811 = CARTESIAN_POINT('',(1.,-0.2));
#11812 = CARTESIAN_POINT('',(0.800948536496,-0.2));
#11813 = CARTESIAN_POINT('',(0.601169315534,-0.2));
#11814 = CARTESIAN_POINT('',(0.400910106722,-0.2));
#11815 = CARTESIAN_POINT('',(0.200430019049,-0.2));
#11816 = CARTESIAN_POINT('',(0.,-0.2));
#11817 = ( GEOMETRIC_REPRESENTATION_CONTEXT(2) 
PARAMETRIC_REPRESENTATION_CONTEXT() REPRESENTATION_CONTEXT('2D SPACE',''
  ) );
#11818 = PCURVE('',#11298,#11819);
#11819 = DEFINITIONAL_REPRESENTATION('',(#11820),#11827);
#11820 = B_SPLINE_CURVE_WITH_KNOTS('',5,(#11821,#11822,#11823,#11824,
    #11825,#11826),.UNSPECIFIED.,.F.,.F.,(6,6),(0.,1.),
  .PIECEWISE_BEZIER_KNOTS.);
#11821 = CARTESIAN_POINT('',(18.03125,2.227294921875));
#11822 = CARTESIAN_POINT('',(18.079652162512,2.237791776396));
#11823 = CARTESIAN_POINT('',(18.124023446356,2.253115244035));
#11824 = CARTESIAN_POINT('',(18.164242033354,2.273322320678));
#11825 = CARTESIAN_POINT('',(18.200224938393,2.298422077232));
#11826 = CARTESIAN_POINT('',(18.23193359375,2.328369140625));
#11827 = ( GEOMETRIC_REPRESENTATION_CONTEXT(2) 
PARAMETRIC_REPRESENTATION_CONTEXT() REPRESENTATION_CONTEXT('2D SPACE',''
  ) );
#11828 = ORIENTED_EDGE('',*,*,#11773,.T.);
#11829 = ORIENTED_EDGE('',*,*,#10369,.T.);
#11830 = ORIENTED_EDGE('',*,*,#11831,.F.);
#11831 = EDGE_CURVE('',#11798,#10370,#11832,.T.);
#11832 = SURFACE_CURVE('',#11833,(#11837,#11844),.PCURVE_S1.);
#11833 = LINE('',#11834,#11835);
#11834 = CARTESIAN_POINT('',(1.03125,-7.772705078125,0.2));
#11835 = VECTOR('',#11836,1.);
#11836 = DIRECTION('',(0.,0.,-1.));
#11837 = PCURVE('',#10385,#11838);
#11838 = DEFINITIONAL_REPRESENTATION('',(#11839),#11843);
#11839 = LINE('',#11840,#11841);
#11840 = CARTESIAN_POINT('',(1.,0.));
#11841 = VECTOR('',#11842,1.);
#11842 = DIRECTION('',(0.,-1.));
#11843 = ( GEOMETRIC_REPRESENTATION_CONTEXT(2) 
PARAMETRIC_REPRESENTATION_CONTEXT() REPRESENTATION_CONTEXT('2D SPACE',''
  ) );
#11844 = PCURVE('',#10413,#11845);
#11845 = DEFINITIONAL_REPRESENTATION('',(#11846),#11850);
#11846 = LINE('',#11847,#11848);
#11847 = CARTESIAN_POINT('',(0.,0.));
#11848 = VECTOR('',#11849,1.);
#11849 = DIRECTION('',(0.,-1.));
#11850 = ( GEOMETRIC_REPRESENTATION_CONTEXT(2) 
PARAMETRIC_REPRESENTATION_CONTEXT() REPRESENTATION_CONTEXT('2D SPACE',''
  ) );
#11851 = ADVANCED_FACE('',(#11852),#10413,.T.);
#11852 = FACE_BOUND('',#11853,.T.);
#11853 = EDGE_LOOP('',(#11854,#11887,#11888,#11889));
#11854 = ORIENTED_EDGE('',*,*,#11855,.T.);
#11855 = EDGE_CURVE('',#11282,#11798,#11856,.T.);
#11856 = SURFACE_CURVE('',#11857,(#11865,#11876),.PCURVE_S1.);
#11857 = B_SPLINE_CURVE_WITH_KNOTS('',6,(#11858,#11859,#11860,#11861,
    #11862,#11863,#11864),.UNSPECIFIED.,.F.,.F.,(7,7),(0.,1.),
  .PIECEWISE_BEZIER_KNOTS.);
#11858 = CARTESIAN_POINT('',(0.67529296875,-7.793212890625,0.));
#11859 = CARTESIAN_POINT('',(0.758517256039,-7.793212890625,0.));
#11860 = CARTESIAN_POINT('',(0.833711572473,-7.792000549948,0.));
#11861 = CARTESIAN_POINT('',(0.899760807329,-7.789451473315,0.));
#11862 = CARTESIAN_POINT('',(0.955431587584,-7.785441764733,0.));
#11863 = CARTESIAN_POINT('',(0.999523815935,-7.779869055172,0.));
#11864 = CARTESIAN_POINT('',(1.03125,-7.772705078125,0.));
#11865 = PCURVE('',#10413,#11866);
#11866 = DEFINITIONAL_REPRESENTATION('',(#11867),#11875);
#11867 = B_SPLINE_CURVE_WITH_KNOTS('',6,(#11868,#11869,#11870,#11871,
    #11872,#11873,#11874),.UNSPECIFIED.,.F.,.F.,(7,7),(0.,1.),
  .PIECEWISE_BEZIER_KNOTS.);
#11868 = CARTESIAN_POINT('',(1.,-0.2));
#11869 = CARTESIAN_POINT('',(0.843054014395,-0.2));
#11870 = CARTESIAN_POINT('',(0.681817931,-0.2));
#11871 = CARTESIAN_POINT('',(0.516400657505,-0.2));
#11872 = CARTESIAN_POINT('',(0.347142126246,-0.2));
#11873 = CARTESIAN_POINT('',(0.174664583238,-0.2));
#11874 = CARTESIAN_POINT('',(0.,-0.2));
#11875 = ( GEOMETRIC_REPRESENTATION_CONTEXT(2) 
PARAMETRIC_REPRESENTATION_CONTEXT() REPRESENTATION_CONTEXT('2D SPACE',''
  ) );
#11876 = PCURVE('',#11298,#11877);
#11877 = DEFINITIONAL_REPRESENTATION('',(#11878),#11886);
#11878 = B_SPLINE_CURVE_WITH_KNOTS('',6,(#11879,#11880,#11881,#11882,
    #11883,#11884,#11885),.UNSPECIFIED.,.F.,.F.,(7,7),(0.,1.),
  .PIECEWISE_BEZIER_KNOTS.);
#11879 = CARTESIAN_POINT('',(17.67529296875,2.206787109375));
#11880 = CARTESIAN_POINT('',(17.758517256039,2.206787109375));
#11881 = CARTESIAN_POINT('',(17.833711572473,2.207999450052));
#11882 = CARTESIAN_POINT('',(17.899760807329,2.210548526685));
#11883 = CARTESIAN_POINT('',(17.955431587584,2.214558235267));
#11884 = CARTESIAN_POINT('',(17.999523815935,2.220130944828));
#11885 = CARTESIAN_POINT('',(18.03125,2.227294921875));
#11886 = ( GEOMETRIC_REPRESENTATION_CONTEXT(2) 
PARAMETRIC_REPRESENTATION_CONTEXT() REPRESENTATION_CONTEXT('2D SPACE',''
  ) );
#11887 = ORIENTED_EDGE('',*,*,#11831,.T.);
#11888 = ORIENTED_EDGE('',*,*,#10399,.T.);
#11889 = ORIENTED_EDGE('',*,*,#11309,.F.);
#11890 = ADVANCED_FACE('',(#11891),#10462,.T.);
#11891 = FACE_BOUND('',#11892,.T.);
#11892 = EDGE_LOOP('',(#11893,#11921,#11942,#11943));
#11893 = ORIENTED_EDGE('',*,*,#11894,.F.);
#11894 = EDGE_CURVE('',#11895,#11897,#11899,.T.);
#11895 = VERTEX_POINT('',#11896);
#11896 = CARTESIAN_POINT('',(2.85791015625,-7.793212890625,0.));
#11897 = VERTEX_POINT('',#11898);
#11898 = CARTESIAN_POINT('',(2.6484375,-7.793212890625,0.));
#11899 = SURFACE_CURVE('',#11900,(#11904,#11910),.PCURVE_S1.);
#11900 = LINE('',#11901,#11902);
#11901 = CARTESIAN_POINT('',(-7.071044921875,-7.793212890625,0.));
#11902 = VECTOR('',#11903,1.);
#11903 = DIRECTION('',(-1.,0.,0.));
#11904 = PCURVE('',#10462,#11905);
#11905 = DEFINITIONAL_REPRESENTATION('',(#11906),#11909);
#11906 = B_SPLINE_CURVE_WITH_KNOTS('',1,(#11907,#11908),.UNSPECIFIED.,
  .F.,.F.,(2,2),(-9.928955078125,-9.719482421875),
  .PIECEWISE_BEZIER_KNOTS.);
#11907 = CARTESIAN_POINT('',(0.,-0.2));
#11908 = CARTESIAN_POINT('',(0.20947265625,-0.2));
#11909 = ( GEOMETRIC_REPRESENTATION_CONTEXT(2) 
PARAMETRIC_REPRESENTATION_CONTEXT() REPRESENTATION_CONTEXT('2D SPACE',''
  ) );
#11910 = PCURVE('',#11911,#11916);
#11911 = PLANE('',#11912);
#11912 = AXIS2_PLACEMENT_3D('',#11913,#11914,#11915);
#11913 = CARTESIAN_POINT('',(-17.,-10.,0.));
#11914 = DIRECTION('',(0.,0.,1.));
#11915 = DIRECTION('',(1.,0.,0.));
#11916 = DEFINITIONAL_REPRESENTATION('',(#11917),#11920);
#11917 = B_SPLINE_CURVE_WITH_KNOTS('',1,(#11918,#11919),.UNSPECIFIED.,
  .F.,.F.,(2,2),(-9.928955078125,-9.719482421875),
  .PIECEWISE_BEZIER_KNOTS.);
#11918 = CARTESIAN_POINT('',(19.85791015625,2.206787109375));
#11919 = CARTESIAN_POINT('',(19.6484375,2.206787109375));
#11920 = ( GEOMETRIC_REPRESENTATION_CONTEXT(2) 
PARAMETRIC_REPRESENTATION_CONTEXT() REPRESENTATION_CONTEXT('2D SPACE',''
  ) );
#11921 = ORIENTED_EDGE('',*,*,#11922,.T.);
#11922 = EDGE_CURVE('',#11895,#10445,#11923,.T.);
#11923 = SURFACE_CURVE('',#11924,(#11928,#11935),.PCURVE_S1.);
#11924 = LINE('',#11925,#11926);
#11925 = CARTESIAN_POINT('',(2.85791015625,-7.793212890625,0.2));
#11926 = VECTOR('',#11927,1.);
#11927 = DIRECTION('',(0.,0.,-1.));
#11928 = PCURVE('',#10462,#11929);
#11929 = DEFINITIONAL_REPRESENTATION('',(#11930),#11934);
#11930 = LINE('',#11931,#11932);
#11931 = CARTESIAN_POINT('',(0.,-0.));
#11932 = VECTOR('',#11933,1.);
#11933 = DIRECTION('',(0.,-1.));
#11934 = ( GEOMETRIC_REPRESENTATION_CONTEXT(2) 
PARAMETRIC_REPRESENTATION_CONTEXT() REPRESENTATION_CONTEXT('2D SPACE',''
  ) );
#11935 = PCURVE('',#10694,#11936);
#11936 = DEFINITIONAL_REPRESENTATION('',(#11937),#11941);
#11937 = LINE('',#11938,#11939);
#11938 = CARTESIAN_POINT('',(1.,0.));
#11939 = VECTOR('',#11940,1.);
#11940 = DIRECTION('',(0.,-1.));
#11941 = ( GEOMETRIC_REPRESENTATION_CONTEXT(2) 
PARAMETRIC_REPRESENTATION_CONTEXT() REPRESENTATION_CONTEXT('2D SPACE',''
  ) );
#11942 = ORIENTED_EDGE('',*,*,#10444,.T.);
#11943 = ORIENTED_EDGE('',*,*,#11944,.F.);
#11944 = EDGE_CURVE('',#11897,#10447,#11945,.T.);
#11945 = SURFACE_CURVE('',#11946,(#11950,#11957),.PCURVE_S1.);
#11946 = LINE('',#11947,#11948);
#11947 = CARTESIAN_POINT('',(2.6484375,-7.793212890625,0.2));
#11948 = VECTOR('',#11949,1.);
#11949 = DIRECTION('',(0.,0.,-1.));
#11950 = PCURVE('',#10462,#11951);
#11951 = DEFINITIONAL_REPRESENTATION('',(#11952),#11956);
#11952 = LINE('',#11953,#11954);
#11953 = CARTESIAN_POINT('',(0.20947265625,0.));
#11954 = VECTOR('',#11955,1.);
#11955 = DIRECTION('',(0.,-1.));
#11956 = ( GEOMETRIC_REPRESENTATION_CONTEXT(2) 
PARAMETRIC_REPRESENTATION_CONTEXT() REPRESENTATION_CONTEXT('2D SPACE',''
  ) );
#11957 = PCURVE('',#10490,#11958);
#11958 = DEFINITIONAL_REPRESENTATION('',(#11959),#11963);
#11959 = LINE('',#11960,#11961);
#11960 = CARTESIAN_POINT('',(0.,0.));
#11961 = VECTOR('',#11962,1.);
#11962 = DIRECTION('',(0.,-1.));
#11963 = ( GEOMETRIC_REPRESENTATION_CONTEXT(2) 
PARAMETRIC_REPRESENTATION_CONTEXT() REPRESENTATION_CONTEXT('2D SPACE',''
  ) );
#11964 = ADVANCED_FACE('',(#11965),#10490,.T.);
#11965 = FACE_BOUND('',#11966,.T.);
#11966 = EDGE_LOOP('',(#11967,#11988,#11989,#11990));
#11967 = ORIENTED_EDGE('',*,*,#11968,.F.);
#11968 = EDGE_CURVE('',#11897,#11969,#11971,.T.);
#11969 = VERTEX_POINT('',#11970);
#11970 = CARTESIAN_POINT('',(2.6484375,-7.183837890625,0.));
#11971 = SURFACE_CURVE('',#11972,(#11976,#11982),.PCURVE_S1.);
#11972 = LINE('',#11973,#11974);
#11973 = CARTESIAN_POINT('',(2.6484375,-8.896606445312,0.));
#11974 = VECTOR('',#11975,1.);
#11975 = DIRECTION('',(0.,1.,0.));
#11976 = PCURVE('',#10490,#11977);
#11977 = DEFINITIONAL_REPRESENTATION('',(#11978),#11981);
#11978 = B_SPLINE_CURVE_WITH_KNOTS('',1,(#11979,#11980),.UNSPECIFIED.,
  .F.,.F.,(2,2),(1.103393554688,1.712768554688),
  .PIECEWISE_BEZIER_KNOTS.);
#11979 = CARTESIAN_POINT('',(0.,-0.2));
#11980 = CARTESIAN_POINT('',(0.609375,-0.2));
#11981 = ( GEOMETRIC_REPRESENTATION_CONTEXT(2) 
PARAMETRIC_REPRESENTATION_CONTEXT() REPRESENTATION_CONTEXT('2D SPACE',''
  ) );
#11982 = PCURVE('',#11911,#11983);
#11983 = DEFINITIONAL_REPRESENTATION('',(#11984),#11987);
#11984 = B_SPLINE_CURVE_WITH_KNOTS('',1,(#11985,#11986),.UNSPECIFIED.,
  .F.,.F.,(2,2),(1.103393554688,1.712768554688),
  .PIECEWISE_BEZIER_KNOTS.);
#11985 = CARTESIAN_POINT('',(19.6484375,2.206787109375));
#11986 = CARTESIAN_POINT('',(19.6484375,2.816162109375));
#11987 = ( GEOMETRIC_REPRESENTATION_CONTEXT(2) 
PARAMETRIC_REPRESENTATION_CONTEXT() REPRESENTATION_CONTEXT('2D SPACE',''
  ) );
#11988 = ORIENTED_EDGE('',*,*,#11944,.T.);
#11989 = ORIENTED_EDGE('',*,*,#10474,.T.);
#11990 = ORIENTED_EDGE('',*,*,#11991,.F.);
#11991 = EDGE_CURVE('',#11969,#10475,#11992,.T.);
#11992 = SURFACE_CURVE('',#11993,(#11997,#12004),.PCURVE_S1.);
#11993 = LINE('',#11994,#11995);
#11994 = CARTESIAN_POINT('',(2.6484375,-7.183837890625,0.2));
#11995 = VECTOR('',#11996,1.);
#11996 = DIRECTION('',(0.,0.,-1.));
#11997 = PCURVE('',#10490,#11998);
#11998 = DEFINITIONAL_REPRESENTATION('',(#11999),#12003);
#11999 = LINE('',#12000,#12001);
#12000 = CARTESIAN_POINT('',(0.609375,0.));
#12001 = VECTOR('',#12002,1.);
#12002 = DIRECTION('',(0.,-1.));
#12003 = ( GEOMETRIC_REPRESENTATION_CONTEXT(2) 
PARAMETRIC_REPRESENTATION_CONTEXT() REPRESENTATION_CONTEXT('2D SPACE',''
  ) );
#12004 = PCURVE('',#10518,#12005);
#12005 = DEFINITIONAL_REPRESENTATION('',(#12006),#12010);
#12006 = LINE('',#12007,#12008);
#12007 = CARTESIAN_POINT('',(0.,0.));
#12008 = VECTOR('',#12009,1.);
#12009 = DIRECTION('',(0.,-1.));
#12010 = ( GEOMETRIC_REPRESENTATION_CONTEXT(2) 
PARAMETRIC_REPRESENTATION_CONTEXT() REPRESENTATION_CONTEXT('2D SPACE',''
  ) );
#12011 = ADVANCED_FACE('',(#12012),#10518,.T.);
#12012 = FACE_BOUND('',#12013,.T.);
#12013 = EDGE_LOOP('',(#12014,#12035,#12036,#12037));
#12014 = ORIENTED_EDGE('',*,*,#12015,.F.);
#12015 = EDGE_CURVE('',#11969,#12016,#12018,.T.);
#12016 = VERTEX_POINT('',#12017);
#12017 = CARTESIAN_POINT('',(2.8857421875,-7.183837890625,0.));
#12018 = SURFACE_CURVE('',#12019,(#12023,#12029),.PCURVE_S1.);
#12019 = LINE('',#12020,#12021);
#12020 = CARTESIAN_POINT('',(-7.17578125,-7.183837890625,0.));
#12021 = VECTOR('',#12022,1.);
#12022 = DIRECTION('',(1.,0.,-0.));
#12023 = PCURVE('',#10518,#12024);
#12024 = DEFINITIONAL_REPRESENTATION('',(#12025),#12028);
#12025 = B_SPLINE_CURVE_WITH_KNOTS('',1,(#12026,#12027),.UNSPECIFIED.,
  .F.,.F.,(2,2),(9.82421875,10.0615234375),.PIECEWISE_BEZIER_KNOTS.);
#12026 = CARTESIAN_POINT('',(0.,-0.2));
#12027 = CARTESIAN_POINT('',(0.2373046875,-0.2));
#12028 = ( GEOMETRIC_REPRESENTATION_CONTEXT(2) 
PARAMETRIC_REPRESENTATION_CONTEXT() REPRESENTATION_CONTEXT('2D SPACE',''
  ) );
#12029 = PCURVE('',#11911,#12030);
#12030 = DEFINITIONAL_REPRESENTATION('',(#12031),#12034);
#12031 = B_SPLINE_CURVE_WITH_KNOTS('',1,(#12032,#12033),.UNSPECIFIED.,
  .F.,.F.,(2,2),(9.82421875,10.0615234375),.PIECEWISE_BEZIER_KNOTS.);
#12032 = CARTESIAN_POINT('',(19.6484375,2.816162109375));
#12033 = CARTESIAN_POINT('',(19.8857421875,2.816162109375));
#12034 = ( GEOMETRIC_REPRESENTATION_CONTEXT(2) 
PARAMETRIC_REPRESENTATION_CONTEXT() REPRESENTATION_CONTEXT('2D SPACE',''
  ) );
#12035 = ORIENTED_EDGE('',*,*,#11991,.T.);
#12036 = ORIENTED_EDGE('',*,*,#10502,.T.);
#12037 = ORIENTED_EDGE('',*,*,#12038,.F.);
#12038 = EDGE_CURVE('',#12016,#10503,#12039,.T.);
#12039 = SURFACE_CURVE('',#12040,(#12044,#12051),.PCURVE_S1.);
#12040 = LINE('',#12041,#12042);
#12041 = CARTESIAN_POINT('',(2.8857421875,-7.183837890625,0.2));
#12042 = VECTOR('',#12043,1.);
#12043 = DIRECTION('',(0.,0.,-1.));
#12044 = PCURVE('',#10518,#12045);
#12045 = DEFINITIONAL_REPRESENTATION('',(#12046),#12050);
#12046 = LINE('',#12047,#12048);
#12047 = CARTESIAN_POINT('',(0.2373046875,0.));
#12048 = VECTOR('',#12049,1.);
#12049 = DIRECTION('',(0.,-1.));
#12050 = ( GEOMETRIC_REPRESENTATION_CONTEXT(2) 
PARAMETRIC_REPRESENTATION_CONTEXT() REPRESENTATION_CONTEXT('2D SPACE',''
  ) );
#12051 = PCURVE('',#10546,#12052);
#12052 = DEFINITIONAL_REPRESENTATION('',(#12053),#12057);
#12053 = LINE('',#12054,#12055);
#12054 = CARTESIAN_POINT('',(0.,0.));
#12055 = VECTOR('',#12056,1.);
#12056 = DIRECTION('',(0.,-1.));
#12057 = ( GEOMETRIC_REPRESENTATION_CONTEXT(2) 
PARAMETRIC_REPRESENTATION_CONTEXT() REPRESENTATION_CONTEXT('2D SPACE',''
  ) );
#12058 = ADVANCED_FACE('',(#12059),#10546,.T.);
#12059 = FACE_BOUND('',#12060,.T.);
#12060 = EDGE_LOOP('',(#12061,#12096,#12097,#12098));
#12061 = ORIENTED_EDGE('',*,*,#12062,.T.);
#12062 = EDGE_CURVE('',#12063,#12016,#12065,.T.);
#12063 = VERTEX_POINT('',#12064);
#12064 = CARTESIAN_POINT('',(3.228515625,-7.217529296875,0.));
#12065 = SURFACE_CURVE('',#12066,(#12074,#12085),.PCURVE_S1.);
#12066 = B_SPLINE_CURVE_WITH_KNOTS('',6,(#12067,#12068,#12069,#12070,
    #12071,#12072,#12073),.UNSPECIFIED.,.F.,.F.,(7,7),(0.,1.),
  .PIECEWISE_BEZIER_KNOTS.);
#12067 = CARTESIAN_POINT('',(3.228515625,-7.217529296875,0.));
#12068 = CARTESIAN_POINT('',(3.198435868302,-7.205803290027,0.));
#12069 = CARTESIAN_POINT('',(3.156335118011,-7.196654214666,0.));
#12070 = CARTESIAN_POINT('',(3.102899283613,-7.190051327207,0.));
#12071 = CARTESIAN_POINT('',(3.039226879191,-7.18584319387,0.));
#12072 = CARTESIAN_POINT('',(2.966481741602,-7.183837890625,0.));
#12073 = CARTESIAN_POINT('',(2.8857421875,-7.183837890625,0.));
#12074 = PCURVE('',#10546,#12075);
#12075 = DEFINITIONAL_REPRESENTATION('',(#12076),#12084);
#12076 = B_SPLINE_CURVE_WITH_KNOTS('',6,(#12077,#12078,#12079,#12080,
    #12081,#12082,#12083),.UNSPECIFIED.,.F.,.F.,(7,7),(0.,1.),
  .PIECEWISE_BEZIER_KNOTS.);
#12077 = CARTESIAN_POINT('',(1.,-0.2));
#12078 = CARTESIAN_POINT('',(0.825979260684,-0.2));
#12079 = CARTESIAN_POINT('',(0.653861609468,-0.2));
#12080 = CARTESIAN_POINT('',(0.484682466133,-0.2));
#12081 = CARTESIAN_POINT('',(0.319094774276,-0.2));
#12082 = CARTESIAN_POINT('',(0.157480577905,-0.2));
#12083 = CARTESIAN_POINT('',(0.,-0.2));
#12084 = ( GEOMETRIC_REPRESENTATION_CONTEXT(2) 
PARAMETRIC_REPRESENTATION_CONTEXT() REPRESENTATION_CONTEXT('2D SPACE',''
  ) );
#12085 = PCURVE('',#11911,#12086);
#12086 = DEFINITIONAL_REPRESENTATION('',(#12087),#12095);
#12087 = B_SPLINE_CURVE_WITH_KNOTS('',6,(#12088,#12089,#12090,#12091,
    #12092,#12093,#12094),.UNSPECIFIED.,.F.,.F.,(7,7),(0.,1.),
  .PIECEWISE_BEZIER_KNOTS.);
#12088 = CARTESIAN_POINT('',(20.228515625,2.782470703125));
#12089 = CARTESIAN_POINT('',(20.198435868302,2.794196709973));
#12090 = CARTESIAN_POINT('',(20.156335118011,2.803345785334));
#12091 = CARTESIAN_POINT('',(20.102899283613,2.809948672793));
#12092 = CARTESIAN_POINT('',(20.039226879191,2.81415680613));
#12093 = CARTESIAN_POINT('',(19.966481741602,2.816162109375));
#12094 = CARTESIAN_POINT('',(19.8857421875,2.816162109375));
#12095 = ( GEOMETRIC_REPRESENTATION_CONTEXT(2) 
PARAMETRIC_REPRESENTATION_CONTEXT() REPRESENTATION_CONTEXT('2D SPACE',''
  ) );
#12096 = ORIENTED_EDGE('',*,*,#12038,.T.);
#12097 = ORIENTED_EDGE('',*,*,#10530,.T.);
#12098 = ORIENTED_EDGE('',*,*,#12099,.F.);
#12099 = EDGE_CURVE('',#12063,#10531,#12100,.T.);
#12100 = SURFACE_CURVE('',#12101,(#12105,#12112),.PCURVE_S1.);
#12101 = LINE('',#12102,#12103);
#12102 = CARTESIAN_POINT('',(3.228515625,-7.217529296875,0.2));
#12103 = VECTOR('',#12104,1.);
#12104 = DIRECTION('',(0.,0.,-1.));
#12105 = PCURVE('',#10546,#12106);
#12106 = DEFINITIONAL_REPRESENTATION('',(#12107),#12111);
#12107 = LINE('',#12108,#12109);
#12108 = CARTESIAN_POINT('',(1.,0.));
#12109 = VECTOR('',#12110,1.);
#12110 = DIRECTION('',(0.,-1.));
#12111 = ( GEOMETRIC_REPRESENTATION_CONTEXT(2) 
PARAMETRIC_REPRESENTATION_CONTEXT() REPRESENTATION_CONTEXT('2D SPACE',''
  ) );
#12112 = PCURVE('',#10576,#12113);
#12113 = DEFINITIONAL_REPRESENTATION('',(#12114),#12118);
#12114 = LINE('',#12115,#12116);
#12115 = CARTESIAN_POINT('',(0.,0.));
#12116 = VECTOR('',#12117,1.);
#12117 = DIRECTION('',(0.,-1.));
#12118 = ( GEOMETRIC_REPRESENTATION_CONTEXT(2) 
PARAMETRIC_REPRESENTATION_CONTEXT() REPRESENTATION_CONTEXT('2D SPACE',''
  ) );
#12119 = ADVANCED_FACE('',(#12120),#10576,.T.);
#12120 = FACE_BOUND('',#12121,.T.);
#12121 = EDGE_LOOP('',(#12122,#12160,#12161,#12162));
#12122 = ORIENTED_EDGE('',*,*,#12123,.T.);
#12123 = EDGE_CURVE('',#12124,#12063,#12126,.T.);
#12124 = VERTEX_POINT('',#12125);
#12125 = CARTESIAN_POINT('',(3.364013671875,-7.322998046875,0.));
#12126 = SURFACE_CURVE('',#12127,(#12136,#12148),.PCURVE_S1.);
#12127 = B_SPLINE_CURVE_WITH_KNOTS('',4,(#12128,#12129,#12130,#12131,
    #12132,#12133,#12134,#12135),.UNSPECIFIED.,.F.,.F.,(5,3,5),(0.,
    0.31585422858,1.),.UNSPECIFIED.);
#12128 = CARTESIAN_POINT('',(3.364013671875,-7.322998046875,0.));
#12129 = CARTESIAN_POINT('',(3.356263112824,-7.311661408263,0.));
#12130 = CARTESIAN_POINT('',(3.347888495894,-7.300953978553,0.));
#12131 = CARTESIAN_POINT('',(3.338890210207,-7.290878886067,0.));
#12132 = CARTESIAN_POINT('',(3.308432543369,-7.260988480264,0.));
#12133 = CARTESIAN_POINT('',(3.284677293153,-7.243513953901,0.));
#12134 = CARTESIAN_POINT('',(3.258022511184,-7.22903198132,0.));
#12135 = CARTESIAN_POINT('',(3.228515625,-7.217529296875,0.));
#12136 = PCURVE('',#10576,#12137);
#12137 = DEFINITIONAL_REPRESENTATION('',(#12138),#12147);
#12138 = B_SPLINE_CURVE_WITH_KNOTS('',4,(#12139,#12140,#12141,#12142,
    #12143,#12144,#12145,#12146),.UNSPECIFIED.,.F.,.F.,(5,3,5),(0.,
    0.31585422858,1.),.UNSPECIFIED.);
#12139 = CARTESIAN_POINT('',(1.,-0.2));
#12140 = CARTESIAN_POINT('',(0.921029129672,-0.2));
#12141 = CARTESIAN_POINT('',(0.842029175928,-0.2));
#12142 = CARTESIAN_POINT('',(0.763014608117,-0.2));
#12143 = CARTESIAN_POINT('',(0.512852979848,-0.2));
#12144 = CARTESIAN_POINT('',(0.341705512404,-0.2));
#12145 = CARTESIAN_POINT('',(0.170706505383,-0.2));
#12146 = CARTESIAN_POINT('',(0.,-0.2));
#12147 = ( GEOMETRIC_REPRESENTATION_CONTEXT(2) 
PARAMETRIC_REPRESENTATION_CONTEXT() REPRESENTATION_CONTEXT('2D SPACE',''
  ) );
#12148 = PCURVE('',#11911,#12149);
#12149 = DEFINITIONAL_REPRESENTATION('',(#12150),#12159);
#12150 = B_SPLINE_CURVE_WITH_KNOTS('',4,(#12151,#12152,#12153,#12154,
    #12155,#12156,#12157,#12158),.UNSPECIFIED.,.F.,.F.,(5,3,5),(0.,
    0.31585422858,1.),.UNSPECIFIED.);
#12151 = CARTESIAN_POINT('',(20.364013671875,2.677001953125));
#12152 = CARTESIAN_POINT('',(20.356263112824,2.688338591737));
#12153 = CARTESIAN_POINT('',(20.347888495894,2.699046021447));
#12154 = CARTESIAN_POINT('',(20.338890210207,2.709121113933));
#12155 = CARTESIAN_POINT('',(20.308432543369,2.739011519736));
#12156 = CARTESIAN_POINT('',(20.284677293153,2.756486046099));
#12157 = CARTESIAN_POINT('',(20.258022511184,2.77096801868));
#12158 = CARTESIAN_POINT('',(20.228515625,2.782470703125));
#12159 = ( GEOMETRIC_REPRESENTATION_CONTEXT(2) 
PARAMETRIC_REPRESENTATION_CONTEXT() REPRESENTATION_CONTEXT('2D SPACE',''
  ) );
#12160 = ORIENTED_EDGE('',*,*,#12099,.T.);
#12161 = ORIENTED_EDGE('',*,*,#10560,.T.);
#12162 = ORIENTED_EDGE('',*,*,#12163,.F.);
#12163 = EDGE_CURVE('',#12124,#10561,#12164,.T.);
#12164 = SURFACE_CURVE('',#12165,(#12169,#12176),.PCURVE_S1.);
#12165 = LINE('',#12166,#12167);
#12166 = CARTESIAN_POINT('',(3.364013671875,-7.322998046875,0.2));
#12167 = VECTOR('',#12168,1.);
#12168 = DIRECTION('',(0.,0.,-1.));
#12169 = PCURVE('',#10576,#12170);
#12170 = DEFINITIONAL_REPRESENTATION('',(#12171),#12175);
#12171 = LINE('',#12172,#12173);
#12172 = CARTESIAN_POINT('',(1.,0.));
#12173 = VECTOR('',#12174,1.);
#12174 = DIRECTION('',(0.,-1.));
#12175 = ( GEOMETRIC_REPRESENTATION_CONTEXT(2) 
PARAMETRIC_REPRESENTATION_CONTEXT() REPRESENTATION_CONTEXT('2D SPACE',''
  ) );
#12176 = PCURVE('',#10606,#12177);
#12177 = DEFINITIONAL_REPRESENTATION('',(#12178),#12182);
#12178 = LINE('',#12179,#12180);
#12179 = CARTESIAN_POINT('',(0.,0.));
#12180 = VECTOR('',#12181,1.);
#12181 = DIRECTION('',(0.,-1.));
#12182 = ( GEOMETRIC_REPRESENTATION_CONTEXT(2) 
PARAMETRIC_REPRESENTATION_CONTEXT() REPRESENTATION_CONTEXT('2D SPACE',''
  ) );
#12183 = ADVANCED_FACE('',(#12184),#10606,.T.);
#12184 = FACE_BOUND('',#12185,.T.);
#12185 = EDGE_LOOP('',(#12186,#12224,#12225,#12226));
#12186 = ORIENTED_EDGE('',*,*,#12187,.T.);
#12187 = EDGE_CURVE('',#12188,#12124,#12190,.T.);
#12188 = VERTEX_POINT('',#12189);
#12189 = CARTESIAN_POINT('',(3.4130859375,-7.489990234375,0.));
#12190 = SURFACE_CURVE('',#12191,(#12200,#12212),.PCURVE_S1.);
#12191 = B_SPLINE_CURVE_WITH_KNOTS('',4,(#12192,#12193,#12194,#12195,
    #12196,#12197,#12198,#12199),.UNSPECIFIED.,.F.,.F.,(5,3,5),(0.,
    0.756178952678,1.),.UNSPECIFIED.);
#12192 = CARTESIAN_POINT('',(3.4130859375,-7.489990234375,0.));
#12193 = CARTESIAN_POINT('',(3.4130859375,-7.454077193863,0.));
#12194 = CARTESIAN_POINT('',(3.408431855552,-7.420309124724,0.));
#12195 = CARTESIAN_POINT('',(3.39907789671,-7.388746129251,0.));
#12196 = CARTESIAN_POINT('',(3.380512812921,-7.349965145567,0.));
#12197 = CARTESIAN_POINT('',(3.375499219873,-7.340742154306,0.));
#12198 = CARTESIAN_POINT('',(3.369999111931,-7.331752869644,0.));
#12199 = CARTESIAN_POINT('',(3.364013671875,-7.322998046875,0.));
#12200 = PCURVE('',#10606,#12201);
#12201 = DEFINITIONAL_REPRESENTATION('',(#12202),#12211);
#12202 = B_SPLINE_CURVE_WITH_KNOTS('',4,(#12203,#12204,#12205,#12206,
    #12207,#12208,#12209,#12210),.UNSPECIFIED.,.F.,.F.,(5,3,5),(0.,
    0.756178952678,1.),.UNSPECIFIED.);
#12203 = CARTESIAN_POINT('',(1.,-0.2));
#12204 = CARTESIAN_POINT('',(0.811410494952,-0.2));
#12205 = CARTESIAN_POINT('',(0.622412052947,-0.2));
#12206 = CARTESIAN_POINT('',(0.433205430922,-0.2));
#12207 = CARTESIAN_POINT('',(0.182992924673,-0.2));
#12208 = CARTESIAN_POINT('',(0.121985928775,-0.2));
#12209 = CARTESIAN_POINT('',(6.098597629445E-02,-0.2));
#12210 = CARTESIAN_POINT('',(0.,-0.2));
#12211 = ( GEOMETRIC_REPRESENTATION_CONTEXT(2) 
PARAMETRIC_REPRESENTATION_CONTEXT() REPRESENTATION_CONTEXT('2D SPACE',''
  ) );
#12212 = PCURVE('',#11911,#12213);
#12213 = DEFINITIONAL_REPRESENTATION('',(#12214),#12223);
#12214 = B_SPLINE_CURVE_WITH_KNOTS('',4,(#12215,#12216,#12217,#12218,
    #12219,#12220,#12221,#12222),.UNSPECIFIED.,.F.,.F.,(5,3,5),(0.,
    0.756178952678,1.),.UNSPECIFIED.);
#12215 = CARTESIAN_POINT('',(20.4130859375,2.510009765625));
#12216 = CARTESIAN_POINT('',(20.4130859375,2.545922806137));
#12217 = CARTESIAN_POINT('',(20.408431855552,2.579690875276));
#12218 = CARTESIAN_POINT('',(20.39907789671,2.611253870749));
#12219 = CARTESIAN_POINT('',(20.380512812921,2.650034854433));
#12220 = CARTESIAN_POINT('',(20.375499219873,2.659257845694));
#12221 = CARTESIAN_POINT('',(20.369999111931,2.668247130356));
#12222 = CARTESIAN_POINT('',(20.364013671875,2.677001953125));
#12223 = ( GEOMETRIC_REPRESENTATION_CONTEXT(2) 
PARAMETRIC_REPRESENTATION_CONTEXT() REPRESENTATION_CONTEXT('2D SPACE',''
  ) );
#12224 = ORIENTED_EDGE('',*,*,#12163,.T.);
#12225 = ORIENTED_EDGE('',*,*,#10590,.T.);
#12226 = ORIENTED_EDGE('',*,*,#12227,.F.);
#12227 = EDGE_CURVE('',#12188,#10591,#12228,.T.);
#12228 = SURFACE_CURVE('',#12229,(#12233,#12240),.PCURVE_S1.);
#12229 = LINE('',#12230,#12231);
#12230 = CARTESIAN_POINT('',(3.4130859375,-7.489990234375,0.2));
#12231 = VECTOR('',#12232,1.);
#12232 = DIRECTION('',(0.,0.,-1.));
#12233 = PCURVE('',#10606,#12234);
#12234 = DEFINITIONAL_REPRESENTATION('',(#12235),#12239);
#12235 = LINE('',#12236,#12237);
#12236 = CARTESIAN_POINT('',(1.,0.));
#12237 = VECTOR('',#12238,1.);
#12238 = DIRECTION('',(0.,-1.));
#12239 = ( GEOMETRIC_REPRESENTATION_CONTEXT(2) 
PARAMETRIC_REPRESENTATION_CONTEXT() REPRESENTATION_CONTEXT('2D SPACE',''
  ) );
#12240 = PCURVE('',#10636,#12241);
#12241 = DEFINITIONAL_REPRESENTATION('',(#12242),#12246);
#12242 = LINE('',#12243,#12244);
#12243 = CARTESIAN_POINT('',(0.,0.));
#12244 = VECTOR('',#12245,1.);
#12245 = DIRECTION('',(0.,-1.));
#12246 = ( GEOMETRIC_REPRESENTATION_CONTEXT(2) 
PARAMETRIC_REPRESENTATION_CONTEXT() REPRESENTATION_CONTEXT('2D SPACE',''
  ) );
#12247 = ADVANCED_FACE('',(#12248),#10636,.T.);
#12248 = FACE_BOUND('',#12249,.T.);
#12249 = EDGE_LOOP('',(#12250,#12288,#12289,#12290));
#12250 = ORIENTED_EDGE('',*,*,#12251,.T.);
#12251 = EDGE_CURVE('',#12252,#12188,#12254,.T.);
#12252 = VERTEX_POINT('',#12253);
#12253 = CARTESIAN_POINT('',(3.34423828125,-7.683349609375,0.));
#12254 = SURFACE_CURVE('',#12255,(#12264,#12276),.PCURVE_S1.);
#12255 = B_SPLINE_CURVE_WITH_KNOTS('',4,(#12256,#12257,#12258,#12259,
    #12260,#12261,#12262,#12263),.UNSPECIFIED.,.F.,.F.,(5,3,5),(0.,
    0.25161617744,1.),.UNSPECIFIED.);
#12256 = CARTESIAN_POINT('',(3.34423828125,-7.683349609375,0.));
#12257 = CARTESIAN_POINT('',(3.35290856908,-7.673756950499,0.));
#12258 = CARTESIAN_POINT('',(3.360855447931,-7.663725638762,0.));
#12259 = CARTESIAN_POINT('',(3.368074957892,-7.653257145762,0.));
#12260 = CARTESIAN_POINT('',(3.393869962853,-7.609925998505,0.));
#12261 = CARTESIAN_POINT('',(3.406724637659,-7.573654894364,0.));
#12262 = CARTESIAN_POINT('',(3.4130859375,-7.533618517312,0.));
#12263 = CARTESIAN_POINT('',(3.4130859375,-7.489990234375,0.));
#12264 = PCURVE('',#10636,#12265);
#12265 = DEFINITIONAL_REPRESENTATION('',(#12266),#12275);
#12266 = B_SPLINE_CURVE_WITH_KNOTS('',4,(#12267,#12268,#12269,#12270,
    #12271,#12272,#12273,#12274),.UNSPECIFIED.,.F.,.F.,(5,3,5),(0.,
    0.25161617744,1.),.UNSPECIFIED.);
#12267 = CARTESIAN_POINT('',(1.,-0.2));
#12268 = CARTESIAN_POINT('',(0.937032803277,-0.2));
#12269 = CARTESIAN_POINT('',(0.874032813767,-0.2));
#12270 = CARTESIAN_POINT('',(0.811016375757,-0.2));
#12271 = CARTESIAN_POINT('',(0.560569936271,-0.2));
#12272 = CARTESIAN_POINT('',(0.373138647605,-0.2));
#12273 = CARTESIAN_POINT('',(0.186147340529,-0.2));
#12274 = CARTESIAN_POINT('',(0.,-0.2));
#12275 = ( GEOMETRIC_REPRESENTATION_CONTEXT(2) 
PARAMETRIC_REPRESENTATION_CONTEXT() REPRESENTATION_CONTEXT('2D SPACE',''
  ) );
#12276 = PCURVE('',#11911,#12277);
#12277 = DEFINITIONAL_REPRESENTATION('',(#12278),#12287);
#12278 = B_SPLINE_CURVE_WITH_KNOTS('',4,(#12279,#12280,#12281,#12282,
    #12283,#12284,#12285,#12286),.UNSPECIFIED.,.F.,.F.,(5,3,5),(0.,
    0.25161617744,1.),.UNSPECIFIED.);
#12279 = CARTESIAN_POINT('',(20.34423828125,2.316650390625));
#12280 = CARTESIAN_POINT('',(20.35290856908,2.326243049501));
#12281 = CARTESIAN_POINT('',(20.360855447931,2.336274361238));
#12282 = CARTESIAN_POINT('',(20.368074957892,2.346742854238));
#12283 = CARTESIAN_POINT('',(20.393869962853,2.390074001495));
#12284 = CARTESIAN_POINT('',(20.406724637659,2.426345105636));
#12285 = CARTESIAN_POINT('',(20.4130859375,2.466381482688));
#12286 = CARTESIAN_POINT('',(20.4130859375,2.510009765625));
#12287 = ( GEOMETRIC_REPRESENTATION_CONTEXT(2) 
PARAMETRIC_REPRESENTATION_CONTEXT() REPRESENTATION_CONTEXT('2D SPACE',''
  ) );
#12288 = ORIENTED_EDGE('',*,*,#12227,.T.);
#12289 = ORIENTED_EDGE('',*,*,#10620,.T.);
#12290 = ORIENTED_EDGE('',*,*,#12291,.F.);
#12291 = EDGE_CURVE('',#12252,#10621,#12292,.T.);
#12292 = SURFACE_CURVE('',#12293,(#12297,#12304),.PCURVE_S1.);
#12293 = LINE('',#12294,#12295);
#12294 = CARTESIAN_POINT('',(3.34423828125,-7.683349609375,0.2));
#12295 = VECTOR('',#12296,1.);
#12296 = DIRECTION('',(0.,0.,-1.));
#12297 = PCURVE('',#10636,#12298);
#12298 = DEFINITIONAL_REPRESENTATION('',(#12299),#12303);
#12299 = LINE('',#12300,#12301);
#12300 = CARTESIAN_POINT('',(1.,0.));
#12301 = VECTOR('',#12302,1.);
#12302 = DIRECTION('',(0.,-1.));
#12303 = ( GEOMETRIC_REPRESENTATION_CONTEXT(2) 
PARAMETRIC_REPRESENTATION_CONTEXT() REPRESENTATION_CONTEXT('2D SPACE',''
  ) );
#12304 = PCURVE('',#10666,#12305);
#12305 = DEFINITIONAL_REPRESENTATION('',(#12306),#12310);
#12306 = LINE('',#12307,#12308);
#12307 = CARTESIAN_POINT('',(0.,0.));
#12308 = VECTOR('',#12309,1.);
#12309 = DIRECTION('',(0.,-1.));
#12310 = ( GEOMETRIC_REPRESENTATION_CONTEXT(2) 
PARAMETRIC_REPRESENTATION_CONTEXT() REPRESENTATION_CONTEXT('2D SPACE',''
  ) );
#12311 = ADVANCED_FACE('',(#12312),#10666,.T.);
#12312 = FACE_BOUND('',#12313,.T.);
#12313 = EDGE_LOOP('',(#12314,#12352,#12353,#12354));
#12314 = ORIENTED_EDGE('',*,*,#12315,.T.);
#12315 = EDGE_CURVE('',#12316,#12252,#12318,.T.);
#12316 = VERTEX_POINT('',#12317);
#12317 = CARTESIAN_POINT('',(3.169921875,-7.778564453125,0.));
#12318 = SURFACE_CURVE('',#12319,(#12328,#12340),.PCURVE_S1.);
#12319 = B_SPLINE_CURVE_WITH_KNOTS('',4,(#12320,#12321,#12322,#12323,
    #12324,#12325,#12326,#12327),.UNSPECIFIED.,.F.,.F.,(5,3,5),(0.,
    0.604143427486,1.),.UNSPECIFIED.);
#12320 = CARTESIAN_POINT('',(3.169921875,-7.778564453125,0.));
#12321 = CARTESIAN_POINT('',(3.201705379317,-7.772825764846,0.));
#12322 = CARTESIAN_POINT('',(3.231339582185,-7.763616114317,0.));
#12323 = CARTESIAN_POINT('',(3.258769690858,-7.750908030422,0.));
#12324 = CARTESIAN_POINT('',(3.300479112922,-7.724111376063,0.));
#12325 = CARTESIAN_POINT('',(3.316031983613,-7.712009253823,0.));
#12326 = CARTESIAN_POINT('',(3.330619117959,-7.698417619825,0.));
#12327 = CARTESIAN_POINT('',(3.34423828125,-7.683349609375,0.));
#12328 = PCURVE('',#10666,#12329);
#12329 = DEFINITIONAL_REPRESENTATION('',(#12330),#12339);
#12330 = B_SPLINE_CURVE_WITH_KNOTS('',4,(#12331,#12332,#12333,#12334,
    #12335,#12336,#12337,#12338),.UNSPECIFIED.,.F.,.F.,(5,3,5),(0.,
    0.604143427486,1.),.UNSPECIFIED.);
#12331 = CARTESIAN_POINT('',(1.,-0.2));
#12332 = CARTESIAN_POINT('',(0.849322646201,-0.2));
#12333 = CARTESIAN_POINT('',(0.698323754909,-0.2));
#12334 = CARTESIAN_POINT('',(0.547161315532,-0.2));
#12335 = CARTESIAN_POINT('',(0.29695365183,-0.2));
#12336 = CARTESIAN_POINT('',(0.197907607225,-0.2));
#12337 = CARTESIAN_POINT('',(9.890796603122E-02,-0.2));
#12338 = CARTESIAN_POINT('',(0.,-0.2));
#12339 = ( GEOMETRIC_REPRESENTATION_CONTEXT(2) 
PARAMETRIC_REPRESENTATION_CONTEXT() REPRESENTATION_CONTEXT('2D SPACE',''
  ) );
#12340 = PCURVE('',#11911,#12341);
#12341 = DEFINITIONAL_REPRESENTATION('',(#12342),#12351);
#12342 = B_SPLINE_CURVE_WITH_KNOTS('',4,(#12343,#12344,#12345,#12346,
    #12347,#12348,#12349,#12350),.UNSPECIFIED.,.F.,.F.,(5,3,5),(0.,
    0.604143427486,1.),.UNSPECIFIED.);
#12343 = CARTESIAN_POINT('',(20.169921875,2.221435546875));
#12344 = CARTESIAN_POINT('',(20.201705379317,2.227174235154));
#12345 = CARTESIAN_POINT('',(20.231339582185,2.236383885683));
#12346 = CARTESIAN_POINT('',(20.258769690858,2.249091969578));
#12347 = CARTESIAN_POINT('',(20.300479112922,2.275888623937));
#12348 = CARTESIAN_POINT('',(20.316031983613,2.287990746177));
#12349 = CARTESIAN_POINT('',(20.330619117959,2.301582380175));
#12350 = CARTESIAN_POINT('',(20.34423828125,2.316650390625));
#12351 = ( GEOMETRIC_REPRESENTATION_CONTEXT(2) 
PARAMETRIC_REPRESENTATION_CONTEXT() REPRESENTATION_CONTEXT('2D SPACE',''
  ) );
#12352 = ORIENTED_EDGE('',*,*,#12291,.T.);
#12353 = ORIENTED_EDGE('',*,*,#10650,.T.);
#12354 = ORIENTED_EDGE('',*,*,#12355,.F.);
#12355 = EDGE_CURVE('',#12316,#10651,#12356,.T.);
#12356 = SURFACE_CURVE('',#12357,(#12361,#12368),.PCURVE_S1.);
#12357 = LINE('',#12358,#12359);
#12358 = CARTESIAN_POINT('',(3.169921875,-7.778564453125,0.2));
#12359 = VECTOR('',#12360,1.);
#12360 = DIRECTION('',(0.,0.,-1.));
#12361 = PCURVE('',#10666,#12362);
#12362 = DEFINITIONAL_REPRESENTATION('',(#12363),#12367);
#12363 = LINE('',#12364,#12365);
#12364 = CARTESIAN_POINT('',(1.,0.));
#12365 = VECTOR('',#12366,1.);
#12366 = DIRECTION('',(0.,-1.));
#12367 = ( GEOMETRIC_REPRESENTATION_CONTEXT(2) 
PARAMETRIC_REPRESENTATION_CONTEXT() REPRESENTATION_CONTEXT('2D SPACE',''
  ) );
#12368 = PCURVE('',#10694,#12369);
#12369 = DEFINITIONAL_REPRESENTATION('',(#12370),#12374);
#12370 = LINE('',#12371,#12372);
#12371 = CARTESIAN_POINT('',(0.,0.));
#12372 = VECTOR('',#12373,1.);
#12373 = DIRECTION('',(0.,-1.));
#12374 = ( GEOMETRIC_REPRESENTATION_CONTEXT(2) 
PARAMETRIC_REPRESENTATION_CONTEXT() REPRESENTATION_CONTEXT('2D SPACE',''
  ) );
#12375 = ADVANCED_FACE('',(#12376),#10694,.T.);
#12376 = FACE_BOUND('',#12377,.T.);
#12377 = EDGE_LOOP('',(#12378,#12411,#12412,#12413));
#12378 = ORIENTED_EDGE('',*,*,#12379,.T.);
#12379 = EDGE_CURVE('',#11895,#12316,#12380,.T.);
#12380 = SURFACE_CURVE('',#12381,(#12389,#12400),.PCURVE_S1.);
#12381 = B_SPLINE_CURVE_WITH_KNOTS('',6,(#12382,#12383,#12384,#12385,
    #12386,#12387,#12388),.UNSPECIFIED.,.F.,.F.,(7,7),(0.,1.),
  .PIECEWISE_BEZIER_KNOTS.);
#12382 = CARTESIAN_POINT('',(2.85791015625,-7.793212890625,0.));
#12383 = CARTESIAN_POINT('',(2.932269381702,-7.793212890625,0.));
#12384 = CARTESIAN_POINT('',(2.998878219565,-7.792328207562,0.));
#12385 = CARTESIAN_POINT('',(3.056827062948,-7.790482265217,0.));
#12386 = CARTESIAN_POINT('',(3.105171420508,-7.787602833915,0.));
#12387 = CARTESIAN_POINT('',(3.143050051379,-7.783634608525,0.));
#12388 = CARTESIAN_POINT('',(3.169921875,-7.778564453125,0.));
#12389 = PCURVE('',#10694,#12390);
#12390 = DEFINITIONAL_REPRESENTATION('',(#12391),#12399);
#12391 = B_SPLINE_CURVE_WITH_KNOTS('',6,(#12392,#12393,#12394,#12395,
    #12396,#12397,#12398),.UNSPECIFIED.,.F.,.F.,(7,7),(0.,1.),
  .PIECEWISE_BEZIER_KNOTS.);
#12392 = CARTESIAN_POINT('',(1.,-0.2));
#12393 = CARTESIAN_POINT('',(0.841366985702,-0.2));
#12394 = CARTESIAN_POINT('',(0.6790737662,-0.2));
#12395 = CARTESIAN_POINT('',(0.513312856407,-0.2));
#12396 = CARTESIAN_POINT('',(0.344450408406,-0.2));
#12397 = CARTESIAN_POINT('',(0.173061304329,-0.2));
#12398 = CARTESIAN_POINT('',(0.,-0.2));
#12399 = ( GEOMETRIC_REPRESENTATION_CONTEXT(2) 
PARAMETRIC_REPRESENTATION_CONTEXT() REPRESENTATION_CONTEXT('2D SPACE',''
  ) );
#12400 = PCURVE('',#11911,#12401);
#12401 = DEFINITIONAL_REPRESENTATION('',(#12402),#12410);
#12402 = B_SPLINE_CURVE_WITH_KNOTS('',6,(#12403,#12404,#12405,#12406,
    #12407,#12408,#12409),.UNSPECIFIED.,.F.,.F.,(7,7),(0.,1.),
  .PIECEWISE_BEZIER_KNOTS.);
#12403 = CARTESIAN_POINT('',(19.85791015625,2.206787109375));
#12404 = CARTESIAN_POINT('',(19.932269381702,2.206787109375));
#12405 = CARTESIAN_POINT('',(19.998878219565,2.207671792438));
#12406 = CARTESIAN_POINT('',(20.056827062948,2.209517734783));
#12407 = CARTESIAN_POINT('',(20.105171420508,2.212397166085));
#12408 = CARTESIAN_POINT('',(20.143050051379,2.216365391475));
#12409 = CARTESIAN_POINT('',(20.169921875,2.221435546875));
#12410 = ( GEOMETRIC_REPRESENTATION_CONTEXT(2) 
PARAMETRIC_REPRESENTATION_CONTEXT() REPRESENTATION_CONTEXT('2D SPACE',''
  ) );
#12411 = ORIENTED_EDGE('',*,*,#12355,.T.);
#12412 = ORIENTED_EDGE('',*,*,#10680,.T.);
#12413 = ORIENTED_EDGE('',*,*,#11922,.F.);
#12414 = ADVANCED_FACE('',(#12415),#10739,.T.);
#12415 = FACE_BOUND('',#12416,.T.);
#12416 = EDGE_LOOP('',(#12417,#12462,#12483,#12484));
#12417 = ORIENTED_EDGE('',*,*,#12418,.T.);
#12418 = EDGE_CURVE('',#12419,#12421,#12423,.T.);
#12419 = VERTEX_POINT('',#12420);
#12420 = CARTESIAN_POINT('',(5.6865234375,-7.7763671875,0.));
#12421 = VERTEX_POINT('',#12422);
#12422 = CARTESIAN_POINT('',(5.81982421875,-7.823974609375,0.));
#12423 = SURFACE_CURVE('',#12424,(#12433,#12445),.PCURVE_S1.);
#12424 = B_SPLINE_CURVE_WITH_KNOTS('',4,(#12425,#12426,#12427,#12428,
    #12429,#12430,#12431,#12432),.UNSPECIFIED.,.F.,.F.,(5,3,5),(0.,
    0.524019079144,1.),.UNSPECIFIED.);
#12425 = CARTESIAN_POINT('',(5.6865234375,-7.7763671875,0.));
#12426 = CARTESIAN_POINT('',(5.701861131839,-7.78882906415,0.));
#12427 = CARTESIAN_POINT('',(5.717948727417,-7.799127489243,0.));
#12428 = CARTESIAN_POINT('',(5.734782351824,-7.807248011587,0.));
#12429 = CARTESIAN_POINT('',(5.768314825522,-7.818583283156,0.));
#12430 = CARTESIAN_POINT('',(5.784884572083,-7.822179517958,0.));
#12431 = CARTESIAN_POINT('',(5.802057246998,-7.823974609375,0.));
#12432 = CARTESIAN_POINT('',(5.81982421875,-7.823974609375,0.));
#12433 = PCURVE('',#10739,#12434);
#12434 = DEFINITIONAL_REPRESENTATION('',(#12435),#12444);
#12435 = B_SPLINE_CURVE_WITH_KNOTS('',4,(#12436,#12437,#12438,#12439,
    #12440,#12441,#12442,#12443),.UNSPECIFIED.,.F.,.F.,(5,3,5),(0.,
    0.524019079144,1.),.UNSPECIFIED.);
#12436 = CARTESIAN_POINT('',(1.,-0.2));
#12437 = CARTESIAN_POINT('',(0.869118341643,-0.2));
#12438 = CARTESIAN_POINT('',(0.738118514378,-0.2));
#12439 = CARTESIAN_POINT('',(0.607059171198,-0.2));
#12440 = CARTESIAN_POINT('',(0.35695535549,-0.2));
#12441 = CARTESIAN_POINT('',(0.237910779449,-0.2));
#12442 = CARTESIAN_POINT('',(0.118910974338,-0.2));
#12443 = CARTESIAN_POINT('',(0.,-0.2));
#12444 = ( GEOMETRIC_REPRESENTATION_CONTEXT(2) 
PARAMETRIC_REPRESENTATION_CONTEXT() REPRESENTATION_CONTEXT('2D SPACE',''
  ) );
#12445 = PCURVE('',#12446,#12451);
#12446 = PLANE('',#12447);
#12447 = AXIS2_PLACEMENT_3D('',#12448,#12449,#12450);
#12448 = CARTESIAN_POINT('',(-17.,-10.,0.));
#12449 = DIRECTION('',(0.,0.,1.));
#12450 = DIRECTION('',(1.,0.,0.));
#12451 = DEFINITIONAL_REPRESENTATION('',(#12452),#12461);
#12452 = B_SPLINE_CURVE_WITH_KNOTS('',4,(#12453,#12454,#12455,#12456,
    #12457,#12458,#12459,#12460),.UNSPECIFIED.,.F.,.F.,(5,3,5),(0.,
    0.524019079144,1.),.UNSPECIFIED.);
#12453 = CARTESIAN_POINT('',(22.6865234375,2.2236328125));
#12454 = CARTESIAN_POINT('',(22.701861131839,2.21117093585));
#12455 = CARTESIAN_POINT('',(22.717948727417,2.200872510757));
#12456 = CARTESIAN_POINT('',(22.734782351824,2.192751988413));
#12457 = CARTESIAN_POINT('',(22.768314825522,2.181416716844));
#12458 = CARTESIAN_POINT('',(22.784884572083,2.177820482042));
#12459 = CARTESIAN_POINT('',(22.802057246998,2.176025390625));
#12460 = CARTESIAN_POINT('',(22.81982421875,2.176025390625));
#12461 = ( GEOMETRIC_REPRESENTATION_CONTEXT(2) 
PARAMETRIC_REPRESENTATION_CONTEXT() REPRESENTATION_CONTEXT('2D SPACE',''
  ) );
#12462 = ORIENTED_EDGE('',*,*,#12463,.T.);
#12463 = EDGE_CURVE('',#12421,#10722,#12464,.T.);
#12464 = SURFACE_CURVE('',#12465,(#12469,#12476),.PCURVE_S1.);
#12465 = LINE('',#12466,#12467);
#12466 = CARTESIAN_POINT('',(5.81982421875,-7.823974609375,0.2));
#12467 = VECTOR('',#12468,1.);
#12468 = DIRECTION('',(0.,0.,-1.));
#12469 = PCURVE('',#10739,#12470);
#12470 = DEFINITIONAL_REPRESENTATION('',(#12471),#12475);
#12471 = LINE('',#12472,#12473);
#12472 = CARTESIAN_POINT('',(0.,0.));
#12473 = VECTOR('',#12474,1.);
#12474 = DIRECTION('',(0.,-1.));
#12475 = ( GEOMETRIC_REPRESENTATION_CONTEXT(2) 
PARAMETRIC_REPRESENTATION_CONTEXT() REPRESENTATION_CONTEXT('2D SPACE',''
  ) );
#12476 = PCURVE('',#11067,#12477);
#12477 = DEFINITIONAL_REPRESENTATION('',(#12478),#12482);
#12478 = LINE('',#12479,#12480);
#12479 = CARTESIAN_POINT('',(1.,0.));
#12480 = VECTOR('',#12481,1.);
#12481 = DIRECTION('',(0.,-1.));
#12482 = ( GEOMETRIC_REPRESENTATION_CONTEXT(2) 
PARAMETRIC_REPRESENTATION_CONTEXT() REPRESENTATION_CONTEXT('2D SPACE',''
  ) );
#12483 = ORIENTED_EDGE('',*,*,#10721,.T.);
#12484 = ORIENTED_EDGE('',*,*,#12485,.F.);
#12485 = EDGE_CURVE('',#12419,#10724,#12486,.T.);
#12486 = SURFACE_CURVE('',#12487,(#12491,#12498),.PCURVE_S1.);
#12487 = LINE('',#12488,#12489);
#12488 = CARTESIAN_POINT('',(5.6865234375,-7.7763671875,0.2));
#12489 = VECTOR('',#12490,1.);
#12490 = DIRECTION('',(0.,0.,-1.));
#12491 = PCURVE('',#10739,#12492);
#12492 = DEFINITIONAL_REPRESENTATION('',(#12493),#12497);
#12493 = LINE('',#12494,#12495);
#12494 = CARTESIAN_POINT('',(1.,0.));
#12495 = VECTOR('',#12496,1.);
#12496 = DIRECTION('',(0.,-1.));
#12497 = ( GEOMETRIC_REPRESENTATION_CONTEXT(2) 
PARAMETRIC_REPRESENTATION_CONTEXT() REPRESENTATION_CONTEXT('2D SPACE',''
  ) );
#12498 = PCURVE('',#10769,#12499);
#12499 = DEFINITIONAL_REPRESENTATION('',(#12500),#12504);
#12500 = LINE('',#12501,#12502);
#12501 = CARTESIAN_POINT('',(0.,0.));
#12502 = VECTOR('',#12503,1.);
#12503 = DIRECTION('',(0.,-1.));
#12504 = ( GEOMETRIC_REPRESENTATION_CONTEXT(2) 
PARAMETRIC_REPRESENTATION_CONTEXT() REPRESENTATION_CONTEXT('2D SPACE',''
  ) );
#12505 = ADVANCED_FACE('',(#12506),#10769,.T.);
#12506 = FACE_BOUND('',#12507,.T.);
#12507 = EDGE_LOOP('',(#12508,#12540,#12541,#12542));
#12508 = ORIENTED_EDGE('',*,*,#12509,.T.);
#12509 = EDGE_CURVE('',#12510,#12419,#12512,.T.);
#12510 = VERTEX_POINT('',#12511);
#12511 = CARTESIAN_POINT('',(5.595703125,-7.605712890625,0.));
#12512 = SURFACE_CURVE('',#12513,(#12520,#12530),.PCURVE_S1.);
#12513 = B_SPLINE_CURVE_WITH_KNOTS('',5,(#12514,#12515,#12516,#12517,
    #12518,#12519),.UNSPECIFIED.,.F.,.F.,(6,6),(0.,1.),
  .PIECEWISE_BEZIER_KNOTS.);
#12514 = CARTESIAN_POINT('',(5.595703125,-7.605712890625,0.));
#12515 = CARTESIAN_POINT('',(5.608439892873,-7.654344186141,0.));
#12516 = CARTESIAN_POINT('',(5.623850786713,-7.695992248388,0.));
#12517 = CARTESIAN_POINT('',(5.641995145485,-7.730343916256,0.));
#12518 = CARTESIAN_POINT('',(5.662895855404,-7.757169777047,0.));
#12519 = CARTESIAN_POINT('',(5.6865234375,-7.7763671875,0.));
#12520 = PCURVE('',#10769,#12521);
#12521 = DEFINITIONAL_REPRESENTATION('',(#12522),#12529);
#12522 = B_SPLINE_CURVE_WITH_KNOTS('',5,(#12523,#12524,#12525,#12526,
    #12527,#12528),.UNSPECIFIED.,.F.,.F.,(6,6),(0.,1.),
  .PIECEWISE_BEZIER_KNOTS.);
#12523 = CARTESIAN_POINT('',(1.,-0.2));
#12524 = CARTESIAN_POINT('',(0.802387116632,-0.2));
#12525 = CARTESIAN_POINT('',(0.603223161895,-0.2));
#12526 = CARTESIAN_POINT('',(0.40284120268,-0.2));
#12527 = CARTESIAN_POINT('',(0.201622033882,-0.2));
#12528 = CARTESIAN_POINT('',(0.,-0.2));
#12529 = ( GEOMETRIC_REPRESENTATION_CONTEXT(2) 
PARAMETRIC_REPRESENTATION_CONTEXT() REPRESENTATION_CONTEXT('2D SPACE',''
  ) );
#12530 = PCURVE('',#12446,#12531);
#12531 = DEFINITIONAL_REPRESENTATION('',(#12532),#12539);
#12532 = B_SPLINE_CURVE_WITH_KNOTS('',5,(#12533,#12534,#12535,#12536,
    #12537,#12538),.UNSPECIFIED.,.F.,.F.,(6,6),(0.,1.),
  .PIECEWISE_BEZIER_KNOTS.);
#12533 = CARTESIAN_POINT('',(22.595703125,2.394287109375));
#12534 = CARTESIAN_POINT('',(22.608439892873,2.345655813859));
#12535 = CARTESIAN_POINT('',(22.623850786713,2.304007751612));
#12536 = CARTESIAN_POINT('',(22.641995145485,2.269656083744));
#12537 = CARTESIAN_POINT('',(22.662895855404,2.242830222953));
#12538 = CARTESIAN_POINT('',(22.6865234375,2.2236328125));
#12539 = ( GEOMETRIC_REPRESENTATION_CONTEXT(2) 
PARAMETRIC_REPRESENTATION_CONTEXT() REPRESENTATION_CONTEXT('2D SPACE',''
  ) );
#12540 = ORIENTED_EDGE('',*,*,#12485,.T.);
#12541 = ORIENTED_EDGE('',*,*,#10753,.T.);
#12542 = ORIENTED_EDGE('',*,*,#12543,.F.);
#12543 = EDGE_CURVE('',#12510,#10754,#12544,.T.);
#12544 = SURFACE_CURVE('',#12545,(#12549,#12556),.PCURVE_S1.);
#12545 = LINE('',#12546,#12547);
#12546 = CARTESIAN_POINT('',(5.595703125,-7.605712890625,0.2));
#12547 = VECTOR('',#12548,1.);
#12548 = DIRECTION('',(0.,0.,-1.));
#12549 = PCURVE('',#10769,#12550);
#12550 = DEFINITIONAL_REPRESENTATION('',(#12551),#12555);
#12551 = LINE('',#12552,#12553);
#12552 = CARTESIAN_POINT('',(1.,0.));
#12553 = VECTOR('',#12554,1.);
#12554 = DIRECTION('',(0.,-1.));
#12555 = ( GEOMETRIC_REPRESENTATION_CONTEXT(2) 
PARAMETRIC_REPRESENTATION_CONTEXT() REPRESENTATION_CONTEXT('2D SPACE',''
  ) );
#12556 = PCURVE('',#10799,#12557);
#12557 = DEFINITIONAL_REPRESENTATION('',(#12558),#12562);
#12558 = LINE('',#12559,#12560);
#12559 = CARTESIAN_POINT('',(0.,0.));
#12560 = VECTOR('',#12561,1.);
#12561 = DIRECTION('',(0.,-1.));
#12562 = ( GEOMETRIC_REPRESENTATION_CONTEXT(2) 
PARAMETRIC_REPRESENTATION_CONTEXT() REPRESENTATION_CONTEXT('2D SPACE',''
  ) );
#12563 = ADVANCED_FACE('',(#12564),#10799,.T.);
#12564 = FACE_BOUND('',#12565,.T.);
#12565 = EDGE_LOOP('',(#12566,#12601,#12602,#12603));
#12566 = ORIENTED_EDGE('',*,*,#12567,.T.);
#12567 = EDGE_CURVE('',#12568,#12510,#12570,.T.);
#12568 = VERTEX_POINT('',#12569);
#12569 = CARTESIAN_POINT('',(5.55322265625,-7.068115234375,0.));
#12570 = SURFACE_CURVE('',#12571,(#12579,#12590),.PCURVE_S1.);
#12571 = B_SPLINE_CURVE_WITH_KNOTS('',6,(#12572,#12573,#12574,#12575,
    #12576,#12577,#12578),.UNSPECIFIED.,.F.,.F.,(7,7),(0.,1.),
  .PIECEWISE_BEZIER_KNOTS.);
#12572 = CARTESIAN_POINT('',(5.55322265625,-7.068115234375,0.));
#12573 = CARTESIAN_POINT('',(5.55322265625,-7.182870485172,0.));
#12574 = CARTESIAN_POINT('',(5.555572385352,-7.289925715562,0.));
#12575 = CARTESIAN_POINT('',(5.560609301653,-7.387857835094,0.));
#12576 = CARTESIAN_POINT('',(5.568727313229,-7.474690019599,0.));
#12577 = CARTESIAN_POINT('',(5.580347483657,-7.547996859371,0.));
#12578 = CARTESIAN_POINT('',(5.595703125,-7.605712890625,0.));
#12579 = PCURVE('',#10799,#12580);
#12580 = DEFINITIONAL_REPRESENTATION('',(#12581),#12589);
#12581 = B_SPLINE_CURVE_WITH_KNOTS('',6,(#12582,#12583,#12584,#12585,
    #12586,#12587,#12588),.UNSPECIFIED.,.F.,.F.,(7,7),(0.,1.),
  .PIECEWISE_BEZIER_KNOTS.);
#12582 = CARTESIAN_POINT('',(1.,-0.2));
#12583 = CARTESIAN_POINT('',(0.848179099721,-0.2));
#12584 = CARTESIAN_POINT('',(0.69057309468,-0.2));
#12585 = CARTESIAN_POINT('',(0.526770868751,-0.2));
#12586 = CARTESIAN_POINT('',(0.356710177081,-0.2));
#12587 = CARTESIAN_POINT('',(0.18073766362,-0.2));
#12588 = CARTESIAN_POINT('',(0.,-0.2));
#12589 = ( GEOMETRIC_REPRESENTATION_CONTEXT(2) 
PARAMETRIC_REPRESENTATION_CONTEXT() REPRESENTATION_CONTEXT('2D SPACE',''
  ) );
#12590 = PCURVE('',#12446,#12591);
#12591 = DEFINITIONAL_REPRESENTATION('',(#12592),#12600);
#12592 = B_SPLINE_CURVE_WITH_KNOTS('',6,(#12593,#12594,#12595,#12596,
    #12597,#12598,#12599),.UNSPECIFIED.,.F.,.F.,(7,7),(0.,1.),
  .PIECEWISE_BEZIER_KNOTS.);
#12593 = CARTESIAN_POINT('',(22.55322265625,2.931884765625));
#12594 = CARTESIAN_POINT('',(22.55322265625,2.817129514828));
#12595 = CARTESIAN_POINT('',(22.555572385352,2.710074284438));
#12596 = CARTESIAN_POINT('',(22.560609301653,2.612142164906));
#12597 = CARTESIAN_POINT('',(22.568727313229,2.525309980401));
#12598 = CARTESIAN_POINT('',(22.580347483657,2.452003140629));
#12599 = CARTESIAN_POINT('',(22.595703125,2.394287109375));
#12600 = ( GEOMETRIC_REPRESENTATION_CONTEXT(2) 
PARAMETRIC_REPRESENTATION_CONTEXT() REPRESENTATION_CONTEXT('2D SPACE',''
  ) );
#12601 = ORIENTED_EDGE('',*,*,#12543,.T.);
#12602 = ORIENTED_EDGE('',*,*,#10783,.T.);
#12603 = ORIENTED_EDGE('',*,*,#12604,.F.);
#12604 = EDGE_CURVE('',#12568,#10784,#12605,.T.);
#12605 = SURFACE_CURVE('',#12606,(#12610,#12617),.PCURVE_S1.);
#12606 = LINE('',#12607,#12608);
#12607 = CARTESIAN_POINT('',(5.55322265625,-7.068115234375,0.2));
#12608 = VECTOR('',#12609,1.);
#12609 = DIRECTION('',(0.,0.,-1.));
#12610 = PCURVE('',#10799,#12611);
#12611 = DEFINITIONAL_REPRESENTATION('',(#12612),#12616);
#12612 = LINE('',#12613,#12614);
#12613 = CARTESIAN_POINT('',(1.,0.));
#12614 = VECTOR('',#12615,1.);
#12615 = DIRECTION('',(0.,-1.));
#12616 = ( GEOMETRIC_REPRESENTATION_CONTEXT(2) 
PARAMETRIC_REPRESENTATION_CONTEXT() REPRESENTATION_CONTEXT('2D SPACE',''
  ) );
#12617 = PCURVE('',#10829,#12618);
#12618 = DEFINITIONAL_REPRESENTATION('',(#12619),#12623);
#12619 = LINE('',#12620,#12621);
#12620 = CARTESIAN_POINT('',(0.,0.));
#12621 = VECTOR('',#12622,1.);
#12622 = DIRECTION('',(0.,-1.));
#12623 = ( GEOMETRIC_REPRESENTATION_CONTEXT(2) 
PARAMETRIC_REPRESENTATION_CONTEXT() REPRESENTATION_CONTEXT('2D SPACE',''
  ) );
#12624 = ADVANCED_FACE('',(#12625),#10829,.T.);
#12625 = FACE_BOUND('',#12626,.T.);
#12626 = EDGE_LOOP('',(#12627,#12665,#12666,#12667));
#12627 = ORIENTED_EDGE('',*,*,#12628,.T.);
#12628 = EDGE_CURVE('',#12629,#12568,#12631,.T.);
#12629 = VERTEX_POINT('',#12630);
#12630 = CARTESIAN_POINT('',(5.59130859375,-6.548828125,0.));
#12631 = SURFACE_CURVE('',#12632,(#12641,#12653),.PCURVE_S1.);
#12632 = B_SPLINE_CURVE_WITH_KNOTS('',7,(#12633,#12634,#12635,#12636,
    #12637,#12638,#12639,#12640),.UNSPECIFIED.,.F.,.F.,(8,8),(0.,1.),
  .PIECEWISE_BEZIER_KNOTS.);
#12633 = CARTESIAN_POINT('',(5.59130859375,-6.548828125,0.));
#12634 = CARTESIAN_POINT('',(5.579460651116,-6.592802219774,0.));
#12635 = CARTESIAN_POINT('',(5.570022761118,-6.649166024258,0.));
#12636 = CARTESIAN_POINT('',(5.562890701093,-6.716619742133,0.));
#12637 = CARTESIAN_POINT('',(5.557859425631,-6.793587075172,0.));
#12638 = CARTESIAN_POINT('',(5.55470736546,-6.878599604436,0.));
#12639 = CARTESIAN_POINT('',(5.55322265625,-6.970416564498,0.));
#12640 = CARTESIAN_POINT('',(5.55322265625,-7.068115234375,0.));
#12641 = PCURVE('',#10829,#12642);
#12642 = DEFINITIONAL_REPRESENTATION('',(#12643),#12652);
#12643 = B_SPLINE_CURVE_WITH_KNOTS('',7,(#12644,#12645,#12646,#12647,
    #12648,#12649,#12650,#12651),.UNSPECIFIED.,.F.,.F.,(8,8),(0.,1.),
  .PIECEWISE_BEZIER_KNOTS.);
#12644 = CARTESIAN_POINT('',(1.,-0.2));
#12645 = CARTESIAN_POINT('',(0.84445777876,-0.2));
#12646 = CARTESIAN_POINT('',(0.692329453035,-0.2));
#12647 = CARTESIAN_POINT('',(0.544478163855,-0.2));
#12648 = CARTESIAN_POINT('',(0.401304317424,-0.2));
#12649 = CARTESIAN_POINT('',(0.2629298053,-0.2));
#12650 = CARTESIAN_POINT('',(0.129255087796,-0.2));
#12651 = CARTESIAN_POINT('',(0.,-0.2));
#12652 = ( GEOMETRIC_REPRESENTATION_CONTEXT(2) 
PARAMETRIC_REPRESENTATION_CONTEXT() REPRESENTATION_CONTEXT('2D SPACE',''
  ) );
#12653 = PCURVE('',#12446,#12654);
#12654 = DEFINITIONAL_REPRESENTATION('',(#12655),#12664);
#12655 = B_SPLINE_CURVE_WITH_KNOTS('',7,(#12656,#12657,#12658,#12659,
    #12660,#12661,#12662,#12663),.UNSPECIFIED.,.F.,.F.,(8,8),(0.,1.),
  .PIECEWISE_BEZIER_KNOTS.);
#12656 = CARTESIAN_POINT('',(22.59130859375,3.451171875));
#12657 = CARTESIAN_POINT('',(22.579460651116,3.407197780226));
#12658 = CARTESIAN_POINT('',(22.570022761118,3.350833975742));
#12659 = CARTESIAN_POINT('',(22.562890701093,3.283380257867));
#12660 = CARTESIAN_POINT('',(22.557859425631,3.206412924828));
#12661 = CARTESIAN_POINT('',(22.55470736546,3.121400395564));
#12662 = CARTESIAN_POINT('',(22.55322265625,3.029583435502));
#12663 = CARTESIAN_POINT('',(22.55322265625,2.931884765625));
#12664 = ( GEOMETRIC_REPRESENTATION_CONTEXT(2) 
PARAMETRIC_REPRESENTATION_CONTEXT() REPRESENTATION_CONTEXT('2D SPACE',''
  ) );
#12665 = ORIENTED_EDGE('',*,*,#12604,.T.);
#12666 = ORIENTED_EDGE('',*,*,#10813,.T.);
#12667 = ORIENTED_EDGE('',*,*,#12668,.F.);
#12668 = EDGE_CURVE('',#12629,#10814,#12669,.T.);
#12669 = SURFACE_CURVE('',#12670,(#12674,#12681),.PCURVE_S1.);
#12670 = LINE('',#12671,#12672);
#12671 = CARTESIAN_POINT('',(5.59130859375,-6.548828125,0.2));
#12672 = VECTOR('',#12673,1.);
#12673 = DIRECTION('',(0.,0.,-1.));
#12674 = PCURVE('',#10829,#12675);
#12675 = DEFINITIONAL_REPRESENTATION('',(#12676),#12680);
#12676 = LINE('',#12677,#12678);
#12677 = CARTESIAN_POINT('',(1.,0.));
#12678 = VECTOR('',#12679,1.);
#12679 = DIRECTION('',(0.,-1.));
#12680 = ( GEOMETRIC_REPRESENTATION_CONTEXT(2) 
PARAMETRIC_REPRESENTATION_CONTEXT() REPRESENTATION_CONTEXT('2D SPACE',''
  ) );
#12681 = PCURVE('',#10859,#12682);
#12682 = DEFINITIONAL_REPRESENTATION('',(#12683),#12687);
#12683 = LINE('',#12684,#12685);
#12684 = CARTESIAN_POINT('',(0.,0.));
#12685 = VECTOR('',#12686,1.);
#12686 = DIRECTION('',(0.,-1.));
#12687 = ( GEOMETRIC_REPRESENTATION_CONTEXT(2) 
PARAMETRIC_REPRESENTATION_CONTEXT() REPRESENTATION_CONTEXT('2D SPACE',''
  ) );
#12688 = ADVANCED_FACE('',(#12689),#10859,.T.);
#12689 = FACE_BOUND('',#12690,.T.);
#12690 = EDGE_LOOP('',(#12691,#12723,#12724,#12725));
#12691 = ORIENTED_EDGE('',*,*,#12692,.T.);
#12692 = EDGE_CURVE('',#12693,#12629,#12695,.T.);
#12693 = VERTEX_POINT('',#12694);
#12694 = CARTESIAN_POINT('',(5.687255859375,-6.360595703125,0.));
#12695 = SURFACE_CURVE('',#12696,(#12703,#12713),.PCURVE_S1.);
#12696 = B_SPLINE_CURVE_WITH_KNOTS('',5,(#12697,#12698,#12699,#12700,
    #12701,#12702),.UNSPECIFIED.,.F.,.F.,(6,6),(0.,1.),
  .PIECEWISE_BEZIER_KNOTS.);
#12697 = CARTESIAN_POINT('',(5.687255859375,-6.360595703125,0.));
#12698 = CARTESIAN_POINT('',(5.663824778232,-6.37957784481,0.));
#12699 = CARTESIAN_POINT('',(5.642495940405,-6.408182575642,0.));
#12700 = CARTESIAN_POINT('',(5.623317554083,-6.446224680297,0.));
#12701 = CARTESIAN_POINT('',(5.606273329251,-6.49328593362,0.));
#12702 = CARTESIAN_POINT('',(5.59130859375,-6.548828125,0.));
#12703 = PCURVE('',#10859,#12704);
#12704 = DEFINITIONAL_REPRESENTATION('',(#12705),#12712);
#12705 = B_SPLINE_CURVE_WITH_KNOTS('',5,(#12706,#12707,#12708,#12709,
    #12710,#12711),.UNSPECIFIED.,.F.,.F.,(6,6),(0.,1.),
  .PIECEWISE_BEZIER_KNOTS.);
#12706 = CARTESIAN_POINT('',(1.,-0.2));
#12707 = CARTESIAN_POINT('',(0.797523822025,-0.2));
#12708 = CARTESIAN_POINT('',(0.595699409477,-0.2));
#12709 = CARTESIAN_POINT('',(0.395169374576,-0.2));
#12710 = CARTESIAN_POINT('',(0.196460117351,-0.2));
#12711 = CARTESIAN_POINT('',(0.,-0.2));
#12712 = ( GEOMETRIC_REPRESENTATION_CONTEXT(2) 
PARAMETRIC_REPRESENTATION_CONTEXT() REPRESENTATION_CONTEXT('2D SPACE',''
  ) );
#12713 = PCURVE('',#12446,#12714);
#12714 = DEFINITIONAL_REPRESENTATION('',(#12715),#12722);
#12715 = B_SPLINE_CURVE_WITH_KNOTS('',5,(#12716,#12717,#12718,#12719,
    #12720,#12721),.UNSPECIFIED.,.F.,.F.,(6,6),(0.,1.),
  .PIECEWISE_BEZIER_KNOTS.);
#12716 = CARTESIAN_POINT('',(22.687255859375,3.639404296875));
#12717 = CARTESIAN_POINT('',(22.663824778232,3.62042215519));
#12718 = CARTESIAN_POINT('',(22.642495940405,3.591817424358));
#12719 = CARTESIAN_POINT('',(22.623317554083,3.553775319703));
#12720 = CARTESIAN_POINT('',(22.606273329251,3.50671406638));
#12721 = CARTESIAN_POINT('',(22.59130859375,3.451171875));
#12722 = ( GEOMETRIC_REPRESENTATION_CONTEXT(2) 
PARAMETRIC_REPRESENTATION_CONTEXT() REPRESENTATION_CONTEXT('2D SPACE',''
  ) );
#12723 = ORIENTED_EDGE('',*,*,#12668,.T.);
#12724 = ORIENTED_EDGE('',*,*,#10843,.T.);
#12725 = ORIENTED_EDGE('',*,*,#12726,.F.);
#12726 = EDGE_CURVE('',#12693,#10844,#12727,.T.);
#12727 = SURFACE_CURVE('',#12728,(#12732,#12739),.PCURVE_S1.);
#12728 = LINE('',#12729,#12730);
#12729 = CARTESIAN_POINT('',(5.687255859375,-6.360595703125,0.2));
#12730 = VECTOR('',#12731,1.);
#12731 = DIRECTION('',(0.,0.,-1.));
#12732 = PCURVE('',#10859,#12733);
#12733 = DEFINITIONAL_REPRESENTATION('',(#12734),#12738);
#12734 = LINE('',#12735,#12736);
#12735 = CARTESIAN_POINT('',(1.,0.));
#12736 = VECTOR('',#12737,1.);
#12737 = DIRECTION('',(0.,-1.));
#12738 = ( GEOMETRIC_REPRESENTATION_CONTEXT(2) 
PARAMETRIC_REPRESENTATION_CONTEXT() REPRESENTATION_CONTEXT('2D SPACE',''
  ) );
#12739 = PCURVE('',#10889,#12740);
#12740 = DEFINITIONAL_REPRESENTATION('',(#12741),#12745);
#12741 = LINE('',#12742,#12743);
#12742 = CARTESIAN_POINT('',(0.,0.));
#12743 = VECTOR('',#12744,1.);
#12744 = DIRECTION('',(0.,-1.));
#12745 = ( GEOMETRIC_REPRESENTATION_CONTEXT(2) 
PARAMETRIC_REPRESENTATION_CONTEXT() REPRESENTATION_CONTEXT('2D SPACE',''
  ) );
#12746 = ADVANCED_FACE('',(#12747),#10889,.T.);
#12747 = FACE_BOUND('',#12748,.T.);
#12748 = EDGE_LOOP('',(#12749,#12787,#12788,#12789));
#12749 = ORIENTED_EDGE('',*,*,#12750,.T.);
#12750 = EDGE_CURVE('',#12751,#12693,#12753,.T.);
#12751 = VERTEX_POINT('',#12752);
#12752 = CARTESIAN_POINT('',(5.81982421875,-6.313720703125,0.));
#12753 = SURFACE_CURVE('',#12754,(#12763,#12775),.PCURVE_S1.);
#12754 = B_SPLINE_CURVE_WITH_KNOTS('',4,(#12755,#12756,#12757,#12758,
    #12759,#12760,#12761,#12762),.UNSPECIFIED.,.F.,.F.,(5,3,5),(0.,
    0.50500677469,1.),.UNSPECIFIED.);
#12755 = CARTESIAN_POINT('',(5.81982421875,-6.313720703125,0.));
#12756 = CARTESIAN_POINT('',(5.800976372431,-6.313720703125,0.));
#12757 = CARTESIAN_POINT('',(5.782827731559,-6.315709771319,0.));
#12758 = CARTESIAN_POINT('',(5.765388683112,-6.319695347486,0.));
#12759 = CARTESIAN_POINT('',(5.732275284791,-6.331536084707,0.));
#12760 = CARTESIAN_POINT('',(5.716572789743,-6.339312953813,0.));
#12761 = CARTESIAN_POINT('',(5.701565253358,-6.349003282683,0.));
#12762 = CARTESIAN_POINT('',(5.687255859375,-6.360595703125,0.));
#12763 = PCURVE('',#10889,#12764);
#12764 = DEFINITIONAL_REPRESENTATION('',(#12765),#12774);
#12765 = B_SPLINE_CURVE_WITH_KNOTS('',4,(#12766,#12767,#12768,#12769,
    #12770,#12771,#12772,#12773),.UNSPECIFIED.,.F.,.F.,(5,3,5),(0.,
    0.50500677469,1.),.UNSPECIFIED.);
#12766 = CARTESIAN_POINT('',(1.,-0.2));
#12767 = CARTESIAN_POINT('',(0.873854937056,-0.2));
#12768 = CARTESIAN_POINT('',(0.747605359616,-0.2));
#12769 = CARTESIAN_POINT('',(0.621302891383,-0.2));
#12770 = CARTESIAN_POINT('',(0.371201511138,-0.2));
#12771 = CARTESIAN_POINT('',(0.24740253885,-0.2));
#12772 = CARTESIAN_POINT('',(0.123652484716,-0.2));
#12773 = CARTESIAN_POINT('',(0.,-0.2));
#12774 = ( GEOMETRIC_REPRESENTATION_CONTEXT(2) 
PARAMETRIC_REPRESENTATION_CONTEXT() REPRESENTATION_CONTEXT('2D SPACE',''
  ) );
#12775 = PCURVE('',#12446,#12776);
#12776 = DEFINITIONAL_REPRESENTATION('',(#12777),#12786);
#12777 = B_SPLINE_CURVE_WITH_KNOTS('',4,(#12778,#12779,#12780,#12781,
    #12782,#12783,#12784,#12785),.UNSPECIFIED.,.F.,.F.,(5,3,5),(0.,
    0.50500677469,1.),.UNSPECIFIED.);
#12778 = CARTESIAN_POINT('',(22.81982421875,3.686279296875));
#12779 = CARTESIAN_POINT('',(22.800976372431,3.686279296875));
#12780 = CARTESIAN_POINT('',(22.782827731559,3.684290228681));
#12781 = CARTESIAN_POINT('',(22.765388683112,3.680304652514));
#12782 = CARTESIAN_POINT('',(22.732275284791,3.668463915293));
#12783 = CARTESIAN_POINT('',(22.716572789743,3.660687046187));
#12784 = CARTESIAN_POINT('',(22.701565253358,3.650996717317));
#12785 = CARTESIAN_POINT('',(22.687255859375,3.639404296875));
#12786 = ( GEOMETRIC_REPRESENTATION_CONTEXT(2) 
PARAMETRIC_REPRESENTATION_CONTEXT() REPRESENTATION_CONTEXT('2D SPACE',''
  ) );
#12787 = ORIENTED_EDGE('',*,*,#12726,.T.);
#12788 = ORIENTED_EDGE('',*,*,#10873,.T.);
#12789 = ORIENTED_EDGE('',*,*,#12790,.F.);
#12790 = EDGE_CURVE('',#12751,#10874,#12791,.T.);
#12791 = SURFACE_CURVE('',#12792,(#12796,#12803),.PCURVE_S1.);
#12792 = LINE('',#12793,#12794);
#12793 = CARTESIAN_POINT('',(5.81982421875,-6.313720703125,0.2));
#12794 = VECTOR('',#12795,1.);
#12795 = DIRECTION('',(0.,0.,-1.));
#12796 = PCURVE('',#10889,#12797);
#12797 = DEFINITIONAL_REPRESENTATION('',(#12798),#12802);
#12798 = LINE('',#12799,#12800);
#12799 = CARTESIAN_POINT('',(1.,0.));
#12800 = VECTOR('',#12801,1.);
#12801 = DIRECTION('',(0.,-1.));
#12802 = ( GEOMETRIC_REPRESENTATION_CONTEXT(2) 
PARAMETRIC_REPRESENTATION_CONTEXT() REPRESENTATION_CONTEXT('2D SPACE',''
  ) );
#12803 = PCURVE('',#10919,#12804);
#12804 = DEFINITIONAL_REPRESENTATION('',(#12805),#12809);
#12805 = LINE('',#12806,#12807);
#12806 = CARTESIAN_POINT('',(0.,0.));
#12807 = VECTOR('',#12808,1.);
#12808 = DIRECTION('',(0.,-1.));
#12809 = ( GEOMETRIC_REPRESENTATION_CONTEXT(2) 
PARAMETRIC_REPRESENTATION_CONTEXT() REPRESENTATION_CONTEXT('2D SPACE',''
  ) );
#12810 = ADVANCED_FACE('',(#12811),#10919,.T.);
#12811 = FACE_BOUND('',#12812,.T.);
#12812 = EDGE_LOOP('',(#12813,#12851,#12852,#12853));
#12813 = ORIENTED_EDGE('',*,*,#12814,.T.);
#12814 = EDGE_CURVE('',#12815,#12751,#12817,.T.);
#12815 = VERTEX_POINT('',#12816);
#12816 = CARTESIAN_POINT('',(5.953125,-6.361328125,0.));
#12817 = SURFACE_CURVE('',#12818,(#12827,#12839),.PCURVE_S1.);
#12818 = B_SPLINE_CURVE_WITH_KNOTS('',4,(#12819,#12820,#12821,#12822,
    #12823,#12824,#12825,#12826),.UNSPECIFIED.,.F.,.F.,(5,3,5),(0.,
    0.524019079144,1.),.UNSPECIFIED.);
#12819 = CARTESIAN_POINT('',(5.953125,-6.361328125,0.));
#12820 = CARTESIAN_POINT('',(5.937787305661,-6.34886624835,0.));
#12821 = CARTESIAN_POINT('',(5.921699710083,-6.338567823257,0.));
#12822 = CARTESIAN_POINT('',(5.904866085676,-6.330447300913,0.));
#12823 = CARTESIAN_POINT('',(5.871333611978,-6.319112029344,0.));
#12824 = CARTESIAN_POINT('',(5.854763865417,-6.315515794542,0.));
#12825 = CARTESIAN_POINT('',(5.837591190502,-6.313720703125,0.));
#12826 = CARTESIAN_POINT('',(5.81982421875,-6.313720703125,0.));
#12827 = PCURVE('',#10919,#12828);
#12828 = DEFINITIONAL_REPRESENTATION('',(#12829),#12838);
#12829 = B_SPLINE_CURVE_WITH_KNOTS('',4,(#12830,#12831,#12832,#12833,
    #12834,#12835,#12836,#12837),.UNSPECIFIED.,.F.,.F.,(5,3,5),(0.,
    0.524019079144,1.),.UNSPECIFIED.);
#12830 = CARTESIAN_POINT('',(1.,-0.2));
#12831 = CARTESIAN_POINT('',(0.869118341643,-0.2));
#12832 = CARTESIAN_POINT('',(0.738118514378,-0.2));
#12833 = CARTESIAN_POINT('',(0.607059171198,-0.2));
#12834 = CARTESIAN_POINT('',(0.35695535549,-0.2));
#12835 = CARTESIAN_POINT('',(0.237910779449,-0.2));
#12836 = CARTESIAN_POINT('',(0.118910974338,-0.2));
#12837 = CARTESIAN_POINT('',(0.,-0.2));
#12838 = ( GEOMETRIC_REPRESENTATION_CONTEXT(2) 
PARAMETRIC_REPRESENTATION_CONTEXT() REPRESENTATION_CONTEXT('2D SPACE',''
  ) );
#12839 = PCURVE('',#12446,#12840);
#12840 = DEFINITIONAL_REPRESENTATION('',(#12841),#12850);
#12841 = B_SPLINE_CURVE_WITH_KNOTS('',4,(#12842,#12843,#12844,#12845,
    #12846,#12847,#12848,#12849),.UNSPECIFIED.,.F.,.F.,(5,3,5),(0.,
    0.524019079144,1.),.UNSPECIFIED.);
#12842 = CARTESIAN_POINT('',(22.953125,3.638671875));
#12843 = CARTESIAN_POINT('',(22.937787305661,3.65113375165));
#12844 = CARTESIAN_POINT('',(22.921699710083,3.661432176743));
#12845 = CARTESIAN_POINT('',(22.904866085676,3.669552699087));
#12846 = CARTESIAN_POINT('',(22.871333611978,3.680887970656));
#12847 = CARTESIAN_POINT('',(22.854763865417,3.684484205458));
#12848 = CARTESIAN_POINT('',(22.837591190502,3.686279296875));
#12849 = CARTESIAN_POINT('',(22.81982421875,3.686279296875));
#12850 = ( GEOMETRIC_REPRESENTATION_CONTEXT(2) 
PARAMETRIC_REPRESENTATION_CONTEXT() REPRESENTATION_CONTEXT('2D SPACE',''
  ) );
#12851 = ORIENTED_EDGE('',*,*,#12790,.T.);
#12852 = ORIENTED_EDGE('',*,*,#10903,.T.);
#12853 = ORIENTED_EDGE('',*,*,#12854,.F.);
#12854 = EDGE_CURVE('',#12815,#10904,#12855,.T.);
#12855 = SURFACE_CURVE('',#12856,(#12860,#12867),.PCURVE_S1.);
#12856 = LINE('',#12857,#12858);
#12857 = CARTESIAN_POINT('',(5.953125,-6.361328125,0.2));
#12858 = VECTOR('',#12859,1.);
#12859 = DIRECTION('',(0.,0.,-1.));
#12860 = PCURVE('',#10919,#12861);
#12861 = DEFINITIONAL_REPRESENTATION('',(#12862),#12866);
#12862 = LINE('',#12863,#12864);
#12863 = CARTESIAN_POINT('',(1.,0.));
#12864 = VECTOR('',#12865,1.);
#12865 = DIRECTION('',(0.,-1.));
#12866 = ( GEOMETRIC_REPRESENTATION_CONTEXT(2) 
PARAMETRIC_REPRESENTATION_CONTEXT() REPRESENTATION_CONTEXT('2D SPACE',''
  ) );
#12867 = PCURVE('',#10949,#12868);
#12868 = DEFINITIONAL_REPRESENTATION('',(#12869),#12873);
#12869 = LINE('',#12870,#12871);
#12870 = CARTESIAN_POINT('',(0.,0.));
#12871 = VECTOR('',#12872,1.);
#12872 = DIRECTION('',(0.,-1.));
#12873 = ( GEOMETRIC_REPRESENTATION_CONTEXT(2) 
PARAMETRIC_REPRESENTATION_CONTEXT() REPRESENTATION_CONTEXT('2D SPACE',''
  ) );
#12874 = ADVANCED_FACE('',(#12875),#10949,.T.);
#12875 = FACE_BOUND('',#12876,.T.);
#12876 = EDGE_LOOP('',(#12877,#12909,#12910,#12911));
#12877 = ORIENTED_EDGE('',*,*,#12878,.T.);
#12878 = EDGE_CURVE('',#12879,#12815,#12881,.T.);
#12879 = VERTEX_POINT('',#12880);
#12880 = CARTESIAN_POINT('',(6.0439453125,-6.531982421875,0.));
#12881 = SURFACE_CURVE('',#12882,(#12889,#12899),.PCURVE_S1.);
#12882 = B_SPLINE_CURVE_WITH_KNOTS('',5,(#12883,#12884,#12885,#12886,
    #12887,#12888),.UNSPECIFIED.,.F.,.F.,(6,6),(0.,1.),
  .PIECEWISE_BEZIER_KNOTS.);
#12883 = CARTESIAN_POINT('',(6.0439453125,-6.531982421875,0.));
#12884 = CARTESIAN_POINT('',(6.031208544627,-6.483351126359,0.));
#12885 = CARTESIAN_POINT('',(6.015797650787,-6.441703064112,0.));
#12886 = CARTESIAN_POINT('',(5.997653292015,-6.407351396244,0.));
#12887 = CARTESIAN_POINT('',(5.976752582096,-6.380525535453,0.));
#12888 = CARTESIAN_POINT('',(5.953125,-6.361328125,0.));
#12889 = PCURVE('',#10949,#12890);
#12890 = DEFINITIONAL_REPRESENTATION('',(#12891),#12898);
#12891 = B_SPLINE_CURVE_WITH_KNOTS('',5,(#12892,#12893,#12894,#12895,
    #12896,#12897),.UNSPECIFIED.,.F.,.F.,(6,6),(0.,1.),
  .PIECEWISE_BEZIER_KNOTS.);
#12892 = CARTESIAN_POINT('',(1.,-0.2));
#12893 = CARTESIAN_POINT('',(0.802387116632,-0.2));
#12894 = CARTESIAN_POINT('',(0.603223161895,-0.2));
#12895 = CARTESIAN_POINT('',(0.40284120268,-0.2));
#12896 = CARTESIAN_POINT('',(0.201622033882,-0.2));
#12897 = CARTESIAN_POINT('',(0.,-0.2));
#12898 = ( GEOMETRIC_REPRESENTATION_CONTEXT(2) 
PARAMETRIC_REPRESENTATION_CONTEXT() REPRESENTATION_CONTEXT('2D SPACE',''
  ) );
#12899 = PCURVE('',#12446,#12900);
#12900 = DEFINITIONAL_REPRESENTATION('',(#12901),#12908);
#12901 = B_SPLINE_CURVE_WITH_KNOTS('',5,(#12902,#12903,#12904,#12905,
    #12906,#12907),.UNSPECIFIED.,.F.,.F.,(6,6),(0.,1.),
  .PIECEWISE_BEZIER_KNOTS.);
#12902 = CARTESIAN_POINT('',(23.0439453125,3.468017578125));
#12903 = CARTESIAN_POINT('',(23.031208544627,3.516648873641));
#12904 = CARTESIAN_POINT('',(23.015797650787,3.558296935888));
#12905 = CARTESIAN_POINT('',(22.997653292015,3.592648603756));
#12906 = CARTESIAN_POINT('',(22.976752582096,3.619474464547));
#12907 = CARTESIAN_POINT('',(22.953125,3.638671875));
#12908 = ( GEOMETRIC_REPRESENTATION_CONTEXT(2) 
PARAMETRIC_REPRESENTATION_CONTEXT() REPRESENTATION_CONTEXT('2D SPACE',''
  ) );
#12909 = ORIENTED_EDGE('',*,*,#12854,.T.);
#12910 = ORIENTED_EDGE('',*,*,#10933,.T.);
#12911 = ORIENTED_EDGE('',*,*,#12912,.F.);
#12912 = EDGE_CURVE('',#12879,#10934,#12913,.T.);
#12913 = SURFACE_CURVE('',#12914,(#12918,#12925),.PCURVE_S1.);
#12914 = LINE('',#12915,#12916);
#12915 = CARTESIAN_POINT('',(6.0439453125,-6.531982421875,0.2));
#12916 = VECTOR('',#12917,1.);
#12917 = DIRECTION('',(0.,0.,-1.));
#12918 = PCURVE('',#10949,#12919);
#12919 = DEFINITIONAL_REPRESENTATION('',(#12920),#12924);
#12920 = LINE('',#12921,#12922);
#12921 = CARTESIAN_POINT('',(1.,0.));
#12922 = VECTOR('',#12923,1.);
#12923 = DIRECTION('',(0.,-1.));
#12924 = ( GEOMETRIC_REPRESENTATION_CONTEXT(2) 
PARAMETRIC_REPRESENTATION_CONTEXT() REPRESENTATION_CONTEXT('2D SPACE',''
  ) );
#12925 = PCURVE('',#10979,#12926);
#12926 = DEFINITIONAL_REPRESENTATION('',(#12927),#12931);
#12927 = LINE('',#12928,#12929);
#12928 = CARTESIAN_POINT('',(0.,0.));
#12929 = VECTOR('',#12930,1.);
#12930 = DIRECTION('',(0.,-1.));
#12931 = ( GEOMETRIC_REPRESENTATION_CONTEXT(2) 
PARAMETRIC_REPRESENTATION_CONTEXT() REPRESENTATION_CONTEXT('2D SPACE',''
  ) );
#12932 = ADVANCED_FACE('',(#12933),#10979,.T.);
#12933 = FACE_BOUND('',#12934,.T.);
#12934 = EDGE_LOOP('',(#12935,#12970,#12971,#12972));
#12935 = ORIENTED_EDGE('',*,*,#12936,.T.);
#12936 = EDGE_CURVE('',#12937,#12879,#12939,.T.);
#12937 = VERTEX_POINT('',#12938);
#12938 = CARTESIAN_POINT('',(6.08642578125,-7.068115234375,0.));
#12939 = SURFACE_CURVE('',#12940,(#12948,#12959),.PCURVE_S1.);
#12940 = B_SPLINE_CURVE_WITH_KNOTS('',6,(#12941,#12942,#12943,#12944,
    #12945,#12946,#12947),.UNSPECIFIED.,.F.,.F.,(7,7),(0.,1.),
  .PIECEWISE_BEZIER_KNOTS.);
#12941 = CARTESIAN_POINT('',(6.08642578125,-7.068115234375,0.));
#12942 = CARTESIAN_POINT('',(6.08642578125,-6.953421419642,0.));
#12943 = CARTESIAN_POINT('',(6.084078575359,-6.846470805755,0.));
#12944 = CARTESIAN_POINT('',(6.079044931294,-6.748702961488,0.));
#12945 = CARTESIAN_POINT('',(6.070928577597,-6.662121388652,0.));
#12946 = CARTESIAN_POINT('',(6.059305744421,-6.589186789027,0.));
#12947 = CARTESIAN_POINT('',(6.0439453125,-6.531982421875,0.));
#12948 = PCURVE('',#10979,#12949);
#12949 = DEFINITIONAL_REPRESENTATION('',(#12950),#12958);
#12950 = B_SPLINE_CURVE_WITH_KNOTS('',6,(#12951,#12952,#12953,#12954,
    #12955,#12956,#12957),.UNSPECIFIED.,.F.,.F.,(7,7),(0.,1.),
  .PIECEWISE_BEZIER_KNOTS.);
#12951 = CARTESIAN_POINT('',(1.,-0.2));
#12952 = CARTESIAN_POINT('',(0.848260379475,-0.2));
#12953 = CARTESIAN_POINT('',(0.690702852303,-0.2));
#12954 = CARTESIAN_POINT('',(0.52691056719,-0.2));
#12955 = CARTESIAN_POINT('',(0.35682243056,-0.2));
#12956 = CARTESIAN_POINT('',(0.180794049272,-0.2));
#12957 = CARTESIAN_POINT('',(0.,-0.2));
#12958 = ( GEOMETRIC_REPRESENTATION_CONTEXT(2) 
PARAMETRIC_REPRESENTATION_CONTEXT() REPRESENTATION_CONTEXT('2D SPACE',''
  ) );
#12959 = PCURVE('',#12446,#12960);
#12960 = DEFINITIONAL_REPRESENTATION('',(#12961),#12969);
#12961 = B_SPLINE_CURVE_WITH_KNOTS('',6,(#12962,#12963,#12964,#12965,
    #12966,#12967,#12968),.UNSPECIFIED.,.F.,.F.,(7,7),(0.,1.),
  .PIECEWISE_BEZIER_KNOTS.);
#12962 = CARTESIAN_POINT('',(23.08642578125,2.931884765625));
#12963 = CARTESIAN_POINT('',(23.08642578125,3.046578580358));
#12964 = CARTESIAN_POINT('',(23.084078575359,3.153529194245));
#12965 = CARTESIAN_POINT('',(23.079044931294,3.251297038512));
#12966 = CARTESIAN_POINT('',(23.070928577597,3.337878611348));
#12967 = CARTESIAN_POINT('',(23.059305744421,3.410813210973));
#12968 = CARTESIAN_POINT('',(23.0439453125,3.468017578125));
#12969 = ( GEOMETRIC_REPRESENTATION_CONTEXT(2) 
PARAMETRIC_REPRESENTATION_CONTEXT() REPRESENTATION_CONTEXT('2D SPACE',''
  ) );
#12970 = ORIENTED_EDGE('',*,*,#12912,.T.);
#12971 = ORIENTED_EDGE('',*,*,#10963,.T.);
#12972 = ORIENTED_EDGE('',*,*,#12973,.F.);
#12973 = EDGE_CURVE('',#12937,#10964,#12974,.T.);
#12974 = SURFACE_CURVE('',#12975,(#12979,#12986),.PCURVE_S1.);
#12975 = LINE('',#12976,#12977);
#12976 = CARTESIAN_POINT('',(6.08642578125,-7.068115234375,0.2));
#12977 = VECTOR('',#12978,1.);
#12978 = DIRECTION('',(0.,0.,-1.));
#12979 = PCURVE('',#10979,#12980);
#12980 = DEFINITIONAL_REPRESENTATION('',(#12981),#12985);
#12981 = LINE('',#12982,#12983);
#12982 = CARTESIAN_POINT('',(1.,0.));
#12983 = VECTOR('',#12984,1.);
#12984 = DIRECTION('',(0.,-1.));
#12985 = ( GEOMETRIC_REPRESENTATION_CONTEXT(2) 
PARAMETRIC_REPRESENTATION_CONTEXT() REPRESENTATION_CONTEXT('2D SPACE',''
  ) );
#12986 = PCURVE('',#11009,#12987);
#12987 = DEFINITIONAL_REPRESENTATION('',(#12988),#12992);
#12988 = LINE('',#12989,#12990);
#12989 = CARTESIAN_POINT('',(0.,0.));
#12990 = VECTOR('',#12991,1.);
#12991 = DIRECTION('',(0.,-1.));
#12992 = ( GEOMETRIC_REPRESENTATION_CONTEXT(2) 
PARAMETRIC_REPRESENTATION_CONTEXT() REPRESENTATION_CONTEXT('2D SPACE',''
  ) );
#12993 = ADVANCED_FACE('',(#12994),#11009,.T.);
#12994 = FACE_BOUND('',#12995,.T.);
#12995 = EDGE_LOOP('',(#12996,#13034,#13035,#13036));
#12996 = ORIENTED_EDGE('',*,*,#12997,.T.);
#12997 = EDGE_CURVE('',#12998,#12937,#13000,.T.);
#12998 = VERTEX_POINT('',#12999);
#12999 = CARTESIAN_POINT('',(6.04833984375,-7.58740234375,0.));
#13000 = SURFACE_CURVE('',#13001,(#13010,#13022),.PCURVE_S1.);
#13001 = B_SPLINE_CURVE_WITH_KNOTS('',7,(#13002,#13003,#13004,#13005,
    #13006,#13007,#13008,#13009),.UNSPECIFIED.,.F.,.F.,(8,8),(0.,1.),
  .PIECEWISE_BEZIER_KNOTS.);
#13002 = CARTESIAN_POINT('',(6.04833984375,-7.58740234375,0.));
#13003 = CARTESIAN_POINT('',(6.060187786384,-7.543428248976,0.));
#13004 = CARTESIAN_POINT('',(6.069625676382,-7.487064444492,0.));
#13005 = CARTESIAN_POINT('',(6.076757736407,-7.419610726617,0.));
#13006 = CARTESIAN_POINT('',(6.081789011869,-7.342643393578,0.));
#13007 = CARTESIAN_POINT('',(6.08494107204,-7.257630864314,0.));
#13008 = CARTESIAN_POINT('',(6.08642578125,-7.165813904252,0.));
#13009 = CARTESIAN_POINT('',(6.08642578125,-7.068115234375,0.));
#13010 = PCURVE('',#11009,#13011);
#13011 = DEFINITIONAL_REPRESENTATION('',(#13012),#13021);
#13012 = B_SPLINE_CURVE_WITH_KNOTS('',7,(#13013,#13014,#13015,#13016,
    #13017,#13018,#13019,#13020),.UNSPECIFIED.,.F.,.F.,(8,8),(0.,1.),
  .PIECEWISE_BEZIER_KNOTS.);
#13013 = CARTESIAN_POINT('',(1.,-0.2));
#13014 = CARTESIAN_POINT('',(0.84445777876,-0.2));
#13015 = CARTESIAN_POINT('',(0.692329453035,-0.2));
#13016 = CARTESIAN_POINT('',(0.544478163855,-0.2));
#13017 = CARTESIAN_POINT('',(0.401304317424,-0.2));
#13018 = CARTESIAN_POINT('',(0.2629298053,-0.2));
#13019 = CARTESIAN_POINT('',(0.129255087796,-0.2));
#13020 = CARTESIAN_POINT('',(0.,-0.2));
#13021 = ( GEOMETRIC_REPRESENTATION_CONTEXT(2) 
PARAMETRIC_REPRESENTATION_CONTEXT() REPRESENTATION_CONTEXT('2D SPACE',''
  ) );
#13022 = PCURVE('',#12446,#13023);
#13023 = DEFINITIONAL_REPRESENTATION('',(#13024),#13033);
#13024 = B_SPLINE_CURVE_WITH_KNOTS('',7,(#13025,#13026,#13027,#13028,
    #13029,#13030,#13031,#13032),.UNSPECIFIED.,.F.,.F.,(8,8),(0.,1.),
  .PIECEWISE_BEZIER_KNOTS.);
#13025 = CARTESIAN_POINT('',(23.04833984375,2.41259765625));
#13026 = CARTESIAN_POINT('',(23.060187786384,2.456571751024));
#13027 = CARTESIAN_POINT('',(23.069625676382,2.512935555508));
#13028 = CARTESIAN_POINT('',(23.076757736407,2.580389273383));
#13029 = CARTESIAN_POINT('',(23.081789011869,2.657356606422));
#13030 = CARTESIAN_POINT('',(23.08494107204,2.742369135686));
#13031 = CARTESIAN_POINT('',(23.08642578125,2.834186095748));
#13032 = CARTESIAN_POINT('',(23.08642578125,2.931884765625));
#13033 = ( GEOMETRIC_REPRESENTATION_CONTEXT(2) 
PARAMETRIC_REPRESENTATION_CONTEXT() REPRESENTATION_CONTEXT('2D SPACE',''
  ) );
#13034 = ORIENTED_EDGE('',*,*,#12973,.T.);
#13035 = ORIENTED_EDGE('',*,*,#10993,.T.);
#13036 = ORIENTED_EDGE('',*,*,#13037,.F.);
#13037 = EDGE_CURVE('',#12998,#10994,#13038,.T.);
#13038 = SURFACE_CURVE('',#13039,(#13043,#13050),.PCURVE_S1.);
#13039 = LINE('',#13040,#13041);
#13040 = CARTESIAN_POINT('',(6.04833984375,-7.58740234375,0.2));
#13041 = VECTOR('',#13042,1.);
#13042 = DIRECTION('',(0.,0.,-1.));
#13043 = PCURVE('',#11009,#13044);
#13044 = DEFINITIONAL_REPRESENTATION('',(#13045),#13049);
#13045 = LINE('',#13046,#13047);
#13046 = CARTESIAN_POINT('',(1.,0.));
#13047 = VECTOR('',#13048,1.);
#13048 = DIRECTION('',(0.,-1.));
#13049 = ( GEOMETRIC_REPRESENTATION_CONTEXT(2) 
PARAMETRIC_REPRESENTATION_CONTEXT() REPRESENTATION_CONTEXT('2D SPACE',''
  ) );
#13050 = PCURVE('',#11039,#13051);
#13051 = DEFINITIONAL_REPRESENTATION('',(#13052),#13056);
#13052 = LINE('',#13053,#13054);
#13053 = CARTESIAN_POINT('',(0.,0.));
#13054 = VECTOR('',#13055,1.);
#13055 = DIRECTION('',(0.,-1.));
#13056 = ( GEOMETRIC_REPRESENTATION_CONTEXT(2) 
PARAMETRIC_REPRESENTATION_CONTEXT() REPRESENTATION_CONTEXT('2D SPACE',''
  ) );
#13057 = ADVANCED_FACE('',(#13058),#11039,.T.);
#13058 = FACE_BOUND('',#13059,.T.);
#13059 = EDGE_LOOP('',(#13060,#13092,#13093,#13094));
#13060 = ORIENTED_EDGE('',*,*,#13061,.T.);
#13061 = EDGE_CURVE('',#13062,#12998,#13064,.T.);
#13062 = VERTEX_POINT('',#13063);
#13063 = CARTESIAN_POINT('',(5.952392578125,-7.7763671875,0.));
#13064 = SURFACE_CURVE('',#13065,(#13072,#13082),.PCURVE_S1.);
#13065 = B_SPLINE_CURVE_WITH_KNOTS('',5,(#13066,#13067,#13068,#13069,
    #13070,#13071),.UNSPECIFIED.,.F.,.F.,(6,6),(0.,1.),
  .PIECEWISE_BEZIER_KNOTS.);
#13066 = CARTESIAN_POINT('',(5.952392578125,-7.7763671875,0.));
#13067 = CARTESIAN_POINT('',(5.975823074277,-7.757088931172,0.));
#13068 = CARTESIAN_POINT('',(5.997150634289,-7.728265241355,0.));
#13069 = CARTESIAN_POINT('',(6.016328535564,-7.690081606462,0.));
#13070 = CARTESIAN_POINT('',(6.033373452101,-7.642950681987,0.));
#13071 = CARTESIAN_POINT('',(6.04833984375,-7.58740234375,0.));
#13072 = PCURVE('',#11039,#13073);
#13073 = DEFINITIONAL_REPRESENTATION('',(#13074),#13081);
#13074 = B_SPLINE_CURVE_WITH_KNOTS('',5,(#13075,#13076,#13077,#13078,
    #13079,#13080),.UNSPECIFIED.,.F.,.F.,(6,6),(0.,1.),
  .PIECEWISE_BEZIER_KNOTS.);
#13075 = CARTESIAN_POINT('',(1.,-0.2));
#13076 = CARTESIAN_POINT('',(0.797528877131,-0.2));
#13077 = CARTESIAN_POINT('',(0.595716381869,-0.2));
#13078 = CARTESIAN_POINT('',(0.3951946542,-0.2));
#13079 = CARTESIAN_POINT('',(0.196481859601,-0.2));
#13080 = CARTESIAN_POINT('',(0.,-0.2));
#13081 = ( GEOMETRIC_REPRESENTATION_CONTEXT(2) 
PARAMETRIC_REPRESENTATION_CONTEXT() REPRESENTATION_CONTEXT('2D SPACE',''
  ) );
#13082 = PCURVE('',#12446,#13083);
#13083 = DEFINITIONAL_REPRESENTATION('',(#13084),#13091);
#13084 = B_SPLINE_CURVE_WITH_KNOTS('',5,(#13085,#13086,#13087,#13088,
    #13089,#13090),.UNSPECIFIED.,.F.,.F.,(6,6),(0.,1.),
  .PIECEWISE_BEZIER_KNOTS.);
#13085 = CARTESIAN_POINT('',(22.952392578125,2.2236328125));
#13086 = CARTESIAN_POINT('',(22.975823074277,2.242911068828));
#13087 = CARTESIAN_POINT('',(22.997150634289,2.271734758645));
#13088 = CARTESIAN_POINT('',(23.016328535564,2.309918393538));
#13089 = CARTESIAN_POINT('',(23.033373452101,2.357049318013));
#13090 = CARTESIAN_POINT('',(23.04833984375,2.41259765625));
#13091 = ( GEOMETRIC_REPRESENTATION_CONTEXT(2) 
PARAMETRIC_REPRESENTATION_CONTEXT() REPRESENTATION_CONTEXT('2D SPACE',''
  ) );
#13092 = ORIENTED_EDGE('',*,*,#13037,.T.);
#13093 = ORIENTED_EDGE('',*,*,#11023,.T.);
#13094 = ORIENTED_EDGE('',*,*,#13095,.F.);
#13095 = EDGE_CURVE('',#13062,#11024,#13096,.T.);
#13096 = SURFACE_CURVE('',#13097,(#13101,#13108),.PCURVE_S1.);
#13097 = LINE('',#13098,#13099);
#13098 = CARTESIAN_POINT('',(5.952392578125,-7.7763671875,0.2));
#13099 = VECTOR('',#13100,1.);
#13100 = DIRECTION('',(0.,0.,-1.));
#13101 = PCURVE('',#11039,#13102);
#13102 = DEFINITIONAL_REPRESENTATION('',(#13103),#13107);
#13103 = LINE('',#13104,#13105);
#13104 = CARTESIAN_POINT('',(1.,0.));
#13105 = VECTOR('',#13106,1.);
#13106 = DIRECTION('',(0.,-1.));
#13107 = ( GEOMETRIC_REPRESENTATION_CONTEXT(2) 
PARAMETRIC_REPRESENTATION_CONTEXT() REPRESENTATION_CONTEXT('2D SPACE',''
  ) );
#13108 = PCURVE('',#11067,#13109);
#13109 = DEFINITIONAL_REPRESENTATION('',(#13110),#13114);
#13110 = LINE('',#13111,#13112);
#13111 = CARTESIAN_POINT('',(0.,0.));
#13112 = VECTOR('',#13113,1.);
#13113 = DIRECTION('',(0.,-1.));
#13114 = ( GEOMETRIC_REPRESENTATION_CONTEXT(2) 
PARAMETRIC_REPRESENTATION_CONTEXT() REPRESENTATION_CONTEXT('2D SPACE',''
  ) );
#13115 = ADVANCED_FACE('',(#13116),#11067,.T.);
#13116 = FACE_BOUND('',#13117,.T.);
#13117 = EDGE_LOOP('',(#13118,#13154,#13155,#13156));
#13118 = ORIENTED_EDGE('',*,*,#13119,.T.);
#13119 = EDGE_CURVE('',#12421,#13062,#13120,.T.);
#13120 = SURFACE_CURVE('',#13121,(#13130,#13142),.PCURVE_S1.);
#13121 = B_SPLINE_CURVE_WITH_KNOTS('',4,(#13122,#13123,#13124,#13125,
    #13126,#13127,#13128,#13129),.UNSPECIFIED.,.F.,.F.,(5,3,5),(0.,
    0.491995189779,1.),.UNSPECIFIED.);
#13122 = CARTESIAN_POINT('',(5.81982421875,-7.823974609375,0.));
#13123 = CARTESIAN_POINT('',(5.838187276982,-7.823974609375,0.));
#13124 = CARTESIAN_POINT('',(5.855886635976,-7.822057046348,0.));
#13125 = CARTESIAN_POINT('',(5.872912488984,-7.818214932924,0.));
#13126 = CARTESIAN_POINT('',(5.906135802086,-7.806498626266,0.));
#13127 = CARTESIAN_POINT('',(5.922288288903,-7.798497292319,0.));
#13128 = CARTESIAN_POINT('',(5.937708366255,-7.788449133975,0.));
#13129 = CARTESIAN_POINT('',(5.952392578125,-7.7763671875,0.));
#13130 = PCURVE('',#11067,#13131);
#13131 = DEFINITIONAL_REPRESENTATION('',(#13132),#13141);
#13132 = B_SPLINE_CURVE_WITH_KNOTS('',4,(#13133,#13134,#13135,#13136,
    #13137,#13138,#13139,#13140),.UNSPECIFIED.,.F.,.F.,(5,3,5),(0.,
    0.491995189779,1.),.UNSPECIFIED.);
#13133 = CARTESIAN_POINT('',(1.,-0.2));
#13134 = CARTESIAN_POINT('',(0.877099531832,-0.2));
#13135 = CARTESIAN_POINT('',(0.754099855712,-0.2));
#13136 = CARTESIAN_POINT('',(0.631050058667,-0.2));
#13137 = CARTESIAN_POINT('',(0.380945868172,-0.2));
#13138 = CARTESIAN_POINT('',(0.253891374494,-0.2));
#13139 = CARTESIAN_POINT('',(0.12689141734,-0.2));
#13140 = CARTESIAN_POINT('',(0.,-0.2));
#13141 = ( GEOMETRIC_REPRESENTATION_CONTEXT(2) 
PARAMETRIC_REPRESENTATION_CONTEXT() REPRESENTATION_CONTEXT('2D SPACE',''
  ) );
#13142 = PCURVE('',#12446,#13143);
#13143 = DEFINITIONAL_REPRESENTATION('',(#13144),#13153);
#13144 = B_SPLINE_CURVE_WITH_KNOTS('',4,(#13145,#13146,#13147,#13148,
    #13149,#13150,#13151,#13152),.UNSPECIFIED.,.F.,.F.,(5,3,5),(0.,
    0.491995189779,1.),.UNSPECIFIED.);
#13145 = CARTESIAN_POINT('',(22.81982421875,2.176025390625));
#13146 = CARTESIAN_POINT('',(22.838187276982,2.176025390625));
#13147 = CARTESIAN_POINT('',(22.855886635976,2.177942953652));
#13148 = CARTESIAN_POINT('',(22.872912488984,2.181785067076));
#13149 = CARTESIAN_POINT('',(22.906135802086,2.193501373734));
#13150 = CARTESIAN_POINT('',(22.922288288903,2.201502707681));
#13151 = CARTESIAN_POINT('',(22.937708366255,2.211550866025));
#13152 = CARTESIAN_POINT('',(22.952392578125,2.2236328125));
#13153 = ( GEOMETRIC_REPRESENTATION_CONTEXT(2) 
PARAMETRIC_REPRESENTATION_CONTEXT() REPRESENTATION_CONTEXT('2D SPACE',''
  ) );
#13154 = ORIENTED_EDGE('',*,*,#13095,.T.);
#13155 = ORIENTED_EDGE('',*,*,#11053,.T.);
#13156 = ORIENTED_EDGE('',*,*,#12463,.F.);
#13157 = ADVANCED_FACE('',(#13158),#11152,.F.);
#13158 = FACE_BOUND('',#13159,.F.);
#13159 = EDGE_LOOP('',(#13160,#13161,#13162));
#13160 = ORIENTED_EDGE('',*,*,#11135,.F.);
#13161 = ORIENTED_EDGE('',*,*,#11256,.F.);
#13162 = ORIENTED_EDGE('',*,*,#11209,.F.);
#13163 = ADVANCED_FACE('',(#13164),#11298,.F.);
#13164 = FACE_BOUND('',#13165,.F.);
#13165 = EDGE_LOOP('',(#13166,#13167,#13168,#13169,#13170,#13171,#13172,
    #13173,#13174,#13175,#13176));
#13166 = ORIENTED_EDGE('',*,*,#11281,.F.);
#13167 = ORIENTED_EDGE('',*,*,#11855,.T.);
#13168 = ORIENTED_EDGE('',*,*,#11797,.T.);
#13169 = ORIENTED_EDGE('',*,*,#11739,.T.);
#13170 = ORIENTED_EDGE('',*,*,#11678,.T.);
#13171 = ORIENTED_EDGE('',*,*,#11620,.T.);
#13172 = ORIENTED_EDGE('',*,*,#11562,.T.);
#13173 = ORIENTED_EDGE('',*,*,#11507,.T.);
#13174 = ORIENTED_EDGE('',*,*,#11449,.T.);
#13175 = ORIENTED_EDGE('',*,*,#11402,.F.);
#13176 = ORIENTED_EDGE('',*,*,#11355,.F.);
#13177 = ADVANCED_FACE('',(#13178),#11911,.F.);
#13178 = FACE_BOUND('',#13179,.F.);
#13179 = EDGE_LOOP('',(#13180,#13181,#13182,#13183,#13184,#13185,#13186,
    #13187,#13188));
#13180 = ORIENTED_EDGE('',*,*,#11894,.F.);
#13181 = ORIENTED_EDGE('',*,*,#12379,.T.);
#13182 = ORIENTED_EDGE('',*,*,#12315,.T.);
#13183 = ORIENTED_EDGE('',*,*,#12251,.T.);
#13184 = ORIENTED_EDGE('',*,*,#12187,.T.);
#13185 = ORIENTED_EDGE('',*,*,#12123,.T.);
#13186 = ORIENTED_EDGE('',*,*,#12062,.T.);
#13187 = ORIENTED_EDGE('',*,*,#12015,.F.);
#13188 = ORIENTED_EDGE('',*,*,#11968,.F.);
#13189 = ADVANCED_FACE('',(#13190),#12446,.F.);
#13190 = FACE_BOUND('',#13191,.F.);
#13191 = EDGE_LOOP('',(#13192,#13193,#13194,#13195,#13196,#13197,#13198,
    #13199,#13200,#13201,#13202,#13203));
#13192 = ORIENTED_EDGE('',*,*,#12509,.T.);
#13193 = ORIENTED_EDGE('',*,*,#12418,.T.);
#13194 = ORIENTED_EDGE('',*,*,#13119,.T.);
#13195 = ORIENTED_EDGE('',*,*,#13061,.T.);
#13196 = ORIENTED_EDGE('',*,*,#12997,.T.);
#13197 = ORIENTED_EDGE('',*,*,#12936,.T.);
#13198 = ORIENTED_EDGE('',*,*,#12878,.T.);
#13199 = ORIENTED_EDGE('',*,*,#12814,.T.);
#13200 = ORIENTED_EDGE('',*,*,#12750,.T.);
#13201 = ORIENTED_EDGE('',*,*,#12692,.T.);
#13202 = ORIENTED_EDGE('',*,*,#12628,.T.);
#13203 = ORIENTED_EDGE('',*,*,#12567,.T.);
#13204 = ( GEOMETRIC_REPRESENTATION_CONTEXT(3) 
GLOBAL_UNCERTAINTY_ASSIGNED_CONTEXT((#13208)) 
GLOBAL_UNIT_ASSIGNED_CONTEXT((#13205,#13206,#13207)) 
REPRESENTATION_CONTEXT('Context #1',
  '3D Context with UNIT and UNCERTAINTY') );
#13205 = ( LENGTH_UNIT() NAMED_UNIT(*) SI_UNIT(.MILLI.,.METRE.) );
#13206 = ( NAMED_UNIT(*) PLANE_ANGLE_UNIT() SI_UNIT($,.RADIAN.) );
#13207 = ( NAMED_UNIT(*) SI_UNIT($,.STERADIAN.) SOLID_ANGLE_UNIT() );
#13208 = UNCERTAINTY_MEASURE_WITH_UNIT(LENGTH_MEASURE(1.E-06),#13205,
  'distance_accuracy_value','confusion accuracy');
#13209 = PRODUCT_RELATED_PRODUCT_CATEGORY('part',$,(#7));
ENDSEC;
END-ISO-10303-21;
