ISO-10303-21;
HEADER;
FILE_DESCRIPTION(('Open CASCADE Model'),'2;1');
FILE_NAME('WH-KEY-01 keying shroud, J30 form Rev A -- EEG field kit -- CC BY-SA 4.0','2026-09-02T18:43:30',('Author'),(
    'Open CASCADE'),'Open CASCADE STEP processor 7.9','Open CASCADE 7.9'
  ,'Unknown');
FILE_SCHEMA(('AUTOMOTIVE_DESIGN { 1 0 10303 214 1 1 1 1 }'));
ENDSEC;
DATA;
#1 = APPLICATION_PROTOCOL_DEFINITION('international standard',
  'automotive_design',2000,#2);
#2 = APPLICATION_CONTEXT(
  'core data for automotive mechanical design processes');
#3 = SHAPE_DEFINITION_REPRESENTATION(#4,#10);
#4 = PRODUCT_DEFINITION_SHAPE('','',#5);
#5 = PRODUCT_DEFINITION('design','',#6,#9);
#6 = PRODUCT_DEFINITION_FORMATION('','',#7);
#7 = PRODUCT('WH-KEY-01 keying shroud, J30 form Rev A -- EEG field kit -- CC BY-SA 4.0',
  'WH-KEY-01 keying shroud, J30 form Rev A -- EEG field kit -- CC BY-SA 4.0','',(#8));
#8 = PRODUCT_CONTEXT('',#2,'mechanical');
#9 = PRODUCT_DEFINITION_CONTEXT('part definition',#2,'design');
#10 = ADVANCED_BREP_SHAPE_REPRESENTATION('',(#11,#15),#16421);
#11 = AXIS2_PLACEMENT_3D('',#12,#13,#14);
#12 = CARTESIAN_POINT('',(0.,0.,0.));
#13 = DIRECTION('',(0.,0.,1.));
#14 = DIRECTION('',(1.,0.,-0.));
#15 = MANIFOLD_SOLID_BREP('',#16);
#16 = CLOSED_SHELL('',(#17,#2431,#2507,#2766,#3041,#5532,#5608,#5657,
    #5706,#5755,#5804,#5853,#5902,#5951,#6000,#6049,#6098,#6147,#6196,
    #6245,#6294,#6343,#6392,#6441,#6490,#6539,#6588,#6637,#6686,#6735,
    #6784,#6833,#6882,#6909,#6985,#7034,#7083,#7132,#7181,#7230,#7279,
    #7306,#7382,#7431,#7480,#7529,#7578,#7627,#7676,#7725,#7774,#7823,
    #7872,#7921,#7948,#7955,#8025,#8301,#8349,#8397,#8445,#8493,#8541,
    #8795,#8898,#8924,#8996,#9022,#9048,#9074,#9100,#9107,#9183,#9232,
    #9281,#9330,#9379,#9428,#9477,#9526,#9575,#9624,#9673,#9722,#9749,
    #9825,#9874,#9923,#9972,#10021,#10070,#10119,#10168,#10217,#10266,
    #10315,#10342,#10418,#10467,#10516,#10565,#10614,#10663,#10712,
    #10761,#10810,#10859,#10908,#10935,#11011,#11060,#11109,#11158,
    #11207,#11256,#11305,#11354,#11403,#11452,#11501,#11528,#11604,
    #11653,#11702,#11751,#11800,#11849,#11898,#11947,#11974,#12050,
    #12099,#12148,#12197,#12246,#12295,#12344,#12371,#12447,#12496,
    #12545,#12594,#12643,#12692,#12741,#12768,#12844,#12893,#12942,
    #12969,#13045,#13094,#13143,#13170,#13201,#13574,#13590,#13666,
    #13715,#13764,#13791,#13867,#13916,#13965,#13992,#14068,#14117,
    #14166,#14193,#14269,#14318,#14367,#14394,#14410,#14425,#14440,
    #14455,#14467,#14840,#14851,#14858,#14865,#14956,#15014,#15078,
    #15142,#15200,#15264,#15328,#15386,#15450,#15514,#15572,#15614,
    #15621,#15628,#15635,#15642,#15733,#15791,#15855,#15919,#15977,
    #16041,#16105,#16163,#16227,#16291,#16349,#16391,#16406));
#17 = ADVANCED_FACE('',(#18,#137,#1420,#1878),#32,.F.);
#18 = FACE_BOUND('',#19,.F.);
#19 = EDGE_LOOP('',(#20,#55,#83,#111));
#20 = ORIENTED_EDGE('',*,*,#21,.T.);
#21 = EDGE_CURVE('',#22,#24,#26,.T.);
#22 = VERTEX_POINT('',#23);
#23 = CARTESIAN_POINT('',(-4.45,-2.67,0.));
#24 = VERTEX_POINT('',#25);
#25 = CARTESIAN_POINT('',(-4.45,-2.67,12.5));
#26 = SURFACE_CURVE('',#27,(#31,#43),.PCURVE_S1.);
#27 = LINE('',#28,#29);
#28 = CARTESIAN_POINT('',(-4.45,-2.67,0.));
#29 = VECTOR('',#30,1.);
#30 = DIRECTION('',(0.,0.,1.));
#31 = PCURVE('',#32,#37);
#32 = PLANE('',#33);
#33 = AXIS2_PLACEMENT_3D('',#34,#35,#36);
#34 = CARTESIAN_POINT('',(-4.45,-2.67,0.));
#35 = DIRECTION('',(0.,1.,0.));
#36 = DIRECTION('',(1.,0.,0.));
#37 = DEFINITIONAL_REPRESENTATION('',(#38),#42);
#38 = LINE('',#39,#40);
#39 = CARTESIAN_POINT('',(0.,0.));
#40 = VECTOR('',#41,1.);
#41 = DIRECTION('',(0.,-1.));
#42 = ( GEOMETRIC_REPRESENTATION_CONTEXT(2) 
PARAMETRIC_REPRESENTATION_CONTEXT() REPRESENTATION_CONTEXT('2D SPACE',''
  ) );
#43 = PCURVE('',#44,#49);
#44 = PLANE('',#45);
#45 = AXIS2_PLACEMENT_3D('',#46,#47,#48);
#46 = CARTESIAN_POINT('',(-4.45,25.53,0.));
#47 = DIRECTION('',(1.,0.,-0.));
#48 = DIRECTION('',(0.,-1.,0.));
#49 = DEFINITIONAL_REPRESENTATION('',(#50),#54);
#50 = LINE('',#51,#52);
#51 = CARTESIAN_POINT('',(28.2,0.));
#52 = VECTOR('',#53,1.);
#53 = DIRECTION('',(0.,-1.));
#54 = ( GEOMETRIC_REPRESENTATION_CONTEXT(2) 
PARAMETRIC_REPRESENTATION_CONTEXT() REPRESENTATION_CONTEXT('2D SPACE',''
  ) );
#55 = ORIENTED_EDGE('',*,*,#56,.T.);
#56 = EDGE_CURVE('',#24,#57,#59,.T.);
#57 = VERTEX_POINT('',#58);
#58 = CARTESIAN_POINT('',(3.45,-2.67,12.5));
#59 = SURFACE_CURVE('',#60,(#64,#71),.PCURVE_S1.);
#60 = LINE('',#61,#62);
#61 = CARTESIAN_POINT('',(-4.45,-2.67,12.5));
#62 = VECTOR('',#63,1.);
#63 = DIRECTION('',(1.,0.,0.));
#64 = PCURVE('',#32,#65);
#65 = DEFINITIONAL_REPRESENTATION('',(#66),#70);
#66 = LINE('',#67,#68);
#67 = CARTESIAN_POINT('',(0.,-12.5));
#68 = VECTOR('',#69,1.);
#69 = DIRECTION('',(1.,0.));
#70 = ( GEOMETRIC_REPRESENTATION_CONTEXT(2) 
PARAMETRIC_REPRESENTATION_CONTEXT() REPRESENTATION_CONTEXT('2D SPACE',''
  ) );
#71 = PCURVE('',#72,#77);
#72 = PLANE('',#73);
#73 = AXIS2_PLACEMENT_3D('',#74,#75,#76);
#74 = CARTESIAN_POINT('',(-0.5,11.43,12.5));
#75 = DIRECTION('',(0.,0.,1.));
#76 = DIRECTION('',(1.,0.,-0.));
#77 = DEFINITIONAL_REPRESENTATION('',(#78),#82);
#78 = LINE('',#79,#80);
#79 = CARTESIAN_POINT('',(-3.95,-14.1));
#80 = VECTOR('',#81,1.);
#81 = DIRECTION('',(1.,0.));
#82 = ( GEOMETRIC_REPRESENTATION_CONTEXT(2) 
PARAMETRIC_REPRESENTATION_CONTEXT() REPRESENTATION_CONTEXT('2D SPACE',''
  ) );
#83 = ORIENTED_EDGE('',*,*,#84,.F.);
#84 = EDGE_CURVE('',#85,#57,#87,.T.);
#85 = VERTEX_POINT('',#86);
#86 = CARTESIAN_POINT('',(3.45,-2.67,0.));
#87 = SURFACE_CURVE('',#88,(#92,#99),.PCURVE_S1.);
#88 = LINE('',#89,#90);
#89 = CARTESIAN_POINT('',(3.45,-2.67,0.));
#90 = VECTOR('',#91,1.);
#91 = DIRECTION('',(0.,0.,1.));
#92 = PCURVE('',#32,#93);
#93 = DEFINITIONAL_REPRESENTATION('',(#94),#98);
#94 = LINE('',#95,#96);
#95 = CARTESIAN_POINT('',(7.9,0.));
#96 = VECTOR('',#97,1.);
#97 = DIRECTION('',(0.,-1.));
#98 = ( GEOMETRIC_REPRESENTATION_CONTEXT(2) 
PARAMETRIC_REPRESENTATION_CONTEXT() REPRESENTATION_CONTEXT('2D SPACE',''
  ) );
#99 = PCURVE('',#100,#105);
#100 = PLANE('',#101);
#101 = AXIS2_PLACEMENT_3D('',#102,#103,#104);
#102 = CARTESIAN_POINT('',(3.45,-2.67,0.));
#103 = DIRECTION('',(-1.,0.,0.));
#104 = DIRECTION('',(0.,1.,0.));
#105 = DEFINITIONAL_REPRESENTATION('',(#106),#110);
#106 = LINE('',#107,#108);
#107 = CARTESIAN_POINT('',(0.,0.));
#108 = VECTOR('',#109,1.);
#109 = DIRECTION('',(0.,-1.));
#110 = ( GEOMETRIC_REPRESENTATION_CONTEXT(2) 
PARAMETRIC_REPRESENTATION_CONTEXT() REPRESENTATION_CONTEXT('2D SPACE',''
  ) );
#111 = ORIENTED_EDGE('',*,*,#112,.F.);
#112 = EDGE_CURVE('',#22,#85,#113,.T.);
#113 = SURFACE_CURVE('',#114,(#118,#125),.PCURVE_S1.);
#114 = LINE('',#115,#116);
#115 = CARTESIAN_POINT('',(-4.45,-2.67,0.));
#116 = VECTOR('',#117,1.);
#117 = DIRECTION('',(1.,0.,0.));
#118 = PCURVE('',#32,#119);
#119 = DEFINITIONAL_REPRESENTATION('',(#120),#124);
#120 = LINE('',#121,#122);
#121 = CARTESIAN_POINT('',(0.,0.));
#122 = VECTOR('',#123,1.);
#123 = DIRECTION('',(1.,0.));
#124 = ( GEOMETRIC_REPRESENTATION_CONTEXT(2) 
PARAMETRIC_REPRESENTATION_CONTEXT() REPRESENTATION_CONTEXT('2D SPACE',''
  ) );
#125 = PCURVE('',#126,#131);
#126 = PLANE('',#127);
#127 = AXIS2_PLACEMENT_3D('',#128,#129,#130);
#128 = CARTESIAN_POINT('',(-0.5,11.43,0.));
#129 = DIRECTION('',(0.,0.,1.));
#130 = DIRECTION('',(1.,0.,-0.));
#131 = DEFINITIONAL_REPRESENTATION('',(#132),#136);
#132 = LINE('',#133,#134);
#133 = CARTESIAN_POINT('',(-3.95,-14.1));
#134 = VECTOR('',#135,1.);
#135 = DIRECTION('',(1.,0.));
#136 = ( GEOMETRIC_REPRESENTATION_CONTEXT(2) 
PARAMETRIC_REPRESENTATION_CONTEXT() REPRESENTATION_CONTEXT('2D SPACE',''
  ) );
#137 = FACE_BOUND('',#138,.F.);
#138 = EDGE_LOOP('',(#139,#167,#218,#275,#326,#377,#428,#479,#542,#593,
    #650,#689,#740,#779,#805,#844,#889,#940,#991,#1042,#1081,#1107,#1146
    ,#1197,#1248,#1287,#1338,#1383));
#139 = ORIENTED_EDGE('',*,*,#140,.F.);
#140 = EDGE_CURVE('',#141,#143,#145,.T.);
#141 = VERTEX_POINT('',#142);
#142 = CARTESIAN_POINT('',(-1.010009765625,-2.67,5.660400390625));
#143 = VERTEX_POINT('',#144);
#144 = CARTESIAN_POINT('',(-0.452197265625,-2.67,5.728076171875));
#145 = SURFACE_CURVE('',#146,(#150,#156),.PCURVE_S1.);
#146 = LINE('',#147,#148);
#147 = CARTESIAN_POINT('',(-3.043443832508,-2.67,5.413696992805));
#148 = VECTOR('',#149,1.);
#149 = DIRECTION('',(0.992720564438,-0.,0.120440362597));
#150 = PCURVE('',#32,#151);
#151 = DEFINITIONAL_REPRESENTATION('',(#152),#155);
#152 = B_SPLINE_CURVE_WITH_KNOTS('',1,(#153,#154),.UNSPECIFIED.,.F.,.F.,
  (2,2),(2.048344861311,2.610247696794),.PIECEWISE_BEZIER_KNOTS.);
#153 = CARTESIAN_POINT('',(3.439990234375,-5.660400390625));
#154 = CARTESIAN_POINT('',(3.997802734375,-5.728076171875));
#155 = ( GEOMETRIC_REPRESENTATION_CONTEXT(2) 
PARAMETRIC_REPRESENTATION_CONTEXT() REPRESENTATION_CONTEXT('2D SPACE',''
  ) );
#156 = PCURVE('',#157,#162);
#157 = PLANE('',#158);
#158 = AXIS2_PLACEMENT_3D('',#159,#160,#161);
#159 = CARTESIAN_POINT('',(-1.010009765625,-2.47,5.660400390625));
#160 = DIRECTION('',(-0.120440362597,0.,0.992720564438));
#161 = DIRECTION('',(0.992720564438,0.,0.120440362597));
#162 = DEFINITIONAL_REPRESENTATION('',(#163),#166);
#163 = B_SPLINE_CURVE_WITH_KNOTS('',1,(#164,#165),.UNSPECIFIED.,.F.,.F.,
  (2,2),(2.048344861311,2.610247696794),.PIECEWISE_BEZIER_KNOTS.);
#164 = CARTESIAN_POINT('',(0.,-0.2));
#165 = CARTESIAN_POINT('',(0.561902835483,-0.2));
#166 = ( GEOMETRIC_REPRESENTATION_CONTEXT(2) 
PARAMETRIC_REPRESENTATION_CONTEXT() REPRESENTATION_CONTEXT('2D SPACE',''
  ) );
#167 = ORIENTED_EDGE('',*,*,#168,.T.);
#168 = EDGE_CURVE('',#141,#169,#171,.T.);
#169 = VERTEX_POINT('',#170);
#170 = CARTESIAN_POINT('',(-0.698291015625,-2.67,5.04619140625));
#171 = SURFACE_CURVE('',#172,(#183,#197),.PCURVE_S1.);
#172 = B_SPLINE_CURVE_WITH_KNOTS('',5,(#173,#174,#175,#176,#177,#178,
    #179,#180,#181,#182),.UNSPECIFIED.,.F.,.F.,(6,4,6),(0.,
    0.629910277531,1.),.UNSPECIFIED.);
#173 = CARTESIAN_POINT('',(-1.010009765625,-2.67,5.660400390625));
#174 = CARTESIAN_POINT('',(-0.999454306949,-2.67,5.567411826097));
#175 = CARTESIAN_POINT('',(-0.980242338629,-2.67,5.478207031853));
#176 = CARTESIAN_POINT('',(-0.951823635058,-2.67,5.393594451396));
#177 = CARTESIAN_POINT('',(-0.91394608655,-2.67,5.314318426026));
#178 = CARTESIAN_POINT('',(-0.839339887499,-2.67,5.197766117327));
#179 = CARTESIAN_POINT('',(-0.808578179891,-2.67,5.156648227183));
#180 = CARTESIAN_POINT('',(-0.77473018525,-2.67,5.117649128206));
#181 = CARTESIAN_POINT('',(-0.73791452391,-2.67,5.080824167308));
#182 = CARTESIAN_POINT('',(-0.698291015625,-2.67,5.04619140625));
#183 = PCURVE('',#32,#184);
#184 = DEFINITIONAL_REPRESENTATION('',(#185),#196);
#185 = B_SPLINE_CURVE_WITH_KNOTS('',5,(#186,#187,#188,#189,#190,#191,
    #192,#193,#194,#195),.UNSPECIFIED.,.F.,.F.,(6,4,6),(0.,
    0.629910277531,1.),.UNSPECIFIED.);
#186 = CARTESIAN_POINT('',(3.439990234375,-5.660400390625));
#187 = CARTESIAN_POINT('',(3.450545693051,-5.567411826097));
#188 = CARTESIAN_POINT('',(3.469757661371,-5.478207031853));
#189 = CARTESIAN_POINT('',(3.498176364942,-5.393594451396));
#190 = CARTESIAN_POINT('',(3.53605391345,-5.314318426026));
#191 = CARTESIAN_POINT('',(3.610660112501,-5.197766117327));
#192 = CARTESIAN_POINT('',(3.641421820109,-5.156648227183));
#193 = CARTESIAN_POINT('',(3.67526981475,-5.117649128206));
#194 = CARTESIAN_POINT('',(3.71208547609,-5.080824167308));
#195 = CARTESIAN_POINT('',(3.751708984375,-5.04619140625));
#196 = ( GEOMETRIC_REPRESENTATION_CONTEXT(2) 
PARAMETRIC_REPRESENTATION_CONTEXT() REPRESENTATION_CONTEXT('2D SPACE',''
  ) );
#197 = PCURVE('',#198,#205);
#198 = SURFACE_OF_LINEAR_EXTRUSION('',#199,#203);
#199 = B_SPLINE_CURVE_WITH_KNOTS('',2,(#200,#201,#202),.UNSPECIFIED.,.F.
  ,.F.,(3,3),(0.,1.),.PIECEWISE_BEZIER_KNOTS.);
#200 = CARTESIAN_POINT('',(-0.698291015625,-2.47,5.04619140625));
#201 = CARTESIAN_POINT('',(-0.966943359375,-2.47,5.281005859375));
#202 = CARTESIAN_POINT('',(-1.010009765625,-2.47,5.660400390625));
#203 = VECTOR('',#204,1.);
#204 = DIRECTION('',(-0.,1.,-0.));
#205 = DEFINITIONAL_REPRESENTATION('',(#206),#217);
#206 = B_SPLINE_CURVE_WITH_KNOTS('',5,(#207,#208,#209,#210,#211,#212,
    #213,#214,#215,#216),.UNSPECIFIED.,.F.,.F.,(6,4,6),(0.,
    0.629910277531,1.),.UNSPECIFIED.);
#207 = CARTESIAN_POINT('',(1.,-0.2));
#208 = CARTESIAN_POINT('',(0.877451364123,-0.2));
#209 = CARTESIAN_POINT('',(0.752735305653,-0.2));
#210 = CARTESIAN_POINT('',(0.626411779361,-0.2));
#211 = CARTESIAN_POINT('',(0.499196715689,-0.2));
#212 = CARTESIAN_POINT('',(0.29726840903,-0.2));
#213 = CARTESIAN_POINT('',(0.222533865055,-0.2));
#214 = CARTESIAN_POINT('',(0.147972248685,-0.2));
#215 = CARTESIAN_POINT('',(7.374495180677E-02,-0.2));
#216 = CARTESIAN_POINT('',(0.,-0.2));
#217 = ( GEOMETRIC_REPRESENTATION_CONTEXT(2) 
PARAMETRIC_REPRESENTATION_CONTEXT() REPRESENTATION_CONTEXT('2D SPACE',''
  ) );
#218 = ORIENTED_EDGE('',*,*,#219,.T.);
#219 = EDGE_CURVE('',#169,#220,#222,.T.);
#220 = VERTEX_POINT('',#221);
#221 = CARTESIAN_POINT('',(-2.1533203125E-02,-2.67,4.811376953125));
#222 = SURFACE_CURVE('',#223,(#236,#252),.PCURVE_S1.);
#223 = B_SPLINE_CURVE_WITH_KNOTS('',6,(#224,#225,#226,#227,#228,#229,
    #230,#231,#232,#233,#234,#235),.UNSPECIFIED.,.F.,.F.,(7,5,7),(0.,
    0.232957506299,1.),.UNSPECIFIED.);
#224 = CARTESIAN_POINT('',(-0.698291015625,-2.67,5.04619140625));
#225 = CARTESIAN_POINT('',(-0.677235261451,-2.67,5.027787712716));
#226 = CARTESIAN_POINT('',(-0.655619089843,-2.67,5.010208811878));
#227 = CARTESIAN_POINT('',(-0.63344935865,-2.67,4.993471732275));
#228 = CARTESIAN_POINT('',(-0.610735108525,-2.67,4.97759053604));
#229 = CARTESIAN_POINT('',(-0.587487562929,-2.67,4.962576318895));
#230 = CARTESIAN_POINT('',(-0.485462798064,-2.67,4.901882379631));
#231 = CARTESIAN_POINT('',(-0.401548778224,-2.67,4.864802275186));
#232 = CARTESIAN_POINT('',(-0.312501356172,-2.67,4.837522356632));
#233 = CARTESIAN_POINT('',(-0.218992437642,-2.67,4.819874401296));
#234 = CARTESIAN_POINT('',(-0.121758470834,-2.67,4.811376953125));
#235 = CARTESIAN_POINT('',(-2.1533203125E-02,-2.67,4.811376953125));
#236 = PCURVE('',#32,#237);
#237 = DEFINITIONAL_REPRESENTATION('',(#238),#251);
#238 = B_SPLINE_CURVE_WITH_KNOTS('',6,(#239,#240,#241,#242,#243,#244,
    #245,#246,#247,#248,#249,#250),.UNSPECIFIED.,.F.,.F.,(7,5,7),(0.,
    0.232957506299,1.),.UNSPECIFIED.);
#239 = CARTESIAN_POINT('',(3.751708984375,-5.04619140625));
#240 = CARTESIAN_POINT('',(3.772764738549,-5.027787712716));
#241 = CARTESIAN_POINT('',(3.794380910157,-5.010208811878));
#242 = CARTESIAN_POINT('',(3.81655064135,-4.993471732275));
#243 = CARTESIAN_POINT('',(3.839264891475,-4.97759053604));
#244 = CARTESIAN_POINT('',(3.862512437071,-4.962576318895));
#245 = CARTESIAN_POINT('',(3.964537201936,-4.901882379631));
#246 = CARTESIAN_POINT('',(4.048451221776,-4.864802275186));
#247 = CARTESIAN_POINT('',(4.137498643828,-4.837522356632));
#248 = CARTESIAN_POINT('',(4.231007562358,-4.819874401296));
#249 = CARTESIAN_POINT('',(4.328241529166,-4.811376953125));
#250 = CARTESIAN_POINT('',(4.428466796875,-4.811376953125));
#251 = ( GEOMETRIC_REPRESENTATION_CONTEXT(2) 
PARAMETRIC_REPRESENTATION_CONTEXT() REPRESENTATION_CONTEXT('2D SPACE',''
  ) );
#252 = PCURVE('',#253,#260);
#253 = SURFACE_OF_LINEAR_EXTRUSION('',#254,#258);
#254 = B_SPLINE_CURVE_WITH_KNOTS('',2,(#255,#256,#257),.UNSPECIFIED.,.F.
  ,.F.,(3,3),(0.,1.),.PIECEWISE_BEZIER_KNOTS.);
#255 = CARTESIAN_POINT('',(-2.1533203125E-02,-2.47,4.811376953125));
#256 = CARTESIAN_POINT('',(-0.429638671875,-2.47,4.811376953125));
#257 = CARTESIAN_POINT('',(-0.698291015625,-2.47,5.04619140625));
#258 = VECTOR('',#259,1.);
#259 = DIRECTION('',(-0.,1.,-0.));
#260 = DEFINITIONAL_REPRESENTATION('',(#261),#274);
#261 = B_SPLINE_CURVE_WITH_KNOTS('',6,(#262,#263,#264,#265,#266,#267,
    #268,#269,#270,#271,#272,#273),.UNSPECIFIED.,.F.,.F.,(7,5,7),(0.,
    0.232957506299,1.),.UNSPECIFIED.);
#262 = CARTESIAN_POINT('',(1.,-0.2));
#263 = CARTESIAN_POINT('',(0.960812264133,-0.2));
#264 = CARTESIAN_POINT('',(0.921538050354,-0.2));
#265 = CARTESIAN_POINT('',(0.882198150921,-0.2));
#266 = CARTESIAN_POINT('',(0.842813874006,-0.2));
#267 = CARTESIAN_POINT('',(0.803407043698,-0.2));
#268 = CARTESIAN_POINT('',(0.634247250036,-0.2));
#269 = CARTESIAN_POINT('',(0.504458016585,-0.2));
#270 = CARTESIAN_POINT('',(0.375510226799,-0.2));
#271 = CARTESIAN_POINT('',(0.248104680605,-0.2));
#272 = CARTESIAN_POINT('',(0.122793340673,-0.2));
#273 = CARTESIAN_POINT('',(0.,-0.2));
#274 = ( GEOMETRIC_REPRESENTATION_CONTEXT(2) 
PARAMETRIC_REPRESENTATION_CONTEXT() REPRESENTATION_CONTEXT('2D SPACE',''
  ) );
#275 = ORIENTED_EDGE('',*,*,#276,.T.);
#276 = EDGE_CURVE('',#220,#277,#279,.T.);
#277 = VERTEX_POINT('',#278);
#278 = CARTESIAN_POINT('',(0.698291015625,-2.67,5.090283203125));
#279 = SURFACE_CURVE('',#280,(#291,#305),.PCURVE_S1.);
#280 = B_SPLINE_CURVE_WITH_KNOTS('',5,(#281,#282,#283,#284,#285,#286,
    #287,#288,#289,#290),.UNSPECIFIED.,.F.,.F.,(6,4,6),(0.,
    0.626279514638,1.),.UNSPECIFIED.);
#281 = CARTESIAN_POINT('',(-2.1533203125E-02,-2.67,4.811376953125));
#282 = CARTESIAN_POINT('',(8.276841633626E-02,-2.67,4.811376953125));
#283 = CARTESIAN_POINT('',(0.184125731297,-2.67,4.821601818923));
#284 = CARTESIAN_POINT('',(0.281549009285,-2.67,4.842928863936));
#285 = CARTESIAN_POINT('',(0.374046764378,-2.67,4.875857403828));
#286 = CARTESIAN_POINT('',(0.512627949725,-2.67,4.946303503797));
#287 = CARTESIAN_POINT('',(0.562395778797,-2.67,4.976620120372));
#288 = CARTESIAN_POINT('',(0.609982008801,-2.67,5.010845974537));
#289 = CARTESIAN_POINT('',(0.655294296601,-2.67,5.04881119045));
#290 = CARTESIAN_POINT('',(0.698291015625,-2.67,5.090283203125));
#291 = PCURVE('',#32,#292);
#292 = DEFINITIONAL_REPRESENTATION('',(#293),#304);
#293 = B_SPLINE_CURVE_WITH_KNOTS('',5,(#294,#295,#296,#297,#298,#299,
    #300,#301,#302,#303),.UNSPECIFIED.,.F.,.F.,(6,4,6),(0.,
    0.626279514638,1.),.UNSPECIFIED.);
#294 = CARTESIAN_POINT('',(4.428466796875,-4.811376953125));
#295 = CARTESIAN_POINT('',(4.532768416336,-4.811376953125));
#296 = CARTESIAN_POINT('',(4.634125731297,-4.821601818923));
#297 = CARTESIAN_POINT('',(4.731549009285,-4.842928863936));
#298 = CARTESIAN_POINT('',(4.824046764378,-4.875857403828));
#299 = CARTESIAN_POINT('',(4.962627949725,-4.946303503797));
#300 = CARTESIAN_POINT('',(5.012395778797,-4.976620120372));
#301 = CARTESIAN_POINT('',(5.059982008801,-5.010845974537));
#302 = CARTESIAN_POINT('',(5.105294296601,-5.04881119045));
#303 = CARTESIAN_POINT('',(5.148291015625,-5.090283203125));
#304 = ( GEOMETRIC_REPRESENTATION_CONTEXT(2) 
PARAMETRIC_REPRESENTATION_CONTEXT() REPRESENTATION_CONTEXT('2D SPACE',''
  ) );
#305 = PCURVE('',#306,#313);
#306 = SURFACE_OF_LINEAR_EXTRUSION('',#307,#311);
#307 = B_SPLINE_CURVE_WITH_KNOTS('',2,(#308,#309,#310),.UNSPECIFIED.,.F.
  ,.F.,(3,3),(0.,1.),.PIECEWISE_BEZIER_KNOTS.);
#308 = CARTESIAN_POINT('',(0.698291015625,-2.47,5.090283203125));
#309 = CARTESIAN_POINT('',(0.409130859375,-2.47,4.811376953125));
#310 = CARTESIAN_POINT('',(-2.1533203125E-02,-2.47,4.811376953125));
#311 = VECTOR('',#312,1.);
#312 = DIRECTION('',(-0.,1.,-0.));
#313 = DEFINITIONAL_REPRESENTATION('',(#314),#325);
#314 = B_SPLINE_CURVE_WITH_KNOTS('',5,(#315,#316,#317,#318,#319,#320,
    #321,#322,#323,#324),.UNSPECIFIED.,.F.,.F.,(6,4,6),(0.,
    0.626279514638,1.),.UNSPECIFIED.);
#315 = CARTESIAN_POINT('',(1.,-0.2));
#316 = CARTESIAN_POINT('',(0.878906056317,-0.2));
#317 = CARTESIAN_POINT('',(0.755207633377,-0.2));
#318 = CARTESIAN_POINT('',(0.629537039488,-0.2));
#319 = CARTESIAN_POINT('',(0.502751272848,-0.2));
#320 = CARTESIAN_POINT('',(0.300363569138,-0.2));
#321 = CARTESIAN_POINT('',(0.224725665572,-0.2));
#322 = CARTESIAN_POINT('',(0.14931791341,-0.2));
#323 = CARTESIAN_POINT('',(7.434758574839E-02,-0.2));
#324 = CARTESIAN_POINT('',(0.,-0.2));
#325 = ( GEOMETRIC_REPRESENTATION_CONTEXT(2) 
PARAMETRIC_REPRESENTATION_CONTEXT() REPRESENTATION_CONTEXT('2D SPACE',''
  ) );
#326 = ORIENTED_EDGE('',*,*,#327,.T.);
#327 = EDGE_CURVE('',#277,#328,#330,.T.);
#328 = VERTEX_POINT('',#329);
#329 = CARTESIAN_POINT('',(0.987451171875,-2.67,5.764990234375));
#330 = SURFACE_CURVE('',#331,(#342,#356),.PCURVE_S1.);
#331 = B_SPLINE_CURVE_WITH_KNOTS('',5,(#332,#333,#334,#335,#336,#337,
    #338,#339,#340,#341),.UNSPECIFIED.,.F.,.F.,(6,4,6),(0.,
    0.524500419391,1.),.UNSPECIFIED.);
#332 = CARTESIAN_POINT('',(0.698291015625,-2.67,5.090283203125));
#333 = CARTESIAN_POINT('',(0.757565655934,-2.67,5.147455905835));
#334 = CARTESIAN_POINT('',(0.810198257068,-2.67,5.208617006141));
#335 = CARTESIAN_POINT('',(0.855448398381,-2.67,5.27371975836));
#336 = CARTESIAN_POINT('',(0.892754571803,-2.67,5.342559387598));
#337 = CARTESIAN_POINT('',(0.948388175573,-2.67,5.48005021825));
#338 = CARTESIAN_POINT('',(0.968169168433,-2.67,5.548133201623));
#339 = CARTESIAN_POINT('',(0.981136767992,-2.67,5.618583845725));
#340 = CARTESIAN_POINT('',(0.987451171875,-2.67,5.691006970133));
#341 = CARTESIAN_POINT('',(0.987451171875,-2.67,5.764990234375));
#342 = PCURVE('',#32,#343);
#343 = DEFINITIONAL_REPRESENTATION('',(#344),#355);
#344 = B_SPLINE_CURVE_WITH_KNOTS('',5,(#345,#346,#347,#348,#349,#350,
    #351,#352,#353,#354),.UNSPECIFIED.,.F.,.F.,(6,4,6),(0.,
    0.524500419391,1.),.UNSPECIFIED.);
#345 = CARTESIAN_POINT('',(5.148291015625,-5.090283203125));
#346 = CARTESIAN_POINT('',(5.207565655934,-5.147455905835));
#347 = CARTESIAN_POINT('',(5.260198257068,-5.208617006141));
#348 = CARTESIAN_POINT('',(5.305448398381,-5.27371975836));
#349 = CARTESIAN_POINT('',(5.342754571803,-5.342559387598));
#350 = CARTESIAN_POINT('',(5.398388175573,-5.48005021825));
#351 = CARTESIAN_POINT('',(5.418169168433,-5.548133201623));
#352 = CARTESIAN_POINT('',(5.431136767992,-5.618583845725));
#353 = CARTESIAN_POINT('',(5.437451171875,-5.691006970133));
#354 = CARTESIAN_POINT('',(5.437451171875,-5.764990234375));
#355 = ( GEOMETRIC_REPRESENTATION_CONTEXT(2) 
PARAMETRIC_REPRESENTATION_CONTEXT() REPRESENTATION_CONTEXT('2D SPACE',''
  ) );
#356 = PCURVE('',#357,#364);
#357 = SURFACE_OF_LINEAR_EXTRUSION('',#358,#362);
#358 = B_SPLINE_CURVE_WITH_KNOTS('',2,(#359,#360,#361),.UNSPECIFIED.,.F.
  ,.F.,(3,3),(0.,1.),.PIECEWISE_BEZIER_KNOTS.);
#359 = CARTESIAN_POINT('',(0.987451171875,-2.47,5.764990234375));
#360 = CARTESIAN_POINT('',(0.987451171875,-2.47,5.369189453125));
#361 = CARTESIAN_POINT('',(0.698291015625,-2.47,5.090283203125));
#362 = VECTOR('',#363,1.);
#363 = DIRECTION('',(-0.,1.,-0.));
#364 = DEFINITIONAL_REPRESENTATION('',(#365),#376);
#365 = B_SPLINE_CURVE_WITH_KNOTS('',5,(#366,#367,#368,#369,#370,#371,
    #372,#373,#374,#375),.UNSPECIFIED.,.F.,.F.,(6,4,6),(0.,
    0.524500419391,1.),.UNSPECIFIED.);
#366 = CARTESIAN_POINT('',(1.,-0.2));
#367 = CARTESIAN_POINT('',(0.897505518952,-0.2));
#368 = CARTESIAN_POINT('',(0.793364606174,-0.2));
#369 = CARTESIAN_POINT('',(0.688014431935,-0.2));
#370 = CARTESIAN_POINT('',(0.582000431639,-0.2));
#371 = CARTESIAN_POINT('',(0.379902534821,-0.2));
#372 = CARTESIAN_POINT('',(0.283794140701,-0.2));
#373 = CARTESIAN_POINT('',(0.188174236969,-0.2));
#374 = CARTESIAN_POINT('',(9.346023017945E-02,-0.2));
#375 = CARTESIAN_POINT('',(0.,-0.2));
#376 = ( GEOMETRIC_REPRESENTATION_CONTEXT(2) 
PARAMETRIC_REPRESENTATION_CONTEXT() REPRESENTATION_CONTEXT('2D SPACE',''
  ) );
#377 = ORIENTED_EDGE('',*,*,#378,.T.);
#378 = EDGE_CURVE('',#328,#379,#381,.T.);
#379 = VERTEX_POINT('',#380);
#380 = CARTESIAN_POINT('',(0.8326171875,-2.67,6.230517578125));
#381 = SURFACE_CURVE('',#382,(#393,#407),.PCURVE_S1.);
#382 = B_SPLINE_CURVE_WITH_KNOTS('',5,(#383,#384,#385,#386,#387,#388,
    #389,#390,#391,#392),.UNSPECIFIED.,.F.,.F.,(6,4,6),(0.,
    0.719425723128,1.),.UNSPECIFIED.);
#383 = CARTESIAN_POINT('',(0.987451171875,-2.67,5.764990234375));
#384 = CARTESIAN_POINT('',(0.987451171875,-2.67,5.842049706601));
#385 = CARTESIAN_POINT('',(0.979726933743,-2.67,5.916042043557));
#386 = CARTESIAN_POINT('',(0.963908369851,-2.67,5.986514418917));
#387 = CARTESIAN_POINT('',(0.9398264812,-2.67,6.053072318924));
#388 = CARTESIAN_POINT('',(0.895074197189,-2.67,6.139753503165));
#389 = CARTESIAN_POINT('',(0.881283280387,-2.67,6.16343641995));
#390 = CARTESIAN_POINT('',(0.866266147099,-2.67,6.186465714877));
#391 = CARTESIAN_POINT('',(0.850037260731,-2.67,6.208829010128));
#392 = CARTESIAN_POINT('',(0.8326171875,-2.67,6.230517578125));
#393 = PCURVE('',#32,#394);
#394 = DEFINITIONAL_REPRESENTATION('',(#395),#406);
#395 = B_SPLINE_CURVE_WITH_KNOTS('',5,(#396,#397,#398,#399,#400,#401,
    #402,#403,#404,#405),.UNSPECIFIED.,.F.,.F.,(6,4,6),(0.,
    0.719425723128,1.),.UNSPECIFIED.);
#396 = CARTESIAN_POINT('',(5.437451171875,-5.764990234375));
#397 = CARTESIAN_POINT('',(5.437451171875,-5.842049706601));
#398 = CARTESIAN_POINT('',(5.429726933743,-5.916042043557));
#399 = CARTESIAN_POINT('',(5.413908369851,-5.986514418917));
#400 = CARTESIAN_POINT('',(5.3898264812,-6.053072318924));
#401 = CARTESIAN_POINT('',(5.345074197189,-6.139753503165));
#402 = CARTESIAN_POINT('',(5.331283280387,-6.16343641995));
#403 = CARTESIAN_POINT('',(5.316266147099,-6.186465714877));
#404 = CARTESIAN_POINT('',(5.300037260731,-6.208829010128));
#405 = CARTESIAN_POINT('',(5.2826171875,-6.230517578125));
#406 = ( GEOMETRIC_REPRESENTATION_CONTEXT(2) 
PARAMETRIC_REPRESENTATION_CONTEXT() REPRESENTATION_CONTEXT('2D SPACE',''
  ) );
#407 = PCURVE('',#408,#415);
#408 = SURFACE_OF_LINEAR_EXTRUSION('',#409,#413);
#409 = B_SPLINE_CURVE_WITH_KNOTS('',2,(#410,#411,#412),.UNSPECIFIED.,.F.
  ,.F.,(3,3),(0.,1.),.PIECEWISE_BEZIER_KNOTS.);
#410 = CARTESIAN_POINT('',(0.8326171875,-2.47,6.230517578125));
#411 = CARTESIAN_POINT('',(0.987451171875,-2.47,6.037744140625));
#412 = CARTESIAN_POINT('',(0.987451171875,-2.47,5.764990234375));
#413 = VECTOR('',#414,1.);
#414 = DIRECTION('',(-0.,1.,-0.));
#415 = DEFINITIONAL_REPRESENTATION('',(#416),#427);
#416 = B_SPLINE_CURVE_WITH_KNOTS('',5,(#417,#418,#419,#420,#421,#422,
    #423,#424,#425,#426),.UNSPECIFIED.,.F.,.F.,(6,4,6),(0.,
    0.719425723128,1.),.UNSPECIFIED.);
#417 = CARTESIAN_POINT('',(1.,-0.2));
#418 = CARTESIAN_POINT('',(0.858738096026,-0.2));
#419 = CARTESIAN_POINT('',(0.71578443162,-0.2));
#420 = CARTESIAN_POINT('',(0.5716186612,-0.2));
#421 = CARTESIAN_POINT('',(0.426803959581,-0.2));
#422 = CARTESIAN_POINT('',(0.225526809034,-0.2));
#423 = CARTESIAN_POINT('',(0.169053371043,-0.2));
#424 = CARTESIAN_POINT('',(0.112616984799,-0.2));
#425 = CARTESIAN_POINT('',(5.625403654635E-02,-0.2));
#426 = CARTESIAN_POINT('',(0.,-0.2));
#427 = ( GEOMETRIC_REPRESENTATION_CONTEXT(2) 
PARAMETRIC_REPRESENTATION_CONTEXT() REPRESENTATION_CONTEXT('2D SPACE',''
  ) );
#428 = ORIENTED_EDGE('',*,*,#429,.T.);
#429 = EDGE_CURVE('',#379,#430,#432,.T.);
#430 = VERTEX_POINT('',#431);
#431 = CARTESIAN_POINT('',(0.419384765625,-2.67,6.478662109375));
#432 = SURFACE_CURVE('',#433,(#444,#458),.PCURVE_S1.);
#433 = B_SPLINE_CURVE_WITH_KNOTS('',5,(#434,#435,#436,#437,#438,#439,
    #440,#441,#442,#443),.UNSPECIFIED.,.F.,.F.,(6,4,6),(0.,
    0.352933735993,1.),.UNSPECIFIED.);
#434 = CARTESIAN_POINT('',(0.8326171875,-2.67,6.230517578125));
#435 = CARTESIAN_POINT('',(0.810779727495,-2.67,6.257705938926));
#436 = CARTESIAN_POINT('',(0.787589983308,-2.67,6.283266823406));
#437 = CARTESIAN_POINT('',(0.763053304059,-2.67,6.307153667453));
#438 = CARTESIAN_POINT('',(0.737186220208,-2.67,6.329332603347));
#439 = CARTESIAN_POINT('',(0.660203563458,-2.67,6.387275084705));
#440 = CARTESIAN_POINT('',(0.606009026684,-2.67,6.418958287699));
#441 = CARTESIAN_POINT('',(0.547609403536,-2.67,6.444697599607));
#442 = CARTESIAN_POINT('',(0.485285462805,-2.67,6.464540531408));
#443 = CARTESIAN_POINT('',(0.419384765625,-2.67,6.478662109375));
#444 = PCURVE('',#32,#445);
#445 = DEFINITIONAL_REPRESENTATION('',(#446),#457);
#446 = B_SPLINE_CURVE_WITH_KNOTS('',5,(#447,#448,#449,#450,#451,#452,
    #453,#454,#455,#456),.UNSPECIFIED.,.F.,.F.,(6,4,6),(0.,
    0.352933735993,1.),.UNSPECIFIED.);
#447 = CARTESIAN_POINT('',(5.2826171875,-6.230517578125));
#448 = CARTESIAN_POINT('',(5.260779727495,-6.257705938926));
#449 = CARTESIAN_POINT('',(5.237589983308,-6.283266823406));
#450 = CARTESIAN_POINT('',(5.213053304059,-6.307153667453));
#451 = CARTESIAN_POINT('',(5.187186220208,-6.329332603347));
#452 = CARTESIAN_POINT('',(5.110203563458,-6.387275084705));
#453 = CARTESIAN_POINT('',(5.056009026684,-6.418958287699));
#454 = CARTESIAN_POINT('',(4.997609403536,-6.444697599607));
#455 = CARTESIAN_POINT('',(4.935285462805,-6.464540531408));
#456 = CARTESIAN_POINT('',(4.869384765625,-6.478662109375));
#457 = ( GEOMETRIC_REPRESENTATION_CONTEXT(2) 
PARAMETRIC_REPRESENTATION_CONTEXT() REPRESENTATION_CONTEXT('2D SPACE',''
  ) );
#458 = PCURVE('',#459,#466);
#459 = SURFACE_OF_LINEAR_EXTRUSION('',#460,#464);
#460 = B_SPLINE_CURVE_WITH_KNOTS('',2,(#461,#462,#463),.UNSPECIFIED.,.F.
  ,.F.,(3,3),(0.,1.),.PIECEWISE_BEZIER_KNOTS.);
#461 = CARTESIAN_POINT('',(0.419384765625,-2.47,6.478662109375));
#462 = CARTESIAN_POINT('',(0.677783203125,-2.47,6.423291015625));
#463 = CARTESIAN_POINT('',(0.8326171875,-2.47,6.230517578125));
#464 = VECTOR('',#465,1.);
#465 = DIRECTION('',(-0.,1.,-0.));
#466 = DEFINITIONAL_REPRESENTATION('',(#467),#478);
#467 = B_SPLINE_CURVE_WITH_KNOTS('',5,(#468,#469,#470,#471,#472,#473,
    #474,#475,#476,#477),.UNSPECIFIED.,.F.,.F.,(6,4,6),(0.,
    0.352933735993,1.),.UNSPECIFIED.);
#468 = CARTESIAN_POINT('',(1.,-0.2));
#469 = CARTESIAN_POINT('',(0.929481049999,-0.2));
#470 = CARTESIAN_POINT('',(0.858752852573,-0.2));
#471 = CARTESIAN_POINT('',(0.787882787686,-0.2));
#472 = CARTESIAN_POINT('',(0.716940920226,-0.2));
#473 = CARTESIAN_POINT('',(0.515937408827,-0.2));
#474 = CARTESIAN_POINT('',(0.38586996436,-0.2));
#475 = CARTESIAN_POINT('',(0.256260667285,-0.2));
#476 = CARTESIAN_POINT('',(0.127517599986,-0.2));
#477 = CARTESIAN_POINT('',(0.,-0.2));
#478 = ( GEOMETRIC_REPRESENTATION_CONTEXT(2) 
PARAMETRIC_REPRESENTATION_CONTEXT() REPRESENTATION_CONTEXT('2D SPACE',''
  ) );
#479 = ORIENTED_EDGE('',*,*,#480,.T.);
#480 = EDGE_CURVE('',#430,#481,#483,.T.);
#481 = VERTEX_POINT('',#482);
#482 = CARTESIAN_POINT('',(0.852099609375,-2.67,7.110302734375));
#483 = SURFACE_CURVE('',#484,(#499,#517),.PCURVE_S1.);
#484 = B_SPLINE_CURVE_WITH_KNOTS('',5,(#485,#486,#487,#488,#489,#490,
    #491,#492,#493,#494,#495,#496,#497,#498),.UNSPECIFIED.,.F.,.F.,(6,4,
    4,6),(0.,0.259455154165,0.709187603282,1.),.UNSPECIFIED.);
#485 = CARTESIAN_POINT('',(0.419384765625,-2.67,6.478662109375));
#486 = CARTESIAN_POINT('',(0.460529158131,-2.67,6.501086778276));
#487 = CARTESIAN_POINT('',(0.499970086918,-2.67,6.524819619694));
#488 = CARTESIAN_POINT('',(0.53751984942,-2.67,6.549919146964));
#489 = CARTESIAN_POINT('',(0.572964836884,-2.67,6.57643243073));
#490 = CARTESIAN_POINT('',(0.663519995372,-2.67,6.652811273472));
#491 = CARTESIAN_POINT('',(0.714012811497,-2.67,6.70556387735));
#492 = CARTESIAN_POINT('',(0.756406868215,-2.67,6.762668925413));
#493 = CARTESIAN_POINT('',(0.789712125901,-2.67,6.823922382287));
#494 = CARTESIAN_POINT('',(0.829166592731,-2.67,6.930440281571));
#495 = CARTESIAN_POINT('',(0.840757461371,-2.67,6.973717391618));
#496 = CARTESIAN_POINT('',(0.848376040111,-2.67,7.018259695749));
#497 = CARTESIAN_POINT('',(0.852099609375,-2.67,7.063860207394));
#498 = CARTESIAN_POINT('',(0.852099609375,-2.67,7.110302734375));
#499 = PCURVE('',#32,#500);
#500 = DEFINITIONAL_REPRESENTATION('',(#501),#516);
#501 = B_SPLINE_CURVE_WITH_KNOTS('',5,(#502,#503,#504,#505,#506,#507,
    #508,#509,#510,#511,#512,#513,#514,#515),.UNSPECIFIED.,.F.,.F.,(6,4,
    4,6),(0.,0.259455154165,0.709187603282,1.),.UNSPECIFIED.);
#502 = CARTESIAN_POINT('',(4.869384765625,-6.478662109375));
#503 = CARTESIAN_POINT('',(4.910529158131,-6.501086778276));
#504 = CARTESIAN_POINT('',(4.949970086918,-6.524819619694));
#505 = CARTESIAN_POINT('',(4.98751984942,-6.549919146964));
#506 = CARTESIAN_POINT('',(5.022964836884,-6.57643243073));
#507 = CARTESIAN_POINT('',(5.113519995372,-6.652811273472));
#508 = CARTESIAN_POINT('',(5.164012811497,-6.70556387735));
#509 = CARTESIAN_POINT('',(5.206406868215,-6.762668925413));
#510 = CARTESIAN_POINT('',(5.239712125901,-6.823922382287));
#511 = CARTESIAN_POINT('',(5.279166592731,-6.930440281571));
#512 = CARTESIAN_POINT('',(5.290757461371,-6.973717391618));
#513 = CARTESIAN_POINT('',(5.298376040111,-7.018259695749));
#514 = CARTESIAN_POINT('',(5.302099609375,-7.063860207394));
#515 = CARTESIAN_POINT('',(5.302099609375,-7.110302734375));
#516 = ( GEOMETRIC_REPRESENTATION_CONTEXT(2) 
PARAMETRIC_REPRESENTATION_CONTEXT() REPRESENTATION_CONTEXT('2D SPACE',''
  ) );
#517 = PCURVE('',#518,#525);
#518 = SURFACE_OF_LINEAR_EXTRUSION('',#519,#523);
#519 = B_SPLINE_CURVE_WITH_KNOTS('',2,(#520,#521,#522),.UNSPECIFIED.,.F.
  ,.F.,(3,3),(0.,1.),.PIECEWISE_BEZIER_KNOTS.);
#520 = CARTESIAN_POINT('',(0.852099609375,-2.47,7.110302734375));
#521 = CARTESIAN_POINT('',(0.852099609375,-2.47,6.714501953125));
#522 = CARTESIAN_POINT('',(0.419384765625,-2.47,6.478662109375));
#523 = VECTOR('',#524,1.);
#524 = DIRECTION('',(-0.,1.,-0.));
#525 = DEFINITIONAL_REPRESENTATION('',(#526),#541);
#526 = B_SPLINE_CURVE_WITH_KNOTS('',5,(#527,#528,#529,#530,#531,#532,
    #533,#534,#535,#536,#537,#538,#539,#540),.UNSPECIFIED.,.F.,.F.,(6,4,
    4,6),(0.,0.259455154165,0.709187603282,1.),.UNSPECIFIED.);
#527 = CARTESIAN_POINT('',(1.,-0.2));
#528 = CARTESIAN_POINT('',(0.952457844814,-0.2));
#529 = CARTESIAN_POINT('',(0.904058622004,-0.2));
#530 = CARTESIAN_POINT('',(0.854816068709,-0.2));
#531 = CARTESIAN_POINT('',(0.804770475063,-0.2));
#532 = CARTESIAN_POINT('',(0.66599585082,-0.2));
#533 = CARTESIAN_POINT('',(0.575775974993,-0.2));
#534 = CARTESIAN_POINT('',(0.483839844347,-0.2));
#535 = CARTESIAN_POINT('',(0.390907545365,-0.2));
#536 = CARTESIAN_POINT('',(0.237922800781,-0.2));
#537 = CARTESIAN_POINT('',(0.17783968778,-0.2));
#538 = CARTESIAN_POINT('',(0.118013314237,-0.2));
#539 = CARTESIAN_POINT('',(5.866906936663E-02,-0.2));
#540 = CARTESIAN_POINT('',(0.,-0.2));
#541 = ( GEOMETRIC_REPRESENTATION_CONTEXT(2) 
PARAMETRIC_REPRESENTATION_CONTEXT() REPRESENTATION_CONTEXT('2D SPACE',''
  ) );
#542 = ORIENTED_EDGE('',*,*,#543,.T.);
#543 = EDGE_CURVE('',#481,#544,#546,.T.);
#544 = VERTEX_POINT('',#545);
#545 = CARTESIAN_POINT('',(0.640869140625,-2.67,7.610693359375));
#546 = SURFACE_CURVE('',#547,(#558,#572),.PCURVE_S1.);
#547 = B_SPLINE_CURVE_WITH_KNOTS('',5,(#548,#549,#550,#551,#552,#553,
    #554,#555,#556,#557),.UNSPECIFIED.,.F.,.F.,(6,4,6),(0.,
    0.332216387673,1.),.UNSPECIFIED.);
#548 = CARTESIAN_POINT('',(0.852099609375,-2.67,7.110302734375));
#549 = CARTESIAN_POINT('',(0.852099609375,-2.67,7.147361078564));
#550 = CARTESIAN_POINT('',(0.849769076184,-2.67,7.183936662115));
#551 = CARTESIAN_POINT('',(0.845069278671,-2.67,7.219971264774));
#552 = CARTESIAN_POINT('',(0.837987209116,-2.67,7.255411007944));
#553 = CARTESIAN_POINT('',(0.809536999362,-2.67,7.360148004777));
#554 = CARTESIAN_POINT('',(0.780962291165,-2.67,7.427496603623));
#555 = CARTESIAN_POINT('',(0.742921013699,-2.67,7.491828210612));
#556 = CARTESIAN_POINT('',(0.695964629901,-2.67,7.552923331785));
#557 = CARTESIAN_POINT('',(0.640869140625,-2.67,7.610693359375));
#558 = PCURVE('',#32,#559);
#559 = DEFINITIONAL_REPRESENTATION('',(#560),#571);
#560 = B_SPLINE_CURVE_WITH_KNOTS('',5,(#561,#562,#563,#564,#565,#566,
    #567,#568,#569,#570),.UNSPECIFIED.,.F.,.F.,(6,4,6),(0.,
    0.332216387673,1.),.UNSPECIFIED.);
#561 = CARTESIAN_POINT('',(5.302099609375,-7.110302734375));
#562 = CARTESIAN_POINT('',(5.302099609375,-7.147361078564));
#563 = CARTESIAN_POINT('',(5.299769076184,-7.183936662115));
#564 = CARTESIAN_POINT('',(5.295069278671,-7.219971264774));
#565 = CARTESIAN_POINT('',(5.287987209116,-7.255411007944));
#566 = CARTESIAN_POINT('',(5.259536999362,-7.360148004777));
#567 = CARTESIAN_POINT('',(5.230962291165,-7.427496603623));
#568 = CARTESIAN_POINT('',(5.192921013699,-7.491828210612));
#569 = CARTESIAN_POINT('',(5.145964629901,-7.552923331785));
#570 = CARTESIAN_POINT('',(5.090869140625,-7.610693359375));
#571 = ( GEOMETRIC_REPRESENTATION_CONTEXT(2) 
PARAMETRIC_REPRESENTATION_CONTEXT() REPRESENTATION_CONTEXT('2D SPACE',''
  ) );
#572 = PCURVE('',#573,#580);
#573 = SURFACE_OF_LINEAR_EXTRUSION('',#574,#578);
#574 = B_SPLINE_CURVE_WITH_KNOTS('',2,(#575,#576,#577),.UNSPECIFIED.,.F.
  ,.F.,(3,3),(0.,1.),.PIECEWISE_BEZIER_KNOTS.);
#575 = CARTESIAN_POINT('',(0.640869140625,-2.47,7.610693359375));
#576 = CARTESIAN_POINT('',(0.852099609375,-2.47,7.389208984375));
#577 = CARTESIAN_POINT('',(0.852099609375,-2.47,7.110302734375));
#578 = VECTOR('',#579,1.);
#579 = DIRECTION('',(-0.,1.,-0.));
#580 = DEFINITIONAL_REPRESENTATION('',(#581),#592);
#581 = B_SPLINE_CURVE_WITH_KNOTS('',5,(#582,#583,#584,#585,#586,#587,
    #588,#589,#590,#591),.UNSPECIFIED.,.F.,.F.,(6,4,6),(0.,
    0.332216387673,1.),.UNSPECIFIED.);
#582 = CARTESIAN_POINT('',(1.,-0.2));
#583 = CARTESIAN_POINT('',(0.933564873162,-0.2));
#584 = CARTESIAN_POINT('',(0.866859436202,-0.2));
#585 = CARTESIAN_POINT('',(0.799969186313,-0.2));
#586 = CARTESIAN_POINT('',(0.732984373384,-0.2));
#587 = CARTESIAN_POINT('',(0.531355628176,-0.2));
#588 = CARTESIAN_POINT('',(0.396693029747,-0.2));
#589 = CARTESIAN_POINT('',(0.262825600935,-0.2));
#590 = CARTESIAN_POINT('',(0.130415582567,-0.2));
#591 = CARTESIAN_POINT('',(0.,-0.2));
#592 = ( GEOMETRIC_REPRESENTATION_CONTEXT(2) 
PARAMETRIC_REPRESENTATION_CONTEXT() REPRESENTATION_CONTEXT('2D SPACE',''
  ) );
#593 = ORIENTED_EDGE('',*,*,#594,.T.);
#594 = EDGE_CURVE('',#544,#595,#597,.T.);
#595 = VERTEX_POINT('',#596);
#596 = CARTESIAN_POINT('',(-3.9990234375E-02,-2.67,7.881396484375));
#597 = SURFACE_CURVE('',#598,(#611,#627),.PCURVE_S1.);
#598 = B_SPLINE_CURVE_WITH_KNOTS('',6,(#599,#600,#601,#602,#603,#604,
    #605,#606,#607,#608,#609,#610),.UNSPECIFIED.,.F.,.F.,(7,5,7),(0.,
    0.294363393804,1.),.UNSPECIFIED.);
#599 = CARTESIAN_POINT('',(0.640869140625,-2.67,7.610693359375));
#600 = CARTESIAN_POINT('',(0.615602204848,-2.67,7.637375243556));
#601 = CARTESIAN_POINT('',(0.589238685353,-2.67,7.662602053683));
#602 = CARTESIAN_POINT('',(0.561788746243,-2.67,7.686317910095));
#603 = CARTESIAN_POINT('',(0.533270878672,-2.67,7.708476545422));
#604 = CARTESIAN_POINT('',(0.503712790527,-2.67,7.729042597378));
#605 = CARTESIAN_POINT('',(0.399893854217,-2.67,7.793419841912));
#606 = CARTESIAN_POINT('',(0.320850836108,-2.67,7.829577267703));
#607 = CARTESIAN_POINT('',(0.236584136826,-2.67,7.856104115735));
#608 = CARTESIAN_POINT('',(0.147826866367,-2.67,7.873199471326));
#609 = CARTESIAN_POINT('',(5.537574944105E-02,-2.67,7.881396484375));
#610 = CARTESIAN_POINT('',(-3.9990234375E-02,-2.67,7.881396484375));
#611 = PCURVE('',#32,#612);
#612 = DEFINITIONAL_REPRESENTATION('',(#613),#626);
#613 = B_SPLINE_CURVE_WITH_KNOTS('',6,(#614,#615,#616,#617,#618,#619,
    #620,#621,#622,#623,#624,#625),.UNSPECIFIED.,.F.,.F.,(7,5,7),(0.,
    0.294363393804,1.),.UNSPECIFIED.);
#614 = CARTESIAN_POINT('',(5.090869140625,-7.610693359375));
#615 = CARTESIAN_POINT('',(5.065602204848,-7.637375243556));
#616 = CARTESIAN_POINT('',(5.039238685353,-7.662602053683));
#617 = CARTESIAN_POINT('',(5.011788746243,-7.686317910095));
#618 = CARTESIAN_POINT('',(4.983270878672,-7.708476545422));
#619 = CARTESIAN_POINT('',(4.953712790527,-7.729042597378));
#620 = CARTESIAN_POINT('',(4.849893854217,-7.793419841912));
#621 = CARTESIAN_POINT('',(4.770850836108,-7.829577267703));
#622 = CARTESIAN_POINT('',(4.686584136826,-7.856104115735));
#623 = CARTESIAN_POINT('',(4.597826866367,-7.873199471326));
#624 = CARTESIAN_POINT('',(4.505375749441,-7.881396484375));
#625 = CARTESIAN_POINT('',(4.410009765625,-7.881396484375));
#626 = ( GEOMETRIC_REPRESENTATION_CONTEXT(2) 
PARAMETRIC_REPRESENTATION_CONTEXT() REPRESENTATION_CONTEXT('2D SPACE',''
  ) );
#627 = PCURVE('',#628,#635);
#628 = SURFACE_OF_LINEAR_EXTRUSION('',#629,#633);
#629 = B_SPLINE_CURVE_WITH_KNOTS('',2,(#630,#631,#632),.UNSPECIFIED.,.F.
  ,.F.,(3,3),(0.,1.),.PIECEWISE_BEZIER_KNOTS.);
#630 = CARTESIAN_POINT('',(-3.9990234375E-02,-2.47,7.881396484375));
#631 = CARTESIAN_POINT('',(0.384521484375,-2.47,7.881396484375));
#632 = CARTESIAN_POINT('',(0.640869140625,-2.47,7.610693359375));
#633 = VECTOR('',#634,1.);
#634 = DIRECTION('',(-0.,1.,-0.));
#635 = DEFINITIONAL_REPRESENTATION('',(#636),#649);
#636 = B_SPLINE_CURVE_WITH_KNOTS('',6,(#637,#638,#639,#640,#641,#642,
    #643,#644,#645,#646,#647,#648),.UNSPECIFIED.,.F.,.F.,(7,5,7),(0.,
    0.294363393804,1.),.UNSPECIFIED.);
#637 = CARTESIAN_POINT('',(1.,-0.2));
#638 = CARTESIAN_POINT('',(0.95071744336,-0.2));
#639 = CARTESIAN_POINT('',(0.901207950609,-0.2));
#640 = CARTESIAN_POINT('',(0.851524379207,-0.2));
#641 = CARTESIAN_POINT('',(0.801722361315,-0.2));
#642 = CARTESIAN_POINT('',(0.75186040576,-0.2));
#643 = CARTESIAN_POINT('',(0.58247655298,-0.2));
#644 = CARTESIAN_POINT('',(0.462922198177,-0.2));
#645 = CARTESIAN_POINT('',(0.344261753286,-0.2));
#646 = CARTESIAN_POINT('',(0.227213026267,-0.2));
#647 = CARTESIAN_POINT('',(0.112324324163,-0.2));
#648 = CARTESIAN_POINT('',(0.,-0.2));
#649 = ( GEOMETRIC_REPRESENTATION_CONTEXT(2) 
PARAMETRIC_REPRESENTATION_CONTEXT() REPRESENTATION_CONTEXT('2D SPACE',''
  ) );
#650 = ORIENTED_EDGE('',*,*,#651,.T.);
#651 = EDGE_CURVE('',#595,#652,#654,.T.);
#652 = VERTEX_POINT('',#653);
#653 = CARTESIAN_POINT('',(-0.4880859375,-2.67,7.7880859375));
#654 = SURFACE_CURVE('',#655,(#662,#672),.PCURVE_S1.);
#655 = B_SPLINE_CURVE_WITH_KNOTS('',5,(#656,#657,#658,#659,#660,#661),
  .UNSPECIFIED.,.F.,.F.,(6,6),(0.,1.),.PIECEWISE_BEZIER_KNOTS.);
#656 = CARTESIAN_POINT('',(-3.9990234375E-02,-2.67,7.881396484375));
#657 = CARTESIAN_POINT('',(-0.137916759027,-2.67,7.881396484375));
#658 = CARTESIAN_POINT('',(-0.232084449299,-2.67,7.872314062011));
#659 = CARTESIAN_POINT('',(-0.322067193832,-2.67,7.853803389695));
#660 = CARTESIAN_POINT('',(-0.407493451742,-2.67,7.825695764187));
#661 = CARTESIAN_POINT('',(-0.4880859375,-2.67,7.7880859375));
#662 = PCURVE('',#32,#663);
#663 = DEFINITIONAL_REPRESENTATION('',(#664),#671);
#664 = B_SPLINE_CURVE_WITH_KNOTS('',5,(#665,#666,#667,#668,#669,#670),
  .UNSPECIFIED.,.F.,.F.,(6,6),(0.,1.),.PIECEWISE_BEZIER_KNOTS.);
#665 = CARTESIAN_POINT('',(4.410009765625,-7.881396484375));
#666 = CARTESIAN_POINT('',(4.312083240973,-7.881396484375));
#667 = CARTESIAN_POINT('',(4.217915550701,-7.872314062011));
#668 = CARTESIAN_POINT('',(4.127932806168,-7.853803389695));
#669 = CARTESIAN_POINT('',(4.042506548258,-7.825695764187));
#670 = CARTESIAN_POINT('',(3.9619140625,-7.7880859375));
#671 = ( GEOMETRIC_REPRESENTATION_CONTEXT(2) 
PARAMETRIC_REPRESENTATION_CONTEXT() REPRESENTATION_CONTEXT('2D SPACE',''
  ) );
#672 = PCURVE('',#673,#680);
#673 = SURFACE_OF_LINEAR_EXTRUSION('',#674,#678);
#674 = B_SPLINE_CURVE_WITH_KNOTS('',2,(#675,#676,#677),.UNSPECIFIED.,.F.
  ,.F.,(3,3),(0.,1.),.PIECEWISE_BEZIER_KNOTS.);
#675 = CARTESIAN_POINT('',(-0.4880859375,-2.47,7.7880859375));
#676 = CARTESIAN_POINT('',(-0.288134765625,-2.47,7.881396484375));
#677 = CARTESIAN_POINT('',(-3.9990234375E-02,-2.47,7.881396484375));
#678 = VECTOR('',#679,1.);
#679 = DIRECTION('',(-0.,1.,-0.));
#680 = DEFINITIONAL_REPRESENTATION('',(#681),#688);
#681 = B_SPLINE_CURVE_WITH_KNOTS('',5,(#682,#683,#684,#685,#686,#687),
  .UNSPECIFIED.,.F.,.F.,(6,6),(0.,1.),.PIECEWISE_BEZIER_KNOTS.);
#682 = CARTESIAN_POINT('',(1.,-0.2));
#683 = CARTESIAN_POINT('',(0.802682484763,-0.2));
#684 = CARTESIAN_POINT('',(0.603486856281,-0.2));
#685 = CARTESIAN_POINT('',(0.402911810034,-0.2));
#686 = CARTESIAN_POINT('',(0.201530416156,-0.2));
#687 = CARTESIAN_POINT('',(0.,-0.2));
#688 = ( GEOMETRIC_REPRESENTATION_CONTEXT(2) 
PARAMETRIC_REPRESENTATION_CONTEXT() REPRESENTATION_CONTEXT('2D SPACE',''
  ) );
#689 = ORIENTED_EDGE('',*,*,#690,.T.);
#690 = EDGE_CURVE('',#652,#691,#693,.T.);
#691 = VERTEX_POINT('',#692);
#692 = CARTESIAN_POINT('',(-0.7998046875,-2.67,7.53173828125));
#693 = SURFACE_CURVE('',#694,(#705,#719),.PCURVE_S1.);
#694 = B_SPLINE_CURVE_WITH_KNOTS('',5,(#695,#696,#697,#698,#699,#700,
    #701,#702,#703,#704),.UNSPECIFIED.,.F.,.F.,(6,4,6),(0.,
    0.879584203046,1.),.UNSPECIFIED.);
#695 = CARTESIAN_POINT('',(-0.4880859375,-2.67,7.7880859375));
#696 = CARTESIAN_POINT('',(-0.557615024454,-2.67,7.755639030255));
#697 = CARTESIAN_POINT('',(-0.621045823872,-2.67,7.717658589678));
#698 = CARTESIAN_POINT('',(-0.677992051114,-2.67,7.674051913381));
#699 = CARTESIAN_POINT('',(-0.728174640664,-2.67,7.624835480256));
#700 = CARTESIAN_POINT('',(-0.777392437873,-2.67,7.562688974044));
#701 = CARTESIAN_POINT('',(-0.783189912711,-2.67,7.555103431596));
#702 = CARTESIAN_POINT('',(-0.788857944562,-2.67,7.547416166931));
#703 = CARTESIAN_POINT('',(-0.794396271556,-2.67,7.539627621939));
#704 = CARTESIAN_POINT('',(-0.7998046875,-2.67,7.53173828125));
#705 = PCURVE('',#32,#706);
#706 = DEFINITIONAL_REPRESENTATION('',(#707),#718);
#707 = B_SPLINE_CURVE_WITH_KNOTS('',5,(#708,#709,#710,#711,#712,#713,
    #714,#715,#716,#717),.UNSPECIFIED.,.F.,.F.,(6,4,6),(0.,
    0.879584203046,1.),.UNSPECIFIED.);
#708 = CARTESIAN_POINT('',(3.9619140625,-7.7880859375));
#709 = CARTESIAN_POINT('',(3.892384975546,-7.755639030255));
#710 = CARTESIAN_POINT('',(3.828954176128,-7.717658589678));
#711 = CARTESIAN_POINT('',(3.772007948886,-7.674051913381));
#712 = CARTESIAN_POINT('',(3.721825359336,-7.624835480256));
#713 = CARTESIAN_POINT('',(3.672607562127,-7.562688974044));
#714 = CARTESIAN_POINT('',(3.666810087289,-7.555103431596));
#715 = CARTESIAN_POINT('',(3.661142055438,-7.547416166931));
#716 = CARTESIAN_POINT('',(3.655603728444,-7.539627621939));
#717 = CARTESIAN_POINT('',(3.6501953125,-7.53173828125));
#718 = ( GEOMETRIC_REPRESENTATION_CONTEXT(2) 
PARAMETRIC_REPRESENTATION_CONTEXT() REPRESENTATION_CONTEXT('2D SPACE',''
  ) );
#719 = PCURVE('',#720,#727);
#720 = SURFACE_OF_LINEAR_EXTRUSION('',#721,#725);
#721 = B_SPLINE_CURVE_WITH_KNOTS('',2,(#722,#723,#724),.UNSPECIFIED.,.F.
  ,.F.,(3,3),(0.,1.),.PIECEWISE_BEZIER_KNOTS.);
#722 = CARTESIAN_POINT('',(-0.7998046875,-2.47,7.53173828125));
#723 = CARTESIAN_POINT('',(-0.688037109375,-2.47,7.694775390625));
#724 = CARTESIAN_POINT('',(-0.4880859375,-2.47,7.7880859375));
#725 = VECTOR('',#726,1.);
#726 = DIRECTION('',(-0.,1.,-0.));
#727 = DEFINITIONAL_REPRESENTATION('',(#728),#739);
#728 = B_SPLINE_CURVE_WITH_KNOTS('',5,(#729,#730,#731,#732,#733,#734,
    #735,#736,#737,#738),.UNSPECIFIED.,.F.,.F.,(6,4,6),(0.,
    0.879584203046,1.),.UNSPECIFIED.);
#729 = CARTESIAN_POINT('',(1.,-0.2));
#730 = CARTESIAN_POINT('',(0.826134835065,-0.2));
#731 = CARTESIAN_POINT('',(0.65085439749,-0.2));
#732 = CARTESIAN_POINT('',(0.474581762597,-0.2));
#733 = CARTESIAN_POINT('',(0.297788538425,-0.2));
#734 = CARTESIAN_POINT('',(9.679750446518E-02,-0.2));
#735 = CARTESIAN_POINT('',(7.259496479798E-02,-0.2));
#736 = CARTESIAN_POINT('',(4.839367417919E-02,-0.2));
#737 = CARTESIAN_POINT('',(2.419492322759E-02,-0.2));
#738 = CARTESIAN_POINT('',(0.,-0.2));
#739 = ( GEOMETRIC_REPRESENTATION_CONTEXT(2) 
PARAMETRIC_REPRESENTATION_CONTEXT() REPRESENTATION_CONTEXT('2D SPACE',''
  ) );
#740 = ORIENTED_EDGE('',*,*,#741,.T.);
#741 = EDGE_CURVE('',#691,#742,#744,.T.);
#742 = VERTEX_POINT('',#743);
#743 = CARTESIAN_POINT('',(-0.966943359375,-2.67,7.095947265625));
#744 = SURFACE_CURVE('',#745,(#752,#762),.PCURVE_S1.);
#745 = B_SPLINE_CURVE_WITH_KNOTS('',5,(#746,#747,#748,#749,#750,#751),
  .UNSPECIFIED.,.F.,.F.,(6,6),(0.,1.),.PIECEWISE_BEZIER_KNOTS.);
#746 = CARTESIAN_POINT('',(-0.7998046875,-2.67,7.53173828125));
#747 = CARTESIAN_POINT('',(-0.845774194896,-2.67,7.464681843856));
#748 = CARTESIAN_POINT('',(-0.885307961724,-2.67,7.386714426467));
#749 = CARTESIAN_POINT('',(-0.918461305752,-2.67,7.298596684974));
#750 = CARTESIAN_POINT('',(-0.945546318777,-2.67,7.201347502646));
#751 = CARTESIAN_POINT('',(-0.966943359375,-2.67,7.095947265625));
#752 = PCURVE('',#32,#753);
#753 = DEFINITIONAL_REPRESENTATION('',(#754),#761);
#754 = B_SPLINE_CURVE_WITH_KNOTS('',5,(#755,#756,#757,#758,#759,#760),
  .UNSPECIFIED.,.F.,.F.,(6,6),(0.,1.),.PIECEWISE_BEZIER_KNOTS.);
#755 = CARTESIAN_POINT('',(3.6501953125,-7.53173828125));
#756 = CARTESIAN_POINT('',(3.604225805104,-7.464681843856));
#757 = CARTESIAN_POINT('',(3.564692038276,-7.386714426467));
#758 = CARTESIAN_POINT('',(3.531538694248,-7.298596684974));
#759 = CARTESIAN_POINT('',(3.504453681223,-7.201347502646));
#760 = CARTESIAN_POINT('',(3.483056640625,-7.095947265625));
#761 = ( GEOMETRIC_REPRESENTATION_CONTEXT(2) 
PARAMETRIC_REPRESENTATION_CONTEXT() REPRESENTATION_CONTEXT('2D SPACE',''
  ) );
#762 = PCURVE('',#763,#770);
#763 = SURFACE_OF_LINEAR_EXTRUSION('',#764,#768);
#764 = B_SPLINE_CURVE_WITH_KNOTS('',2,(#765,#766,#767),.UNSPECIFIED.,.F.
  ,.F.,(3,3),(0.,1.),.PIECEWISE_BEZIER_KNOTS.);
#765 = CARTESIAN_POINT('',(-0.966943359375,-2.47,7.095947265625));
#766 = CARTESIAN_POINT('',(-0.911572265625,-2.47,7.368701171875));
#767 = CARTESIAN_POINT('',(-0.7998046875,-2.47,7.53173828125));
#768 = VECTOR('',#769,1.);
#769 = DIRECTION('',(-0.,1.,-0.));
#770 = DEFINITIONAL_REPRESENTATION('',(#771),#778);
#771 = B_SPLINE_CURVE_WITH_KNOTS('',5,(#772,#773,#774,#775,#776,#777),
  .UNSPECIFIED.,.F.,.F.,(6,6),(0.,1.),.PIECEWISE_BEZIER_KNOTS.);
#772 = CARTESIAN_POINT('',(1.,-0.2));
#773 = CARTESIAN_POINT('',(0.794352225542,-0.2));
#774 = CARTESIAN_POINT('',(0.590819514019,-0.2));
#775 = CARTESIAN_POINT('',(0.390260050894,-0.2));
#776 = CARTESIAN_POINT('',(0.193214899229,-0.2));
#777 = CARTESIAN_POINT('',(0.,-0.2));
#778 = ( GEOMETRIC_REPRESENTATION_CONTEXT(2) 
PARAMETRIC_REPRESENTATION_CONTEXT() REPRESENTATION_CONTEXT('2D SPACE',''
  ) );
#779 = ORIENTED_EDGE('',*,*,#780,.F.);
#780 = EDGE_CURVE('',#781,#742,#783,.T.);
#781 = VERTEX_POINT('',#782);
#782 = CARTESIAN_POINT('',(-0.435791015625,-2.67,7.005712890625));
#783 = SURFACE_CURVE('',#784,(#788,#794),.PCURVE_S1.);
#784 = LINE('',#785,#786);
#785 = CARTESIAN_POINT('',(-1.808206860846,-2.67,7.238864617226));
#786 = VECTOR('',#787,1.);
#787 = DIRECTION('',(-0.985874708123,0.,0.167484506399));
#788 = PCURVE('',#32,#789);
#789 = DEFINITIONAL_REPRESENTATION('',(#790),#793);
#790 = B_SPLINE_CURVE_WITH_KNOTS('',1,(#791,#792),.UNSPECIFIED.,.F.,.F.,
  (2,2),(-1.392079372677,-0.853316851056),.PIECEWISE_BEZIER_KNOTS.);
#791 = CARTESIAN_POINT('',(4.014208984375,-7.005712890625));
#792 = CARTESIAN_POINT('',(3.483056640625,-7.095947265625));
#793 = ( GEOMETRIC_REPRESENTATION_CONTEXT(2) 
PARAMETRIC_REPRESENTATION_CONTEXT() REPRESENTATION_CONTEXT('2D SPACE',''
  ) );
#794 = PCURVE('',#795,#800);
#795 = PLANE('',#796);
#796 = AXIS2_PLACEMENT_3D('',#797,#798,#799);
#797 = CARTESIAN_POINT('',(-0.435791015625,-2.47,7.005712890625));
#798 = DIRECTION('',(-0.167484506399,-0.,-0.985874708123));
#799 = DIRECTION('',(-0.985874708123,0.,0.167484506399));
#800 = DEFINITIONAL_REPRESENTATION('',(#801),#804);
#801 = B_SPLINE_CURVE_WITH_KNOTS('',1,(#802,#803),.UNSPECIFIED.,.F.,.F.,
  (2,2),(-1.392079372677,-0.853316851056),.PIECEWISE_BEZIER_KNOTS.);
#802 = CARTESIAN_POINT('',(0.,-0.2));
#803 = CARTESIAN_POINT('',(0.53876252162,-0.2));
#804 = ( GEOMETRIC_REPRESENTATION_CONTEXT(2) 
PARAMETRIC_REPRESENTATION_CONTEXT() REPRESENTATION_CONTEXT('2D SPACE',''
  ) );
#805 = ORIENTED_EDGE('',*,*,#806,.T.);
#806 = EDGE_CURVE('',#781,#807,#809,.T.);
#807 = VERTEX_POINT('',#808);
#808 = CARTESIAN_POINT('',(-0.308642578125,-2.67,7.305126953125));
#809 = SURFACE_CURVE('',#810,(#817,#827),.PCURVE_S1.);
#810 = B_SPLINE_CURVE_WITH_KNOTS('',5,(#811,#812,#813,#814,#815,#816),
  .UNSPECIFIED.,.F.,.F.,(6,6),(0.,1.),.PIECEWISE_BEZIER_KNOTS.);
#811 = CARTESIAN_POINT('',(-0.435791015625,-2.67,7.005712890625));
#812 = CARTESIAN_POINT('',(-0.426949624574,-2.67,7.082874121612));
#813 = CARTESIAN_POINT('',(-0.410106453679,-2.67,7.152080418733));
#814 = CARTESIAN_POINT('',(-0.384843371684,-2.67,7.212540827679));
#815 = CARTESIAN_POINT('',(-0.350958779151,-2.67,7.263640481531));
#816 = CARTESIAN_POINT('',(-0.308642578125,-2.67,7.305126953125));
#817 = PCURVE('',#32,#818);
#818 = DEFINITIONAL_REPRESENTATION('',(#819),#826);
#819 = B_SPLINE_CURVE_WITH_KNOTS('',5,(#820,#821,#822,#823,#824,#825),
  .UNSPECIFIED.,.F.,.F.,(6,6),(0.,1.),.PIECEWISE_BEZIER_KNOTS.);
#820 = CARTESIAN_POINT('',(4.014208984375,-7.005712890625));
#821 = CARTESIAN_POINT('',(4.023050375426,-7.082874121612));
#822 = CARTESIAN_POINT('',(4.039893546321,-7.152080418733));
#823 = CARTESIAN_POINT('',(4.065156628316,-7.212540827679));
#824 = CARTESIAN_POINT('',(4.099041220849,-7.263640481531));
#825 = CARTESIAN_POINT('',(4.141357421875,-7.305126953125));
#826 = ( GEOMETRIC_REPRESENTATION_CONTEXT(2) 
PARAMETRIC_REPRESENTATION_CONTEXT() REPRESENTATION_CONTEXT('2D SPACE',''
  ) );
#827 = PCURVE('',#828,#835);
#828 = SURFACE_OF_LINEAR_EXTRUSION('',#829,#833);
#829 = B_SPLINE_CURVE_WITH_KNOTS('',2,(#830,#831,#832),.UNSPECIFIED.,.F.
  ,.F.,(3,3),(0.,1.),.PIECEWISE_BEZIER_KNOTS.);
#830 = CARTESIAN_POINT('',(-0.308642578125,-2.47,7.305126953125));
#831 = CARTESIAN_POINT('',(-0.413232421875,-2.47,7.202587890625));
#832 = CARTESIAN_POINT('',(-0.435791015625,-2.47,7.005712890625));
#833 = VECTOR('',#834,1.);
#834 = DIRECTION('',(-0.,1.,-0.));
#835 = DEFINITIONAL_REPRESENTATION('',(#836),#843);
#836 = B_SPLINE_CURVE_WITH_KNOTS('',5,(#837,#838,#839,#840,#841,#842),
  .UNSPECIFIED.,.F.,.F.,(6,6),(0.,1.),.PIECEWISE_BEZIER_KNOTS.);
#837 = CARTESIAN_POINT('',(1.,-0.2));
#838 = CARTESIAN_POINT('',(0.804034968923,-0.2));
#839 = CARTESIAN_POINT('',(0.605271428724,-0.2));
#840 = CARTESIAN_POINT('',(0.404405248289,-0.2));
#841 = CARTESIAN_POINT('',(0.202295937679,-0.2));
#842 = CARTESIAN_POINT('',(0.,-0.2));
#843 = ( GEOMETRIC_REPRESENTATION_CONTEXT(2) 
PARAMETRIC_REPRESENTATION_CONTEXT() REPRESENTATION_CONTEXT('2D SPACE',''
  ) );
#844 = ORIENTED_EDGE('',*,*,#845,.T.);
#845 = EDGE_CURVE('',#807,#846,#848,.T.);
#846 = VERTEX_POINT('',#847);
#847 = CARTESIAN_POINT('',(-5.6396484375E-02,-2.67,7.407666015625));
#848 = SURFACE_CURVE('',#849,(#858,#870),.PCURVE_S1.);
#849 = B_SPLINE_CURVE_WITH_KNOTS('',4,(#850,#851,#852,#853,#854,#855,
    #856,#857),.UNSPECIFIED.,.F.,.F.,(5,3,5),(0.,0.485946009437,1.),
  .UNSPECIFIED.);
#850 = CARTESIAN_POINT('',(-0.308642578125,-2.67,7.305126953125));
#851 = CARTESIAN_POINT('',(-0.283318617963,-2.67,7.329954365049));
#852 = CARTESIAN_POINT('',(-0.25622086947,-2.67,7.350863232487));
#853 = CARTESIAN_POINT('',(-0.227365676175,-2.67,7.367745114112));
#854 = CARTESIAN_POINT('',(-0.164485153499,-2.67,7.394148235257));
#855 = CARTESIAN_POINT('',(-0.130256867999,-2.67,7.403187382016));
#856 = CARTESIAN_POINT('',(-9.419158970666E-02,-2.67,7.407666015625));
#857 = CARTESIAN_POINT('',(-5.6396484375E-02,-2.67,7.407666015625));
#858 = PCURVE('',#32,#859);
#859 = DEFINITIONAL_REPRESENTATION('',(#860),#869);
#860 = B_SPLINE_CURVE_WITH_KNOTS('',4,(#861,#862,#863,#864,#865,#866,
    #867,#868),.UNSPECIFIED.,.F.,.F.,(5,3,5),(0.,0.485946009437,1.),
  .UNSPECIFIED.);
#861 = CARTESIAN_POINT('',(4.141357421875,-7.305126953125));
#862 = CARTESIAN_POINT('',(4.166681382037,-7.329954365049));
#863 = CARTESIAN_POINT('',(4.19377913053,-7.350863232487));
#864 = CARTESIAN_POINT('',(4.222634323825,-7.367745114112));
#865 = CARTESIAN_POINT('',(4.285514846501,-7.394148235257));
#866 = CARTESIAN_POINT('',(4.319743132001,-7.403187382016));
#867 = CARTESIAN_POINT('',(4.355808410293,-7.407666015625));
#868 = CARTESIAN_POINT('',(4.393603515625,-7.407666015625));
#869 = ( GEOMETRIC_REPRESENTATION_CONTEXT(2) 
PARAMETRIC_REPRESENTATION_CONTEXT() REPRESENTATION_CONTEXT('2D SPACE',''
  ) );
#870 = PCURVE('',#871,#878);
#871 = SURFACE_OF_LINEAR_EXTRUSION('',#872,#876);
#872 = B_SPLINE_CURVE_WITH_KNOTS('',2,(#873,#874,#875),.UNSPECIFIED.,.F.
  ,.F.,(3,3),(0.,1.),.PIECEWISE_BEZIER_KNOTS.);
#873 = CARTESIAN_POINT('',(-5.6396484375E-02,-2.47,7.407666015625));
#874 = CARTESIAN_POINT('',(-0.204052734375,-2.47,7.407666015625));
#875 = CARTESIAN_POINT('',(-0.308642578125,-2.47,7.305126953125));
#876 = VECTOR('',#877,1.);
#877 = DIRECTION('',(-0.,1.,-0.));
#878 = DEFINITIONAL_REPRESENTATION('',(#879),#888);
#879 = B_SPLINE_CURVE_WITH_KNOTS('',4,(#880,#881,#882,#883,#884,#885,
    #886,#887),.UNSPECIFIED.,.F.,.F.,(5,3,5),(0.,0.485946009437,1.),
  .UNSPECIFIED.);
#880 = CARTESIAN_POINT('',(1.,-0.2));
#881 = CARTESIAN_POINT('',(0.878936810428,-0.2));
#882 = CARTESIAN_POINT('',(0.757440182901,-0.2));
#883 = CARTESIAN_POINT('',(0.635719688249,-0.2));
#884 = CARTESIAN_POINT('',(0.385239828583,-0.2));
#885 = CARTESIAN_POINT('',(0.256478847795,-0.2));
#886 = CARTESIAN_POINT('',(0.127983425462,-0.2));
#887 = CARTESIAN_POINT('',(0.,-0.2));
#888 = ( GEOMETRIC_REPRESENTATION_CONTEXT(2) 
PARAMETRIC_REPRESENTATION_CONTEXT() REPRESENTATION_CONTEXT('2D SPACE',''
  ) );
#889 = ORIENTED_EDGE('',*,*,#890,.T.);
#890 = EDGE_CURVE('',#846,#891,#893,.T.);
#891 = VERTEX_POINT('',#892);
#892 = CARTESIAN_POINT('',(0.183544921875,-2.67,7.317431640625));
#893 = SURFACE_CURVE('',#894,(#905,#919),.PCURVE_S1.);
#894 = B_SPLINE_CURVE_WITH_KNOTS('',5,(#895,#896,#897,#898,#899,#900,
    #901,#902,#903,#904),.UNSPECIFIED.,.F.,.F.,(6,4,6),(0.,
    0.762691630197,1.),.UNSPECIFIED.);
#895 = CARTESIAN_POINT('',(-5.6396484375E-02,-2.67,7.407666015625));
#896 = CARTESIAN_POINT('',(-1.114685637122E-02,-2.67,7.407666015625));
#897 = CARTESIAN_POINT('',(3.098751500362E-02,-2.67,7.402513767734));
#898 = CARTESIAN_POINT('',(6.983611280521E-02,-2.67,7.392081430689));
#899 = CARTESIAN_POINT('',(0.105271972299,-2.67,7.376318436366));
#900 = CARTESIAN_POINT('',(0.147166516136,-2.67,7.348723444701));
#901 = CARTESIAN_POINT('',(0.156771297196,-2.67,7.341663367912));
#902 = CARTESIAN_POINT('',(0.166036862156,-2.67,7.334093103276));
#903 = CARTESIAN_POINT('',(0.174961712384,-2.67,7.326014850116));
#904 = CARTESIAN_POINT('',(0.183544921875,-2.67,7.317431640625));
#905 = PCURVE('',#32,#906);
#906 = DEFINITIONAL_REPRESENTATION('',(#907),#918);
#907 = B_SPLINE_CURVE_WITH_KNOTS('',5,(#908,#909,#910,#911,#912,#913,
    #914,#915,#916,#917),.UNSPECIFIED.,.F.,.F.,(6,4,6),(0.,
    0.762691630197,1.),.UNSPECIFIED.);
#908 = CARTESIAN_POINT('',(4.393603515625,-7.407666015625));
#909 = CARTESIAN_POINT('',(4.438853143629,-7.407666015625));
#910 = CARTESIAN_POINT('',(4.480987515004,-7.402513767734));
#911 = CARTESIAN_POINT('',(4.519836112805,-7.392081430689));
#912 = CARTESIAN_POINT('',(4.555271972299,-7.376318436366));
#913 = CARTESIAN_POINT('',(4.597166516136,-7.348723444701));
#914 = CARTESIAN_POINT('',(4.606771297196,-7.341663367912));
#915 = CARTESIAN_POINT('',(4.616036862156,-7.334093103276));
#916 = CARTESIAN_POINT('',(4.624961712384,-7.326014850116));
#917 = CARTESIAN_POINT('',(4.633544921875,-7.317431640625));
#918 = ( GEOMETRIC_REPRESENTATION_CONTEXT(2) 
PARAMETRIC_REPRESENTATION_CONTEXT() REPRESENTATION_CONTEXT('2D SPACE',''
  ) );
#919 = PCURVE('',#920,#927);
#920 = SURFACE_OF_LINEAR_EXTRUSION('',#921,#925);
#921 = B_SPLINE_CURVE_WITH_KNOTS('',2,(#922,#923,#924),.UNSPECIFIED.,.F.
  ,.F.,(3,3),(0.,1.),.PIECEWISE_BEZIER_KNOTS.);
#922 = CARTESIAN_POINT('',(0.183544921875,-2.47,7.317431640625));
#923 = CARTESIAN_POINT('',(9.3310546875E-02,-2.47,7.407666015625));
#924 = CARTESIAN_POINT('',(-5.6396484375E-02,-2.47,7.407666015625));
#925 = VECTOR('',#926,1.);
#926 = DIRECTION('',(-0.,1.,-0.));
#927 = DEFINITIONAL_REPRESENTATION('',(#928),#939);
#928 = B_SPLINE_CURVE_WITH_KNOTS('',5,(#929,#930,#931,#932,#933,#934,
    #935,#936,#937,#938),.UNSPECIFIED.,.F.,.F.,(6,4,6),(0.,
    0.762691630197,1.),.UNSPECIFIED.);
#929 = CARTESIAN_POINT('',(1.,-0.2));
#930 = CARTESIAN_POINT('',(0.848872736217,-0.2));
#931 = CARTESIAN_POINT('',(0.696808498683,-0.2));
#932 = CARTESIAN_POINT('',(0.544095376505,-0.2));
#933 = CARTESIAN_POINT('',(0.391046099627,-0.2));
#934 = CARTESIAN_POINT('',(0.190380334372,-0.2));
#935 = CARTESIAN_POINT('',(0.142760615479,-0.2));
#936 = CARTESIAN_POINT('',(9.515076896083E-02,-0.2));
#937 = CARTESIAN_POINT('',(4.756064133567E-02,-0.2));
#938 = CARTESIAN_POINT('',(0.,-0.2));
#939 = ( GEOMETRIC_REPRESENTATION_CONTEXT(2) 
PARAMETRIC_REPRESENTATION_CONTEXT() REPRESENTATION_CONTEXT('2D SPACE',''
  ) );
#940 = ORIENTED_EDGE('',*,*,#941,.T.);
#941 = EDGE_CURVE('',#891,#942,#944,.T.);
#942 = VERTEX_POINT('',#943);
#943 = CARTESIAN_POINT('',(0.273779296875,-2.67,7.075439453125));
#944 = SURFACE_CURVE('',#945,(#956,#970),.PCURVE_S1.);
#945 = B_SPLINE_CURVE_WITH_KNOTS('',5,(#946,#947,#948,#949,#950,#951,
    #952,#953,#954,#955),.UNSPECIFIED.,.F.,.F.,(6,4,6),(0.,
    0.215291689726,1.),.UNSPECIFIED.);
#946 = CARTESIAN_POINT('',(0.183544921875,-2.67,7.317431640625));
#947 = CARTESIAN_POINT('',(0.191335692826,-2.67,7.309640869674));
#948 = CARTESIAN_POINT('',(0.198710149969,-2.67,7.301559367121));
#949 = CARTESIAN_POINT('',(0.20566606036,-2.67,7.293187876572));
#950 = CARTESIAN_POINT('',(0.212201768607,-2.67,7.284527551077));
#951 = CARTESIAN_POINT('',(0.240602438765,-2.67,7.242967201194));
#952 = CARTESIAN_POINT('',(0.25729261472,-2.67,7.206537135492));
#953 = CARTESIAN_POINT('',(0.268332220213,-2.67,7.166367492147));
#954 = CARTESIAN_POINT('',(0.273779296875,-2.67,7.122603089598));
#955 = CARTESIAN_POINT('',(0.273779296875,-2.67,7.075439453125));
#956 = PCURVE('',#32,#957);
#957 = DEFINITIONAL_REPRESENTATION('',(#958),#969);
#958 = B_SPLINE_CURVE_WITH_KNOTS('',5,(#959,#960,#961,#962,#963,#964,
    #965,#966,#967,#968),.UNSPECIFIED.,.F.,.F.,(6,4,6),(0.,
    0.215291689726,1.),.UNSPECIFIED.);
#959 = CARTESIAN_POINT('',(4.633544921875,-7.317431640625));
#960 = CARTESIAN_POINT('',(4.641335692826,-7.309640869674));
#961 = CARTESIAN_POINT('',(4.648710149969,-7.301559367121));
#962 = CARTESIAN_POINT('',(4.65566606036,-7.293187876572));
#963 = CARTESIAN_POINT('',(4.662201768607,-7.284527551077));
#964 = CARTESIAN_POINT('',(4.690602438765,-7.242967201194));
#965 = CARTESIAN_POINT('',(4.70729261472,-7.206537135492));
#966 = CARTESIAN_POINT('',(4.718332220213,-7.166367492147));
#967 = CARTESIAN_POINT('',(4.723779296875,-7.122603089598));
#968 = CARTESIAN_POINT('',(4.723779296875,-7.075439453125));
#969 = ( GEOMETRIC_REPRESENTATION_CONTEXT(2) 
PARAMETRIC_REPRESENTATION_CONTEXT() REPRESENTATION_CONTEXT('2D SPACE',''
  ) );
#970 = PCURVE('',#971,#978);
#971 = SURFACE_OF_LINEAR_EXTRUSION('',#972,#976);
#972 = B_SPLINE_CURVE_WITH_KNOTS('',2,(#973,#974,#975),.UNSPECIFIED.,.F.
  ,.F.,(3,3),(0.,1.),.PIECEWISE_BEZIER_KNOTS.);
#973 = CARTESIAN_POINT('',(0.273779296875,-2.47,7.075439453125));
#974 = CARTESIAN_POINT('',(0.273779296875,-2.47,7.227197265625));
#975 = CARTESIAN_POINT('',(0.183544921875,-2.47,7.317431640625));
#976 = VECTOR('',#977,1.);
#977 = DIRECTION('',(-0.,1.,-0.));
#978 = DEFINITIONAL_REPRESENTATION('',(#979),#990);
#979 = B_SPLINE_CURVE_WITH_KNOTS('',5,(#980,#981,#982,#983,#984,#985,
    #986,#987,#988,#989),.UNSPECIFIED.,.F.,.F.,(6,4,6),(0.,
    0.215291689726,1.),.UNSPECIFIED.);
#980 = CARTESIAN_POINT('',(1.,-0.2));
#981 = CARTESIAN_POINT('',(0.956830360101,-0.2));
#982 = CARTESIAN_POINT('',(0.91363804829,-0.2));
#983 = CARTESIAN_POINT('',(0.870430530639,-0.2));
#984 = CARTESIAN_POINT('',(0.827215324799,-0.2));
#985 = CARTESIAN_POINT('',(0.626486142664,-0.2));
#986 = CARTESIAN_POINT('',(0.468966307807,-0.2));
#987 = CARTESIAN_POINT('',(0.311819053559,-0.2));
#988 = CARTESIAN_POINT('',(0.15539113175,-0.2));
#989 = CARTESIAN_POINT('',(0.,-0.2));
#990 = ( GEOMETRIC_REPRESENTATION_CONTEXT(2) 
PARAMETRIC_REPRESENTATION_CONTEXT() REPRESENTATION_CONTEXT('2D SPACE',''
  ) );
#991 = ORIENTED_EDGE('',*,*,#992,.T.);
#992 = EDGE_CURVE('',#942,#993,#995,.T.);
#993 = VERTEX_POINT('',#994);
#994 = CARTESIAN_POINT('',(0.150732421875,-2.67,6.78935546875));
#995 = SURFACE_CURVE('',#996,(#1007,#1021),.PCURVE_S1.);
#996 = B_SPLINE_CURVE_WITH_KNOTS('',5,(#997,#998,#999,#1000,#1001,#1002,
    #1003,#1004,#1005,#1006),.UNSPECIFIED.,.F.,.F.,(6,4,6),(0.,
    0.627716520956,1.),.UNSPECIFIED.);
#997 = CARTESIAN_POINT('',(0.273779296875,-2.67,7.075439453125));
#998 = CARTESIAN_POINT('',(0.273779296875,-2.67,7.031113697773));
#999 = CARTESIAN_POINT('',(0.269032674528,-2.67,6.989207524231));
#1000 = CARTESIAN_POINT('',(0.259406691587,-2.67,6.949891587658));
#1001 = CARTESIAN_POINT('',(0.24484785905,-2.67,6.913300129582));
#1002 = CARTESIAN_POINT('',(0.213875506965,-2.67,6.859482580479));
#1003 = CARTESIAN_POINT('',(0.200627155991,-2.67,6.840434936109));
#1004 = CARTESIAN_POINT('',(0.185671152642,-2.67,6.822392288398));
#1005 = CARTESIAN_POINT('',(0.169028784251,-2.67,6.805364785829));
#1006 = CARTESIAN_POINT('',(0.150732421875,-2.67,6.78935546875));
#1007 = PCURVE('',#32,#1008);
#1008 = DEFINITIONAL_REPRESENTATION('',(#1009),#1020);
#1009 = B_SPLINE_CURVE_WITH_KNOTS('',5,(#1010,#1011,#1012,#1013,#1014,
    #1015,#1016,#1017,#1018,#1019),.UNSPECIFIED.,.F.,.F.,(6,4,6),(0.,
    0.627716520956,1.),.UNSPECIFIED.);
#1010 = CARTESIAN_POINT('',(4.723779296875,-7.075439453125));
#1011 = CARTESIAN_POINT('',(4.723779296875,-7.031113697773));
#1012 = CARTESIAN_POINT('',(4.719032674528,-6.989207524231));
#1013 = CARTESIAN_POINT('',(4.709406691587,-6.949891587658));
#1014 = CARTESIAN_POINT('',(4.69484785905,-6.913300129582));
#1015 = CARTESIAN_POINT('',(4.663875506965,-6.859482580479));
#1016 = CARTESIAN_POINT('',(4.650627155991,-6.840434936109));
#1017 = CARTESIAN_POINT('',(4.635671152642,-6.822392288398));
#1018 = CARTESIAN_POINT('',(4.619028784251,-6.805364785829));
#1019 = CARTESIAN_POINT('',(4.600732421875,-6.78935546875));
#1020 = ( GEOMETRIC_REPRESENTATION_CONTEXT(2) 
PARAMETRIC_REPRESENTATION_CONTEXT() REPRESENTATION_CONTEXT('2D SPACE',''
  ) );
#1021 = PCURVE('',#1022,#1029);
#1022 = SURFACE_OF_LINEAR_EXTRUSION('',#1023,#1027);
#1023 = B_SPLINE_CURVE_WITH_KNOTS('',2,(#1024,#1025,#1026),
  .UNSPECIFIED.,.F.,.F.,(3,3),(0.,1.),.PIECEWISE_BEZIER_KNOTS.);
#1024 = CARTESIAN_POINT('',(0.150732421875,-2.47,6.78935546875));
#1025 = CARTESIAN_POINT('',(0.273779296875,-2.47,6.897021484375));
#1026 = CARTESIAN_POINT('',(0.273779296875,-2.47,7.075439453125));
#1027 = VECTOR('',#1028,1.);
#1028 = DIRECTION('',(-0.,1.,-0.));
#1029 = DEFINITIONAL_REPRESENTATION('',(#1030),#1041);
#1030 = B_SPLINE_CURVE_WITH_KNOTS('',5,(#1031,#1032,#1033,#1034,#1035,
    #1036,#1037,#1038,#1039,#1040),.UNSPECIFIED.,.F.,.F.,(6,4,6),(0.,
    0.627716520956,1.),.UNSPECIFIED.);
#1031 = CARTESIAN_POINT('',(1.,-0.2));
#1032 = CARTESIAN_POINT('',(0.875781134427,-0.2));
#1033 = CARTESIAN_POINT('',(0.750694290022,-0.2));
#1034 = CARTESIAN_POINT('',(0.625003819836,-0.2));
#1035 = CARTESIAN_POINT('',(0.498999732077,-0.2));
#1036 = CARTESIAN_POINT('',(0.298272607857,-0.2));
#1037 = CARTESIAN_POINT('',(0.223545139636,-0.2));
#1038 = CARTESIAN_POINT('',(0.148882397359,-0.2));
#1039 = CARTESIAN_POINT('',(7.434712330405E-02,-0.2));
#1040 = CARTESIAN_POINT('',(0.,-0.2));
#1041 = ( GEOMETRIC_REPRESENTATION_CONTEXT(2) 
PARAMETRIC_REPRESENTATION_CONTEXT() REPRESENTATION_CONTEXT('2D SPACE',''
  ) );
#1042 = ORIENTED_EDGE('',*,*,#1043,.T.);
#1043 = EDGE_CURVE('',#993,#1044,#1046,.T.);
#1044 = VERTEX_POINT('',#1045);
#1045 = CARTESIAN_POINT('',(-0.206103515625,-2.67,6.687841796875));
#1046 = SURFACE_CURVE('',#1047,(#1054,#1064),.PCURVE_S1.);
#1047 = B_SPLINE_CURVE_WITH_KNOTS('',5,(#1048,#1049,#1050,#1051,#1052,
    #1053),.UNSPECIFIED.,.F.,.F.,(6,6),(0.,1.),
  .PIECEWISE_BEZIER_KNOTS.);
#1048 = CARTESIAN_POINT('',(0.150732421875,-2.67,6.78935546875));
#1049 = CARTESIAN_POINT('',(0.100658428232,-2.67,6.745540724313));
#1050 = CARTESIAN_POINT('',(3.91749064304E-02,-2.67,6.713553717858));
#1051 = CARTESIAN_POINT('',(-3.323817031101E-02,-2.67,6.693717938117));
#1052 = CARTESIAN_POINT('',(-0.115437613125,-2.67,6.685455852072));
#1053 = CARTESIAN_POINT('',(-0.206103515625,-2.67,6.687841796875));
#1054 = PCURVE('',#32,#1055);
#1055 = DEFINITIONAL_REPRESENTATION('',(#1056),#1063);
#1056 = B_SPLINE_CURVE_WITH_KNOTS('',5,(#1057,#1058,#1059,#1060,#1061,
    #1062),.UNSPECIFIED.,.F.,.F.,(6,6),(0.,1.),
  .PIECEWISE_BEZIER_KNOTS.);
#1057 = CARTESIAN_POINT('',(4.600732421875,-6.78935546875));
#1058 = CARTESIAN_POINT('',(4.550658428232,-6.745540724313));
#1059 = CARTESIAN_POINT('',(4.48917490643,-6.713553717858));
#1060 = CARTESIAN_POINT('',(4.416761829689,-6.693717938117));
#1061 = CARTESIAN_POINT('',(4.334562386875,-6.685455852072));
#1062 = CARTESIAN_POINT('',(4.243896484375,-6.687841796875));
#1063 = ( GEOMETRIC_REPRESENTATION_CONTEXT(2) 
PARAMETRIC_REPRESENTATION_CONTEXT() REPRESENTATION_CONTEXT('2D SPACE',''
  ) );
#1064 = PCURVE('',#1065,#1072);
#1065 = SURFACE_OF_LINEAR_EXTRUSION('',#1066,#1070);
#1066 = B_SPLINE_CURVE_WITH_KNOTS('',2,(#1067,#1068,#1069),
  .UNSPECIFIED.,.F.,.F.,(3,3),(0.,1.),.PIECEWISE_BEZIER_KNOTS.);
#1067 = CARTESIAN_POINT('',(-0.206103515625,-2.47,6.687841796875));
#1068 = CARTESIAN_POINT('',(2.7685546875E-02,-2.47,6.681689453125));
#1069 = CARTESIAN_POINT('',(0.150732421875,-2.47,6.78935546875));
#1070 = VECTOR('',#1071,1.);
#1071 = DIRECTION('',(-0.,1.,-0.));
#1072 = DEFINITIONAL_REPRESENTATION('',(#1073),#1080);
#1073 = B_SPLINE_CURVE_WITH_KNOTS('',5,(#1074,#1075,#1076,#1077,#1078,
    #1079),.UNSPECIFIED.,.F.,.F.,(6,6),(0.,1.),
  .PIECEWISE_BEZIER_KNOTS.);
#1074 = CARTESIAN_POINT('',(1.,-0.2));
#1075 = CARTESIAN_POINT('',(0.796524724246,-0.2));
#1076 = CARTESIAN_POINT('',(0.593265734559,-0.2));
#1077 = CARTESIAN_POINT('',(0.391967342951,-0.2));
#1078 = CARTESIAN_POINT('',(0.193905355389,-0.2));
#1079 = CARTESIAN_POINT('',(0.,-0.2));
#1080 = ( GEOMETRIC_REPRESENTATION_CONTEXT(2) 
PARAMETRIC_REPRESENTATION_CONTEXT() REPRESENTATION_CONTEXT('2D SPACE',''
  ) );
#1081 = ORIENTED_EDGE('',*,*,#1082,.F.);
#1082 = EDGE_CURVE('',#1083,#1044,#1085,.T.);
#1083 = VERTEX_POINT('',#1084);
#1084 = CARTESIAN_POINT('',(-0.269677734375,-2.67,6.218212890625));
#1085 = SURFACE_CURVE('',#1086,(#1090,#1096),.PCURVE_S1.);
#1086 = LINE('',#1087,#1088);
#1087 = CARTESIAN_POINT('',(-0.720600761676,-2.67,2.887200850243));
#1088 = VECTOR('',#1089,1.);
#1089 = DIRECTION('',(0.134147607842,-0.,0.990961361159));
#1090 = PCURVE('',#32,#1091);
#1091 = DEFINITIONAL_REPRESENTATION('',(#1092),#1095);
#1092 = B_SPLINE_CURVE_WITH_KNOTS('',1,(#1093,#1094),.UNSPECIFIED.,.F.,
  .F.,(2,2),(3.361394471007,3.83530690055),.PIECEWISE_BEZIER_KNOTS.);
#1093 = CARTESIAN_POINT('',(4.180322265625,-6.218212890625));
#1094 = CARTESIAN_POINT('',(4.243896484375,-6.687841796875));
#1095 = ( GEOMETRIC_REPRESENTATION_CONTEXT(2) 
PARAMETRIC_REPRESENTATION_CONTEXT() REPRESENTATION_CONTEXT('2D SPACE',''
  ) );
#1096 = PCURVE('',#1097,#1102);
#1097 = PLANE('',#1098);
#1098 = AXIS2_PLACEMENT_3D('',#1099,#1100,#1101);
#1099 = CARTESIAN_POINT('',(-0.269677734375,-2.47,6.218212890625));
#1100 = DIRECTION('',(-0.990961361159,0.,0.134147607842));
#1101 = DIRECTION('',(0.134147607842,0.,0.990961361159));
#1102 = DEFINITIONAL_REPRESENTATION('',(#1103),#1106);
#1103 = B_SPLINE_CURVE_WITH_KNOTS('',1,(#1104,#1105),.UNSPECIFIED.,.F.,
  .F.,(2,2),(3.361394471007,3.83530690055),.PIECEWISE_BEZIER_KNOTS.);
#1104 = CARTESIAN_POINT('',(0.,-0.2));
#1105 = CARTESIAN_POINT('',(0.473912429543,-0.2));
#1106 = ( GEOMETRIC_REPRESENTATION_CONTEXT(2) 
PARAMETRIC_REPRESENTATION_CONTEXT() REPRESENTATION_CONTEXT('2D SPACE',''
  ) );
#1107 = ORIENTED_EDGE('',*,*,#1108,.T.);
#1108 = EDGE_CURVE('',#1083,#1109,#1111,.T.);
#1109 = VERTEX_POINT('',#1110);
#1110 = CARTESIAN_POINT('',(-5.126953125E-03,-2.67,6.261279296875));
#1111 = SURFACE_CURVE('',#1112,(#1119,#1129),.PCURVE_S1.);
#1112 = B_SPLINE_CURVE_WITH_KNOTS('',5,(#1113,#1114,#1115,#1116,#1117,
    #1118),.UNSPECIFIED.,.F.,.F.,(6,6),(0.,1.),
  .PIECEWISE_BEZIER_KNOTS.);
#1113 = CARTESIAN_POINT('',(-0.269677734375,-2.67,6.218212890625));
#1114 = CARTESIAN_POINT('',(-0.208969931569,-2.67,6.235211075411));
#1115 = CARTESIAN_POINT('',(-0.151994140447,-2.67,6.248145179455));
#1116 = CARTESIAN_POINT('',(-9.892623125598E-02,-2.67,6.256874258388));
#1117 = CARTESIAN_POINT('',(-4.99269702973E-02,-2.67,6.261279296875));
#1118 = CARTESIAN_POINT('',(-5.126953125E-03,-2.67,6.261279296875));
#1119 = PCURVE('',#32,#1120);
#1120 = DEFINITIONAL_REPRESENTATION('',(#1121),#1128);
#1121 = B_SPLINE_CURVE_WITH_KNOTS('',5,(#1122,#1123,#1124,#1125,#1126,
    #1127),.UNSPECIFIED.,.F.,.F.,(6,6),(0.,1.),
  .PIECEWISE_BEZIER_KNOTS.);
#1122 = CARTESIAN_POINT('',(4.180322265625,-6.218212890625));
#1123 = CARTESIAN_POINT('',(4.241030068431,-6.235211075411));
#1124 = CARTESIAN_POINT('',(4.298005859553,-6.248145179455));
#1125 = CARTESIAN_POINT('',(4.351073768744,-6.256874258388));
#1126 = CARTESIAN_POINT('',(4.400073029703,-6.261279296875));
#1127 = CARTESIAN_POINT('',(4.444873046875,-6.261279296875));
#1128 = ( GEOMETRIC_REPRESENTATION_CONTEXT(2) 
PARAMETRIC_REPRESENTATION_CONTEXT() REPRESENTATION_CONTEXT('2D SPACE',''
  ) );
#1129 = PCURVE('',#1130,#1137);
#1130 = SURFACE_OF_LINEAR_EXTRUSION('',#1131,#1135);
#1131 = B_SPLINE_CURVE_WITH_KNOTS('',2,(#1132,#1133,#1134),
  .UNSPECIFIED.,.F.,.F.,(3,3),(0.,1.),.PIECEWISE_BEZIER_KNOTS.);
#1132 = CARTESIAN_POINT('',(-5.126953125E-03,-2.47,6.261279296875));
#1133 = CARTESIAN_POINT('',(-0.115869140625,-2.47,6.261279296875));
#1134 = CARTESIAN_POINT('',(-0.269677734375,-2.47,6.218212890625));
#1135 = VECTOR('',#1136,1.);
#1136 = DIRECTION('',(-0.,1.,-0.));
#1137 = DEFINITIONAL_REPRESENTATION('',(#1138),#1145);
#1138 = B_SPLINE_CURVE_WITH_KNOTS('',5,(#1139,#1140,#1141,#1142,#1143,
    #1144),.UNSPECIFIED.,.F.,.F.,(6,6),(0.,1.),
  .PIECEWISE_BEZIER_KNOTS.);
#1139 = CARTESIAN_POINT('',(1.,-0.2));
#1140 = CARTESIAN_POINT('',(0.802651460085,-0.2));
#1141 = CARTESIAN_POINT('',(0.603803631303,-0.2));
#1142 = CARTESIAN_POINT('',(0.403614203685,-0.2));
#1143 = CARTESIAN_POINT('',(0.202271682471,-0.2));
#1144 = CARTESIAN_POINT('',(0.,-0.2));
#1145 = ( GEOMETRIC_REPRESENTATION_CONTEXT(2) 
PARAMETRIC_REPRESENTATION_CONTEXT() REPRESENTATION_CONTEXT('2D SPACE',''
  ) );
#1146 = ORIENTED_EDGE('',*,*,#1147,.T.);
#1147 = EDGE_CURVE('',#1109,#1148,#1150,.T.);
#1148 = VERTEX_POINT('',#1149);
#1149 = CARTESIAN_POINT('',(0.279931640625,-2.67,6.134130859375));
#1150 = SURFACE_CURVE('',#1151,(#1162,#1176),.PCURVE_S1.);
#1151 = B_SPLINE_CURVE_WITH_KNOTS('',5,(#1152,#1153,#1154,#1155,#1156,
    #1157,#1158,#1159,#1160,#1161),.UNSPECIFIED.,.F.,.F.,(6,4,6),(0.,
    0.458767341246,1.),.UNSPECIFIED.);
#1152 = CARTESIAN_POINT('',(-5.126953125E-03,-2.67,6.261279296875));
#1153 = CARTESIAN_POINT('',(2.560117695279E-02,-2.67,6.261279296875));
#1154 = CARTESIAN_POINT('',(5.536846055661E-02,-2.67,6.258626103129));
#1155 = CARTESIAN_POINT('',(8.412468162201E-02,-2.67,6.253281380333));
#1156 = CARTESIAN_POINT('',(0.111828237736,-2.67,6.245232299289));
#1157 = CARTESIAN_POINT('',(0.169848720032,-2.67,6.221820078301));
#1158 = CARTESIAN_POINT('',(0.199741102674,-2.67,6.205402219693));
#1159 = CARTESIAN_POINT('',(0.228068964021,-2.67,6.185259621385));
#1160 = CARTESIAN_POINT('',(0.25480230525,-2.67,6.161464522415));
#1161 = CARTESIAN_POINT('',(0.279931640625,-2.67,6.134130859375));
#1162 = PCURVE('',#32,#1163);
#1163 = DEFINITIONAL_REPRESENTATION('',(#1164),#1175);
#1164 = B_SPLINE_CURVE_WITH_KNOTS('',5,(#1165,#1166,#1167,#1168,#1169,
    #1170,#1171,#1172,#1173,#1174),.UNSPECIFIED.,.F.,.F.,(6,4,6),(0.,
    0.458767341246,1.),.UNSPECIFIED.);
#1165 = CARTESIAN_POINT('',(4.444873046875,-6.261279296875));
#1166 = CARTESIAN_POINT('',(4.475601176953,-6.261279296875));
#1167 = CARTESIAN_POINT('',(4.505368460557,-6.258626103129));
#1168 = CARTESIAN_POINT('',(4.534124681622,-6.253281380333));
#1169 = CARTESIAN_POINT('',(4.561828237736,-6.245232299289));
#1170 = CARTESIAN_POINT('',(4.619848720032,-6.221820078301));
#1171 = CARTESIAN_POINT('',(4.649741102674,-6.205402219693));
#1172 = CARTESIAN_POINT('',(4.678068964021,-6.185259621385));
#1173 = CARTESIAN_POINT('',(4.70480230525,-6.161464522415));
#1174 = CARTESIAN_POINT('',(4.729931640625,-6.134130859375));
#1175 = ( GEOMETRIC_REPRESENTATION_CONTEXT(2) 
PARAMETRIC_REPRESENTATION_CONTEXT() REPRESENTATION_CONTEXT('2D SPACE',''
  ) );
#1176 = PCURVE('',#1177,#1184);
#1177 = SURFACE_OF_LINEAR_EXTRUSION('',#1178,#1182);
#1178 = B_SPLINE_CURVE_WITH_KNOTS('',2,(#1179,#1180,#1181),
  .UNSPECIFIED.,.F.,.F.,(3,3),(0.,1.),.PIECEWISE_BEZIER_KNOTS.);
#1179 = CARTESIAN_POINT('',(0.279931640625,-2.47,6.134130859375));
#1180 = CARTESIAN_POINT('',(0.163037109375,-2.47,6.261279296875));
#1181 = CARTESIAN_POINT('',(-5.126953125E-03,-2.47,6.261279296875));
#1182 = VECTOR('',#1183,1.);
#1183 = DIRECTION('',(-0.,1.,-0.));
#1184 = DEFINITIONAL_REPRESENTATION('',(#1185),#1196);
#1185 = B_SPLINE_CURVE_WITH_KNOTS('',5,(#1186,#1187,#1188,#1189,#1190,
    #1191,#1192,#1193,#1194,#1195),.UNSPECIFIED.,.F.,.F.,(6,4,6),(0.,
    0.458767341246,1.),.UNSPECIFIED.);
#1186 = CARTESIAN_POINT('',(1.,-0.2));
#1187 = CARTESIAN_POINT('',(0.908636454124,-0.2));
#1188 = CARTESIAN_POINT('',(0.816948850562,-0.2));
#1189 = CARTESIAN_POINT('',(0.725040535653,-0.2));
#1190 = CARTESIAN_POINT('',(0.633019824305,-0.2));
#1191 = CARTESIAN_POINT('',(0.432439233596,-0.2));
#1192 = CARTESIAN_POINT('',(0.323877135438,-0.2));
#1193 = CARTESIAN_POINT('',(0.215501195147,-0.2));
#1194 = CARTESIAN_POINT('',(0.107487215641,-0.2));
#1195 = CARTESIAN_POINT('',(0.,-0.2));
#1196 = ( GEOMETRIC_REPRESENTATION_CONTEXT(2) 
PARAMETRIC_REPRESENTATION_CONTEXT() REPRESENTATION_CONTEXT('2D SPACE',''
  ) );
#1197 = ORIENTED_EDGE('',*,*,#1198,.T.);
#1198 = EDGE_CURVE('',#1148,#1199,#1201,.T.);
#1199 = VERTEX_POINT('',#1200);
#1200 = CARTESIAN_POINT('',(0.396826171875,-2.67,5.789599609375));
#1201 = SURFACE_CURVE('',#1202,(#1213,#1227),.PCURVE_S1.);
#1202 = B_SPLINE_CURVE_WITH_KNOTS('',5,(#1203,#1204,#1205,#1206,#1207,
    #1208,#1209,#1210,#1211,#1212),.UNSPECIFIED.,.F.,.F.,(6,4,6),(0.,
    9.80944947095E-02,1.),.UNSPECIFIED.);
#1203 = CARTESIAN_POINT('',(0.279931640625,-2.67,6.134130859375));
#1204 = CARTESIAN_POINT('',(0.284559458882,-2.67,6.129097092148));
#1205 = CARTESIAN_POINT('',(0.289073665232,-2.67,6.123973956857));
#1206 = CARTESIAN_POINT('',(0.293473877045,-2.67,6.118761704477));
#1207 = CARTESIAN_POINT('',(0.297759769285,-2.67,6.113460631841));
#1208 = CARTESIAN_POINT('',(0.340283105985,-2.67,6.058518198871));
#1209 = CARTESIAN_POINT('',(0.36895326705,-2.67,6.001479926304));
#1210 = CARTESIAN_POINT('',(0.387713914526,-2.67,5.937238424003));
#1211 = CARTESIAN_POINT('',(0.396826171875,-2.67,5.866371187247));
#1212 = CARTESIAN_POINT('',(0.396826171875,-2.67,5.789599609375));
#1213 = PCURVE('',#32,#1214);
#1214 = DEFINITIONAL_REPRESENTATION('',(#1215),#1226);
#1215 = B_SPLINE_CURVE_WITH_KNOTS('',5,(#1216,#1217,#1218,#1219,#1220,
    #1221,#1222,#1223,#1224,#1225),.UNSPECIFIED.,.F.,.F.,(6,4,6),(0.,
    9.80944947095E-02,1.),.UNSPECIFIED.);
#1216 = CARTESIAN_POINT('',(4.729931640625,-6.134130859375));
#1217 = CARTESIAN_POINT('',(4.734559458882,-6.129097092148));
#1218 = CARTESIAN_POINT('',(4.739073665232,-6.123973956857));
#1219 = CARTESIAN_POINT('',(4.743473877045,-6.118761704477));
#1220 = CARTESIAN_POINT('',(4.747759769285,-6.113460631841));
#1221 = CARTESIAN_POINT('',(4.790283105985,-6.058518198871));
#1222 = CARTESIAN_POINT('',(4.81895326705,-6.001479926304));
#1223 = CARTESIAN_POINT('',(4.837713914526,-5.937238424003));
#1224 = CARTESIAN_POINT('',(4.846826171875,-5.866371187247));
#1225 = CARTESIAN_POINT('',(4.846826171875,-5.789599609375));
#1226 = ( GEOMETRIC_REPRESENTATION_CONTEXT(2) 
PARAMETRIC_REPRESENTATION_CONTEXT() REPRESENTATION_CONTEXT('2D SPACE',''
  ) );
#1227 = PCURVE('',#1228,#1235);
#1228 = SURFACE_OF_LINEAR_EXTRUSION('',#1229,#1233);
#1229 = B_SPLINE_CURVE_WITH_KNOTS('',2,(#1230,#1231,#1232),
  .UNSPECIFIED.,.F.,.F.,(3,3),(0.,1.),.PIECEWISE_BEZIER_KNOTS.);
#1230 = CARTESIAN_POINT('',(0.396826171875,-2.47,5.789599609375));
#1231 = CARTESIAN_POINT('',(0.396826171875,-2.47,6.006982421875));
#1232 = CARTESIAN_POINT('',(0.279931640625,-2.47,6.134130859375));
#1233 = VECTOR('',#1234,1.);
#1234 = DIRECTION('',(-0.,1.,-0.));
#1235 = DEFINITIONAL_REPRESENTATION('',(#1236),#1247);
#1236 = B_SPLINE_CURVE_WITH_KNOTS('',5,(#1237,#1238,#1239,#1240,#1241,
    #1242,#1243,#1244,#1245,#1246),.UNSPECIFIED.,.F.,.F.,(6,4,6),(0.,
    9.80944947095E-02,1.),.UNSPECIFIED.);
#1237 = CARTESIAN_POINT('',(1.,-0.2));
#1238 = CARTESIAN_POINT('',(0.980205154989,-0.2));
#1239 = CARTESIAN_POINT('',(0.960406474248,-0.2));
#1240 = CARTESIAN_POINT('',(0.940605214403,-0.2));
#1241 = CARTESIAN_POINT('',(0.920802635299,-0.2));
#1242 = CARTESIAN_POINT('',(0.718929580573,-0.2));
#1243 = CARTESIAN_POINT('',(0.536832329974,-0.2));
#1244 = CARTESIAN_POINT('',(0.355761423972,-0.2));
#1245 = CARTESIAN_POINT('',(0.176581526822,-0.2));
#1246 = CARTESIAN_POINT('',(0.,-0.2));
#1247 = ( GEOMETRIC_REPRESENTATION_CONTEXT(2) 
PARAMETRIC_REPRESENTATION_CONTEXT() REPRESENTATION_CONTEXT('2D SPACE',''
  ) );
#1248 = ORIENTED_EDGE('',*,*,#1249,.T.);
#1249 = EDGE_CURVE('',#1199,#1250,#1252,.T.);
#1250 = VERTEX_POINT('',#1251);
#1251 = CARTESIAN_POINT('',(0.2748046875,-2.67,5.424560546875));
#1252 = SURFACE_CURVE('',#1253,(#1260,#1270),.PCURVE_S1.);
#1253 = B_SPLINE_CURVE_WITH_KNOTS('',5,(#1254,#1255,#1256,#1257,#1258,
    #1259),.UNSPECIFIED.,.F.,.F.,(6,6),(0.,1.),
  .PIECEWISE_BEZIER_KNOTS.);
#1254 = CARTESIAN_POINT('',(0.396826171875,-2.67,5.789599609375));
#1255 = CARTESIAN_POINT('',(0.396826171875,-2.67,5.69984408167));
#1256 = CARTESIAN_POINT('',(0.38518050551,-2.67,5.617498965345));
#1257 = CARTESIAN_POINT('',(0.361062594568,-2.67,5.543677004778));
#1258 = CARTESIAN_POINT('',(0.324106761951,-2.67,5.479248562233));
#1259 = CARTESIAN_POINT('',(0.2748046875,-2.67,5.424560546875));
#1260 = PCURVE('',#32,#1261);
#1261 = DEFINITIONAL_REPRESENTATION('',(#1262),#1269);
#1262 = B_SPLINE_CURVE_WITH_KNOTS('',5,(#1263,#1264,#1265,#1266,#1267,
    #1268),.UNSPECIFIED.,.F.,.F.,(6,6),(0.,1.),
  .PIECEWISE_BEZIER_KNOTS.);
#1263 = CARTESIAN_POINT('',(4.846826171875,-5.789599609375));
#1264 = CARTESIAN_POINT('',(4.846826171875,-5.69984408167));
#1265 = CARTESIAN_POINT('',(4.83518050551,-5.617498965345));
#1266 = CARTESIAN_POINT('',(4.811062594568,-5.543677004778));
#1267 = CARTESIAN_POINT('',(4.774106761951,-5.479248562233));
#1268 = CARTESIAN_POINT('',(4.7248046875,-5.424560546875));
#1269 = ( GEOMETRIC_REPRESENTATION_CONTEXT(2) 
PARAMETRIC_REPRESENTATION_CONTEXT() REPRESENTATION_CONTEXT('2D SPACE',''
  ) );
#1270 = PCURVE('',#1271,#1278);
#1271 = SURFACE_OF_LINEAR_EXTRUSION('',#1272,#1276);
#1272 = B_SPLINE_CURVE_WITH_KNOTS('',2,(#1273,#1274,#1275),
  .UNSPECIFIED.,.F.,.F.,(3,3),(0.,1.),.PIECEWISE_BEZIER_KNOTS.);
#1273 = CARTESIAN_POINT('',(0.2748046875,-2.47,5.424560546875));
#1274 = CARTESIAN_POINT('',(0.396826171875,-2.47,5.559912109375));
#1275 = CARTESIAN_POINT('',(0.396826171875,-2.47,5.789599609375));
#1276 = VECTOR('',#1277,1.);
#1277 = DIRECTION('',(-0.,1.,-0.));
#1278 = DEFINITIONAL_REPRESENTATION('',(#1279),#1286);
#1279 = B_SPLINE_CURVE_WITH_KNOTS('',5,(#1280,#1281,#1282,#1283,#1284,
    #1285),.UNSPECIFIED.,.F.,.F.,(6,6),(0.,1.),
  .PIECEWISE_BEZIER_KNOTS.);
#1280 = CARTESIAN_POINT('',(1.,-0.2));
#1281 = CARTESIAN_POINT('',(0.80461381724,-0.2));
#1282 = CARTESIAN_POINT('',(0.605759964417,-0.2));
#1283 = CARTESIAN_POINT('',(0.404469645061,-0.2));
#1284 = CARTESIAN_POINT('',(0.202022105796,-0.2));
#1285 = CARTESIAN_POINT('',(0.,-0.2));
#1286 = ( GEOMETRIC_REPRESENTATION_CONTEXT(2) 
PARAMETRIC_REPRESENTATION_CONTEXT() REPRESENTATION_CONTEXT('2D SPACE',''
  ) );
#1287 = ORIENTED_EDGE('',*,*,#1288,.T.);
#1288 = EDGE_CURVE('',#1250,#1289,#1291,.T.);
#1289 = VERTEX_POINT('',#1290);
#1290 = CARTESIAN_POINT('',(-2.5634765625E-02,-2.67,5.289208984375));
#1291 = SURFACE_CURVE('',#1292,(#1303,#1317),.PCURVE_S1.);
#1292 = B_SPLINE_CURVE_WITH_KNOTS('',5,(#1293,#1294,#1295,#1296,#1297,
    #1298,#1299,#1300,#1301,#1302),.UNSPECIFIED.,.F.,.F.,(6,4,6),(0.,
    0.531207098299,1.),.UNSPECIFIED.);
#1293 = CARTESIAN_POINT('',(0.2748046875,-2.67,5.424560546875));
#1294 = CARTESIAN_POINT('',(0.249073694726,-2.67,5.396018605311));
#1295 = CARTESIAN_POINT('',(0.221637877361,-2.67,5.371085884188));
#1296 = CARTESIAN_POINT('',(0.192506412187,-2.67,5.349890151866));
#1297 = CARTESIAN_POINT('',(0.161712115924,-2.67,5.332513403431));
#1298 = CARTESIAN_POINT('',(0.100726759996,-2.67,5.307038679806));
#1299 = CARTESIAN_POINT('',(7.088910103281E-02,-2.67,5.298090334755));
#1300 = CARTESIAN_POINT('',(3.984537444943E-02,-2.67,5.292152693543));
#1301 = CARTESIAN_POINT('',(7.649101311987E-03,-2.67,5.289208984375));
#1302 = CARTESIAN_POINT('',(-2.5634765625E-02,-2.67,5.289208984375));
#1303 = PCURVE('',#32,#1304);
#1304 = DEFINITIONAL_REPRESENTATION('',(#1305),#1316);
#1305 = B_SPLINE_CURVE_WITH_KNOTS('',5,(#1306,#1307,#1308,#1309,#1310,
    #1311,#1312,#1313,#1314,#1315),.UNSPECIFIED.,.F.,.F.,(6,4,6),(0.,
    0.531207098299,1.),.UNSPECIFIED.);
#1306 = CARTESIAN_POINT('',(4.7248046875,-5.424560546875));
#1307 = CARTESIAN_POINT('',(4.699073694726,-5.396018605311));
#1308 = CARTESIAN_POINT('',(4.671637877361,-5.371085884188));
#1309 = CARTESIAN_POINT('',(4.642506412187,-5.349890151866));
#1310 = CARTESIAN_POINT('',(4.611712115924,-5.332513403431));
#1311 = CARTESIAN_POINT('',(4.550726759996,-5.307038679806));
#1312 = CARTESIAN_POINT('',(4.520889101033,-5.298090334755));
#1313 = CARTESIAN_POINT('',(4.489845374449,-5.292152693543));
#1314 = CARTESIAN_POINT('',(4.457649101312,-5.289208984375));
#1315 = CARTESIAN_POINT('',(4.424365234375,-5.289208984375));
#1316 = ( GEOMETRIC_REPRESENTATION_CONTEXT(2) 
PARAMETRIC_REPRESENTATION_CONTEXT() REPRESENTATION_CONTEXT('2D SPACE',''
  ) );
#1317 = PCURVE('',#1318,#1325);
#1318 = SURFACE_OF_LINEAR_EXTRUSION('',#1319,#1323);
#1319 = B_SPLINE_CURVE_WITH_KNOTS('',2,(#1320,#1321,#1322),
  .UNSPECIFIED.,.F.,.F.,(3,3),(0.,1.),.PIECEWISE_BEZIER_KNOTS.);
#1320 = CARTESIAN_POINT('',(-2.5634765625E-02,-2.47,5.289208984375));
#1321 = CARTESIAN_POINT('',(0.152783203125,-2.47,5.289208984375));
#1322 = CARTESIAN_POINT('',(0.2748046875,-2.47,5.424560546875));
#1323 = VECTOR('',#1324,1.);
#1324 = DIRECTION('',(-0.,1.,-0.));
#1325 = DEFINITIONAL_REPRESENTATION('',(#1326),#1337);
#1326 = B_SPLINE_CURVE_WITH_KNOTS('',5,(#1327,#1328,#1329,#1330,#1331,
    #1332,#1333,#1334,#1335,#1336),.UNSPECIFIED.,.F.,.F.,(6,4,6),(0.,
    0.531207098299,1.),.UNSPECIFIED.);
#1327 = CARTESIAN_POINT('',(1.,-0.2));
#1328 = CARTESIAN_POINT('',(0.894563679071,-0.2));
#1329 = CARTESIAN_POINT('',(0.788564122437,-0.2));
#1330 = CARTESIAN_POINT('',(0.682176238485,-0.2));
#1331 = CARTESIAN_POINT('',(0.575587736279,-0.2));
#1332 = CARTESIAN_POINT('',(0.374935793524,-0.2));
#1333 = CARTESIAN_POINT('',(0.280869774548,-0.2));
#1334 = CARTESIAN_POINT('',(0.186939370593,-0.2));
#1335 = CARTESIAN_POINT('',(9.327498561433E-02,-0.2));
#1336 = CARTESIAN_POINT('',(0.,-0.2));
#1337 = ( GEOMETRIC_REPRESENTATION_CONTEXT(2) 
PARAMETRIC_REPRESENTATION_CONTEXT() REPRESENTATION_CONTEXT('2D SPACE',''
  ) );
#1338 = ORIENTED_EDGE('',*,*,#1339,.T.);
#1339 = EDGE_CURVE('',#1289,#1340,#1342,.T.);
#1340 = VERTEX_POINT('',#1341);
#1341 = CARTESIAN_POINT('',(-0.308642578125,-2.67,5.402001953125));
#1342 = SURFACE_CURVE('',#1343,(#1352,#1364),.PCURVE_S1.);
#1343 = B_SPLINE_CURVE_WITH_KNOTS('',4,(#1344,#1345,#1346,#1347,#1348,
    #1349,#1350,#1351),.UNSPECIFIED.,.F.,.F.,(5,3,5),(0.,0.540181187478,
    1.),.UNSPECIFIED.);
#1344 = CARTESIAN_POINT('',(-2.5634765625E-02,-2.67,5.289208984375));
#1345 = CARTESIAN_POINT('',(-7.024673235945E-02,-2.67,5.289208984375));
#1346 = CARTESIAN_POINT('',(-0.112728137837,-2.67,5.294632111955));
#1347 = CARTESIAN_POINT('',(-0.152909323327,-2.67,5.30561006549));
#1348 = CARTESIAN_POINT('',(-0.222840671222,-2.67,5.336135653857));
#1349 = CARTESIAN_POINT('',(-0.25325395718,-2.67,5.354165513169));
#1350 = CARTESIAN_POINT('',(-0.281861075901,-2.67,5.376160152733));
#1351 = CARTESIAN_POINT('',(-0.308642578125,-2.67,5.402001953125));
#1352 = PCURVE('',#32,#1353);
#1353 = DEFINITIONAL_REPRESENTATION('',(#1354),#1363);
#1354 = B_SPLINE_CURVE_WITH_KNOTS('',4,(#1355,#1356,#1357,#1358,#1359,
    #1360,#1361,#1362),.UNSPECIFIED.,.F.,.F.,(5,3,5),(0.,0.540181187478,
    1.),.UNSPECIFIED.);
#1355 = CARTESIAN_POINT('',(4.424365234375,-5.289208984375));
#1356 = CARTESIAN_POINT('',(4.379753267641,-5.289208984375));
#1357 = CARTESIAN_POINT('',(4.337271862163,-5.294632111955));
#1358 = CARTESIAN_POINT('',(4.297090676673,-5.30561006549));
#1359 = CARTESIAN_POINT('',(4.227159328778,-5.336135653857));
#1360 = CARTESIAN_POINT('',(4.19674604282,-5.354165513169));
#1361 = CARTESIAN_POINT('',(4.168138924099,-5.376160152733));
#1362 = CARTESIAN_POINT('',(4.141357421875,-5.402001953125));
#1363 = ( GEOMETRIC_REPRESENTATION_CONTEXT(2) 
PARAMETRIC_REPRESENTATION_CONTEXT() REPRESENTATION_CONTEXT('2D SPACE',''
  ) );
#1364 = PCURVE('',#1365,#1372);
#1365 = SURFACE_OF_LINEAR_EXTRUSION('',#1366,#1370);
#1366 = B_SPLINE_CURVE_WITH_KNOTS('',2,(#1367,#1368,#1369),
  .UNSPECIFIED.,.F.,.F.,(3,3),(0.,1.),.PIECEWISE_BEZIER_KNOTS.);
#1367 = CARTESIAN_POINT('',(-0.308642578125,-2.47,5.402001953125));
#1368 = CARTESIAN_POINT('',(-0.191748046875,-2.47,5.289208984375));
#1369 = CARTESIAN_POINT('',(-2.5634765625E-02,-2.47,5.289208984375));
#1370 = VECTOR('',#1371,1.);
#1371 = DIRECTION('',(-0.,1.,-0.));
#1372 = DEFINITIONAL_REPRESENTATION('',(#1373),#1382);
#1373 = B_SPLINE_CURVE_WITH_KNOTS('',4,(#1374,#1375,#1376,#1377,#1378,
    #1379,#1380,#1381),.UNSPECIFIED.,.F.,.F.,(5,3,5),(0.,0.540181187478,
    1.),.UNSPECIFIED.);
#1374 = CARTESIAN_POINT('',(1.,-0.2));
#1375 = CARTESIAN_POINT('',(0.865718242398,-0.2));
#1376 = CARTESIAN_POINT('',(0.730726443995,-0.2));
#1377 = CARTESIAN_POINT('',(0.595362297084,-0.2));
#1378 = CARTESIAN_POINT('',(0.344775456554,-0.2));
#1379 = CARTESIAN_POINT('',(0.229550290204,-0.2));
#1380 = CARTESIAN_POINT('',(0.114554128143,-0.2));
#1381 = CARTESIAN_POINT('',(0.,-0.2));
#1382 = ( GEOMETRIC_REPRESENTATION_CONTEXT(2) 
PARAMETRIC_REPRESENTATION_CONTEXT() REPRESENTATION_CONTEXT('2D SPACE',''
  ) );
#1383 = ORIENTED_EDGE('',*,*,#1384,.T.);
#1384 = EDGE_CURVE('',#1340,#143,#1385,.T.);
#1385 = SURFACE_CURVE('',#1386,(#1393,#1403),.PCURVE_S1.);
#1386 = B_SPLINE_CURVE_WITH_KNOTS('',5,(#1387,#1388,#1389,#1390,#1391,
    #1392),.UNSPECIFIED.,.F.,.F.,(6,6),(0.,1.),
  .PIECEWISE_BEZIER_KNOTS.);
#1387 = CARTESIAN_POINT('',(-0.308642578125,-2.67,5.402001953125));
#1388 = CARTESIAN_POINT('',(-0.355974055654,-2.67,5.447672677057));
#1389 = CARTESIAN_POINT('',(-0.394031041102,-2.67,5.503613119008));
#1390 = CARTESIAN_POINT('',(-0.422549536416,-2.67,5.569522207691));
#1391 = CARTESIAN_POINT('',(-0.44176984106,-2.67,5.644656775353));
#1392 = CARTESIAN_POINT('',(-0.452197265625,-2.67,5.728076171875));
#1393 = PCURVE('',#32,#1394);
#1394 = DEFINITIONAL_REPRESENTATION('',(#1395),#1402);
#1395 = B_SPLINE_CURVE_WITH_KNOTS('',5,(#1396,#1397,#1398,#1399,#1400,
    #1401),.UNSPECIFIED.,.F.,.F.,(6,6),(0.,1.),
  .PIECEWISE_BEZIER_KNOTS.);
#1396 = CARTESIAN_POINT('',(4.141357421875,-5.402001953125));
#1397 = CARTESIAN_POINT('',(4.094025944346,-5.447672677057));
#1398 = CARTESIAN_POINT('',(4.055968958898,-5.503613119008));
#1399 = CARTESIAN_POINT('',(4.027450463584,-5.569522207691));
#1400 = CARTESIAN_POINT('',(4.00823015894,-5.644656775353));
#1401 = CARTESIAN_POINT('',(3.997802734375,-5.728076171875));
#1402 = ( GEOMETRIC_REPRESENTATION_CONTEXT(2) 
PARAMETRIC_REPRESENTATION_CONTEXT() REPRESENTATION_CONTEXT('2D SPACE',''
  ) );
#1403 = PCURVE('',#1404,#1411);
#1404 = SURFACE_OF_LINEAR_EXTRUSION('',#1405,#1409);
#1405 = B_SPLINE_CURVE_WITH_KNOTS('',2,(#1406,#1407,#1408),
  .UNSPECIFIED.,.F.,.F.,(3,3),(0.,1.),.PIECEWISE_BEZIER_KNOTS.);
#1406 = CARTESIAN_POINT('',(-0.452197265625,-2.47,5.728076171875));
#1407 = CARTESIAN_POINT('',(-0.425537109375,-2.47,5.514794921875));
#1408 = CARTESIAN_POINT('',(-0.308642578125,-2.47,5.402001953125));
#1409 = VECTOR('',#1410,1.);
#1410 = DIRECTION('',(-0.,1.,-0.));
#1411 = DEFINITIONAL_REPRESENTATION('',(#1412),#1419);
#1412 = B_SPLINE_CURVE_WITH_KNOTS('',5,(#1413,#1414,#1415,#1416,#1417,
    #1418),.UNSPECIFIED.,.F.,.F.,(6,6),(0.,1.),
  .PIECEWISE_BEZIER_KNOTS.);
#1413 = CARTESIAN_POINT('',(1.,-0.2));
#1414 = CARTESIAN_POINT('',(0.797546228113,-0.2));
#1415 = CARTESIAN_POINT('',(0.595213239412,-0.2));
#1416 = CARTESIAN_POINT('',(0.394225602251,-0.2));
#1417 = CARTESIAN_POINT('',(0.195561955217,-0.2));
#1418 = CARTESIAN_POINT('',(0.,-0.2));
#1419 = ( GEOMETRIC_REPRESENTATION_CONTEXT(2) 
PARAMETRIC_REPRESENTATION_CONTEXT() REPRESENTATION_CONTEXT('2D SPACE',''
  ) );
#1420 = FACE_BOUND('',#1421,.F.);
#1421 = EDGE_LOOP('',(#1422,#1481,#1538,#1595,#1652,#1715,#1766,#1823));
#1422 = ORIENTED_EDGE('',*,*,#1423,.T.);
#1423 = EDGE_CURVE('',#1424,#1426,#1428,.T.);
#1424 = VERTEX_POINT('',#1425);
#1425 = CARTESIAN_POINT('',(3.296630859375,-2.67,6.345361328125));
#1426 = VERTEX_POINT('',#1427);
#1427 = CARTESIAN_POINT('',(3.003369140625,-2.67,7.569677734375));
#1428 = SURFACE_CURVE('',#1429,(#1442,#1458),.PCURVE_S1.);
#1429 = B_SPLINE_CURVE_WITH_KNOTS('',6,(#1430,#1431,#1432,#1433,#1434,
    #1435,#1436,#1437,#1438,#1439,#1440,#1441),.UNSPECIFIED.,.F.,.F.,(7,
    5,7),(0.,0.602171525435,1.),.UNSPECIFIED.);
#1430 = CARTESIAN_POINT('',(3.296630859375,-2.67,6.345361328125));
#1431 = CARTESIAN_POINT('',(3.296630859375,-2.67,6.486683394821));
#1432 = CARTESIAN_POINT('',(3.291825594391,-2.67,6.625888121709));
#1433 = CARTESIAN_POINT('',(3.281469610554,-2.67,6.762580087464));
#1434 = CARTESIAN_POINT('',(3.264575739438,-2.67,6.895861487494));
#1435 = CARTESIAN_POINT('',(3.239907767359,-2.67,7.024328196795));
#1436 = CARTESIAN_POINT('',(3.183553952477,-2.67,7.226492581651));
#1437 = CARTESIAN_POINT('',(3.157100719604,-2.67,7.303945384251));
#1438 = CARTESIAN_POINT('',(3.126203216972,-2.67,7.377825628915));
#1439 = CARTESIAN_POINT('',(3.090457819897,-2.67,7.447343325579));
#1440 = CARTESIAN_POINT('',(3.049528425053,-2.67,7.511575138591));
#1441 = CARTESIAN_POINT('',(3.003369140625,-2.67,7.569677734375));
#1442 = PCURVE('',#32,#1443);
#1443 = DEFINITIONAL_REPRESENTATION('',(#1444),#1457);
#1444 = B_SPLINE_CURVE_WITH_KNOTS('',6,(#1445,#1446,#1447,#1448,#1449,
    #1450,#1451,#1452,#1453,#1454,#1455,#1456),.UNSPECIFIED.,.F.,.F.,(7,
    5,7),(0.,0.602171525435,1.),.UNSPECIFIED.);
#1445 = CARTESIAN_POINT('',(7.746630859375,-6.345361328125));
#1446 = CARTESIAN_POINT('',(7.746630859375,-6.486683394821));
#1447 = CARTESIAN_POINT('',(7.741825594391,-6.625888121709));
#1448 = CARTESIAN_POINT('',(7.731469610554,-6.762580087464));
#1449 = CARTESIAN_POINT('',(7.714575739438,-6.895861487494));
#1450 = CARTESIAN_POINT('',(7.689907767359,-7.024328196795));
#1451 = CARTESIAN_POINT('',(7.633553952477,-7.226492581651));
#1452 = CARTESIAN_POINT('',(7.607100719604,-7.303945384251));
#1453 = CARTESIAN_POINT('',(7.576203216972,-7.377825628915));
#1454 = CARTESIAN_POINT('',(7.540457819897,-7.447343325579));
#1455 = CARTESIAN_POINT('',(7.499528425053,-7.511575138591));
#1456 = CARTESIAN_POINT('',(7.453369140625,-7.569677734375));
#1457 = ( GEOMETRIC_REPRESENTATION_CONTEXT(2) 
PARAMETRIC_REPRESENTATION_CONTEXT() REPRESENTATION_CONTEXT('2D SPACE',''
  ) );
#1458 = PCURVE('',#1459,#1466);
#1459 = SURFACE_OF_LINEAR_EXTRUSION('',#1460,#1464);
#1460 = B_SPLINE_CURVE_WITH_KNOTS('',2,(#1461,#1462,#1463),
  .UNSPECIFIED.,.F.,.F.,(3,3),(0.,1.),.PIECEWISE_BEZIER_KNOTS.);
#1461 = CARTESIAN_POINT('',(3.003369140625,-2.47,7.569677734375));
#1462 = CARTESIAN_POINT('',(3.296630859375,-2.47,7.200537109375));
#1463 = CARTESIAN_POINT('',(3.296630859375,-2.47,6.345361328125));
#1464 = VECTOR('',#1465,1.);
#1465 = DIRECTION('',(-0.,1.,-0.));
#1466 = DEFINITIONAL_REPRESENTATION('',(#1467),#1480);
#1467 = B_SPLINE_CURVE_WITH_KNOTS('',6,(#1468,#1469,#1470,#1471,#1472,
    #1473,#1474,#1475,#1476,#1477,#1478,#1479),.UNSPECIFIED.,.F.,.F.,(7,
    5,7),(0.,0.602171525435,1.),.UNSPECIFIED.);
#1468 = CARTESIAN_POINT('',(1.,-0.2));
#1469 = CARTESIAN_POINT('',(0.917372504113,-0.2));
#1470 = CARTESIAN_POINT('',(0.831326628661,-0.2));
#1471 = CARTESIAN_POINT('',(0.741371216628,-0.2));
#1472 = CARTESIAN_POINT('',(0.64707461889,-0.2));
#1473 = CARTESIAN_POINT('',(0.548059892672,-0.2));
#1474 = CARTESIAN_POINT('',(0.37525216551,-0.2));
#1475 = CARTESIAN_POINT('',(0.304334070935,-0.2));
#1476 = CARTESIAN_POINT('',(0.23119823353,-0.2));
#1477 = CARTESIAN_POINT('',(0.155915425677,-0.2));
#1478 = CARTESIAN_POINT('',(7.869981227855E-02,-0.2));
#1479 = CARTESIAN_POINT('',(0.,-0.2));
#1480 = ( GEOMETRIC_REPRESENTATION_CONTEXT(2) 
PARAMETRIC_REPRESENTATION_CONTEXT() REPRESENTATION_CONTEXT('2D SPACE',''
  ) );
#1481 = ORIENTED_EDGE('',*,*,#1482,.T.);
#1482 = EDGE_CURVE('',#1426,#1483,#1485,.T.);
#1483 = VERTEX_POINT('',#1484);
#1484 = CARTESIAN_POINT('',(2.320458984375,-2.67,7.881396484375));
#1485 = SURFACE_CURVE('',#1486,(#1499,#1515),.PCURVE_S1.);
#1486 = B_SPLINE_CURVE_WITH_KNOTS('',6,(#1487,#1488,#1489,#1490,#1491,
    #1492,#1493,#1494,#1495,#1496,#1497,#1498),.UNSPECIFIED.,.F.,.F.,(7,
    5,7),(0.,0.372823171366,1.),.UNSPECIFIED.);
#1487 = CARTESIAN_POINT('',(3.003369140625,-2.67,7.569677734375));
#1488 = CARTESIAN_POINT('',(2.97300692411,-2.67,7.60813654196));
#1489 = CARTESIAN_POINT('',(2.940623740078,-2.67,7.644101912691));
#1490 = CARTESIAN_POINT('',(2.906219231941,-2.67,7.677400079279));
#1491 = CARTESIAN_POINT('',(2.869821648245,-2.67,7.707884665015));
#1492 = CARTESIAN_POINT('',(2.831494469396,-2.67,7.735446041165));
#1493 = CARTESIAN_POINT('',(2.723798816054,-2.67,7.801361051543));
#1494 = CARTESIAN_POINT('',(2.651064879398,-2.67,7.834265926942));
#1495 = CARTESIAN_POINT('',(2.573666572149,-2.67,7.858399654008));
#1496 = CARTESIAN_POINT('',(2.492281875679,-2.67,7.873945963588));
#1497 = CARTESIAN_POINT('',(2.407642298355,-2.67,7.881396484375));
#1498 = CARTESIAN_POINT('',(2.320458984375,-2.67,7.881396484375));
#1499 = PCURVE('',#32,#1500);
#1500 = DEFINITIONAL_REPRESENTATION('',(#1501),#1514);
#1501 = B_SPLINE_CURVE_WITH_KNOTS('',6,(#1502,#1503,#1504,#1505,#1506,
    #1507,#1508,#1509,#1510,#1511,#1512,#1513),.UNSPECIFIED.,.F.,.F.,(7,
    5,7),(0.,0.372823171366,1.),.UNSPECIFIED.);
#1502 = CARTESIAN_POINT('',(7.453369140625,-7.569677734375));
#1503 = CARTESIAN_POINT('',(7.42300692411,-7.60813654196));
#1504 = CARTESIAN_POINT('',(7.390623740078,-7.644101912691));
#1505 = CARTESIAN_POINT('',(7.356219231941,-7.677400079279));
#1506 = CARTESIAN_POINT('',(7.319821648245,-7.707884665015));
#1507 = CARTESIAN_POINT('',(7.281494469396,-7.735446041165));
#1508 = CARTESIAN_POINT('',(7.173798816054,-7.801361051543));
#1509 = CARTESIAN_POINT('',(7.101064879398,-7.834265926942));
#1510 = CARTESIAN_POINT('',(7.023666572149,-7.858399654008));
#1511 = CARTESIAN_POINT('',(6.942281875679,-7.873945963588));
#1512 = CARTESIAN_POINT('',(6.857642298355,-7.881396484375));
#1513 = CARTESIAN_POINT('',(6.770458984375,-7.881396484375));
#1514 = ( GEOMETRIC_REPRESENTATION_CONTEXT(2) 
PARAMETRIC_REPRESENTATION_CONTEXT() REPRESENTATION_CONTEXT('2D SPACE',''
  ) );
#1515 = PCURVE('',#1516,#1523);
#1516 = SURFACE_OF_LINEAR_EXTRUSION('',#1517,#1521);
#1517 = B_SPLINE_CURVE_WITH_KNOTS('',2,(#1518,#1519,#1520),
  .UNSPECIFIED.,.F.,.F.,(3,3),(0.,1.),.PIECEWISE_BEZIER_KNOTS.);
#1518 = CARTESIAN_POINT('',(2.320458984375,-2.47,7.881396484375));
#1519 = CARTESIAN_POINT('',(2.757275390625,-2.47,7.881396484375));
#1520 = CARTESIAN_POINT('',(3.003369140625,-2.47,7.569677734375));
#1521 = VECTOR('',#1522,1.);
#1522 = DIRECTION('',(-0.,1.,-0.));
#1523 = DEFINITIONAL_REPRESENTATION('',(#1524),#1537);
#1524 = B_SPLINE_CURVE_WITH_KNOTS('',6,(#1525,#1526,#1527,#1528,#1529,
    #1530,#1531,#1532,#1533,#1534,#1535,#1536),.UNSPECIFIED.,.F.,.F.,(7,
    5,7),(0.,0.372823171366,1.),.UNSPECIFIED.);
#1525 = CARTESIAN_POINT('',(1.,-0.2));
#1526 = CARTESIAN_POINT('',(0.938311687082,-0.2));
#1527 = CARTESIAN_POINT('',(0.876056342045,-0.2));
#1528 = CARTESIAN_POINT('',(0.813355253327,-0.2));
#1529 = CARTESIAN_POINT('',(0.750343269319,-0.2));
#1530 = CARTESIAN_POINT('',(0.687169830241,-0.2));
#1531 = CARTESIAN_POINT('',(0.517733392024,-0.2));
#1532 = CARTESIAN_POINT('',(0.411434128116,-0.2));
#1533 = CARTESIAN_POINT('',(0.305938619813,-0.2));
#1534 = CARTESIAN_POINT('',(0.201894241041,-0.2));
#1535 = CARTESIAN_POINT('',(9.979400124726E-02,-0.2));
#1536 = CARTESIAN_POINT('',(0.,-0.2));
#1537 = ( GEOMETRIC_REPRESENTATION_CONTEXT(2) 
PARAMETRIC_REPRESENTATION_CONTEXT() REPRESENTATION_CONTEXT('2D SPACE',''
  ) );
#1538 = ORIENTED_EDGE('',*,*,#1539,.T.);
#1539 = EDGE_CURVE('',#1483,#1540,#1542,.T.);
#1540 = VERTEX_POINT('',#1541);
#1541 = CARTESIAN_POINT('',(1.639599609375,-2.67,7.573779296875));
#1542 = SURFACE_CURVE('',#1543,(#1556,#1572),.PCURVE_S1.);
#1543 = B_SPLINE_CURVE_WITH_KNOTS('',6,(#1544,#1545,#1546,#1547,#1548,
    #1549,#1550,#1551,#1552,#1553,#1554,#1555),.UNSPECIFIED.,.F.,.F.,(7,
    5,7),(0.,0.641491152971,1.),.UNSPECIFIED.);
#1544 = CARTESIAN_POINT('',(2.320458984375,-2.67,7.881396484375));
#1545 = CARTESIAN_POINT('',(2.231452528951,-2.67,7.881396484375));
#1546 = CARTESIAN_POINT('',(2.145124467097,-2.67,7.87373327391));
#1547 = CARTESIAN_POINT('',(2.062229678267,-2.67,7.857721570547));
#1548 = CARTESIAN_POINT('',(1.983548332159,-2.67,7.832833771927));
#1549 = CARTESIAN_POINT('',(1.909803575606,-2.67,7.798867809692));
#1550 = CARTESIAN_POINT('',(1.80340295855,-2.67,7.732327444189));
#1551 = CARTESIAN_POINT('',(1.766963340952,-2.67,7.705743424614));
#1552 = CARTESIAN_POINT('',(1.732321315895,-2.67,7.676486855632));
#1553 = CARTESIAN_POINT('',(1.699533264118,-2.67,7.644652523645));
#1554 = CARTESIAN_POINT('',(1.668625522886,-2.67,7.610366582814));
#1555 = CARTESIAN_POINT('',(1.639599609375,-2.67,7.573779296875));
#1556 = PCURVE('',#32,#1557);
#1557 = DEFINITIONAL_REPRESENTATION('',(#1558),#1571);
#1558 = B_SPLINE_CURVE_WITH_KNOTS('',6,(#1559,#1560,#1561,#1562,#1563,
    #1564,#1565,#1566,#1567,#1568,#1569,#1570),.UNSPECIFIED.,.F.,.F.,(7,
    5,7),(0.,0.641491152971,1.),.UNSPECIFIED.);
#1559 = CARTESIAN_POINT('',(6.770458984375,-7.881396484375));
#1560 = CARTESIAN_POINT('',(6.681452528951,-7.881396484375));
#1561 = CARTESIAN_POINT('',(6.595124467097,-7.87373327391));
#1562 = CARTESIAN_POINT('',(6.512229678267,-7.857721570547));
#1563 = CARTESIAN_POINT('',(6.433548332159,-7.832833771927));
#1564 = CARTESIAN_POINT('',(6.359803575606,-7.798867809692));
#1565 = CARTESIAN_POINT('',(6.25340295855,-7.732327444189));
#1566 = CARTESIAN_POINT('',(6.216963340952,-7.705743424614));
#1567 = CARTESIAN_POINT('',(6.182321315895,-7.676486855632));
#1568 = CARTESIAN_POINT('',(6.149533264118,-7.644652523645));
#1569 = CARTESIAN_POINT('',(6.118625522886,-7.610366582814));
#1570 = CARTESIAN_POINT('',(6.089599609375,-7.573779296875));
#1571 = ( GEOMETRIC_REPRESENTATION_CONTEXT(2) 
PARAMETRIC_REPRESENTATION_CONTEXT() REPRESENTATION_CONTEXT('2D SPACE',''
  ) );
#1572 = PCURVE('',#1573,#1580);
#1573 = SURFACE_OF_LINEAR_EXTRUSION('',#1574,#1578);
#1574 = B_SPLINE_CURVE_WITH_KNOTS('',2,(#1575,#1576,#1577),
  .UNSPECIFIED.,.F.,.F.,(3,3),(0.,1.),.PIECEWISE_BEZIER_KNOTS.);
#1575 = CARTESIAN_POINT('',(1.639599609375,-2.47,7.573779296875));
#1576 = CARTESIAN_POINT('',(1.883642578125,-2.47,7.881396484375));
#1577 = CARTESIAN_POINT('',(2.320458984375,-2.47,7.881396484375));
#1578 = VECTOR('',#1579,1.);
#1579 = DIRECTION('',(-0.,1.,-0.));
#1580 = DEFINITIONAL_REPRESENTATION('',(#1581),#1594);
#1581 = B_SPLINE_CURVE_WITH_KNOTS('',6,(#1582,#1583,#1584,#1585,#1586,
    #1587,#1588,#1589,#1590,#1591,#1592,#1593),.UNSPECIFIED.,.F.,.F.,(7,
    5,7),(0.,0.641491152971,1.),.UNSPECIFIED.);
#1582 = CARTESIAN_POINT('',(1.,-0.2));
#1583 = CARTESIAN_POINT('',(0.898119147827,-0.2));
#1584 = CARTESIAN_POINT('',(0.793807199937,-0.2));
#1585 = CARTESIAN_POINT('',(0.687436665,-0.2));
#1586 = CARTESIAN_POINT('',(0.579522105747,-0.2));
#1587 = CARTESIAN_POINT('',(0.470746323144,-0.2));
#1588 = CARTESIAN_POINT('',(0.301225165073,-0.2));
#1589 = CARTESIAN_POINT('',(0.240445698262,-0.2));
#1590 = CARTESIAN_POINT('',(0.179806788116,-0.2));
#1591 = CARTESIAN_POINT('',(0.119440961953,-0.2));
#1592 = CARTESIAN_POINT('',(5.946885841437E-02,-0.2));
#1593 = CARTESIAN_POINT('',(0.,-0.2));
#1594 = ( GEOMETRIC_REPRESENTATION_CONTEXT(2) 
PARAMETRIC_REPRESENTATION_CONTEXT() REPRESENTATION_CONTEXT('2D SPACE',''
  ) );
#1595 = ORIENTED_EDGE('',*,*,#1596,.T.);
#1596 = EDGE_CURVE('',#1540,#1597,#1599,.T.);
#1597 = VERTEX_POINT('',#1598);
#1598 = CARTESIAN_POINT('',(1.344287109375,-2.67,6.351513671875));
#1599 = SURFACE_CURVE('',#1600,(#1613,#1629),.PCURVE_S1.);
#1600 = B_SPLINE_CURVE_WITH_KNOTS('',6,(#1601,#1602,#1603,#1604,#1605,
    #1606,#1607,#1608,#1609,#1610,#1611,#1612),.UNSPECIFIED.,.F.,.F.,(7,
    5,7),(0.,0.403921599979,1.),.UNSPECIFIED.);
#1601 = CARTESIAN_POINT('',(1.639599609375,-2.67,7.573779296875));
#1602 = CARTESIAN_POINT('',(1.592661150002,-2.67,7.514454299612));
#1603 = CARTESIAN_POINT('',(1.551055386955,-2.67,7.448999372079));
#1604 = CARTESIAN_POINT('',(1.514744340411,-2.67,7.378248799983));
#1605 = CARTESIAN_POINT('',(1.483394314551,-2.67,7.303119038278));
#1606 = CARTESIAN_POINT('',(1.456599217431,-2.67,7.224398828253));
#1607 = CARTESIAN_POINT('',(1.400511754555,-2.67,7.022109593069));
#1608 = CARTESIAN_POINT('',(1.376117286024,-2.67,6.895095513468));
#1609 = CARTESIAN_POINT('',(1.359363148398,-2.67,6.763434824816));
#1610 = CARTESIAN_POINT('',(1.349071031475,-2.67,6.628454141913));
#1611 = CARTESIAN_POINT('',(1.344287109375,-2.67,6.491015714097));
#1612 = CARTESIAN_POINT('',(1.344287109375,-2.67,6.351513671875));
#1613 = PCURVE('',#32,#1614);
#1614 = DEFINITIONAL_REPRESENTATION('',(#1615),#1628);
#1615 = B_SPLINE_CURVE_WITH_KNOTS('',6,(#1616,#1617,#1618,#1619,#1620,
    #1621,#1622,#1623,#1624,#1625,#1626,#1627),.UNSPECIFIED.,.F.,.F.,(7,
    5,7),(0.,0.403921599979,1.),.UNSPECIFIED.);
#1616 = CARTESIAN_POINT('',(6.089599609375,-7.573779296875));
#1617 = CARTESIAN_POINT('',(6.042661150002,-7.514454299612));
#1618 = CARTESIAN_POINT('',(6.001055386955,-7.448999372079));
#1619 = CARTESIAN_POINT('',(5.964744340411,-7.378248799983));
#1620 = CARTESIAN_POINT('',(5.933394314551,-7.303119038278));
#1621 = CARTESIAN_POINT('',(5.906599217431,-7.224398828253));
#1622 = CARTESIAN_POINT('',(5.850511754555,-7.022109593069));
#1623 = CARTESIAN_POINT('',(5.826117286024,-6.895095513468));
#1624 = CARTESIAN_POINT('',(5.809363148398,-6.763434824816));
#1625 = CARTESIAN_POINT('',(5.799071031475,-6.628454141913));
#1626 = CARTESIAN_POINT('',(5.794287109375,-6.491015714097));
#1627 = CARTESIAN_POINT('',(5.794287109375,-6.351513671875));
#1628 = ( GEOMETRIC_REPRESENTATION_CONTEXT(2) 
PARAMETRIC_REPRESENTATION_CONTEXT() REPRESENTATION_CONTEXT('2D SPACE',''
  ) );
#1629 = PCURVE('',#1630,#1637);
#1630 = SURFACE_OF_LINEAR_EXTRUSION('',#1631,#1635);
#1631 = B_SPLINE_CURVE_WITH_KNOTS('',2,(#1632,#1633,#1634),
  .UNSPECIFIED.,.F.,.F.,(3,3),(0.,1.),.PIECEWISE_BEZIER_KNOTS.);
#1632 = CARTESIAN_POINT('',(1.344287109375,-2.47,6.351513671875));
#1633 = CARTESIAN_POINT('',(1.344287109375,-2.47,7.200537109375));
#1634 = CARTESIAN_POINT('',(1.639599609375,-2.47,7.573779296875));
#1635 = VECTOR('',#1636,1.);
#1636 = DIRECTION('',(-0.,1.,-0.));
#1637 = DEFINITIONAL_REPRESENTATION('',(#1638),#1651);
#1638 = B_SPLINE_CURVE_WITH_KNOTS('',6,(#1639,#1640,#1641,#1642,#1643,
    #1644,#1645,#1646,#1647,#1648,#1649,#1650),.UNSPECIFIED.,.F.,.F.,(7,
    5,7),(0.,0.403921599979,1.),.UNSPECIFIED.);
#1639 = CARTESIAN_POINT('',(1.,-0.2));
#1640 = CARTESIAN_POINT('',(0.920527476194,-0.2));
#1641 = CARTESIAN_POINT('',(0.842504639124,-0.2));
#1642 = CARTESIAN_POINT('',(0.766386774217,-0.2));
#1643 = CARTESIAN_POINT('',(0.692396981266,-0.2));
#1644 = CARTESIAN_POINT('',(0.620614458349,-0.2));
#1645 = CARTESIAN_POINT('',(0.448267997172,-0.2));
#1646 = CARTESIAN_POINT('',(0.350322362485,-0.2));
#1647 = CARTESIAN_POINT('',(0.256889449487,-0.2));
#1648 = CARTESIAN_POINT('',(0.167632533753,-0.2));
#1649 = CARTESIAN_POINT('',(8.215441179836E-02,-0.2));
#1650 = CARTESIAN_POINT('',(0.,-0.2));
#1651 = ( GEOMETRIC_REPRESENTATION_CONTEXT(2) 
PARAMETRIC_REPRESENTATION_CONTEXT() REPRESENTATION_CONTEXT('2D SPACE',''
  ) );
#1652 = ORIENTED_EDGE('',*,*,#1653,.T.);
#1653 = EDGE_CURVE('',#1597,#1654,#1656,.T.);
#1654 = VERTEX_POINT('',#1655);
#1655 = CARTESIAN_POINT('',(1.612939453125,-2.67,5.14873046875));
#1656 = SURFACE_CURVE('',#1657,(#1672,#1690),.PCURVE_S1.);
#1657 = B_SPLINE_CURVE_WITH_KNOTS('',7,(#1658,#1659,#1660,#1661,#1662,
    #1663,#1664,#1665,#1666,#1667,#1668,#1669,#1670,#1671),
  .UNSPECIFIED.,.F.,.F.,(8,6,8),(0.,0.866088794237,1.),.UNSPECIFIED.);
#1658 = CARTESIAN_POINT('',(1.344287109375,-2.67,6.351513671875));
#1659 = CARTESIAN_POINT('',(1.344287109375,-2.67,6.178742146549));
#1660 = CARTESIAN_POINT('',(1.350533463895,-2.67,6.009645843815));
#1661 = CARTESIAN_POINT('',(1.3641418228,-2.67,5.84420710335));
#1662 = CARTESIAN_POINT('',(1.386808719714,-2.67,5.683907921923));
#1663 = CARTESIAN_POINT('',(1.420736422026,-2.67,5.531656541032));
#1664 = CARTESIAN_POINT('',(1.468750778711,-2.67,5.391890277247));
#1665 = CARTESIAN_POINT('',(1.543913308058,-2.67,5.251387439308));
#1666 = CARTESIAN_POINT('',(1.554378858354,-2.67,5.233019535991));
#1667 = CARTESIAN_POINT('',(1.565252456442,-2.67,5.215122287651));
#1668 = CARTESIAN_POINT('',(1.57654077213,-2.67,5.197720106514));
#1669 = CARTESIAN_POINT('',(1.588249195919,-2.67,5.180837734822));
#1670 = CARTESIAN_POINT('',(1.60038149231,-2.67,5.164499816491));
#1671 = CARTESIAN_POINT('',(1.612939453125,-2.67,5.14873046875));
#1672 = PCURVE('',#32,#1673);
#1673 = DEFINITIONAL_REPRESENTATION('',(#1674),#1689);
#1674 = B_SPLINE_CURVE_WITH_KNOTS('',7,(#1675,#1676,#1677,#1678,#1679,
    #1680,#1681,#1682,#1683,#1684,#1685,#1686,#1687,#1688),
  .UNSPECIFIED.,.F.,.F.,(8,6,8),(0.,0.866088794237,1.),.UNSPECIFIED.);
#1675 = CARTESIAN_POINT('',(5.794287109375,-6.351513671875));
#1676 = CARTESIAN_POINT('',(5.794287109375,-6.178742146549));
#1677 = CARTESIAN_POINT('',(5.800533463895,-6.009645843815));
#1678 = CARTESIAN_POINT('',(5.8141418228,-5.84420710335));
#1679 = CARTESIAN_POINT('',(5.836808719714,-5.683907921923));
#1680 = CARTESIAN_POINT('',(5.870736422026,-5.531656541032));
#1681 = CARTESIAN_POINT('',(5.918750778711,-5.391890277247));
#1682 = CARTESIAN_POINT('',(5.993913308058,-5.251387439308));
#1683 = CARTESIAN_POINT('',(6.004378858354,-5.233019535991));
#1684 = CARTESIAN_POINT('',(6.015252456442,-5.215122287651));
#1685 = CARTESIAN_POINT('',(6.02654077213,-5.197720106514));
#1686 = CARTESIAN_POINT('',(6.038249195919,-5.180837734822));
#1687 = CARTESIAN_POINT('',(6.05038149231,-5.164499816491));
#1688 = CARTESIAN_POINT('',(6.062939453125,-5.14873046875));
#1689 = ( GEOMETRIC_REPRESENTATION_CONTEXT(2) 
PARAMETRIC_REPRESENTATION_CONTEXT() REPRESENTATION_CONTEXT('2D SPACE',''
  ) );
#1690 = PCURVE('',#1691,#1698);
#1691 = SURFACE_OF_LINEAR_EXTRUSION('',#1692,#1696);
#1692 = B_SPLINE_CURVE_WITH_KNOTS('',2,(#1693,#1694,#1695),
  .UNSPECIFIED.,.F.,.F.,(3,3),(0.,1.),.PIECEWISE_BEZIER_KNOTS.);
#1693 = CARTESIAN_POINT('',(1.612939453125,-2.47,5.14873046875));
#1694 = CARTESIAN_POINT('',(1.344287109375,-2.47,5.486083984375));
#1695 = CARTESIAN_POINT('',(1.344287109375,-2.47,6.351513671875));
#1696 = VECTOR('',#1697,1.);
#1697 = DIRECTION('',(-0.,1.,-0.));
#1698 = DEFINITIONAL_REPRESENTATION('',(#1699),#1714);
#1699 = B_SPLINE_CURVE_WITH_KNOTS('',7,(#1700,#1701,#1702,#1703,#1704,
    #1705,#1706,#1707,#1708,#1709,#1710,#1711,#1712,#1713),
  .UNSPECIFIED.,.F.,.F.,(8,6,8),(0.,0.866088794237,1.),.UNSPECIFIED.);
#1700 = CARTESIAN_POINT('',(1.,-0.2));
#1701 = CARTESIAN_POINT('',(0.900181650906,-0.2));
#1702 = CARTESIAN_POINT('',(0.795392986406,-0.2));
#1703 = CARTESIAN_POINT('',(0.684356816548,-0.2));
#1704 = CARTESIAN_POINT('',(0.566002694686,-0.2));
#1705 = CARTESIAN_POINT('',(0.439509847691,-0.2));
#1706 = CARTESIAN_POINT('',(0.30423275216,-0.2));
#1707 = CARTESIAN_POINT('',(0.137699305336,-0.2));
#1708 = CARTESIAN_POINT('',(0.11520209913,-0.2));
#1709 = CARTESIAN_POINT('',(9.251341364946E-02,-0.2));
#1710 = CARTESIAN_POINT('',(6.963977843843E-02,-0.2));
#1711 = CARTESIAN_POINT('',(4.658936655618E-02,-0.2));
#1712 = CARTESIAN_POINT('',(2.337214081176E-02,-0.2));
#1713 = CARTESIAN_POINT('',(0.,-0.2));
#1714 = ( GEOMETRIC_REPRESENTATION_CONTEXT(2) 
PARAMETRIC_REPRESENTATION_CONTEXT() REPRESENTATION_CONTEXT('2D SPACE',''
  ) );
#1715 = ORIENTED_EDGE('',*,*,#1716,.T.);
#1716 = EDGE_CURVE('',#1654,#1717,#1719,.T.);
#1717 = VERTEX_POINT('',#1718);
#1718 = CARTESIAN_POINT('',(2.320458984375,-2.67,4.811376953125));
#1719 = SURFACE_CURVE('',#1720,(#1731,#1745),.PCURVE_S1.);
#1720 = B_SPLINE_CURVE_WITH_KNOTS('',5,(#1721,#1722,#1723,#1724,#1725,
    #1726,#1727,#1728,#1729,#1730),.UNSPECIFIED.,.F.,.F.,(6,4,6),(0.,
    0.475358195154,1.),.UNSPECIFIED.);
#1721 = CARTESIAN_POINT('',(1.612939453125,-2.67,5.14873046875));
#1722 = CARTESIAN_POINT('',(1.662799967979,-2.67,5.08611936422));
#1723 = CARTESIAN_POINT('',(1.717239737121,-2.67,5.029622397783));
#1724 = CARTESIAN_POINT('',(1.776293774523,-2.67,4.980064986921));
#1725 = CARTESIAN_POINT('',(1.839803506488,-2.67,4.938109403197));
#1726 = CARTESIAN_POINT('',(1.981716651169,-2.67,4.866367143332));
#1727 = CARTESIAN_POINT('',(2.061014022353,-2.67,4.838276818136));
#1728 = CARTESIAN_POINT('',(2.144474274795,-2.67,4.820091236255));
#1729 = CARTESIAN_POINT('',(2.231239723152,-2.67,4.811376953125));
#1730 = CARTESIAN_POINT('',(2.320458984375,-2.67,4.811376953125));
#1731 = PCURVE('',#32,#1732);
#1732 = DEFINITIONAL_REPRESENTATION('',(#1733),#1744);
#1733 = B_SPLINE_CURVE_WITH_KNOTS('',5,(#1734,#1735,#1736,#1737,#1738,
    #1739,#1740,#1741,#1742,#1743),.UNSPECIFIED.,.F.,.F.,(6,4,6),(0.,
    0.475358195154,1.),.UNSPECIFIED.);
#1734 = CARTESIAN_POINT('',(6.062939453125,-5.14873046875));
#1735 = CARTESIAN_POINT('',(6.112799967979,-5.08611936422));
#1736 = CARTESIAN_POINT('',(6.167239737121,-5.029622397783));
#1737 = CARTESIAN_POINT('',(6.226293774523,-4.980064986921));
#1738 = CARTESIAN_POINT('',(6.289803506488,-4.938109403197));
#1739 = CARTESIAN_POINT('',(6.431716651169,-4.866367143332));
#1740 = CARTESIAN_POINT('',(6.511014022353,-4.838276818136));
#1741 = CARTESIAN_POINT('',(6.594474274795,-4.820091236255));
#1742 = CARTESIAN_POINT('',(6.681239723152,-4.811376953125));
#1743 = CARTESIAN_POINT('',(6.770458984375,-4.811376953125));
#1744 = ( GEOMETRIC_REPRESENTATION_CONTEXT(2) 
PARAMETRIC_REPRESENTATION_CONTEXT() REPRESENTATION_CONTEXT('2D SPACE',''
  ) );
#1745 = PCURVE('',#1746,#1753);
#1746 = SURFACE_OF_LINEAR_EXTRUSION('',#1747,#1751);
#1747 = B_SPLINE_CURVE_WITH_KNOTS('',2,(#1748,#1749,#1750),
  .UNSPECIFIED.,.F.,.F.,(3,3),(0.,1.),.PIECEWISE_BEZIER_KNOTS.);
#1748 = CARTESIAN_POINT('',(2.320458984375,-2.47,4.811376953125));
#1749 = CARTESIAN_POINT('',(1.881591796875,-2.47,4.811376953125));
#1750 = CARTESIAN_POINT('',(1.612939453125,-2.47,5.14873046875));
#1751 = VECTOR('',#1752,1.);
#1752 = DIRECTION('',(-0.,1.,-0.));
#1753 = DEFINITIONAL_REPRESENTATION('',(#1754),#1765);
#1754 = B_SPLINE_CURVE_WITH_KNOTS('',5,(#1755,#1756,#1757,#1758,#1759,
    #1760,#1761,#1762,#1763,#1764),.UNSPECIFIED.,.F.,.F.,(6,4,6),(0.,
    0.475358195154,1.),.UNSPECIFIED.);
#1755 = CARTESIAN_POINT('',(1.,-0.2));
#1756 = CARTESIAN_POINT('',(0.907202531424,-0.2));
#1757 = CARTESIAN_POINT('',(0.812702601061,-0.2));
#1758 = CARTESIAN_POINT('',(0.716934802889,-0.2));
#1759 = CARTESIAN_POINT('',(0.620460501443,-0.2));
#1760 = CARTESIAN_POINT('',(0.417538783829,-0.2));
#1761 = CARTESIAN_POINT('',(0.3110480187,-0.2));
#1762 = CARTESIAN_POINT('',(0.205508166316,-0.2));
#1763 = CARTESIAN_POINT('',(0.1016472224,-0.2));
#1764 = CARTESIAN_POINT('',(0.,-0.2));
#1765 = ( GEOMETRIC_REPRESENTATION_CONTEXT(2) 
PARAMETRIC_REPRESENTATION_CONTEXT() REPRESENTATION_CONTEXT('2D SPACE',''
  ) );
#1766 = ORIENTED_EDGE('',*,*,#1767,.T.);
#1767 = EDGE_CURVE('',#1717,#1768,#1770,.T.);
#1768 = VERTEX_POINT('',#1769);
#1769 = CARTESIAN_POINT('',(3.001318359375,-2.67,5.118994140625));
#1770 = SURFACE_CURVE('',#1771,(#1784,#1800),.PCURVE_S1.);
#1771 = B_SPLINE_CURVE_WITH_KNOTS('',6,(#1772,#1773,#1774,#1775,#1776,
    #1777,#1778,#1779,#1780,#1781,#1782,#1783),.UNSPECIFIED.,.F.,.F.,(7,
    5,7),(0.,0.641491152971,1.),.UNSPECIFIED.);
#1772 = CARTESIAN_POINT('',(2.320458984375,-2.67,4.811376953125));
#1773 = CARTESIAN_POINT('',(2.409465439799,-2.67,4.811376953125));
#1774 = CARTESIAN_POINT('',(2.495793501653,-2.67,4.81904016359));
#1775 = CARTESIAN_POINT('',(2.578688290483,-2.67,4.835051866953));
#1776 = CARTESIAN_POINT('',(2.657369636591,-2.67,4.859939665573));
#1777 = CARTESIAN_POINT('',(2.731114393144,-2.67,4.893905627808));
#1778 = CARTESIAN_POINT('',(2.8375150102,-2.67,4.960445993311));
#1779 = CARTESIAN_POINT('',(2.873954627798,-2.67,4.987030012886));
#1780 = CARTESIAN_POINT('',(2.908596652855,-2.67,5.016286581868));
#1781 = CARTESIAN_POINT('',(2.941384704632,-2.67,5.048120913855));
#1782 = CARTESIAN_POINT('',(2.972292445864,-2.67,5.082406854686));
#1783 = CARTESIAN_POINT('',(3.001318359375,-2.67,5.118994140625));
#1784 = PCURVE('',#32,#1785);
#1785 = DEFINITIONAL_REPRESENTATION('',(#1786),#1799);
#1786 = B_SPLINE_CURVE_WITH_KNOTS('',6,(#1787,#1788,#1789,#1790,#1791,
    #1792,#1793,#1794,#1795,#1796,#1797,#1798),.UNSPECIFIED.,.F.,.F.,(7,
    5,7),(0.,0.641491152971,1.),.UNSPECIFIED.);
#1787 = CARTESIAN_POINT('',(6.770458984375,-4.811376953125));
#1788 = CARTESIAN_POINT('',(6.859465439799,-4.811376953125));
#1789 = CARTESIAN_POINT('',(6.945793501653,-4.81904016359));
#1790 = CARTESIAN_POINT('',(7.028688290483,-4.835051866953));
#1791 = CARTESIAN_POINT('',(7.107369636591,-4.859939665573));
#1792 = CARTESIAN_POINT('',(7.181114393144,-4.893905627808));
#1793 = CARTESIAN_POINT('',(7.2875150102,-4.960445993311));
#1794 = CARTESIAN_POINT('',(7.323954627798,-4.987030012886));
#1795 = CARTESIAN_POINT('',(7.358596652855,-5.016286581868));
#1796 = CARTESIAN_POINT('',(7.391384704632,-5.048120913855));
#1797 = CARTESIAN_POINT('',(7.422292445864,-5.082406854686));
#1798 = CARTESIAN_POINT('',(7.451318359375,-5.118994140625));
#1799 = ( GEOMETRIC_REPRESENTATION_CONTEXT(2) 
PARAMETRIC_REPRESENTATION_CONTEXT() REPRESENTATION_CONTEXT('2D SPACE',''
  ) );
#1800 = PCURVE('',#1801,#1808);
#1801 = SURFACE_OF_LINEAR_EXTRUSION('',#1802,#1806);
#1802 = B_SPLINE_CURVE_WITH_KNOTS('',2,(#1803,#1804,#1805),
  .UNSPECIFIED.,.F.,.F.,(3,3),(0.,1.),.PIECEWISE_BEZIER_KNOTS.);
#1803 = CARTESIAN_POINT('',(3.001318359375,-2.47,5.118994140625));
#1804 = CARTESIAN_POINT('',(2.757275390625,-2.47,4.811376953125));
#1805 = CARTESIAN_POINT('',(2.320458984375,-2.47,4.811376953125));
#1806 = VECTOR('',#1807,1.);
#1807 = DIRECTION('',(-0.,1.,-0.));
#1808 = DEFINITIONAL_REPRESENTATION('',(#1809),#1822);
#1809 = B_SPLINE_CURVE_WITH_KNOTS('',6,(#1810,#1811,#1812,#1813,#1814,
    #1815,#1816,#1817,#1818,#1819,#1820,#1821),.UNSPECIFIED.,.F.,.F.,(7,
    5,7),(0.,0.641491152971,1.),.UNSPECIFIED.);
#1810 = CARTESIAN_POINT('',(1.,-0.2));
#1811 = CARTESIAN_POINT('',(0.898119147827,-0.2));
#1812 = CARTESIAN_POINT('',(0.793807199937,-0.2));
#1813 = CARTESIAN_POINT('',(0.687436665,-0.2));
#1814 = CARTESIAN_POINT('',(0.579522105747,-0.2));
#1815 = CARTESIAN_POINT('',(0.470746323144,-0.2));
#1816 = CARTESIAN_POINT('',(0.301225165073,-0.2));
#1817 = CARTESIAN_POINT('',(0.240445698262,-0.2));
#1818 = CARTESIAN_POINT('',(0.179806788116,-0.2));
#1819 = CARTESIAN_POINT('',(0.119440961953,-0.2));
#1820 = CARTESIAN_POINT('',(5.946885841437E-02,-0.2));
#1821 = CARTESIAN_POINT('',(0.,-0.2));
#1822 = ( GEOMETRIC_REPRESENTATION_CONTEXT(2) 
PARAMETRIC_REPRESENTATION_CONTEXT() REPRESENTATION_CONTEXT('2D SPACE',''
  ) );
#1823 = ORIENTED_EDGE('',*,*,#1824,.T.);
#1824 = EDGE_CURVE('',#1768,#1424,#1825,.T.);
#1825 = SURFACE_CURVE('',#1826,(#1839,#1855),.PCURVE_S1.);
#1826 = B_SPLINE_CURVE_WITH_KNOTS('',6,(#1827,#1828,#1829,#1830,#1831,
    #1832,#1833,#1834,#1835,#1836,#1837,#1838),.UNSPECIFIED.,.F.,.F.,(7,
    5,7),(0.,0.401529823518,1.),.UNSPECIFIED.);
#1827 = CARTESIAN_POINT('',(3.001318359375,-2.67,5.118994140625));
#1828 = CARTESIAN_POINT('',(3.048072430797,-2.67,5.178086092006));
#1829 = CARTESIAN_POINT('',(3.089520834338,-2.67,5.243302914887));
#1830 = CARTESIAN_POINT('',(3.125705611702,-2.67,5.313806318684));
#1831 = CARTESIAN_POINT('',(3.156962138268,-2.67,5.388677639019));
#1832 = CARTESIAN_POINT('',(3.183696254201,-2.67,5.467128110026));
#1833 = CARTESIAN_POINT('',(3.240044210284,-2.67,5.669926124862));
#1834 = CARTESIAN_POINT('',(3.264616592941,-2.67,5.797834103367));
#1835 = CARTESIAN_POINT('',(3.281475411912,-2.67,5.930446973894));
#1836 = CARTESIAN_POINT('',(3.291823817576,-2.67,6.06640923973));
#1837 = CARTESIAN_POINT('',(3.296630859375,-2.67,6.204845468108));
#1838 = CARTESIAN_POINT('',(3.296630859375,-2.67,6.345361328125));
#1839 = PCURVE('',#32,#1840);
#1840 = DEFINITIONAL_REPRESENTATION('',(#1841),#1854);
#1841 = B_SPLINE_CURVE_WITH_KNOTS('',6,(#1842,#1843,#1844,#1845,#1846,
    #1847,#1848,#1849,#1850,#1851,#1852,#1853),.UNSPECIFIED.,.F.,.F.,(7,
    5,7),(0.,0.401529823518,1.),.UNSPECIFIED.);
#1842 = CARTESIAN_POINT('',(7.451318359375,-5.118994140625));
#1843 = CARTESIAN_POINT('',(7.498072430797,-5.178086092006));
#1844 = CARTESIAN_POINT('',(7.539520834338,-5.243302914887));
#1845 = CARTESIAN_POINT('',(7.575705611702,-5.313806318684));
#1846 = CARTESIAN_POINT('',(7.606962138268,-5.388677639019));
#1847 = CARTESIAN_POINT('',(7.633696254201,-5.467128110026));
#1848 = CARTESIAN_POINT('',(7.690044210284,-5.669926124862));
#1849 = CARTESIAN_POINT('',(7.714616592941,-5.797834103367));
#1850 = CARTESIAN_POINT('',(7.731475411912,-5.930446973894));
#1851 = CARTESIAN_POINT('',(7.741823817576,-6.06640923973));
#1852 = CARTESIAN_POINT('',(7.746630859375,-6.204845468108));
#1853 = CARTESIAN_POINT('',(7.746630859375,-6.345361328125));
#1854 = ( GEOMETRIC_REPRESENTATION_CONTEXT(2) 
PARAMETRIC_REPRESENTATION_CONTEXT() REPRESENTATION_CONTEXT('2D SPACE',''
  ) );
#1855 = PCURVE('',#1856,#1863);
#1856 = SURFACE_OF_LINEAR_EXTRUSION('',#1857,#1861);
#1857 = B_SPLINE_CURVE_WITH_KNOTS('',2,(#1858,#1859,#1860),
  .UNSPECIFIED.,.F.,.F.,(3,3),(0.,1.),.PIECEWISE_BEZIER_KNOTS.);
#1858 = CARTESIAN_POINT('',(3.296630859375,-2.47,6.345361328125));
#1859 = CARTESIAN_POINT('',(3.296630859375,-2.47,5.492236328125));
#1860 = CARTESIAN_POINT('',(3.001318359375,-2.47,5.118994140625));
#1861 = VECTOR('',#1862,1.);
#1862 = DIRECTION('',(-0.,1.,-0.));
#1863 = DEFINITIONAL_REPRESENTATION('',(#1864),#1877);
#1864 = B_SPLINE_CURVE_WITH_KNOTS('',6,(#1865,#1866,#1867,#1868,#1869,
    #1870,#1871,#1872,#1873,#1874,#1875,#1876),.UNSPECIFIED.,.F.,.F.,(7,
    5,7),(0.,0.401529823518,1.),.UNSPECIFIED.);
#1865 = CARTESIAN_POINT('',(1.,-0.2));
#1866 = CARTESIAN_POINT('',(0.920839667434,-0.2));
#1867 = CARTESIAN_POINT('',(0.843142683618,-0.2));
#1868 = CARTESIAN_POINT('',(0.767360314672,-0.2));
#1869 = CARTESIAN_POINT('',(0.693711566831,-0.2));
#1870 = CARTESIAN_POINT('',(0.622272206012,-0.2));
#1871 = CARTESIAN_POINT('',(0.449751506541,-0.2));
#1872 = CARTESIAN_POINT('',(0.351384854337,-0.2));
#1873 = CARTESIAN_POINT('',(0.257607007389,-0.2));
#1874 = CARTESIAN_POINT('',(0.168066538502,-0.2));
#1875 = CARTESIAN_POINT('',(8.235361759248E-02,-0.2));
#1876 = CARTESIAN_POINT('',(0.,-0.2));
#1877 = ( GEOMETRIC_REPRESENTATION_CONTEXT(2) 
PARAMETRIC_REPRESENTATION_CONTEXT() REPRESENTATION_CONTEXT('2D SPACE',''
  ) );
#1878 = FACE_BOUND('',#1879,.F.);
#1879 = EDGE_LOOP('',(#1880,#1908,#1953,#2004,#2055,#2097,#2123,#2180,
    #2237,#2288,#2339,#2381,#2407));
#1880 = ORIENTED_EDGE('',*,*,#1881,.F.);
#1881 = EDGE_CURVE('',#1882,#1884,#1886,.T.);
#1882 = VERTEX_POINT('',#1883);
#1883 = CARTESIAN_POINT('',(-2.113330078125,-2.67,5.927001953125));
#1884 = VERTEX_POINT('',#1885);
#1885 = CARTESIAN_POINT('',(-2.113330078125,-2.67,7.869091796875));
#1886 = SURFACE_CURVE('',#1887,(#1891,#1897),.PCURVE_S1.);
#1887 = LINE('',#1888,#1889);
#1888 = CARTESIAN_POINT('',(-2.113330078125,-2.67,2.963500976562));
#1889 = VECTOR('',#1890,1.);
#1890 = DIRECTION('',(0.,-0.,1.));
#1891 = PCURVE('',#32,#1892);
#1892 = DEFINITIONAL_REPRESENTATION('',(#1893),#1896);
#1893 = B_SPLINE_CURVE_WITH_KNOTS('',1,(#1894,#1895),.UNSPECIFIED.,.F.,
  .F.,(2,2),(2.963500976562,4.905590820312),.PIECEWISE_BEZIER_KNOTS.);
#1894 = CARTESIAN_POINT('',(2.336669921875,-5.927001953125));
#1895 = CARTESIAN_POINT('',(2.336669921875,-7.869091796875));
#1896 = ( GEOMETRIC_REPRESENTATION_CONTEXT(2) 
PARAMETRIC_REPRESENTATION_CONTEXT() REPRESENTATION_CONTEXT('2D SPACE',''
  ) );
#1897 = PCURVE('',#1898,#1903);
#1898 = PLANE('',#1899);
#1899 = AXIS2_PLACEMENT_3D('',#1900,#1901,#1902);
#1900 = CARTESIAN_POINT('',(-2.113330078125,-2.47,5.927001953125));
#1901 = DIRECTION('',(-1.,0.,0.));
#1902 = DIRECTION('',(0.,0.,1.));
#1903 = DEFINITIONAL_REPRESENTATION('',(#1904),#1907);
#1904 = B_SPLINE_CURVE_WITH_KNOTS('',1,(#1905,#1906),.UNSPECIFIED.,.F.,
  .F.,(2,2),(2.963500976562,4.905590820312),.PIECEWISE_BEZIER_KNOTS.);
#1905 = CARTESIAN_POINT('',(0.,-0.2));
#1906 = CARTESIAN_POINT('',(1.94208984375,-0.2));
#1907 = ( GEOMETRIC_REPRESENTATION_CONTEXT(2) 
PARAMETRIC_REPRESENTATION_CONTEXT() REPRESENTATION_CONTEXT('2D SPACE',''
  ) );
#1908 = ORIENTED_EDGE('',*,*,#1909,.T.);
#1909 = EDGE_CURVE('',#1882,#1910,#1912,.T.);
#1910 = VERTEX_POINT('',#1911);
#1911 = CARTESIAN_POINT('',(-2.197412109375,-2.67,5.44609375));
#1912 = SURFACE_CURVE('',#1913,(#1922,#1934),.PCURVE_S1.);
#1913 = B_SPLINE_CURVE_WITH_KNOTS('',7,(#1914,#1915,#1916,#1917,#1918,
    #1919,#1920,#1921),.UNSPECIFIED.,.F.,.F.,(8,8),(0.,1.),
  .PIECEWISE_BEZIER_KNOTS.);
#1914 = CARTESIAN_POINT('',(-2.113330078125,-2.67,5.927001953125));
#1915 = CARTESIAN_POINT('',(-2.113330078125,-2.67,5.832544401997));
#1916 = CARTESIAN_POINT('',(-2.11661418284,-2.67,5.744409868587));
#1917 = CARTESIAN_POINT('',(-2.123608960928,-2.67,5.66372936347));
#1918 = CARTESIAN_POINT('',(-2.13479250572,-2.67,5.591966526674));
#1919 = CARTESIAN_POINT('',(-2.150634167698,-2.67,5.53077870179));
#1920 = CARTESIAN_POINT('',(-2.17150052434,-2.67,5.481801178158));
#1921 = CARTESIAN_POINT('',(-2.197412109375,-2.67,5.44609375));
#1922 = PCURVE('',#32,#1923);
#1923 = DEFINITIONAL_REPRESENTATION('',(#1924),#1933);
#1924 = B_SPLINE_CURVE_WITH_KNOTS('',7,(#1925,#1926,#1927,#1928,#1929,
    #1930,#1931,#1932),.UNSPECIFIED.,.F.,.F.,(8,8),(0.,1.),
  .PIECEWISE_BEZIER_KNOTS.);
#1925 = CARTESIAN_POINT('',(2.336669921875,-5.927001953125));
#1926 = CARTESIAN_POINT('',(2.336669921875,-5.832544401997));
#1927 = CARTESIAN_POINT('',(2.33338581716,-5.744409868587));
#1928 = CARTESIAN_POINT('',(2.326391039072,-5.66372936347));
#1929 = CARTESIAN_POINT('',(2.31520749428,-5.591966526674));
#1930 = CARTESIAN_POINT('',(2.299365832302,-5.53077870179));
#1931 = CARTESIAN_POINT('',(2.27849947566,-5.481801178158));
#1932 = CARTESIAN_POINT('',(2.252587890625,-5.44609375));
#1933 = ( GEOMETRIC_REPRESENTATION_CONTEXT(2) 
PARAMETRIC_REPRESENTATION_CONTEXT() REPRESENTATION_CONTEXT('2D SPACE',''
  ) );
#1934 = PCURVE('',#1935,#1942);
#1935 = SURFACE_OF_LINEAR_EXTRUSION('',#1936,#1940);
#1936 = B_SPLINE_CURVE_WITH_KNOTS('',2,(#1937,#1938,#1939),
  .UNSPECIFIED.,.F.,.F.,(3,3),(0.,1.),.PIECEWISE_BEZIER_KNOTS.);
#1937 = CARTESIAN_POINT('',(-2.197412109375,-2.47,5.44609375));
#1938 = CARTESIAN_POINT('',(-2.113330078125,-2.47,5.561962890625));
#1939 = CARTESIAN_POINT('',(-2.113330078125,-2.47,5.927001953125));
#1940 = VECTOR('',#1941,1.);
#1941 = DIRECTION('',(-0.,1.,-0.));
#1942 = DEFINITIONAL_REPRESENTATION('',(#1943),#1952);
#1943 = B_SPLINE_CURVE_WITH_KNOTS('',7,(#1944,#1945,#1946,#1947,#1948,
    #1949,#1950,#1951),.UNSPECIFIED.,.F.,.F.,(8,8),(0.,1.),
  .PIECEWISE_BEZIER_KNOTS.);
#1944 = CARTESIAN_POINT('',(1.,-0.2));
#1945 = CARTESIAN_POINT('',(0.87061994067,-0.2));
#1946 = CARTESIAN_POINT('',(0.736570317716,-0.2));
#1947 = CARTESIAN_POINT('',(0.597668836637,-0.2));
#1948 = CARTESIAN_POINT('',(0.453979670367,-0.2));
#1949 = CARTESIAN_POINT('',(0.305867798339,-0.2));
#1950 = CARTESIAN_POINT('',(0.154085151426,-0.2));
#1951 = CARTESIAN_POINT('',(0.,-0.2));
#1952 = ( GEOMETRIC_REPRESENTATION_CONTEXT(2) 
PARAMETRIC_REPRESENTATION_CONTEXT() REPRESENTATION_CONTEXT('2D SPACE',''
  ) );
#1953 = ORIENTED_EDGE('',*,*,#1954,.T.);
#1954 = EDGE_CURVE('',#1910,#1955,#1957,.T.);
#1955 = VERTEX_POINT('',#1956);
#1956 = CARTESIAN_POINT('',(-2.484521484375,-2.67,5.330224609375));
#1957 = SURFACE_CURVE('',#1958,(#1969,#1983),.PCURVE_S1.);
#1958 = B_SPLINE_CURVE_WITH_KNOTS('',5,(#1959,#1960,#1961,#1962,#1963,
    #1964,#1965,#1966,#1967,#1968),.UNSPECIFIED.,.F.,.F.,(6,4,6),(0.,
    0.12165714805,1.),.UNSPECIFIED.);
#1959 = CARTESIAN_POINT('',(-2.197412109375,-2.67,5.44609375));
#1960 = CARTESIAN_POINT('',(-2.20154678694,-2.67,5.440395962624));
#1961 = CARTESIAN_POINT('',(-2.205862838181,-2.67,5.43487107313));
#1962 = CARTESIAN_POINT('',(-2.210360014874,-2.67,5.429520083171));
#1963 = CARTESIAN_POINT('',(-2.215037880989,-2.67,5.424343817832));
#1964 = CARTESIAN_POINT('',(-2.254969210829,-2.67,5.383237378325));
#1965 = CARTESIAN_POINT('',(-2.299434799121,-2.67,5.356267098319));
#1966 = CARTESIAN_POINT('',(-2.353043706129,-2.67,5.338702707685));
#1967 = CARTESIAN_POINT('',(-2.415054732965,-2.67,5.330224609375));
#1968 = CARTESIAN_POINT('',(-2.484521484375,-2.67,5.330224609375));
#1969 = PCURVE('',#32,#1970);
#1970 = DEFINITIONAL_REPRESENTATION('',(#1971),#1982);
#1971 = B_SPLINE_CURVE_WITH_KNOTS('',5,(#1972,#1973,#1974,#1975,#1976,
    #1977,#1978,#1979,#1980,#1981),.UNSPECIFIED.,.F.,.F.,(6,4,6),(0.,
    0.12165714805,1.),.UNSPECIFIED.);
#1972 = CARTESIAN_POINT('',(2.252587890625,-5.44609375));
#1973 = CARTESIAN_POINT('',(2.24845321306,-5.440395962624));
#1974 = CARTESIAN_POINT('',(2.244137161819,-5.43487107313));
#1975 = CARTESIAN_POINT('',(2.239639985126,-5.429520083171));
#1976 = CARTESIAN_POINT('',(2.234962119011,-5.424343817832));
#1977 = CARTESIAN_POINT('',(2.195030789171,-5.383237378325));
#1978 = CARTESIAN_POINT('',(2.150565200879,-5.356267098319));
#1979 = CARTESIAN_POINT('',(2.096956293871,-5.338702707685));
#1980 = CARTESIAN_POINT('',(2.034945267035,-5.330224609375));
#1981 = CARTESIAN_POINT('',(1.965478515625,-5.330224609375));
#1982 = ( GEOMETRIC_REPRESENTATION_CONTEXT(2) 
PARAMETRIC_REPRESENTATION_CONTEXT() REPRESENTATION_CONTEXT('2D SPACE',''
  ) );
#1983 = PCURVE('',#1984,#1991);
#1984 = SURFACE_OF_LINEAR_EXTRUSION('',#1985,#1989);
#1985 = B_SPLINE_CURVE_WITH_KNOTS('',2,(#1986,#1987,#1988),
  .UNSPECIFIED.,.F.,.F.,(3,3),(0.,1.),.PIECEWISE_BEZIER_KNOTS.);
#1986 = CARTESIAN_POINT('',(-2.484521484375,-2.47,5.330224609375));
#1987 = CARTESIAN_POINT('',(-2.281494140625,-2.47,5.330224609375));
#1988 = CARTESIAN_POINT('',(-2.197412109375,-2.47,5.44609375));
#1989 = VECTOR('',#1990,1.);
#1990 = DIRECTION('',(-0.,1.,-0.));
#1991 = DEFINITIONAL_REPRESENTATION('',(#1992),#2003);
#1992 = B_SPLINE_CURVE_WITH_KNOTS('',5,(#1993,#1994,#1995,#1996,#1997,
    #1998,#1999,#2000,#2001,#2002),.UNSPECIFIED.,.F.,.F.,(6,4,6),(0.,
    0.12165714805,1.),.UNSPECIFIED.);
#1993 = CARTESIAN_POINT('',(1.,-0.2));
#1994 = CARTESIAN_POINT('',(0.975412834922,-0.2));
#1995 = CARTESIAN_POINT('',(0.950816100727,-0.2));
#1996 = CARTESIAN_POINT('',(0.926212941004,-0.2));
#1997 = CARTESIAN_POINT('',(0.901606515477,-0.2));
#1998 = CARTESIAN_POINT('',(0.699345358847,-0.2));
#1999 = CARTESIAN_POINT('',(0.521655270165,-0.2));
#2000 = CARTESIAN_POINT('',(0.345226796111,-0.2));
#2001 = CARTESIAN_POINT('',(0.17107732911,-0.2));
#2002 = CARTESIAN_POINT('',(0.,-0.2));
#2003 = ( GEOMETRIC_REPRESENTATION_CONTEXT(2) 
PARAMETRIC_REPRESENTATION_CONTEXT() REPRESENTATION_CONTEXT('2D SPACE',''
  ) );
#2004 = ORIENTED_EDGE('',*,*,#2005,.T.);
#2005 = EDGE_CURVE('',#1955,#2006,#2008,.T.);
#2006 = VERTEX_POINT('',#2007);
#2007 = CARTESIAN_POINT('',(-2.783935546875,-2.67,5.492236328125));
#2008 = SURFACE_CURVE('',#2009,(#2020,#2034),.PCURVE_S1.);
#2009 = B_SPLINE_CURVE_WITH_KNOTS('',5,(#2010,#2011,#2012,#2013,#2014,
    #2015,#2016,#2017,#2018,#2019),.UNSPECIFIED.,.F.,.F.,(6,4,6),(0.,
    0.56164166029,1.),.UNSPECIFIED.);
#2010 = CARTESIAN_POINT('',(-2.484521484375,-2.67,5.330224609375));
#2011 = CARTESIAN_POINT('',(-2.52901677112,-2.67,5.330224609375));
#2012 = CARTESIAN_POINT('',(-2.570810732837,-2.67,5.335187817085));
#2013 = CARTESIAN_POINT('',(-2.609650363874,-2.67,5.345310606911));
#2014 = CARTESIAN_POINT('',(-2.645334944023,-2.67,5.36067807163));
#2015 = CARTESIAN_POINT('',(-2.703042641795,-2.67,5.397240579958));
#2016 = CARTESIAN_POINT('',(-2.72634685128,-2.67,5.416417080266));
#2017 = CARTESIAN_POINT('',(-2.747602643202,-2.67,5.438707504239));
#2018 = CARTESIAN_POINT('',(-2.766793712514,-2.67,5.46402372574));
#2019 = CARTESIAN_POINT('',(-2.783935546875,-2.67,5.492236328125));
#2020 = PCURVE('',#32,#2021);
#2021 = DEFINITIONAL_REPRESENTATION('',(#2022),#2033);
#2022 = B_SPLINE_CURVE_WITH_KNOTS('',5,(#2023,#2024,#2025,#2026,#2027,
    #2028,#2029,#2030,#2031,#2032),.UNSPECIFIED.,.F.,.F.,(6,4,6),(0.,
    0.56164166029,1.),.UNSPECIFIED.);
#2023 = CARTESIAN_POINT('',(1.965478515625,-5.330224609375));
#2024 = CARTESIAN_POINT('',(1.92098322888,-5.330224609375));
#2025 = CARTESIAN_POINT('',(1.879189267163,-5.335187817085));
#2026 = CARTESIAN_POINT('',(1.840349636126,-5.345310606911));
#2027 = CARTESIAN_POINT('',(1.804665055977,-5.36067807163));
#2028 = CARTESIAN_POINT('',(1.746957358205,-5.397240579958));
#2029 = CARTESIAN_POINT('',(1.72365314872,-5.416417080266));
#2030 = CARTESIAN_POINT('',(1.702397356798,-5.438707504239));
#2031 = CARTESIAN_POINT('',(1.683206287486,-5.46402372574));
#2032 = CARTESIAN_POINT('',(1.666064453125,-5.492236328125));
#2033 = ( GEOMETRIC_REPRESENTATION_CONTEXT(2) 
PARAMETRIC_REPRESENTATION_CONTEXT() REPRESENTATION_CONTEXT('2D SPACE',''
  ) );
#2034 = PCURVE('',#2035,#2042);
#2035 = SURFACE_OF_LINEAR_EXTRUSION('',#2036,#2040);
#2036 = B_SPLINE_CURVE_WITH_KNOTS('',2,(#2037,#2038,#2039),
  .UNSPECIFIED.,.F.,.F.,(3,3),(0.,1.),.PIECEWISE_BEZIER_KNOTS.);
#2037 = CARTESIAN_POINT('',(-2.783935546875,-2.47,5.492236328125));
#2038 = CARTESIAN_POINT('',(-2.685498046875,-2.47,5.330224609375));
#2039 = CARTESIAN_POINT('',(-2.484521484375,-2.47,5.330224609375));
#2040 = VECTOR('',#2041,1.);
#2041 = DIRECTION('',(-0.,1.,-0.));
#2042 = DEFINITIONAL_REPRESENTATION('',(#2043),#2054);
#2043 = B_SPLINE_CURVE_WITH_KNOTS('',5,(#2044,#2045,#2046,#2047,#2048,
    #2049,#2050,#2051,#2052,#2053),.UNSPECIFIED.,.F.,.F.,(6,4,6),(0.,
    0.56164166029,1.),.UNSPECIFIED.);
#2044 = CARTESIAN_POINT('',(1.,-0.2));
#2045 = CARTESIAN_POINT('',(0.889302299254,-0.2));
#2046 = CARTESIAN_POINT('',(0.777510078657,-0.2));
#2047 = CARTESIAN_POINT('',(0.664943569714,-0.2));
#2048 = CARTESIAN_POINT('',(0.551968148408,-0.2));
#2049 = CARTESIAN_POINT('',(0.350828958787,-0.2));
#2050 = CARTESIAN_POINT('',(0.262656401363,-0.2));
#2051 = CARTESIAN_POINT('',(0.174676851021,-0.2));
#2052 = CARTESIAN_POINT('',(8.706963484824E-02,-0.2));
#2053 = CARTESIAN_POINT('',(0.,-0.2));
#2054 = ( GEOMETRIC_REPRESENTATION_CONTEXT(2) 
PARAMETRIC_REPRESENTATION_CONTEXT() REPRESENTATION_CONTEXT('2D SPACE',''
  ) );
#2055 = ORIENTED_EDGE('',*,*,#2056,.T.);
#2056 = EDGE_CURVE('',#2006,#2057,#2059,.T.);
#2057 = VERTEX_POINT('',#2058);
#2058 = CARTESIAN_POINT('',(-2.859814453125,-2.67,5.857275390625));
#2059 = SURFACE_CURVE('',#2060,(#2068,#2079),.PCURVE_S1.);
#2060 = B_SPLINE_CURVE_WITH_KNOTS('',6,(#2061,#2062,#2063,#2064,#2065,
    #2066,#2067),.UNSPECIFIED.,.F.,.F.,(7,7),(0.,1.),
  .PIECEWISE_BEZIER_KNOTS.);
#2061 = CARTESIAN_POINT('',(-2.783935546875,-2.67,5.492236328125));
#2062 = CARTESIAN_POINT('',(-2.806661139425,-2.67,5.529165416018));
#2063 = CARTESIAN_POINT('',(-2.82518020944,-2.67,5.576652337));
#2064 = CARTESIAN_POINT('',(-2.839525032716,-2.67,5.634110771591));
#2065 = CARTESIAN_POINT('',(-2.849896345847,-2.67,5.700657942091));
#2066 = CARTESIAN_POINT('',(-2.856563288165,-2.67,5.775346033635));
#2067 = CARTESIAN_POINT('',(-2.859814453125,-2.67,5.857275390625));
#2068 = PCURVE('',#32,#2069);
#2069 = DEFINITIONAL_REPRESENTATION('',(#2070),#2078);
#2070 = B_SPLINE_CURVE_WITH_KNOTS('',6,(#2071,#2072,#2073,#2074,#2075,
    #2076,#2077),.UNSPECIFIED.,.F.,.F.,(7,7),(0.,1.),
  .PIECEWISE_BEZIER_KNOTS.);
#2071 = CARTESIAN_POINT('',(1.666064453125,-5.492236328125));
#2072 = CARTESIAN_POINT('',(1.643338860575,-5.529165416018));
#2073 = CARTESIAN_POINT('',(1.62481979056,-5.576652337));
#2074 = CARTESIAN_POINT('',(1.610474967284,-5.634110771591));
#2075 = CARTESIAN_POINT('',(1.600103654153,-5.700657942091));
#2076 = CARTESIAN_POINT('',(1.593436711835,-5.775346033635));
#2077 = CARTESIAN_POINT('',(1.590185546875,-5.857275390625));
#2078 = ( GEOMETRIC_REPRESENTATION_CONTEXT(2) 
PARAMETRIC_REPRESENTATION_CONTEXT() REPRESENTATION_CONTEXT('2D SPACE',''
  ) );
#2079 = PCURVE('',#2080,#2087);
#2080 = SURFACE_OF_LINEAR_EXTRUSION('',#2081,#2085);
#2081 = B_SPLINE_CURVE_WITH_KNOTS('',2,(#2082,#2083,#2084),
  .UNSPECIFIED.,.F.,.F.,(3,3),(0.,1.),.PIECEWISE_BEZIER_KNOTS.);
#2082 = CARTESIAN_POINT('',(-2.859814453125,-2.47,5.857275390625));
#2083 = CARTESIAN_POINT('',(-2.849560546875,-2.47,5.598876953125));
#2084 = CARTESIAN_POINT('',(-2.783935546875,-2.47,5.492236328125));
#2085 = VECTOR('',#2086,1.);
#2086 = DIRECTION('',(-0.,1.,-0.));
#2087 = DEFINITIONAL_REPRESENTATION('',(#2088),#2096);
#2088 = B_SPLINE_CURVE_WITH_KNOTS('',6,(#2089,#2090,#2091,#2092,#2093,
    #2094,#2095),.UNSPECIFIED.,.F.,.F.,(7,7),(0.,1.),
  .PIECEWISE_BEZIER_KNOTS.);
#2089 = CARTESIAN_POINT('',(1.,-0.2));
#2090 = CARTESIAN_POINT('',(0.826852628193,-0.2));
#2091 = CARTESIAN_POINT('',(0.6554001058,-0.2));
#2092 = CARTESIAN_POINT('',(0.486511292983,-0.2));
#2093 = CARTESIAN_POINT('',(0.320766658724,-0.2));
#2094 = CARTESIAN_POINT('',(0.158532996141,-0.2));
#2095 = CARTESIAN_POINT('',(0.,-0.2));
#2096 = ( GEOMETRIC_REPRESENTATION_CONTEXT(2) 
PARAMETRIC_REPRESENTATION_CONTEXT() REPRESENTATION_CONTEXT('2D SPACE',''
  ) );
#2097 = ORIENTED_EDGE('',*,*,#2098,.F.);
#2098 = EDGE_CURVE('',#2099,#2057,#2101,.T.);
#2099 = VERTEX_POINT('',#2100);
#2100 = CARTESIAN_POINT('',(-3.431982421875,-2.67,5.791650390625));
#2101 = SURFACE_CURVE('',#2102,(#2106,#2112),.PCURVE_S1.);
#2102 = LINE('',#2103,#2104);
#2103 = CARTESIAN_POINT('',(-4.262207242685,-2.67,5.696427472109));
#2104 = VECTOR('',#2105,1.);
#2105 = DIRECTION('',(0.993486681577,-0.,0.113948293227));
#2106 = PCURVE('',#32,#2107);
#2107 = DEFINITIONAL_REPRESENTATION('',(#2108),#2111);
#2108 = B_SPLINE_CURVE_WITH_KNOTS('',1,(#2109,#2110),.UNSPECIFIED.,.F.,
  .F.,(2,2),(0.83566779123,1.411586904551),.PIECEWISE_BEZIER_KNOTS.);
#2109 = CARTESIAN_POINT('',(1.018017578125,-5.791650390625));
#2110 = CARTESIAN_POINT('',(1.590185546875,-5.857275390625));
#2111 = ( GEOMETRIC_REPRESENTATION_CONTEXT(2) 
PARAMETRIC_REPRESENTATION_CONTEXT() REPRESENTATION_CONTEXT('2D SPACE',''
  ) );
#2112 = PCURVE('',#2113,#2118);
#2113 = PLANE('',#2114);
#2114 = AXIS2_PLACEMENT_3D('',#2115,#2116,#2117);
#2115 = CARTESIAN_POINT('',(-3.431982421875,-2.47,5.791650390625));
#2116 = DIRECTION('',(-0.113948293227,0.,0.993486681577));
#2117 = DIRECTION('',(0.993486681577,0.,0.113948293227));
#2118 = DEFINITIONAL_REPRESENTATION('',(#2119),#2122);
#2119 = B_SPLINE_CURVE_WITH_KNOTS('',1,(#2120,#2121),.UNSPECIFIED.,.F.,
  .F.,(2,2),(0.83566779123,1.411586904551),.PIECEWISE_BEZIER_KNOTS.);
#2120 = CARTESIAN_POINT('',(0.,-0.2));
#2121 = CARTESIAN_POINT('',(0.575919113321,-0.2));
#2122 = ( GEOMETRIC_REPRESENTATION_CONTEXT(2) 
PARAMETRIC_REPRESENTATION_CONTEXT() REPRESENTATION_CONTEXT('2D SPACE',''
  ) );
#2123 = ORIENTED_EDGE('',*,*,#2124,.T.);
#2124 = EDGE_CURVE('',#2099,#2125,#2127,.T.);
#2125 = VERTEX_POINT('',#2126);
#2126 = CARTESIAN_POINT('',(-3.189990234375,-2.67,5.060546875));
#2127 = SURFACE_CURVE('',#2128,(#2141,#2157),.PCURVE_S1.);
#2128 = B_SPLINE_CURVE_WITH_KNOTS('',6,(#2129,#2130,#2131,#2132,#2133,
    #2134,#2135,#2136,#2137,#2138,#2139,#2140),.UNSPECIFIED.,.F.,.F.,(7,
    5,7),(0.,0.517228009409,1.),.UNSPECIFIED.);
#2129 = CARTESIAN_POINT('',(-3.431982421875,-2.67,5.791650390625));
#2130 = CARTESIAN_POINT('',(-3.431657692628,-2.67,5.715339017638));
#2131 = CARTESIAN_POINT('',(-3.427747078739,-2.67,5.640849249432));
#2132 = CARTESIAN_POINT('',(-3.419955001824,-2.67,5.56848155649));
#2133 = CARTESIAN_POINT('',(-3.407979576691,-2.67,5.498598091985));
#2134 = CARTESIAN_POINT('',(-3.391542402427,-2.67,5.431604651587));
#2135 = CARTESIAN_POINT('',(-3.350780073882,-2.67,5.308454057295));
#2136 = CARTESIAN_POINT('',(-3.327050814264,-2.67,5.251864826865));
#2137 = CARTESIAN_POINT('',(-3.299126043528,-2.67,5.198490879868));
#2138 = CARTESIAN_POINT('',(-3.266931679464,-2.67,5.148652529692));
#2139 = CARTESIAN_POINT('',(-3.230497551805,-2.67,5.102612166177));
#2140 = CARTESIAN_POINT('',(-3.189990234375,-2.67,5.060546875));
#2141 = PCURVE('',#32,#2142);
#2142 = DEFINITIONAL_REPRESENTATION('',(#2143),#2156);
#2143 = B_SPLINE_CURVE_WITH_KNOTS('',6,(#2144,#2145,#2146,#2147,#2148,
    #2149,#2150,#2151,#2152,#2153,#2154,#2155),.UNSPECIFIED.,.F.,.F.,(7,
    5,7),(0.,0.517228009409,1.),.UNSPECIFIED.);
#2144 = CARTESIAN_POINT('',(1.018017578125,-5.791650390625));
#2145 = CARTESIAN_POINT('',(1.018342307372,-5.715339017638));
#2146 = CARTESIAN_POINT('',(1.022252921261,-5.640849249432));
#2147 = CARTESIAN_POINT('',(1.030044998176,-5.56848155649));
#2148 = CARTESIAN_POINT('',(1.042020423309,-5.498598091985));
#2149 = CARTESIAN_POINT('',(1.058457597573,-5.431604651587));
#2150 = CARTESIAN_POINT('',(1.099219926118,-5.308454057295));
#2151 = CARTESIAN_POINT('',(1.122949185736,-5.251864826865));
#2152 = CARTESIAN_POINT('',(1.150873956472,-5.198490879868));
#2153 = CARTESIAN_POINT('',(1.183068320536,-5.148652529692));
#2154 = CARTESIAN_POINT('',(1.219502448195,-5.102612166177));
#2155 = CARTESIAN_POINT('',(1.260009765625,-5.060546875));
#2156 = ( GEOMETRIC_REPRESENTATION_CONTEXT(2) 
PARAMETRIC_REPRESENTATION_CONTEXT() REPRESENTATION_CONTEXT('2D SPACE',''
  ) );
#2157 = PCURVE('',#2158,#2165);
#2158 = SURFACE_OF_LINEAR_EXTRUSION('',#2159,#2163);
#2159 = B_SPLINE_CURVE_WITH_KNOTS('',2,(#2160,#2161,#2162),
  .UNSPECIFIED.,.F.,.F.,(3,3),(0.,1.),.PIECEWISE_BEZIER_KNOTS.);
#2160 = CARTESIAN_POINT('',(-3.189990234375,-2.47,5.060546875));
#2161 = CARTESIAN_POINT('',(-3.429931640625,-2.47,5.309716796875));
#2162 = CARTESIAN_POINT('',(-3.431982421875,-2.47,5.791650390625));
#2163 = VECTOR('',#2164,1.);
#2164 = DIRECTION('',(-0.,1.,-0.));
#2165 = DEFINITIONAL_REPRESENTATION('',(#2166),#2179);
#2166 = B_SPLINE_CURVE_WITH_KNOTS('',6,(#2167,#2168,#2169,#2170,#2171,
    #2172,#2173,#2174,#2175,#2176,#2177,#2178),.UNSPECIFIED.,.F.,.F.,(7,
    5,7),(0.,0.517228009409,1.),.UNSPECIFIED.);
#2167 = CARTESIAN_POINT('',(1.,-0.2));
#2168 = CARTESIAN_POINT('',(0.920827916982,-0.2));
#2169 = CARTESIAN_POINT('',(0.83991285214,-0.2));
#2170 = CARTESIAN_POINT('',(0.757266441545,-0.2));
#2171 = CARTESIAN_POINT('',(0.67295767526,-0.2));
#2172 = CARTESIAN_POINT('',(0.587124374841,-0.2));
#2173 = CARTESIAN_POINT('',(0.418679562773,-0.2));
#2174 = CARTESIAN_POINT('',(0.336224036901,-0.2));
#2175 = CARTESIAN_POINT('',(0.252849175099,-0.2));
#2176 = CARTESIAN_POINT('',(0.168811029445,-0.2));
#2177 = CARTESIAN_POINT('',(8.441085276439E-02,-0.2));
#2178 = CARTESIAN_POINT('',(0.,-0.2));
#2179 = ( GEOMETRIC_REPRESENTATION_CONTEXT(2) 
PARAMETRIC_REPRESENTATION_CONTEXT() REPRESENTATION_CONTEXT('2D SPACE',''
  ) );
#2180 = ORIENTED_EDGE('',*,*,#2181,.T.);
#2181 = EDGE_CURVE('',#2125,#2182,#2184,.T.);
#2182 = VERTEX_POINT('',#2183);
#2183 = CARTESIAN_POINT('',(-2.505029296875,-2.67,4.811376953125));
#2184 = SURFACE_CURVE('',#2185,(#2198,#2214),.PCURVE_S1.);
#2185 = B_SPLINE_CURVE_WITH_KNOTS('',6,(#2186,#2187,#2188,#2189,#2190,
    #2191,#2192,#2193,#2194,#2195,#2196,#2197),.UNSPECIFIED.,.F.,.F.,(7,
    5,7),(0.,0.120375064639,1.),.UNSPECIFIED.);
#2186 = CARTESIAN_POINT('',(-3.189990234375,-2.67,5.060546875));
#2187 = CARTESIAN_POINT('',(-3.180086932931,-2.67,5.050262677346));
#2188 = CARTESIAN_POINT('',(-3.169965468172,-2.67,5.04022427965));
#2189 = CARTESIAN_POINT('',(-3.159627272598,-2.67,5.030434707425));
#2190 = CARTESIAN_POINT('',(-3.149074102601,-2.67,5.020896637675));
#2191 = CARTESIAN_POINT('',(-3.138308038467,-2.67,5.0116123989));
#2192 = CARTESIAN_POINT('',(-3.047121760606,-2.67,4.936609923647));
#2193 = CARTESIAN_POINT('',(-2.955634446295,-2.67,4.884263888453));
#2194 = CARTESIAN_POINT('',(-2.853933359885,-2.67,4.846462692358));
#2195 = CARTESIAN_POINT('',(-2.743743368293,-2.67,4.822588133266));
#2196 = CARTESIAN_POINT('',(-2.626894364153,-2.67,4.811376953125));
#2197 = CARTESIAN_POINT('',(-2.505029296875,-2.67,4.811376953125));
#2198 = PCURVE('',#32,#2199);
#2199 = DEFINITIONAL_REPRESENTATION('',(#2200),#2213);
#2200 = B_SPLINE_CURVE_WITH_KNOTS('',6,(#2201,#2202,#2203,#2204,#2205,
    #2206,#2207,#2208,#2209,#2210,#2211,#2212),.UNSPECIFIED.,.F.,.F.,(7,
    5,7),(0.,0.120375064639,1.),.UNSPECIFIED.);
#2201 = CARTESIAN_POINT('',(1.260009765625,-5.060546875));
#2202 = CARTESIAN_POINT('',(1.269913067069,-5.050262677346));
#2203 = CARTESIAN_POINT('',(1.280034531828,-5.04022427965));
#2204 = CARTESIAN_POINT('',(1.290372727402,-5.030434707425));
#2205 = CARTESIAN_POINT('',(1.300925897399,-5.020896637675));
#2206 = CARTESIAN_POINT('',(1.311691961533,-5.0116123989));
#2207 = CARTESIAN_POINT('',(1.402878239394,-4.936609923647));
#2208 = CARTESIAN_POINT('',(1.494365553705,-4.884263888453));
#2209 = CARTESIAN_POINT('',(1.596066640115,-4.846462692358));
#2210 = CARTESIAN_POINT('',(1.706256631707,-4.822588133266));
#2211 = CARTESIAN_POINT('',(1.823105635847,-4.811376953125));
#2212 = CARTESIAN_POINT('',(1.944970703125,-4.811376953125));
#2213 = ( GEOMETRIC_REPRESENTATION_CONTEXT(2) 
PARAMETRIC_REPRESENTATION_CONTEXT() REPRESENTATION_CONTEXT('2D SPACE',''
  ) );
#2214 = PCURVE('',#2215,#2222);
#2215 = SURFACE_OF_LINEAR_EXTRUSION('',#2216,#2220);
#2216 = B_SPLINE_CURVE_WITH_KNOTS('',2,(#2217,#2218,#2219),
  .UNSPECIFIED.,.F.,.F.,(3,3),(0.,1.),.PIECEWISE_BEZIER_KNOTS.);
#2217 = CARTESIAN_POINT('',(-2.505029296875,-2.47,4.811376953125));
#2218 = CARTESIAN_POINT('',(-2.950048828125,-2.47,4.811376953125));
#2219 = CARTESIAN_POINT('',(-3.189990234375,-2.47,5.060546875));
#2220 = VECTOR('',#2221,1.);
#2221 = DIRECTION('',(-0.,1.,-0.));
#2222 = DEFINITIONAL_REPRESENTATION('',(#2223),#2236);
#2223 = B_SPLINE_CURVE_WITH_KNOTS('',6,(#2224,#2225,#2226,#2227,#2228,
    #2229,#2230,#2231,#2232,#2233,#2234,#2235),.UNSPECIFIED.,.F.,.F.,(7,
    5,7),(0.,0.120375064639,1.),.UNSPECIFIED.);
#2224 = CARTESIAN_POINT('',(1.,-0.2));
#2225 = CARTESIAN_POINT('',(0.979363083681,-0.2));
#2226 = CARTESIAN_POINT('',(0.958708349243,-0.2));
#2227 = CARTESIAN_POINT('',(0.938040203944,-0.2));
#2228 = CARTESIAN_POINT('',(0.917363096679,-0.2));
#2229 = CARTESIAN_POINT('',(0.896681517976,-0.2));
#2230 = CARTESIAN_POINT('',(0.724872530471,-0.2));
#2231 = CARTESIAN_POINT('',(0.573676390303,-0.2));
#2232 = CARTESIAN_POINT('',(0.424454645374,-0.2));
#2233 = CARTESIAN_POINT('',(0.278573593703,-0.2));
#2234 = CARTESIAN_POINT('',(0.13692103236,-0.2));
#2235 = CARTESIAN_POINT('',(0.,-0.2));
#2236 = ( GEOMETRIC_REPRESENTATION_CONTEXT(2) 
PARAMETRIC_REPRESENTATION_CONTEXT() REPRESENTATION_CONTEXT('2D SPACE',''
  ) );
#2237 = ORIENTED_EDGE('',*,*,#2238,.T.);
#2238 = EDGE_CURVE('',#2182,#2239,#2241,.T.);
#2239 = VERTEX_POINT('',#2240);
#2240 = CARTESIAN_POINT('',(-1.893896484375,-2.67,4.9703125));
#2241 = SURFACE_CURVE('',#2242,(#2253,#2267),.PCURVE_S1.);
#2242 = B_SPLINE_CURVE_WITH_KNOTS('',5,(#2243,#2244,#2245,#2246,#2247,
    #2248,#2249,#2250,#2251,#2252),.UNSPECIFIED.,.F.,.F.,(6,4,6),(0.,
    0.532336734946,1.),.UNSPECIFIED.);
#2243 = CARTESIAN_POINT('',(-2.505029296875,-2.67,4.811376953125));
#2244 = CARTESIAN_POINT('',(-2.428518571053,-2.67,4.811376953125));
#2245 = CARTESIAN_POINT('',(-2.354388628441,-2.67,4.815416950418));
#2246 = CARTESIAN_POINT('',(-2.282972063312,-2.67,4.823785798728));
#2247 = CARTESIAN_POINT('',(-2.214646988265,-2.67,4.836760111529));
#2248 = CARTESIAN_POINT('',(-2.092793979563,-2.67,4.870119570325));
#2249 = CARTESIAN_POINT('',(-2.038474767206,-2.67,4.889413316292));
#2250 = CARTESIAN_POINT('',(-1.987075451917,-2.67,4.912519440556));
#2251 = CARTESIAN_POINT('',(-1.938825021521,-2.67,4.939498680276));
#2252 = CARTESIAN_POINT('',(-1.893896484375,-2.67,4.9703125));
#2253 = PCURVE('',#32,#2254);
#2254 = DEFINITIONAL_REPRESENTATION('',(#2255),#2266);
#2255 = B_SPLINE_CURVE_WITH_KNOTS('',5,(#2256,#2257,#2258,#2259,#2260,
    #2261,#2262,#2263,#2264,#2265),.UNSPECIFIED.,.F.,.F.,(6,4,6),(0.,
    0.532336734946,1.),.UNSPECIFIED.);
#2256 = CARTESIAN_POINT('',(1.944970703125,-4.811376953125));
#2257 = CARTESIAN_POINT('',(2.021481428947,-4.811376953125));
#2258 = CARTESIAN_POINT('',(2.095611371559,-4.815416950418));
#2259 = CARTESIAN_POINT('',(2.167027936688,-4.823785798728));
#2260 = CARTESIAN_POINT('',(2.235353011735,-4.836760111529));
#2261 = CARTESIAN_POINT('',(2.357206020437,-4.870119570325));
#2262 = CARTESIAN_POINT('',(2.411525232794,-4.889413316292));
#2263 = CARTESIAN_POINT('',(2.462924548083,-4.912519440556));
#2264 = CARTESIAN_POINT('',(2.511174978479,-4.939498680276));
#2265 = CARTESIAN_POINT('',(2.556103515625,-4.9703125));
#2266 = ( GEOMETRIC_REPRESENTATION_CONTEXT(2) 
PARAMETRIC_REPRESENTATION_CONTEXT() REPRESENTATION_CONTEXT('2D SPACE',''
  ) );
#2267 = PCURVE('',#2268,#2275);
#2268 = SURFACE_OF_LINEAR_EXTRUSION('',#2269,#2273);
#2269 = B_SPLINE_CURVE_WITH_KNOTS('',2,(#2270,#2271,#2272),
  .UNSPECIFIED.,.F.,.F.,(3,3),(0.,1.),.PIECEWISE_BEZIER_KNOTS.);
#2270 = CARTESIAN_POINT('',(-1.893896484375,-2.47,4.9703125));
#2271 = CARTESIAN_POINT('',(-2.125634765625,-2.47,4.811376953125));
#2272 = CARTESIAN_POINT('',(-2.505029296875,-2.47,4.811376953125));
#2273 = VECTOR('',#2274,1.);
#2274 = DIRECTION('',(-0.,1.,-0.));
#2275 = DEFINITIONAL_REPRESENTATION('',(#2276),#2287);
#2276 = B_SPLINE_CURVE_WITH_KNOTS('',5,(#2277,#2278,#2279,#2280,#2281,
    #2282,#2283,#2284,#2285,#2286),.UNSPECIFIED.,.F.,.F.,(6,4,6),(0.,
    0.532336734946,1.),.UNSPECIFIED.);
#2277 = CARTESIAN_POINT('',(1.,-0.2));
#2278 = CARTESIAN_POINT('',(0.899167331735,-0.2));
#2279 = CARTESIAN_POINT('',(0.796525854322,-0.2));
#2280 = CARTESIAN_POINT('',(0.692160228767,-0.2));
#2281 = CARTESIAN_POINT('',(0.586230090685,-0.2));
#2282 = CARTESIAN_POINT('',(0.384797268853,-0.2));
#2283 = CARTESIAN_POINT('',(0.289588035736,-0.2));
#2284 = CARTESIAN_POINT('',(0.193559173842,-0.2));
#2285 = CARTESIAN_POINT('',(9.693809953112E-02,-0.2));
#2286 = CARTESIAN_POINT('',(0.,-0.2));
#2287 = ( GEOMETRIC_REPRESENTATION_CONTEXT(2) 
PARAMETRIC_REPRESENTATION_CONTEXT() REPRESENTATION_CONTEXT('2D SPACE',''
  ) );
#2288 = ORIENTED_EDGE('',*,*,#2289,.T.);
#2289 = EDGE_CURVE('',#2239,#2290,#2292,.T.);
#2290 = VERTEX_POINT('',#2291);
#2291 = CARTESIAN_POINT('',(-1.573974609375,-2.67,5.391748046875));
#2292 = SURFACE_CURVE('',#2293,(#2304,#2318),.PCURVE_S1.);
#2293 = B_SPLINE_CURVE_WITH_KNOTS('',5,(#2294,#2295,#2296,#2297,#2298,
    #2299,#2300,#2301,#2302,#2303),.UNSPECIFIED.,.F.,.F.,(6,4,6),(0.,
    0.537288941963,1.),.UNSPECIFIED.);
#2294 = CARTESIAN_POINT('',(-1.893896484375,-2.67,4.9703125));
#2295 = CARTESIAN_POINT('',(-1.844576959245,-2.67,5.004137838032));
#2296 = CARTESIAN_POINT('',(-1.798984582292,-2.67,5.041125889494));
#2297 = CARTESIAN_POINT('',(-1.75733322183,-2.67,5.081286233654));
#2298 = CARTESIAN_POINT('',(-1.719779959113,-2.67,5.124573789994));
#2299 = CARTESIAN_POINT('',(-1.657665025203,-2.67,5.210747655705));
#2300 = CARTESIAN_POINT('',(-1.632022420669,-2.67,5.252857286207));
#2301 = CARTESIAN_POINT('',(-1.609530672243,-2.67,5.297130855644));
#2302 = CARTESIAN_POINT('',(-1.590193526536,-2.67,5.343468479513));
#2303 = CARTESIAN_POINT('',(-1.573974609375,-2.67,5.391748046875));
#2304 = PCURVE('',#32,#2305);
#2305 = DEFINITIONAL_REPRESENTATION('',(#2306),#2317);
#2306 = B_SPLINE_CURVE_WITH_KNOTS('',5,(#2307,#2308,#2309,#2310,#2311,
    #2312,#2313,#2314,#2315,#2316),.UNSPECIFIED.,.F.,.F.,(6,4,6),(0.,
    0.537288941963,1.),.UNSPECIFIED.);
#2307 = CARTESIAN_POINT('',(2.556103515625,-4.9703125));
#2308 = CARTESIAN_POINT('',(2.605423040755,-5.004137838032));
#2309 = CARTESIAN_POINT('',(2.651015417708,-5.041125889494));
#2310 = CARTESIAN_POINT('',(2.69266677817,-5.081286233654));
#2311 = CARTESIAN_POINT('',(2.730220040887,-5.124573789994));
#2312 = CARTESIAN_POINT('',(2.792334974797,-5.210747655705));
#2313 = CARTESIAN_POINT('',(2.817977579331,-5.252857286207));
#2314 = CARTESIAN_POINT('',(2.840469327757,-5.297130855644));
#2315 = CARTESIAN_POINT('',(2.859806473464,-5.343468479513));
#2316 = CARTESIAN_POINT('',(2.876025390625,-5.391748046875));
#2317 = ( GEOMETRIC_REPRESENTATION_CONTEXT(2) 
PARAMETRIC_REPRESENTATION_CONTEXT() REPRESENTATION_CONTEXT('2D SPACE',''
  ) );
#2318 = PCURVE('',#2319,#2326);
#2319 = SURFACE_OF_LINEAR_EXTRUSION('',#2320,#2324);
#2320 = B_SPLINE_CURVE_WITH_KNOTS('',2,(#2321,#2322,#2323),
  .UNSPECIFIED.,.F.,.F.,(3,3),(0.,1.),.PIECEWISE_BEZIER_KNOTS.);
#2321 = CARTESIAN_POINT('',(-1.573974609375,-2.47,5.391748046875));
#2322 = CARTESIAN_POINT('',(-1.662158203125,-2.47,5.129248046875));
#2323 = CARTESIAN_POINT('',(-1.893896484375,-2.47,4.9703125));
#2324 = VECTOR('',#2325,1.);
#2325 = DIRECTION('',(-0.,1.,-0.));
#2326 = DEFINITIONAL_REPRESENTATION('',(#2327),#2338);
#2327 = B_SPLINE_CURVE_WITH_KNOTS('',5,(#2328,#2329,#2330,#2331,#2332,
    #2333,#2334,#2335,#2336,#2337),.UNSPECIFIED.,.F.,.F.,(6,4,6),(0.,
    0.537288941963,1.),.UNSPECIFIED.);
#2328 = CARTESIAN_POINT('',(1.,-0.2));
#2329 = CARTESIAN_POINT('',(0.893587876669,-0.2));
#2330 = CARTESIAN_POINT('',(0.786449264753,-0.2));
#2331 = CARTESIAN_POINT('',(0.678806033905,-0.2));
#2332 = CARTESIAN_POINT('',(0.570901046128,-0.2));
#2333 = CARTESIAN_POINT('',(0.370076056629,-0.2));
#2334 = CARTESIAN_POINT('',(0.277151244801,-0.2));
#2335 = CARTESIAN_POINT('',(0.184393824271,-0.2));
#2336 = CARTESIAN_POINT('',(9.196108068908E-02,-0.2));
#2337 = CARTESIAN_POINT('',(0.,-0.2));
#2338 = ( GEOMETRIC_REPRESENTATION_CONTEXT(2) 
PARAMETRIC_REPRESENTATION_CONTEXT() REPRESENTATION_CONTEXT('2D SPACE',''
  ) );
#2339 = ORIENTED_EDGE('',*,*,#2340,.T.);
#2340 = EDGE_CURVE('',#2290,#2341,#2343,.T.);
#2341 = VERTEX_POINT('',#2342);
#2342 = CARTESIAN_POINT('',(-1.508349609375,-2.67,5.965966796875));
#2343 = SURFACE_CURVE('',#2344,(#2352,#2363),.PCURVE_S1.);
#2344 = B_SPLINE_CURVE_WITH_KNOTS('',6,(#2345,#2346,#2347,#2348,#2349,
    #2350,#2351),.UNSPECIFIED.,.F.,.F.,(7,7),(0.,1.),
  .PIECEWISE_BEZIER_KNOTS.);
#2345 = CARTESIAN_POINT('',(-1.573974609375,-2.67,5.391748046875));
#2346 = CARTESIAN_POINT('',(-1.550622679553,-2.67,5.463263331954));
#2347 = CARTESIAN_POINT('',(-1.532774155006,-2.67,5.546281360294));
#2348 = CARTESIAN_POINT('',(-1.520103776914,-2.67,5.639436738185));
#2349 = CARTESIAN_POINT('',(-1.512122937302,-2.67,5.741244357505));
#2350 = CARTESIAN_POINT('',(-1.508349609375,-2.67,5.850421937871));
#2351 = CARTESIAN_POINT('',(-1.508349609375,-2.67,5.965966796875));
#2352 = PCURVE('',#32,#2353);
#2353 = DEFINITIONAL_REPRESENTATION('',(#2354),#2362);
#2354 = B_SPLINE_CURVE_WITH_KNOTS('',6,(#2355,#2356,#2357,#2358,#2359,
    #2360,#2361),.UNSPECIFIED.,.F.,.F.,(7,7),(0.,1.),
  .PIECEWISE_BEZIER_KNOTS.);
#2355 = CARTESIAN_POINT('',(2.876025390625,-5.391748046875));
#2356 = CARTESIAN_POINT('',(2.899377320447,-5.463263331954));
#2357 = CARTESIAN_POINT('',(2.917225844994,-5.546281360294));
#2358 = CARTESIAN_POINT('',(2.929896223086,-5.639436738185));
#2359 = CARTESIAN_POINT('',(2.937877062698,-5.741244357505));
#2360 = CARTESIAN_POINT('',(2.941650390625,-5.850421937871));
#2361 = CARTESIAN_POINT('',(2.941650390625,-5.965966796875));
#2362 = ( GEOMETRIC_REPRESENTATION_CONTEXT(2) 
PARAMETRIC_REPRESENTATION_CONTEXT() REPRESENTATION_CONTEXT('2D SPACE',''
  ) );
#2363 = PCURVE('',#2364,#2371);
#2364 = SURFACE_OF_LINEAR_EXTRUSION('',#2365,#2369);
#2365 = B_SPLINE_CURVE_WITH_KNOTS('',2,(#2366,#2367,#2368),
  .UNSPECIFIED.,.F.,.F.,(3,3),(0.,1.),.PIECEWISE_BEZIER_KNOTS.);
#2366 = CARTESIAN_POINT('',(-1.508349609375,-2.47,5.965966796875));
#2367 = CARTESIAN_POINT('',(-1.508349609375,-2.47,5.592724609375));
#2368 = CARTESIAN_POINT('',(-1.573974609375,-2.47,5.391748046875));
#2369 = VECTOR('',#2370,1.);
#2370 = DIRECTION('',(-0.,1.,-0.));
#2371 = DEFINITIONAL_REPRESENTATION('',(#2372),#2380);
#2372 = B_SPLINE_CURVE_WITH_KNOTS('',6,(#2373,#2374,#2375,#2376,#2377,
    #2378,#2379),.UNSPECIFIED.,.F.,.F.,(7,7),(0.,1.),
  .PIECEWISE_BEZIER_KNOTS.);
#2373 = CARTESIAN_POINT('',(1.,-0.2));
#2374 = CARTESIAN_POINT('',(0.822080534692,-0.2));
#2375 = CARTESIAN_POINT('',(0.648104481575,-0.2));
#2376 = CARTESIAN_POINT('',(0.478757172217,-0.2));
#2377 = CARTESIAN_POINT('',(0.314309894534,-0.2));
#2378 = CARTESIAN_POINT('',(0.15478536842,-0.2));
#2379 = CARTESIAN_POINT('',(0.,-0.2));
#2380 = ( GEOMETRIC_REPRESENTATION_CONTEXT(2) 
PARAMETRIC_REPRESENTATION_CONTEXT() REPRESENTATION_CONTEXT('2D SPACE',''
  ) );
#2381 = ORIENTED_EDGE('',*,*,#2382,.F.);
#2382 = EDGE_CURVE('',#2383,#2341,#2385,.T.);
#2383 = VERTEX_POINT('',#2384);
#2384 = CARTESIAN_POINT('',(-1.508349609375,-2.67,7.869091796875));
#2385 = SURFACE_CURVE('',#2386,(#2390,#2396),.PCURVE_S1.);
#2386 = LINE('',#2387,#2388);
#2387 = CARTESIAN_POINT('',(-1.508349609375,-2.67,3.934545898437));
#2388 = VECTOR('',#2389,1.);
#2389 = DIRECTION('',(0.,0.,-1.));
#2390 = PCURVE('',#32,#2391);
#2391 = DEFINITIONAL_REPRESENTATION('',(#2392),#2395);
#2392 = B_SPLINE_CURVE_WITH_KNOTS('',1,(#2393,#2394),.UNSPECIFIED.,.F.,
  .F.,(2,2),(-3.934545898437,-2.031420898438),.PIECEWISE_BEZIER_KNOTS.);
#2393 = CARTESIAN_POINT('',(2.941650390625,-7.869091796875));
#2394 = CARTESIAN_POINT('',(2.941650390625,-5.965966796875));
#2395 = ( GEOMETRIC_REPRESENTATION_CONTEXT(2) 
PARAMETRIC_REPRESENTATION_CONTEXT() REPRESENTATION_CONTEXT('2D SPACE',''
  ) );
#2396 = PCURVE('',#2397,#2402);
#2397 = PLANE('',#2398);
#2398 = AXIS2_PLACEMENT_3D('',#2399,#2400,#2401);
#2399 = CARTESIAN_POINT('',(-1.508349609375,-2.47,7.869091796875));
#2400 = DIRECTION('',(1.,0.,0.));
#2401 = DIRECTION('',(0.,0.,-1.));
#2402 = DEFINITIONAL_REPRESENTATION('',(#2403),#2406);
#2403 = B_SPLINE_CURVE_WITH_KNOTS('',1,(#2404,#2405),.UNSPECIFIED.,.F.,
  .F.,(2,2),(-3.934545898437,-2.031420898438),.PIECEWISE_BEZIER_KNOTS.);
#2404 = CARTESIAN_POINT('',(0.,-0.2));
#2405 = CARTESIAN_POINT('',(1.903125,-0.2));
#2406 = ( GEOMETRIC_REPRESENTATION_CONTEXT(2) 
PARAMETRIC_REPRESENTATION_CONTEXT() REPRESENTATION_CONTEXT('2D SPACE',''
  ) );
#2407 = ORIENTED_EDGE('',*,*,#2408,.F.);
#2408 = EDGE_CURVE('',#1884,#2383,#2409,.T.);
#2409 = SURFACE_CURVE('',#2410,(#2414,#2420),.PCURVE_S1.);
#2410 = LINE('',#2411,#2412);
#2411 = CARTESIAN_POINT('',(-3.281665039063,-2.67,7.869091796875));
#2412 = VECTOR('',#2413,1.);
#2413 = DIRECTION('',(1.,0.,0.));
#2414 = PCURVE('',#32,#2415);
#2415 = DEFINITIONAL_REPRESENTATION('',(#2416),#2419);
#2416 = B_SPLINE_CURVE_WITH_KNOTS('',1,(#2417,#2418),.UNSPECIFIED.,.F.,
  .F.,(2,2),(1.168334960938,1.773315429688),.PIECEWISE_BEZIER_KNOTS.);
#2417 = CARTESIAN_POINT('',(2.336669921875,-7.869091796875));
#2418 = CARTESIAN_POINT('',(2.941650390625,-7.869091796875));
#2419 = ( GEOMETRIC_REPRESENTATION_CONTEXT(2) 
PARAMETRIC_REPRESENTATION_CONTEXT() REPRESENTATION_CONTEXT('2D SPACE',''
  ) );
#2420 = PCURVE('',#2421,#2426);
#2421 = PLANE('',#2422);
#2422 = AXIS2_PLACEMENT_3D('',#2423,#2424,#2425);
#2423 = CARTESIAN_POINT('',(-2.113330078125,-2.47,7.869091796875));
#2424 = DIRECTION('',(0.,0.,1.));
#2425 = DIRECTION('',(1.,0.,0.));
#2426 = DEFINITIONAL_REPRESENTATION('',(#2427),#2430);
#2427 = B_SPLINE_CURVE_WITH_KNOTS('',1,(#2428,#2429),.UNSPECIFIED.,.F.,
  .F.,(2,2),(1.168334960938,1.773315429688),.PIECEWISE_BEZIER_KNOTS.);
#2428 = CARTESIAN_POINT('',(0.,-0.2));
#2429 = CARTESIAN_POINT('',(0.60498046875,-0.2));
#2430 = ( GEOMETRIC_REPRESENTATION_CONTEXT(2) 
PARAMETRIC_REPRESENTATION_CONTEXT() REPRESENTATION_CONTEXT('2D SPACE',''
  ) );
#2431 = ADVANCED_FACE('',(#2432),#44,.F.);
#2432 = FACE_BOUND('',#2433,.F.);
#2433 = EDGE_LOOP('',(#2434,#2464,#2485,#2486));
#2434 = ORIENTED_EDGE('',*,*,#2435,.T.);
#2435 = EDGE_CURVE('',#2436,#2438,#2440,.T.);
#2436 = VERTEX_POINT('',#2437);
#2437 = CARTESIAN_POINT('',(-4.45,25.53,0.));
#2438 = VERTEX_POINT('',#2439);
#2439 = CARTESIAN_POINT('',(-4.45,25.53,12.5));
#2440 = SURFACE_CURVE('',#2441,(#2445,#2452),.PCURVE_S1.);
#2441 = LINE('',#2442,#2443);
#2442 = CARTESIAN_POINT('',(-4.45,25.53,0.));
#2443 = VECTOR('',#2444,1.);
#2444 = DIRECTION('',(0.,0.,1.));
#2445 = PCURVE('',#44,#2446);
#2446 = DEFINITIONAL_REPRESENTATION('',(#2447),#2451);
#2447 = LINE('',#2448,#2449);
#2448 = CARTESIAN_POINT('',(0.,0.));
#2449 = VECTOR('',#2450,1.);
#2450 = DIRECTION('',(0.,-1.));
#2451 = ( GEOMETRIC_REPRESENTATION_CONTEXT(2) 
PARAMETRIC_REPRESENTATION_CONTEXT() REPRESENTATION_CONTEXT('2D SPACE',''
  ) );
#2452 = PCURVE('',#2453,#2458);
#2453 = PLANE('',#2454);
#2454 = AXIS2_PLACEMENT_3D('',#2455,#2456,#2457);
#2455 = CARTESIAN_POINT('',(3.45,25.53,0.));
#2456 = DIRECTION('',(0.,-1.,0.));
#2457 = DIRECTION('',(-1.,0.,0.));
#2458 = DEFINITIONAL_REPRESENTATION('',(#2459),#2463);
#2459 = LINE('',#2460,#2461);
#2460 = CARTESIAN_POINT('',(7.9,0.));
#2461 = VECTOR('',#2462,1.);
#2462 = DIRECTION('',(0.,-1.));
#2463 = ( GEOMETRIC_REPRESENTATION_CONTEXT(2) 
PARAMETRIC_REPRESENTATION_CONTEXT() REPRESENTATION_CONTEXT('2D SPACE',''
  ) );
#2464 = ORIENTED_EDGE('',*,*,#2465,.T.);
#2465 = EDGE_CURVE('',#2438,#24,#2466,.T.);
#2466 = SURFACE_CURVE('',#2467,(#2471,#2478),.PCURVE_S1.);
#2467 = LINE('',#2468,#2469);
#2468 = CARTESIAN_POINT('',(-4.45,25.53,12.5));
#2469 = VECTOR('',#2470,1.);
#2470 = DIRECTION('',(0.,-1.,0.));
#2471 = PCURVE('',#44,#2472);
#2472 = DEFINITIONAL_REPRESENTATION('',(#2473),#2477);
#2473 = LINE('',#2474,#2475);
#2474 = CARTESIAN_POINT('',(0.,-12.5));
#2475 = VECTOR('',#2476,1.);
#2476 = DIRECTION('',(1.,0.));
#2477 = ( GEOMETRIC_REPRESENTATION_CONTEXT(2) 
PARAMETRIC_REPRESENTATION_CONTEXT() REPRESENTATION_CONTEXT('2D SPACE',''
  ) );
#2478 = PCURVE('',#72,#2479);
#2479 = DEFINITIONAL_REPRESENTATION('',(#2480),#2484);
#2480 = LINE('',#2481,#2482);
#2481 = CARTESIAN_POINT('',(-3.95,14.1));
#2482 = VECTOR('',#2483,1.);
#2483 = DIRECTION('',(0.,-1.));
#2484 = ( GEOMETRIC_REPRESENTATION_CONTEXT(2) 
PARAMETRIC_REPRESENTATION_CONTEXT() REPRESENTATION_CONTEXT('2D SPACE',''
  ) );
#2485 = ORIENTED_EDGE('',*,*,#21,.F.);
#2486 = ORIENTED_EDGE('',*,*,#2487,.F.);
#2487 = EDGE_CURVE('',#2436,#22,#2488,.T.);
#2488 = SURFACE_CURVE('',#2489,(#2493,#2500),.PCURVE_S1.);
#2489 = LINE('',#2490,#2491);
#2490 = CARTESIAN_POINT('',(-4.45,25.53,0.));
#2491 = VECTOR('',#2492,1.);
#2492 = DIRECTION('',(0.,-1.,0.));
#2493 = PCURVE('',#44,#2494);
#2494 = DEFINITIONAL_REPRESENTATION('',(#2495),#2499);
#2495 = LINE('',#2496,#2497);
#2496 = CARTESIAN_POINT('',(0.,0.));
#2497 = VECTOR('',#2498,1.);
#2498 = DIRECTION('',(1.,0.));
#2499 = ( GEOMETRIC_REPRESENTATION_CONTEXT(2) 
PARAMETRIC_REPRESENTATION_CONTEXT() REPRESENTATION_CONTEXT('2D SPACE',''
  ) );
#2500 = PCURVE('',#126,#2501);
#2501 = DEFINITIONAL_REPRESENTATION('',(#2502),#2506);
#2502 = LINE('',#2503,#2504);
#2503 = CARTESIAN_POINT('',(-3.95,14.1));
#2504 = VECTOR('',#2505,1.);
#2505 = DIRECTION('',(0.,-1.));
#2506 = ( GEOMETRIC_REPRESENTATION_CONTEXT(2) 
PARAMETRIC_REPRESENTATION_CONTEXT() REPRESENTATION_CONTEXT('2D SPACE',''
  ) );
#2507 = ADVANCED_FACE('',(#2508,#2556),#126,.F.);
#2508 = FACE_BOUND('',#2509,.F.);
#2509 = EDGE_LOOP('',(#2510,#2511,#2534,#2555));
#2510 = ORIENTED_EDGE('',*,*,#112,.T.);
#2511 = ORIENTED_EDGE('',*,*,#2512,.T.);
#2512 = EDGE_CURVE('',#85,#2513,#2515,.T.);
#2513 = VERTEX_POINT('',#2514);
#2514 = CARTESIAN_POINT('',(3.45,25.53,0.));
#2515 = SURFACE_CURVE('',#2516,(#2520,#2527),.PCURVE_S1.);
#2516 = LINE('',#2517,#2518);
#2517 = CARTESIAN_POINT('',(3.45,-2.67,0.));
#2518 = VECTOR('',#2519,1.);
#2519 = DIRECTION('',(0.,1.,0.));
#2520 = PCURVE('',#126,#2521);
#2521 = DEFINITIONAL_REPRESENTATION('',(#2522),#2526);
#2522 = LINE('',#2523,#2524);
#2523 = CARTESIAN_POINT('',(3.95,-14.1));
#2524 = VECTOR('',#2525,1.);
#2525 = DIRECTION('',(0.,1.));
#2526 = ( GEOMETRIC_REPRESENTATION_CONTEXT(2) 
PARAMETRIC_REPRESENTATION_CONTEXT() REPRESENTATION_CONTEXT('2D SPACE',''
  ) );
#2527 = PCURVE('',#100,#2528);
#2528 = DEFINITIONAL_REPRESENTATION('',(#2529),#2533);
#2529 = LINE('',#2530,#2531);
#2530 = CARTESIAN_POINT('',(0.,0.));
#2531 = VECTOR('',#2532,1.);
#2532 = DIRECTION('',(1.,0.));
#2533 = ( GEOMETRIC_REPRESENTATION_CONTEXT(2) 
PARAMETRIC_REPRESENTATION_CONTEXT() REPRESENTATION_CONTEXT('2D SPACE',''
  ) );
#2534 = ORIENTED_EDGE('',*,*,#2535,.T.);
#2535 = EDGE_CURVE('',#2513,#2436,#2536,.T.);
#2536 = SURFACE_CURVE('',#2537,(#2541,#2548),.PCURVE_S1.);
#2537 = LINE('',#2538,#2539);
#2538 = CARTESIAN_POINT('',(3.45,25.53,0.));
#2539 = VECTOR('',#2540,1.);
#2540 = DIRECTION('',(-1.,0.,0.));
#2541 = PCURVE('',#126,#2542);
#2542 = DEFINITIONAL_REPRESENTATION('',(#2543),#2547);
#2543 = LINE('',#2544,#2545);
#2544 = CARTESIAN_POINT('',(3.95,14.1));
#2545 = VECTOR('',#2546,1.);
#2546 = DIRECTION('',(-1.,0.));
#2547 = ( GEOMETRIC_REPRESENTATION_CONTEXT(2) 
PARAMETRIC_REPRESENTATION_CONTEXT() REPRESENTATION_CONTEXT('2D SPACE',''
  ) );
#2548 = PCURVE('',#2453,#2549);
#2549 = DEFINITIONAL_REPRESENTATION('',(#2550),#2554);
#2550 = LINE('',#2551,#2552);
#2551 = CARTESIAN_POINT('',(0.,-0.));
#2552 = VECTOR('',#2553,1.);
#2553 = DIRECTION('',(1.,0.));
#2554 = ( GEOMETRIC_REPRESENTATION_CONTEXT(2) 
PARAMETRIC_REPRESENTATION_CONTEXT() REPRESENTATION_CONTEXT('2D SPACE',''
  ) );
#2555 = ORIENTED_EDGE('',*,*,#2487,.T.);
#2556 = FACE_BOUND('',#2557,.F.);
#2557 = EDGE_LOOP('',(#2558,#2586,#2612,#2638,#2664,#2690,#2716,#2742));
#2558 = ORIENTED_EDGE('',*,*,#2559,.T.);
#2559 = EDGE_CURVE('',#2560,#2562,#2564,.T.);
#2560 = VERTEX_POINT('',#2561);
#2561 = CARTESIAN_POINT('',(-2.25,24.33,0.));
#2562 = VERTEX_POINT('',#2563);
#2563 = CARTESIAN_POINT('',(2.25,24.33,0.));
#2564 = SURFACE_CURVE('',#2565,(#2569,#2575),.PCURVE_S1.);
#2565 = LINE('',#2566,#2567);
#2566 = CARTESIAN_POINT('',(0.875,24.33,0.));
#2567 = VECTOR('',#2568,1.);
#2568 = DIRECTION('',(1.,0.,-0.));
#2569 = PCURVE('',#126,#2570);
#2570 = DEFINITIONAL_REPRESENTATION('',(#2571),#2574);
#2571 = B_SPLINE_CURVE_WITH_KNOTS('',1,(#2572,#2573),.UNSPECIFIED.,.F.,
  .F.,(2,2),(-3.125,1.375),.PIECEWISE_BEZIER_KNOTS.);
#2572 = CARTESIAN_POINT('',(-1.75,12.9));
#2573 = CARTESIAN_POINT('',(2.75,12.9));
#2574 = ( GEOMETRIC_REPRESENTATION_CONTEXT(2) 
PARAMETRIC_REPRESENTATION_CONTEXT() REPRESENTATION_CONTEXT('2D SPACE',''
  ) );
#2575 = PCURVE('',#2576,#2581);
#2576 = PLANE('',#2577);
#2577 = AXIS2_PLACEMENT_3D('',#2578,#2579,#2580);
#2578 = CARTESIAN_POINT('',(2.25,24.33,-1.));
#2579 = DIRECTION('',(0.,-1.,0.));
#2580 = DIRECTION('',(-1.,0.,0.));
#2581 = DEFINITIONAL_REPRESENTATION('',(#2582),#2585);
#2582 = B_SPLINE_CURVE_WITH_KNOTS('',1,(#2583,#2584),.UNSPECIFIED.,.F.,
  .F.,(2,2),(-3.125,1.375),.PIECEWISE_BEZIER_KNOTS.);
#2583 = CARTESIAN_POINT('',(4.5,-1.));
#2584 = CARTESIAN_POINT('',(0.,-1.));
#2585 = ( GEOMETRIC_REPRESENTATION_CONTEXT(2) 
PARAMETRIC_REPRESENTATION_CONTEXT() REPRESENTATION_CONTEXT('2D SPACE',''
  ) );
#2586 = ORIENTED_EDGE('',*,*,#2587,.T.);
#2587 = EDGE_CURVE('',#2562,#2588,#2590,.T.);
#2588 = VERTEX_POINT('',#2589);
#2589 = CARTESIAN_POINT('',(2.25,-1.47,0.));
#2590 = SURFACE_CURVE('',#2591,(#2595,#2601),.PCURVE_S1.);
#2591 = LINE('',#2592,#2593);
#2592 = CARTESIAN_POINT('',(2.25,4.98,0.));
#2593 = VECTOR('',#2594,1.);
#2594 = DIRECTION('',(0.,-1.,0.));
#2595 = PCURVE('',#126,#2596);
#2596 = DEFINITIONAL_REPRESENTATION('',(#2597),#2600);
#2597 = B_SPLINE_CURVE_WITH_KNOTS('',1,(#2598,#2599),.UNSPECIFIED.,.F.,
  .F.,(2,2),(-19.35,6.45),.PIECEWISE_BEZIER_KNOTS.);
#2598 = CARTESIAN_POINT('',(2.75,12.9));
#2599 = CARTESIAN_POINT('',(2.75,-12.9));
#2600 = ( GEOMETRIC_REPRESENTATION_CONTEXT(2) 
PARAMETRIC_REPRESENTATION_CONTEXT() REPRESENTATION_CONTEXT('2D SPACE',''
  ) );
#2601 = PCURVE('',#2602,#2607);
#2602 = PLANE('',#2603);
#2603 = AXIS2_PLACEMENT_3D('',#2604,#2605,#2606);
#2604 = CARTESIAN_POINT('',(2.25,-1.47,-1.));
#2605 = DIRECTION('',(-1.,0.,0.));
#2606 = DIRECTION('',(0.,1.,0.));
#2607 = DEFINITIONAL_REPRESENTATION('',(#2608),#2611);
#2608 = B_SPLINE_CURVE_WITH_KNOTS('',1,(#2609,#2610),.UNSPECIFIED.,.F.,
  .F.,(2,2),(-19.35,6.45),.PIECEWISE_BEZIER_KNOTS.);
#2609 = CARTESIAN_POINT('',(25.8,-1.));
#2610 = CARTESIAN_POINT('',(0.,-1.));
#2611 = ( GEOMETRIC_REPRESENTATION_CONTEXT(2) 
PARAMETRIC_REPRESENTATION_CONTEXT() REPRESENTATION_CONTEXT('2D SPACE',''
  ) );
#2612 = ORIENTED_EDGE('',*,*,#2613,.T.);
#2613 = EDGE_CURVE('',#2588,#2614,#2616,.T.);
#2614 = VERTEX_POINT('',#2615);
#2615 = CARTESIAN_POINT('',(-2.25,-1.47,0.));
#2616 = SURFACE_CURVE('',#2617,(#2621,#2627),.PCURVE_S1.);
#2617 = LINE('',#2618,#2619);
#2618 = CARTESIAN_POINT('',(-1.375,-1.47,0.));
#2619 = VECTOR('',#2620,1.);
#2620 = DIRECTION('',(-1.,0.,0.));
#2621 = PCURVE('',#126,#2622);
#2622 = DEFINITIONAL_REPRESENTATION('',(#2623),#2626);
#2623 = B_SPLINE_CURVE_WITH_KNOTS('',1,(#2624,#2625),.UNSPECIFIED.,.F.,
  .F.,(2,2),(-3.625,0.875),.PIECEWISE_BEZIER_KNOTS.);
#2624 = CARTESIAN_POINT('',(2.75,-12.9));
#2625 = CARTESIAN_POINT('',(-1.75,-12.9));
#2626 = ( GEOMETRIC_REPRESENTATION_CONTEXT(2) 
PARAMETRIC_REPRESENTATION_CONTEXT() REPRESENTATION_CONTEXT('2D SPACE',''
  ) );
#2627 = PCURVE('',#2628,#2633);
#2628 = PLANE('',#2629);
#2629 = AXIS2_PLACEMENT_3D('',#2630,#2631,#2632);
#2630 = CARTESIAN_POINT('',(-2.25,-1.47,-1.));
#2631 = DIRECTION('',(0.,1.,0.));
#2632 = DIRECTION('',(1.,0.,0.));
#2633 = DEFINITIONAL_REPRESENTATION('',(#2634),#2637);
#2634 = B_SPLINE_CURVE_WITH_KNOTS('',1,(#2635,#2636),.UNSPECIFIED.,.F.,
  .F.,(2,2),(-3.625,0.875),.PIECEWISE_BEZIER_KNOTS.);
#2635 = CARTESIAN_POINT('',(4.5,-1.));
#2636 = CARTESIAN_POINT('',(0.,-1.));
#2637 = ( GEOMETRIC_REPRESENTATION_CONTEXT(2) 
PARAMETRIC_REPRESENTATION_CONTEXT() REPRESENTATION_CONTEXT('2D SPACE',''
  ) );
#2638 = ORIENTED_EDGE('',*,*,#2639,.T.);
#2639 = EDGE_CURVE('',#2614,#2640,#2642,.T.);
#2640 = VERTEX_POINT('',#2641);
#2641 = CARTESIAN_POINT('',(-2.25,-1.3,0.));
#2642 = SURFACE_CURVE('',#2643,(#2647,#2653),.PCURVE_S1.);
#2643 = LINE('',#2644,#2645);
#2644 = CARTESIAN_POINT('',(-2.25,17.88,0.));
#2645 = VECTOR('',#2646,1.);
#2646 = DIRECTION('',(-0.,1.,0.));
#2647 = PCURVE('',#126,#2648);
#2648 = DEFINITIONAL_REPRESENTATION('',(#2649),#2652);
#2649 = B_SPLINE_CURVE_WITH_KNOTS('',1,(#2650,#2651),.UNSPECIFIED.,.F.,
  .F.,(2,2),(-19.35,6.45),.PIECEWISE_BEZIER_KNOTS.);
#2650 = CARTESIAN_POINT('',(-1.75,-12.9));
#2651 = CARTESIAN_POINT('',(-1.75,12.9));
#2652 = ( GEOMETRIC_REPRESENTATION_CONTEXT(2) 
PARAMETRIC_REPRESENTATION_CONTEXT() REPRESENTATION_CONTEXT('2D SPACE',''
  ) );
#2653 = PCURVE('',#2654,#2659);
#2654 = PLANE('',#2655);
#2655 = AXIS2_PLACEMENT_3D('',#2656,#2657,#2658);
#2656 = CARTESIAN_POINT('',(-2.25,24.33,-1.));
#2657 = DIRECTION('',(1.,0.,-0.));
#2658 = DIRECTION('',(0.,-1.,0.));
#2659 = DEFINITIONAL_REPRESENTATION('',(#2660),#2663);
#2660 = B_SPLINE_CURVE_WITH_KNOTS('',1,(#2661,#2662),.UNSPECIFIED.,.F.,
  .F.,(2,2),(-19.35,6.45),.PIECEWISE_BEZIER_KNOTS.);
#2661 = CARTESIAN_POINT('',(25.8,-1.));
#2662 = CARTESIAN_POINT('',(0.,-1.));
#2663 = ( GEOMETRIC_REPRESENTATION_CONTEXT(2) 
PARAMETRIC_REPRESENTATION_CONTEXT() REPRESENTATION_CONTEXT('2D SPACE',''
  ) );
#2664 = ORIENTED_EDGE('',*,*,#2665,.T.);
#2665 = EDGE_CURVE('',#2640,#2666,#2668,.T.);
#2666 = VERTEX_POINT('',#2667);
#2667 = CARTESIAN_POINT('',(-3.25,-1.3,0.));
#2668 = SURFACE_CURVE('',#2669,(#2673,#2679),.PCURVE_S1.);
#2669 = LINE('',#2670,#2671);
#2670 = CARTESIAN_POINT('',(-1.875,-1.3,0.));
#2671 = VECTOR('',#2672,1.);
#2672 = DIRECTION('',(-1.,0.,0.));
#2673 = PCURVE('',#126,#2674);
#2674 = DEFINITIONAL_REPRESENTATION('',(#2675),#2678);
#2675 = B_SPLINE_CURVE_WITH_KNOTS('',1,(#2676,#2677),.UNSPECIFIED.,.F.,
  .F.,(2,2),(0.375,1.375),.PIECEWISE_BEZIER_KNOTS.);
#2676 = CARTESIAN_POINT('',(-1.75,-12.73));
#2677 = CARTESIAN_POINT('',(-2.75,-12.73));
#2678 = ( GEOMETRIC_REPRESENTATION_CONTEXT(2) 
PARAMETRIC_REPRESENTATION_CONTEXT() REPRESENTATION_CONTEXT('2D SPACE',''
  ) );
#2679 = PCURVE('',#2680,#2685);
#2680 = PLANE('',#2681);
#2681 = AXIS2_PLACEMENT_3D('',#2682,#2683,#2684);
#2682 = CARTESIAN_POINT('',(-3.25,-1.3,-1.));
#2683 = DIRECTION('',(0.,1.,0.));
#2684 = DIRECTION('',(1.,0.,0.));
#2685 = DEFINITIONAL_REPRESENTATION('',(#2686),#2689);
#2686 = B_SPLINE_CURVE_WITH_KNOTS('',1,(#2687,#2688),.UNSPECIFIED.,.F.,
  .F.,(2,2),(0.375,1.375),.PIECEWISE_BEZIER_KNOTS.);
#2687 = CARTESIAN_POINT('',(1.,-1.));
#2688 = CARTESIAN_POINT('',(0.,-1.));
#2689 = ( GEOMETRIC_REPRESENTATION_CONTEXT(2) 
PARAMETRIC_REPRESENTATION_CONTEXT() REPRESENTATION_CONTEXT('2D SPACE',''
  ) );
#2690 = ORIENTED_EDGE('',*,*,#2691,.T.);
#2691 = EDGE_CURVE('',#2666,#2692,#2694,.T.);
#2692 = VERTEX_POINT('',#2693);
#2693 = CARTESIAN_POINT('',(-3.25,1.3,0.));
#2694 = SURFACE_CURVE('',#2695,(#2699,#2705),.PCURVE_S1.);
#2695 = LINE('',#2696,#2697);
#2696 = CARTESIAN_POINT('',(-3.25,6.365,0.));
#2697 = VECTOR('',#2698,1.);
#2698 = DIRECTION('',(-0.,1.,0.));
#2699 = PCURVE('',#126,#2700);
#2700 = DEFINITIONAL_REPRESENTATION('',(#2701),#2704);
#2701 = B_SPLINE_CURVE_WITH_KNOTS('',1,(#2702,#2703),.UNSPECIFIED.,.F.,
  .F.,(2,2),(-7.665,-5.065),.PIECEWISE_BEZIER_KNOTS.);
#2702 = CARTESIAN_POINT('',(-2.75,-12.73));
#2703 = CARTESIAN_POINT('',(-2.75,-10.13));
#2704 = ( GEOMETRIC_REPRESENTATION_CONTEXT(2) 
PARAMETRIC_REPRESENTATION_CONTEXT() REPRESENTATION_CONTEXT('2D SPACE',''
  ) );
#2705 = PCURVE('',#2706,#2711);
#2706 = PLANE('',#2707);
#2707 = AXIS2_PLACEMENT_3D('',#2708,#2709,#2710);
#2708 = CARTESIAN_POINT('',(-3.25,1.3,-1.));
#2709 = DIRECTION('',(1.,0.,-0.));
#2710 = DIRECTION('',(0.,-1.,0.));
#2711 = DEFINITIONAL_REPRESENTATION('',(#2712),#2715);
#2712 = B_SPLINE_CURVE_WITH_KNOTS('',1,(#2713,#2714),.UNSPECIFIED.,.F.,
  .F.,(2,2),(-7.665,-5.065),.PIECEWISE_BEZIER_KNOTS.);
#2713 = CARTESIAN_POINT('',(2.6,-1.));
#2714 = CARTESIAN_POINT('',(0.,-1.));
#2715 = ( GEOMETRIC_REPRESENTATION_CONTEXT(2) 
PARAMETRIC_REPRESENTATION_CONTEXT() REPRESENTATION_CONTEXT('2D SPACE',''
  ) );
#2716 = ORIENTED_EDGE('',*,*,#2717,.T.);
#2717 = EDGE_CURVE('',#2692,#2718,#2720,.T.);
#2718 = VERTEX_POINT('',#2719);
#2719 = CARTESIAN_POINT('',(-2.25,1.3,0.));
#2720 = SURFACE_CURVE('',#2721,(#2725,#2731),.PCURVE_S1.);
#2721 = LINE('',#2722,#2723);
#2722 = CARTESIAN_POINT('',(-1.375,1.3,0.));
#2723 = VECTOR('',#2724,1.);
#2724 = DIRECTION('',(1.,0.,-0.));
#2725 = PCURVE('',#126,#2726);
#2726 = DEFINITIONAL_REPRESENTATION('',(#2727),#2730);
#2727 = B_SPLINE_CURVE_WITH_KNOTS('',1,(#2728,#2729),.UNSPECIFIED.,.F.,
  .F.,(2,2),(-1.875,-0.875),.PIECEWISE_BEZIER_KNOTS.);
#2728 = CARTESIAN_POINT('',(-2.75,-10.13));
#2729 = CARTESIAN_POINT('',(-1.75,-10.13));
#2730 = ( GEOMETRIC_REPRESENTATION_CONTEXT(2) 
PARAMETRIC_REPRESENTATION_CONTEXT() REPRESENTATION_CONTEXT('2D SPACE',''
  ) );
#2731 = PCURVE('',#2732,#2737);
#2732 = PLANE('',#2733);
#2733 = AXIS2_PLACEMENT_3D('',#2734,#2735,#2736);
#2734 = CARTESIAN_POINT('',(-2.25,1.3,-1.));
#2735 = DIRECTION('',(0.,-1.,0.));
#2736 = DIRECTION('',(-1.,0.,0.));
#2737 = DEFINITIONAL_REPRESENTATION('',(#2738),#2741);
#2738 = B_SPLINE_CURVE_WITH_KNOTS('',1,(#2739,#2740),.UNSPECIFIED.,.F.,
  .F.,(2,2),(-1.875,-0.875),.PIECEWISE_BEZIER_KNOTS.);
#2739 = CARTESIAN_POINT('',(1.,-1.));
#2740 = CARTESIAN_POINT('',(0.,-1.));
#2741 = ( GEOMETRIC_REPRESENTATION_CONTEXT(2) 
PARAMETRIC_REPRESENTATION_CONTEXT() REPRESENTATION_CONTEXT('2D SPACE',''
  ) );
#2742 = ORIENTED_EDGE('',*,*,#2743,.T.);
#2743 = EDGE_CURVE('',#2718,#2560,#2744,.T.);
#2744 = SURFACE_CURVE('',#2745,(#2749,#2755),.PCURVE_S1.);
#2745 = LINE('',#2746,#2747);
#2746 = CARTESIAN_POINT('',(-2.25,17.88,0.));
#2747 = VECTOR('',#2748,1.);
#2748 = DIRECTION('',(-0.,1.,0.));
#2749 = PCURVE('',#126,#2750);
#2750 = DEFINITIONAL_REPRESENTATION('',(#2751),#2754);
#2751 = B_SPLINE_CURVE_WITH_KNOTS('',1,(#2752,#2753),.UNSPECIFIED.,.F.,
  .F.,(2,2),(-19.35,6.45),.PIECEWISE_BEZIER_KNOTS.);
#2752 = CARTESIAN_POINT('',(-1.75,-12.9));
#2753 = CARTESIAN_POINT('',(-1.75,12.9));
#2754 = ( GEOMETRIC_REPRESENTATION_CONTEXT(2) 
PARAMETRIC_REPRESENTATION_CONTEXT() REPRESENTATION_CONTEXT('2D SPACE',''
  ) );
#2755 = PCURVE('',#2756,#2761);
#2756 = PLANE('',#2757);
#2757 = AXIS2_PLACEMENT_3D('',#2758,#2759,#2760);
#2758 = CARTESIAN_POINT('',(-2.25,24.33,-1.));
#2759 = DIRECTION('',(1.,0.,-0.));
#2760 = DIRECTION('',(0.,-1.,0.));
#2761 = DEFINITIONAL_REPRESENTATION('',(#2762),#2765);
#2762 = B_SPLINE_CURVE_WITH_KNOTS('',1,(#2763,#2764),.UNSPECIFIED.,.F.,
  .F.,(2,2),(-19.35,6.45),.PIECEWISE_BEZIER_KNOTS.);
#2763 = CARTESIAN_POINT('',(25.8,-1.));
#2764 = CARTESIAN_POINT('',(0.,-1.));
#2765 = ( GEOMETRIC_REPRESENTATION_CONTEXT(2) 
PARAMETRIC_REPRESENTATION_CONTEXT() REPRESENTATION_CONTEXT('2D SPACE',''
  ) );
#2766 = ADVANCED_FACE('',(#2767,#2815),#72,.T.);
#2767 = FACE_BOUND('',#2768,.T.);
#2768 = EDGE_LOOP('',(#2769,#2770,#2793,#2814));
#2769 = ORIENTED_EDGE('',*,*,#56,.T.);
#2770 = ORIENTED_EDGE('',*,*,#2771,.T.);
#2771 = EDGE_CURVE('',#57,#2772,#2774,.T.);
#2772 = VERTEX_POINT('',#2773);
#2773 = CARTESIAN_POINT('',(3.45,25.53,12.5));
#2774 = SURFACE_CURVE('',#2775,(#2779,#2786),.PCURVE_S1.);
#2775 = LINE('',#2776,#2777);
#2776 = CARTESIAN_POINT('',(3.45,-2.67,12.5));
#2777 = VECTOR('',#2778,1.);
#2778 = DIRECTION('',(0.,1.,0.));
#2779 = PCURVE('',#72,#2780);
#2780 = DEFINITIONAL_REPRESENTATION('',(#2781),#2785);
#2781 = LINE('',#2782,#2783);
#2782 = CARTESIAN_POINT('',(3.95,-14.1));
#2783 = VECTOR('',#2784,1.);
#2784 = DIRECTION('',(0.,1.));
#2785 = ( GEOMETRIC_REPRESENTATION_CONTEXT(2) 
PARAMETRIC_REPRESENTATION_CONTEXT() REPRESENTATION_CONTEXT('2D SPACE',''
  ) );
#2786 = PCURVE('',#100,#2787);
#2787 = DEFINITIONAL_REPRESENTATION('',(#2788),#2792);
#2788 = LINE('',#2789,#2790);
#2789 = CARTESIAN_POINT('',(0.,-12.5));
#2790 = VECTOR('',#2791,1.);
#2791 = DIRECTION('',(1.,0.));
#2792 = ( GEOMETRIC_REPRESENTATION_CONTEXT(2) 
PARAMETRIC_REPRESENTATION_CONTEXT() REPRESENTATION_CONTEXT('2D SPACE',''
  ) );
#2793 = ORIENTED_EDGE('',*,*,#2794,.T.);
#2794 = EDGE_CURVE('',#2772,#2438,#2795,.T.);
#2795 = SURFACE_CURVE('',#2796,(#2800,#2807),.PCURVE_S1.);
#2796 = LINE('',#2797,#2798);
#2797 = CARTESIAN_POINT('',(3.45,25.53,12.5));
#2798 = VECTOR('',#2799,1.);
#2799 = DIRECTION('',(-1.,0.,0.));
#2800 = PCURVE('',#72,#2801);
#2801 = DEFINITIONAL_REPRESENTATION('',(#2802),#2806);
#2802 = LINE('',#2803,#2804);
#2803 = CARTESIAN_POINT('',(3.95,14.1));
#2804 = VECTOR('',#2805,1.);
#2805 = DIRECTION('',(-1.,0.));
#2806 = ( GEOMETRIC_REPRESENTATION_CONTEXT(2) 
PARAMETRIC_REPRESENTATION_CONTEXT() REPRESENTATION_CONTEXT('2D SPACE',''
  ) );
#2807 = PCURVE('',#2453,#2808);
#2808 = DEFINITIONAL_REPRESENTATION('',(#2809),#2813);
#2809 = LINE('',#2810,#2811);
#2810 = CARTESIAN_POINT('',(0.,-12.5));
#2811 = VECTOR('',#2812,1.);
#2812 = DIRECTION('',(1.,0.));
#2813 = ( GEOMETRIC_REPRESENTATION_CONTEXT(2) 
PARAMETRIC_REPRESENTATION_CONTEXT() REPRESENTATION_CONTEXT('2D SPACE',''
  ) );
#2814 = ORIENTED_EDGE('',*,*,#2465,.T.);
#2815 = FACE_BOUND('',#2816,.T.);
#2816 = EDGE_LOOP('',(#2817,#2847,#2875,#2903,#2931,#2959,#2987,#3015));
#2817 = ORIENTED_EDGE('',*,*,#2818,.F.);
#2818 = EDGE_CURVE('',#2819,#2821,#2823,.T.);
#2819 = VERTEX_POINT('',#2820);
#2820 = CARTESIAN_POINT('',(-2.85,1.9,12.5));
#2821 = VERTEX_POINT('',#2822);
#2822 = CARTESIAN_POINT('',(-3.85,1.9,12.5));
#2823 = SURFACE_CURVE('',#2824,(#2828,#2835),.PCURVE_S1.);
#2824 = LINE('',#2825,#2826);
#2825 = CARTESIAN_POINT('',(-1.65,1.9,12.5));
#2826 = VECTOR('',#2827,1.);
#2827 = DIRECTION('',(-1.,0.,0.));
#2828 = PCURVE('',#72,#2829);
#2829 = DEFINITIONAL_REPRESENTATION('',(#2830),#2834);
#2830 = LINE('',#2831,#2832);
#2831 = CARTESIAN_POINT('',(-1.15,-9.53));
#2832 = VECTOR('',#2833,1.);
#2833 = DIRECTION('',(-1.,0.));
#2834 = ( GEOMETRIC_REPRESENTATION_CONTEXT(2) 
PARAMETRIC_REPRESENTATION_CONTEXT() REPRESENTATION_CONTEXT('2D SPACE',''
  ) );
#2835 = PCURVE('',#2836,#2841);
#2836 = B_SPLINE_SURFACE_WITH_KNOTS('',1,1,(
    (#2837,#2838)
    ,(#2839,#2840
    )),.UNSPECIFIED.,.F.,.F.,.F.,(2,2),(2,2),(0.,2.2),(0.,1.),
  .PIECEWISE_BEZIER_KNOTS.);
#2837 = CARTESIAN_POINT('',(-2.25,1.3,11.9));
#2838 = CARTESIAN_POINT('',(-1.65,1.9,12.5));
#2839 = CARTESIAN_POINT('',(-3.25,1.3,11.9));
#2840 = CARTESIAN_POINT('',(-3.85,1.9,12.5));
#2841 = DEFINITIONAL_REPRESENTATION('',(#2842),#2846);
#2842 = LINE('',#2843,#2844);
#2843 = CARTESIAN_POINT('',(0.,1.));
#2844 = VECTOR('',#2845,1.);
#2845 = DIRECTION('',(1.,0.));
#2846 = ( GEOMETRIC_REPRESENTATION_CONTEXT(2) 
PARAMETRIC_REPRESENTATION_CONTEXT() REPRESENTATION_CONTEXT('2D SPACE',''
  ) );
#2847 = ORIENTED_EDGE('',*,*,#2848,.F.);
#2848 = EDGE_CURVE('',#2849,#2819,#2851,.T.);
#2849 = VERTEX_POINT('',#2850);
#2850 = CARTESIAN_POINT('',(-2.85,24.93,12.5));
#2851 = SURFACE_CURVE('',#2852,(#2856,#2863),.PCURVE_S1.);
#2852 = LINE('',#2853,#2854);
#2853 = CARTESIAN_POINT('',(-2.85,24.93,12.5));
#2854 = VECTOR('',#2855,1.);
#2855 = DIRECTION('',(0.,-1.,0.));
#2856 = PCURVE('',#72,#2857);
#2857 = DEFINITIONAL_REPRESENTATION('',(#2858),#2862);
#2858 = LINE('',#2859,#2860);
#2859 = CARTESIAN_POINT('',(-2.35,13.5));
#2860 = VECTOR('',#2861,1.);
#2861 = DIRECTION('',(0.,-1.));
#2862 = ( GEOMETRIC_REPRESENTATION_CONTEXT(2) 
PARAMETRIC_REPRESENTATION_CONTEXT() REPRESENTATION_CONTEXT('2D SPACE',''
  ) );
#2863 = PCURVE('',#2864,#2869);
#2864 = B_SPLINE_SURFACE_WITH_KNOTS('',1,1,(
    (#2865,#2866)
    ,(#2867,#2868
    )),.UNSPECIFIED.,.F.,.F.,.F.,(2,2),(2,2),(0.,27.),(0.,1.),
  .PIECEWISE_BEZIER_KNOTS.);
#2865 = CARTESIAN_POINT('',(-2.25,24.33,11.9));
#2866 = CARTESIAN_POINT('',(-2.85,24.93,12.5));
#2867 = CARTESIAN_POINT('',(-2.25,-1.47,11.9));
#2868 = CARTESIAN_POINT('',(-2.85,-2.07,12.5));
#2869 = DEFINITIONAL_REPRESENTATION('',(#2870),#2874);
#2870 = LINE('',#2871,#2872);
#2871 = CARTESIAN_POINT('',(0.,1.));
#2872 = VECTOR('',#2873,1.);
#2873 = DIRECTION('',(1.,0.));
#2874 = ( GEOMETRIC_REPRESENTATION_CONTEXT(2) 
PARAMETRIC_REPRESENTATION_CONTEXT() REPRESENTATION_CONTEXT('2D SPACE',''
  ) );
#2875 = ORIENTED_EDGE('',*,*,#2876,.F.);
#2876 = EDGE_CURVE('',#2877,#2849,#2879,.T.);
#2877 = VERTEX_POINT('',#2878);
#2878 = CARTESIAN_POINT('',(2.85,24.93,12.5));
#2879 = SURFACE_CURVE('',#2880,(#2884,#2891),.PCURVE_S1.);
#2880 = LINE('',#2881,#2882);
#2881 = CARTESIAN_POINT('',(2.85,24.93,12.5));
#2882 = VECTOR('',#2883,1.);
#2883 = DIRECTION('',(-1.,0.,0.));
#2884 = PCURVE('',#72,#2885);
#2885 = DEFINITIONAL_REPRESENTATION('',(#2886),#2890);
#2886 = LINE('',#2887,#2888);
#2887 = CARTESIAN_POINT('',(3.35,13.5));
#2888 = VECTOR('',#2889,1.);
#2889 = DIRECTION('',(-1.,0.));
#2890 = ( GEOMETRIC_REPRESENTATION_CONTEXT(2) 
PARAMETRIC_REPRESENTATION_CONTEXT() REPRESENTATION_CONTEXT('2D SPACE',''
  ) );
#2891 = PCURVE('',#2892,#2897);
#2892 = B_SPLINE_SURFACE_WITH_KNOTS('',1,1,(
    (#2893,#2894)
    ,(#2895,#2896
    )),.UNSPECIFIED.,.F.,.F.,.F.,(2,2),(2,2),(0.,5.7),(0.,1.),
  .PIECEWISE_BEZIER_KNOTS.);
#2893 = CARTESIAN_POINT('',(2.25,24.33,11.9));
#2894 = CARTESIAN_POINT('',(2.85,24.93,12.5));
#2895 = CARTESIAN_POINT('',(-2.25,24.33,11.9));
#2896 = CARTESIAN_POINT('',(-2.85,24.93,12.5));
#2897 = DEFINITIONAL_REPRESENTATION('',(#2898),#2902);
#2898 = LINE('',#2899,#2900);
#2899 = CARTESIAN_POINT('',(0.,1.));
#2900 = VECTOR('',#2901,1.);
#2901 = DIRECTION('',(1.,0.));
#2902 = ( GEOMETRIC_REPRESENTATION_CONTEXT(2) 
PARAMETRIC_REPRESENTATION_CONTEXT() REPRESENTATION_CONTEXT('2D SPACE',''
  ) );
#2903 = ORIENTED_EDGE('',*,*,#2904,.F.);
#2904 = EDGE_CURVE('',#2905,#2877,#2907,.T.);
#2905 = VERTEX_POINT('',#2906);
#2906 = CARTESIAN_POINT('',(2.85,-2.07,12.5));
#2907 = SURFACE_CURVE('',#2908,(#2912,#2919),.PCURVE_S1.);
#2908 = LINE('',#2909,#2910);
#2909 = CARTESIAN_POINT('',(2.85,-2.07,12.5));
#2910 = VECTOR('',#2911,1.);
#2911 = DIRECTION('',(0.,1.,0.));
#2912 = PCURVE('',#72,#2913);
#2913 = DEFINITIONAL_REPRESENTATION('',(#2914),#2918);
#2914 = LINE('',#2915,#2916);
#2915 = CARTESIAN_POINT('',(3.35,-13.5));
#2916 = VECTOR('',#2917,1.);
#2917 = DIRECTION('',(0.,1.));
#2918 = ( GEOMETRIC_REPRESENTATION_CONTEXT(2) 
PARAMETRIC_REPRESENTATION_CONTEXT() REPRESENTATION_CONTEXT('2D SPACE',''
  ) );
#2919 = PCURVE('',#2920,#2925);
#2920 = B_SPLINE_SURFACE_WITH_KNOTS('',1,1,(
    (#2921,#2922)
    ,(#2923,#2924
    )),.UNSPECIFIED.,.F.,.F.,.F.,(2,2),(2,2),(0.,27.),(0.,1.),
  .PIECEWISE_BEZIER_KNOTS.);
#2921 = CARTESIAN_POINT('',(2.25,-1.47,11.9));
#2922 = CARTESIAN_POINT('',(2.85,-2.07,12.5));
#2923 = CARTESIAN_POINT('',(2.25,24.33,11.9));
#2924 = CARTESIAN_POINT('',(2.85,24.93,12.5));
#2925 = DEFINITIONAL_REPRESENTATION('',(#2926),#2930);
#2926 = LINE('',#2927,#2928);
#2927 = CARTESIAN_POINT('',(0.,1.));
#2928 = VECTOR('',#2929,1.);
#2929 = DIRECTION('',(1.,0.));
#2930 = ( GEOMETRIC_REPRESENTATION_CONTEXT(2) 
PARAMETRIC_REPRESENTATION_CONTEXT() REPRESENTATION_CONTEXT('2D SPACE',''
  ) );
#2931 = ORIENTED_EDGE('',*,*,#2932,.F.);
#2932 = EDGE_CURVE('',#2933,#2905,#2935,.T.);
#2933 = VERTEX_POINT('',#2934);
#2934 = CARTESIAN_POINT('',(-2.85,-2.07,12.5));
#2935 = SURFACE_CURVE('',#2936,(#2940,#2947),.PCURVE_S1.);
#2936 = LINE('',#2937,#2938);
#2937 = CARTESIAN_POINT('',(-2.85,-2.07,12.5));
#2938 = VECTOR('',#2939,1.);
#2939 = DIRECTION('',(1.,0.,0.));
#2940 = PCURVE('',#72,#2941);
#2941 = DEFINITIONAL_REPRESENTATION('',(#2942),#2946);
#2942 = LINE('',#2943,#2944);
#2943 = CARTESIAN_POINT('',(-2.35,-13.5));
#2944 = VECTOR('',#2945,1.);
#2945 = DIRECTION('',(1.,0.));
#2946 = ( GEOMETRIC_REPRESENTATION_CONTEXT(2) 
PARAMETRIC_REPRESENTATION_CONTEXT() REPRESENTATION_CONTEXT('2D SPACE',''
  ) );
#2947 = PCURVE('',#2948,#2953);
#2948 = B_SPLINE_SURFACE_WITH_KNOTS('',1,1,(
    (#2949,#2950)
    ,(#2951,#2952
    )),.UNSPECIFIED.,.F.,.F.,.F.,(2,2),(2,2),(0.,5.7),(0.,1.),
  .PIECEWISE_BEZIER_KNOTS.);
#2949 = CARTESIAN_POINT('',(-2.25,-1.47,11.9));
#2950 = CARTESIAN_POINT('',(-2.85,-2.07,12.5));
#2951 = CARTESIAN_POINT('',(2.25,-1.47,11.9));
#2952 = CARTESIAN_POINT('',(2.85,-2.07,12.5));
#2953 = DEFINITIONAL_REPRESENTATION('',(#2954),#2958);
#2954 = LINE('',#2955,#2956);
#2955 = CARTESIAN_POINT('',(0.,1.));
#2956 = VECTOR('',#2957,1.);
#2957 = DIRECTION('',(1.,0.));
#2958 = ( GEOMETRIC_REPRESENTATION_CONTEXT(2) 
PARAMETRIC_REPRESENTATION_CONTEXT() REPRESENTATION_CONTEXT('2D SPACE',''
  ) );
#2959 = ORIENTED_EDGE('',*,*,#2960,.F.);
#2960 = EDGE_CURVE('',#2961,#2933,#2963,.T.);
#2961 = VERTEX_POINT('',#2962);
#2962 = CARTESIAN_POINT('',(-2.85,-1.9,12.5));
#2963 = SURFACE_CURVE('',#2964,(#2968,#2975),.PCURVE_S1.);
#2964 = LINE('',#2965,#2966);
#2965 = CARTESIAN_POINT('',(-2.85,24.93,12.5));
#2966 = VECTOR('',#2967,1.);
#2967 = DIRECTION('',(0.,-1.,0.));
#2968 = PCURVE('',#72,#2969);
#2969 = DEFINITIONAL_REPRESENTATION('',(#2970),#2974);
#2970 = LINE('',#2971,#2972);
#2971 = CARTESIAN_POINT('',(-2.35,13.5));
#2972 = VECTOR('',#2973,1.);
#2973 = DIRECTION('',(0.,-1.));
#2974 = ( GEOMETRIC_REPRESENTATION_CONTEXT(2) 
PARAMETRIC_REPRESENTATION_CONTEXT() REPRESENTATION_CONTEXT('2D SPACE',''
  ) );
#2975 = PCURVE('',#2976,#2981);
#2976 = B_SPLINE_SURFACE_WITH_KNOTS('',1,1,(
    (#2977,#2978)
    ,(#2979,#2980
    )),.UNSPECIFIED.,.F.,.F.,.F.,(2,2),(2,2),(0.,27.),(0.,1.),
  .PIECEWISE_BEZIER_KNOTS.);
#2977 = CARTESIAN_POINT('',(-2.25,24.33,11.9));
#2978 = CARTESIAN_POINT('',(-2.85,24.93,12.5));
#2979 = CARTESIAN_POINT('',(-2.25,-1.47,11.9));
#2980 = CARTESIAN_POINT('',(-2.85,-2.07,12.5));
#2981 = DEFINITIONAL_REPRESENTATION('',(#2982),#2986);
#2982 = LINE('',#2983,#2984);
#2983 = CARTESIAN_POINT('',(0.,1.));
#2984 = VECTOR('',#2985,1.);
#2985 = DIRECTION('',(1.,0.));
#2986 = ( GEOMETRIC_REPRESENTATION_CONTEXT(2) 
PARAMETRIC_REPRESENTATION_CONTEXT() REPRESENTATION_CONTEXT('2D SPACE',''
  ) );
#2987 = ORIENTED_EDGE('',*,*,#2988,.F.);
#2988 = EDGE_CURVE('',#2989,#2961,#2991,.T.);
#2989 = VERTEX_POINT('',#2990);
#2990 = CARTESIAN_POINT('',(-3.85,-1.9,12.5));
#2991 = SURFACE_CURVE('',#2992,(#2996,#3003),.PCURVE_S1.);
#2992 = LINE('',#2993,#2994);
#2993 = CARTESIAN_POINT('',(-3.85,-1.9,12.5));
#2994 = VECTOR('',#2995,1.);
#2995 = DIRECTION('',(1.,0.,0.));
#2996 = PCURVE('',#72,#2997);
#2997 = DEFINITIONAL_REPRESENTATION('',(#2998),#3002);
#2998 = LINE('',#2999,#3000);
#2999 = CARTESIAN_POINT('',(-3.35,-13.33));
#3000 = VECTOR('',#3001,1.);
#3001 = DIRECTION('',(1.,0.));
#3002 = ( GEOMETRIC_REPRESENTATION_CONTEXT(2) 
PARAMETRIC_REPRESENTATION_CONTEXT() REPRESENTATION_CONTEXT('2D SPACE',''
  ) );
#3003 = PCURVE('',#3004,#3009);
#3004 = B_SPLINE_SURFACE_WITH_KNOTS('',1,1,(
    (#3005,#3006)
    ,(#3007,#3008
    )),.UNSPECIFIED.,.F.,.F.,.F.,(2,2),(2,2),(0.,2.2),(0.,1.),
  .PIECEWISE_BEZIER_KNOTS.);
#3005 = CARTESIAN_POINT('',(-3.25,-1.3,11.9));
#3006 = CARTESIAN_POINT('',(-3.85,-1.9,12.5));
#3007 = CARTESIAN_POINT('',(-2.25,-1.3,11.9));
#3008 = CARTESIAN_POINT('',(-1.65,-1.9,12.5));
#3009 = DEFINITIONAL_REPRESENTATION('',(#3010),#3014);
#3010 = LINE('',#3011,#3012);
#3011 = CARTESIAN_POINT('',(0.,1.));
#3012 = VECTOR('',#3013,1.);
#3013 = DIRECTION('',(1.,0.));
#3014 = ( GEOMETRIC_REPRESENTATION_CONTEXT(2) 
PARAMETRIC_REPRESENTATION_CONTEXT() REPRESENTATION_CONTEXT('2D SPACE',''
  ) );
#3015 = ORIENTED_EDGE('',*,*,#3016,.F.);
#3016 = EDGE_CURVE('',#2821,#2989,#3017,.T.);
#3017 = SURFACE_CURVE('',#3018,(#3022,#3029),.PCURVE_S1.);
#3018 = LINE('',#3019,#3020);
#3019 = CARTESIAN_POINT('',(-3.85,1.9,12.5));
#3020 = VECTOR('',#3021,1.);
#3021 = DIRECTION('',(0.,-1.,0.));
#3022 = PCURVE('',#72,#3023);
#3023 = DEFINITIONAL_REPRESENTATION('',(#3024),#3028);
#3024 = LINE('',#3025,#3026);
#3025 = CARTESIAN_POINT('',(-3.35,-9.53));
#3026 = VECTOR('',#3027,1.);
#3027 = DIRECTION('',(0.,-1.));
#3028 = ( GEOMETRIC_REPRESENTATION_CONTEXT(2) 
PARAMETRIC_REPRESENTATION_CONTEXT() REPRESENTATION_CONTEXT('2D SPACE',''
  ) );
#3029 = PCURVE('',#3030,#3035);
#3030 = B_SPLINE_SURFACE_WITH_KNOTS('',1,1,(
    (#3031,#3032)
    ,(#3033,#3034
    )),.UNSPECIFIED.,.F.,.F.,.F.,(2,2),(2,2),(0.,3.8),(0.,1.),
  .PIECEWISE_BEZIER_KNOTS.);
#3031 = CARTESIAN_POINT('',(-3.25,1.3,11.9));
#3032 = CARTESIAN_POINT('',(-3.85,1.9,12.5));
#3033 = CARTESIAN_POINT('',(-3.25,-1.3,11.9));
#3034 = CARTESIAN_POINT('',(-3.85,-1.9,12.5));
#3035 = DEFINITIONAL_REPRESENTATION('',(#3036),#3040);
#3036 = LINE('',#3037,#3038);
#3037 = CARTESIAN_POINT('',(0.,1.));
#3038 = VECTOR('',#3039,1.);
#3039 = DIRECTION('',(1.,0.));
#3040 = ( GEOMETRIC_REPRESENTATION_CONTEXT(2) 
PARAMETRIC_REPRESENTATION_CONTEXT() REPRESENTATION_CONTEXT('2D SPACE',''
  ) );
#3041 = ADVANCED_FACE('',(#3042,#3068,#3408,#3722,#4036,#4350,#4586,
    #5044,#5320,#5426),#100,.F.);
#3042 = FACE_BOUND('',#3043,.F.);
#3043 = EDGE_LOOP('',(#3044,#3045,#3046,#3067));
#3044 = ORIENTED_EDGE('',*,*,#84,.T.);
#3045 = ORIENTED_EDGE('',*,*,#2771,.T.);
#3046 = ORIENTED_EDGE('',*,*,#3047,.F.);
#3047 = EDGE_CURVE('',#2513,#2772,#3048,.T.);
#3048 = SURFACE_CURVE('',#3049,(#3053,#3060),.PCURVE_S1.);
#3049 = LINE('',#3050,#3051);
#3050 = CARTESIAN_POINT('',(3.45,25.53,0.));
#3051 = VECTOR('',#3052,1.);
#3052 = DIRECTION('',(0.,0.,1.));
#3053 = PCURVE('',#100,#3054);
#3054 = DEFINITIONAL_REPRESENTATION('',(#3055),#3059);
#3055 = LINE('',#3056,#3057);
#3056 = CARTESIAN_POINT('',(28.2,0.));
#3057 = VECTOR('',#3058,1.);
#3058 = DIRECTION('',(0.,-1.));
#3059 = ( GEOMETRIC_REPRESENTATION_CONTEXT(2) 
PARAMETRIC_REPRESENTATION_CONTEXT() REPRESENTATION_CONTEXT('2D SPACE',''
  ) );
#3060 = PCURVE('',#2453,#3061);
#3061 = DEFINITIONAL_REPRESENTATION('',(#3062),#3066);
#3062 = LINE('',#3063,#3064);
#3063 = CARTESIAN_POINT('',(0.,-0.));
#3064 = VECTOR('',#3065,1.);
#3065 = DIRECTION('',(0.,-1.));
#3066 = ( GEOMETRIC_REPRESENTATION_CONTEXT(2) 
PARAMETRIC_REPRESENTATION_CONTEXT() REPRESENTATION_CONTEXT('2D SPACE',''
  ) );
#3067 = ORIENTED_EDGE('',*,*,#2512,.F.);
#3068 = FACE_BOUND('',#3069,.F.);
#3069 = EDGE_LOOP('',(#3070,#3098,#3124,#3150,#3176,#3202,#3228,#3254,
    #3280,#3306,#3332,#3358,#3384));
#3070 = ORIENTED_EDGE('',*,*,#3071,.F.);
#3071 = EDGE_CURVE('',#3072,#3074,#3076,.T.);
#3072 = VERTEX_POINT('',#3073);
#3073 = CARTESIAN_POINT('',(3.45,1.501142578125,4.862646484375));
#3074 = VERTEX_POINT('',#3075);
#3075 = CARTESIAN_POINT('',(3.45,0.842841796875,4.862646484375));
#3076 = SURFACE_CURVE('',#3077,(#3081,#3087),.PCURVE_S1.);
#3077 = LINE('',#3078,#3079);
#3078 = CARTESIAN_POINT('',(3.45,-0.584428710937,4.862646484375));
#3079 = VECTOR('',#3080,1.);
#3080 = DIRECTION('',(-0.,-1.,-0.));
#3081 = PCURVE('',#100,#3082);
#3082 = DEFINITIONAL_REPRESENTATION('',(#3083),#3086);
#3083 = B_SPLINE_CURVE_WITH_KNOTS('',1,(#3084,#3085),.UNSPECIFIED.,.F.,
  .F.,(2,2),(-2.085571289062,-1.427270507812),.PIECEWISE_BEZIER_KNOTS.);
#3084 = CARTESIAN_POINT('',(4.171142578125,-4.862646484375));
#3085 = CARTESIAN_POINT('',(3.512841796875,-4.862646484375));
#3086 = ( GEOMETRIC_REPRESENTATION_CONTEXT(2) 
PARAMETRIC_REPRESENTATION_CONTEXT() REPRESENTATION_CONTEXT('2D SPACE',''
  ) );
#3087 = PCURVE('',#3088,#3093);
#3088 = PLANE('',#3089);
#3089 = AXIS2_PLACEMENT_3D('',#3090,#3091,#3092);
#3090 = CARTESIAN_POINT('',(3.25,1.501142578125,4.862646484375));
#3091 = DIRECTION('',(0.,0.,-1.));
#3092 = DIRECTION('',(0.,-1.,0.));
#3093 = DEFINITIONAL_REPRESENTATION('',(#3094),#3097);
#3094 = B_SPLINE_CURVE_WITH_KNOTS('',1,(#3095,#3096),.UNSPECIFIED.,.F.,
  .F.,(2,2),(-2.085571289062,-1.427270507812),.PIECEWISE_BEZIER_KNOTS.);
#3095 = CARTESIAN_POINT('',(0.,-0.2));
#3096 = CARTESIAN_POINT('',(0.65830078125,-0.2));
#3097 = ( GEOMETRIC_REPRESENTATION_CONTEXT(2) 
PARAMETRIC_REPRESENTATION_CONTEXT() REPRESENTATION_CONTEXT('2D SPACE',''
  ) );
#3098 = ORIENTED_EDGE('',*,*,#3099,.F.);
#3099 = EDGE_CURVE('',#3100,#3072,#3102,.T.);
#3100 = VERTEX_POINT('',#3101);
#3101 = CARTESIAN_POINT('',(3.45,2.097919921875,7.110302734375));
#3102 = SURFACE_CURVE('',#3103,(#3107,#3113),.PCURVE_S1.);
#3103 = LINE('',#3104,#3105);
#3104 = CARTESIAN_POINT('',(3.45,1.059157198346,3.197986772219));
#3105 = VECTOR('',#3106,1.);
#3106 = DIRECTION('',(-0.,-0.25661964357,-0.966512472001));
#3107 = PCURVE('',#100,#3108);
#3108 = DEFINITIONAL_REPRESENTATION('',(#3109),#3112);
#3109 = B_SPLINE_CURVE_WITH_KNOTS('',1,(#3110,#3111),.UNSPECIFIED.,.F.,
  .F.,(2,2),(-4.0478690917,-1.722336504059),.PIECEWISE_BEZIER_KNOTS.);
#3110 = CARTESIAN_POINT('',(4.767919921875,-7.110302734375));
#3111 = CARTESIAN_POINT('',(4.171142578125,-4.862646484375));
#3112 = ( GEOMETRIC_REPRESENTATION_CONTEXT(2) 
PARAMETRIC_REPRESENTATION_CONTEXT() REPRESENTATION_CONTEXT('2D SPACE',''
  ) );
#3113 = PCURVE('',#3114,#3119);
#3114 = PLANE('',#3115);
#3115 = AXIS2_PLACEMENT_3D('',#3116,#3117,#3118);
#3116 = CARTESIAN_POINT('',(3.25,2.097919921875,7.110302734375));
#3117 = DIRECTION('',(0.,0.966512472001,-0.25661964357));
#3118 = DIRECTION('',(0.,-0.25661964357,-0.966512472001));
#3119 = DEFINITIONAL_REPRESENTATION('',(#3120),#3123);
#3120 = B_SPLINE_CURVE_WITH_KNOTS('',1,(#3121,#3122),.UNSPECIFIED.,.F.,
  .F.,(2,2),(-4.0478690917,-1.722336504059),.PIECEWISE_BEZIER_KNOTS.);
#3121 = CARTESIAN_POINT('',(0.,-0.2));
#3122 = CARTESIAN_POINT('',(2.32553258764,-0.2));
#3123 = ( GEOMETRIC_REPRESENTATION_CONTEXT(2) 
PARAMETRIC_REPRESENTATION_CONTEXT() REPRESENTATION_CONTEXT('2D SPACE',''
  ) );
#3124 = ORIENTED_EDGE('',*,*,#3125,.F.);
#3125 = EDGE_CURVE('',#3126,#3100,#3128,.T.);
#3126 = VERTEX_POINT('',#3127);
#3127 = CARTESIAN_POINT('',(3.45,2.696748046875,4.862646484375));
#3128 = SURFACE_CURVE('',#3129,(#3133,#3139),.PCURVE_S1.);
#3129 = LINE('',#3130,#3131);
#3130 = CARTESIAN_POINT('',(3.45,3.123731783202,3.259995200081));
#3131 = VECTOR('',#3132,1.);
#3132 = DIRECTION('',(0.,-0.25744314484,0.966293447755));
#3133 = PCURVE('',#100,#3134);
#3134 = DEFINITIONAL_REPRESENTATION('',(#3135),#3138);
#3135 = B_SPLINE_CURVE_WITH_KNOTS('',1,(#3136,#3137),.UNSPECIFIED.,.F.,
  .F.,(2,2),(1.658555470926,3.984615173826),.PIECEWISE_BEZIER_KNOTS.);
#3136 = CARTESIAN_POINT('',(5.366748046875,-4.862646484375));
#3137 = CARTESIAN_POINT('',(4.767919921875,-7.110302734375));
#3138 = ( GEOMETRIC_REPRESENTATION_CONTEXT(2) 
PARAMETRIC_REPRESENTATION_CONTEXT() REPRESENTATION_CONTEXT('2D SPACE',''
  ) );
#3139 = PCURVE('',#3140,#3145);
#3140 = PLANE('',#3141);
#3141 = AXIS2_PLACEMENT_3D('',#3142,#3143,#3144);
#3142 = CARTESIAN_POINT('',(3.25,2.696748046875,4.862646484375));
#3143 = DIRECTION('',(0.,-0.966293447755,-0.25744314484));
#3144 = DIRECTION('',(0.,-0.25744314484,0.966293447755));
#3145 = DEFINITIONAL_REPRESENTATION('',(#3146),#3149);
#3146 = B_SPLINE_CURVE_WITH_KNOTS('',1,(#3147,#3148),.UNSPECIFIED.,.F.,
  .F.,(2,2),(1.658555470926,3.984615173826),.PIECEWISE_BEZIER_KNOTS.);
#3147 = CARTESIAN_POINT('',(0.,-0.2));
#3148 = CARTESIAN_POINT('',(2.3260597029,-0.2));
#3149 = ( GEOMETRIC_REPRESENTATION_CONTEXT(2) 
PARAMETRIC_REPRESENTATION_CONTEXT() REPRESENTATION_CONTEXT('2D SPACE',''
  ) );
#3150 = ORIENTED_EDGE('',*,*,#3151,.F.);
#3151 = EDGE_CURVE('',#3152,#3126,#3154,.T.);
#3152 = VERTEX_POINT('',#3153);
#3153 = CARTESIAN_POINT('',(3.45,3.340693359375,4.862646484375));
#3154 = SURFACE_CURVE('',#3155,(#3159,#3165),.PCURVE_S1.);
#3155 = LINE('',#3156,#3157);
#3156 = CARTESIAN_POINT('',(3.45,0.335346679688,4.862646484375));
#3157 = VECTOR('',#3158,1.);
#3158 = DIRECTION('',(-0.,-1.,-0.));
#3159 = PCURVE('',#100,#3160);
#3160 = DEFINITIONAL_REPRESENTATION('',(#3161),#3164);
#3161 = B_SPLINE_CURVE_WITH_KNOTS('',1,(#3162,#3163),.UNSPECIFIED.,.F.,
  .F.,(2,2),(-3.005346679687,-2.361401367187),.PIECEWISE_BEZIER_KNOTS.);
#3162 = CARTESIAN_POINT('',(6.010693359375,-4.862646484375));
#3163 = CARTESIAN_POINT('',(5.366748046875,-4.862646484375));
#3164 = ( GEOMETRIC_REPRESENTATION_CONTEXT(2) 
PARAMETRIC_REPRESENTATION_CONTEXT() REPRESENTATION_CONTEXT('2D SPACE',''
  ) );
#3165 = PCURVE('',#3166,#3171);
#3166 = PLANE('',#3167);
#3167 = AXIS2_PLACEMENT_3D('',#3168,#3169,#3170);
#3168 = CARTESIAN_POINT('',(3.25,3.340693359375,4.862646484375));
#3169 = DIRECTION('',(0.,0.,-1.));
#3170 = DIRECTION('',(0.,-1.,0.));
#3171 = DEFINITIONAL_REPRESENTATION('',(#3172),#3175);
#3172 = B_SPLINE_CURVE_WITH_KNOTS('',1,(#3173,#3174),.UNSPECIFIED.,.F.,
  .F.,(2,2),(-3.005346679687,-2.361401367187),.PIECEWISE_BEZIER_KNOTS.);
#3173 = CARTESIAN_POINT('',(0.,-0.2));
#3174 = CARTESIAN_POINT('',(0.6439453125,-0.2));
#3175 = ( GEOMETRIC_REPRESENTATION_CONTEXT(2) 
PARAMETRIC_REPRESENTATION_CONTEXT() REPRESENTATION_CONTEXT('2D SPACE',''
  ) );
#3176 = ORIENTED_EDGE('',*,*,#3177,.F.);
#3177 = EDGE_CURVE('',#3178,#3152,#3180,.T.);
#3178 = VERTEX_POINT('',#3179);
#3179 = CARTESIAN_POINT('',(3.45,4.070771484375,7.869091796875));
#3180 = SURFACE_CURVE('',#3181,(#3185,#3191),.PCURVE_S1.);
#3181 = LINE('',#3182,#3183);
#3182 = CARTESIAN_POINT('',(3.45,2.980837087825,3.38076644479));
#3183 = VECTOR('',#3184,1.);
#3184 = DIRECTION('',(-0.,-0.235979443901,-0.971758047076));
#3185 = PCURVE('',#100,#3186);
#3186 = DEFINITIONAL_REPRESENTATION('',(#3187),#3190);
#3187 = B_SPLINE_CURVE_WITH_KNOTS('',1,(#3188,#3189),.UNSPECIFIED.,.F.,
  .F.,(2,2),(-4.618768391568,-1.524947536112),.PIECEWISE_BEZIER_KNOTS.);
#3188 = CARTESIAN_POINT('',(6.740771484375,-7.869091796875));
#3189 = CARTESIAN_POINT('',(6.010693359375,-4.862646484375));
#3190 = ( GEOMETRIC_REPRESENTATION_CONTEXT(2) 
PARAMETRIC_REPRESENTATION_CONTEXT() REPRESENTATION_CONTEXT('2D SPACE',''
  ) );
#3191 = PCURVE('',#3192,#3197);
#3192 = PLANE('',#3193);
#3193 = AXIS2_PLACEMENT_3D('',#3194,#3195,#3196);
#3194 = CARTESIAN_POINT('',(3.25,4.070771484375,7.869091796875));
#3195 = DIRECTION('',(0.,0.971758047076,-0.235979443901));
#3196 = DIRECTION('',(0.,-0.235979443901,-0.971758047076));
#3197 = DEFINITIONAL_REPRESENTATION('',(#3198),#3201);
#3198 = B_SPLINE_CURVE_WITH_KNOTS('',1,(#3199,#3200),.UNSPECIFIED.,.F.,
  .F.,(2,2),(-4.618768391568,-1.524947536112),.PIECEWISE_BEZIER_KNOTS.);
#3199 = CARTESIAN_POINT('',(0.,-0.2));
#3200 = CARTESIAN_POINT('',(3.093820855456,-0.2));
#3201 = ( GEOMETRIC_REPRESENTATION_CONTEXT(2) 
PARAMETRIC_REPRESENTATION_CONTEXT() REPRESENTATION_CONTEXT('2D SPACE',''
  ) );
#3202 = ORIENTED_EDGE('',*,*,#3203,.F.);
#3203 = EDGE_CURVE('',#3204,#3178,#3206,.T.);
#3204 = VERTEX_POINT('',#3205);
#3205 = CARTESIAN_POINT('',(3.45,3.459638671875,7.869091796875));
#3206 = SURFACE_CURVE('',#3207,(#3211,#3217),.PCURVE_S1.);
#3207 = LINE('',#3208,#3209);
#3208 = CARTESIAN_POINT('',(3.45,0.394819335938,7.869091796875));
#3209 = VECTOR('',#3210,1.);
#3210 = DIRECTION('',(0.,1.,-0.));
#3211 = PCURVE('',#100,#3212);
#3212 = DEFINITIONAL_REPRESENTATION('',(#3213),#3216);
#3213 = B_SPLINE_CURVE_WITH_KNOTS('',1,(#3214,#3215),.UNSPECIFIED.,.F.,
  .F.,(2,2),(3.064819335937,3.675952148437),.PIECEWISE_BEZIER_KNOTS.);
#3214 = CARTESIAN_POINT('',(6.129638671875,-7.869091796875));
#3215 = CARTESIAN_POINT('',(6.740771484375,-7.869091796875));
#3216 = ( GEOMETRIC_REPRESENTATION_CONTEXT(2) 
PARAMETRIC_REPRESENTATION_CONTEXT() REPRESENTATION_CONTEXT('2D SPACE',''
  ) );
#3217 = PCURVE('',#3218,#3223);
#3218 = PLANE('',#3219);
#3219 = AXIS2_PLACEMENT_3D('',#3220,#3221,#3222);
#3220 = CARTESIAN_POINT('',(3.25,3.459638671875,7.869091796875));
#3221 = DIRECTION('',(0.,0.,1.));
#3222 = DIRECTION('',(0.,1.,0.));
#3223 = DEFINITIONAL_REPRESENTATION('',(#3224),#3227);
#3224 = B_SPLINE_CURVE_WITH_KNOTS('',1,(#3225,#3226),.UNSPECIFIED.,.F.,
  .F.,(2,2),(3.064819335937,3.675952148437),.PIECEWISE_BEZIER_KNOTS.);
#3225 = CARTESIAN_POINT('',(0.,-0.2));
#3226 = CARTESIAN_POINT('',(0.6111328125,-0.2));
#3227 = ( GEOMETRIC_REPRESENTATION_CONTEXT(2) 
PARAMETRIC_REPRESENTATION_CONTEXT() REPRESENTATION_CONTEXT('2D SPACE',''
  ) );
#3228 = ORIENTED_EDGE('',*,*,#3229,.F.);
#3229 = EDGE_CURVE('',#3230,#3204,#3232,.T.);
#3230 = VERTEX_POINT('',#3231);
#3231 = CARTESIAN_POINT('',(3.45,2.998212890625,5.769091796875));
#3232 = SURFACE_CURVE('',#3233,(#3237,#3243),.PCURVE_S1.);
#3233 = LINE('',#3234,#3235);
#3234 = CARTESIAN_POINT('',(3.45,2.263064347461,2.423349093766));
#3235 = VECTOR('',#3236,1.);
#3236 = DIRECTION('',(0.,0.214607038113,0.976700475679));
#3237 = PCURVE('',#100,#3238);
#3238 = DEFINITIONAL_REPRESENTATION('',(#3239),#3242);
#3239 = B_SPLINE_CURVE_WITH_KNOTS('',1,(#3240,#3241),.UNSPECIFIED.,.F.,
  .F.,(2,2),(3.425556541049,5.575652760199),.PIECEWISE_BEZIER_KNOTS.);
#3240 = CARTESIAN_POINT('',(5.668212890625,-5.769091796875));
#3241 = CARTESIAN_POINT('',(6.129638671875,-7.869091796875));
#3242 = ( GEOMETRIC_REPRESENTATION_CONTEXT(2) 
PARAMETRIC_REPRESENTATION_CONTEXT() REPRESENTATION_CONTEXT('2D SPACE',''
  ) );
#3243 = PCURVE('',#3244,#3249);
#3244 = PLANE('',#3245);
#3245 = AXIS2_PLACEMENT_3D('',#3246,#3247,#3248);
#3246 = CARTESIAN_POINT('',(3.25,2.998212890625,5.769091796875));
#3247 = DIRECTION('',(0.,-0.976700475679,0.214607038113));
#3248 = DIRECTION('',(0.,0.214607038113,0.976700475679));
#3249 = DEFINITIONAL_REPRESENTATION('',(#3250),#3253);
#3250 = B_SPLINE_CURVE_WITH_KNOTS('',1,(#3251,#3252),.UNSPECIFIED.,.F.,
  .F.,(2,2),(3.425556541049,5.575652760199),.PIECEWISE_BEZIER_KNOTS.);
#3251 = CARTESIAN_POINT('',(0.,-0.2));
#3252 = CARTESIAN_POINT('',(2.15009621915,-0.2));
#3253 = ( GEOMETRIC_REPRESENTATION_CONTEXT(2) 
PARAMETRIC_REPRESENTATION_CONTEXT() REPRESENTATION_CONTEXT('2D SPACE',''
  ) );
#3254 = ORIENTED_EDGE('',*,*,#3255,.F.);
#3255 = EDGE_CURVE('',#3256,#3230,#3258,.T.);
#3256 = VERTEX_POINT('',#3257);
#3257 = CARTESIAN_POINT('',(3.45,2.471162109375,7.869091796875));
#3258 = SURFACE_CURVE('',#3259,(#3263,#3269),.PCURVE_S1.);
#3259 = LINE('',#3260,#3261);
#3260 = CARTESIAN_POINT('',(3.45,3.247802025866,4.774619911712));
#3261 = VECTOR('',#3262,1.);
#3262 = DIRECTION('',(0.,0.243426992513,-0.969919223088));
#3263 = PCURVE('',#100,#3264);
#3264 = DEFINITIONAL_REPRESENTATION('',(#3265),#3268);
#3265 = B_SPLINE_CURVE_WITH_KNOTS('',1,(#3266,#3267),.UNSPECIFIED.,.F.,
  .F.,(2,2),(-3.190442885863,-1.025314130796),.PIECEWISE_BEZIER_KNOTS.);
#3266 = CARTESIAN_POINT('',(5.141162109375,-7.869091796875));
#3267 = CARTESIAN_POINT('',(5.668212890625,-5.769091796875));
#3268 = ( GEOMETRIC_REPRESENTATION_CONTEXT(2) 
PARAMETRIC_REPRESENTATION_CONTEXT() REPRESENTATION_CONTEXT('2D SPACE',''
  ) );
#3269 = PCURVE('',#3270,#3275);
#3270 = PLANE('',#3271);
#3271 = AXIS2_PLACEMENT_3D('',#3272,#3273,#3274);
#3272 = CARTESIAN_POINT('',(3.25,2.471162109375,7.869091796875));
#3273 = DIRECTION('',(0.,0.969919223088,0.243426992513));
#3274 = DIRECTION('',(0.,0.243426992513,-0.969919223088));
#3275 = DEFINITIONAL_REPRESENTATION('',(#3276),#3279);
#3276 = B_SPLINE_CURVE_WITH_KNOTS('',1,(#3277,#3278),.UNSPECIFIED.,.F.,
  .F.,(2,2),(-3.190442885863,-1.025314130796),.PIECEWISE_BEZIER_KNOTS.);
#3277 = CARTESIAN_POINT('',(0.,-0.2));
#3278 = CARTESIAN_POINT('',(2.165128755067,-0.2));
#3279 = ( GEOMETRIC_REPRESENTATION_CONTEXT(2) 
PARAMETRIC_REPRESENTATION_CONTEXT() REPRESENTATION_CONTEXT('2D SPACE',''
  ) );
#3280 = ORIENTED_EDGE('',*,*,#3281,.F.);
#3281 = EDGE_CURVE('',#3282,#3256,#3284,.T.);
#3282 = VERTEX_POINT('',#3283);
#3283 = CARTESIAN_POINT('',(3.45,1.749287109375,7.869091796875));
#3284 = SURFACE_CURVE('',#3285,(#3289,#3295),.PCURVE_S1.);
#3285 = LINE('',#3286,#3287);
#3286 = CARTESIAN_POINT('',(3.45,-0.460356445312,7.869091796875));
#3287 = VECTOR('',#3288,1.);
#3288 = DIRECTION('',(0.,1.,-0.));
#3289 = PCURVE('',#100,#3290);
#3290 = DEFINITIONAL_REPRESENTATION('',(#3291),#3294);
#3291 = B_SPLINE_CURVE_WITH_KNOTS('',1,(#3292,#3293),.UNSPECIFIED.,.F.,
  .F.,(2,2),(2.209643554687,2.931518554687),.PIECEWISE_BEZIER_KNOTS.);
#3292 = CARTESIAN_POINT('',(4.419287109375,-7.869091796875));
#3293 = CARTESIAN_POINT('',(5.141162109375,-7.869091796875));
#3294 = ( GEOMETRIC_REPRESENTATION_CONTEXT(2) 
PARAMETRIC_REPRESENTATION_CONTEXT() REPRESENTATION_CONTEXT('2D SPACE',''
  ) );
#3295 = PCURVE('',#3296,#3301);
#3296 = PLANE('',#3297);
#3297 = AXIS2_PLACEMENT_3D('',#3298,#3299,#3300);
#3298 = CARTESIAN_POINT('',(3.25,1.749287109375,7.869091796875));
#3299 = DIRECTION('',(0.,0.,1.));
#3300 = DIRECTION('',(0.,1.,0.));
#3301 = DEFINITIONAL_REPRESENTATION('',(#3302),#3305);
#3302 = B_SPLINE_CURVE_WITH_KNOTS('',1,(#3303,#3304),.UNSPECIFIED.,.F.,
  .F.,(2,2),(2.209643554687,2.931518554687),.PIECEWISE_BEZIER_KNOTS.);
#3303 = CARTESIAN_POINT('',(0.,-0.2));
#3304 = CARTESIAN_POINT('',(0.721875,-0.2));
#3305 = ( GEOMETRIC_REPRESENTATION_CONTEXT(2) 
PARAMETRIC_REPRESENTATION_CONTEXT() REPRESENTATION_CONTEXT('2D SPACE',''
  ) );
#3306 = ORIENTED_EDGE('',*,*,#3307,.F.);
#3307 = EDGE_CURVE('',#3308,#3282,#3310,.T.);
#3308 = VERTEX_POINT('',#3309);
#3309 = CARTESIAN_POINT('',(3.45,1.199677734375,5.803955078125));
#3310 = SURFACE_CURVE('',#3311,(#3315,#3321),.PCURVE_S1.);
#3311 = LINE('',#3312,#3313);
#3312 = CARTESIAN_POINT('',(3.45,0.350460600208,2.6130533837));
#3313 = VECTOR('',#3314,1.);
#3314 = DIRECTION('',(0.,0.257184787653,0.966362243157));
#3315 = PCURVE('',#100,#3316);
#3316 = DEFINITIONAL_REPRESENTATION('',(#3317),#3320);
#3317 = B_SPLINE_CURVE_WITH_KNOTS('',1,(#3318,#3319),.UNSPECIFIED.,.F.,
  .F.,(2,2),(3.30197264744,5.438993969799),.PIECEWISE_BEZIER_KNOTS.);
#3318 = CARTESIAN_POINT('',(3.869677734375,-5.803955078125));
#3319 = CARTESIAN_POINT('',(4.419287109375,-7.869091796875));
#3320 = ( GEOMETRIC_REPRESENTATION_CONTEXT(2) 
PARAMETRIC_REPRESENTATION_CONTEXT() REPRESENTATION_CONTEXT('2D SPACE',''
  ) );
#3321 = PCURVE('',#3322,#3327);
#3322 = PLANE('',#3323);
#3323 = AXIS2_PLACEMENT_3D('',#3324,#3325,#3326);
#3324 = CARTESIAN_POINT('',(3.25,1.199677734375,5.803955078125));
#3325 = DIRECTION('',(0.,-0.966362243157,0.257184787653));
#3326 = DIRECTION('',(0.,0.257184787653,0.966362243157));
#3327 = DEFINITIONAL_REPRESENTATION('',(#3328),#3331);
#3328 = B_SPLINE_CURVE_WITH_KNOTS('',1,(#3329,#3330),.UNSPECIFIED.,.F.,
  .F.,(2,2),(3.30197264744,5.438993969799),.PIECEWISE_BEZIER_KNOTS.);
#3329 = CARTESIAN_POINT('',(0.,-0.2));
#3330 = CARTESIAN_POINT('',(2.137021322359,-0.2));
#3331 = ( GEOMETRIC_REPRESENTATION_CONTEXT(2) 
PARAMETRIC_REPRESENTATION_CONTEXT() REPRESENTATION_CONTEXT('2D SPACE',''
  ) );
#3332 = ORIENTED_EDGE('',*,*,#3333,.F.);
#3333 = EDGE_CURVE('',#3334,#3308,#3336,.T.);
#3334 = VERTEX_POINT('',#3335);
#3335 = CARTESIAN_POINT('',(3.45,0.746455078125,7.869091796875));
#3336 = SURFACE_CURVE('',#3337,(#3341,#3347),.PCURVE_S1.);
#3337 = LINE('',#3338,#3339);
#3338 = CARTESIAN_POINT('',(3.45,1.49177194518,4.473009963732));
#3339 = VECTOR('',#3340,1.);
#3340 = DIRECTION('',(0.,0.214362154382,-0.97675425096));
#3341 = PCURVE('',#100,#3342);
#3342 = DEFINITIONAL_REPRESENTATION('',(#3343),#3346);
#3343 = B_SPLINE_CURVE_WITH_KNOTS('',1,(#3344,#3345),.UNSPECIFIED.,.F.,
  .F.,(2,2),(-3.47690509645,-1.362620242588),.PIECEWISE_BEZIER_KNOTS.);
#3344 = CARTESIAN_POINT('',(3.416455078125,-7.869091796875));
#3345 = CARTESIAN_POINT('',(3.869677734375,-5.803955078125));
#3346 = ( GEOMETRIC_REPRESENTATION_CONTEXT(2) 
PARAMETRIC_REPRESENTATION_CONTEXT() REPRESENTATION_CONTEXT('2D SPACE',''
  ) );
#3347 = PCURVE('',#3348,#3353);
#3348 = PLANE('',#3349);
#3349 = AXIS2_PLACEMENT_3D('',#3350,#3351,#3352);
#3350 = CARTESIAN_POINT('',(3.25,0.746455078125,7.869091796875));
#3351 = DIRECTION('',(0.,0.97675425096,0.214362154382));
#3352 = DIRECTION('',(0.,0.214362154382,-0.97675425096));
#3353 = DEFINITIONAL_REPRESENTATION('',(#3354),#3357);
#3354 = B_SPLINE_CURVE_WITH_KNOTS('',1,(#3355,#3356),.UNSPECIFIED.,.F.,
  .F.,(2,2),(-3.47690509645,-1.362620242588),.PIECEWISE_BEZIER_KNOTS.);
#3355 = CARTESIAN_POINT('',(0.,-0.2));
#3356 = CARTESIAN_POINT('',(2.114284853861,-0.2));
#3357 = ( GEOMETRIC_REPRESENTATION_CONTEXT(2) 
PARAMETRIC_REPRESENTATION_CONTEXT() REPRESENTATION_CONTEXT('2D SPACE',''
  ) );
#3358 = ORIENTED_EDGE('',*,*,#3359,.F.);
#3359 = EDGE_CURVE('',#3360,#3334,#3362,.T.);
#3360 = VERTEX_POINT('',#3361);
#3361 = CARTESIAN_POINT('',(3.45,0.125068359375,7.869091796875));
#3362 = SURFACE_CURVE('',#3363,(#3367,#3373),.PCURVE_S1.);
#3363 = LINE('',#3364,#3365);
#3364 = CARTESIAN_POINT('',(3.45,-1.272465820312,7.869091796875));
#3365 = VECTOR('',#3366,1.);
#3366 = DIRECTION('',(0.,1.,-0.));
#3367 = PCURVE('',#100,#3368);
#3368 = DEFINITIONAL_REPRESENTATION('',(#3369),#3372);
#3369 = B_SPLINE_CURVE_WITH_KNOTS('',1,(#3370,#3371),.UNSPECIFIED.,.F.,
  .F.,(2,2),(1.397534179687,2.018920898437),.PIECEWISE_BEZIER_KNOTS.);
#3370 = CARTESIAN_POINT('',(2.795068359375,-7.869091796875));
#3371 = CARTESIAN_POINT('',(3.416455078125,-7.869091796875));
#3372 = ( GEOMETRIC_REPRESENTATION_CONTEXT(2) 
PARAMETRIC_REPRESENTATION_CONTEXT() REPRESENTATION_CONTEXT('2D SPACE',''
  ) );
#3373 = PCURVE('',#3374,#3379);
#3374 = PLANE('',#3375);
#3375 = AXIS2_PLACEMENT_3D('',#3376,#3377,#3378);
#3376 = CARTESIAN_POINT('',(3.25,0.125068359375,7.869091796875));
#3377 = DIRECTION('',(0.,0.,1.));
#3378 = DIRECTION('',(0.,1.,0.));
#3379 = DEFINITIONAL_REPRESENTATION('',(#3380),#3383);
#3380 = B_SPLINE_CURVE_WITH_KNOTS('',1,(#3381,#3382),.UNSPECIFIED.,.F.,
  .F.,(2,2),(1.397534179687,2.018920898437),.PIECEWISE_BEZIER_KNOTS.);
#3381 = CARTESIAN_POINT('',(0.,-0.2));
#3382 = CARTESIAN_POINT('',(0.62138671875,-0.2));
#3383 = ( GEOMETRIC_REPRESENTATION_CONTEXT(2) 
PARAMETRIC_REPRESENTATION_CONTEXT() REPRESENTATION_CONTEXT('2D SPACE',''
  ) );
#3384 = ORIENTED_EDGE('',*,*,#3385,.F.);
#3385 = EDGE_CURVE('',#3074,#3360,#3386,.T.);
#3386 = SURFACE_CURVE('',#3387,(#3391,#3397),.PCURVE_S1.);
#3387 = LINE('',#3388,#3389);
#3388 = CARTESIAN_POINT('',(3.45,1.297290179688,2.959156972363));
#3389 = VECTOR('',#3390,1.);
#3390 = DIRECTION('',(0.,-0.232218471025,0.972663652922));
#3391 = PCURVE('',#100,#3392);
#3392 = DEFINITIONAL_REPRESENTATION('',(#3393),#3396);
#3393 = B_SPLINE_CURVE_WITH_KNOTS('',1,(#3394,#3395),.UNSPECIFIED.,.F.,
  .F.,(2,2),(1.956986370668,5.047926700832),.PIECEWISE_BEZIER_KNOTS.);
#3394 = CARTESIAN_POINT('',(3.512841796875,-4.862646484375));
#3395 = CARTESIAN_POINT('',(2.795068359375,-7.869091796875));
#3396 = ( GEOMETRIC_REPRESENTATION_CONTEXT(2) 
PARAMETRIC_REPRESENTATION_CONTEXT() REPRESENTATION_CONTEXT('2D SPACE',''
  ) );
#3397 = PCURVE('',#3398,#3403);
#3398 = PLANE('',#3399);
#3399 = AXIS2_PLACEMENT_3D('',#3400,#3401,#3402);
#3400 = CARTESIAN_POINT('',(3.25,0.842841796875,4.862646484375));
#3401 = DIRECTION('',(0.,-0.972663652922,-0.232218471025));
#3402 = DIRECTION('',(0.,-0.232218471025,0.972663652922));
#3403 = DEFINITIONAL_REPRESENTATION('',(#3404),#3407);
#3404 = B_SPLINE_CURVE_WITH_KNOTS('',1,(#3405,#3406),.UNSPECIFIED.,.F.,
  .F.,(2,2),(1.956986370668,5.047926700832),.PIECEWISE_BEZIER_KNOTS.);
#3405 = CARTESIAN_POINT('',(0.,-0.2));
#3406 = CARTESIAN_POINT('',(3.090940330164,-0.2));
#3407 = ( GEOMETRIC_REPRESENTATION_CONTEXT(2) 
PARAMETRIC_REPRESENTATION_CONTEXT() REPRESENTATION_CONTEXT('2D SPACE',''
  ) );
#3408 = FACE_BOUND('',#3409,.F.);
#3409 = EDGE_LOOP('',(#3410,#3438,#3464,#3490,#3516,#3542,#3568,#3594,
    #3620,#3646,#3672,#3698));
#3410 = ORIENTED_EDGE('',*,*,#3411,.F.);
#3411 = EDGE_CURVE('',#3412,#3414,#3416,.T.);
#3412 = VERTEX_POINT('',#3413);
#3413 = CARTESIAN_POINT('',(3.45,4.989521484375,4.862646484375));
#3414 = VERTEX_POINT('',#3415);
#3415 = CARTESIAN_POINT('',(3.45,4.382490234375,4.862646484375));
#3416 = SURFACE_CURVE('',#3417,(#3421,#3427),.PCURVE_S1.);
#3417 = LINE('',#3418,#3419);
#3418 = CARTESIAN_POINT('',(3.45,1.159760742188,4.862646484375));
#3419 = VECTOR('',#3420,1.);
#3420 = DIRECTION('',(-0.,-1.,-0.));
#3421 = PCURVE('',#100,#3422);
#3422 = DEFINITIONAL_REPRESENTATION('',(#3423),#3426);
#3423 = B_SPLINE_CURVE_WITH_KNOTS('',1,(#3424,#3425),.UNSPECIFIED.,.F.,
  .F.,(2,2),(-3.829760742187,-3.222729492187),.PIECEWISE_BEZIER_KNOTS.);
#3424 = CARTESIAN_POINT('',(7.659521484375,-4.862646484375));
#3425 = CARTESIAN_POINT('',(7.052490234375,-4.862646484375));
#3426 = ( GEOMETRIC_REPRESENTATION_CONTEXT(2) 
PARAMETRIC_REPRESENTATION_CONTEXT() REPRESENTATION_CONTEXT('2D SPACE',''
  ) );
#3427 = PCURVE('',#3428,#3433);
#3428 = PLANE('',#3429);
#3429 = AXIS2_PLACEMENT_3D('',#3430,#3431,#3432);
#3430 = CARTESIAN_POINT('',(3.25,4.989521484375,4.862646484375));
#3431 = DIRECTION('',(0.,0.,-1.));
#3432 = DIRECTION('',(0.,-1.,0.));
#3433 = DEFINITIONAL_REPRESENTATION('',(#3434),#3437);
#3434 = B_SPLINE_CURVE_WITH_KNOTS('',1,(#3435,#3436),.UNSPECIFIED.,.F.,
  .F.,(2,2),(-3.829760742187,-3.222729492187),.PIECEWISE_BEZIER_KNOTS.);
#3435 = CARTESIAN_POINT('',(0.,-0.2));
#3436 = CARTESIAN_POINT('',(0.60703125,-0.2));
#3437 = ( GEOMETRIC_REPRESENTATION_CONTEXT(2) 
PARAMETRIC_REPRESENTATION_CONTEXT() REPRESENTATION_CONTEXT('2D SPACE',''
  ) );
#3438 = ORIENTED_EDGE('',*,*,#3439,.F.);
#3439 = EDGE_CURVE('',#3440,#3412,#3442,.T.);
#3440 = VERTEX_POINT('',#3441);
#3441 = CARTESIAN_POINT('',(3.45,4.989521484375,6.177197265625));
#3442 = SURFACE_CURVE('',#3443,(#3447,#3453),.PCURVE_S1.);
#3443 = LINE('',#3444,#3445);
#3444 = CARTESIAN_POINT('',(3.45,4.989521484375,3.088598632812));
#3445 = VECTOR('',#3446,1.);
#3446 = DIRECTION('',(0.,0.,-1.));
#3447 = PCURVE('',#100,#3448);
#3448 = DEFINITIONAL_REPRESENTATION('',(#3449),#3452);
#3449 = B_SPLINE_CURVE_WITH_KNOTS('',1,(#3450,#3451),.UNSPECIFIED.,.F.,
  .F.,(2,2),(-3.088598632812,-1.774047851562),.PIECEWISE_BEZIER_KNOTS.);
#3450 = CARTESIAN_POINT('',(7.659521484375,-6.177197265625));
#3451 = CARTESIAN_POINT('',(7.659521484375,-4.862646484375));
#3452 = ( GEOMETRIC_REPRESENTATION_CONTEXT(2) 
PARAMETRIC_REPRESENTATION_CONTEXT() REPRESENTATION_CONTEXT('2D SPACE',''
  ) );
#3453 = PCURVE('',#3454,#3459);
#3454 = PLANE('',#3455);
#3455 = AXIS2_PLACEMENT_3D('',#3456,#3457,#3458);
#3456 = CARTESIAN_POINT('',(3.25,4.989521484375,6.177197265625));
#3457 = DIRECTION('',(0.,1.,0.));
#3458 = DIRECTION('',(0.,0.,-1.));
#3459 = DEFINITIONAL_REPRESENTATION('',(#3460),#3463);
#3460 = B_SPLINE_CURVE_WITH_KNOTS('',1,(#3461,#3462),.UNSPECIFIED.,.F.,
  .F.,(2,2),(-3.088598632812,-1.774047851562),.PIECEWISE_BEZIER_KNOTS.);
#3461 = CARTESIAN_POINT('',(0.,-0.2));
#3462 = CARTESIAN_POINT('',(1.31455078125,-0.2));
#3463 = ( GEOMETRIC_REPRESENTATION_CONTEXT(2) 
PARAMETRIC_REPRESENTATION_CONTEXT() REPRESENTATION_CONTEXT('2D SPACE',''
  ) );
#3464 = ORIENTED_EDGE('',*,*,#3465,.F.);
#3465 = EDGE_CURVE('',#3466,#3440,#3468,.T.);
#3466 = VERTEX_POINT('',#3467);
#3467 = CARTESIAN_POINT('',(3.45,6.178974609375,6.177197265625));
#3468 = SURFACE_CURVE('',#3469,(#3473,#3479),.PCURVE_S1.);
#3469 = LINE('',#3470,#3471);
#3470 = CARTESIAN_POINT('',(3.45,1.754487304688,6.177197265625));
#3471 = VECTOR('',#3472,1.);
#3472 = DIRECTION('',(-0.,-1.,-0.));
#3473 = PCURVE('',#100,#3474);
#3474 = DEFINITIONAL_REPRESENTATION('',(#3475),#3478);
#3475 = B_SPLINE_CURVE_WITH_KNOTS('',1,(#3476,#3477),.UNSPECIFIED.,.F.,
  .F.,(2,2),(-4.424487304687,-3.235034179687),.PIECEWISE_BEZIER_KNOTS.);
#3476 = CARTESIAN_POINT('',(8.848974609375,-6.177197265625));
#3477 = CARTESIAN_POINT('',(7.659521484375,-6.177197265625));
#3478 = ( GEOMETRIC_REPRESENTATION_CONTEXT(2) 
PARAMETRIC_REPRESENTATION_CONTEXT() REPRESENTATION_CONTEXT('2D SPACE',''
  ) );
#3479 = PCURVE('',#3480,#3485);
#3480 = PLANE('',#3481);
#3481 = AXIS2_PLACEMENT_3D('',#3482,#3483,#3484);
#3482 = CARTESIAN_POINT('',(3.25,6.178974609375,6.177197265625));
#3483 = DIRECTION('',(0.,0.,-1.));
#3484 = DIRECTION('',(0.,-1.,0.));
#3485 = DEFINITIONAL_REPRESENTATION('',(#3486),#3489);
#3486 = B_SPLINE_CURVE_WITH_KNOTS('',1,(#3487,#3488),.UNSPECIFIED.,.F.,
  .F.,(2,2),(-4.424487304687,-3.235034179687),.PIECEWISE_BEZIER_KNOTS.);
#3487 = CARTESIAN_POINT('',(0.,-0.2));
#3488 = CARTESIAN_POINT('',(1.189453125,-0.2));
#3489 = ( GEOMETRIC_REPRESENTATION_CONTEXT(2) 
PARAMETRIC_REPRESENTATION_CONTEXT() REPRESENTATION_CONTEXT('2D SPACE',''
  ) );
#3490 = ORIENTED_EDGE('',*,*,#3491,.F.);
#3491 = EDGE_CURVE('',#3492,#3466,#3494,.T.);
#3492 = VERTEX_POINT('',#3493);
#3493 = CARTESIAN_POINT('',(3.45,6.178974609375,4.862646484375));
#3494 = SURFACE_CURVE('',#3495,(#3499,#3505),.PCURVE_S1.);
#3495 = LINE('',#3496,#3497);
#3496 = CARTESIAN_POINT('',(3.45,6.178974609375,2.431323242188));
#3497 = VECTOR('',#3498,1.);
#3498 = DIRECTION('',(0.,0.,1.));
#3499 = PCURVE('',#100,#3500);
#3500 = DEFINITIONAL_REPRESENTATION('',(#3501),#3504);
#3501 = B_SPLINE_CURVE_WITH_KNOTS('',1,(#3502,#3503),.UNSPECIFIED.,.F.,
  .F.,(2,2),(2.431323242188,3.745874023438),.PIECEWISE_BEZIER_KNOTS.);
#3502 = CARTESIAN_POINT('',(8.848974609375,-4.862646484375));
#3503 = CARTESIAN_POINT('',(8.848974609375,-6.177197265625));
#3504 = ( GEOMETRIC_REPRESENTATION_CONTEXT(2) 
PARAMETRIC_REPRESENTATION_CONTEXT() REPRESENTATION_CONTEXT('2D SPACE',''
  ) );
#3505 = PCURVE('',#3506,#3511);
#3506 = PLANE('',#3507);
#3507 = AXIS2_PLACEMENT_3D('',#3508,#3509,#3510);
#3508 = CARTESIAN_POINT('',(3.25,6.178974609375,4.862646484375));
#3509 = DIRECTION('',(0.,-1.,0.));
#3510 = DIRECTION('',(0.,0.,1.));
#3511 = DEFINITIONAL_REPRESENTATION('',(#3512),#3515);
#3512 = B_SPLINE_CURVE_WITH_KNOTS('',1,(#3513,#3514),.UNSPECIFIED.,.F.,
  .F.,(2,2),(2.431323242188,3.745874023438),.PIECEWISE_BEZIER_KNOTS.);
#3513 = CARTESIAN_POINT('',(0.,-0.2));
#3514 = CARTESIAN_POINT('',(1.31455078125,-0.2));
#3515 = ( GEOMETRIC_REPRESENTATION_CONTEXT(2) 
PARAMETRIC_REPRESENTATION_CONTEXT() REPRESENTATION_CONTEXT('2D SPACE',''
  ) );
#3516 = ORIENTED_EDGE('',*,*,#3517,.F.);
#3517 = EDGE_CURVE('',#3518,#3492,#3520,.T.);
#3518 = VERTEX_POINT('',#3519);
#3519 = CARTESIAN_POINT('',(3.45,6.786005859375,4.862646484375));
#3520 = SURFACE_CURVE('',#3521,(#3525,#3531),.PCURVE_S1.);
#3521 = LINE('',#3522,#3523);
#3522 = CARTESIAN_POINT('',(3.45,2.058002929688,4.862646484375));
#3523 = VECTOR('',#3524,1.);
#3524 = DIRECTION('',(-0.,-1.,-0.));
#3525 = PCURVE('',#100,#3526);
#3526 = DEFINITIONAL_REPRESENTATION('',(#3527),#3530);
#3527 = B_SPLINE_CURVE_WITH_KNOTS('',1,(#3528,#3529),.UNSPECIFIED.,.F.,
  .F.,(2,2),(-4.728002929687,-4.120971679687),.PIECEWISE_BEZIER_KNOTS.);
#3528 = CARTESIAN_POINT('',(9.456005859375,-4.862646484375));
#3529 = CARTESIAN_POINT('',(8.848974609375,-4.862646484375));
#3530 = ( GEOMETRIC_REPRESENTATION_CONTEXT(2) 
PARAMETRIC_REPRESENTATION_CONTEXT() REPRESENTATION_CONTEXT('2D SPACE',''
  ) );
#3531 = PCURVE('',#3532,#3537);
#3532 = PLANE('',#3533);
#3533 = AXIS2_PLACEMENT_3D('',#3534,#3535,#3536);
#3534 = CARTESIAN_POINT('',(3.25,6.786005859375,4.862646484375));
#3535 = DIRECTION('',(0.,0.,-1.));
#3536 = DIRECTION('',(0.,-1.,0.));
#3537 = DEFINITIONAL_REPRESENTATION('',(#3538),#3541);
#3538 = B_SPLINE_CURVE_WITH_KNOTS('',1,(#3539,#3540),.UNSPECIFIED.,.F.,
  .F.,(2,2),(-4.728002929687,-4.120971679687),.PIECEWISE_BEZIER_KNOTS.);
#3539 = CARTESIAN_POINT('',(0.,-0.2));
#3540 = CARTESIAN_POINT('',(0.60703125,-0.2));
#3541 = ( GEOMETRIC_REPRESENTATION_CONTEXT(2) 
PARAMETRIC_REPRESENTATION_CONTEXT() REPRESENTATION_CONTEXT('2D SPACE',''
  ) );
#3542 = ORIENTED_EDGE('',*,*,#3543,.F.);
#3543 = EDGE_CURVE('',#3544,#3518,#3546,.T.);
#3544 = VERTEX_POINT('',#3545);
#3545 = CARTESIAN_POINT('',(3.45,6.786005859375,7.869091796875));
#3546 = SURFACE_CURVE('',#3547,(#3551,#3557),.PCURVE_S1.);
#3547 = LINE('',#3548,#3549);
#3548 = CARTESIAN_POINT('',(3.45,6.786005859375,3.934545898437));
#3549 = VECTOR('',#3550,1.);
#3550 = DIRECTION('',(0.,0.,-1.));
#3551 = PCURVE('',#100,#3552);
#3552 = DEFINITIONAL_REPRESENTATION('',(#3553),#3556);
#3553 = B_SPLINE_CURVE_WITH_KNOTS('',1,(#3554,#3555),.UNSPECIFIED.,.F.,
  .F.,(2,2),(-3.934545898437,-0.928100585938),.PIECEWISE_BEZIER_KNOTS.);
#3554 = CARTESIAN_POINT('',(9.456005859375,-7.869091796875));
#3555 = CARTESIAN_POINT('',(9.456005859375,-4.862646484375));
#3556 = ( GEOMETRIC_REPRESENTATION_CONTEXT(2) 
PARAMETRIC_REPRESENTATION_CONTEXT() REPRESENTATION_CONTEXT('2D SPACE',''
  ) );
#3557 = PCURVE('',#3558,#3563);
#3558 = PLANE('',#3559);
#3559 = AXIS2_PLACEMENT_3D('',#3560,#3561,#3562);
#3560 = CARTESIAN_POINT('',(3.25,6.786005859375,7.869091796875));
#3561 = DIRECTION('',(0.,1.,0.));
#3562 = DIRECTION('',(0.,0.,-1.));
#3563 = DEFINITIONAL_REPRESENTATION('',(#3564),#3567);
#3564 = B_SPLINE_CURVE_WITH_KNOTS('',1,(#3565,#3566),.UNSPECIFIED.,.F.,
  .F.,(2,2),(-3.934545898437,-0.928100585938),.PIECEWISE_BEZIER_KNOTS.);
#3565 = CARTESIAN_POINT('',(0.,-0.2));
#3566 = CARTESIAN_POINT('',(3.0064453125,-0.2));
#3567 = ( GEOMETRIC_REPRESENTATION_CONTEXT(2) 
PARAMETRIC_REPRESENTATION_CONTEXT() REPRESENTATION_CONTEXT('2D SPACE',''
  ) );
#3568 = ORIENTED_EDGE('',*,*,#3569,.F.);
#3569 = EDGE_CURVE('',#3570,#3544,#3572,.T.);
#3570 = VERTEX_POINT('',#3571);
#3571 = CARTESIAN_POINT('',(3.45,6.178974609375,7.869091796875));
#3572 = SURFACE_CURVE('',#3573,(#3577,#3583),.PCURVE_S1.);
#3573 = LINE('',#3574,#3575);
#3574 = CARTESIAN_POINT('',(3.45,1.754487304688,7.869091796875));
#3575 = VECTOR('',#3576,1.);
#3576 = DIRECTION('',(0.,1.,-0.));
#3577 = PCURVE('',#100,#3578);
#3578 = DEFINITIONAL_REPRESENTATION('',(#3579),#3582);
#3579 = B_SPLINE_CURVE_WITH_KNOTS('',1,(#3580,#3581),.UNSPECIFIED.,.F.,
  .F.,(2,2),(4.424487304687,5.031518554687),.PIECEWISE_BEZIER_KNOTS.);
#3580 = CARTESIAN_POINT('',(8.848974609375,-7.869091796875));
#3581 = CARTESIAN_POINT('',(9.456005859375,-7.869091796875));
#3582 = ( GEOMETRIC_REPRESENTATION_CONTEXT(2) 
PARAMETRIC_REPRESENTATION_CONTEXT() REPRESENTATION_CONTEXT('2D SPACE',''
  ) );
#3583 = PCURVE('',#3584,#3589);
#3584 = PLANE('',#3585);
#3585 = AXIS2_PLACEMENT_3D('',#3586,#3587,#3588);
#3586 = CARTESIAN_POINT('',(3.25,6.178974609375,7.869091796875));
#3587 = DIRECTION('',(0.,0.,1.));
#3588 = DIRECTION('',(0.,1.,0.));
#3589 = DEFINITIONAL_REPRESENTATION('',(#3590),#3593);
#3590 = B_SPLINE_CURVE_WITH_KNOTS('',1,(#3591,#3592),.UNSPECIFIED.,.F.,
  .F.,(2,2),(4.424487304687,5.031518554687),.PIECEWISE_BEZIER_KNOTS.);
#3591 = CARTESIAN_POINT('',(0.,-0.2));
#3592 = CARTESIAN_POINT('',(0.60703125,-0.2));
#3593 = ( GEOMETRIC_REPRESENTATION_CONTEXT(2) 
PARAMETRIC_REPRESENTATION_CONTEXT() REPRESENTATION_CONTEXT('2D SPACE',''
  ) );
#3594 = ORIENTED_EDGE('',*,*,#3595,.F.);
#3595 = EDGE_CURVE('',#3596,#3570,#3598,.T.);
#3596 = VERTEX_POINT('',#3597);
#3597 = CARTESIAN_POINT('',(3.45,6.178974609375,6.685791015625));
#3598 = SURFACE_CURVE('',#3599,(#3603,#3609),.PCURVE_S1.);
#3599 = LINE('',#3600,#3601);
#3600 = CARTESIAN_POINT('',(3.45,6.178974609375,3.342895507812));
#3601 = VECTOR('',#3602,1.);
#3602 = DIRECTION('',(0.,0.,1.));
#3603 = PCURVE('',#100,#3604);
#3604 = DEFINITIONAL_REPRESENTATION('',(#3605),#3608);
#3605 = B_SPLINE_CURVE_WITH_KNOTS('',1,(#3606,#3607),.UNSPECIFIED.,.F.,
  .F.,(2,2),(3.342895507812,4.526196289062),.PIECEWISE_BEZIER_KNOTS.);
#3606 = CARTESIAN_POINT('',(8.848974609375,-6.685791015625));
#3607 = CARTESIAN_POINT('',(8.848974609375,-7.869091796875));
#3608 = ( GEOMETRIC_REPRESENTATION_CONTEXT(2) 
PARAMETRIC_REPRESENTATION_CONTEXT() REPRESENTATION_CONTEXT('2D SPACE',''
  ) );
#3609 = PCURVE('',#3610,#3615);
#3610 = PLANE('',#3611);
#3611 = AXIS2_PLACEMENT_3D('',#3612,#3613,#3614);
#3612 = CARTESIAN_POINT('',(3.25,6.178974609375,6.685791015625));
#3613 = DIRECTION('',(0.,-1.,0.));
#3614 = DIRECTION('',(0.,0.,1.));
#3615 = DEFINITIONAL_REPRESENTATION('',(#3616),#3619);
#3616 = B_SPLINE_CURVE_WITH_KNOTS('',1,(#3617,#3618),.UNSPECIFIED.,.F.,
  .F.,(2,2),(3.342895507812,4.526196289062),.PIECEWISE_BEZIER_KNOTS.);
#3617 = CARTESIAN_POINT('',(0.,-0.2));
#3618 = CARTESIAN_POINT('',(1.18330078125,-0.2));
#3619 = ( GEOMETRIC_REPRESENTATION_CONTEXT(2) 
PARAMETRIC_REPRESENTATION_CONTEXT() REPRESENTATION_CONTEXT('2D SPACE',''
  ) );
#3620 = ORIENTED_EDGE('',*,*,#3621,.F.);
#3621 = EDGE_CURVE('',#3622,#3596,#3624,.T.);
#3622 = VERTEX_POINT('',#3623);
#3623 = CARTESIAN_POINT('',(3.45,4.989521484375,6.685791015625));
#3624 = SURFACE_CURVE('',#3625,(#3629,#3635),.PCURVE_S1.);
#3625 = LINE('',#3626,#3627);
#3626 = CARTESIAN_POINT('',(3.45,1.159760742188,6.685791015625));
#3627 = VECTOR('',#3628,1.);
#3628 = DIRECTION('',(0.,1.,-0.));
#3629 = PCURVE('',#100,#3630);
#3630 = DEFINITIONAL_REPRESENTATION('',(#3631),#3634);
#3631 = B_SPLINE_CURVE_WITH_KNOTS('',1,(#3632,#3633),.UNSPECIFIED.,.F.,
  .F.,(2,2),(3.829760742187,5.019213867187),.PIECEWISE_BEZIER_KNOTS.);
#3632 = CARTESIAN_POINT('',(7.659521484375,-6.685791015625));
#3633 = CARTESIAN_POINT('',(8.848974609375,-6.685791015625));
#3634 = ( GEOMETRIC_REPRESENTATION_CONTEXT(2) 
PARAMETRIC_REPRESENTATION_CONTEXT() REPRESENTATION_CONTEXT('2D SPACE',''
  ) );
#3635 = PCURVE('',#3636,#3641);
#3636 = PLANE('',#3637);
#3637 = AXIS2_PLACEMENT_3D('',#3638,#3639,#3640);
#3638 = CARTESIAN_POINT('',(3.25,4.989521484375,6.685791015625));
#3639 = DIRECTION('',(0.,0.,1.));
#3640 = DIRECTION('',(0.,1.,0.));
#3641 = DEFINITIONAL_REPRESENTATION('',(#3642),#3645);
#3642 = B_SPLINE_CURVE_WITH_KNOTS('',1,(#3643,#3644),.UNSPECIFIED.,.F.,
  .F.,(2,2),(3.829760742187,5.019213867187),.PIECEWISE_BEZIER_KNOTS.);
#3643 = CARTESIAN_POINT('',(0.,-0.2));
#3644 = CARTESIAN_POINT('',(1.189453125,-0.2));
#3645 = ( GEOMETRIC_REPRESENTATION_CONTEXT(2) 
PARAMETRIC_REPRESENTATION_CONTEXT() REPRESENTATION_CONTEXT('2D SPACE',''
  ) );
#3646 = ORIENTED_EDGE('',*,*,#3647,.F.);
#3647 = EDGE_CURVE('',#3648,#3622,#3650,.T.);
#3648 = VERTEX_POINT('',#3649);
#3649 = CARTESIAN_POINT('',(3.45,4.989521484375,7.869091796875));
#3650 = SURFACE_CURVE('',#3651,(#3655,#3661),.PCURVE_S1.);
#3651 = LINE('',#3652,#3653);
#3652 = CARTESIAN_POINT('',(3.45,4.989521484375,3.934545898437));
#3653 = VECTOR('',#3654,1.);
#3654 = DIRECTION('',(0.,0.,-1.));
#3655 = PCURVE('',#100,#3656);
#3656 = DEFINITIONAL_REPRESENTATION('',(#3657),#3660);
#3657 = B_SPLINE_CURVE_WITH_KNOTS('',1,(#3658,#3659),.UNSPECIFIED.,.F.,
  .F.,(2,2),(-3.934545898437,-2.751245117188),.PIECEWISE_BEZIER_KNOTS.);
#3658 = CARTESIAN_POINT('',(7.659521484375,-7.869091796875));
#3659 = CARTESIAN_POINT('',(7.659521484375,-6.685791015625));
#3660 = ( GEOMETRIC_REPRESENTATION_CONTEXT(2) 
PARAMETRIC_REPRESENTATION_CONTEXT() REPRESENTATION_CONTEXT('2D SPACE',''
  ) );
#3661 = PCURVE('',#3662,#3667);
#3662 = PLANE('',#3663);
#3663 = AXIS2_PLACEMENT_3D('',#3664,#3665,#3666);
#3664 = CARTESIAN_POINT('',(3.25,4.989521484375,7.869091796875));
#3665 = DIRECTION('',(0.,1.,0.));
#3666 = DIRECTION('',(0.,0.,-1.));
#3667 = DEFINITIONAL_REPRESENTATION('',(#3668),#3671);
#3668 = B_SPLINE_CURVE_WITH_KNOTS('',1,(#3669,#3670),.UNSPECIFIED.,.F.,
  .F.,(2,2),(-3.934545898437,-2.751245117188),.PIECEWISE_BEZIER_KNOTS.);
#3669 = CARTESIAN_POINT('',(0.,-0.2));
#3670 = CARTESIAN_POINT('',(1.18330078125,-0.2));
#3671 = ( GEOMETRIC_REPRESENTATION_CONTEXT(2) 
PARAMETRIC_REPRESENTATION_CONTEXT() REPRESENTATION_CONTEXT('2D SPACE',''
  ) );
#3672 = ORIENTED_EDGE('',*,*,#3673,.F.);
#3673 = EDGE_CURVE('',#3674,#3648,#3676,.T.);
#3674 = VERTEX_POINT('',#3675);
#3675 = CARTESIAN_POINT('',(3.45,4.382490234375,7.869091796875));
#3676 = SURFACE_CURVE('',#3677,(#3681,#3687),.PCURVE_S1.);
#3677 = LINE('',#3678,#3679);
#3678 = CARTESIAN_POINT('',(3.45,0.856245117188,7.869091796875));
#3679 = VECTOR('',#3680,1.);
#3680 = DIRECTION('',(0.,1.,-0.));
#3681 = PCURVE('',#100,#3682);
#3682 = DEFINITIONAL_REPRESENTATION('',(#3683),#3686);
#3683 = B_SPLINE_CURVE_WITH_KNOTS('',1,(#3684,#3685),.UNSPECIFIED.,.F.,
  .F.,(2,2),(3.526245117187,4.133276367187),.PIECEWISE_BEZIER_KNOTS.);
#3684 = CARTESIAN_POINT('',(7.052490234375,-7.869091796875));
#3685 = CARTESIAN_POINT('',(7.659521484375,-7.869091796875));
#3686 = ( GEOMETRIC_REPRESENTATION_CONTEXT(2) 
PARAMETRIC_REPRESENTATION_CONTEXT() REPRESENTATION_CONTEXT('2D SPACE',''
  ) );
#3687 = PCURVE('',#3688,#3693);
#3688 = PLANE('',#3689);
#3689 = AXIS2_PLACEMENT_3D('',#3690,#3691,#3692);
#3690 = CARTESIAN_POINT('',(3.25,4.382490234375,7.869091796875));
#3691 = DIRECTION('',(0.,0.,1.));
#3692 = DIRECTION('',(0.,1.,0.));
#3693 = DEFINITIONAL_REPRESENTATION('',(#3694),#3697);
#3694 = B_SPLINE_CURVE_WITH_KNOTS('',1,(#3695,#3696),.UNSPECIFIED.,.F.,
  .F.,(2,2),(3.526245117187,4.133276367187),.PIECEWISE_BEZIER_KNOTS.);
#3695 = CARTESIAN_POINT('',(0.,-0.2));
#3696 = CARTESIAN_POINT('',(0.60703125,-0.2));
#3697 = ( GEOMETRIC_REPRESENTATION_CONTEXT(2) 
PARAMETRIC_REPRESENTATION_CONTEXT() REPRESENTATION_CONTEXT('2D SPACE',''
  ) );
#3698 = ORIENTED_EDGE('',*,*,#3699,.F.);
#3699 = EDGE_CURVE('',#3414,#3674,#3700,.T.);
#3700 = SURFACE_CURVE('',#3701,(#3705,#3711),.PCURVE_S1.);
#3701 = LINE('',#3702,#3703);
#3702 = CARTESIAN_POINT('',(3.45,4.382490234375,2.431323242188));
#3703 = VECTOR('',#3704,1.);
#3704 = DIRECTION('',(0.,0.,1.));
#3705 = PCURVE('',#100,#3706);
#3706 = DEFINITIONAL_REPRESENTATION('',(#3707),#3710);
#3707 = B_SPLINE_CURVE_WITH_KNOTS('',1,(#3708,#3709),.UNSPECIFIED.,.F.,
  .F.,(2,2),(2.431323242188,5.437768554687),.PIECEWISE_BEZIER_KNOTS.);
#3708 = CARTESIAN_POINT('',(7.052490234375,-4.862646484375));
#3709 = CARTESIAN_POINT('',(7.052490234375,-7.869091796875));
#3710 = ( GEOMETRIC_REPRESENTATION_CONTEXT(2) 
PARAMETRIC_REPRESENTATION_CONTEXT() REPRESENTATION_CONTEXT('2D SPACE',''
  ) );
#3711 = PCURVE('',#3712,#3717);
#3712 = PLANE('',#3713);
#3713 = AXIS2_PLACEMENT_3D('',#3714,#3715,#3716);
#3714 = CARTESIAN_POINT('',(3.25,4.382490234375,4.862646484375));
#3715 = DIRECTION('',(0.,-1.,0.));
#3716 = DIRECTION('',(0.,0.,1.));
#3717 = DEFINITIONAL_REPRESENTATION('',(#3718),#3721);
#3718 = B_SPLINE_CURVE_WITH_KNOTS('',1,(#3719,#3720),.UNSPECIFIED.,.F.,
  .F.,(2,2),(2.431323242188,5.437768554687),.PIECEWISE_BEZIER_KNOTS.);
#3719 = CARTESIAN_POINT('',(0.,-0.2));
#3720 = CARTESIAN_POINT('',(3.0064453125,-0.2));
#3721 = ( GEOMETRIC_REPRESENTATION_CONTEXT(2) 
PARAMETRIC_REPRESENTATION_CONTEXT() REPRESENTATION_CONTEXT('2D SPACE',''
  ) );
#3722 = FACE_BOUND('',#3723,.F.);
#3723 = EDGE_LOOP('',(#3724,#3752,#3778,#3804,#3830,#3856,#3882,#3908,
    #3934,#3960,#3986,#4012));
#3724 = ORIENTED_EDGE('',*,*,#3725,.F.);
#3725 = EDGE_CURVE('',#3726,#3728,#3730,.T.);
#3726 = VERTEX_POINT('',#3727);
#3727 = CARTESIAN_POINT('',(3.45,9.427412109375,4.862646484375));
#3728 = VERTEX_POINT('',#3729);
#3729 = CARTESIAN_POINT('',(3.45,8.820380859375,4.862646484375));
#3730 = SURFACE_CURVE('',#3731,(#3735,#3741),.PCURVE_S1.);
#3731 = LINE('',#3732,#3733);
#3732 = CARTESIAN_POINT('',(3.45,3.378706054688,4.862646484375));
#3733 = VECTOR('',#3734,1.);
#3734 = DIRECTION('',(-0.,-1.,-0.));
#3735 = PCURVE('',#100,#3736);
#3736 = DEFINITIONAL_REPRESENTATION('',(#3737),#3740);
#3737 = B_SPLINE_CURVE_WITH_KNOTS('',1,(#3738,#3739),.UNSPECIFIED.,.F.,
  .F.,(2,2),(-6.048706054687,-5.441674804687),.PIECEWISE_BEZIER_KNOTS.);
#3738 = CARTESIAN_POINT('',(12.097412109375,-4.862646484375));
#3739 = CARTESIAN_POINT('',(11.490380859375,-4.862646484375));
#3740 = ( GEOMETRIC_REPRESENTATION_CONTEXT(2) 
PARAMETRIC_REPRESENTATION_CONTEXT() REPRESENTATION_CONTEXT('2D SPACE',''
  ) );
#3741 = PCURVE('',#3742,#3747);
#3742 = PLANE('',#3743);
#3743 = AXIS2_PLACEMENT_3D('',#3744,#3745,#3746);
#3744 = CARTESIAN_POINT('',(3.25,9.427412109375,4.862646484375));
#3745 = DIRECTION('',(0.,0.,-1.));
#3746 = DIRECTION('',(0.,-1.,0.));
#3747 = DEFINITIONAL_REPRESENTATION('',(#3748),#3751);
#3748 = B_SPLINE_CURVE_WITH_KNOTS('',1,(#3749,#3750),.UNSPECIFIED.,.F.,
  .F.,(2,2),(-6.048706054687,-5.441674804687),.PIECEWISE_BEZIER_KNOTS.);
#3749 = CARTESIAN_POINT('',(0.,-0.2));
#3750 = CARTESIAN_POINT('',(0.60703125,-0.2));
#3751 = ( GEOMETRIC_REPRESENTATION_CONTEXT(2) 
PARAMETRIC_REPRESENTATION_CONTEXT() REPRESENTATION_CONTEXT('2D SPACE',''
  ) );
#3752 = ORIENTED_EDGE('',*,*,#3753,.F.);
#3753 = EDGE_CURVE('',#3754,#3726,#3756,.T.);
#3754 = VERTEX_POINT('',#3755);
#3755 = CARTESIAN_POINT('',(3.45,9.427412109375,5.771142578125));
#3756 = SURFACE_CURVE('',#3757,(#3761,#3767),.PCURVE_S1.);
#3757 = LINE('',#3758,#3759);
#3758 = CARTESIAN_POINT('',(3.45,9.427412109375,2.885571289062));
#3759 = VECTOR('',#3760,1.);
#3760 = DIRECTION('',(0.,0.,-1.));
#3761 = PCURVE('',#100,#3762);
#3762 = DEFINITIONAL_REPRESENTATION('',(#3763),#3766);
#3763 = B_SPLINE_CURVE_WITH_KNOTS('',1,(#3764,#3765),.UNSPECIFIED.,.F.,
  .F.,(2,2),(-2.885571289062,-1.977075195312),.PIECEWISE_BEZIER_KNOTS.);
#3764 = CARTESIAN_POINT('',(12.097412109375,-5.771142578125));
#3765 = CARTESIAN_POINT('',(12.097412109375,-4.862646484375));
#3766 = ( GEOMETRIC_REPRESENTATION_CONTEXT(2) 
PARAMETRIC_REPRESENTATION_CONTEXT() REPRESENTATION_CONTEXT('2D SPACE',''
  ) );
#3767 = PCURVE('',#3768,#3773);
#3768 = PLANE('',#3769);
#3769 = AXIS2_PLACEMENT_3D('',#3770,#3771,#3772);
#3770 = CARTESIAN_POINT('',(3.25,9.427412109375,5.771142578125));
#3771 = DIRECTION('',(0.,1.,0.));
#3772 = DIRECTION('',(0.,0.,-1.));
#3773 = DEFINITIONAL_REPRESENTATION('',(#3774),#3777);
#3774 = B_SPLINE_CURVE_WITH_KNOTS('',1,(#3775,#3776),.UNSPECIFIED.,.F.,
  .F.,(2,2),(-2.885571289062,-1.977075195312),.PIECEWISE_BEZIER_KNOTS.);
#3775 = CARTESIAN_POINT('',(0.,-0.2));
#3776 = CARTESIAN_POINT('',(0.90849609375,-0.2));
#3777 = ( GEOMETRIC_REPRESENTATION_CONTEXT(2) 
PARAMETRIC_REPRESENTATION_CONTEXT() REPRESENTATION_CONTEXT('2D SPACE',''
  ) );
#3778 = ORIENTED_EDGE('',*,*,#3779,.F.);
#3779 = EDGE_CURVE('',#3780,#3754,#3782,.T.);
#3780 = VERTEX_POINT('',#3781);
#3781 = CARTESIAN_POINT('',(3.45,9.919599609375,6.273583984375));
#3782 = SURFACE_CURVE('',#3783,(#3787,#3793),.PCURVE_S1.);
#3783 = LINE('',#3784,#3785);
#3784 = CARTESIAN_POINT('',(3.45,5.269025004566,1.526122408633));
#3785 = VECTOR('',#3786,1.);
#3786 = DIRECTION('',(-0.,-0.699779834816,-0.714358581375));
#3787 = PCURVE('',#100,#3788);
#3788 = DEFINITIONAL_REPRESENTATION('',(#3789),#3792);
#3789 = B_SPLINE_CURVE_WITH_KNOTS('',1,(#3790,#3791),.UNSPECIFIED.,.F.,
  .F.,(2,2),(-6.645768245135,-5.942422027493),.PIECEWISE_BEZIER_KNOTS.);
#3790 = CARTESIAN_POINT('',(12.589599609375,-6.273583984375));
#3791 = CARTESIAN_POINT('',(12.097412109375,-5.771142578125));
#3792 = ( GEOMETRIC_REPRESENTATION_CONTEXT(2) 
PARAMETRIC_REPRESENTATION_CONTEXT() REPRESENTATION_CONTEXT('2D SPACE',''
  ) );
#3793 = PCURVE('',#3794,#3799);
#3794 = PLANE('',#3795);
#3795 = AXIS2_PLACEMENT_3D('',#3796,#3797,#3798);
#3796 = CARTESIAN_POINT('',(3.25,9.919599609375,6.273583984375));
#3797 = DIRECTION('',(0.,0.714358581375,-0.699779834816));
#3798 = DIRECTION('',(0.,-0.699779834816,-0.714358581375));
#3799 = DEFINITIONAL_REPRESENTATION('',(#3800),#3803);
#3800 = B_SPLINE_CURVE_WITH_KNOTS('',1,(#3801,#3802),.UNSPECIFIED.,.F.,
  .F.,(2,2),(-6.645768245135,-5.942422027493),.PIECEWISE_BEZIER_KNOTS.);
#3801 = CARTESIAN_POINT('',(0.,-0.2));
#3802 = CARTESIAN_POINT('',(0.703346217642,-0.2));
#3803 = ( GEOMETRIC_REPRESENTATION_CONTEXT(2) 
PARAMETRIC_REPRESENTATION_CONTEXT() REPRESENTATION_CONTEXT('2D SPACE',''
  ) );
#3804 = ORIENTED_EDGE('',*,*,#3805,.F.);
#3805 = EDGE_CURVE('',#3806,#3780,#3808,.T.);
#3806 = VERTEX_POINT('',#3807);
#3807 = CARTESIAN_POINT('',(3.45,10.746064453125,4.862646484375));
#3808 = SURFACE_CURVE('',#3809,(#3813,#3819),.PCURVE_S1.);
#3809 = LINE('',#3810,#3811);
#3810 = CARTESIAN_POINT('',(3.45,10.092781812757,5.977928014333));
#3811 = VECTOR('',#3812,1.);
#3812 = DIRECTION('',(0.,-0.505429791641,0.86286773362));
#3813 = PCURVE('',#100,#3814);
#3814 = DEFINITIONAL_REPRESENTATION('',(#3815),#3818);
#3815 = B_SPLINE_CURVE_WITH_KNOTS('',1,(#3816,#3817),.UNSPECIFIED.,.F.,
  .F.,(2,2),(-1.292528954907,0.342643441772),.PIECEWISE_BEZIER_KNOTS.);
#3816 = CARTESIAN_POINT('',(13.416064453125,-4.862646484375));
#3817 = CARTESIAN_POINT('',(12.589599609375,-6.273583984375));
#3818 = ( GEOMETRIC_REPRESENTATION_CONTEXT(2) 
PARAMETRIC_REPRESENTATION_CONTEXT() REPRESENTATION_CONTEXT('2D SPACE',''
  ) );
#3819 = PCURVE('',#3820,#3825);
#3820 = PLANE('',#3821);
#3821 = AXIS2_PLACEMENT_3D('',#3822,#3823,#3824);
#3822 = CARTESIAN_POINT('',(3.25,10.746064453125,4.862646484375));
#3823 = DIRECTION('',(0.,-0.86286773362,-0.505429791641));
#3824 = DIRECTION('',(0.,-0.505429791641,0.86286773362));
#3825 = DEFINITIONAL_REPRESENTATION('',(#3826),#3829);
#3826 = B_SPLINE_CURVE_WITH_KNOTS('',1,(#3827,#3828),.UNSPECIFIED.,.F.,
  .F.,(2,2),(-1.292528954907,0.342643441772),.PIECEWISE_BEZIER_KNOTS.);
#3827 = CARTESIAN_POINT('',(0.,-0.2));
#3828 = CARTESIAN_POINT('',(1.635172396679,-0.2));
#3829 = ( GEOMETRIC_REPRESENTATION_CONTEXT(2) 
PARAMETRIC_REPRESENTATION_CONTEXT() REPRESENTATION_CONTEXT('2D SPACE',''
  ) );
#3830 = ORIENTED_EDGE('',*,*,#3831,.F.);
#3831 = EDGE_CURVE('',#3832,#3806,#3834,.T.);
#3832 = VERTEX_POINT('',#3833);
#3833 = CARTESIAN_POINT('',(3.45,11.531513671875,4.862646484375));
#3834 = SURFACE_CURVE('',#3835,(#3839,#3845),.PCURVE_S1.);
#3835 = LINE('',#3836,#3837);
#3836 = CARTESIAN_POINT('',(3.45,4.430756835938,4.862646484375));
#3837 = VECTOR('',#3838,1.);
#3838 = DIRECTION('',(-0.,-1.,-0.));
#3839 = PCURVE('',#100,#3840);
#3840 = DEFINITIONAL_REPRESENTATION('',(#3841),#3844);
#3841 = B_SPLINE_CURVE_WITH_KNOTS('',1,(#3842,#3843),.UNSPECIFIED.,.F.,
  .F.,(2,2),(-7.100756835937,-6.315307617188),.PIECEWISE_BEZIER_KNOTS.);
#3842 = CARTESIAN_POINT('',(14.201513671875,-4.862646484375));
#3843 = CARTESIAN_POINT('',(13.416064453125,-4.862646484375));
#3844 = ( GEOMETRIC_REPRESENTATION_CONTEXT(2) 
PARAMETRIC_REPRESENTATION_CONTEXT() REPRESENTATION_CONTEXT('2D SPACE',''
  ) );
#3845 = PCURVE('',#3846,#3851);
#3846 = PLANE('',#3847);
#3847 = AXIS2_PLACEMENT_3D('',#3848,#3849,#3850);
#3848 = CARTESIAN_POINT('',(3.25,11.531513671875,4.862646484375));
#3849 = DIRECTION('',(0.,0.,-1.));
#3850 = DIRECTION('',(0.,-1.,0.));
#3851 = DEFINITIONAL_REPRESENTATION('',(#3852),#3855);
#3852 = B_SPLINE_CURVE_WITH_KNOTS('',1,(#3853,#3854),.UNSPECIFIED.,.F.,
  .F.,(2,2),(-7.100756835937,-6.315307617188),.PIECEWISE_BEZIER_KNOTS.);
#3853 = CARTESIAN_POINT('',(0.,-0.2));
#3854 = CARTESIAN_POINT('',(0.78544921875,-0.2));
#3855 = ( GEOMETRIC_REPRESENTATION_CONTEXT(2) 
PARAMETRIC_REPRESENTATION_CONTEXT() REPRESENTATION_CONTEXT('2D SPACE',''
  ) );
#3856 = ORIENTED_EDGE('',*,*,#3857,.F.);
#3857 = EDGE_CURVE('',#3858,#3832,#3860,.T.);
#3858 = VERTEX_POINT('',#3859);
#3859 = CARTESIAN_POINT('',(3.45,10.337958984375,6.698095703125));
#3860 = SURFACE_CURVE('',#3861,(#3865,#3871),.PCURVE_S1.);
#3861 = LINE('',#3862,#3863);
#3862 = CARTESIAN_POINT('',(3.45,9.935617403807,7.316816862247));
#3863 = VECTOR('',#3864,1.);
#3864 = DIRECTION('',(0.,0.54515296029,-0.83833659701));
#3865 = PCURVE('',#100,#3866);
#3866 = DEFINITIONAL_REPRESENTATION('',(#3867),#3870);
#3867 = B_SPLINE_CURVE_WITH_KNOTS('',1,(#3868,#3869),.UNSPECIFIED.,.F.,
  .F.,(2,2),(0.738034294731,2.927428417922),.PIECEWISE_BEZIER_KNOTS.);
#3868 = CARTESIAN_POINT('',(13.007958984375,-6.698095703125));
#3869 = CARTESIAN_POINT('',(14.201513671875,-4.862646484375));
#3870 = ( GEOMETRIC_REPRESENTATION_CONTEXT(2) 
PARAMETRIC_REPRESENTATION_CONTEXT() REPRESENTATION_CONTEXT('2D SPACE',''
  ) );
#3871 = PCURVE('',#3872,#3877);
#3872 = PLANE('',#3873);
#3873 = AXIS2_PLACEMENT_3D('',#3874,#3875,#3876);
#3874 = CARTESIAN_POINT('',(3.25,10.337958984375,6.698095703125));
#3875 = DIRECTION('',(0.,0.83833659701,0.54515296029));
#3876 = DIRECTION('',(0.,0.54515296029,-0.83833659701));
#3877 = DEFINITIONAL_REPRESENTATION('',(#3878),#3881);
#3878 = B_SPLINE_CURVE_WITH_KNOTS('',1,(#3879,#3880),.UNSPECIFIED.,.F.,
  .F.,(2,2),(0.738034294731,2.927428417922),.PIECEWISE_BEZIER_KNOTS.);
#3879 = CARTESIAN_POINT('',(0.,-0.2));
#3880 = CARTESIAN_POINT('',(2.189394123191,-0.2));
#3881 = ( GEOMETRIC_REPRESENTATION_CONTEXT(2) 
PARAMETRIC_REPRESENTATION_CONTEXT() REPRESENTATION_CONTEXT('2D SPACE',''
  ) );
#3882 = ORIENTED_EDGE('',*,*,#3883,.F.);
#3883 = EDGE_CURVE('',#3884,#3858,#3886,.T.);
#3884 = VERTEX_POINT('',#3885);
#3885 = CARTESIAN_POINT('',(3.45,11.469990234375,7.869091796875));
#3886 = SURFACE_CURVE('',#3887,(#3891,#3897),.PCURVE_S1.);
#3887 = LINE('',#3888,#3889);
#3888 = CARTESIAN_POINT('',(3.45,6.088428457416,2.30229510368));
#3889 = VECTOR('',#3890,1.);
#3890 = DIRECTION('',(-0.,-0.695043793326,-0.718967402154));
#3891 = PCURVE('',#100,#3892);
#3892 = DEFINITIONAL_REPRESENTATION('',(#3893),#3896);
#3893 = B_SPLINE_CURVE_WITH_KNOTS('',1,(#3894,#3895),.UNSPECIFIED.,.F.,
  .F.,(2,2),(-7.742766468297,-6.114047154678),.PIECEWISE_BEZIER_KNOTS.);
#3894 = CARTESIAN_POINT('',(14.139990234375,-7.869091796875));
#3895 = CARTESIAN_POINT('',(13.007958984375,-6.698095703125));
#3896 = ( GEOMETRIC_REPRESENTATION_CONTEXT(2) 
PARAMETRIC_REPRESENTATION_CONTEXT() REPRESENTATION_CONTEXT('2D SPACE',''
  ) );
#3897 = PCURVE('',#3898,#3903);
#3898 = PLANE('',#3899);
#3899 = AXIS2_PLACEMENT_3D('',#3900,#3901,#3902);
#3900 = CARTESIAN_POINT('',(3.25,11.469990234375,7.869091796875));
#3901 = DIRECTION('',(0.,0.718967402154,-0.695043793326));
#3902 = DIRECTION('',(0.,-0.695043793326,-0.718967402154));
#3903 = DEFINITIONAL_REPRESENTATION('',(#3904),#3907);
#3904 = B_SPLINE_CURVE_WITH_KNOTS('',1,(#3905,#3906),.UNSPECIFIED.,.F.,
  .F.,(2,2),(-7.742766468297,-6.114047154678),.PIECEWISE_BEZIER_KNOTS.);
#3905 = CARTESIAN_POINT('',(0.,-0.2));
#3906 = CARTESIAN_POINT('',(1.628719313619,-0.2));
#3907 = ( GEOMETRIC_REPRESENTATION_CONTEXT(2) 
PARAMETRIC_REPRESENTATION_CONTEXT() REPRESENTATION_CONTEXT('2D SPACE',''
  ) );
#3908 = ORIENTED_EDGE('',*,*,#3909,.F.);
#3909 = EDGE_CURVE('',#3910,#3884,#3912,.T.);
#3910 = VERTEX_POINT('',#3911);
#3911 = CARTESIAN_POINT('',(3.45,10.653779296875,7.869091796875));
#3912 = SURFACE_CURVE('',#3913,(#3917,#3923),.PCURVE_S1.);
#3913 = LINE('',#3914,#3915);
#3914 = CARTESIAN_POINT('',(3.45,3.991889648438,7.869091796875));
#3915 = VECTOR('',#3916,1.);
#3916 = DIRECTION('',(0.,1.,-0.));
#3917 = PCURVE('',#100,#3918);
#3918 = DEFINITIONAL_REPRESENTATION('',(#3919),#3922);
#3919 = B_SPLINE_CURVE_WITH_KNOTS('',1,(#3920,#3921),.UNSPECIFIED.,.F.,
  .F.,(2,2),(6.661889648437,7.478100585937),.PIECEWISE_BEZIER_KNOTS.);
#3920 = CARTESIAN_POINT('',(13.323779296875,-7.869091796875));
#3921 = CARTESIAN_POINT('',(14.139990234375,-7.869091796875));
#3922 = ( GEOMETRIC_REPRESENTATION_CONTEXT(2) 
PARAMETRIC_REPRESENTATION_CONTEXT() REPRESENTATION_CONTEXT('2D SPACE',''
  ) );
#3923 = PCURVE('',#3924,#3929);
#3924 = PLANE('',#3925);
#3925 = AXIS2_PLACEMENT_3D('',#3926,#3927,#3928);
#3926 = CARTESIAN_POINT('',(3.25,10.653779296875,7.869091796875));
#3927 = DIRECTION('',(0.,0.,1.));
#3928 = DIRECTION('',(0.,1.,0.));
#3929 = DEFINITIONAL_REPRESENTATION('',(#3930),#3933);
#3930 = B_SPLINE_CURVE_WITH_KNOTS('',1,(#3931,#3932),.UNSPECIFIED.,.F.,
  .F.,(2,2),(6.661889648437,7.478100585937),.PIECEWISE_BEZIER_KNOTS.);
#3931 = CARTESIAN_POINT('',(0.,-0.2));
#3932 = CARTESIAN_POINT('',(0.8162109375,-0.2));
#3933 = ( GEOMETRIC_REPRESENTATION_CONTEXT(2) 
PARAMETRIC_REPRESENTATION_CONTEXT() REPRESENTATION_CONTEXT('2D SPACE',''
  ) );
#3934 = ORIENTED_EDGE('',*,*,#3935,.F.);
#3935 = EDGE_CURVE('',#3936,#3910,#3938,.T.);
#3936 = VERTEX_POINT('',#3937);
#3937 = CARTESIAN_POINT('',(3.45,9.427412109375,6.534033203125));
#3938 = SURFACE_CURVE('',#3939,(#3943,#3949),.PCURVE_S1.);
#3939 = LINE('',#3940,#3941);
#3940 = CARTESIAN_POINT('',(3.45,5.031632060699,1.748660608329));
#3941 = VECTOR('',#3942,1.);
#3942 = DIRECTION('',(0.,0.676492663495,0.736449371129));
#3943 = PCURVE('',#100,#3944);
#3944 = DEFINITIONAL_REPRESENTATION('',(#3945),#3948);
#3945 = B_SPLINE_CURVE_WITH_KNOTS('',1,(#3946,#3947),.UNSPECIFIED.,.F.,
  .F.,(2,2),(6.497897591326,8.310729058209),.PIECEWISE_BEZIER_KNOTS.);
#3946 = CARTESIAN_POINT('',(12.097412109375,-6.534033203125));
#3947 = CARTESIAN_POINT('',(13.323779296875,-7.869091796875));
#3948 = ( GEOMETRIC_REPRESENTATION_CONTEXT(2) 
PARAMETRIC_REPRESENTATION_CONTEXT() REPRESENTATION_CONTEXT('2D SPACE',''
  ) );
#3949 = PCURVE('',#3950,#3955);
#3950 = PLANE('',#3951);
#3951 = AXIS2_PLACEMENT_3D('',#3952,#3953,#3954);
#3952 = CARTESIAN_POINT('',(3.25,9.427412109375,6.534033203125));
#3953 = DIRECTION('',(0.,-0.736449371129,0.676492663495));
#3954 = DIRECTION('',(0.,0.676492663495,0.736449371129));
#3955 = DEFINITIONAL_REPRESENTATION('',(#3956),#3959);
#3956 = B_SPLINE_CURVE_WITH_KNOTS('',1,(#3957,#3958),.UNSPECIFIED.,.F.,
  .F.,(2,2),(6.497897591326,8.310729058209),.PIECEWISE_BEZIER_KNOTS.);
#3957 = CARTESIAN_POINT('',(0.,-0.2));
#3958 = CARTESIAN_POINT('',(1.812831466883,-0.2));
#3959 = ( GEOMETRIC_REPRESENTATION_CONTEXT(2) 
PARAMETRIC_REPRESENTATION_CONTEXT() REPRESENTATION_CONTEXT('2D SPACE',''
  ) );
#3960 = ORIENTED_EDGE('',*,*,#3961,.F.);
#3961 = EDGE_CURVE('',#3962,#3936,#3964,.T.);
#3962 = VERTEX_POINT('',#3963);
#3963 = CARTESIAN_POINT('',(3.45,9.427412109375,7.869091796875));
#3964 = SURFACE_CURVE('',#3965,(#3969,#3975),.PCURVE_S1.);
#3965 = LINE('',#3966,#3967);
#3966 = CARTESIAN_POINT('',(3.45,9.427412109375,3.934545898437));
#3967 = VECTOR('',#3968,1.);
#3968 = DIRECTION('',(0.,0.,-1.));
#3969 = PCURVE('',#100,#3970);
#3970 = DEFINITIONAL_REPRESENTATION('',(#3971),#3974);
#3971 = B_SPLINE_CURVE_WITH_KNOTS('',1,(#3972,#3973),.UNSPECIFIED.,.F.,
  .F.,(2,2),(-3.934545898437,-2.599487304688),.PIECEWISE_BEZIER_KNOTS.);
#3972 = CARTESIAN_POINT('',(12.097412109375,-7.869091796875));
#3973 = CARTESIAN_POINT('',(12.097412109375,-6.534033203125));
#3974 = ( GEOMETRIC_REPRESENTATION_CONTEXT(2) 
PARAMETRIC_REPRESENTATION_CONTEXT() REPRESENTATION_CONTEXT('2D SPACE',''
  ) );
#3975 = PCURVE('',#3976,#3981);
#3976 = PLANE('',#3977);
#3977 = AXIS2_PLACEMENT_3D('',#3978,#3979,#3980);
#3978 = CARTESIAN_POINT('',(3.25,9.427412109375,7.869091796875));
#3979 = DIRECTION('',(0.,1.,0.));
#3980 = DIRECTION('',(0.,0.,-1.));
#3981 = DEFINITIONAL_REPRESENTATION('',(#3982),#3985);
#3982 = B_SPLINE_CURVE_WITH_KNOTS('',1,(#3983,#3984),.UNSPECIFIED.,.F.,
  .F.,(2,2),(-3.934545898437,-2.599487304688),.PIECEWISE_BEZIER_KNOTS.);
#3983 = CARTESIAN_POINT('',(0.,-0.2));
#3984 = CARTESIAN_POINT('',(1.33505859375,-0.2));
#3985 = ( GEOMETRIC_REPRESENTATION_CONTEXT(2) 
PARAMETRIC_REPRESENTATION_CONTEXT() REPRESENTATION_CONTEXT('2D SPACE',''
  ) );
#3986 = ORIENTED_EDGE('',*,*,#3987,.F.);
#3987 = EDGE_CURVE('',#3988,#3962,#3990,.T.);
#3988 = VERTEX_POINT('',#3989);
#3989 = CARTESIAN_POINT('',(3.45,8.820380859375,7.869091796875));
#3990 = SURFACE_CURVE('',#3991,(#3995,#4001),.PCURVE_S1.);
#3991 = LINE('',#3992,#3993);
#3992 = CARTESIAN_POINT('',(3.45,3.075190429688,7.869091796875));
#3993 = VECTOR('',#3994,1.);
#3994 = DIRECTION('',(0.,1.,-0.));
#3995 = PCURVE('',#100,#3996);
#3996 = DEFINITIONAL_REPRESENTATION('',(#3997),#4000);
#3997 = B_SPLINE_CURVE_WITH_KNOTS('',1,(#3998,#3999),.UNSPECIFIED.,.F.,
  .F.,(2,2),(5.745190429687,6.352221679687),.PIECEWISE_BEZIER_KNOTS.);
#3998 = CARTESIAN_POINT('',(11.490380859375,-7.869091796875));
#3999 = CARTESIAN_POINT('',(12.097412109375,-7.869091796875));
#4000 = ( GEOMETRIC_REPRESENTATION_CONTEXT(2) 
PARAMETRIC_REPRESENTATION_CONTEXT() REPRESENTATION_CONTEXT('2D SPACE',''
  ) );
#4001 = PCURVE('',#4002,#4007);
#4002 = PLANE('',#4003);
#4003 = AXIS2_PLACEMENT_3D('',#4004,#4005,#4006);
#4004 = CARTESIAN_POINT('',(3.25,8.820380859375,7.869091796875));
#4005 = DIRECTION('',(0.,0.,1.));
#4006 = DIRECTION('',(0.,1.,0.));
#4007 = DEFINITIONAL_REPRESENTATION('',(#4008),#4011);
#4008 = B_SPLINE_CURVE_WITH_KNOTS('',1,(#4009,#4010),.UNSPECIFIED.,.F.,
  .F.,(2,2),(5.745190429687,6.352221679687),.PIECEWISE_BEZIER_KNOTS.);
#4009 = CARTESIAN_POINT('',(0.,-0.2));
#4010 = CARTESIAN_POINT('',(0.60703125,-0.2));
#4011 = ( GEOMETRIC_REPRESENTATION_CONTEXT(2) 
PARAMETRIC_REPRESENTATION_CONTEXT() REPRESENTATION_CONTEXT('2D SPACE',''
  ) );
#4012 = ORIENTED_EDGE('',*,*,#4013,.F.);
#4013 = EDGE_CURVE('',#3728,#3988,#4014,.T.);
#4014 = SURFACE_CURVE('',#4015,(#4019,#4025),.PCURVE_S1.);
#4015 = LINE('',#4016,#4017);
#4016 = CARTESIAN_POINT('',(3.45,8.820380859375,2.431323242188));
#4017 = VECTOR('',#4018,1.);
#4018 = DIRECTION('',(0.,0.,1.));
#4019 = PCURVE('',#100,#4020);
#4020 = DEFINITIONAL_REPRESENTATION('',(#4021),#4024);
#4021 = B_SPLINE_CURVE_WITH_KNOTS('',1,(#4022,#4023),.UNSPECIFIED.,.F.,
  .F.,(2,2),(2.431323242188,5.437768554687),.PIECEWISE_BEZIER_KNOTS.);
#4022 = CARTESIAN_POINT('',(11.490380859375,-4.862646484375));
#4023 = CARTESIAN_POINT('',(11.490380859375,-7.869091796875));
#4024 = ( GEOMETRIC_REPRESENTATION_CONTEXT(2) 
PARAMETRIC_REPRESENTATION_CONTEXT() REPRESENTATION_CONTEXT('2D SPACE',''
  ) );
#4025 = PCURVE('',#4026,#4031);
#4026 = PLANE('',#4027);
#4027 = AXIS2_PLACEMENT_3D('',#4028,#4029,#4030);
#4028 = CARTESIAN_POINT('',(3.25,8.820380859375,4.862646484375));
#4029 = DIRECTION('',(0.,-1.,0.));
#4030 = DIRECTION('',(0.,0.,1.));
#4031 = DEFINITIONAL_REPRESENTATION('',(#4032),#4035);
#4032 = B_SPLINE_CURVE_WITH_KNOTS('',1,(#4033,#4034),.UNSPECIFIED.,.F.,
  .F.,(2,2),(2.431323242188,5.437768554687),.PIECEWISE_BEZIER_KNOTS.);
#4033 = CARTESIAN_POINT('',(0.,-0.2));
#4034 = CARTESIAN_POINT('',(3.0064453125,-0.2));
#4035 = ( GEOMETRIC_REPRESENTATION_CONTEXT(2) 
PARAMETRIC_REPRESENTATION_CONTEXT() REPRESENTATION_CONTEXT('2D SPACE',''
  ) );
#4036 = FACE_BOUND('',#4037,.F.);
#4037 = EDGE_LOOP('',(#4038,#4066,#4092,#4118,#4144,#4170,#4196,#4222,
    #4248,#4274,#4300,#4326));
#4038 = ORIENTED_EDGE('',*,*,#4039,.F.);
#4039 = EDGE_CURVE('',#4040,#4042,#4044,.T.);
#4040 = VERTEX_POINT('',#4041);
#4041 = CARTESIAN_POINT('',(3.45,14.131904296875,4.862646484375));
#4042 = VERTEX_POINT('',#4043);
#4043 = CARTESIAN_POINT('',(3.45,11.845283203125,4.862646484375));
#4044 = SURFACE_CURVE('',#4045,(#4049,#4055),.PCURVE_S1.);
#4045 = LINE('',#4046,#4047);
#4046 = CARTESIAN_POINT('',(3.45,5.730952148438,4.862646484375));
#4047 = VECTOR('',#4048,1.);
#4048 = DIRECTION('',(-0.,-1.,-0.));
#4049 = PCURVE('',#100,#4050);
#4050 = DEFINITIONAL_REPRESENTATION('',(#4051),#4054);
#4051 = B_SPLINE_CURVE_WITH_KNOTS('',1,(#4052,#4053),.UNSPECIFIED.,.F.,
  .F.,(2,2),(-8.400952148437,-6.114331054687),.PIECEWISE_BEZIER_KNOTS.);
#4052 = CARTESIAN_POINT('',(16.801904296875,-4.862646484375));
#4053 = CARTESIAN_POINT('',(14.515283203125,-4.862646484375));
#4054 = ( GEOMETRIC_REPRESENTATION_CONTEXT(2) 
PARAMETRIC_REPRESENTATION_CONTEXT() REPRESENTATION_CONTEXT('2D SPACE',''
  ) );
#4055 = PCURVE('',#4056,#4061);
#4056 = PLANE('',#4057);
#4057 = AXIS2_PLACEMENT_3D('',#4058,#4059,#4060);
#4058 = CARTESIAN_POINT('',(3.25,14.131904296875,4.862646484375));
#4059 = DIRECTION('',(0.,0.,-1.));
#4060 = DIRECTION('',(0.,-1.,0.));
#4061 = DEFINITIONAL_REPRESENTATION('',(#4062),#4065);
#4062 = B_SPLINE_CURVE_WITH_KNOTS('',1,(#4063,#4064),.UNSPECIFIED.,.F.,
  .F.,(2,2),(-8.400952148437,-6.114331054687),.PIECEWISE_BEZIER_KNOTS.);
#4063 = CARTESIAN_POINT('',(0.,-0.2));
#4064 = CARTESIAN_POINT('',(2.28662109375,-0.2));
#4065 = ( GEOMETRIC_REPRESENTATION_CONTEXT(2) 
PARAMETRIC_REPRESENTATION_CONTEXT() REPRESENTATION_CONTEXT('2D SPACE',''
  ) );
#4066 = ORIENTED_EDGE('',*,*,#4067,.F.);
#4067 = EDGE_CURVE('',#4068,#4040,#4070,.T.);
#4068 = VERTEX_POINT('',#4069);
#4069 = CARTESIAN_POINT('',(3.45,14.131904296875,5.369189453125));
#4070 = SURFACE_CURVE('',#4071,(#4075,#4081),.PCURVE_S1.);
#4071 = LINE('',#4072,#4073);
#4072 = CARTESIAN_POINT('',(3.45,14.131904296875,2.684594726563));
#4073 = VECTOR('',#4074,1.);
#4074 = DIRECTION('',(0.,0.,-1.));
#4075 = PCURVE('',#100,#4076);
#4076 = DEFINITIONAL_REPRESENTATION('',(#4077),#4080);
#4077 = B_SPLINE_CURVE_WITH_KNOTS('',1,(#4078,#4079),.UNSPECIFIED.,.F.,
  .F.,(2,2),(-2.684594726563,-2.178051757812),.PIECEWISE_BEZIER_KNOTS.);
#4078 = CARTESIAN_POINT('',(16.801904296875,-5.369189453125));
#4079 = CARTESIAN_POINT('',(16.801904296875,-4.862646484375));
#4080 = ( GEOMETRIC_REPRESENTATION_CONTEXT(2) 
PARAMETRIC_REPRESENTATION_CONTEXT() REPRESENTATION_CONTEXT('2D SPACE',''
  ) );
#4081 = PCURVE('',#4082,#4087);
#4082 = PLANE('',#4083);
#4083 = AXIS2_PLACEMENT_3D('',#4084,#4085,#4086);
#4084 = CARTESIAN_POINT('',(3.25,14.131904296875,5.369189453125));
#4085 = DIRECTION('',(0.,1.,0.));
#4086 = DIRECTION('',(0.,0.,-1.));
#4087 = DEFINITIONAL_REPRESENTATION('',(#4088),#4091);
#4088 = B_SPLINE_CURVE_WITH_KNOTS('',1,(#4089,#4090),.UNSPECIFIED.,.F.,
  .F.,(2,2),(-2.684594726563,-2.178051757812),.PIECEWISE_BEZIER_KNOTS.);
#4089 = CARTESIAN_POINT('',(0.,-0.2));
#4090 = CARTESIAN_POINT('',(0.50654296875,-0.2));
#4091 = ( GEOMETRIC_REPRESENTATION_CONTEXT(2) 
PARAMETRIC_REPRESENTATION_CONTEXT() REPRESENTATION_CONTEXT('2D SPACE',''
  ) );
#4092 = ORIENTED_EDGE('',*,*,#4093,.F.);
#4093 = EDGE_CURVE('',#4094,#4068,#4096,.T.);
#4094 = VERTEX_POINT('',#4095);
#4095 = CARTESIAN_POINT('',(3.45,12.452314453125,5.369189453125));
#4096 = SURFACE_CURVE('',#4097,(#4101,#4107),.PCURVE_S1.);
#4097 = LINE('',#4098,#4099);
#4098 = CARTESIAN_POINT('',(3.45,4.891157226563,5.369189453125));
#4099 = VECTOR('',#4100,1.);
#4100 = DIRECTION('',(0.,1.,-0.));
#4101 = PCURVE('',#100,#4102);
#4102 = DEFINITIONAL_REPRESENTATION('',(#4103),#4106);
#4103 = B_SPLINE_CURVE_WITH_KNOTS('',1,(#4104,#4105),.UNSPECIFIED.,.F.,
  .F.,(2,2),(7.561157226562,9.240747070312),.PIECEWISE_BEZIER_KNOTS.);
#4104 = CARTESIAN_POINT('',(15.122314453125,-5.369189453125));
#4105 = CARTESIAN_POINT('',(16.801904296875,-5.369189453125));
#4106 = ( GEOMETRIC_REPRESENTATION_CONTEXT(2) 
PARAMETRIC_REPRESENTATION_CONTEXT() REPRESENTATION_CONTEXT('2D SPACE',''
  ) );
#4107 = PCURVE('',#4108,#4113);
#4108 = PLANE('',#4109);
#4109 = AXIS2_PLACEMENT_3D('',#4110,#4111,#4112);
#4110 = CARTESIAN_POINT('',(3.25,12.452314453125,5.369189453125));
#4111 = DIRECTION('',(0.,0.,1.));
#4112 = DIRECTION('',(0.,1.,0.));
#4113 = DEFINITIONAL_REPRESENTATION('',(#4114),#4117);
#4114 = B_SPLINE_CURVE_WITH_KNOTS('',1,(#4115,#4116),.UNSPECIFIED.,.F.,
  .F.,(2,2),(7.561157226562,9.240747070312),.PIECEWISE_BEZIER_KNOTS.);
#4115 = CARTESIAN_POINT('',(0.,-0.2));
#4116 = CARTESIAN_POINT('',(1.67958984375,-0.2));
#4117 = ( GEOMETRIC_REPRESENTATION_CONTEXT(2) 
PARAMETRIC_REPRESENTATION_CONTEXT() REPRESENTATION_CONTEXT('2D SPACE',''
  ) );
#4118 = ORIENTED_EDGE('',*,*,#4119,.F.);
#4119 = EDGE_CURVE('',#4120,#4094,#4122,.T.);
#4120 = VERTEX_POINT('',#4121);
#4121 = CARTESIAN_POINT('',(3.45,12.452314453125,6.187451171875));
#4122 = SURFACE_CURVE('',#4123,(#4127,#4133),.PCURVE_S1.);
#4123 = LINE('',#4124,#4125);
#4124 = CARTESIAN_POINT('',(3.45,12.452314453125,3.093725585937));
#4125 = VECTOR('',#4126,1.);
#4126 = DIRECTION('',(0.,0.,-1.));
#4127 = PCURVE('',#100,#4128);
#4128 = DEFINITIONAL_REPRESENTATION('',(#4129),#4132);
#4129 = B_SPLINE_CURVE_WITH_KNOTS('',1,(#4130,#4131),.UNSPECIFIED.,.F.,
  .F.,(2,2),(-3.093725585937,-2.275463867187),.PIECEWISE_BEZIER_KNOTS.);
#4130 = CARTESIAN_POINT('',(15.122314453125,-6.187451171875));
#4131 = CARTESIAN_POINT('',(15.122314453125,-5.369189453125));
#4132 = ( GEOMETRIC_REPRESENTATION_CONTEXT(2) 
PARAMETRIC_REPRESENTATION_CONTEXT() REPRESENTATION_CONTEXT('2D SPACE',''
  ) );
#4133 = PCURVE('',#4134,#4139);
#4134 = PLANE('',#4135);
#4135 = AXIS2_PLACEMENT_3D('',#4136,#4137,#4138);
#4136 = CARTESIAN_POINT('',(3.25,12.452314453125,6.187451171875));
#4137 = DIRECTION('',(0.,1.,0.));
#4138 = DIRECTION('',(0.,0.,-1.));
#4139 = DEFINITIONAL_REPRESENTATION('',(#4140),#4143);
#4140 = B_SPLINE_CURVE_WITH_KNOTS('',1,(#4141,#4142),.UNSPECIFIED.,.F.,
  .F.,(2,2),(-3.093725585937,-2.275463867187),.PIECEWISE_BEZIER_KNOTS.);
#4141 = CARTESIAN_POINT('',(0.,-0.2));
#4142 = CARTESIAN_POINT('',(0.81826171875,-0.2));
#4143 = ( GEOMETRIC_REPRESENTATION_CONTEXT(2) 
PARAMETRIC_REPRESENTATION_CONTEXT() REPRESENTATION_CONTEXT('2D SPACE',''
  ) );
#4144 = ORIENTED_EDGE('',*,*,#4145,.F.);
#4145 = EDGE_CURVE('',#4146,#4120,#4148,.T.);
#4146 = VERTEX_POINT('',#4147);
#4147 = CARTESIAN_POINT('',(3.45,13.961689453125,6.187451171875));
#4148 = SURFACE_CURVE('',#4149,(#4153,#4159),.PCURVE_S1.);
#4149 = LINE('',#4150,#4151);
#4150 = CARTESIAN_POINT('',(3.45,5.645844726563,6.187451171875));
#4151 = VECTOR('',#4152,1.);
#4152 = DIRECTION('',(-0.,-1.,-0.));
#4153 = PCURVE('',#100,#4154);
#4154 = DEFINITIONAL_REPRESENTATION('',(#4155),#4158);
#4155 = B_SPLINE_CURVE_WITH_KNOTS('',1,(#4156,#4157),.UNSPECIFIED.,.F.,
  .F.,(2,2),(-8.315844726562,-6.806469726562),.PIECEWISE_BEZIER_KNOTS.);
#4156 = CARTESIAN_POINT('',(16.631689453125,-6.187451171875));
#4157 = CARTESIAN_POINT('',(15.122314453125,-6.187451171875));
#4158 = ( GEOMETRIC_REPRESENTATION_CONTEXT(2) 
PARAMETRIC_REPRESENTATION_CONTEXT() REPRESENTATION_CONTEXT('2D SPACE',''
  ) );
#4159 = PCURVE('',#4160,#4165);
#4160 = PLANE('',#4161);
#4161 = AXIS2_PLACEMENT_3D('',#4162,#4163,#4164);
#4162 = CARTESIAN_POINT('',(3.25,13.961689453125,6.187451171875));
#4163 = DIRECTION('',(0.,0.,-1.));
#4164 = DIRECTION('',(0.,-1.,0.));
#4165 = DEFINITIONAL_REPRESENTATION('',(#4166),#4169);
#4166 = B_SPLINE_CURVE_WITH_KNOTS('',1,(#4167,#4168),.UNSPECIFIED.,.F.,
  .F.,(2,2),(-8.315844726562,-6.806469726562),.PIECEWISE_BEZIER_KNOTS.);
#4167 = CARTESIAN_POINT('',(0.,-0.2));
#4168 = CARTESIAN_POINT('',(1.509375,-0.2));
#4169 = ( GEOMETRIC_REPRESENTATION_CONTEXT(2) 
PARAMETRIC_REPRESENTATION_CONTEXT() REPRESENTATION_CONTEXT('2D SPACE',''
  ) );
#4170 = ORIENTED_EDGE('',*,*,#4171,.F.);
#4171 = EDGE_CURVE('',#4172,#4146,#4174,.T.);
#4172 = VERTEX_POINT('',#4173);
#4173 = CARTESIAN_POINT('',(3.45,13.961689453125,6.693994140625));
#4174 = SURFACE_CURVE('',#4175,(#4179,#4185),.PCURVE_S1.);
#4175 = LINE('',#4176,#4177);
#4176 = CARTESIAN_POINT('',(3.45,13.961689453125,3.346997070312));
#4177 = VECTOR('',#4178,1.);
#4178 = DIRECTION('',(0.,0.,-1.));
#4179 = PCURVE('',#100,#4180);
#4180 = DEFINITIONAL_REPRESENTATION('',(#4181),#4184);
#4181 = B_SPLINE_CURVE_WITH_KNOTS('',1,(#4182,#4183),.UNSPECIFIED.,.F.,
  .F.,(2,2),(-3.346997070312,-2.840454101562),.PIECEWISE_BEZIER_KNOTS.);
#4182 = CARTESIAN_POINT('',(16.631689453125,-6.693994140625));
#4183 = CARTESIAN_POINT('',(16.631689453125,-6.187451171875));
#4184 = ( GEOMETRIC_REPRESENTATION_CONTEXT(2) 
PARAMETRIC_REPRESENTATION_CONTEXT() REPRESENTATION_CONTEXT('2D SPACE',''
  ) );
#4185 = PCURVE('',#4186,#4191);
#4186 = PLANE('',#4187);
#4187 = AXIS2_PLACEMENT_3D('',#4188,#4189,#4190);
#4188 = CARTESIAN_POINT('',(3.25,13.961689453125,6.693994140625));
#4189 = DIRECTION('',(0.,1.,0.));
#4190 = DIRECTION('',(0.,0.,-1.));
#4191 = DEFINITIONAL_REPRESENTATION('',(#4192),#4195);
#4192 = B_SPLINE_CURVE_WITH_KNOTS('',1,(#4193,#4194),.UNSPECIFIED.,.F.,
  .F.,(2,2),(-3.346997070312,-2.840454101562),.PIECEWISE_BEZIER_KNOTS.);
#4193 = CARTESIAN_POINT('',(0.,-0.2));
#4194 = CARTESIAN_POINT('',(0.50654296875,-0.2));
#4195 = ( GEOMETRIC_REPRESENTATION_CONTEXT(2) 
PARAMETRIC_REPRESENTATION_CONTEXT() REPRESENTATION_CONTEXT('2D SPACE',''
  ) );
#4196 = ORIENTED_EDGE('',*,*,#4197,.F.);
#4197 = EDGE_CURVE('',#4198,#4172,#4200,.T.);
#4198 = VERTEX_POINT('',#4199);
#4199 = CARTESIAN_POINT('',(3.45,12.452314453125,6.693994140625));
#4200 = SURFACE_CURVE('',#4201,(#4205,#4211),.PCURVE_S1.);
#4201 = LINE('',#4202,#4203);
#4202 = CARTESIAN_POINT('',(3.45,4.891157226563,6.693994140625));
#4203 = VECTOR('',#4204,1.);
#4204 = DIRECTION('',(0.,1.,-0.));
#4205 = PCURVE('',#100,#4206);
#4206 = DEFINITIONAL_REPRESENTATION('',(#4207),#4210);
#4207 = B_SPLINE_CURVE_WITH_KNOTS('',1,(#4208,#4209),.UNSPECIFIED.,.F.,
  .F.,(2,2),(7.561157226562,9.070532226562),.PIECEWISE_BEZIER_KNOTS.);
#4208 = CARTESIAN_POINT('',(15.122314453125,-6.693994140625));
#4209 = CARTESIAN_POINT('',(16.631689453125,-6.693994140625));
#4210 = ( GEOMETRIC_REPRESENTATION_CONTEXT(2) 
PARAMETRIC_REPRESENTATION_CONTEXT() REPRESENTATION_CONTEXT('2D SPACE',''
  ) );
#4211 = PCURVE('',#4212,#4217);
#4212 = PLANE('',#4213);
#4213 = AXIS2_PLACEMENT_3D('',#4214,#4215,#4216);
#4214 = CARTESIAN_POINT('',(3.25,12.452314453125,6.693994140625));
#4215 = DIRECTION('',(0.,0.,1.));
#4216 = DIRECTION('',(0.,1.,0.));
#4217 = DEFINITIONAL_REPRESENTATION('',(#4218),#4221);
#4218 = B_SPLINE_CURVE_WITH_KNOTS('',1,(#4219,#4220),.UNSPECIFIED.,.F.,
  .F.,(2,2),(7.561157226562,9.070532226562),.PIECEWISE_BEZIER_KNOTS.);
#4219 = CARTESIAN_POINT('',(0.,-0.2));
#4220 = CARTESIAN_POINT('',(1.509375,-0.2));
#4221 = ( GEOMETRIC_REPRESENTATION_CONTEXT(2) 
PARAMETRIC_REPRESENTATION_CONTEXT() REPRESENTATION_CONTEXT('2D SPACE',''
  ) );
#4222 = ORIENTED_EDGE('',*,*,#4223,.F.);
#4223 = EDGE_CURVE('',#4224,#4198,#4226,.T.);
#4224 = VERTEX_POINT('',#4225);
#4225 = CARTESIAN_POINT('',(3.45,12.452314453125,7.360498046875));
#4226 = SURFACE_CURVE('',#4227,(#4231,#4237),.PCURVE_S1.);
#4227 = LINE('',#4228,#4229);
#4228 = CARTESIAN_POINT('',(3.45,12.452314453125,3.680249023437));
#4229 = VECTOR('',#4230,1.);
#4230 = DIRECTION('',(0.,0.,-1.));
#4231 = PCURVE('',#100,#4232);
#4232 = DEFINITIONAL_REPRESENTATION('',(#4233),#4236);
#4233 = B_SPLINE_CURVE_WITH_KNOTS('',1,(#4234,#4235),.UNSPECIFIED.,.F.,
  .F.,(2,2),(-3.680249023437,-3.013745117187),.PIECEWISE_BEZIER_KNOTS.);
#4234 = CARTESIAN_POINT('',(15.122314453125,-7.360498046875));
#4235 = CARTESIAN_POINT('',(15.122314453125,-6.693994140625));
#4236 = ( GEOMETRIC_REPRESENTATION_CONTEXT(2) 
PARAMETRIC_REPRESENTATION_CONTEXT() REPRESENTATION_CONTEXT('2D SPACE',''
  ) );
#4237 = PCURVE('',#4238,#4243);
#4238 = PLANE('',#4239);
#4239 = AXIS2_PLACEMENT_3D('',#4240,#4241,#4242);
#4240 = CARTESIAN_POINT('',(3.25,12.452314453125,7.360498046875));
#4241 = DIRECTION('',(0.,1.,0.));
#4242 = DIRECTION('',(0.,0.,-1.));
#4243 = DEFINITIONAL_REPRESENTATION('',(#4244),#4247);
#4244 = B_SPLINE_CURVE_WITH_KNOTS('',1,(#4245,#4246),.UNSPECIFIED.,.F.,
  .F.,(2,2),(-3.680249023437,-3.013745117187),.PIECEWISE_BEZIER_KNOTS.);
#4245 = CARTESIAN_POINT('',(0.,-0.2));
#4246 = CARTESIAN_POINT('',(0.66650390625,-0.2));
#4247 = ( GEOMETRIC_REPRESENTATION_CONTEXT(2) 
PARAMETRIC_REPRESENTATION_CONTEXT() REPRESENTATION_CONTEXT('2D SPACE',''
  ) );
#4248 = ORIENTED_EDGE('',*,*,#4249,.F.);
#4249 = EDGE_CURVE('',#4250,#4224,#4252,.T.);
#4250 = VERTEX_POINT('',#4251);
#4251 = CARTESIAN_POINT('',(3.45,14.074482421875,7.360498046875));
#4252 = SURFACE_CURVE('',#4253,(#4257,#4263),.PCURVE_S1.);
#4253 = LINE('',#4254,#4255);
#4254 = CARTESIAN_POINT('',(3.45,5.702241210938,7.360498046875));
#4255 = VECTOR('',#4256,1.);
#4256 = DIRECTION('',(-0.,-1.,-0.));
#4257 = PCURVE('',#100,#4258);
#4258 = DEFINITIONAL_REPRESENTATION('',(#4259),#4262);
#4259 = B_SPLINE_CURVE_WITH_KNOTS('',1,(#4260,#4261),.UNSPECIFIED.,.F.,
  .F.,(2,2),(-8.372241210937,-6.750073242187),.PIECEWISE_BEZIER_KNOTS.);
#4260 = CARTESIAN_POINT('',(16.744482421875,-7.360498046875));
#4261 = CARTESIAN_POINT('',(15.122314453125,-7.360498046875));
#4262 = ( GEOMETRIC_REPRESENTATION_CONTEXT(2) 
PARAMETRIC_REPRESENTATION_CONTEXT() REPRESENTATION_CONTEXT('2D SPACE',''
  ) );
#4263 = PCURVE('',#4264,#4269);
#4264 = PLANE('',#4265);
#4265 = AXIS2_PLACEMENT_3D('',#4266,#4267,#4268);
#4266 = CARTESIAN_POINT('',(3.25,14.074482421875,7.360498046875));
#4267 = DIRECTION('',(0.,0.,-1.));
#4268 = DIRECTION('',(0.,-1.,0.));
#4269 = DEFINITIONAL_REPRESENTATION('',(#4270),#4273);
#4270 = B_SPLINE_CURVE_WITH_KNOTS('',1,(#4271,#4272),.UNSPECIFIED.,.F.,
  .F.,(2,2),(-8.372241210937,-6.750073242187),.PIECEWISE_BEZIER_KNOTS.);
#4271 = CARTESIAN_POINT('',(0.,-0.2));
#4272 = CARTESIAN_POINT('',(1.62216796875,-0.2));
#4273 = ( GEOMETRIC_REPRESENTATION_CONTEXT(2) 
PARAMETRIC_REPRESENTATION_CONTEXT() REPRESENTATION_CONTEXT('2D SPACE',''
  ) );
#4274 = ORIENTED_EDGE('',*,*,#4275,.F.);
#4275 = EDGE_CURVE('',#4276,#4250,#4278,.T.);
#4276 = VERTEX_POINT('',#4277);
#4277 = CARTESIAN_POINT('',(3.45,14.074482421875,7.869091796875));
#4278 = SURFACE_CURVE('',#4279,(#4283,#4289),.PCURVE_S1.);
#4279 = LINE('',#4280,#4281);
#4280 = CARTESIAN_POINT('',(3.45,14.074482421875,3.934545898437));
#4281 = VECTOR('',#4282,1.);
#4282 = DIRECTION('',(0.,0.,-1.));
#4283 = PCURVE('',#100,#4284);
#4284 = DEFINITIONAL_REPRESENTATION('',(#4285),#4288);
#4285 = B_SPLINE_CURVE_WITH_KNOTS('',1,(#4286,#4287),.UNSPECIFIED.,.F.,
  .F.,(2,2),(-3.934545898437,-3.425952148438),.PIECEWISE_BEZIER_KNOTS.);
#4286 = CARTESIAN_POINT('',(16.744482421875,-7.869091796875));
#4287 = CARTESIAN_POINT('',(16.744482421875,-7.360498046875));
#4288 = ( GEOMETRIC_REPRESENTATION_CONTEXT(2) 
PARAMETRIC_REPRESENTATION_CONTEXT() REPRESENTATION_CONTEXT('2D SPACE',''
  ) );
#4289 = PCURVE('',#4290,#4295);
#4290 = PLANE('',#4291);
#4291 = AXIS2_PLACEMENT_3D('',#4292,#4293,#4294);
#4292 = CARTESIAN_POINT('',(3.25,14.074482421875,7.869091796875));
#4293 = DIRECTION('',(0.,1.,0.));
#4294 = DIRECTION('',(0.,0.,-1.));
#4295 = DEFINITIONAL_REPRESENTATION('',(#4296),#4299);
#4296 = B_SPLINE_CURVE_WITH_KNOTS('',1,(#4297,#4298),.UNSPECIFIED.,.F.,
  .F.,(2,2),(-3.934545898437,-3.425952148438),.PIECEWISE_BEZIER_KNOTS.);
#4297 = CARTESIAN_POINT('',(0.,-0.2));
#4298 = CARTESIAN_POINT('',(0.50859375,-0.2));
#4299 = ( GEOMETRIC_REPRESENTATION_CONTEXT(2) 
PARAMETRIC_REPRESENTATION_CONTEXT() REPRESENTATION_CONTEXT('2D SPACE',''
  ) );
#4300 = ORIENTED_EDGE('',*,*,#4301,.F.);
#4301 = EDGE_CURVE('',#4302,#4276,#4304,.T.);
#4302 = VERTEX_POINT('',#4303);
#4303 = CARTESIAN_POINT('',(3.45,11.845283203125,7.869091796875));
#4304 = SURFACE_CURVE('',#4305,(#4309,#4315),.PCURVE_S1.);
#4305 = LINE('',#4306,#4307);
#4306 = CARTESIAN_POINT('',(3.45,4.587641601563,7.869091796875));
#4307 = VECTOR('',#4308,1.);
#4308 = DIRECTION('',(0.,1.,-0.));
#4309 = PCURVE('',#100,#4310);
#4310 = DEFINITIONAL_REPRESENTATION('',(#4311),#4314);
#4311 = B_SPLINE_CURVE_WITH_KNOTS('',1,(#4312,#4313),.UNSPECIFIED.,.F.,
  .F.,(2,2),(7.257641601562,9.486840820312),.PIECEWISE_BEZIER_KNOTS.);
#4312 = CARTESIAN_POINT('',(14.515283203125,-7.869091796875));
#4313 = CARTESIAN_POINT('',(16.744482421875,-7.869091796875));
#4314 = ( GEOMETRIC_REPRESENTATION_CONTEXT(2) 
PARAMETRIC_REPRESENTATION_CONTEXT() REPRESENTATION_CONTEXT('2D SPACE',''
  ) );
#4315 = PCURVE('',#4316,#4321);
#4316 = PLANE('',#4317);
#4317 = AXIS2_PLACEMENT_3D('',#4318,#4319,#4320);
#4318 = CARTESIAN_POINT('',(3.25,11.845283203125,7.869091796875));
#4319 = DIRECTION('',(0.,0.,1.));
#4320 = DIRECTION('',(0.,1.,0.));
#4321 = DEFINITIONAL_REPRESENTATION('',(#4322),#4325);
#4322 = B_SPLINE_CURVE_WITH_KNOTS('',1,(#4323,#4324),.UNSPECIFIED.,.F.,
  .F.,(2,2),(7.257641601562,9.486840820312),.PIECEWISE_BEZIER_KNOTS.);
#4323 = CARTESIAN_POINT('',(0.,-0.2));
#4324 = CARTESIAN_POINT('',(2.22919921875,-0.2));
#4325 = ( GEOMETRIC_REPRESENTATION_CONTEXT(2) 
PARAMETRIC_REPRESENTATION_CONTEXT() REPRESENTATION_CONTEXT('2D SPACE',''
  ) );
#4326 = ORIENTED_EDGE('',*,*,#4327,.F.);
#4327 = EDGE_CURVE('',#4042,#4302,#4328,.T.);
#4328 = SURFACE_CURVE('',#4329,(#4333,#4339),.PCURVE_S1.);
#4329 = LINE('',#4330,#4331);
#4330 = CARTESIAN_POINT('',(3.45,11.845283203125,2.431323242188));
#4331 = VECTOR('',#4332,1.);
#4332 = DIRECTION('',(0.,0.,1.));
#4333 = PCURVE('',#100,#4334);
#4334 = DEFINITIONAL_REPRESENTATION('',(#4335),#4338);
#4335 = B_SPLINE_CURVE_WITH_KNOTS('',1,(#4336,#4337),.UNSPECIFIED.,.F.,
  .F.,(2,2),(2.431323242188,5.437768554687),.PIECEWISE_BEZIER_KNOTS.);
#4336 = CARTESIAN_POINT('',(14.515283203125,-4.862646484375));
#4337 = CARTESIAN_POINT('',(14.515283203125,-7.869091796875));
#4338 = ( GEOMETRIC_REPRESENTATION_CONTEXT(2) 
PARAMETRIC_REPRESENTATION_CONTEXT() REPRESENTATION_CONTEXT('2D SPACE',''
  ) );
#4339 = PCURVE('',#4340,#4345);
#4340 = PLANE('',#4341);
#4341 = AXIS2_PLACEMENT_3D('',#4342,#4343,#4344);
#4342 = CARTESIAN_POINT('',(3.25,11.845283203125,4.862646484375));
#4343 = DIRECTION('',(0.,-1.,0.));
#4344 = DIRECTION('',(0.,0.,1.));
#4345 = DEFINITIONAL_REPRESENTATION('',(#4346),#4349);
#4346 = B_SPLINE_CURVE_WITH_KNOTS('',1,(#4347,#4348),.UNSPECIFIED.,.F.,
  .F.,(2,2),(2.431323242188,5.437768554687),.PIECEWISE_BEZIER_KNOTS.);
#4347 = CARTESIAN_POINT('',(0.,-0.2));
#4348 = CARTESIAN_POINT('',(3.0064453125,-0.2));
#4349 = ( GEOMETRIC_REPRESENTATION_CONTEXT(2) 
PARAMETRIC_REPRESENTATION_CONTEXT() REPRESENTATION_CONTEXT('2D SPACE',''
  ) );
#4350 = FACE_BOUND('',#4351,.F.);
#4351 = EDGE_LOOP('',(#4352,#4380,#4406,#4432,#4458,#4484,#4510,#4536,
    #4562));
#4352 = ORIENTED_EDGE('',*,*,#4353,.F.);
#4353 = EDGE_CURVE('',#4354,#4356,#4358,.T.);
#4354 = VERTEX_POINT('',#4355);
#4355 = CARTESIAN_POINT('',(3.45,16.041181640625,4.862646484375));
#4356 = VERTEX_POINT('',#4357);
#4357 = CARTESIAN_POINT('',(3.45,15.436201171875,4.862646484375));
#4358 = SURFACE_CURVE('',#4359,(#4363,#4369),.PCURVE_S1.);
#4359 = LINE('',#4360,#4361);
#4360 = CARTESIAN_POINT('',(3.45,6.685590820313,4.862646484375));
#4361 = VECTOR('',#4362,1.);
#4362 = DIRECTION('',(-0.,-1.,-0.));
#4363 = PCURVE('',#100,#4364);
#4364 = DEFINITIONAL_REPRESENTATION('',(#4365),#4368);
#4365 = B_SPLINE_CURVE_WITH_KNOTS('',1,(#4366,#4367),.UNSPECIFIED.,.F.,
  .F.,(2,2),(-9.355590820312,-8.750610351562),.PIECEWISE_BEZIER_KNOTS.);
#4366 = CARTESIAN_POINT('',(18.711181640625,-4.862646484375));
#4367 = CARTESIAN_POINT('',(18.106201171875,-4.862646484375));
#4368 = ( GEOMETRIC_REPRESENTATION_CONTEXT(2) 
PARAMETRIC_REPRESENTATION_CONTEXT() REPRESENTATION_CONTEXT('2D SPACE',''
  ) );
#4369 = PCURVE('',#4370,#4375);
#4370 = PLANE('',#4371);
#4371 = AXIS2_PLACEMENT_3D('',#4372,#4373,#4374);
#4372 = CARTESIAN_POINT('',(3.25,16.041181640625,4.862646484375));
#4373 = DIRECTION('',(0.,0.,-1.));
#4374 = DIRECTION('',(0.,-1.,0.));
#4375 = DEFINITIONAL_REPRESENTATION('',(#4376),#4379);
#4376 = B_SPLINE_CURVE_WITH_KNOTS('',1,(#4377,#4378),.UNSPECIFIED.,.F.,
  .F.,(2,2),(-9.355590820312,-8.750610351562),.PIECEWISE_BEZIER_KNOTS.);
#4377 = CARTESIAN_POINT('',(0.,-0.2));
#4378 = CARTESIAN_POINT('',(0.60498046875,-0.2));
#4379 = ( GEOMETRIC_REPRESENTATION_CONTEXT(2) 
PARAMETRIC_REPRESENTATION_CONTEXT() REPRESENTATION_CONTEXT('2D SPACE',''
  ) );
#4380 = ORIENTED_EDGE('',*,*,#4381,.F.);
#4381 = EDGE_CURVE('',#4382,#4354,#4384,.T.);
#4382 = VERTEX_POINT('',#4383);
#4383 = CARTESIAN_POINT('',(3.45,16.041181640625,6.123876953125));
#4384 = SURFACE_CURVE('',#4385,(#4389,#4395),.PCURVE_S1.);
#4385 = LINE('',#4386,#4387);
#4386 = CARTESIAN_POINT('',(3.45,16.041181640625,3.061938476563));
#4387 = VECTOR('',#4388,1.);
#4388 = DIRECTION('',(0.,0.,-1.));
#4389 = PCURVE('',#100,#4390);
#4390 = DEFINITIONAL_REPRESENTATION('',(#4391),#4394);
#4391 = B_SPLINE_CURVE_WITH_KNOTS('',1,(#4392,#4393),.UNSPECIFIED.,.F.,
  .F.,(2,2),(-3.061938476563,-1.800708007813),.PIECEWISE_BEZIER_KNOTS.);
#4392 = CARTESIAN_POINT('',(18.711181640625,-6.123876953125));
#4393 = CARTESIAN_POINT('',(18.711181640625,-4.862646484375));
#4394 = ( GEOMETRIC_REPRESENTATION_CONTEXT(2) 
PARAMETRIC_REPRESENTATION_CONTEXT() REPRESENTATION_CONTEXT('2D SPACE',''
  ) );
#4395 = PCURVE('',#4396,#4401);
#4396 = PLANE('',#4397);
#4397 = AXIS2_PLACEMENT_3D('',#4398,#4399,#4400);
#4398 = CARTESIAN_POINT('',(3.25,16.041181640625,6.123876953125));
#4399 = DIRECTION('',(0.,1.,0.));
#4400 = DIRECTION('',(0.,0.,-1.));
#4401 = DEFINITIONAL_REPRESENTATION('',(#4402),#4405);
#4402 = B_SPLINE_CURVE_WITH_KNOTS('',1,(#4403,#4404),.UNSPECIFIED.,.F.,
  .F.,(2,2),(-3.061938476563,-1.800708007813),.PIECEWISE_BEZIER_KNOTS.);
#4403 = CARTESIAN_POINT('',(0.,-0.2));
#4404 = CARTESIAN_POINT('',(1.26123046875,-0.2));
#4405 = ( GEOMETRIC_REPRESENTATION_CONTEXT(2) 
PARAMETRIC_REPRESENTATION_CONTEXT() REPRESENTATION_CONTEXT('2D SPACE',''
  ) );
#4406 = ORIENTED_EDGE('',*,*,#4407,.F.);
#4407 = EDGE_CURVE('',#4408,#4382,#4410,.T.);
#4408 = VERTEX_POINT('',#4409);
#4409 = CARTESIAN_POINT('',(3.45,17.146552734375,7.869091796875));
#4410 = SURFACE_CURVE('',#4411,(#4415,#4421),.PCURVE_S1.);
#4411 = LINE('',#4412,#4413);
#4412 = CARTESIAN_POINT('',(3.45,12.53120460742,0.582150691052));
#4413 = VECTOR('',#4414,1.);
#4414 = DIRECTION('',(-0.,-0.535075698405,-0.844804117519));
#4415 = PCURVE('',#100,#4416);
#4416 = DEFINITIONAL_REPRESENTATION('',(#4417),#4420);
#4417 = B_SPLINE_CURVE_WITH_KNOTS('',1,(#4418,#4419),.UNSPECIFIED.,.F.,
  .F.,(2,2),(-8.625598472728,-6.559776576788),.PIECEWISE_BEZIER_KNOTS.);
#4418 = CARTESIAN_POINT('',(19.816552734375,-7.869091796875));
#4419 = CARTESIAN_POINT('',(18.711181640625,-6.123876953125));
#4420 = ( GEOMETRIC_REPRESENTATION_CONTEXT(2) 
PARAMETRIC_REPRESENTATION_CONTEXT() REPRESENTATION_CONTEXT('2D SPACE',''
  ) );
#4421 = PCURVE('',#4422,#4427);
#4422 = PLANE('',#4423);
#4423 = AXIS2_PLACEMENT_3D('',#4424,#4425,#4426);
#4424 = CARTESIAN_POINT('',(3.25,17.146552734375,7.869091796875));
#4425 = DIRECTION('',(0.,0.844804117519,-0.535075698405));
#4426 = DIRECTION('',(0.,-0.535075698405,-0.844804117519));
#4427 = DEFINITIONAL_REPRESENTATION('',(#4428),#4431);
#4428 = B_SPLINE_CURVE_WITH_KNOTS('',1,(#4429,#4430),.UNSPECIFIED.,.F.,
  .F.,(2,2),(-8.625598472728,-6.559776576788),.PIECEWISE_BEZIER_KNOTS.);
#4429 = CARTESIAN_POINT('',(0.,-0.2));
#4430 = CARTESIAN_POINT('',(2.06582189594,-0.2));
#4431 = ( GEOMETRIC_REPRESENTATION_CONTEXT(2) 
PARAMETRIC_REPRESENTATION_CONTEXT() REPRESENTATION_CONTEXT('2D SPACE',''
  ) );
#4432 = ORIENTED_EDGE('',*,*,#4433,.F.);
#4433 = EDGE_CURVE('',#4434,#4408,#4436,.T.);
#4434 = VERTEX_POINT('',#4435);
#4435 = CARTESIAN_POINT('',(3.45,16.447236328125,7.869091796875));
#4436 = SURFACE_CURVE('',#4437,(#4441,#4447),.PCURVE_S1.);
#4437 = LINE('',#4438,#4439);
#4438 = CARTESIAN_POINT('',(3.45,6.888618164063,7.869091796875));
#4439 = VECTOR('',#4440,1.);
#4440 = DIRECTION('',(0.,1.,-0.));
#4441 = PCURVE('',#100,#4442);
#4442 = DEFINITIONAL_REPRESENTATION('',(#4443),#4446);
#4443 = B_SPLINE_CURVE_WITH_KNOTS('',1,(#4444,#4445),.UNSPECIFIED.,.F.,
  .F.,(2,2),(9.558618164062,10.257934570312),.PIECEWISE_BEZIER_KNOTS.);
#4444 = CARTESIAN_POINT('',(19.117236328125,-7.869091796875));
#4445 = CARTESIAN_POINT('',(19.816552734375,-7.869091796875));
#4446 = ( GEOMETRIC_REPRESENTATION_CONTEXT(2) 
PARAMETRIC_REPRESENTATION_CONTEXT() REPRESENTATION_CONTEXT('2D SPACE',''
  ) );
#4447 = PCURVE('',#4448,#4453);
#4448 = PLANE('',#4449);
#4449 = AXIS2_PLACEMENT_3D('',#4450,#4451,#4452);
#4450 = CARTESIAN_POINT('',(3.25,16.447236328125,7.869091796875));
#4451 = DIRECTION('',(0.,0.,1.));
#4452 = DIRECTION('',(0.,1.,0.));
#4453 = DEFINITIONAL_REPRESENTATION('',(#4454),#4457);
#4454 = B_SPLINE_CURVE_WITH_KNOTS('',1,(#4455,#4456),.UNSPECIFIED.,.F.,
  .F.,(2,2),(9.558618164062,10.257934570312),.PIECEWISE_BEZIER_KNOTS.);
#4455 = CARTESIAN_POINT('',(0.,-0.2));
#4456 = CARTESIAN_POINT('',(0.69931640625,-0.2));
#4457 = ( GEOMETRIC_REPRESENTATION_CONTEXT(2) 
PARAMETRIC_REPRESENTATION_CONTEXT() REPRESENTATION_CONTEXT('2D SPACE',''
  ) );
#4458 = ORIENTED_EDGE('',*,*,#4459,.F.);
#4459 = EDGE_CURVE('',#4460,#4434,#4462,.T.);
#4460 = VERTEX_POINT('',#4461);
#4461 = CARTESIAN_POINT('',(3.45,15.754072265625,6.679638671875));
#4462 = SURFACE_CURVE('',#4463,(#4467,#4473),.PCURVE_S1.);
#4463 = LINE('',#4464,#4465);
#4464 = CARTESIAN_POINT('',(3.45,11.965809160881,0.179068847166));
#4465 = VECTOR('',#4466,1.);
#4466 = DIRECTION('',(0.,0.503500497161,0.863994935957));
#4467 = PCURVE('',#100,#4468);
#4468 = DEFINITIONAL_REPRESENTATION('',(#4469),#4472);
#4469 = B_SPLINE_CURVE_WITH_KNOTS('',1,(#4470,#4471),.UNSPECIFIED.,.F.,
  .F.,(2,2),(7.523851765996,8.900541692636),.PIECEWISE_BEZIER_KNOTS.);
#4470 = CARTESIAN_POINT('',(18.424072265625,-6.679638671875));
#4471 = CARTESIAN_POINT('',(19.117236328125,-7.869091796875));
#4472 = ( GEOMETRIC_REPRESENTATION_CONTEXT(2) 
PARAMETRIC_REPRESENTATION_CONTEXT() REPRESENTATION_CONTEXT('2D SPACE',''
  ) );
#4473 = PCURVE('',#4474,#4479);
#4474 = PLANE('',#4475);
#4475 = AXIS2_PLACEMENT_3D('',#4476,#4477,#4478);
#4476 = CARTESIAN_POINT('',(3.25,15.754072265625,6.679638671875));
#4477 = DIRECTION('',(0.,-0.863994935957,0.503500497161));
#4478 = DIRECTION('',(0.,0.503500497161,0.863994935957));
#4479 = DEFINITIONAL_REPRESENTATION('',(#4480),#4483);
#4480 = B_SPLINE_CURVE_WITH_KNOTS('',1,(#4481,#4482),.UNSPECIFIED.,.F.,
  .F.,(2,2),(7.523851765996,8.900541692636),.PIECEWISE_BEZIER_KNOTS.);
#4481 = CARTESIAN_POINT('',(0.,-0.2));
#4482 = CARTESIAN_POINT('',(1.376689926641,-0.2));
#4483 = ( GEOMETRIC_REPRESENTATION_CONTEXT(2) 
PARAMETRIC_REPRESENTATION_CONTEXT() REPRESENTATION_CONTEXT('2D SPACE',''
  ) );
#4484 = ORIENTED_EDGE('',*,*,#4485,.F.);
#4485 = EDGE_CURVE('',#4486,#4460,#4488,.T.);
#4486 = VERTEX_POINT('',#4487);
#4487 = CARTESIAN_POINT('',(3.45,15.046552734375,7.869091796875));
#4488 = SURFACE_CURVE('',#4489,(#4493,#4499),.PCURVE_S1.);
#4489 = LINE('',#4490,#4491);
#4490 = CARTESIAN_POINT('',(3.45,14.460169223748,8.854895959668));
#4491 = VECTOR('',#4492,1.);
#4492 = DIRECTION('',(0.,0.511223326077,-0.859447910507));
#4493 = PCURVE('',#100,#4494);
#4494 = DEFINITIONAL_REPRESENTATION('',(#4495),#4498);
#4495 = B_SPLINE_CURVE_WITH_KNOTS('',1,(#4496,#4497),.UNSPECIFIED.,.F.,
  .F.,(2,2),(1.14702025654,2.530993747498),.PIECEWISE_BEZIER_KNOTS.);
#4496 = CARTESIAN_POINT('',(17.716552734375,-7.869091796875));
#4497 = CARTESIAN_POINT('',(18.424072265625,-6.679638671875));
#4498 = ( GEOMETRIC_REPRESENTATION_CONTEXT(2) 
PARAMETRIC_REPRESENTATION_CONTEXT() REPRESENTATION_CONTEXT('2D SPACE',''
  ) );
#4499 = PCURVE('',#4500,#4505);
#4500 = PLANE('',#4501);
#4501 = AXIS2_PLACEMENT_3D('',#4502,#4503,#4504);
#4502 = CARTESIAN_POINT('',(3.25,15.046552734375,7.869091796875));
#4503 = DIRECTION('',(0.,0.859447910507,0.511223326077));
#4504 = DIRECTION('',(0.,0.511223326077,-0.859447910507));
#4505 = DEFINITIONAL_REPRESENTATION('',(#4506),#4509);
#4506 = B_SPLINE_CURVE_WITH_KNOTS('',1,(#4507,#4508),.UNSPECIFIED.,.F.,
  .F.,(2,2),(1.14702025654,2.530993747498),.PIECEWISE_BEZIER_KNOTS.);
#4507 = CARTESIAN_POINT('',(0.,-0.2));
#4508 = CARTESIAN_POINT('',(1.383973490957,-0.2));
#4509 = ( GEOMETRIC_REPRESENTATION_CONTEXT(2) 
PARAMETRIC_REPRESENTATION_CONTEXT() REPRESENTATION_CONTEXT('2D SPACE',''
  ) );
#4510 = ORIENTED_EDGE('',*,*,#4511,.F.);
#4511 = EDGE_CURVE('',#4512,#4486,#4514,.T.);
#4512 = VERTEX_POINT('',#4513);
#4513 = CARTESIAN_POINT('',(3.45,14.334931640625,7.869091796875));
#4514 = SURFACE_CURVE('',#4515,(#4519,#4525),.PCURVE_S1.);
#4515 = LINE('',#4516,#4517);
#4516 = CARTESIAN_POINT('',(3.45,5.832465820313,7.869091796875));
#4517 = VECTOR('',#4518,1.);
#4518 = DIRECTION('',(0.,1.,-0.));
#4519 = PCURVE('',#100,#4520);
#4520 = DEFINITIONAL_REPRESENTATION('',(#4521),#4524);
#4521 = B_SPLINE_CURVE_WITH_KNOTS('',1,(#4522,#4523),.UNSPECIFIED.,.F.,
  .F.,(2,2),(8.502465820312,9.214086914062),.PIECEWISE_BEZIER_KNOTS.);
#4522 = CARTESIAN_POINT('',(17.004931640625,-7.869091796875));
#4523 = CARTESIAN_POINT('',(17.716552734375,-7.869091796875));
#4524 = ( GEOMETRIC_REPRESENTATION_CONTEXT(2) 
PARAMETRIC_REPRESENTATION_CONTEXT() REPRESENTATION_CONTEXT('2D SPACE',''
  ) );
#4525 = PCURVE('',#4526,#4531);
#4526 = PLANE('',#4527);
#4527 = AXIS2_PLACEMENT_3D('',#4528,#4529,#4530);
#4528 = CARTESIAN_POINT('',(3.25,14.334931640625,7.869091796875));
#4529 = DIRECTION('',(0.,0.,1.));
#4530 = DIRECTION('',(0.,1.,0.));
#4531 = DEFINITIONAL_REPRESENTATION('',(#4532),#4535);
#4532 = B_SPLINE_CURVE_WITH_KNOTS('',1,(#4533,#4534),.UNSPECIFIED.,.F.,
  .F.,(2,2),(8.502465820312,9.214086914062),.PIECEWISE_BEZIER_KNOTS.);
#4533 = CARTESIAN_POINT('',(0.,-0.2));
#4534 = CARTESIAN_POINT('',(0.71162109375,-0.2));
#4535 = ( GEOMETRIC_REPRESENTATION_CONTEXT(2) 
PARAMETRIC_REPRESENTATION_CONTEXT() REPRESENTATION_CONTEXT('2D SPACE',''
  ) );
#4536 = ORIENTED_EDGE('',*,*,#4537,.F.);
#4537 = EDGE_CURVE('',#4538,#4512,#4540,.T.);
#4538 = VERTEX_POINT('',#4539);
#4539 = CARTESIAN_POINT('',(3.45,15.436201171875,6.127978515625));
#4540 = SURFACE_CURVE('',#4541,(#4545,#4551),.PCURVE_S1.);
#4541 = LINE('',#4542,#4543);
#4542 = CARTESIAN_POINT('',(3.45,14.23350883226,8.029441823508));
#4543 = VECTOR('',#4544,1.);
#4544 = DIRECTION('',(0.,-0.534554660033,0.84513390385));
#4545 = PCURVE('',#100,#4546);
#4546 = DEFINITIONAL_REPRESENTATION('',(#4547),#4550);
#4547 = B_SPLINE_CURVE_WITH_KNOTS('',1,(#4548,#4549),.UNSPECIFIED.,.F.,
  .F.,(2,2),(-2.249895903146,-0.189733278836),.PIECEWISE_BEZIER_KNOTS.);
#4548 = CARTESIAN_POINT('',(18.106201171875,-6.127978515625));
#4549 = CARTESIAN_POINT('',(17.004931640625,-7.869091796875));
#4550 = ( GEOMETRIC_REPRESENTATION_CONTEXT(2) 
PARAMETRIC_REPRESENTATION_CONTEXT() REPRESENTATION_CONTEXT('2D SPACE',''
  ) );
#4551 = PCURVE('',#4552,#4557);
#4552 = PLANE('',#4553);
#4553 = AXIS2_PLACEMENT_3D('',#4554,#4555,#4556);
#4554 = CARTESIAN_POINT('',(3.25,15.436201171875,6.127978515625));
#4555 = DIRECTION('',(0.,-0.84513390385,-0.534554660033));
#4556 = DIRECTION('',(0.,-0.534554660033,0.84513390385));
#4557 = DEFINITIONAL_REPRESENTATION('',(#4558),#4561);
#4558 = B_SPLINE_CURVE_WITH_KNOTS('',1,(#4559,#4560),.UNSPECIFIED.,.F.,
  .F.,(2,2),(-2.249895903146,-0.189733278836),.PIECEWISE_BEZIER_KNOTS.);
#4559 = CARTESIAN_POINT('',(0.,-0.2));
#4560 = CARTESIAN_POINT('',(2.06016262431,-0.2));
#4561 = ( GEOMETRIC_REPRESENTATION_CONTEXT(2) 
PARAMETRIC_REPRESENTATION_CONTEXT() REPRESENTATION_CONTEXT('2D SPACE',''
  ) );
#4562 = ORIENTED_EDGE('',*,*,#4563,.F.);
#4563 = EDGE_CURVE('',#4356,#4538,#4564,.T.);
#4564 = SURFACE_CURVE('',#4565,(#4569,#4575),.PCURVE_S1.);
#4565 = LINE('',#4566,#4567);
#4566 = CARTESIAN_POINT('',(3.45,15.436201171875,2.431323242188));
#4567 = VECTOR('',#4568,1.);
#4568 = DIRECTION('',(0.,0.,1.));
#4569 = PCURVE('',#100,#4570);
#4570 = DEFINITIONAL_REPRESENTATION('',(#4571),#4574);
#4571 = B_SPLINE_CURVE_WITH_KNOTS('',1,(#4572,#4573),.UNSPECIFIED.,.F.,
  .F.,(2,2),(2.431323242188,3.696655273438),.PIECEWISE_BEZIER_KNOTS.);
#4572 = CARTESIAN_POINT('',(18.106201171875,-4.862646484375));
#4573 = CARTESIAN_POINT('',(18.106201171875,-6.127978515625));
#4574 = ( GEOMETRIC_REPRESENTATION_CONTEXT(2) 
PARAMETRIC_REPRESENTATION_CONTEXT() REPRESENTATION_CONTEXT('2D SPACE',''
  ) );
#4575 = PCURVE('',#4576,#4581);
#4576 = PLANE('',#4577);
#4577 = AXIS2_PLACEMENT_3D('',#4578,#4579,#4580);
#4578 = CARTESIAN_POINT('',(3.25,15.436201171875,4.862646484375));
#4579 = DIRECTION('',(0.,-1.,0.));
#4580 = DIRECTION('',(0.,0.,1.));
#4581 = DEFINITIONAL_REPRESENTATION('',(#4582),#4585);
#4582 = B_SPLINE_CURVE_WITH_KNOTS('',1,(#4583,#4584),.UNSPECIFIED.,.F.,
  .F.,(2,2),(2.431323242188,3.696655273438),.PIECEWISE_BEZIER_KNOTS.);
#4583 = CARTESIAN_POINT('',(0.,-0.2));
#4584 = CARTESIAN_POINT('',(1.26533203125,-0.2));
#4585 = ( GEOMETRIC_REPRESENTATION_CONTEXT(2) 
PARAMETRIC_REPRESENTATION_CONTEXT() REPRESENTATION_CONTEXT('2D SPACE',''
  ) );
#4586 = FACE_BOUND('',#4587,.F.);
#4587 = EDGE_LOOP('',(#4588,#4647,#4704,#4761,#4818,#4881,#4932,#4989));
#4588 = ORIENTED_EDGE('',*,*,#4589,.T.);
#4589 = EDGE_CURVE('',#4590,#4592,#4594,.T.);
#4590 = VERTEX_POINT('',#4591);
#4591 = CARTESIAN_POINT('',(3.45,20.438056640625,6.345361328125));
#4592 = VERTEX_POINT('',#4593);
#4593 = CARTESIAN_POINT('',(3.45,20.144794921875,7.569677734375));
#4594 = SURFACE_CURVE('',#4595,(#4608,#4624),.PCURVE_S1.);
#4595 = B_SPLINE_CURVE_WITH_KNOTS('',6,(#4596,#4597,#4598,#4599,#4600,
    #4601,#4602,#4603,#4604,#4605,#4606,#4607),.UNSPECIFIED.,.F.,.F.,(7,
    5,7),(0.,0.602171525435,1.),.UNSPECIFIED.);
#4596 = CARTESIAN_POINT('',(3.45,20.438056640625,6.345361328125));
#4597 = CARTESIAN_POINT('',(3.45,20.438056640625,6.486683394821));
#4598 = CARTESIAN_POINT('',(3.45,20.433251375641,6.625888121709));
#4599 = CARTESIAN_POINT('',(3.45,20.422895391804,6.762580087464));
#4600 = CARTESIAN_POINT('',(3.45,20.406001520688,6.895861487494));
#4601 = CARTESIAN_POINT('',(3.45,20.381333548609,7.024328196795));
#4602 = CARTESIAN_POINT('',(3.45,20.324979733727,7.226492581651));
#4603 = CARTESIAN_POINT('',(3.45,20.298526500854,7.303945384251));
#4604 = CARTESIAN_POINT('',(3.45,20.267628998222,7.377825628915));
#4605 = CARTESIAN_POINT('',(3.45,20.231883601147,7.447343325579));
#4606 = CARTESIAN_POINT('',(3.45,20.190954206303,7.511575138591));
#4607 = CARTESIAN_POINT('',(3.45,20.144794921875,7.569677734375));
#4608 = PCURVE('',#100,#4609);
#4609 = DEFINITIONAL_REPRESENTATION('',(#4610),#4623);
#4610 = B_SPLINE_CURVE_WITH_KNOTS('',6,(#4611,#4612,#4613,#4614,#4615,
    #4616,#4617,#4618,#4619,#4620,#4621,#4622),.UNSPECIFIED.,.F.,.F.,(7,
    5,7),(0.,0.602171525435,1.),.UNSPECIFIED.);
#4611 = CARTESIAN_POINT('',(23.108056640625,-6.345361328125));
#4612 = CARTESIAN_POINT('',(23.108056640625,-6.486683394821));
#4613 = CARTESIAN_POINT('',(23.103251375641,-6.625888121709));
#4614 = CARTESIAN_POINT('',(23.092895391804,-6.762580087464));
#4615 = CARTESIAN_POINT('',(23.076001520688,-6.895861487494));
#4616 = CARTESIAN_POINT('',(23.051333548609,-7.024328196795));
#4617 = CARTESIAN_POINT('',(22.994979733727,-7.226492581651));
#4618 = CARTESIAN_POINT('',(22.968526500854,-7.303945384251));
#4619 = CARTESIAN_POINT('',(22.937628998222,-7.377825628915));
#4620 = CARTESIAN_POINT('',(22.901883601147,-7.447343325579));
#4621 = CARTESIAN_POINT('',(22.860954206303,-7.511575138591));
#4622 = CARTESIAN_POINT('',(22.814794921875,-7.569677734375));
#4623 = ( GEOMETRIC_REPRESENTATION_CONTEXT(2) 
PARAMETRIC_REPRESENTATION_CONTEXT() REPRESENTATION_CONTEXT('2D SPACE',''
  ) );
#4624 = PCURVE('',#4625,#4632);
#4625 = SURFACE_OF_LINEAR_EXTRUSION('',#4626,#4630);
#4626 = B_SPLINE_CURVE_WITH_KNOTS('',2,(#4627,#4628,#4629),
  .UNSPECIFIED.,.F.,.F.,(3,3),(0.,1.),.PIECEWISE_BEZIER_KNOTS.);
#4627 = CARTESIAN_POINT('',(3.25,20.144794921875,7.569677734375));
#4628 = CARTESIAN_POINT('',(3.25,20.438056640625,7.200537109375));
#4629 = CARTESIAN_POINT('',(3.25,20.438056640625,6.345361328125));
#4630 = VECTOR('',#4631,1.);
#4631 = DIRECTION('',(-1.,-0.,-0.));
#4632 = DEFINITIONAL_REPRESENTATION('',(#4633),#4646);
#4633 = B_SPLINE_CURVE_WITH_KNOTS('',6,(#4634,#4635,#4636,#4637,#4638,
    #4639,#4640,#4641,#4642,#4643,#4644,#4645),.UNSPECIFIED.,.F.,.F.,(7,
    5,7),(0.,0.602171525435,1.),.UNSPECIFIED.);
#4634 = CARTESIAN_POINT('',(1.,-0.2));
#4635 = CARTESIAN_POINT('',(0.917372504113,-0.2));
#4636 = CARTESIAN_POINT('',(0.831326628661,-0.2));
#4637 = CARTESIAN_POINT('',(0.741371216628,-0.2));
#4638 = CARTESIAN_POINT('',(0.64707461889,-0.2));
#4639 = CARTESIAN_POINT('',(0.548059892672,-0.2));
#4640 = CARTESIAN_POINT('',(0.37525216551,-0.2));
#4641 = CARTESIAN_POINT('',(0.304334070935,-0.2));
#4642 = CARTESIAN_POINT('',(0.23119823353,-0.2));
#4643 = CARTESIAN_POINT('',(0.155915425677,-0.2));
#4644 = CARTESIAN_POINT('',(7.869981227855E-02,-0.2));
#4645 = CARTESIAN_POINT('',(0.,-0.2));
#4646 = ( GEOMETRIC_REPRESENTATION_CONTEXT(2) 
PARAMETRIC_REPRESENTATION_CONTEXT() REPRESENTATION_CONTEXT('2D SPACE',''
  ) );
#4647 = ORIENTED_EDGE('',*,*,#4648,.T.);
#4648 = EDGE_CURVE('',#4592,#4649,#4651,.T.);
#4649 = VERTEX_POINT('',#4650);
#4650 = CARTESIAN_POINT('',(3.45,19.461884765625,7.881396484375));
#4651 = SURFACE_CURVE('',#4652,(#4665,#4681),.PCURVE_S1.);
#4652 = B_SPLINE_CURVE_WITH_KNOTS('',6,(#4653,#4654,#4655,#4656,#4657,
    #4658,#4659,#4660,#4661,#4662,#4663,#4664),.UNSPECIFIED.,.F.,.F.,(7,
    5,7),(0.,0.372823171366,1.),.UNSPECIFIED.);
#4653 = CARTESIAN_POINT('',(3.45,20.144794921875,7.569677734375));
#4654 = CARTESIAN_POINT('',(3.45,20.11443270536,7.60813654196));
#4655 = CARTESIAN_POINT('',(3.45,20.082049521328,7.644101912691));
#4656 = CARTESIAN_POINT('',(3.45,20.047645013191,7.677400079279));
#4657 = CARTESIAN_POINT('',(3.45,20.011247429495,7.707884665015));
#4658 = CARTESIAN_POINT('',(3.45,19.972920250646,7.735446041165));
#4659 = CARTESIAN_POINT('',(3.45,19.865224597304,7.801361051543));
#4660 = CARTESIAN_POINT('',(3.45,19.792490660648,7.834265926942));
#4661 = CARTESIAN_POINT('',(3.45,19.715092353399,7.858399654008));
#4662 = CARTESIAN_POINT('',(3.45,19.633707656929,7.873945963588));
#4663 = CARTESIAN_POINT('',(3.45,19.549068079605,7.881396484375));
#4664 = CARTESIAN_POINT('',(3.45,19.461884765625,7.881396484375));
#4665 = PCURVE('',#100,#4666);
#4666 = DEFINITIONAL_REPRESENTATION('',(#4667),#4680);
#4667 = B_SPLINE_CURVE_WITH_KNOTS('',6,(#4668,#4669,#4670,#4671,#4672,
    #4673,#4674,#4675,#4676,#4677,#4678,#4679),.UNSPECIFIED.,.F.,.F.,(7,
    5,7),(0.,0.372823171366,1.),.UNSPECIFIED.);
#4668 = CARTESIAN_POINT('',(22.814794921875,-7.569677734375));
#4669 = CARTESIAN_POINT('',(22.78443270536,-7.60813654196));
#4670 = CARTESIAN_POINT('',(22.752049521328,-7.644101912691));
#4671 = CARTESIAN_POINT('',(22.717645013191,-7.677400079279));
#4672 = CARTESIAN_POINT('',(22.681247429495,-7.707884665015));
#4673 = CARTESIAN_POINT('',(22.642920250646,-7.735446041165));
#4674 = CARTESIAN_POINT('',(22.535224597304,-7.801361051543));
#4675 = CARTESIAN_POINT('',(22.462490660648,-7.834265926942));
#4676 = CARTESIAN_POINT('',(22.385092353399,-7.858399654008));
#4677 = CARTESIAN_POINT('',(22.303707656929,-7.873945963588));
#4678 = CARTESIAN_POINT('',(22.219068079605,-7.881396484375));
#4679 = CARTESIAN_POINT('',(22.131884765625,-7.881396484375));
#4680 = ( GEOMETRIC_REPRESENTATION_CONTEXT(2) 
PARAMETRIC_REPRESENTATION_CONTEXT() REPRESENTATION_CONTEXT('2D SPACE',''
  ) );
#4681 = PCURVE('',#4682,#4689);
#4682 = SURFACE_OF_LINEAR_EXTRUSION('',#4683,#4687);
#4683 = B_SPLINE_CURVE_WITH_KNOTS('',2,(#4684,#4685,#4686),
  .UNSPECIFIED.,.F.,.F.,(3,3),(0.,1.),.PIECEWISE_BEZIER_KNOTS.);
#4684 = CARTESIAN_POINT('',(3.25,19.461884765625,7.881396484375));
#4685 = CARTESIAN_POINT('',(3.25,19.898701171875,7.881396484375));
#4686 = CARTESIAN_POINT('',(3.25,20.144794921875,7.569677734375));
#4687 = VECTOR('',#4688,1.);
#4688 = DIRECTION('',(-1.,-0.,-0.));
#4689 = DEFINITIONAL_REPRESENTATION('',(#4690),#4703);
#4690 = B_SPLINE_CURVE_WITH_KNOTS('',6,(#4691,#4692,#4693,#4694,#4695,
    #4696,#4697,#4698,#4699,#4700,#4701,#4702),.UNSPECIFIED.,.F.,.F.,(7,
    5,7),(0.,0.372823171366,1.),.UNSPECIFIED.);
#4691 = CARTESIAN_POINT('',(1.,-0.2));
#4692 = CARTESIAN_POINT('',(0.938311687081,-0.2));
#4693 = CARTESIAN_POINT('',(0.876056342045,-0.2));
#4694 = CARTESIAN_POINT('',(0.813355253327,-0.2));
#4695 = CARTESIAN_POINT('',(0.750343269319,-0.2));
#4696 = CARTESIAN_POINT('',(0.687169830241,-0.2));
#4697 = CARTESIAN_POINT('',(0.517733392024,-0.2));
#4698 = CARTESIAN_POINT('',(0.411434128116,-0.2));
#4699 = CARTESIAN_POINT('',(0.305938619813,-0.2));
#4700 = CARTESIAN_POINT('',(0.201894241041,-0.2));
#4701 = CARTESIAN_POINT('',(9.979400124725E-02,-0.2));
#4702 = CARTESIAN_POINT('',(0.,-0.2));
#4703 = ( GEOMETRIC_REPRESENTATION_CONTEXT(2) 
PARAMETRIC_REPRESENTATION_CONTEXT() REPRESENTATION_CONTEXT('2D SPACE',''
  ) );
#4704 = ORIENTED_EDGE('',*,*,#4705,.T.);
#4705 = EDGE_CURVE('',#4649,#4706,#4708,.T.);
#4706 = VERTEX_POINT('',#4707);
#4707 = CARTESIAN_POINT('',(3.45,18.781025390625,7.573779296875));
#4708 = SURFACE_CURVE('',#4709,(#4722,#4738),.PCURVE_S1.);
#4709 = B_SPLINE_CURVE_WITH_KNOTS('',6,(#4710,#4711,#4712,#4713,#4714,
    #4715,#4716,#4717,#4718,#4719,#4720,#4721),.UNSPECIFIED.,.F.,.F.,(7,
    5,7),(0.,0.641491152971,1.),.UNSPECIFIED.);
#4710 = CARTESIAN_POINT('',(3.45,19.461884765625,7.881396484375));
#4711 = CARTESIAN_POINT('',(3.45,19.372878310201,7.881396484375));
#4712 = CARTESIAN_POINT('',(3.45,19.286550248347,7.87373327391));
#4713 = CARTESIAN_POINT('',(3.45,19.203655459517,7.857721570547));
#4714 = CARTESIAN_POINT('',(3.45,19.124974113409,7.832833771927));
#4715 = CARTESIAN_POINT('',(3.45,19.051229356856,7.798867809692));
#4716 = CARTESIAN_POINT('',(3.45,18.9448287398,7.732327444189));
#4717 = CARTESIAN_POINT('',(3.45,18.908389122202,7.705743424614));
#4718 = CARTESIAN_POINT('',(3.45,18.873747097145,7.676486855632));
#4719 = CARTESIAN_POINT('',(3.45,18.840959045368,7.644652523645));
#4720 = CARTESIAN_POINT('',(3.45,18.810051304136,7.610366582814));
#4721 = CARTESIAN_POINT('',(3.45,18.781025390625,7.573779296875));
#4722 = PCURVE('',#100,#4723);
#4723 = DEFINITIONAL_REPRESENTATION('',(#4724),#4737);
#4724 = B_SPLINE_CURVE_WITH_KNOTS('',6,(#4725,#4726,#4727,#4728,#4729,
    #4730,#4731,#4732,#4733,#4734,#4735,#4736),.UNSPECIFIED.,.F.,.F.,(7,
    5,7),(0.,0.641491152971,1.),.UNSPECIFIED.);
#4725 = CARTESIAN_POINT('',(22.131884765625,-7.881396484375));
#4726 = CARTESIAN_POINT('',(22.042878310201,-7.881396484375));
#4727 = CARTESIAN_POINT('',(21.956550248347,-7.87373327391));
#4728 = CARTESIAN_POINT('',(21.873655459517,-7.857721570547));
#4729 = CARTESIAN_POINT('',(21.794974113409,-7.832833771927));
#4730 = CARTESIAN_POINT('',(21.721229356856,-7.798867809692));
#4731 = CARTESIAN_POINT('',(21.6148287398,-7.732327444189));
#4732 = CARTESIAN_POINT('',(21.578389122202,-7.705743424614));
#4733 = CARTESIAN_POINT('',(21.543747097145,-7.676486855632));
#4734 = CARTESIAN_POINT('',(21.510959045368,-7.644652523645));
#4735 = CARTESIAN_POINT('',(21.480051304136,-7.610366582814));
#4736 = CARTESIAN_POINT('',(21.451025390625,-7.573779296875));
#4737 = ( GEOMETRIC_REPRESENTATION_CONTEXT(2) 
PARAMETRIC_REPRESENTATION_CONTEXT() REPRESENTATION_CONTEXT('2D SPACE',''
  ) );
#4738 = PCURVE('',#4739,#4746);
#4739 = SURFACE_OF_LINEAR_EXTRUSION('',#4740,#4744);
#4740 = B_SPLINE_CURVE_WITH_KNOTS('',2,(#4741,#4742,#4743),
  .UNSPECIFIED.,.F.,.F.,(3,3),(0.,1.),.PIECEWISE_BEZIER_KNOTS.);
#4741 = CARTESIAN_POINT('',(3.25,18.781025390625,7.573779296875));
#4742 = CARTESIAN_POINT('',(3.25,19.025068359375,7.881396484375));
#4743 = CARTESIAN_POINT('',(3.25,19.461884765625,7.881396484375));
#4744 = VECTOR('',#4745,1.);
#4745 = DIRECTION('',(-1.,-0.,-0.));
#4746 = DEFINITIONAL_REPRESENTATION('',(#4747),#4760);
#4747 = B_SPLINE_CURVE_WITH_KNOTS('',6,(#4748,#4749,#4750,#4751,#4752,
    #4753,#4754,#4755,#4756,#4757,#4758,#4759),.UNSPECIFIED.,.F.,.F.,(7,
    5,7),(0.,0.641491152971,1.),.UNSPECIFIED.);
#4748 = CARTESIAN_POINT('',(1.,-0.2));
#4749 = CARTESIAN_POINT('',(0.898119147827,-0.2));
#4750 = CARTESIAN_POINT('',(0.793807199937,-0.2));
#4751 = CARTESIAN_POINT('',(0.687436665,-0.2));
#4752 = CARTESIAN_POINT('',(0.579522105747,-0.2));
#4753 = CARTESIAN_POINT('',(0.470746323144,-0.2));
#4754 = CARTESIAN_POINT('',(0.301225165073,-0.2));
#4755 = CARTESIAN_POINT('',(0.240445698262,-0.2));
#4756 = CARTESIAN_POINT('',(0.179806788116,-0.2));
#4757 = CARTESIAN_POINT('',(0.119440961953,-0.2));
#4758 = CARTESIAN_POINT('',(5.946885841437E-02,-0.2));
#4759 = CARTESIAN_POINT('',(0.,-0.2));
#4760 = ( GEOMETRIC_REPRESENTATION_CONTEXT(2) 
PARAMETRIC_REPRESENTATION_CONTEXT() REPRESENTATION_CONTEXT('2D SPACE',''
  ) );
#4761 = ORIENTED_EDGE('',*,*,#4762,.T.);
#4762 = EDGE_CURVE('',#4706,#4763,#4765,.T.);
#4763 = VERTEX_POINT('',#4764);
#4764 = CARTESIAN_POINT('',(3.45,18.485712890625,6.351513671875));
#4765 = SURFACE_CURVE('',#4766,(#4779,#4795),.PCURVE_S1.);
#4766 = B_SPLINE_CURVE_WITH_KNOTS('',6,(#4767,#4768,#4769,#4770,#4771,
    #4772,#4773,#4774,#4775,#4776,#4777,#4778),.UNSPECIFIED.,.F.,.F.,(7,
    5,7),(0.,0.403921599979,1.),.UNSPECIFIED.);
#4767 = CARTESIAN_POINT('',(3.45,18.781025390625,7.573779296875));
#4768 = CARTESIAN_POINT('',(3.45,18.734086931252,7.514454299612));
#4769 = CARTESIAN_POINT('',(3.45,18.692481168205,7.448999372079));
#4770 = CARTESIAN_POINT('',(3.45,18.656170121661,7.378248799983));
#4771 = CARTESIAN_POINT('',(3.45,18.624820095801,7.303119038278));
#4772 = CARTESIAN_POINT('',(3.45,18.598024998681,7.224398828253));
#4773 = CARTESIAN_POINT('',(3.45,18.541937535805,7.022109593069));
#4774 = CARTESIAN_POINT('',(3.45,18.517543067274,6.895095513468));
#4775 = CARTESIAN_POINT('',(3.45,18.500788929648,6.763434824816));
#4776 = CARTESIAN_POINT('',(3.45,18.490496812725,6.628454141913));
#4777 = CARTESIAN_POINT('',(3.45,18.485712890625,6.491015714097));
#4778 = CARTESIAN_POINT('',(3.45,18.485712890625,6.351513671875));
#4779 = PCURVE('',#100,#4780);
#4780 = DEFINITIONAL_REPRESENTATION('',(#4781),#4794);
#4781 = B_SPLINE_CURVE_WITH_KNOTS('',6,(#4782,#4783,#4784,#4785,#4786,
    #4787,#4788,#4789,#4790,#4791,#4792,#4793),.UNSPECIFIED.,.F.,.F.,(7,
    5,7),(0.,0.403921599979,1.),.UNSPECIFIED.);
#4782 = CARTESIAN_POINT('',(21.451025390625,-7.573779296875));
#4783 = CARTESIAN_POINT('',(21.404086931252,-7.514454299612));
#4784 = CARTESIAN_POINT('',(21.362481168205,-7.448999372079));
#4785 = CARTESIAN_POINT('',(21.326170121661,-7.378248799983));
#4786 = CARTESIAN_POINT('',(21.294820095801,-7.303119038278));
#4787 = CARTESIAN_POINT('',(21.268024998681,-7.224398828253));
#4788 = CARTESIAN_POINT('',(21.211937535805,-7.022109593069));
#4789 = CARTESIAN_POINT('',(21.187543067274,-6.895095513468));
#4790 = CARTESIAN_POINT('',(21.170788929648,-6.763434824816));
#4791 = CARTESIAN_POINT('',(21.160496812725,-6.628454141913));
#4792 = CARTESIAN_POINT('',(21.155712890625,-6.491015714097));
#4793 = CARTESIAN_POINT('',(21.155712890625,-6.351513671875));
#4794 = ( GEOMETRIC_REPRESENTATION_CONTEXT(2) 
PARAMETRIC_REPRESENTATION_CONTEXT() REPRESENTATION_CONTEXT('2D SPACE',''
  ) );
#4795 = PCURVE('',#4796,#4803);
#4796 = SURFACE_OF_LINEAR_EXTRUSION('',#4797,#4801);
#4797 = B_SPLINE_CURVE_WITH_KNOTS('',2,(#4798,#4799,#4800),
  .UNSPECIFIED.,.F.,.F.,(3,3),(0.,1.),.PIECEWISE_BEZIER_KNOTS.);
#4798 = CARTESIAN_POINT('',(3.25,18.485712890625,6.351513671875));
#4799 = CARTESIAN_POINT('',(3.25,18.485712890625,7.200537109375));
#4800 = CARTESIAN_POINT('',(3.25,18.781025390625,7.573779296875));
#4801 = VECTOR('',#4802,1.);
#4802 = DIRECTION('',(-1.,-0.,-0.));
#4803 = DEFINITIONAL_REPRESENTATION('',(#4804),#4817);
#4804 = B_SPLINE_CURVE_WITH_KNOTS('',6,(#4805,#4806,#4807,#4808,#4809,
    #4810,#4811,#4812,#4813,#4814,#4815,#4816),.UNSPECIFIED.,.F.,.F.,(7,
    5,7),(0.,0.403921599979,1.),.UNSPECIFIED.);
#4805 = CARTESIAN_POINT('',(1.,-0.2));
#4806 = CARTESIAN_POINT('',(0.920527476194,-0.2));
#4807 = CARTESIAN_POINT('',(0.842504639124,-0.2));
#4808 = CARTESIAN_POINT('',(0.766386774217,-0.2));
#4809 = CARTESIAN_POINT('',(0.692396981266,-0.2));
#4810 = CARTESIAN_POINT('',(0.620614458349,-0.2));
#4811 = CARTESIAN_POINT('',(0.448267997172,-0.2));
#4812 = CARTESIAN_POINT('',(0.350322362485,-0.2));
#4813 = CARTESIAN_POINT('',(0.256889449487,-0.2));
#4814 = CARTESIAN_POINT('',(0.167632533753,-0.2));
#4815 = CARTESIAN_POINT('',(8.215441179836E-02,-0.2));
#4816 = CARTESIAN_POINT('',(0.,-0.2));
#4817 = ( GEOMETRIC_REPRESENTATION_CONTEXT(2) 
PARAMETRIC_REPRESENTATION_CONTEXT() REPRESENTATION_CONTEXT('2D SPACE',''
  ) );
#4818 = ORIENTED_EDGE('',*,*,#4819,.T.);
#4819 = EDGE_CURVE('',#4763,#4820,#4822,.T.);
#4820 = VERTEX_POINT('',#4821);
#4821 = CARTESIAN_POINT('',(3.45,18.754365234375,5.14873046875));
#4822 = SURFACE_CURVE('',#4823,(#4838,#4856),.PCURVE_S1.);
#4823 = B_SPLINE_CURVE_WITH_KNOTS('',7,(#4824,#4825,#4826,#4827,#4828,
    #4829,#4830,#4831,#4832,#4833,#4834,#4835,#4836,#4837),
  .UNSPECIFIED.,.F.,.F.,(8,6,8),(0.,0.866088794237,1.),.UNSPECIFIED.);
#4824 = CARTESIAN_POINT('',(3.45,18.485712890625,6.351513671875));
#4825 = CARTESIAN_POINT('',(3.45,18.485712890625,6.178742146549));
#4826 = CARTESIAN_POINT('',(3.45,18.491959245145,6.009645843814));
#4827 = CARTESIAN_POINT('',(3.45,18.50556760405,5.844207103351));
#4828 = CARTESIAN_POINT('',(3.45,18.528234500964,5.683907921923));
#4829 = CARTESIAN_POINT('',(3.45,18.562162203276,5.531656541032));
#4830 = CARTESIAN_POINT('',(3.45,18.610176559961,5.391890277247));
#4831 = CARTESIAN_POINT('',(3.45,18.685339089308,5.251387439308));
#4832 = CARTESIAN_POINT('',(3.45,18.695804639604,5.233019535991));
#4833 = CARTESIAN_POINT('',(3.45,18.706678237692,5.215122287651));
#4834 = CARTESIAN_POINT('',(3.45,18.71796655338,5.197720106514));
#4835 = CARTESIAN_POINT('',(3.45,18.729674977169,5.180837734822));
#4836 = CARTESIAN_POINT('',(3.45,18.74180727356,5.164499816491));
#4837 = CARTESIAN_POINT('',(3.45,18.754365234375,5.14873046875));
#4838 = PCURVE('',#100,#4839);
#4839 = DEFINITIONAL_REPRESENTATION('',(#4840),#4855);
#4840 = B_SPLINE_CURVE_WITH_KNOTS('',7,(#4841,#4842,#4843,#4844,#4845,
    #4846,#4847,#4848,#4849,#4850,#4851,#4852,#4853,#4854),
  .UNSPECIFIED.,.F.,.F.,(8,6,8),(0.,0.866088794237,1.),.UNSPECIFIED.);
#4841 = CARTESIAN_POINT('',(21.155712890625,-6.351513671875));
#4842 = CARTESIAN_POINT('',(21.155712890625,-6.178742146549));
#4843 = CARTESIAN_POINT('',(21.161959245145,-6.009645843814));
#4844 = CARTESIAN_POINT('',(21.17556760405,-5.844207103351));
#4845 = CARTESIAN_POINT('',(21.198234500964,-5.683907921923));
#4846 = CARTESIAN_POINT('',(21.232162203276,-5.531656541032));
#4847 = CARTESIAN_POINT('',(21.280176559961,-5.391890277247));
#4848 = CARTESIAN_POINT('',(21.355339089308,-5.251387439308));
#4849 = CARTESIAN_POINT('',(21.365804639604,-5.233019535991));
#4850 = CARTESIAN_POINT('',(21.376678237692,-5.215122287651));
#4851 = CARTESIAN_POINT('',(21.38796655338,-5.197720106514));
#4852 = CARTESIAN_POINT('',(21.399674977169,-5.180837734822));
#4853 = CARTESIAN_POINT('',(21.41180727356,-5.164499816491));
#4854 = CARTESIAN_POINT('',(21.424365234375,-5.14873046875));
#4855 = ( GEOMETRIC_REPRESENTATION_CONTEXT(2) 
PARAMETRIC_REPRESENTATION_CONTEXT() REPRESENTATION_CONTEXT('2D SPACE',''
  ) );
#4856 = PCURVE('',#4857,#4864);
#4857 = SURFACE_OF_LINEAR_EXTRUSION('',#4858,#4862);
#4858 = B_SPLINE_CURVE_WITH_KNOTS('',2,(#4859,#4860,#4861),
  .UNSPECIFIED.,.F.,.F.,(3,3),(0.,1.),.PIECEWISE_BEZIER_KNOTS.);
#4859 = CARTESIAN_POINT('',(3.25,18.754365234375,5.14873046875));
#4860 = CARTESIAN_POINT('',(3.25,18.485712890625,5.486083984375));
#4861 = CARTESIAN_POINT('',(3.25,18.485712890625,6.351513671875));
#4862 = VECTOR('',#4863,1.);
#4863 = DIRECTION('',(-1.,-0.,-0.));
#4864 = DEFINITIONAL_REPRESENTATION('',(#4865),#4880);
#4865 = B_SPLINE_CURVE_WITH_KNOTS('',7,(#4866,#4867,#4868,#4869,#4870,
    #4871,#4872,#4873,#4874,#4875,#4876,#4877,#4878,#4879),
  .UNSPECIFIED.,.F.,.F.,(8,6,8),(0.,0.866088794237,1.),.UNSPECIFIED.);
#4866 = CARTESIAN_POINT('',(1.,-0.2));
#4867 = CARTESIAN_POINT('',(0.900181650906,-0.2));
#4868 = CARTESIAN_POINT('',(0.795392986406,-0.2));
#4869 = CARTESIAN_POINT('',(0.684356816547,-0.2));
#4870 = CARTESIAN_POINT('',(0.566002694686,-0.2));
#4871 = CARTESIAN_POINT('',(0.439509847691,-0.2));
#4872 = CARTESIAN_POINT('',(0.30423275216,-0.2));
#4873 = CARTESIAN_POINT('',(0.137699305336,-0.2));
#4874 = CARTESIAN_POINT('',(0.11520209913,-0.2));
#4875 = CARTESIAN_POINT('',(9.251341364946E-02,-0.2));
#4876 = CARTESIAN_POINT('',(6.963977843843E-02,-0.2));
#4877 = CARTESIAN_POINT('',(4.658936655618E-02,-0.2));
#4878 = CARTESIAN_POINT('',(2.337214081176E-02,-0.2));
#4879 = CARTESIAN_POINT('',(0.,-0.2));
#4880 = ( GEOMETRIC_REPRESENTATION_CONTEXT(2) 
PARAMETRIC_REPRESENTATION_CONTEXT() REPRESENTATION_CONTEXT('2D SPACE',''
  ) );
#4881 = ORIENTED_EDGE('',*,*,#4882,.T.);
#4882 = EDGE_CURVE('',#4820,#4883,#4885,.T.);
#4883 = VERTEX_POINT('',#4884);
#4884 = CARTESIAN_POINT('',(3.45,19.461884765625,4.811376953125));
#4885 = SURFACE_CURVE('',#4886,(#4897,#4911),.PCURVE_S1.);
#4886 = B_SPLINE_CURVE_WITH_KNOTS('',5,(#4887,#4888,#4889,#4890,#4891,
    #4892,#4893,#4894,#4895,#4896),.UNSPECIFIED.,.F.,.F.,(6,4,6),(0.,
    0.475358195154,1.),.UNSPECIFIED.);
#4887 = CARTESIAN_POINT('',(3.45,18.754365234375,5.14873046875));
#4888 = CARTESIAN_POINT('',(3.45,18.804225749229,5.08611936422));
#4889 = CARTESIAN_POINT('',(3.45,18.858665518372,5.029622397783));
#4890 = CARTESIAN_POINT('',(3.45,18.917719555773,4.980064986921));
#4891 = CARTESIAN_POINT('',(3.45,18.981229287738,4.938109403197));
#4892 = CARTESIAN_POINT('',(3.45,19.123142432419,4.866367143332));
#4893 = CARTESIAN_POINT('',(3.45,19.202439803603,4.838276818136));
#4894 = CARTESIAN_POINT('',(3.45,19.285900056045,4.820091236255));
#4895 = CARTESIAN_POINT('',(3.45,19.372665504402,4.811376953125));
#4896 = CARTESIAN_POINT('',(3.45,19.461884765625,4.811376953125));
#4897 = PCURVE('',#100,#4898);
#4898 = DEFINITIONAL_REPRESENTATION('',(#4899),#4910);
#4899 = B_SPLINE_CURVE_WITH_KNOTS('',5,(#4900,#4901,#4902,#4903,#4904,
    #4905,#4906,#4907,#4908,#4909),.UNSPECIFIED.,.F.,.F.,(6,4,6),(0.,
    0.475358195154,1.),.UNSPECIFIED.);
#4900 = CARTESIAN_POINT('',(21.424365234375,-5.14873046875));
#4901 = CARTESIAN_POINT('',(21.474225749229,-5.08611936422));
#4902 = CARTESIAN_POINT('',(21.528665518372,-5.029622397783));
#4903 = CARTESIAN_POINT('',(21.587719555773,-4.980064986921));
#4904 = CARTESIAN_POINT('',(21.651229287738,-4.938109403197));
#4905 = CARTESIAN_POINT('',(21.793142432419,-4.866367143332));
#4906 = CARTESIAN_POINT('',(21.872439803603,-4.838276818136));
#4907 = CARTESIAN_POINT('',(21.955900056045,-4.820091236255));
#4908 = CARTESIAN_POINT('',(22.042665504402,-4.811376953125));
#4909 = CARTESIAN_POINT('',(22.131884765625,-4.811376953125));
#4910 = ( GEOMETRIC_REPRESENTATION_CONTEXT(2) 
PARAMETRIC_REPRESENTATION_CONTEXT() REPRESENTATION_CONTEXT('2D SPACE',''
  ) );
#4911 = PCURVE('',#4912,#4919);
#4912 = SURFACE_OF_LINEAR_EXTRUSION('',#4913,#4917);
#4913 = B_SPLINE_CURVE_WITH_KNOTS('',2,(#4914,#4915,#4916),
  .UNSPECIFIED.,.F.,.F.,(3,3),(0.,1.),.PIECEWISE_BEZIER_KNOTS.);
#4914 = CARTESIAN_POINT('',(3.25,19.461884765625,4.811376953125));
#4915 = CARTESIAN_POINT('',(3.25,19.023017578125,4.811376953125));
#4916 = CARTESIAN_POINT('',(3.25,18.754365234375,5.14873046875));
#4917 = VECTOR('',#4918,1.);
#4918 = DIRECTION('',(-1.,-0.,-0.));
#4919 = DEFINITIONAL_REPRESENTATION('',(#4920),#4931);
#4920 = B_SPLINE_CURVE_WITH_KNOTS('',5,(#4921,#4922,#4923,#4924,#4925,
    #4926,#4927,#4928,#4929,#4930),.UNSPECIFIED.,.F.,.F.,(6,4,6),(0.,
    0.475358195154,1.),.UNSPECIFIED.);
#4921 = CARTESIAN_POINT('',(1.,-0.2));
#4922 = CARTESIAN_POINT('',(0.907202531424,-0.2));
#4923 = CARTESIAN_POINT('',(0.812702601061,-0.2));
#4924 = CARTESIAN_POINT('',(0.716934802889,-0.2));
#4925 = CARTESIAN_POINT('',(0.620460501443,-0.2));
#4926 = CARTESIAN_POINT('',(0.417538783829,-0.2));
#4927 = CARTESIAN_POINT('',(0.3110480187,-0.2));
#4928 = CARTESIAN_POINT('',(0.205508166316,-0.2));
#4929 = CARTESIAN_POINT('',(0.1016472224,-0.2));
#4930 = CARTESIAN_POINT('',(0.,-0.2));
#4931 = ( GEOMETRIC_REPRESENTATION_CONTEXT(2) 
PARAMETRIC_REPRESENTATION_CONTEXT() REPRESENTATION_CONTEXT('2D SPACE',''
  ) );
#4932 = ORIENTED_EDGE('',*,*,#4933,.T.);
#4933 = EDGE_CURVE('',#4883,#4934,#4936,.T.);
#4934 = VERTEX_POINT('',#4935);
#4935 = CARTESIAN_POINT('',(3.45,20.142744140625,5.118994140625));
#4936 = SURFACE_CURVE('',#4937,(#4950,#4966),.PCURVE_S1.);
#4937 = B_SPLINE_CURVE_WITH_KNOTS('',6,(#4938,#4939,#4940,#4941,#4942,
    #4943,#4944,#4945,#4946,#4947,#4948,#4949),.UNSPECIFIED.,.F.,.F.,(7,
    5,7),(0.,0.641491152971,1.),.UNSPECIFIED.);
#4938 = CARTESIAN_POINT('',(3.45,19.461884765625,4.811376953125));
#4939 = CARTESIAN_POINT('',(3.45,19.550891221049,4.811376953125));
#4940 = CARTESIAN_POINT('',(3.45,19.637219282903,4.81904016359));
#4941 = CARTESIAN_POINT('',(3.45,19.720114071733,4.835051866953));
#4942 = CARTESIAN_POINT('',(3.45,19.798795417841,4.859939665573));
#4943 = CARTESIAN_POINT('',(3.45,19.872540174394,4.893905627808));
#4944 = CARTESIAN_POINT('',(3.45,19.97894079145,4.960445993311));
#4945 = CARTESIAN_POINT('',(3.45,20.015380409048,4.987030012886));
#4946 = CARTESIAN_POINT('',(3.45,20.050022434105,5.016286581868));
#4947 = CARTESIAN_POINT('',(3.45,20.082810485882,5.048120913855));
#4948 = CARTESIAN_POINT('',(3.45,20.113718227114,5.082406854686));
#4949 = CARTESIAN_POINT('',(3.45,20.142744140625,5.118994140625));
#4950 = PCURVE('',#100,#4951);
#4951 = DEFINITIONAL_REPRESENTATION('',(#4952),#4965);
#4952 = B_SPLINE_CURVE_WITH_KNOTS('',6,(#4953,#4954,#4955,#4956,#4957,
    #4958,#4959,#4960,#4961,#4962,#4963,#4964),.UNSPECIFIED.,.F.,.F.,(7,
    5,7),(0.,0.641491152971,1.),.UNSPECIFIED.);
#4953 = CARTESIAN_POINT('',(22.131884765625,-4.811376953125));
#4954 = CARTESIAN_POINT('',(22.220891221049,-4.811376953125));
#4955 = CARTESIAN_POINT('',(22.307219282903,-4.81904016359));
#4956 = CARTESIAN_POINT('',(22.390114071733,-4.835051866953));
#4957 = CARTESIAN_POINT('',(22.468795417841,-4.859939665573));
#4958 = CARTESIAN_POINT('',(22.542540174394,-4.893905627808));
#4959 = CARTESIAN_POINT('',(22.64894079145,-4.960445993311));
#4960 = CARTESIAN_POINT('',(22.685380409048,-4.987030012886));
#4961 = CARTESIAN_POINT('',(22.720022434105,-5.016286581868));
#4962 = CARTESIAN_POINT('',(22.752810485882,-5.048120913855));
#4963 = CARTESIAN_POINT('',(22.783718227114,-5.082406854686));
#4964 = CARTESIAN_POINT('',(22.812744140625,-5.118994140625));
#4965 = ( GEOMETRIC_REPRESENTATION_CONTEXT(2) 
PARAMETRIC_REPRESENTATION_CONTEXT() REPRESENTATION_CONTEXT('2D SPACE',''
  ) );
#4966 = PCURVE('',#4967,#4974);
#4967 = SURFACE_OF_LINEAR_EXTRUSION('',#4968,#4972);
#4968 = B_SPLINE_CURVE_WITH_KNOTS('',2,(#4969,#4970,#4971),
  .UNSPECIFIED.,.F.,.F.,(3,3),(0.,1.),.PIECEWISE_BEZIER_KNOTS.);
#4969 = CARTESIAN_POINT('',(3.25,20.142744140625,5.118994140625));
#4970 = CARTESIAN_POINT('',(3.25,19.898701171875,4.811376953125));
#4971 = CARTESIAN_POINT('',(3.25,19.461884765625,4.811376953125));
#4972 = VECTOR('',#4973,1.);
#4973 = DIRECTION('',(-1.,-0.,-0.));
#4974 = DEFINITIONAL_REPRESENTATION('',(#4975),#4988);
#4975 = B_SPLINE_CURVE_WITH_KNOTS('',6,(#4976,#4977,#4978,#4979,#4980,
    #4981,#4982,#4983,#4984,#4985,#4986,#4987),.UNSPECIFIED.,.F.,.F.,(7,
    5,7),(0.,0.641491152971,1.),.UNSPECIFIED.);
#4976 = CARTESIAN_POINT('',(1.,-0.2));
#4977 = CARTESIAN_POINT('',(0.898119147827,-0.2));
#4978 = CARTESIAN_POINT('',(0.793807199937,-0.2));
#4979 = CARTESIAN_POINT('',(0.687436665,-0.2));
#4980 = CARTESIAN_POINT('',(0.579522105747,-0.2));
#4981 = CARTESIAN_POINT('',(0.470746323144,-0.2));
#4982 = CARTESIAN_POINT('',(0.301225165073,-0.2));
#4983 = CARTESIAN_POINT('',(0.240445698262,-0.2));
#4984 = CARTESIAN_POINT('',(0.179806788116,-0.2));
#4985 = CARTESIAN_POINT('',(0.119440961953,-0.2));
#4986 = CARTESIAN_POINT('',(5.946885841437E-02,-0.2));
#4987 = CARTESIAN_POINT('',(0.,-0.2));
#4988 = ( GEOMETRIC_REPRESENTATION_CONTEXT(2) 
PARAMETRIC_REPRESENTATION_CONTEXT() REPRESENTATION_CONTEXT('2D SPACE',''
  ) );
#4989 = ORIENTED_EDGE('',*,*,#4990,.T.);
#4990 = EDGE_CURVE('',#4934,#4590,#4991,.T.);
#4991 = SURFACE_CURVE('',#4992,(#5005,#5021),.PCURVE_S1.);
#4992 = B_SPLINE_CURVE_WITH_KNOTS('',6,(#4993,#4994,#4995,#4996,#4997,
    #4998,#4999,#5000,#5001,#5002,#5003,#5004),.UNSPECIFIED.,.F.,.F.,(7,
    5,7),(0.,0.401529823518,1.),.UNSPECIFIED.);
#4993 = CARTESIAN_POINT('',(3.45,20.142744140625,5.118994140625));
#4994 = CARTESIAN_POINT('',(3.45,20.189498212047,5.178086092006));
#4995 = CARTESIAN_POINT('',(3.45,20.230946615588,5.243302914887));
#4996 = CARTESIAN_POINT('',(3.45,20.267131392952,5.313806318684));
#4997 = CARTESIAN_POINT('',(3.45,20.298387919518,5.388677639019));
#4998 = CARTESIAN_POINT('',(3.45,20.325122035451,5.467128110026));
#4999 = CARTESIAN_POINT('',(3.45,20.381469991534,5.669926124862));
#5000 = CARTESIAN_POINT('',(3.45,20.406042374191,5.797834103367));
#5001 = CARTESIAN_POINT('',(3.45,20.422901193162,5.930446973894));
#5002 = CARTESIAN_POINT('',(3.45,20.433249598826,6.06640923973));
#5003 = CARTESIAN_POINT('',(3.45,20.438056640625,6.204845468108));
#5004 = CARTESIAN_POINT('',(3.45,20.438056640625,6.345361328125));
#5005 = PCURVE('',#100,#5006);
#5006 = DEFINITIONAL_REPRESENTATION('',(#5007),#5020);
#5007 = B_SPLINE_CURVE_WITH_KNOTS('',6,(#5008,#5009,#5010,#5011,#5012,
    #5013,#5014,#5015,#5016,#5017,#5018,#5019),.UNSPECIFIED.,.F.,.F.,(7,
    5,7),(0.,0.401529823518,1.),.UNSPECIFIED.);
#5008 = CARTESIAN_POINT('',(22.812744140625,-5.118994140625));
#5009 = CARTESIAN_POINT('',(22.859498212047,-5.178086092006));
#5010 = CARTESIAN_POINT('',(22.900946615588,-5.243302914887));
#5011 = CARTESIAN_POINT('',(22.937131392952,-5.313806318684));
#5012 = CARTESIAN_POINT('',(22.968387919518,-5.388677639019));
#5013 = CARTESIAN_POINT('',(22.995122035451,-5.467128110026));
#5014 = CARTESIAN_POINT('',(23.051469991534,-5.669926124862));
#5015 = CARTESIAN_POINT('',(23.076042374191,-5.797834103367));
#5016 = CARTESIAN_POINT('',(23.092901193162,-5.930446973894));
#5017 = CARTESIAN_POINT('',(23.103249598826,-6.06640923973));
#5018 = CARTESIAN_POINT('',(23.108056640625,-6.204845468108));
#5019 = CARTESIAN_POINT('',(23.108056640625,-6.345361328125));
#5020 = ( GEOMETRIC_REPRESENTATION_CONTEXT(2) 
PARAMETRIC_REPRESENTATION_CONTEXT() REPRESENTATION_CONTEXT('2D SPACE',''
  ) );
#5021 = PCURVE('',#5022,#5029);
#5022 = SURFACE_OF_LINEAR_EXTRUSION('',#5023,#5027);
#5023 = B_SPLINE_CURVE_WITH_KNOTS('',2,(#5024,#5025,#5026),
  .UNSPECIFIED.,.F.,.F.,(3,3),(0.,1.),.PIECEWISE_BEZIER_KNOTS.);
#5024 = CARTESIAN_POINT('',(3.25,20.438056640625,6.345361328125));
#5025 = CARTESIAN_POINT('',(3.25,20.438056640625,5.492236328125));
#5026 = CARTESIAN_POINT('',(3.25,20.142744140625,5.118994140625));
#5027 = VECTOR('',#5028,1.);
#5028 = DIRECTION('',(-1.,-0.,-0.));
#5029 = DEFINITIONAL_REPRESENTATION('',(#5030),#5043);
#5030 = B_SPLINE_CURVE_WITH_KNOTS('',6,(#5031,#5032,#5033,#5034,#5035,
    #5036,#5037,#5038,#5039,#5040,#5041,#5042),.UNSPECIFIED.,.F.,.F.,(7,
    5,7),(0.,0.401529823518,1.),.UNSPECIFIED.);
#5031 = CARTESIAN_POINT('',(1.,-0.2));
#5032 = CARTESIAN_POINT('',(0.920839667434,-0.2));
#5033 = CARTESIAN_POINT('',(0.843142683618,-0.2));
#5034 = CARTESIAN_POINT('',(0.767360314672,-0.2));
#5035 = CARTESIAN_POINT('',(0.693711566831,-0.2));
#5036 = CARTESIAN_POINT('',(0.622272206012,-0.2));
#5037 = CARTESIAN_POINT('',(0.449751506541,-0.2));
#5038 = CARTESIAN_POINT('',(0.351384854337,-0.2));
#5039 = CARTESIAN_POINT('',(0.257607007389,-0.2));
#5040 = CARTESIAN_POINT('',(0.168066538502,-0.2));
#5041 = CARTESIAN_POINT('',(8.235361759248E-02,-0.2));
#5042 = CARTESIAN_POINT('',(0.,-0.2));
#5043 = ( GEOMETRIC_REPRESENTATION_CONTEXT(2) 
PARAMETRIC_REPRESENTATION_CONTEXT() REPRESENTATION_CONTEXT('2D SPACE',''
  ) );
#5044 = FACE_BOUND('',#5045,.F.);
#5045 = EDGE_LOOP('',(#5046,#5074,#5100,#5151,#5193,#5219,#5270,#5296));
#5046 = ORIENTED_EDGE('',*,*,#5047,.F.);
#5047 = EDGE_CURVE('',#5048,#5050,#5052,.T.);
#5048 = VERTEX_POINT('',#5049);
#5049 = CARTESIAN_POINT('',(3.45,22.298115234375,7.881396484375));
#5050 = VERTEX_POINT('',#5051);
#5051 = CARTESIAN_POINT('',(3.45,22.298115234375,4.862646484375));
#5052 = SURFACE_CURVE('',#5053,(#5057,#5063),.PCURVE_S1.);
#5053 = LINE('',#5054,#5055);
#5054 = CARTESIAN_POINT('',(3.45,22.298115234375,3.940698242188));
#5055 = VECTOR('',#5056,1.);
#5056 = DIRECTION('',(0.,0.,-1.));
#5057 = PCURVE('',#100,#5058);
#5058 = DEFINITIONAL_REPRESENTATION('',(#5059),#5062);
#5059 = B_SPLINE_CURVE_WITH_KNOTS('',1,(#5060,#5061),.UNSPECIFIED.,.F.,
  .F.,(2,2),(-3.940698242188,-0.921948242187),.PIECEWISE_BEZIER_KNOTS.);
#5060 = CARTESIAN_POINT('',(24.968115234375,-7.881396484375));
#5061 = CARTESIAN_POINT('',(24.968115234375,-4.862646484375));
#5062 = ( GEOMETRIC_REPRESENTATION_CONTEXT(2) 
PARAMETRIC_REPRESENTATION_CONTEXT() REPRESENTATION_CONTEXT('2D SPACE',''
  ) );
#5063 = PCURVE('',#5064,#5069);
#5064 = PLANE('',#5065);
#5065 = AXIS2_PLACEMENT_3D('',#5066,#5067,#5068);
#5066 = CARTESIAN_POINT('',(3.25,22.298115234375,7.881396484375));
#5067 = DIRECTION('',(0.,1.,0.));
#5068 = DIRECTION('',(0.,0.,-1.));
#5069 = DEFINITIONAL_REPRESENTATION('',(#5070),#5073);
#5070 = B_SPLINE_CURVE_WITH_KNOTS('',1,(#5071,#5072),.UNSPECIFIED.,.F.,
  .F.,(2,2),(-3.940698242188,-0.921948242187),.PIECEWISE_BEZIER_KNOTS.);
#5071 = CARTESIAN_POINT('',(0.,-0.2));
#5072 = CARTESIAN_POINT('',(3.01875,-0.2));
#5073 = ( GEOMETRIC_REPRESENTATION_CONTEXT(2) 
PARAMETRIC_REPRESENTATION_CONTEXT() REPRESENTATION_CONTEXT('2D SPACE',''
  ) );
#5074 = ORIENTED_EDGE('',*,*,#5075,.F.);
#5075 = EDGE_CURVE('',#5076,#5048,#5078,.T.);
#5076 = VERTEX_POINT('',#5077);
#5077 = CARTESIAN_POINT('',(3.45,21.830537109375,7.881396484375));
#5078 = SURFACE_CURVE('',#5079,(#5083,#5089),.PCURVE_S1.);
#5079 = LINE('',#5080,#5081);
#5080 = CARTESIAN_POINT('',(3.45,9.580268554688,7.881396484375));
#5081 = VECTOR('',#5082,1.);
#5082 = DIRECTION('',(0.,1.,-0.));
#5083 = PCURVE('',#100,#5084);
#5084 = DEFINITIONAL_REPRESENTATION('',(#5085),#5088);
#5085 = B_SPLINE_CURVE_WITH_KNOTS('',1,(#5086,#5087),.UNSPECIFIED.,.F.,
  .F.,(2,2),(12.250268554687,12.717846679688),.PIECEWISE_BEZIER_KNOTS.);
#5086 = CARTESIAN_POINT('',(24.500537109375,-7.881396484375));
#5087 = CARTESIAN_POINT('',(24.968115234375,-7.881396484375));
#5088 = ( GEOMETRIC_REPRESENTATION_CONTEXT(2) 
PARAMETRIC_REPRESENTATION_CONTEXT() REPRESENTATION_CONTEXT('2D SPACE',''
  ) );
#5089 = PCURVE('',#5090,#5095);
#5090 = PLANE('',#5091);
#5091 = AXIS2_PLACEMENT_3D('',#5092,#5093,#5094);
#5092 = CARTESIAN_POINT('',(3.25,21.830537109375,7.881396484375));
#5093 = DIRECTION('',(0.,0.,1.));
#5094 = DIRECTION('',(0.,1.,0.));
#5095 = DEFINITIONAL_REPRESENTATION('',(#5096),#5099);
#5096 = B_SPLINE_CURVE_WITH_KNOTS('',1,(#5097,#5098),.UNSPECIFIED.,.F.,
  .F.,(2,2),(12.250268554687,12.717846679688),.PIECEWISE_BEZIER_KNOTS.);
#5097 = CARTESIAN_POINT('',(0.,-0.2));
#5098 = CARTESIAN_POINT('',(0.467578125,-0.2));
#5099 = ( GEOMETRIC_REPRESENTATION_CONTEXT(2) 
PARAMETRIC_REPRESENTATION_CONTEXT() REPRESENTATION_CONTEXT('2D SPACE',''
  ) );
#5100 = ORIENTED_EDGE('',*,*,#5101,.T.);
#5101 = EDGE_CURVE('',#5076,#5102,#5104,.T.);
#5102 = VERTEX_POINT('',#5103);
#5103 = CARTESIAN_POINT('',(3.45,21.467548828125,7.40048828125));
#5104 = SURFACE_CURVE('',#5105,(#5116,#5130),.PCURVE_S1.);
#5105 = B_SPLINE_CURVE_WITH_KNOTS('',5,(#5106,#5107,#5108,#5109,#5110,
    #5111,#5112,#5113,#5114,#5115),.UNSPECIFIED.,.F.,.F.,(6,4,6),(0.,
    7.705073874885E-02,1.),.UNSPECIFIED.);
#5106 = CARTESIAN_POINT('',(3.45,21.830537109375,7.881396484375));
#5107 = CARTESIAN_POINT('',(3.45,21.827466462437,7.872824261674));
#5108 = CARTESIAN_POINT('',(3.45,21.824294340415,7.86429256002));
#5109 = CARTESIAN_POINT('',(3.45,21.821020833636,7.855801822156));
#5110 = CARTESIAN_POINT('',(3.45,21.81764607224,7.847352475282));
#5111 = CARTESIAN_POINT('',(3.45,21.77253493996,7.738235491283));
#5112 = CARTESIAN_POINT('',(3.45,21.716388226355,7.643506316245));
#5113 = CARTESIAN_POINT('',(3.45,21.646037934968,7.55553041057));
#5114 = CARTESIAN_POINT('',(3.45,21.562606202365,7.474544607693));
#5115 = CARTESIAN_POINT('',(3.45,21.467548828125,7.40048828125));
#5116 = PCURVE('',#100,#5117);
#5117 = DEFINITIONAL_REPRESENTATION('',(#5118),#5129);
#5118 = B_SPLINE_CURVE_WITH_KNOTS('',5,(#5119,#5120,#5121,#5122,#5123,
    #5124,#5125,#5126,#5127,#5128),.UNSPECIFIED.,.F.,.F.,(6,4,6),(0.,
    7.705073874885E-02,1.),.UNSPECIFIED.);
#5119 = CARTESIAN_POINT('',(24.500537109375,-7.881396484375));
#5120 = CARTESIAN_POINT('',(24.497466462437,-7.872824261674));
#5121 = CARTESIAN_POINT('',(24.494294340415,-7.86429256002));
#5122 = CARTESIAN_POINT('',(24.491020833636,-7.855801822156));
#5123 = CARTESIAN_POINT('',(24.48764607224,-7.847352475282));
#5124 = CARTESIAN_POINT('',(24.44253493996,-7.738235491283));
#5125 = CARTESIAN_POINT('',(24.386388226355,-7.643506316245));
#5126 = CARTESIAN_POINT('',(24.316037934968,-7.55553041057));
#5127 = CARTESIAN_POINT('',(24.232606202365,-7.474544607693));
#5128 = CARTESIAN_POINT('',(24.137548828125,-7.40048828125));
#5129 = ( GEOMETRIC_REPRESENTATION_CONTEXT(2) 
PARAMETRIC_REPRESENTATION_CONTEXT() REPRESENTATION_CONTEXT('2D SPACE',''
  ) );
#5130 = PCURVE('',#5131,#5138);
#5131 = SURFACE_OF_LINEAR_EXTRUSION('',#5132,#5136);
#5132 = B_SPLINE_CURVE_WITH_KNOTS('',2,(#5133,#5134,#5135),
  .UNSPECIFIED.,.F.,.F.,(3,3),(0.,1.),.PIECEWISE_BEZIER_KNOTS.);
#5133 = CARTESIAN_POINT('',(3.25,21.467548828125,7.40048828125));
#5134 = CARTESIAN_POINT('',(3.25,21.732099609375,7.606591796875));
#5135 = CARTESIAN_POINT('',(3.25,21.830537109375,7.881396484375));
#5136 = VECTOR('',#5137,1.);
#5137 = DIRECTION('',(-1.,-0.,-0.));
#5138 = DEFINITIONAL_REPRESENTATION('',(#5139),#5150);
#5139 = B_SPLINE_CURVE_WITH_KNOTS('',5,(#5140,#5141,#5142,#5143,#5144,
    #5145,#5146,#5147,#5148,#5149),.UNSPECIFIED.,.F.,.F.,(6,4,6),(0.,
    7.705073874885E-02,1.),.UNSPECIFIED.);
#5140 = CARTESIAN_POINT('',(1.,-0.2));
#5141 = CARTESIAN_POINT('',(0.984403063173,-0.2));
#5142 = CARTESIAN_POINT('',(0.968803833213,-0.2));
#5143 = CARTESIAN_POINT('',(0.953203070935,-0.2));
#5144 = CARTESIAN_POINT('',(0.937601538618,-0.2));
#5145 = CARTESIAN_POINT('',(0.735117579717,-0.2));
#5146 = CARTESIAN_POINT('',(0.548201286416,-0.2));
#5147 = CARTESIAN_POINT('',(0.362677868252,-0.2));
#5148 = CARTESIAN_POINT('',(0.17965808642,-0.2));
#5149 = CARTESIAN_POINT('',(0.,-0.2));
#5150 = ( GEOMETRIC_REPRESENTATION_CONTEXT(2) 
PARAMETRIC_REPRESENTATION_CONTEXT() REPRESENTATION_CONTEXT('2D SPACE',''
  ) );
#5151 = ORIENTED_EDGE('',*,*,#5152,.T.);
#5152 = EDGE_CURVE('',#5102,#5153,#5155,.T.);
#5153 = VERTEX_POINT('',#5154);
#5154 = CARTESIAN_POINT('',(3.45,20.977412109375,7.120556640625));
#5155 = SURFACE_CURVE('',#5156,(#5164,#5175),.PCURVE_S1.);
#5156 = B_SPLINE_CURVE_WITH_KNOTS('',6,(#5157,#5158,#5159,#5160,#5161,
    #5162,#5163),.UNSPECIFIED.,.F.,.F.,(7,7),(0.,1.),
  .PIECEWISE_BEZIER_KNOTS.);
#5157 = CARTESIAN_POINT('',(3.45,21.467548828125,7.40048828125));
#5158 = CARTESIAN_POINT('',(3.45,21.383276421341,7.334834196895));
#5159 = CARTESIAN_POINT('',(3.45,21.29970475143,7.275931261426));
#5160 = CARTESIAN_POINT('',(3.45,21.217047647937,7.224407804166));
#5161 = CARTESIAN_POINT('',(3.45,21.135570196154,7.180928250957));
#5162 = CARTESIAN_POINT('',(3.45,21.055580437964,7.146139002709));
#5163 = CARTESIAN_POINT('',(3.45,20.977412109375,7.120556640625));
#5164 = PCURVE('',#100,#5165);
#5165 = DEFINITIONAL_REPRESENTATION('',(#5166),#5174);
#5166 = B_SPLINE_CURVE_WITH_KNOTS('',6,(#5167,#5168,#5169,#5170,#5171,
    #5172,#5173),.UNSPECIFIED.,.F.,.F.,(7,7),(0.,1.),
  .PIECEWISE_BEZIER_KNOTS.);
#5167 = CARTESIAN_POINT('',(24.137548828125,-7.40048828125));
#5168 = CARTESIAN_POINT('',(24.053276421341,-7.334834196895));
#5169 = CARTESIAN_POINT('',(23.96970475143,-7.275931261426));
#5170 = CARTESIAN_POINT('',(23.887047647937,-7.224407804166));
#5171 = CARTESIAN_POINT('',(23.805570196154,-7.180928250957));
#5172 = CARTESIAN_POINT('',(23.725580437964,-7.146139002709));
#5173 = CARTESIAN_POINT('',(23.647412109375,-7.120556640625));
#5174 = ( GEOMETRIC_REPRESENTATION_CONTEXT(2) 
PARAMETRIC_REPRESENTATION_CONTEXT() REPRESENTATION_CONTEXT('2D SPACE',''
  ) );
#5175 = PCURVE('',#5176,#5183);
#5176 = SURFACE_OF_LINEAR_EXTRUSION('',#5177,#5181);
#5177 = B_SPLINE_CURVE_WITH_KNOTS('',2,(#5178,#5179,#5180),
  .UNSPECIFIED.,.F.,.F.,(3,3),(0.,1.),.PIECEWISE_BEZIER_KNOTS.);
#5178 = CARTESIAN_POINT('',(3.25,20.977412109375,7.120556640625));
#5179 = CARTESIAN_POINT('',(3.25,21.202998046875,7.194384765625));
#5180 = CARTESIAN_POINT('',(3.25,21.467548828125,7.40048828125));
#5181 = VECTOR('',#5182,1.);
#5182 = DIRECTION('',(-1.,-0.,-0.));
#5183 = DEFINITIONAL_REPRESENTATION('',(#5184),#5192);
#5184 = B_SPLINE_CURVE_WITH_KNOTS('',6,(#5185,#5186,#5187,#5188,#5189,
    #5190,#5191),.UNSPECIFIED.,.F.,.F.,(7,7),(0.,1.),
  .PIECEWISE_BEZIER_KNOTS.);
#5185 = CARTESIAN_POINT('',(1.,-0.2));
#5186 = CARTESIAN_POINT('',(0.840725462261,-0.2));
#5187 = CARTESIAN_POINT('',(0.67829161932,-0.2));
#5188 = CARTESIAN_POINT('',(0.512768969,-0.2));
#5189 = CARTESIAN_POINT('',(0.344327653548,-0.2));
#5190 = CARTESIAN_POINT('',(0.17325620882,-0.2));
#5191 = CARTESIAN_POINT('',(0.,-0.2));
#5192 = ( GEOMETRIC_REPRESENTATION_CONTEXT(2) 
PARAMETRIC_REPRESENTATION_CONTEXT() REPRESENTATION_CONTEXT('2D SPACE',''
  ) );
#5193 = ORIENTED_EDGE('',*,*,#5194,.F.);
#5194 = EDGE_CURVE('',#5195,#5153,#5197,.T.);
#5195 = VERTEX_POINT('',#5196);
#5196 = CARTESIAN_POINT('',(3.45,20.977412109375,6.597607421875));
#5197 = SURFACE_CURVE('',#5198,(#5202,#5208),.PCURVE_S1.);
#5198 = LINE('',#5199,#5200);
#5199 = CARTESIAN_POINT('',(3.45,20.977412109375,3.298803710937));
#5200 = VECTOR('',#5201,1.);
#5201 = DIRECTION('',(0.,0.,1.));
#5202 = PCURVE('',#100,#5203);
#5203 = DEFINITIONAL_REPRESENTATION('',(#5204),#5207);
#5204 = B_SPLINE_CURVE_WITH_KNOTS('',1,(#5205,#5206),.UNSPECIFIED.,.F.,
  .F.,(2,2),(3.298803710937,3.821752929687),.PIECEWISE_BEZIER_KNOTS.);
#5205 = CARTESIAN_POINT('',(23.647412109375,-6.597607421875));
#5206 = CARTESIAN_POINT('',(23.647412109375,-7.120556640625));
#5207 = ( GEOMETRIC_REPRESENTATION_CONTEXT(2) 
PARAMETRIC_REPRESENTATION_CONTEXT() REPRESENTATION_CONTEXT('2D SPACE',''
  ) );
#5208 = PCURVE('',#5209,#5214);
#5209 = PLANE('',#5210);
#5210 = AXIS2_PLACEMENT_3D('',#5211,#5212,#5213);
#5211 = CARTESIAN_POINT('',(3.25,20.977412109375,6.597607421875));
#5212 = DIRECTION('',(0.,-1.,0.));
#5213 = DIRECTION('',(0.,0.,1.));
#5214 = DEFINITIONAL_REPRESENTATION('',(#5215),#5218);
#5215 = B_SPLINE_CURVE_WITH_KNOTS('',1,(#5216,#5217),.UNSPECIFIED.,.F.,
  .F.,(2,2),(3.298803710937,3.821752929687),.PIECEWISE_BEZIER_KNOTS.);
#5216 = CARTESIAN_POINT('',(0.,-0.2));
#5217 = CARTESIAN_POINT('',(0.52294921875,-0.2));
#5218 = ( GEOMETRIC_REPRESENTATION_CONTEXT(2) 
PARAMETRIC_REPRESENTATION_CONTEXT() REPRESENTATION_CONTEXT('2D SPACE',''
  ) );
#5219 = ORIENTED_EDGE('',*,*,#5220,.T.);
#5220 = EDGE_CURVE('',#5195,#5221,#5223,.T.);
#5221 = VERTEX_POINT('',#5222);
#5222 = CARTESIAN_POINT('',(3.45,21.721845703125,7.034423828125));
#5223 = SURFACE_CURVE('',#5224,(#5235,#5249),.PCURVE_S1.);
#5224 = B_SPLINE_CURVE_WITH_KNOTS('',5,(#5225,#5226,#5227,#5228,#5229,
    #5230,#5231,#5232,#5233,#5234),.UNSPECIFIED.,.F.,.F.,(6,4,6),(0.,
    0.731251832155,1.),.UNSPECIFIED.);
#5225 = CARTESIAN_POINT('',(3.45,20.977412109375,6.597607421875));
#5226 = CARTESIAN_POINT('',(3.45,21.100764519994,6.638331423467));
#5227 = CARTESIAN_POINT('',(3.45,21.219587284397,6.687449668184));
#5228 = CARTESIAN_POINT('',(3.45,21.333254434624,6.745175468751));
#5229 = CARTESIAN_POINT('',(3.45,21.441220114239,6.811514620828));
#5230 = CARTESIAN_POINT('',(3.45,21.580515509116,6.913604079614));
#5231 = CARTESIAN_POINT('',(3.45,21.617127149042,6.942164114375));
#5232 = CARTESIAN_POINT('',(3.45,21.652895820662,6.97183369673));
#5233 = CARTESIAN_POINT('',(3.45,21.687805967591,7.002594465028));
#5234 = CARTESIAN_POINT('',(3.45,21.721845703125,7.034423828125));
#5235 = PCURVE('',#100,#5236);
#5236 = DEFINITIONAL_REPRESENTATION('',(#5237),#5248);
#5237 = B_SPLINE_CURVE_WITH_KNOTS('',5,(#5238,#5239,#5240,#5241,#5242,
    #5243,#5244,#5245,#5246,#5247),.UNSPECIFIED.,.F.,.F.,(6,4,6),(0.,
    0.731251832155,1.),.UNSPECIFIED.);
#5238 = CARTESIAN_POINT('',(23.647412109375,-6.597607421875));
#5239 = CARTESIAN_POINT('',(23.770764519994,-6.638331423467));
#5240 = CARTESIAN_POINT('',(23.889587284397,-6.687449668184));
#5241 = CARTESIAN_POINT('',(24.003254434624,-6.745175468751));
#5242 = CARTESIAN_POINT('',(24.111220114239,-6.811514620828));
#5243 = CARTESIAN_POINT('',(24.250515509116,-6.913604079614));
#5244 = CARTESIAN_POINT('',(24.287127149042,-6.942164114375));
#5245 = CARTESIAN_POINT('',(24.322895820662,-6.97183369673));
#5246 = CARTESIAN_POINT('',(24.357805967591,-7.002594465028));
#5247 = CARTESIAN_POINT('',(24.391845703125,-7.034423828125));
#5248 = ( GEOMETRIC_REPRESENTATION_CONTEXT(2) 
PARAMETRIC_REPRESENTATION_CONTEXT() REPRESENTATION_CONTEXT('2D SPACE',''
  ) );
#5249 = PCURVE('',#5250,#5257);
#5250 = SURFACE_OF_LINEAR_EXTRUSION('',#5251,#5255);
#5251 = B_SPLINE_CURVE_WITH_KNOTS('',2,(#5252,#5253,#5254),
  .UNSPECIFIED.,.F.,.F.,(3,3),(0.,1.),.PIECEWISE_BEZIER_KNOTS.);
#5252 = CARTESIAN_POINT('',(3.25,21.721845703125,7.034423828125));
#5253 = CARTESIAN_POINT('',(3.25,21.406025390625,6.739111328125));
#5254 = CARTESIAN_POINT('',(3.25,20.977412109375,6.597607421875));
#5255 = VECTOR('',#5256,1.);
#5256 = DIRECTION('',(-1.,-0.,-0.));
#5257 = DEFINITIONAL_REPRESENTATION('',(#5258),#5269);
#5258 = B_SPLINE_CURVE_WITH_KNOTS('',5,(#5259,#5260,#5261,#5262,#5263,
    #5264,#5265,#5266,#5267,#5268),.UNSPECIFIED.,.F.,.F.,(6,4,6),(0.,
    0.731251832155,1.),.UNSPECIFIED.);
#5259 = CARTESIAN_POINT('',(1.,-0.2));
#5260 = CARTESIAN_POINT('',(0.856102906728,-0.2));
#5261 = CARTESIAN_POINT('',(0.710678592782,-0.2));
#5262 = CARTESIAN_POINT('',(0.564168036549,-0.2));
#5263 = CARTESIAN_POINT('',(0.417079900475,-0.2));
#5264 = CARTESIAN_POINT('',(0.215945497787,-0.2));
#5265 = CARTESIAN_POINT('',(0.161890723604,-0.2));
#5266 = CARTESIAN_POINT('',(0.10786346728,-0.2));
#5267 = CARTESIAN_POINT('',(5.389098513803E-02,-0.2));
#5268 = CARTESIAN_POINT('',(0.,-0.2));
#5269 = ( GEOMETRIC_REPRESENTATION_CONTEXT(2) 
PARAMETRIC_REPRESENTATION_CONTEXT() REPRESENTATION_CONTEXT('2D SPACE',''
  ) );
#5270 = ORIENTED_EDGE('',*,*,#5271,.F.);
#5271 = EDGE_CURVE('',#5272,#5221,#5274,.T.);
#5272 = VERTEX_POINT('',#5273);
#5273 = CARTESIAN_POINT('',(3.45,21.721845703125,4.862646484375));
#5274 = SURFACE_CURVE('',#5275,(#5279,#5285),.PCURVE_S1.);
#5275 = LINE('',#5276,#5277);
#5276 = CARTESIAN_POINT('',(3.45,21.721845703125,2.431323242188));
#5277 = VECTOR('',#5278,1.);
#5278 = DIRECTION('',(0.,0.,1.));
#5279 = PCURVE('',#100,#5280);
#5280 = DEFINITIONAL_REPRESENTATION('',(#5281),#5284);
#5281 = B_SPLINE_CURVE_WITH_KNOTS('',1,(#5282,#5283),.UNSPECIFIED.,.F.,
  .F.,(2,2),(2.431323242188,4.603100585938),.PIECEWISE_BEZIER_KNOTS.);
#5282 = CARTESIAN_POINT('',(24.391845703125,-4.862646484375));
#5283 = CARTESIAN_POINT('',(24.391845703125,-7.034423828125));
#5284 = ( GEOMETRIC_REPRESENTATION_CONTEXT(2) 
PARAMETRIC_REPRESENTATION_CONTEXT() REPRESENTATION_CONTEXT('2D SPACE',''
  ) );
#5285 = PCURVE('',#5286,#5291);
#5286 = PLANE('',#5287);
#5287 = AXIS2_PLACEMENT_3D('',#5288,#5289,#5290);
#5288 = CARTESIAN_POINT('',(3.25,21.721845703125,4.862646484375));
#5289 = DIRECTION('',(0.,-1.,0.));
#5290 = DIRECTION('',(0.,0.,1.));
#5291 = DEFINITIONAL_REPRESENTATION('',(#5292),#5295);
#5292 = B_SPLINE_CURVE_WITH_KNOTS('',1,(#5293,#5294),.UNSPECIFIED.,.F.,
  .F.,(2,2),(2.431323242188,4.603100585938),.PIECEWISE_BEZIER_KNOTS.);
#5293 = CARTESIAN_POINT('',(0.,-0.2));
#5294 = CARTESIAN_POINT('',(2.17177734375,-0.2));
#5295 = ( GEOMETRIC_REPRESENTATION_CONTEXT(2) 
PARAMETRIC_REPRESENTATION_CONTEXT() REPRESENTATION_CONTEXT('2D SPACE',''
  ) );
#5296 = ORIENTED_EDGE('',*,*,#5297,.F.);
#5297 = EDGE_CURVE('',#5050,#5272,#5298,.T.);
#5298 = SURFACE_CURVE('',#5299,(#5303,#5309),.PCURVE_S1.);
#5299 = LINE('',#5300,#5301);
#5300 = CARTESIAN_POINT('',(3.45,9.814057617188,4.862646484375));
#5301 = VECTOR('',#5302,1.);
#5302 = DIRECTION('',(-0.,-1.,-0.));
#5303 = PCURVE('',#100,#5304);
#5304 = DEFINITIONAL_REPRESENTATION('',(#5305),#5308);
#5305 = B_SPLINE_CURVE_WITH_KNOTS('',1,(#5306,#5307),.UNSPECIFIED.,.F.,
  .F.,(2,2),(-12.48405761718,-11.90778808593),.PIECEWISE_BEZIER_KNOTS.);
#5306 = CARTESIAN_POINT('',(24.968115234375,-4.862646484375));
#5307 = CARTESIAN_POINT('',(24.391845703125,-4.862646484375));
#5308 = ( GEOMETRIC_REPRESENTATION_CONTEXT(2) 
PARAMETRIC_REPRESENTATION_CONTEXT() REPRESENTATION_CONTEXT('2D SPACE',''
  ) );
#5309 = PCURVE('',#5310,#5315);
#5310 = PLANE('',#5311);
#5311 = AXIS2_PLACEMENT_3D('',#5312,#5313,#5314);
#5312 = CARTESIAN_POINT('',(3.25,22.298115234375,4.862646484375));
#5313 = DIRECTION('',(0.,0.,-1.));
#5314 = DIRECTION('',(0.,-1.,0.));
#5315 = DEFINITIONAL_REPRESENTATION('',(#5316),#5319);
#5316 = B_SPLINE_CURVE_WITH_KNOTS('',1,(#5317,#5318),.UNSPECIFIED.,.F.,
  .F.,(2,2),(-12.48405761718,-11.90778808593),.PIECEWISE_BEZIER_KNOTS.);
#5317 = CARTESIAN_POINT('',(0.,-0.2));
#5318 = CARTESIAN_POINT('',(0.57626953125,-0.2));
#5319 = ( GEOMETRIC_REPRESENTATION_CONTEXT(2) 
PARAMETRIC_REPRESENTATION_CONTEXT() REPRESENTATION_CONTEXT('2D SPACE',''
  ) );
#5320 = FACE_BOUND('',#5321,.F.);
#5321 = EDGE_LOOP('',(#5322,#5350,#5376,#5402));
#5322 = ORIENTED_EDGE('',*,*,#5323,.F.);
#5323 = EDGE_CURVE('',#5324,#5326,#5328,.T.);
#5324 = VERTEX_POINT('',#5325);
#5325 = CARTESIAN_POINT('',(3.45,8.475849609375,5.664501953125));
#5326 = VERTEX_POINT('',#5327);
#5327 = CARTESIAN_POINT('',(3.45,7.343818359375,5.664501953125));
#5328 = SURFACE_CURVE('',#5329,(#5333,#5339),.PCURVE_S1.);
#5329 = LINE('',#5330,#5331);
#5330 = CARTESIAN_POINT('',(3.45,2.902924804688,5.664501953125));
#5331 = VECTOR('',#5332,1.);
#5332 = DIRECTION('',(-0.,-1.,-0.));
#5333 = PCURVE('',#100,#5334);
#5334 = DEFINITIONAL_REPRESENTATION('',(#5335),#5338);
#5335 = B_SPLINE_CURVE_WITH_KNOTS('',1,(#5336,#5337),.UNSPECIFIED.,.F.,
  .F.,(2,2),(-5.572924804687,-4.440893554687),.PIECEWISE_BEZIER_KNOTS.);
#5336 = CARTESIAN_POINT('',(11.145849609375,-5.664501953125));
#5337 = CARTESIAN_POINT('',(10.013818359375,-5.664501953125));
#5338 = ( GEOMETRIC_REPRESENTATION_CONTEXT(2) 
PARAMETRIC_REPRESENTATION_CONTEXT() REPRESENTATION_CONTEXT('2D SPACE',''
  ) );
#5339 = PCURVE('',#5340,#5345);
#5340 = PLANE('',#5341);
#5341 = AXIS2_PLACEMENT_3D('',#5342,#5343,#5344);
#5342 = CARTESIAN_POINT('',(3.25,8.475849609375,5.664501953125));
#5343 = DIRECTION('',(0.,0.,-1.));
#5344 = DIRECTION('',(0.,-1.,0.));
#5345 = DEFINITIONAL_REPRESENTATION('',(#5346),#5349);
#5346 = B_SPLINE_CURVE_WITH_KNOTS('',1,(#5347,#5348),.UNSPECIFIED.,.F.,
  .F.,(2,2),(-5.572924804687,-4.440893554687),.PIECEWISE_BEZIER_KNOTS.);
#5347 = CARTESIAN_POINT('',(0.,-0.2));
#5348 = CARTESIAN_POINT('',(1.13203125,-0.2));
#5349 = ( GEOMETRIC_REPRESENTATION_CONTEXT(2) 
PARAMETRIC_REPRESENTATION_CONTEXT() REPRESENTATION_CONTEXT('2D SPACE',''
  ) );
#5350 = ORIENTED_EDGE('',*,*,#5351,.F.);
#5351 = EDGE_CURVE('',#5352,#5324,#5354,.T.);
#5352 = VERTEX_POINT('',#5353);
#5353 = CARTESIAN_POINT('',(3.45,8.475849609375,6.240771484375));
#5354 = SURFACE_CURVE('',#5355,(#5359,#5365),.PCURVE_S1.);
#5355 = LINE('',#5356,#5357);
#5356 = CARTESIAN_POINT('',(3.45,8.475849609375,3.120385742188));
#5357 = VECTOR('',#5358,1.);
#5358 = DIRECTION('',(0.,0.,-1.));
#5359 = PCURVE('',#100,#5360);
#5360 = DEFINITIONAL_REPRESENTATION('',(#5361),#5364);
#5361 = B_SPLINE_CURVE_WITH_KNOTS('',1,(#5362,#5363),.UNSPECIFIED.,.F.,
  .F.,(2,2),(-3.120385742188,-2.544116210938),.PIECEWISE_BEZIER_KNOTS.);
#5362 = CARTESIAN_POINT('',(11.145849609375,-6.240771484375));
#5363 = CARTESIAN_POINT('',(11.145849609375,-5.664501953125));
#5364 = ( GEOMETRIC_REPRESENTATION_CONTEXT(2) 
PARAMETRIC_REPRESENTATION_CONTEXT() REPRESENTATION_CONTEXT('2D SPACE',''
  ) );
#5365 = PCURVE('',#5366,#5371);
#5366 = PLANE('',#5367);
#5367 = AXIS2_PLACEMENT_3D('',#5368,#5369,#5370);
#5368 = CARTESIAN_POINT('',(3.25,8.475849609375,6.240771484375));
#5369 = DIRECTION('',(0.,1.,0.));
#5370 = DIRECTION('',(0.,0.,-1.));
#5371 = DEFINITIONAL_REPRESENTATION('',(#5372),#5375);
#5372 = B_SPLINE_CURVE_WITH_KNOTS('',1,(#5373,#5374),.UNSPECIFIED.,.F.,
  .F.,(2,2),(-3.120385742188,-2.544116210938),.PIECEWISE_BEZIER_KNOTS.);
#5373 = CARTESIAN_POINT('',(0.,-0.2));
#5374 = CARTESIAN_POINT('',(0.57626953125,-0.2));
#5375 = ( GEOMETRIC_REPRESENTATION_CONTEXT(2) 
PARAMETRIC_REPRESENTATION_CONTEXT() REPRESENTATION_CONTEXT('2D SPACE',''
  ) );
#5376 = ORIENTED_EDGE('',*,*,#5377,.F.);
#5377 = EDGE_CURVE('',#5378,#5352,#5380,.T.);
#5378 = VERTEX_POINT('',#5379);
#5379 = CARTESIAN_POINT('',(3.45,7.343818359375,6.240771484375));
#5380 = SURFACE_CURVE('',#5381,(#5385,#5391),.PCURVE_S1.);
#5381 = LINE('',#5382,#5383);
#5382 = CARTESIAN_POINT('',(3.45,2.336909179688,6.240771484375));
#5383 = VECTOR('',#5384,1.);
#5384 = DIRECTION('',(0.,1.,-0.));
#5385 = PCURVE('',#100,#5386);
#5386 = DEFINITIONAL_REPRESENTATION('',(#5387),#5390);
#5387 = B_SPLINE_CURVE_WITH_KNOTS('',1,(#5388,#5389),.UNSPECIFIED.,.F.,
  .F.,(2,2),(5.006909179687,6.138940429687),.PIECEWISE_BEZIER_KNOTS.);
#5388 = CARTESIAN_POINT('',(10.013818359375,-6.240771484375));
#5389 = CARTESIAN_POINT('',(11.145849609375,-6.240771484375));
#5390 = ( GEOMETRIC_REPRESENTATION_CONTEXT(2) 
PARAMETRIC_REPRESENTATION_CONTEXT() REPRESENTATION_CONTEXT('2D SPACE',''
  ) );
#5391 = PCURVE('',#5392,#5397);
#5392 = PLANE('',#5393);
#5393 = AXIS2_PLACEMENT_3D('',#5394,#5395,#5396);
#5394 = CARTESIAN_POINT('',(3.25,7.343818359375,6.240771484375));
#5395 = DIRECTION('',(0.,0.,1.));
#5396 = DIRECTION('',(0.,1.,0.));
#5397 = DEFINITIONAL_REPRESENTATION('',(#5398),#5401);
#5398 = B_SPLINE_CURVE_WITH_KNOTS('',1,(#5399,#5400),.UNSPECIFIED.,.F.,
  .F.,(2,2),(5.006909179687,6.138940429687),.PIECEWISE_BEZIER_KNOTS.);
#5399 = CARTESIAN_POINT('',(0.,-0.2));
#5400 = CARTESIAN_POINT('',(1.13203125,-0.2));
#5401 = ( GEOMETRIC_REPRESENTATION_CONTEXT(2) 
PARAMETRIC_REPRESENTATION_CONTEXT() REPRESENTATION_CONTEXT('2D SPACE',''
  ) );
#5402 = ORIENTED_EDGE('',*,*,#5403,.F.);
#5403 = EDGE_CURVE('',#5326,#5378,#5404,.T.);
#5404 = SURFACE_CURVE('',#5405,(#5409,#5415),.PCURVE_S1.);
#5405 = LINE('',#5406,#5407);
#5406 = CARTESIAN_POINT('',(3.45,7.343818359375,2.832250976562));
#5407 = VECTOR('',#5408,1.);
#5408 = DIRECTION('',(0.,0.,1.));
#5409 = PCURVE('',#100,#5410);
#5410 = DEFINITIONAL_REPRESENTATION('',(#5411),#5414);
#5411 = B_SPLINE_CURVE_WITH_KNOTS('',1,(#5412,#5413),.UNSPECIFIED.,.F.,
  .F.,(2,2),(2.832250976562,3.408520507812),.PIECEWISE_BEZIER_KNOTS.);
#5412 = CARTESIAN_POINT('',(10.013818359375,-5.664501953125));
#5413 = CARTESIAN_POINT('',(10.013818359375,-6.240771484375));
#5414 = ( GEOMETRIC_REPRESENTATION_CONTEXT(2) 
PARAMETRIC_REPRESENTATION_CONTEXT() REPRESENTATION_CONTEXT('2D SPACE',''
  ) );
#5415 = PCURVE('',#5416,#5421);
#5416 = PLANE('',#5417);
#5417 = AXIS2_PLACEMENT_3D('',#5418,#5419,#5420);
#5418 = CARTESIAN_POINT('',(3.25,7.343818359375,5.664501953125));
#5419 = DIRECTION('',(0.,-1.,0.));
#5420 = DIRECTION('',(0.,0.,1.));
#5421 = DEFINITIONAL_REPRESENTATION('',(#5422),#5425);
#5422 = B_SPLINE_CURVE_WITH_KNOTS('',1,(#5423,#5424),.UNSPECIFIED.,.F.,
  .F.,(2,2),(2.832250976562,3.408520507812),.PIECEWISE_BEZIER_KNOTS.);
#5423 = CARTESIAN_POINT('',(0.,-0.2));
#5424 = CARTESIAN_POINT('',(0.57626953125,-0.2));
#5425 = ( GEOMETRIC_REPRESENTATION_CONTEXT(2) 
PARAMETRIC_REPRESENTATION_CONTEXT() REPRESENTATION_CONTEXT('2D SPACE',''
  ) );
#5426 = FACE_BOUND('',#5427,.F.);
#5427 = EDGE_LOOP('',(#5428,#5456,#5482,#5508));
#5428 = ORIENTED_EDGE('',*,*,#5429,.F.);
#5429 = EDGE_CURVE('',#5430,#5432,#5434,.T.);
#5430 = VERTEX_POINT('',#5431);
#5431 = CARTESIAN_POINT('',(3.45,18.278583984375,5.664501953125));
#5432 = VERTEX_POINT('',#5433);
#5433 = CARTESIAN_POINT('',(3.45,17.146552734375,5.664501953125));
#5434 = SURFACE_CURVE('',#5435,(#5439,#5445),.PCURVE_S1.);
#5435 = LINE('',#5436,#5437);
#5436 = CARTESIAN_POINT('',(3.45,7.804291992188,5.664501953125));
#5437 = VECTOR('',#5438,1.);
#5438 = DIRECTION('',(-0.,-1.,-0.));
#5439 = PCURVE('',#100,#5440);
#5440 = DEFINITIONAL_REPRESENTATION('',(#5441),#5444);
#5441 = B_SPLINE_CURVE_WITH_KNOTS('',1,(#5442,#5443),.UNSPECIFIED.,.F.,
  .F.,(2,2),(-10.47429199218,-9.342260742187),.PIECEWISE_BEZIER_KNOTS.);
#5442 = CARTESIAN_POINT('',(20.948583984375,-5.664501953125));
#5443 = CARTESIAN_POINT('',(19.816552734375,-5.664501953125));
#5444 = ( GEOMETRIC_REPRESENTATION_CONTEXT(2) 
PARAMETRIC_REPRESENTATION_CONTEXT() REPRESENTATION_CONTEXT('2D SPACE',''
  ) );
#5445 = PCURVE('',#5446,#5451);
#5446 = PLANE('',#5447);
#5447 = AXIS2_PLACEMENT_3D('',#5448,#5449,#5450);
#5448 = CARTESIAN_POINT('',(3.25,18.278583984375,5.664501953125));
#5449 = DIRECTION('',(0.,0.,-1.));
#5450 = DIRECTION('',(0.,-1.,0.));
#5451 = DEFINITIONAL_REPRESENTATION('',(#5452),#5455);
#5452 = B_SPLINE_CURVE_WITH_KNOTS('',1,(#5453,#5454),.UNSPECIFIED.,.F.,
  .F.,(2,2),(-10.47429199218,-9.342260742187),.PIECEWISE_BEZIER_KNOTS.);
#5453 = CARTESIAN_POINT('',(0.,-0.2));
#5454 = CARTESIAN_POINT('',(1.13203125,-0.2));
#5455 = ( GEOMETRIC_REPRESENTATION_CONTEXT(2) 
PARAMETRIC_REPRESENTATION_CONTEXT() REPRESENTATION_CONTEXT('2D SPACE',''
  ) );
#5456 = ORIENTED_EDGE('',*,*,#5457,.F.);
#5457 = EDGE_CURVE('',#5458,#5430,#5460,.T.);
#5458 = VERTEX_POINT('',#5459);
#5459 = CARTESIAN_POINT('',(3.45,18.278583984375,6.240771484375));
#5460 = SURFACE_CURVE('',#5461,(#5465,#5471),.PCURVE_S1.);
#5461 = LINE('',#5462,#5463);
#5462 = CARTESIAN_POINT('',(3.45,18.278583984375,3.120385742188));
#5463 = VECTOR('',#5464,1.);
#5464 = DIRECTION('',(0.,0.,-1.));
#5465 = PCURVE('',#100,#5466);
#5466 = DEFINITIONAL_REPRESENTATION('',(#5467),#5470);
#5467 = B_SPLINE_CURVE_WITH_KNOTS('',1,(#5468,#5469),.UNSPECIFIED.,.F.,
  .F.,(2,2),(-3.120385742188,-2.544116210938),.PIECEWISE_BEZIER_KNOTS.);
#5468 = CARTESIAN_POINT('',(20.948583984375,-6.240771484375));
#5469 = CARTESIAN_POINT('',(20.948583984375,-5.664501953125));
#5470 = ( GEOMETRIC_REPRESENTATION_CONTEXT(2) 
PARAMETRIC_REPRESENTATION_CONTEXT() REPRESENTATION_CONTEXT('2D SPACE',''
  ) );
#5471 = PCURVE('',#5472,#5477);
#5472 = PLANE('',#5473);
#5473 = AXIS2_PLACEMENT_3D('',#5474,#5475,#5476);
#5474 = CARTESIAN_POINT('',(3.25,18.278583984375,6.240771484375));
#5475 = DIRECTION('',(0.,1.,0.));
#5476 = DIRECTION('',(0.,0.,-1.));
#5477 = DEFINITIONAL_REPRESENTATION('',(#5478),#5481);
#5478 = B_SPLINE_CURVE_WITH_KNOTS('',1,(#5479,#5480),.UNSPECIFIED.,.F.,
  .F.,(2,2),(-3.120385742188,-2.544116210938),.PIECEWISE_BEZIER_KNOTS.);
#5479 = CARTESIAN_POINT('',(0.,-0.2));
#5480 = CARTESIAN_POINT('',(0.57626953125,-0.2));
#5481 = ( GEOMETRIC_REPRESENTATION_CONTEXT(2) 
PARAMETRIC_REPRESENTATION_CONTEXT() REPRESENTATION_CONTEXT('2D SPACE',''
  ) );
#5482 = ORIENTED_EDGE('',*,*,#5483,.F.);
#5483 = EDGE_CURVE('',#5484,#5458,#5486,.T.);
#5484 = VERTEX_POINT('',#5485);
#5485 = CARTESIAN_POINT('',(3.45,17.146552734375,6.240771484375));
#5486 = SURFACE_CURVE('',#5487,(#5491,#5497),.PCURVE_S1.);
#5487 = LINE('',#5488,#5489);
#5488 = CARTESIAN_POINT('',(3.45,7.238276367188,6.240771484375));
#5489 = VECTOR('',#5490,1.);
#5490 = DIRECTION('',(0.,1.,-0.));
#5491 = PCURVE('',#100,#5492);
#5492 = DEFINITIONAL_REPRESENTATION('',(#5493),#5496);
#5493 = B_SPLINE_CURVE_WITH_KNOTS('',1,(#5494,#5495),.UNSPECIFIED.,.F.,
  .F.,(2,2),(9.908276367187,11.040307617187),.PIECEWISE_BEZIER_KNOTS.);
#5494 = CARTESIAN_POINT('',(19.816552734375,-6.240771484375));
#5495 = CARTESIAN_POINT('',(20.948583984375,-6.240771484375));
#5496 = ( GEOMETRIC_REPRESENTATION_CONTEXT(2) 
PARAMETRIC_REPRESENTATION_CONTEXT() REPRESENTATION_CONTEXT('2D SPACE',''
  ) );
#5497 = PCURVE('',#5498,#5503);
#5498 = PLANE('',#5499);
#5499 = AXIS2_PLACEMENT_3D('',#5500,#5501,#5502);
#5500 = CARTESIAN_POINT('',(3.25,17.146552734375,6.240771484375));
#5501 = DIRECTION('',(0.,0.,1.));
#5502 = DIRECTION('',(0.,1.,0.));
#5503 = DEFINITIONAL_REPRESENTATION('',(#5504),#5507);
#5504 = B_SPLINE_CURVE_WITH_KNOTS('',1,(#5505,#5506),.UNSPECIFIED.,.F.,
  .F.,(2,2),(9.908276367187,11.040307617187),.PIECEWISE_BEZIER_KNOTS.);
#5505 = CARTESIAN_POINT('',(0.,-0.2));
#5506 = CARTESIAN_POINT('',(1.13203125,-0.2));
#5507 = ( GEOMETRIC_REPRESENTATION_CONTEXT(2) 
PARAMETRIC_REPRESENTATION_CONTEXT() REPRESENTATION_CONTEXT('2D SPACE',''
  ) );
#5508 = ORIENTED_EDGE('',*,*,#5509,.F.);
#5509 = EDGE_CURVE('',#5432,#5484,#5510,.T.);
#5510 = SURFACE_CURVE('',#5511,(#5515,#5521),.PCURVE_S1.);
#5511 = LINE('',#5512,#5513);
#5512 = CARTESIAN_POINT('',(3.45,17.146552734375,2.832250976562));
#5513 = VECTOR('',#5514,1.);
#5514 = DIRECTION('',(0.,0.,1.));
#5515 = PCURVE('',#100,#5516);
#5516 = DEFINITIONAL_REPRESENTATION('',(#5517),#5520);
#5517 = B_SPLINE_CURVE_WITH_KNOTS('',1,(#5518,#5519),.UNSPECIFIED.,.F.,
  .F.,(2,2),(2.832250976562,3.408520507812),.PIECEWISE_BEZIER_KNOTS.);
#5518 = CARTESIAN_POINT('',(19.816552734375,-5.664501953125));
#5519 = CARTESIAN_POINT('',(19.816552734375,-6.240771484375));
#5520 = ( GEOMETRIC_REPRESENTATION_CONTEXT(2) 
PARAMETRIC_REPRESENTATION_CONTEXT() REPRESENTATION_CONTEXT('2D SPACE',''
  ) );
#5521 = PCURVE('',#5522,#5527);
#5522 = PLANE('',#5523);
#5523 = AXIS2_PLACEMENT_3D('',#5524,#5525,#5526);
#5524 = CARTESIAN_POINT('',(3.25,17.146552734375,5.664501953125));
#5525 = DIRECTION('',(0.,-1.,0.));
#5526 = DIRECTION('',(0.,0.,1.));
#5527 = DEFINITIONAL_REPRESENTATION('',(#5528),#5531);
#5528 = B_SPLINE_CURVE_WITH_KNOTS('',1,(#5529,#5530),.UNSPECIFIED.,.F.,
  .F.,(2,2),(2.832250976562,3.408520507812),.PIECEWISE_BEZIER_KNOTS.);
#5529 = CARTESIAN_POINT('',(0.,-0.2));
#5530 = CARTESIAN_POINT('',(0.57626953125,-0.2));
#5531 = ( GEOMETRIC_REPRESENTATION_CONTEXT(2) 
PARAMETRIC_REPRESENTATION_CONTEXT() REPRESENTATION_CONTEXT('2D SPACE',''
  ) );
#5532 = ADVANCED_FACE('',(#5533),#157,.T.);
#5533 = FACE_BOUND('',#5534,.T.);
#5534 = EDGE_LOOP('',(#5535,#5536,#5559,#5587));
#5535 = ORIENTED_EDGE('',*,*,#140,.F.);
#5536 = ORIENTED_EDGE('',*,*,#5537,.T.);
#5537 = EDGE_CURVE('',#141,#5538,#5540,.T.);
#5538 = VERTEX_POINT('',#5539);
#5539 = CARTESIAN_POINT('',(-1.010009765625,-3.07,5.660400390625));
#5540 = SURFACE_CURVE('',#5541,(#5545,#5552),.PCURVE_S1.);
#5541 = LINE('',#5542,#5543);
#5542 = CARTESIAN_POINT('',(-1.010009765625,-2.47,5.660400390625));
#5543 = VECTOR('',#5544,1.);
#5544 = DIRECTION('',(0.,-1.,0.));
#5545 = PCURVE('',#157,#5546);
#5546 = DEFINITIONAL_REPRESENTATION('',(#5547),#5551);
#5547 = LINE('',#5548,#5549);
#5548 = CARTESIAN_POINT('',(0.,0.));
#5549 = VECTOR('',#5550,1.);
#5550 = DIRECTION('',(0.,-1.));
#5551 = ( GEOMETRIC_REPRESENTATION_CONTEXT(2) 
PARAMETRIC_REPRESENTATION_CONTEXT() REPRESENTATION_CONTEXT('2D SPACE',''
  ) );
#5552 = PCURVE('',#198,#5553);
#5553 = DEFINITIONAL_REPRESENTATION('',(#5554),#5558);
#5554 = LINE('',#5555,#5556);
#5555 = CARTESIAN_POINT('',(1.,0.));
#5556 = VECTOR('',#5557,1.);
#5557 = DIRECTION('',(0.,-1.));
#5558 = ( GEOMETRIC_REPRESENTATION_CONTEXT(2) 
PARAMETRIC_REPRESENTATION_CONTEXT() REPRESENTATION_CONTEXT('2D SPACE',''
  ) );
#5559 = ORIENTED_EDGE('',*,*,#5560,.T.);
#5560 = EDGE_CURVE('',#5538,#5561,#5563,.T.);
#5561 = VERTEX_POINT('',#5562);
#5562 = CARTESIAN_POINT('',(-0.452197265625,-3.07,5.728076171875));
#5563 = SURFACE_CURVE('',#5564,(#5568,#5575),.PCURVE_S1.);
#5564 = LINE('',#5565,#5566);
#5565 = CARTESIAN_POINT('',(-1.010009765625,-3.07,5.660400390625));
#5566 = VECTOR('',#5567,1.);
#5567 = DIRECTION('',(0.992720564438,0.,0.120440362597));
#5568 = PCURVE('',#157,#5569);
#5569 = DEFINITIONAL_REPRESENTATION('',(#5570),#5574);
#5570 = LINE('',#5571,#5572);
#5571 = CARTESIAN_POINT('',(0.,-0.6));
#5572 = VECTOR('',#5573,1.);
#5573 = DIRECTION('',(1.,0.));
#5574 = ( GEOMETRIC_REPRESENTATION_CONTEXT(2) 
PARAMETRIC_REPRESENTATION_CONTEXT() REPRESENTATION_CONTEXT('2D SPACE',''
  ) );
#5575 = PCURVE('',#5576,#5581);
#5576 = PLANE('',#5577);
#5577 = AXIS2_PLACEMENT_3D('',#5578,#5579,#5580);
#5578 = CARTESIAN_POINT('',(-1.167919921875,-3.07,4.862646484375));
#5579 = DIRECTION('',(0.,-1.,0.));
#5580 = DIRECTION('',(1.,0.,0.));
#5581 = DEFINITIONAL_REPRESENTATION('',(#5582),#5586);
#5582 = LINE('',#5583,#5584);
#5583 = CARTESIAN_POINT('',(0.15791015625,0.79775390625));
#5584 = VECTOR('',#5585,1.);
#5585 = DIRECTION('',(0.992720564438,0.120440362597));
#5586 = ( GEOMETRIC_REPRESENTATION_CONTEXT(2) 
PARAMETRIC_REPRESENTATION_CONTEXT() REPRESENTATION_CONTEXT('2D SPACE',''
  ) );
#5587 = ORIENTED_EDGE('',*,*,#5588,.F.);
#5588 = EDGE_CURVE('',#143,#5561,#5589,.T.);
#5589 = SURFACE_CURVE('',#5590,(#5594,#5601),.PCURVE_S1.);
#5590 = LINE('',#5591,#5592);
#5591 = CARTESIAN_POINT('',(-0.452197265625,-2.47,5.728076171875));
#5592 = VECTOR('',#5593,1.);
#5593 = DIRECTION('',(0.,-1.,0.));
#5594 = PCURVE('',#157,#5595);
#5595 = DEFINITIONAL_REPRESENTATION('',(#5596),#5600);
#5596 = LINE('',#5597,#5598);
#5597 = CARTESIAN_POINT('',(0.561902835483,0.));
#5598 = VECTOR('',#5599,1.);
#5599 = DIRECTION('',(0.,-1.));
#5600 = ( GEOMETRIC_REPRESENTATION_CONTEXT(2) 
PARAMETRIC_REPRESENTATION_CONTEXT() REPRESENTATION_CONTEXT('2D SPACE',''
  ) );
#5601 = PCURVE('',#1404,#5602);
#5602 = DEFINITIONAL_REPRESENTATION('',(#5603),#5607);
#5603 = LINE('',#5604,#5605);
#5604 = CARTESIAN_POINT('',(0.,0.));
#5605 = VECTOR('',#5606,1.);
#5606 = DIRECTION('',(0.,-1.));
#5607 = ( GEOMETRIC_REPRESENTATION_CONTEXT(2) 
PARAMETRIC_REPRESENTATION_CONTEXT() REPRESENTATION_CONTEXT('2D SPACE',''
  ) );
#5608 = ADVANCED_FACE('',(#5609),#1404,.T.);
#5609 = FACE_BOUND('',#5610,.T.);
#5610 = EDGE_LOOP('',(#5611,#5612,#5613,#5636));
#5611 = ORIENTED_EDGE('',*,*,#1384,.T.);
#5612 = ORIENTED_EDGE('',*,*,#5588,.T.);
#5613 = ORIENTED_EDGE('',*,*,#5614,.T.);
#5614 = EDGE_CURVE('',#5561,#5615,#5617,.T.);
#5615 = VERTEX_POINT('',#5616);
#5616 = CARTESIAN_POINT('',(-0.308642578125,-3.07,5.402001953125));
#5617 = SURFACE_CURVE('',#5618,(#5622,#5629),.PCURVE_S1.);
#5618 = B_SPLINE_CURVE_WITH_KNOTS('',2,(#5619,#5620,#5621),
  .UNSPECIFIED.,.F.,.F.,(3,3),(0.,1.),.PIECEWISE_BEZIER_KNOTS.);
#5619 = CARTESIAN_POINT('',(-0.452197265625,-3.07,5.728076171875));
#5620 = CARTESIAN_POINT('',(-0.425537109375,-3.07,5.514794921875));
#5621 = CARTESIAN_POINT('',(-0.308642578125,-3.07,5.402001953125));
#5622 = PCURVE('',#1404,#5623);
#5623 = DEFINITIONAL_REPRESENTATION('',(#5624),#5628);
#5624 = LINE('',#5625,#5626);
#5625 = CARTESIAN_POINT('',(0.,-0.6));
#5626 = VECTOR('',#5627,1.);
#5627 = DIRECTION('',(1.,0.));
#5628 = ( GEOMETRIC_REPRESENTATION_CONTEXT(2) 
PARAMETRIC_REPRESENTATION_CONTEXT() REPRESENTATION_CONTEXT('2D SPACE',''
  ) );
#5629 = PCURVE('',#5576,#5630);
#5630 = DEFINITIONAL_REPRESENTATION('',(#5631),#5635);
#5631 = B_SPLINE_CURVE_WITH_KNOTS('',2,(#5632,#5633,#5634),
  .UNSPECIFIED.,.F.,.F.,(3,3),(0.,1.),.PIECEWISE_BEZIER_KNOTS.);
#5632 = CARTESIAN_POINT('',(0.71572265625,0.8654296875));
#5633 = CARTESIAN_POINT('',(0.7423828125,0.6521484375));
#5634 = CARTESIAN_POINT('',(0.85927734375,0.53935546875));
#5635 = ( GEOMETRIC_REPRESENTATION_CONTEXT(2) 
PARAMETRIC_REPRESENTATION_CONTEXT() REPRESENTATION_CONTEXT('2D SPACE',''
  ) );
#5636 = ORIENTED_EDGE('',*,*,#5637,.F.);
#5637 = EDGE_CURVE('',#1340,#5615,#5638,.T.);
#5638 = SURFACE_CURVE('',#5639,(#5643,#5650),.PCURVE_S1.);
#5639 = LINE('',#5640,#5641);
#5640 = CARTESIAN_POINT('',(-0.308642578125,-2.47,5.402001953125));
#5641 = VECTOR('',#5642,1.);
#5642 = DIRECTION('',(0.,-1.,0.));
#5643 = PCURVE('',#1404,#5644);
#5644 = DEFINITIONAL_REPRESENTATION('',(#5645),#5649);
#5645 = LINE('',#5646,#5647);
#5646 = CARTESIAN_POINT('',(1.,0.));
#5647 = VECTOR('',#5648,1.);
#5648 = DIRECTION('',(0.,-1.));
#5649 = ( GEOMETRIC_REPRESENTATION_CONTEXT(2) 
PARAMETRIC_REPRESENTATION_CONTEXT() REPRESENTATION_CONTEXT('2D SPACE',''
  ) );
#5650 = PCURVE('',#1365,#5651);
#5651 = DEFINITIONAL_REPRESENTATION('',(#5652),#5656);
#5652 = LINE('',#5653,#5654);
#5653 = CARTESIAN_POINT('',(0.,0.));
#5654 = VECTOR('',#5655,1.);
#5655 = DIRECTION('',(0.,-1.));
#5656 = ( GEOMETRIC_REPRESENTATION_CONTEXT(2) 
PARAMETRIC_REPRESENTATION_CONTEXT() REPRESENTATION_CONTEXT('2D SPACE',''
  ) );
#5657 = ADVANCED_FACE('',(#5658),#1365,.T.);
#5658 = FACE_BOUND('',#5659,.T.);
#5659 = EDGE_LOOP('',(#5660,#5661,#5662,#5685));
#5660 = ORIENTED_EDGE('',*,*,#1339,.T.);
#5661 = ORIENTED_EDGE('',*,*,#5637,.T.);
#5662 = ORIENTED_EDGE('',*,*,#5663,.T.);
#5663 = EDGE_CURVE('',#5615,#5664,#5666,.T.);
#5664 = VERTEX_POINT('',#5665);
#5665 = CARTESIAN_POINT('',(-2.5634765625E-02,-3.07,5.289208984375));
#5666 = SURFACE_CURVE('',#5667,(#5671,#5678),.PCURVE_S1.);
#5667 = B_SPLINE_CURVE_WITH_KNOTS('',2,(#5668,#5669,#5670),
  .UNSPECIFIED.,.F.,.F.,(3,3),(0.,1.),.PIECEWISE_BEZIER_KNOTS.);
#5668 = CARTESIAN_POINT('',(-0.308642578125,-3.07,5.402001953125));
#5669 = CARTESIAN_POINT('',(-0.191748046875,-3.07,5.289208984375));
#5670 = CARTESIAN_POINT('',(-2.5634765625E-02,-3.07,5.289208984375));
#5671 = PCURVE('',#1365,#5672);
#5672 = DEFINITIONAL_REPRESENTATION('',(#5673),#5677);
#5673 = LINE('',#5674,#5675);
#5674 = CARTESIAN_POINT('',(0.,-0.6));
#5675 = VECTOR('',#5676,1.);
#5676 = DIRECTION('',(1.,0.));
#5677 = ( GEOMETRIC_REPRESENTATION_CONTEXT(2) 
PARAMETRIC_REPRESENTATION_CONTEXT() REPRESENTATION_CONTEXT('2D SPACE',''
  ) );
#5678 = PCURVE('',#5576,#5679);
#5679 = DEFINITIONAL_REPRESENTATION('',(#5680),#5684);
#5680 = B_SPLINE_CURVE_WITH_KNOTS('',2,(#5681,#5682,#5683),
  .UNSPECIFIED.,.F.,.F.,(3,3),(0.,1.),.PIECEWISE_BEZIER_KNOTS.);
#5681 = CARTESIAN_POINT('',(0.85927734375,0.53935546875));
#5682 = CARTESIAN_POINT('',(0.976171875,0.4265625));
#5683 = CARTESIAN_POINT('',(1.14228515625,0.4265625));
#5684 = ( GEOMETRIC_REPRESENTATION_CONTEXT(2) 
PARAMETRIC_REPRESENTATION_CONTEXT() REPRESENTATION_CONTEXT('2D SPACE',''
  ) );
#5685 = ORIENTED_EDGE('',*,*,#5686,.F.);
#5686 = EDGE_CURVE('',#1289,#5664,#5687,.T.);
#5687 = SURFACE_CURVE('',#5688,(#5692,#5699),.PCURVE_S1.);
#5688 = LINE('',#5689,#5690);
#5689 = CARTESIAN_POINT('',(-2.5634765625E-02,-2.47,5.289208984375));
#5690 = VECTOR('',#5691,1.);
#5691 = DIRECTION('',(0.,-1.,0.));
#5692 = PCURVE('',#1365,#5693);
#5693 = DEFINITIONAL_REPRESENTATION('',(#5694),#5698);
#5694 = LINE('',#5695,#5696);
#5695 = CARTESIAN_POINT('',(1.,0.));
#5696 = VECTOR('',#5697,1.);
#5697 = DIRECTION('',(0.,-1.));
#5698 = ( GEOMETRIC_REPRESENTATION_CONTEXT(2) 
PARAMETRIC_REPRESENTATION_CONTEXT() REPRESENTATION_CONTEXT('2D SPACE',''
  ) );
#5699 = PCURVE('',#1318,#5700);
#5700 = DEFINITIONAL_REPRESENTATION('',(#5701),#5705);
#5701 = LINE('',#5702,#5703);
#5702 = CARTESIAN_POINT('',(0.,0.));
#5703 = VECTOR('',#5704,1.);
#5704 = DIRECTION('',(0.,-1.));
#5705 = ( GEOMETRIC_REPRESENTATION_CONTEXT(2) 
PARAMETRIC_REPRESENTATION_CONTEXT() REPRESENTATION_CONTEXT('2D SPACE',''
  ) );
#5706 = ADVANCED_FACE('',(#5707),#1318,.T.);
#5707 = FACE_BOUND('',#5708,.T.);
#5708 = EDGE_LOOP('',(#5709,#5710,#5711,#5734));
#5709 = ORIENTED_EDGE('',*,*,#1288,.T.);
#5710 = ORIENTED_EDGE('',*,*,#5686,.T.);
#5711 = ORIENTED_EDGE('',*,*,#5712,.T.);
#5712 = EDGE_CURVE('',#5664,#5713,#5715,.T.);
#5713 = VERTEX_POINT('',#5714);
#5714 = CARTESIAN_POINT('',(0.2748046875,-3.07,5.424560546875));
#5715 = SURFACE_CURVE('',#5716,(#5720,#5727),.PCURVE_S1.);
#5716 = B_SPLINE_CURVE_WITH_KNOTS('',2,(#5717,#5718,#5719),
  .UNSPECIFIED.,.F.,.F.,(3,3),(0.,1.),.PIECEWISE_BEZIER_KNOTS.);
#5717 = CARTESIAN_POINT('',(-2.5634765625E-02,-3.07,5.289208984375));
#5718 = CARTESIAN_POINT('',(0.152783203125,-3.07,5.289208984375));
#5719 = CARTESIAN_POINT('',(0.2748046875,-3.07,5.424560546875));
#5720 = PCURVE('',#1318,#5721);
#5721 = DEFINITIONAL_REPRESENTATION('',(#5722),#5726);
#5722 = LINE('',#5723,#5724);
#5723 = CARTESIAN_POINT('',(0.,-0.6));
#5724 = VECTOR('',#5725,1.);
#5725 = DIRECTION('',(1.,0.));
#5726 = ( GEOMETRIC_REPRESENTATION_CONTEXT(2) 
PARAMETRIC_REPRESENTATION_CONTEXT() REPRESENTATION_CONTEXT('2D SPACE',''
  ) );
#5727 = PCURVE('',#5576,#5728);
#5728 = DEFINITIONAL_REPRESENTATION('',(#5729),#5733);
#5729 = B_SPLINE_CURVE_WITH_KNOTS('',2,(#5730,#5731,#5732),
  .UNSPECIFIED.,.F.,.F.,(3,3),(0.,1.),.PIECEWISE_BEZIER_KNOTS.);
#5730 = CARTESIAN_POINT('',(1.14228515625,0.4265625));
#5731 = CARTESIAN_POINT('',(1.320703125,0.4265625));
#5732 = CARTESIAN_POINT('',(1.442724609375,0.5619140625));
#5733 = ( GEOMETRIC_REPRESENTATION_CONTEXT(2) 
PARAMETRIC_REPRESENTATION_CONTEXT() REPRESENTATION_CONTEXT('2D SPACE',''
  ) );
#5734 = ORIENTED_EDGE('',*,*,#5735,.F.);
#5735 = EDGE_CURVE('',#1250,#5713,#5736,.T.);
#5736 = SURFACE_CURVE('',#5737,(#5741,#5748),.PCURVE_S1.);
#5737 = LINE('',#5738,#5739);
#5738 = CARTESIAN_POINT('',(0.2748046875,-2.47,5.424560546875));
#5739 = VECTOR('',#5740,1.);
#5740 = DIRECTION('',(0.,-1.,0.));
#5741 = PCURVE('',#1318,#5742);
#5742 = DEFINITIONAL_REPRESENTATION('',(#5743),#5747);
#5743 = LINE('',#5744,#5745);
#5744 = CARTESIAN_POINT('',(1.,0.));
#5745 = VECTOR('',#5746,1.);
#5746 = DIRECTION('',(0.,-1.));
#5747 = ( GEOMETRIC_REPRESENTATION_CONTEXT(2) 
PARAMETRIC_REPRESENTATION_CONTEXT() REPRESENTATION_CONTEXT('2D SPACE',''
  ) );
#5748 = PCURVE('',#1271,#5749);
#5749 = DEFINITIONAL_REPRESENTATION('',(#5750),#5754);
#5750 = LINE('',#5751,#5752);
#5751 = CARTESIAN_POINT('',(0.,0.));
#5752 = VECTOR('',#5753,1.);
#5753 = DIRECTION('',(0.,-1.));
#5754 = ( GEOMETRIC_REPRESENTATION_CONTEXT(2) 
PARAMETRIC_REPRESENTATION_CONTEXT() REPRESENTATION_CONTEXT('2D SPACE',''
  ) );
#5755 = ADVANCED_FACE('',(#5756),#1271,.T.);
#5756 = FACE_BOUND('',#5757,.T.);
#5757 = EDGE_LOOP('',(#5758,#5759,#5760,#5783));
#5758 = ORIENTED_EDGE('',*,*,#1249,.T.);
#5759 = ORIENTED_EDGE('',*,*,#5735,.T.);
#5760 = ORIENTED_EDGE('',*,*,#5761,.T.);
#5761 = EDGE_CURVE('',#5713,#5762,#5764,.T.);
#5762 = VERTEX_POINT('',#5763);
#5763 = CARTESIAN_POINT('',(0.396826171875,-3.07,5.789599609375));
#5764 = SURFACE_CURVE('',#5765,(#5769,#5776),.PCURVE_S1.);
#5765 = B_SPLINE_CURVE_WITH_KNOTS('',2,(#5766,#5767,#5768),
  .UNSPECIFIED.,.F.,.F.,(3,3),(0.,1.),.PIECEWISE_BEZIER_KNOTS.);
#5766 = CARTESIAN_POINT('',(0.2748046875,-3.07,5.424560546875));
#5767 = CARTESIAN_POINT('',(0.396826171875,-3.07,5.559912109375));
#5768 = CARTESIAN_POINT('',(0.396826171875,-3.07,5.789599609375));
#5769 = PCURVE('',#1271,#5770);
#5770 = DEFINITIONAL_REPRESENTATION('',(#5771),#5775);
#5771 = LINE('',#5772,#5773);
#5772 = CARTESIAN_POINT('',(0.,-0.6));
#5773 = VECTOR('',#5774,1.);
#5774 = DIRECTION('',(1.,0.));
#5775 = ( GEOMETRIC_REPRESENTATION_CONTEXT(2) 
PARAMETRIC_REPRESENTATION_CONTEXT() REPRESENTATION_CONTEXT('2D SPACE',''
  ) );
#5776 = PCURVE('',#5576,#5777);
#5777 = DEFINITIONAL_REPRESENTATION('',(#5778),#5782);
#5778 = B_SPLINE_CURVE_WITH_KNOTS('',2,(#5779,#5780,#5781),
  .UNSPECIFIED.,.F.,.F.,(3,3),(0.,1.),.PIECEWISE_BEZIER_KNOTS.);
#5779 = CARTESIAN_POINT('',(1.442724609375,0.5619140625));
#5780 = CARTESIAN_POINT('',(1.56474609375,0.697265625));
#5781 = CARTESIAN_POINT('',(1.56474609375,0.926953125));
#5782 = ( GEOMETRIC_REPRESENTATION_CONTEXT(2) 
PARAMETRIC_REPRESENTATION_CONTEXT() REPRESENTATION_CONTEXT('2D SPACE',''
  ) );
#5783 = ORIENTED_EDGE('',*,*,#5784,.F.);
#5784 = EDGE_CURVE('',#1199,#5762,#5785,.T.);
#5785 = SURFACE_CURVE('',#5786,(#5790,#5797),.PCURVE_S1.);
#5786 = LINE('',#5787,#5788);
#5787 = CARTESIAN_POINT('',(0.396826171875,-2.47,5.789599609375));
#5788 = VECTOR('',#5789,1.);
#5789 = DIRECTION('',(0.,-1.,0.));
#5790 = PCURVE('',#1271,#5791);
#5791 = DEFINITIONAL_REPRESENTATION('',(#5792),#5796);
#5792 = LINE('',#5793,#5794);
#5793 = CARTESIAN_POINT('',(1.,0.));
#5794 = VECTOR('',#5795,1.);
#5795 = DIRECTION('',(0.,-1.));
#5796 = ( GEOMETRIC_REPRESENTATION_CONTEXT(2) 
PARAMETRIC_REPRESENTATION_CONTEXT() REPRESENTATION_CONTEXT('2D SPACE',''
  ) );
#5797 = PCURVE('',#1228,#5798);
#5798 = DEFINITIONAL_REPRESENTATION('',(#5799),#5803);
#5799 = LINE('',#5800,#5801);
#5800 = CARTESIAN_POINT('',(0.,0.));
#5801 = VECTOR('',#5802,1.);
#5802 = DIRECTION('',(0.,-1.));
#5803 = ( GEOMETRIC_REPRESENTATION_CONTEXT(2) 
PARAMETRIC_REPRESENTATION_CONTEXT() REPRESENTATION_CONTEXT('2D SPACE',''
  ) );
#5804 = ADVANCED_FACE('',(#5805),#1228,.T.);
#5805 = FACE_BOUND('',#5806,.T.);
#5806 = EDGE_LOOP('',(#5807,#5808,#5809,#5832));
#5807 = ORIENTED_EDGE('',*,*,#1198,.T.);
#5808 = ORIENTED_EDGE('',*,*,#5784,.T.);
#5809 = ORIENTED_EDGE('',*,*,#5810,.T.);
#5810 = EDGE_CURVE('',#5762,#5811,#5813,.T.);
#5811 = VERTEX_POINT('',#5812);
#5812 = CARTESIAN_POINT('',(0.279931640625,-3.07,6.134130859375));
#5813 = SURFACE_CURVE('',#5814,(#5818,#5825),.PCURVE_S1.);
#5814 = B_SPLINE_CURVE_WITH_KNOTS('',2,(#5815,#5816,#5817),
  .UNSPECIFIED.,.F.,.F.,(3,3),(0.,1.),.PIECEWISE_BEZIER_KNOTS.);
#5815 = CARTESIAN_POINT('',(0.396826171875,-3.07,5.789599609375));
#5816 = CARTESIAN_POINT('',(0.396826171875,-3.07,6.006982421875));
#5817 = CARTESIAN_POINT('',(0.279931640625,-3.07,6.134130859375));
#5818 = PCURVE('',#1228,#5819);
#5819 = DEFINITIONAL_REPRESENTATION('',(#5820),#5824);
#5820 = LINE('',#5821,#5822);
#5821 = CARTESIAN_POINT('',(0.,-0.6));
#5822 = VECTOR('',#5823,1.);
#5823 = DIRECTION('',(1.,0.));
#5824 = ( GEOMETRIC_REPRESENTATION_CONTEXT(2) 
PARAMETRIC_REPRESENTATION_CONTEXT() REPRESENTATION_CONTEXT('2D SPACE',''
  ) );
#5825 = PCURVE('',#5576,#5826);
#5826 = DEFINITIONAL_REPRESENTATION('',(#5827),#5831);
#5827 = B_SPLINE_CURVE_WITH_KNOTS('',2,(#5828,#5829,#5830),
  .UNSPECIFIED.,.F.,.F.,(3,3),(0.,1.),.PIECEWISE_BEZIER_KNOTS.);
#5828 = CARTESIAN_POINT('',(1.56474609375,0.926953125));
#5829 = CARTESIAN_POINT('',(1.56474609375,1.1443359375));
#5830 = CARTESIAN_POINT('',(1.4478515625,1.271484375));
#5831 = ( GEOMETRIC_REPRESENTATION_CONTEXT(2) 
PARAMETRIC_REPRESENTATION_CONTEXT() REPRESENTATION_CONTEXT('2D SPACE',''
  ) );
#5832 = ORIENTED_EDGE('',*,*,#5833,.F.);
#5833 = EDGE_CURVE('',#1148,#5811,#5834,.T.);
#5834 = SURFACE_CURVE('',#5835,(#5839,#5846),.PCURVE_S1.);
#5835 = LINE('',#5836,#5837);
#5836 = CARTESIAN_POINT('',(0.279931640625,-2.47,6.134130859375));
#5837 = VECTOR('',#5838,1.);
#5838 = DIRECTION('',(0.,-1.,0.));
#5839 = PCURVE('',#1228,#5840);
#5840 = DEFINITIONAL_REPRESENTATION('',(#5841),#5845);
#5841 = LINE('',#5842,#5843);
#5842 = CARTESIAN_POINT('',(1.,0.));
#5843 = VECTOR('',#5844,1.);
#5844 = DIRECTION('',(0.,-1.));
#5845 = ( GEOMETRIC_REPRESENTATION_CONTEXT(2) 
PARAMETRIC_REPRESENTATION_CONTEXT() REPRESENTATION_CONTEXT('2D SPACE',''
  ) );
#5846 = PCURVE('',#1177,#5847);
#5847 = DEFINITIONAL_REPRESENTATION('',(#5848),#5852);
#5848 = LINE('',#5849,#5850);
#5849 = CARTESIAN_POINT('',(0.,0.));
#5850 = VECTOR('',#5851,1.);
#5851 = DIRECTION('',(0.,-1.));
#5852 = ( GEOMETRIC_REPRESENTATION_CONTEXT(2) 
PARAMETRIC_REPRESENTATION_CONTEXT() REPRESENTATION_CONTEXT('2D SPACE',''
  ) );
#5853 = ADVANCED_FACE('',(#5854),#1177,.T.);
#5854 = FACE_BOUND('',#5855,.T.);
#5855 = EDGE_LOOP('',(#5856,#5857,#5858,#5881));
#5856 = ORIENTED_EDGE('',*,*,#1147,.T.);
#5857 = ORIENTED_EDGE('',*,*,#5833,.T.);
#5858 = ORIENTED_EDGE('',*,*,#5859,.T.);
#5859 = EDGE_CURVE('',#5811,#5860,#5862,.T.);
#5860 = VERTEX_POINT('',#5861);
#5861 = CARTESIAN_POINT('',(-5.126953125E-03,-3.07,6.261279296875));
#5862 = SURFACE_CURVE('',#5863,(#5867,#5874),.PCURVE_S1.);
#5863 = B_SPLINE_CURVE_WITH_KNOTS('',2,(#5864,#5865,#5866),
  .UNSPECIFIED.,.F.,.F.,(3,3),(0.,1.),.PIECEWISE_BEZIER_KNOTS.);
#5864 = CARTESIAN_POINT('',(0.279931640625,-3.07,6.134130859375));
#5865 = CARTESIAN_POINT('',(0.163037109375,-3.07,6.261279296875));
#5866 = CARTESIAN_POINT('',(-5.126953125E-03,-3.07,6.261279296875));
#5867 = PCURVE('',#1177,#5868);
#5868 = DEFINITIONAL_REPRESENTATION('',(#5869),#5873);
#5869 = LINE('',#5870,#5871);
#5870 = CARTESIAN_POINT('',(0.,-0.6));
#5871 = VECTOR('',#5872,1.);
#5872 = DIRECTION('',(1.,0.));
#5873 = ( GEOMETRIC_REPRESENTATION_CONTEXT(2) 
PARAMETRIC_REPRESENTATION_CONTEXT() REPRESENTATION_CONTEXT('2D SPACE',''
  ) );
#5874 = PCURVE('',#5576,#5875);
#5875 = DEFINITIONAL_REPRESENTATION('',(#5876),#5880);
#5876 = B_SPLINE_CURVE_WITH_KNOTS('',2,(#5877,#5878,#5879),
  .UNSPECIFIED.,.F.,.F.,(3,3),(0.,1.),.PIECEWISE_BEZIER_KNOTS.);
#5877 = CARTESIAN_POINT('',(1.4478515625,1.271484375));
#5878 = CARTESIAN_POINT('',(1.33095703125,1.3986328125));
#5879 = CARTESIAN_POINT('',(1.16279296875,1.3986328125));
#5880 = ( GEOMETRIC_REPRESENTATION_CONTEXT(2) 
PARAMETRIC_REPRESENTATION_CONTEXT() REPRESENTATION_CONTEXT('2D SPACE',''
  ) );
#5881 = ORIENTED_EDGE('',*,*,#5882,.F.);
#5882 = EDGE_CURVE('',#1109,#5860,#5883,.T.);
#5883 = SURFACE_CURVE('',#5884,(#5888,#5895),.PCURVE_S1.);
#5884 = LINE('',#5885,#5886);
#5885 = CARTESIAN_POINT('',(-5.126953125E-03,-2.47,6.261279296875));
#5886 = VECTOR('',#5887,1.);
#5887 = DIRECTION('',(0.,-1.,0.));
#5888 = PCURVE('',#1177,#5889);
#5889 = DEFINITIONAL_REPRESENTATION('',(#5890),#5894);
#5890 = LINE('',#5891,#5892);
#5891 = CARTESIAN_POINT('',(1.,0.));
#5892 = VECTOR('',#5893,1.);
#5893 = DIRECTION('',(0.,-1.));
#5894 = ( GEOMETRIC_REPRESENTATION_CONTEXT(2) 
PARAMETRIC_REPRESENTATION_CONTEXT() REPRESENTATION_CONTEXT('2D SPACE',''
  ) );
#5895 = PCURVE('',#1130,#5896);
#5896 = DEFINITIONAL_REPRESENTATION('',(#5897),#5901);
#5897 = LINE('',#5898,#5899);
#5898 = CARTESIAN_POINT('',(0.,0.));
#5899 = VECTOR('',#5900,1.);
#5900 = DIRECTION('',(0.,-1.));
#5901 = ( GEOMETRIC_REPRESENTATION_CONTEXT(2) 
PARAMETRIC_REPRESENTATION_CONTEXT() REPRESENTATION_CONTEXT('2D SPACE',''
  ) );
#5902 = ADVANCED_FACE('',(#5903),#1130,.T.);
#5903 = FACE_BOUND('',#5904,.T.);
#5904 = EDGE_LOOP('',(#5905,#5906,#5907,#5930));
#5905 = ORIENTED_EDGE('',*,*,#1108,.T.);
#5906 = ORIENTED_EDGE('',*,*,#5882,.T.);
#5907 = ORIENTED_EDGE('',*,*,#5908,.T.);
#5908 = EDGE_CURVE('',#5860,#5909,#5911,.T.);
#5909 = VERTEX_POINT('',#5910);
#5910 = CARTESIAN_POINT('',(-0.269677734375,-3.07,6.218212890625));
#5911 = SURFACE_CURVE('',#5912,(#5916,#5923),.PCURVE_S1.);
#5912 = B_SPLINE_CURVE_WITH_KNOTS('',2,(#5913,#5914,#5915),
  .UNSPECIFIED.,.F.,.F.,(3,3),(0.,1.),.PIECEWISE_BEZIER_KNOTS.);
#5913 = CARTESIAN_POINT('',(-5.126953125E-03,-3.07,6.261279296875));
#5914 = CARTESIAN_POINT('',(-0.115869140625,-3.07,6.261279296875));
#5915 = CARTESIAN_POINT('',(-0.269677734375,-3.07,6.218212890625));
#5916 = PCURVE('',#1130,#5917);
#5917 = DEFINITIONAL_REPRESENTATION('',(#5918),#5922);
#5918 = LINE('',#5919,#5920);
#5919 = CARTESIAN_POINT('',(0.,-0.6));
#5920 = VECTOR('',#5921,1.);
#5921 = DIRECTION('',(1.,0.));
#5922 = ( GEOMETRIC_REPRESENTATION_CONTEXT(2) 
PARAMETRIC_REPRESENTATION_CONTEXT() REPRESENTATION_CONTEXT('2D SPACE',''
  ) );
#5923 = PCURVE('',#5576,#5924);
#5924 = DEFINITIONAL_REPRESENTATION('',(#5925),#5929);
#5925 = B_SPLINE_CURVE_WITH_KNOTS('',2,(#5926,#5927,#5928),
  .UNSPECIFIED.,.F.,.F.,(3,3),(0.,1.),.PIECEWISE_BEZIER_KNOTS.);
#5926 = CARTESIAN_POINT('',(1.16279296875,1.3986328125));
#5927 = CARTESIAN_POINT('',(1.05205078125,1.3986328125));
#5928 = CARTESIAN_POINT('',(0.8982421875,1.35556640625));
#5929 = ( GEOMETRIC_REPRESENTATION_CONTEXT(2) 
PARAMETRIC_REPRESENTATION_CONTEXT() REPRESENTATION_CONTEXT('2D SPACE',''
  ) );
#5930 = ORIENTED_EDGE('',*,*,#5931,.F.);
#5931 = EDGE_CURVE('',#1083,#5909,#5932,.T.);
#5932 = SURFACE_CURVE('',#5933,(#5937,#5944),.PCURVE_S1.);
#5933 = LINE('',#5934,#5935);
#5934 = CARTESIAN_POINT('',(-0.269677734375,-2.47,6.218212890625));
#5935 = VECTOR('',#5936,1.);
#5936 = DIRECTION('',(0.,-1.,0.));
#5937 = PCURVE('',#1130,#5938);
#5938 = DEFINITIONAL_REPRESENTATION('',(#5939),#5943);
#5939 = LINE('',#5940,#5941);
#5940 = CARTESIAN_POINT('',(1.,0.));
#5941 = VECTOR('',#5942,1.);
#5942 = DIRECTION('',(0.,-1.));
#5943 = ( GEOMETRIC_REPRESENTATION_CONTEXT(2) 
PARAMETRIC_REPRESENTATION_CONTEXT() REPRESENTATION_CONTEXT('2D SPACE',''
  ) );
#5944 = PCURVE('',#1097,#5945);
#5945 = DEFINITIONAL_REPRESENTATION('',(#5946),#5950);
#5946 = LINE('',#5947,#5948);
#5947 = CARTESIAN_POINT('',(0.,0.));
#5948 = VECTOR('',#5949,1.);
#5949 = DIRECTION('',(0.,-1.));
#5950 = ( GEOMETRIC_REPRESENTATION_CONTEXT(2) 
PARAMETRIC_REPRESENTATION_CONTEXT() REPRESENTATION_CONTEXT('2D SPACE',''
  ) );
#5951 = ADVANCED_FACE('',(#5952),#1097,.T.);
#5952 = FACE_BOUND('',#5953,.T.);
#5953 = EDGE_LOOP('',(#5954,#5955,#5956,#5979));
#5954 = ORIENTED_EDGE('',*,*,#1082,.F.);
#5955 = ORIENTED_EDGE('',*,*,#5931,.T.);
#5956 = ORIENTED_EDGE('',*,*,#5957,.T.);
#5957 = EDGE_CURVE('',#5909,#5958,#5960,.T.);
#5958 = VERTEX_POINT('',#5959);
#5959 = CARTESIAN_POINT('',(-0.206103515625,-3.07,6.687841796875));
#5960 = SURFACE_CURVE('',#5961,(#5965,#5972),.PCURVE_S1.);
#5961 = LINE('',#5962,#5963);
#5962 = CARTESIAN_POINT('',(-0.269677734375,-3.07,6.218212890625));
#5963 = VECTOR('',#5964,1.);
#5964 = DIRECTION('',(0.134147607842,0.,0.990961361159));
#5965 = PCURVE('',#1097,#5966);
#5966 = DEFINITIONAL_REPRESENTATION('',(#5967),#5971);
#5967 = LINE('',#5968,#5969);
#5968 = CARTESIAN_POINT('',(0.,-0.6));
#5969 = VECTOR('',#5970,1.);
#5970 = DIRECTION('',(1.,0.));
#5971 = ( GEOMETRIC_REPRESENTATION_CONTEXT(2) 
PARAMETRIC_REPRESENTATION_CONTEXT() REPRESENTATION_CONTEXT('2D SPACE',''
  ) );
#5972 = PCURVE('',#5576,#5973);
#5973 = DEFINITIONAL_REPRESENTATION('',(#5974),#5978);
#5974 = LINE('',#5975,#5976);
#5975 = CARTESIAN_POINT('',(0.8982421875,1.35556640625));
#5976 = VECTOR('',#5977,1.);
#5977 = DIRECTION('',(0.134147607842,0.990961361159));
#5978 = ( GEOMETRIC_REPRESENTATION_CONTEXT(2) 
PARAMETRIC_REPRESENTATION_CONTEXT() REPRESENTATION_CONTEXT('2D SPACE',''
  ) );
#5979 = ORIENTED_EDGE('',*,*,#5980,.F.);
#5980 = EDGE_CURVE('',#1044,#5958,#5981,.T.);
#5981 = SURFACE_CURVE('',#5982,(#5986,#5993),.PCURVE_S1.);
#5982 = LINE('',#5983,#5984);
#5983 = CARTESIAN_POINT('',(-0.206103515625,-2.47,6.687841796875));
#5984 = VECTOR('',#5985,1.);
#5985 = DIRECTION('',(0.,-1.,0.));
#5986 = PCURVE('',#1097,#5987);
#5987 = DEFINITIONAL_REPRESENTATION('',(#5988),#5992);
#5988 = LINE('',#5989,#5990);
#5989 = CARTESIAN_POINT('',(0.473912429543,0.));
#5990 = VECTOR('',#5991,1.);
#5991 = DIRECTION('',(0.,-1.));
#5992 = ( GEOMETRIC_REPRESENTATION_CONTEXT(2) 
PARAMETRIC_REPRESENTATION_CONTEXT() REPRESENTATION_CONTEXT('2D SPACE',''
  ) );
#5993 = PCURVE('',#1065,#5994);
#5994 = DEFINITIONAL_REPRESENTATION('',(#5995),#5999);
#5995 = LINE('',#5996,#5997);
#5996 = CARTESIAN_POINT('',(0.,0.));
#5997 = VECTOR('',#5998,1.);
#5998 = DIRECTION('',(0.,-1.));
#5999 = ( GEOMETRIC_REPRESENTATION_CONTEXT(2) 
PARAMETRIC_REPRESENTATION_CONTEXT() REPRESENTATION_CONTEXT('2D SPACE',''
  ) );
#6000 = ADVANCED_FACE('',(#6001),#1065,.T.);
#6001 = FACE_BOUND('',#6002,.T.);
#6002 = EDGE_LOOP('',(#6003,#6004,#6005,#6028));
#6003 = ORIENTED_EDGE('',*,*,#1043,.T.);
#6004 = ORIENTED_EDGE('',*,*,#5980,.T.);
#6005 = ORIENTED_EDGE('',*,*,#6006,.T.);
#6006 = EDGE_CURVE('',#5958,#6007,#6009,.T.);
#6007 = VERTEX_POINT('',#6008);
#6008 = CARTESIAN_POINT('',(0.150732421875,-3.07,6.78935546875));
#6009 = SURFACE_CURVE('',#6010,(#6014,#6021),.PCURVE_S1.);
#6010 = B_SPLINE_CURVE_WITH_KNOTS('',2,(#6011,#6012,#6013),
  .UNSPECIFIED.,.F.,.F.,(3,3),(0.,1.),.PIECEWISE_BEZIER_KNOTS.);
#6011 = CARTESIAN_POINT('',(-0.206103515625,-3.07,6.687841796875));
#6012 = CARTESIAN_POINT('',(2.7685546875E-02,-3.07,6.681689453125));
#6013 = CARTESIAN_POINT('',(0.150732421875,-3.07,6.78935546875));
#6014 = PCURVE('',#1065,#6015);
#6015 = DEFINITIONAL_REPRESENTATION('',(#6016),#6020);
#6016 = LINE('',#6017,#6018);
#6017 = CARTESIAN_POINT('',(0.,-0.6));
#6018 = VECTOR('',#6019,1.);
#6019 = DIRECTION('',(1.,0.));
#6020 = ( GEOMETRIC_REPRESENTATION_CONTEXT(2) 
PARAMETRIC_REPRESENTATION_CONTEXT() REPRESENTATION_CONTEXT('2D SPACE',''
  ) );
#6021 = PCURVE('',#5576,#6022);
#6022 = DEFINITIONAL_REPRESENTATION('',(#6023),#6027);
#6023 = B_SPLINE_CURVE_WITH_KNOTS('',2,(#6024,#6025,#6026),
  .UNSPECIFIED.,.F.,.F.,(3,3),(0.,1.),.PIECEWISE_BEZIER_KNOTS.);
#6024 = CARTESIAN_POINT('',(0.96181640625,1.8251953125));
#6025 = CARTESIAN_POINT('',(1.19560546875,1.81904296875));
#6026 = CARTESIAN_POINT('',(1.31865234375,1.926708984375));
#6027 = ( GEOMETRIC_REPRESENTATION_CONTEXT(2) 
PARAMETRIC_REPRESENTATION_CONTEXT() REPRESENTATION_CONTEXT('2D SPACE',''
  ) );
#6028 = ORIENTED_EDGE('',*,*,#6029,.F.);
#6029 = EDGE_CURVE('',#993,#6007,#6030,.T.);
#6030 = SURFACE_CURVE('',#6031,(#6035,#6042),.PCURVE_S1.);
#6031 = LINE('',#6032,#6033);
#6032 = CARTESIAN_POINT('',(0.150732421875,-2.47,6.78935546875));
#6033 = VECTOR('',#6034,1.);
#6034 = DIRECTION('',(0.,-1.,0.));
#6035 = PCURVE('',#1065,#6036);
#6036 = DEFINITIONAL_REPRESENTATION('',(#6037),#6041);
#6037 = LINE('',#6038,#6039);
#6038 = CARTESIAN_POINT('',(1.,0.));
#6039 = VECTOR('',#6040,1.);
#6040 = DIRECTION('',(0.,-1.));
#6041 = ( GEOMETRIC_REPRESENTATION_CONTEXT(2) 
PARAMETRIC_REPRESENTATION_CONTEXT() REPRESENTATION_CONTEXT('2D SPACE',''
  ) );
#6042 = PCURVE('',#1022,#6043);
#6043 = DEFINITIONAL_REPRESENTATION('',(#6044),#6048);
#6044 = LINE('',#6045,#6046);
#6045 = CARTESIAN_POINT('',(0.,0.));
#6046 = VECTOR('',#6047,1.);
#6047 = DIRECTION('',(0.,-1.));
#6048 = ( GEOMETRIC_REPRESENTATION_CONTEXT(2) 
PARAMETRIC_REPRESENTATION_CONTEXT() REPRESENTATION_CONTEXT('2D SPACE',''
  ) );
#6049 = ADVANCED_FACE('',(#6050),#1022,.T.);
#6050 = FACE_BOUND('',#6051,.T.);
#6051 = EDGE_LOOP('',(#6052,#6053,#6054,#6077));
#6052 = ORIENTED_EDGE('',*,*,#992,.T.);
#6053 = ORIENTED_EDGE('',*,*,#6029,.T.);
#6054 = ORIENTED_EDGE('',*,*,#6055,.T.);
#6055 = EDGE_CURVE('',#6007,#6056,#6058,.T.);
#6056 = VERTEX_POINT('',#6057);
#6057 = CARTESIAN_POINT('',(0.273779296875,-3.07,7.075439453125));
#6058 = SURFACE_CURVE('',#6059,(#6063,#6070),.PCURVE_S1.);
#6059 = B_SPLINE_CURVE_WITH_KNOTS('',2,(#6060,#6061,#6062),
  .UNSPECIFIED.,.F.,.F.,(3,3),(0.,1.),.PIECEWISE_BEZIER_KNOTS.);
#6060 = CARTESIAN_POINT('',(0.150732421875,-3.07,6.78935546875));
#6061 = CARTESIAN_POINT('',(0.273779296875,-3.07,6.897021484375));
#6062 = CARTESIAN_POINT('',(0.273779296875,-3.07,7.075439453125));
#6063 = PCURVE('',#1022,#6064);
#6064 = DEFINITIONAL_REPRESENTATION('',(#6065),#6069);
#6065 = LINE('',#6066,#6067);
#6066 = CARTESIAN_POINT('',(0.,-0.6));
#6067 = VECTOR('',#6068,1.);
#6068 = DIRECTION('',(1.,0.));
#6069 = ( GEOMETRIC_REPRESENTATION_CONTEXT(2) 
PARAMETRIC_REPRESENTATION_CONTEXT() REPRESENTATION_CONTEXT('2D SPACE',''
  ) );
#6070 = PCURVE('',#5576,#6071);
#6071 = DEFINITIONAL_REPRESENTATION('',(#6072),#6076);
#6072 = B_SPLINE_CURVE_WITH_KNOTS('',2,(#6073,#6074,#6075),
  .UNSPECIFIED.,.F.,.F.,(3,3),(0.,1.),.PIECEWISE_BEZIER_KNOTS.);
#6073 = CARTESIAN_POINT('',(1.31865234375,1.926708984375));
#6074 = CARTESIAN_POINT('',(1.44169921875,2.034375));
#6075 = CARTESIAN_POINT('',(1.44169921875,2.21279296875));
#6076 = ( GEOMETRIC_REPRESENTATION_CONTEXT(2) 
PARAMETRIC_REPRESENTATION_CONTEXT() REPRESENTATION_CONTEXT('2D SPACE',''
  ) );
#6077 = ORIENTED_EDGE('',*,*,#6078,.F.);
#6078 = EDGE_CURVE('',#942,#6056,#6079,.T.);
#6079 = SURFACE_CURVE('',#6080,(#6084,#6091),.PCURVE_S1.);
#6080 = LINE('',#6081,#6082);
#6081 = CARTESIAN_POINT('',(0.273779296875,-2.47,7.075439453125));
#6082 = VECTOR('',#6083,1.);
#6083 = DIRECTION('',(0.,-1.,0.));
#6084 = PCURVE('',#1022,#6085);
#6085 = DEFINITIONAL_REPRESENTATION('',(#6086),#6090);
#6086 = LINE('',#6087,#6088);
#6087 = CARTESIAN_POINT('',(1.,0.));
#6088 = VECTOR('',#6089,1.);
#6089 = DIRECTION('',(0.,-1.));
#6090 = ( GEOMETRIC_REPRESENTATION_CONTEXT(2) 
PARAMETRIC_REPRESENTATION_CONTEXT() REPRESENTATION_CONTEXT('2D SPACE',''
  ) );
#6091 = PCURVE('',#971,#6092);
#6092 = DEFINITIONAL_REPRESENTATION('',(#6093),#6097);
#6093 = LINE('',#6094,#6095);
#6094 = CARTESIAN_POINT('',(0.,0.));
#6095 = VECTOR('',#6096,1.);
#6096 = DIRECTION('',(0.,-1.));
#6097 = ( GEOMETRIC_REPRESENTATION_CONTEXT(2) 
PARAMETRIC_REPRESENTATION_CONTEXT() REPRESENTATION_CONTEXT('2D SPACE',''
  ) );
#6098 = ADVANCED_FACE('',(#6099),#971,.T.);
#6099 = FACE_BOUND('',#6100,.T.);
#6100 = EDGE_LOOP('',(#6101,#6102,#6103,#6126));
#6101 = ORIENTED_EDGE('',*,*,#941,.T.);
#6102 = ORIENTED_EDGE('',*,*,#6078,.T.);
#6103 = ORIENTED_EDGE('',*,*,#6104,.T.);
#6104 = EDGE_CURVE('',#6056,#6105,#6107,.T.);
#6105 = VERTEX_POINT('',#6106);
#6106 = CARTESIAN_POINT('',(0.183544921875,-3.07,7.317431640625));
#6107 = SURFACE_CURVE('',#6108,(#6112,#6119),.PCURVE_S1.);
#6108 = B_SPLINE_CURVE_WITH_KNOTS('',2,(#6109,#6110,#6111),
  .UNSPECIFIED.,.F.,.F.,(3,3),(0.,1.),.PIECEWISE_BEZIER_KNOTS.);
#6109 = CARTESIAN_POINT('',(0.273779296875,-3.07,7.075439453125));
#6110 = CARTESIAN_POINT('',(0.273779296875,-3.07,7.227197265625));
#6111 = CARTESIAN_POINT('',(0.183544921875,-3.07,7.317431640625));
#6112 = PCURVE('',#971,#6113);
#6113 = DEFINITIONAL_REPRESENTATION('',(#6114),#6118);
#6114 = LINE('',#6115,#6116);
#6115 = CARTESIAN_POINT('',(0.,-0.6));
#6116 = VECTOR('',#6117,1.);
#6117 = DIRECTION('',(1.,0.));
#6118 = ( GEOMETRIC_REPRESENTATION_CONTEXT(2) 
PARAMETRIC_REPRESENTATION_CONTEXT() REPRESENTATION_CONTEXT('2D SPACE',''
  ) );
#6119 = PCURVE('',#5576,#6120);
#6120 = DEFINITIONAL_REPRESENTATION('',(#6121),#6125);
#6121 = B_SPLINE_CURVE_WITH_KNOTS('',2,(#6122,#6123,#6124),
  .UNSPECIFIED.,.F.,.F.,(3,3),(0.,1.),.PIECEWISE_BEZIER_KNOTS.);
#6122 = CARTESIAN_POINT('',(1.44169921875,2.21279296875));
#6123 = CARTESIAN_POINT('',(1.44169921875,2.36455078125));
#6124 = CARTESIAN_POINT('',(1.35146484375,2.45478515625));
#6125 = ( GEOMETRIC_REPRESENTATION_CONTEXT(2) 
PARAMETRIC_REPRESENTATION_CONTEXT() REPRESENTATION_CONTEXT('2D SPACE',''
  ) );
#6126 = ORIENTED_EDGE('',*,*,#6127,.F.);
#6127 = EDGE_CURVE('',#891,#6105,#6128,.T.);
#6128 = SURFACE_CURVE('',#6129,(#6133,#6140),.PCURVE_S1.);
#6129 = LINE('',#6130,#6131);
#6130 = CARTESIAN_POINT('',(0.183544921875,-2.47,7.317431640625));
#6131 = VECTOR('',#6132,1.);
#6132 = DIRECTION('',(0.,-1.,0.));
#6133 = PCURVE('',#971,#6134);
#6134 = DEFINITIONAL_REPRESENTATION('',(#6135),#6139);
#6135 = LINE('',#6136,#6137);
#6136 = CARTESIAN_POINT('',(1.,0.));
#6137 = VECTOR('',#6138,1.);
#6138 = DIRECTION('',(0.,-1.));
#6139 = ( GEOMETRIC_REPRESENTATION_CONTEXT(2) 
PARAMETRIC_REPRESENTATION_CONTEXT() REPRESENTATION_CONTEXT('2D SPACE',''
  ) );
#6140 = PCURVE('',#920,#6141);
#6141 = DEFINITIONAL_REPRESENTATION('',(#6142),#6146);
#6142 = LINE('',#6143,#6144);
#6143 = CARTESIAN_POINT('',(0.,0.));
#6144 = VECTOR('',#6145,1.);
#6145 = DIRECTION('',(0.,-1.));
#6146 = ( GEOMETRIC_REPRESENTATION_CONTEXT(2) 
PARAMETRIC_REPRESENTATION_CONTEXT() REPRESENTATION_CONTEXT('2D SPACE',''
  ) );
#6147 = ADVANCED_FACE('',(#6148),#920,.T.);
#6148 = FACE_BOUND('',#6149,.T.);
#6149 = EDGE_LOOP('',(#6150,#6151,#6152,#6175));
#6150 = ORIENTED_EDGE('',*,*,#890,.T.);
#6151 = ORIENTED_EDGE('',*,*,#6127,.T.);
#6152 = ORIENTED_EDGE('',*,*,#6153,.T.);
#6153 = EDGE_CURVE('',#6105,#6154,#6156,.T.);
#6154 = VERTEX_POINT('',#6155);
#6155 = CARTESIAN_POINT('',(-5.6396484375E-02,-3.07,7.407666015625));
#6156 = SURFACE_CURVE('',#6157,(#6161,#6168),.PCURVE_S1.);
#6157 = B_SPLINE_CURVE_WITH_KNOTS('',2,(#6158,#6159,#6160),
  .UNSPECIFIED.,.F.,.F.,(3,3),(0.,1.),.PIECEWISE_BEZIER_KNOTS.);
#6158 = CARTESIAN_POINT('',(0.183544921875,-3.07,7.317431640625));
#6159 = CARTESIAN_POINT('',(9.3310546875E-02,-3.07,7.407666015625));
#6160 = CARTESIAN_POINT('',(-5.6396484375E-02,-3.07,7.407666015625));
#6161 = PCURVE('',#920,#6162);
#6162 = DEFINITIONAL_REPRESENTATION('',(#6163),#6167);
#6163 = LINE('',#6164,#6165);
#6164 = CARTESIAN_POINT('',(0.,-0.6));
#6165 = VECTOR('',#6166,1.);
#6166 = DIRECTION('',(1.,0.));
#6167 = ( GEOMETRIC_REPRESENTATION_CONTEXT(2) 
PARAMETRIC_REPRESENTATION_CONTEXT() REPRESENTATION_CONTEXT('2D SPACE',''
  ) );
#6168 = PCURVE('',#5576,#6169);
#6169 = DEFINITIONAL_REPRESENTATION('',(#6170),#6174);
#6170 = B_SPLINE_CURVE_WITH_KNOTS('',2,(#6171,#6172,#6173),
  .UNSPECIFIED.,.F.,.F.,(3,3),(0.,1.),.PIECEWISE_BEZIER_KNOTS.);
#6171 = CARTESIAN_POINT('',(1.35146484375,2.45478515625));
#6172 = CARTESIAN_POINT('',(1.26123046875,2.54501953125));
#6173 = CARTESIAN_POINT('',(1.1115234375,2.54501953125));
#6174 = ( GEOMETRIC_REPRESENTATION_CONTEXT(2) 
PARAMETRIC_REPRESENTATION_CONTEXT() REPRESENTATION_CONTEXT('2D SPACE',''
  ) );
#6175 = ORIENTED_EDGE('',*,*,#6176,.F.);
#6176 = EDGE_CURVE('',#846,#6154,#6177,.T.);
#6177 = SURFACE_CURVE('',#6178,(#6182,#6189),.PCURVE_S1.);
#6178 = LINE('',#6179,#6180);
#6179 = CARTESIAN_POINT('',(-5.6396484375E-02,-2.47,7.407666015625));
#6180 = VECTOR('',#6181,1.);
#6181 = DIRECTION('',(0.,-1.,0.));
#6182 = PCURVE('',#920,#6183);
#6183 = DEFINITIONAL_REPRESENTATION('',(#6184),#6188);
#6184 = LINE('',#6185,#6186);
#6185 = CARTESIAN_POINT('',(1.,0.));
#6186 = VECTOR('',#6187,1.);
#6187 = DIRECTION('',(0.,-1.));
#6188 = ( GEOMETRIC_REPRESENTATION_CONTEXT(2) 
PARAMETRIC_REPRESENTATION_CONTEXT() REPRESENTATION_CONTEXT('2D SPACE',''
  ) );
#6189 = PCURVE('',#871,#6190);
#6190 = DEFINITIONAL_REPRESENTATION('',(#6191),#6195);
#6191 = LINE('',#6192,#6193);
#6192 = CARTESIAN_POINT('',(0.,0.));
#6193 = VECTOR('',#6194,1.);
#6194 = DIRECTION('',(0.,-1.));
#6195 = ( GEOMETRIC_REPRESENTATION_CONTEXT(2) 
PARAMETRIC_REPRESENTATION_CONTEXT() REPRESENTATION_CONTEXT('2D SPACE',''
  ) );
#6196 = ADVANCED_FACE('',(#6197),#871,.T.);
#6197 = FACE_BOUND('',#6198,.T.);
#6198 = EDGE_LOOP('',(#6199,#6200,#6201,#6224));
#6199 = ORIENTED_EDGE('',*,*,#845,.T.);
#6200 = ORIENTED_EDGE('',*,*,#6176,.T.);
#6201 = ORIENTED_EDGE('',*,*,#6202,.T.);
#6202 = EDGE_CURVE('',#6154,#6203,#6205,.T.);
#6203 = VERTEX_POINT('',#6204);
#6204 = CARTESIAN_POINT('',(-0.308642578125,-3.07,7.305126953125));
#6205 = SURFACE_CURVE('',#6206,(#6210,#6217),.PCURVE_S1.);
#6206 = B_SPLINE_CURVE_WITH_KNOTS('',2,(#6207,#6208,#6209),
  .UNSPECIFIED.,.F.,.F.,(3,3),(0.,1.),.PIECEWISE_BEZIER_KNOTS.);
#6207 = CARTESIAN_POINT('',(-5.6396484375E-02,-3.07,7.407666015625));
#6208 = CARTESIAN_POINT('',(-0.204052734375,-3.07,7.407666015625));
#6209 = CARTESIAN_POINT('',(-0.308642578125,-3.07,7.305126953125));
#6210 = PCURVE('',#871,#6211);
#6211 = DEFINITIONAL_REPRESENTATION('',(#6212),#6216);
#6212 = LINE('',#6213,#6214);
#6213 = CARTESIAN_POINT('',(0.,-0.6));
#6214 = VECTOR('',#6215,1.);
#6215 = DIRECTION('',(1.,0.));
#6216 = ( GEOMETRIC_REPRESENTATION_CONTEXT(2) 
PARAMETRIC_REPRESENTATION_CONTEXT() REPRESENTATION_CONTEXT('2D SPACE',''
  ) );
#6217 = PCURVE('',#5576,#6218);
#6218 = DEFINITIONAL_REPRESENTATION('',(#6219),#6223);
#6219 = B_SPLINE_CURVE_WITH_KNOTS('',2,(#6220,#6221,#6222),
  .UNSPECIFIED.,.F.,.F.,(3,3),(0.,1.),.PIECEWISE_BEZIER_KNOTS.);
#6220 = CARTESIAN_POINT('',(1.1115234375,2.54501953125));
#6221 = CARTESIAN_POINT('',(0.9638671875,2.54501953125));
#6222 = CARTESIAN_POINT('',(0.85927734375,2.44248046875));
#6223 = ( GEOMETRIC_REPRESENTATION_CONTEXT(2) 
PARAMETRIC_REPRESENTATION_CONTEXT() REPRESENTATION_CONTEXT('2D SPACE',''
  ) );
#6224 = ORIENTED_EDGE('',*,*,#6225,.F.);
#6225 = EDGE_CURVE('',#807,#6203,#6226,.T.);
#6226 = SURFACE_CURVE('',#6227,(#6231,#6238),.PCURVE_S1.);
#6227 = LINE('',#6228,#6229);
#6228 = CARTESIAN_POINT('',(-0.308642578125,-2.47,7.305126953125));
#6229 = VECTOR('',#6230,1.);
#6230 = DIRECTION('',(0.,-1.,0.));
#6231 = PCURVE('',#871,#6232);
#6232 = DEFINITIONAL_REPRESENTATION('',(#6233),#6237);
#6233 = LINE('',#6234,#6235);
#6234 = CARTESIAN_POINT('',(1.,0.));
#6235 = VECTOR('',#6236,1.);
#6236 = DIRECTION('',(0.,-1.));
#6237 = ( GEOMETRIC_REPRESENTATION_CONTEXT(2) 
PARAMETRIC_REPRESENTATION_CONTEXT() REPRESENTATION_CONTEXT('2D SPACE',''
  ) );
#6238 = PCURVE('',#828,#6239);
#6239 = DEFINITIONAL_REPRESENTATION('',(#6240),#6244);
#6240 = LINE('',#6241,#6242);
#6241 = CARTESIAN_POINT('',(0.,0.));
#6242 = VECTOR('',#6243,1.);
#6243 = DIRECTION('',(0.,-1.));
#6244 = ( GEOMETRIC_REPRESENTATION_CONTEXT(2) 
PARAMETRIC_REPRESENTATION_CONTEXT() REPRESENTATION_CONTEXT('2D SPACE',''
  ) );
#6245 = ADVANCED_FACE('',(#6246),#828,.T.);
#6246 = FACE_BOUND('',#6247,.T.);
#6247 = EDGE_LOOP('',(#6248,#6249,#6250,#6273));
#6248 = ORIENTED_EDGE('',*,*,#806,.T.);
#6249 = ORIENTED_EDGE('',*,*,#6225,.T.);
#6250 = ORIENTED_EDGE('',*,*,#6251,.T.);
#6251 = EDGE_CURVE('',#6203,#6252,#6254,.T.);
#6252 = VERTEX_POINT('',#6253);
#6253 = CARTESIAN_POINT('',(-0.435791015625,-3.07,7.005712890625));
#6254 = SURFACE_CURVE('',#6255,(#6259,#6266),.PCURVE_S1.);
#6255 = B_SPLINE_CURVE_WITH_KNOTS('',2,(#6256,#6257,#6258),
  .UNSPECIFIED.,.F.,.F.,(3,3),(0.,1.),.PIECEWISE_BEZIER_KNOTS.);
#6256 = CARTESIAN_POINT('',(-0.308642578125,-3.07,7.305126953125));
#6257 = CARTESIAN_POINT('',(-0.413232421875,-3.07,7.202587890625));
#6258 = CARTESIAN_POINT('',(-0.435791015625,-3.07,7.005712890625));
#6259 = PCURVE('',#828,#6260);
#6260 = DEFINITIONAL_REPRESENTATION('',(#6261),#6265);
#6261 = LINE('',#6262,#6263);
#6262 = CARTESIAN_POINT('',(0.,-0.6));
#6263 = VECTOR('',#6264,1.);
#6264 = DIRECTION('',(1.,0.));
#6265 = ( GEOMETRIC_REPRESENTATION_CONTEXT(2) 
PARAMETRIC_REPRESENTATION_CONTEXT() REPRESENTATION_CONTEXT('2D SPACE',''
  ) );
#6266 = PCURVE('',#5576,#6267);
#6267 = DEFINITIONAL_REPRESENTATION('',(#6268),#6272);
#6268 = B_SPLINE_CURVE_WITH_KNOTS('',2,(#6269,#6270,#6271),
  .UNSPECIFIED.,.F.,.F.,(3,3),(0.,1.),.PIECEWISE_BEZIER_KNOTS.);
#6269 = CARTESIAN_POINT('',(0.85927734375,2.44248046875));
#6270 = CARTESIAN_POINT('',(0.7546875,2.33994140625));
#6271 = CARTESIAN_POINT('',(0.73212890625,2.14306640625));
#6272 = ( GEOMETRIC_REPRESENTATION_CONTEXT(2) 
PARAMETRIC_REPRESENTATION_CONTEXT() REPRESENTATION_CONTEXT('2D SPACE',''
  ) );
#6273 = ORIENTED_EDGE('',*,*,#6274,.F.);
#6274 = EDGE_CURVE('',#781,#6252,#6275,.T.);
#6275 = SURFACE_CURVE('',#6276,(#6280,#6287),.PCURVE_S1.);
#6276 = LINE('',#6277,#6278);
#6277 = CARTESIAN_POINT('',(-0.435791015625,-2.47,7.005712890625));
#6278 = VECTOR('',#6279,1.);
#6279 = DIRECTION('',(0.,-1.,0.));
#6280 = PCURVE('',#828,#6281);
#6281 = DEFINITIONAL_REPRESENTATION('',(#6282),#6286);
#6282 = LINE('',#6283,#6284);
#6283 = CARTESIAN_POINT('',(1.,0.));
#6284 = VECTOR('',#6285,1.);
#6285 = DIRECTION('',(0.,-1.));
#6286 = ( GEOMETRIC_REPRESENTATION_CONTEXT(2) 
PARAMETRIC_REPRESENTATION_CONTEXT() REPRESENTATION_CONTEXT('2D SPACE',''
  ) );
#6287 = PCURVE('',#795,#6288);
#6288 = DEFINITIONAL_REPRESENTATION('',(#6289),#6293);
#6289 = LINE('',#6290,#6291);
#6290 = CARTESIAN_POINT('',(0.,0.));
#6291 = VECTOR('',#6292,1.);
#6292 = DIRECTION('',(0.,-1.));
#6293 = ( GEOMETRIC_REPRESENTATION_CONTEXT(2) 
PARAMETRIC_REPRESENTATION_CONTEXT() REPRESENTATION_CONTEXT('2D SPACE',''
  ) );
#6294 = ADVANCED_FACE('',(#6295),#795,.T.);
#6295 = FACE_BOUND('',#6296,.T.);
#6296 = EDGE_LOOP('',(#6297,#6298,#6299,#6322));
#6297 = ORIENTED_EDGE('',*,*,#780,.F.);
#6298 = ORIENTED_EDGE('',*,*,#6274,.T.);
#6299 = ORIENTED_EDGE('',*,*,#6300,.T.);
#6300 = EDGE_CURVE('',#6252,#6301,#6303,.T.);
#6301 = VERTEX_POINT('',#6302);
#6302 = CARTESIAN_POINT('',(-0.966943359375,-3.07,7.095947265625));
#6303 = SURFACE_CURVE('',#6304,(#6308,#6315),.PCURVE_S1.);
#6304 = LINE('',#6305,#6306);
#6305 = CARTESIAN_POINT('',(-0.435791015625,-3.07,7.005712890625));
#6306 = VECTOR('',#6307,1.);
#6307 = DIRECTION('',(-0.985874708123,0.,0.167484506399));
#6308 = PCURVE('',#795,#6309);
#6309 = DEFINITIONAL_REPRESENTATION('',(#6310),#6314);
#6310 = LINE('',#6311,#6312);
#6311 = CARTESIAN_POINT('',(0.,-0.6));
#6312 = VECTOR('',#6313,1.);
#6313 = DIRECTION('',(1.,0.));
#6314 = ( GEOMETRIC_REPRESENTATION_CONTEXT(2) 
PARAMETRIC_REPRESENTATION_CONTEXT() REPRESENTATION_CONTEXT('2D SPACE',''
  ) );
#6315 = PCURVE('',#5576,#6316);
#6316 = DEFINITIONAL_REPRESENTATION('',(#6317),#6321);
#6317 = LINE('',#6318,#6319);
#6318 = CARTESIAN_POINT('',(0.73212890625,2.14306640625));
#6319 = VECTOR('',#6320,1.);
#6320 = DIRECTION('',(-0.985874708123,0.167484506399));
#6321 = ( GEOMETRIC_REPRESENTATION_CONTEXT(2) 
PARAMETRIC_REPRESENTATION_CONTEXT() REPRESENTATION_CONTEXT('2D SPACE',''
  ) );
#6322 = ORIENTED_EDGE('',*,*,#6323,.F.);
#6323 = EDGE_CURVE('',#742,#6301,#6324,.T.);
#6324 = SURFACE_CURVE('',#6325,(#6329,#6336),.PCURVE_S1.);
#6325 = LINE('',#6326,#6327);
#6326 = CARTESIAN_POINT('',(-0.966943359375,-2.47,7.095947265625));
#6327 = VECTOR('',#6328,1.);
#6328 = DIRECTION('',(0.,-1.,0.));
#6329 = PCURVE('',#795,#6330);
#6330 = DEFINITIONAL_REPRESENTATION('',(#6331),#6335);
#6331 = LINE('',#6332,#6333);
#6332 = CARTESIAN_POINT('',(0.53876252162,0.));
#6333 = VECTOR('',#6334,1.);
#6334 = DIRECTION('',(0.,-1.));
#6335 = ( GEOMETRIC_REPRESENTATION_CONTEXT(2) 
PARAMETRIC_REPRESENTATION_CONTEXT() REPRESENTATION_CONTEXT('2D SPACE',''
  ) );
#6336 = PCURVE('',#763,#6337);
#6337 = DEFINITIONAL_REPRESENTATION('',(#6338),#6342);
#6338 = LINE('',#6339,#6340);
#6339 = CARTESIAN_POINT('',(0.,0.));
#6340 = VECTOR('',#6341,1.);
#6341 = DIRECTION('',(0.,-1.));
#6342 = ( GEOMETRIC_REPRESENTATION_CONTEXT(2) 
PARAMETRIC_REPRESENTATION_CONTEXT() REPRESENTATION_CONTEXT('2D SPACE',''
  ) );
#6343 = ADVANCED_FACE('',(#6344),#763,.T.);
#6344 = FACE_BOUND('',#6345,.T.);
#6345 = EDGE_LOOP('',(#6346,#6347,#6348,#6371));
#6346 = ORIENTED_EDGE('',*,*,#741,.T.);
#6347 = ORIENTED_EDGE('',*,*,#6323,.T.);
#6348 = ORIENTED_EDGE('',*,*,#6349,.T.);
#6349 = EDGE_CURVE('',#6301,#6350,#6352,.T.);
#6350 = VERTEX_POINT('',#6351);
#6351 = CARTESIAN_POINT('',(-0.7998046875,-3.07,7.53173828125));
#6352 = SURFACE_CURVE('',#6353,(#6357,#6364),.PCURVE_S1.);
#6353 = B_SPLINE_CURVE_WITH_KNOTS('',2,(#6354,#6355,#6356),
  .UNSPECIFIED.,.F.,.F.,(3,3),(0.,1.),.PIECEWISE_BEZIER_KNOTS.);
#6354 = CARTESIAN_POINT('',(-0.966943359375,-3.07,7.095947265625));
#6355 = CARTESIAN_POINT('',(-0.911572265625,-3.07,7.368701171875));
#6356 = CARTESIAN_POINT('',(-0.7998046875,-3.07,7.53173828125));
#6357 = PCURVE('',#763,#6358);
#6358 = DEFINITIONAL_REPRESENTATION('',(#6359),#6363);
#6359 = LINE('',#6360,#6361);
#6360 = CARTESIAN_POINT('',(0.,-0.6));
#6361 = VECTOR('',#6362,1.);
#6362 = DIRECTION('',(1.,0.));
#6363 = ( GEOMETRIC_REPRESENTATION_CONTEXT(2) 
PARAMETRIC_REPRESENTATION_CONTEXT() REPRESENTATION_CONTEXT('2D SPACE',''
  ) );
#6364 = PCURVE('',#5576,#6365);
#6365 = DEFINITIONAL_REPRESENTATION('',(#6366),#6370);
#6366 = B_SPLINE_CURVE_WITH_KNOTS('',2,(#6367,#6368,#6369),
  .UNSPECIFIED.,.F.,.F.,(3,3),(0.,1.),.PIECEWISE_BEZIER_KNOTS.);
#6367 = CARTESIAN_POINT('',(0.2009765625,2.23330078125));
#6368 = CARTESIAN_POINT('',(0.25634765625,2.5060546875));
#6369 = CARTESIAN_POINT('',(0.368115234375,2.669091796875));
#6370 = ( GEOMETRIC_REPRESENTATION_CONTEXT(2) 
PARAMETRIC_REPRESENTATION_CONTEXT() REPRESENTATION_CONTEXT('2D SPACE',''
  ) );
#6371 = ORIENTED_EDGE('',*,*,#6372,.F.);
#6372 = EDGE_CURVE('',#691,#6350,#6373,.T.);
#6373 = SURFACE_CURVE('',#6374,(#6378,#6385),.PCURVE_S1.);
#6374 = LINE('',#6375,#6376);
#6375 = CARTESIAN_POINT('',(-0.7998046875,-2.47,7.53173828125));
#6376 = VECTOR('',#6377,1.);
#6377 = DIRECTION('',(0.,-1.,0.));
#6378 = PCURVE('',#763,#6379);
#6379 = DEFINITIONAL_REPRESENTATION('',(#6380),#6384);
#6380 = LINE('',#6381,#6382);
#6381 = CARTESIAN_POINT('',(1.,0.));
#6382 = VECTOR('',#6383,1.);
#6383 = DIRECTION('',(0.,-1.));
#6384 = ( GEOMETRIC_REPRESENTATION_CONTEXT(2) 
PARAMETRIC_REPRESENTATION_CONTEXT() REPRESENTATION_CONTEXT('2D SPACE',''
  ) );
#6385 = PCURVE('',#720,#6386);
#6386 = DEFINITIONAL_REPRESENTATION('',(#6387),#6391);
#6387 = LINE('',#6388,#6389);
#6388 = CARTESIAN_POINT('',(0.,0.));
#6389 = VECTOR('',#6390,1.);
#6390 = DIRECTION('',(0.,-1.));
#6391 = ( GEOMETRIC_REPRESENTATION_CONTEXT(2) 
PARAMETRIC_REPRESENTATION_CONTEXT() REPRESENTATION_CONTEXT('2D SPACE',''
  ) );
#6392 = ADVANCED_FACE('',(#6393),#720,.T.);
#6393 = FACE_BOUND('',#6394,.T.);
#6394 = EDGE_LOOP('',(#6395,#6396,#6397,#6420));
#6395 = ORIENTED_EDGE('',*,*,#690,.T.);
#6396 = ORIENTED_EDGE('',*,*,#6372,.T.);
#6397 = ORIENTED_EDGE('',*,*,#6398,.T.);
#6398 = EDGE_CURVE('',#6350,#6399,#6401,.T.);
#6399 = VERTEX_POINT('',#6400);
#6400 = CARTESIAN_POINT('',(-0.4880859375,-3.07,7.7880859375));
#6401 = SURFACE_CURVE('',#6402,(#6406,#6413),.PCURVE_S1.);
#6402 = B_SPLINE_CURVE_WITH_KNOTS('',2,(#6403,#6404,#6405),
  .UNSPECIFIED.,.F.,.F.,(3,3),(0.,1.),.PIECEWISE_BEZIER_KNOTS.);
#6403 = CARTESIAN_POINT('',(-0.7998046875,-3.07,7.53173828125));
#6404 = CARTESIAN_POINT('',(-0.688037109375,-3.07,7.694775390625));
#6405 = CARTESIAN_POINT('',(-0.4880859375,-3.07,7.7880859375));
#6406 = PCURVE('',#720,#6407);
#6407 = DEFINITIONAL_REPRESENTATION('',(#6408),#6412);
#6408 = LINE('',#6409,#6410);
#6409 = CARTESIAN_POINT('',(0.,-0.6));
#6410 = VECTOR('',#6411,1.);
#6411 = DIRECTION('',(1.,0.));
#6412 = ( GEOMETRIC_REPRESENTATION_CONTEXT(2) 
PARAMETRIC_REPRESENTATION_CONTEXT() REPRESENTATION_CONTEXT('2D SPACE',''
  ) );
#6413 = PCURVE('',#5576,#6414);
#6414 = DEFINITIONAL_REPRESENTATION('',(#6415),#6419);
#6415 = B_SPLINE_CURVE_WITH_KNOTS('',2,(#6416,#6417,#6418),
  .UNSPECIFIED.,.F.,.F.,(3,3),(0.,1.),.PIECEWISE_BEZIER_KNOTS.);
#6416 = CARTESIAN_POINT('',(0.368115234375,2.669091796875));
#6417 = CARTESIAN_POINT('',(0.4798828125,2.83212890625));
#6418 = CARTESIAN_POINT('',(0.679833984375,2.925439453125));
#6419 = ( GEOMETRIC_REPRESENTATION_CONTEXT(2) 
PARAMETRIC_REPRESENTATION_CONTEXT() REPRESENTATION_CONTEXT('2D SPACE',''
  ) );
#6420 = ORIENTED_EDGE('',*,*,#6421,.F.);
#6421 = EDGE_CURVE('',#652,#6399,#6422,.T.);
#6422 = SURFACE_CURVE('',#6423,(#6427,#6434),.PCURVE_S1.);
#6423 = LINE('',#6424,#6425);
#6424 = CARTESIAN_POINT('',(-0.4880859375,-2.47,7.7880859375));
#6425 = VECTOR('',#6426,1.);
#6426 = DIRECTION('',(0.,-1.,0.));
#6427 = PCURVE('',#720,#6428);
#6428 = DEFINITIONAL_REPRESENTATION('',(#6429),#6433);
#6429 = LINE('',#6430,#6431);
#6430 = CARTESIAN_POINT('',(1.,0.));
#6431 = VECTOR('',#6432,1.);
#6432 = DIRECTION('',(0.,-1.));
#6433 = ( GEOMETRIC_REPRESENTATION_CONTEXT(2) 
PARAMETRIC_REPRESENTATION_CONTEXT() REPRESENTATION_CONTEXT('2D SPACE',''
  ) );
#6434 = PCURVE('',#673,#6435);
#6435 = DEFINITIONAL_REPRESENTATION('',(#6436),#6440);
#6436 = LINE('',#6437,#6438);
#6437 = CARTESIAN_POINT('',(0.,0.));
#6438 = VECTOR('',#6439,1.);
#6439 = DIRECTION('',(0.,-1.));
#6440 = ( GEOMETRIC_REPRESENTATION_CONTEXT(2) 
PARAMETRIC_REPRESENTATION_CONTEXT() REPRESENTATION_CONTEXT('2D SPACE',''
  ) );
#6441 = ADVANCED_FACE('',(#6442),#673,.T.);
#6442 = FACE_BOUND('',#6443,.T.);
#6443 = EDGE_LOOP('',(#6444,#6445,#6446,#6469));
#6444 = ORIENTED_EDGE('',*,*,#651,.T.);
#6445 = ORIENTED_EDGE('',*,*,#6421,.T.);
#6446 = ORIENTED_EDGE('',*,*,#6447,.T.);
#6447 = EDGE_CURVE('',#6399,#6448,#6450,.T.);
#6448 = VERTEX_POINT('',#6449);
#6449 = CARTESIAN_POINT('',(-3.9990234375E-02,-3.07,7.881396484375));
#6450 = SURFACE_CURVE('',#6451,(#6455,#6462),.PCURVE_S1.);
#6451 = B_SPLINE_CURVE_WITH_KNOTS('',2,(#6452,#6453,#6454),
  .UNSPECIFIED.,.F.,.F.,(3,3),(0.,1.),.PIECEWISE_BEZIER_KNOTS.);
#6452 = CARTESIAN_POINT('',(-0.4880859375,-3.07,7.7880859375));
#6453 = CARTESIAN_POINT('',(-0.288134765625,-3.07,7.881396484375));
#6454 = CARTESIAN_POINT('',(-3.9990234375E-02,-3.07,7.881396484375));
#6455 = PCURVE('',#673,#6456);
#6456 = DEFINITIONAL_REPRESENTATION('',(#6457),#6461);
#6457 = LINE('',#6458,#6459);
#6458 = CARTESIAN_POINT('',(0.,-0.6));
#6459 = VECTOR('',#6460,1.);
#6460 = DIRECTION('',(1.,0.));
#6461 = ( GEOMETRIC_REPRESENTATION_CONTEXT(2) 
PARAMETRIC_REPRESENTATION_CONTEXT() REPRESENTATION_CONTEXT('2D SPACE',''
  ) );
#6462 = PCURVE('',#5576,#6463);
#6463 = DEFINITIONAL_REPRESENTATION('',(#6464),#6468);
#6464 = B_SPLINE_CURVE_WITH_KNOTS('',2,(#6465,#6466,#6467),
  .UNSPECIFIED.,.F.,.F.,(3,3),(0.,1.),.PIECEWISE_BEZIER_KNOTS.);
#6465 = CARTESIAN_POINT('',(0.679833984375,2.925439453125));
#6466 = CARTESIAN_POINT('',(0.87978515625,3.01875));
#6467 = CARTESIAN_POINT('',(1.1279296875,3.01875));
#6468 = ( GEOMETRIC_REPRESENTATION_CONTEXT(2) 
PARAMETRIC_REPRESENTATION_CONTEXT() REPRESENTATION_CONTEXT('2D SPACE',''
  ) );
#6469 = ORIENTED_EDGE('',*,*,#6470,.F.);
#6470 = EDGE_CURVE('',#595,#6448,#6471,.T.);
#6471 = SURFACE_CURVE('',#6472,(#6476,#6483),.PCURVE_S1.);
#6472 = LINE('',#6473,#6474);
#6473 = CARTESIAN_POINT('',(-3.9990234375E-02,-2.47,7.881396484375));
#6474 = VECTOR('',#6475,1.);
#6475 = DIRECTION('',(0.,-1.,0.));
#6476 = PCURVE('',#673,#6477);
#6477 = DEFINITIONAL_REPRESENTATION('',(#6478),#6482);
#6478 = LINE('',#6479,#6480);
#6479 = CARTESIAN_POINT('',(1.,0.));
#6480 = VECTOR('',#6481,1.);
#6481 = DIRECTION('',(0.,-1.));
#6482 = ( GEOMETRIC_REPRESENTATION_CONTEXT(2) 
PARAMETRIC_REPRESENTATION_CONTEXT() REPRESENTATION_CONTEXT('2D SPACE',''
  ) );
#6483 = PCURVE('',#628,#6484);
#6484 = DEFINITIONAL_REPRESENTATION('',(#6485),#6489);
#6485 = LINE('',#6486,#6487);
#6486 = CARTESIAN_POINT('',(0.,0.));
#6487 = VECTOR('',#6488,1.);
#6488 = DIRECTION('',(0.,-1.));
#6489 = ( GEOMETRIC_REPRESENTATION_CONTEXT(2) 
PARAMETRIC_REPRESENTATION_CONTEXT() REPRESENTATION_CONTEXT('2D SPACE',''
  ) );
#6490 = ADVANCED_FACE('',(#6491),#628,.T.);
#6491 = FACE_BOUND('',#6492,.T.);
#6492 = EDGE_LOOP('',(#6493,#6494,#6495,#6518));
#6493 = ORIENTED_EDGE('',*,*,#594,.T.);
#6494 = ORIENTED_EDGE('',*,*,#6470,.T.);
#6495 = ORIENTED_EDGE('',*,*,#6496,.T.);
#6496 = EDGE_CURVE('',#6448,#6497,#6499,.T.);
#6497 = VERTEX_POINT('',#6498);
#6498 = CARTESIAN_POINT('',(0.640869140625,-3.07,7.610693359375));
#6499 = SURFACE_CURVE('',#6500,(#6504,#6511),.PCURVE_S1.);
#6500 = B_SPLINE_CURVE_WITH_KNOTS('',2,(#6501,#6502,#6503),
  .UNSPECIFIED.,.F.,.F.,(3,3),(0.,1.),.PIECEWISE_BEZIER_KNOTS.);
#6501 = CARTESIAN_POINT('',(-3.9990234375E-02,-3.07,7.881396484375));
#6502 = CARTESIAN_POINT('',(0.384521484375,-3.07,7.881396484375));
#6503 = CARTESIAN_POINT('',(0.640869140625,-3.07,7.610693359375));
#6504 = PCURVE('',#628,#6505);
#6505 = DEFINITIONAL_REPRESENTATION('',(#6506),#6510);
#6506 = LINE('',#6507,#6508);
#6507 = CARTESIAN_POINT('',(0.,-0.6));
#6508 = VECTOR('',#6509,1.);
#6509 = DIRECTION('',(1.,0.));
#6510 = ( GEOMETRIC_REPRESENTATION_CONTEXT(2) 
PARAMETRIC_REPRESENTATION_CONTEXT() REPRESENTATION_CONTEXT('2D SPACE',''
  ) );
#6511 = PCURVE('',#5576,#6512);
#6512 = DEFINITIONAL_REPRESENTATION('',(#6513),#6517);
#6513 = B_SPLINE_CURVE_WITH_KNOTS('',2,(#6514,#6515,#6516),
  .UNSPECIFIED.,.F.,.F.,(3,3),(0.,1.),.PIECEWISE_BEZIER_KNOTS.);
#6514 = CARTESIAN_POINT('',(1.1279296875,3.01875));
#6515 = CARTESIAN_POINT('',(1.55244140625,3.01875));
#6516 = CARTESIAN_POINT('',(1.8087890625,2.748046875));
#6517 = ( GEOMETRIC_REPRESENTATION_CONTEXT(2) 
PARAMETRIC_REPRESENTATION_CONTEXT() REPRESENTATION_CONTEXT('2D SPACE',''
  ) );
#6518 = ORIENTED_EDGE('',*,*,#6519,.F.);
#6519 = EDGE_CURVE('',#544,#6497,#6520,.T.);
#6520 = SURFACE_CURVE('',#6521,(#6525,#6532),.PCURVE_S1.);
#6521 = LINE('',#6522,#6523);
#6522 = CARTESIAN_POINT('',(0.640869140625,-2.47,7.610693359375));
#6523 = VECTOR('',#6524,1.);
#6524 = DIRECTION('',(0.,-1.,0.));
#6525 = PCURVE('',#628,#6526);
#6526 = DEFINITIONAL_REPRESENTATION('',(#6527),#6531);
#6527 = LINE('',#6528,#6529);
#6528 = CARTESIAN_POINT('',(1.,0.));
#6529 = VECTOR('',#6530,1.);
#6530 = DIRECTION('',(0.,-1.));
#6531 = ( GEOMETRIC_REPRESENTATION_CONTEXT(2) 
PARAMETRIC_REPRESENTATION_CONTEXT() REPRESENTATION_CONTEXT('2D SPACE',''
  ) );
#6532 = PCURVE('',#573,#6533);
#6533 = DEFINITIONAL_REPRESENTATION('',(#6534),#6538);
#6534 = LINE('',#6535,#6536);
#6535 = CARTESIAN_POINT('',(0.,0.));
#6536 = VECTOR('',#6537,1.);
#6537 = DIRECTION('',(0.,-1.));
#6538 = ( GEOMETRIC_REPRESENTATION_CONTEXT(2) 
PARAMETRIC_REPRESENTATION_CONTEXT() REPRESENTATION_CONTEXT('2D SPACE',''
  ) );
#6539 = ADVANCED_FACE('',(#6540),#573,.T.);
#6540 = FACE_BOUND('',#6541,.T.);
#6541 = EDGE_LOOP('',(#6542,#6543,#6544,#6567));
#6542 = ORIENTED_EDGE('',*,*,#543,.T.);
#6543 = ORIENTED_EDGE('',*,*,#6519,.T.);
#6544 = ORIENTED_EDGE('',*,*,#6545,.T.);
#6545 = EDGE_CURVE('',#6497,#6546,#6548,.T.);
#6546 = VERTEX_POINT('',#6547);
#6547 = CARTESIAN_POINT('',(0.852099609375,-3.07,7.110302734375));
#6548 = SURFACE_CURVE('',#6549,(#6553,#6560),.PCURVE_S1.);
#6549 = B_SPLINE_CURVE_WITH_KNOTS('',2,(#6550,#6551,#6552),
  .UNSPECIFIED.,.F.,.F.,(3,3),(0.,1.),.PIECEWISE_BEZIER_KNOTS.);
#6550 = CARTESIAN_POINT('',(0.640869140625,-3.07,7.610693359375));
#6551 = CARTESIAN_POINT('',(0.852099609375,-3.07,7.389208984375));
#6552 = CARTESIAN_POINT('',(0.852099609375,-3.07,7.110302734375));
#6553 = PCURVE('',#573,#6554);
#6554 = DEFINITIONAL_REPRESENTATION('',(#6555),#6559);
#6555 = LINE('',#6556,#6557);
#6556 = CARTESIAN_POINT('',(0.,-0.6));
#6557 = VECTOR('',#6558,1.);
#6558 = DIRECTION('',(1.,0.));
#6559 = ( GEOMETRIC_REPRESENTATION_CONTEXT(2) 
PARAMETRIC_REPRESENTATION_CONTEXT() REPRESENTATION_CONTEXT('2D SPACE',''
  ) );
#6560 = PCURVE('',#5576,#6561);
#6561 = DEFINITIONAL_REPRESENTATION('',(#6562),#6566);
#6562 = B_SPLINE_CURVE_WITH_KNOTS('',2,(#6563,#6564,#6565),
  .UNSPECIFIED.,.F.,.F.,(3,3),(0.,1.),.PIECEWISE_BEZIER_KNOTS.);
#6563 = CARTESIAN_POINT('',(1.8087890625,2.748046875));
#6564 = CARTESIAN_POINT('',(2.02001953125,2.5265625));
#6565 = CARTESIAN_POINT('',(2.02001953125,2.24765625));
#6566 = ( GEOMETRIC_REPRESENTATION_CONTEXT(2) 
PARAMETRIC_REPRESENTATION_CONTEXT() REPRESENTATION_CONTEXT('2D SPACE',''
  ) );
#6567 = ORIENTED_EDGE('',*,*,#6568,.F.);
#6568 = EDGE_CURVE('',#481,#6546,#6569,.T.);
#6569 = SURFACE_CURVE('',#6570,(#6574,#6581),.PCURVE_S1.);
#6570 = LINE('',#6571,#6572);
#6571 = CARTESIAN_POINT('',(0.852099609375,-2.47,7.110302734375));
#6572 = VECTOR('',#6573,1.);
#6573 = DIRECTION('',(0.,-1.,0.));
#6574 = PCURVE('',#573,#6575);
#6575 = DEFINITIONAL_REPRESENTATION('',(#6576),#6580);
#6576 = LINE('',#6577,#6578);
#6577 = CARTESIAN_POINT('',(1.,0.));
#6578 = VECTOR('',#6579,1.);
#6579 = DIRECTION('',(0.,-1.));
#6580 = ( GEOMETRIC_REPRESENTATION_CONTEXT(2) 
PARAMETRIC_REPRESENTATION_CONTEXT() REPRESENTATION_CONTEXT('2D SPACE',''
  ) );
#6581 = PCURVE('',#518,#6582);
#6582 = DEFINITIONAL_REPRESENTATION('',(#6583),#6587);
#6583 = LINE('',#6584,#6585);
#6584 = CARTESIAN_POINT('',(0.,0.));
#6585 = VECTOR('',#6586,1.);
#6586 = DIRECTION('',(0.,-1.));
#6587 = ( GEOMETRIC_REPRESENTATION_CONTEXT(2) 
PARAMETRIC_REPRESENTATION_CONTEXT() REPRESENTATION_CONTEXT('2D SPACE',''
  ) );
#6588 = ADVANCED_FACE('',(#6589),#518,.T.);
#6589 = FACE_BOUND('',#6590,.T.);
#6590 = EDGE_LOOP('',(#6591,#6592,#6593,#6616));
#6591 = ORIENTED_EDGE('',*,*,#480,.T.);
#6592 = ORIENTED_EDGE('',*,*,#6568,.T.);
#6593 = ORIENTED_EDGE('',*,*,#6594,.T.);
#6594 = EDGE_CURVE('',#6546,#6595,#6597,.T.);
#6595 = VERTEX_POINT('',#6596);
#6596 = CARTESIAN_POINT('',(0.419384765625,-3.07,6.478662109375));
#6597 = SURFACE_CURVE('',#6598,(#6602,#6609),.PCURVE_S1.);
#6598 = B_SPLINE_CURVE_WITH_KNOTS('',2,(#6599,#6600,#6601),
  .UNSPECIFIED.,.F.,.F.,(3,3),(0.,1.),.PIECEWISE_BEZIER_KNOTS.);
#6599 = CARTESIAN_POINT('',(0.852099609375,-3.07,7.110302734375));
#6600 = CARTESIAN_POINT('',(0.852099609375,-3.07,6.714501953125));
#6601 = CARTESIAN_POINT('',(0.419384765625,-3.07,6.478662109375));
#6602 = PCURVE('',#518,#6603);
#6603 = DEFINITIONAL_REPRESENTATION('',(#6604),#6608);
#6604 = LINE('',#6605,#6606);
#6605 = CARTESIAN_POINT('',(0.,-0.6));
#6606 = VECTOR('',#6607,1.);
#6607 = DIRECTION('',(1.,0.));
#6608 = ( GEOMETRIC_REPRESENTATION_CONTEXT(2) 
PARAMETRIC_REPRESENTATION_CONTEXT() REPRESENTATION_CONTEXT('2D SPACE',''
  ) );
#6609 = PCURVE('',#5576,#6610);
#6610 = DEFINITIONAL_REPRESENTATION('',(#6611),#6615);
#6611 = B_SPLINE_CURVE_WITH_KNOTS('',2,(#6612,#6613,#6614),
  .UNSPECIFIED.,.F.,.F.,(3,3),(0.,1.),.PIECEWISE_BEZIER_KNOTS.);
#6612 = CARTESIAN_POINT('',(2.02001953125,2.24765625));
#6613 = CARTESIAN_POINT('',(2.02001953125,1.85185546875));
#6614 = CARTESIAN_POINT('',(1.5873046875,1.616015625));
#6615 = ( GEOMETRIC_REPRESENTATION_CONTEXT(2) 
PARAMETRIC_REPRESENTATION_CONTEXT() REPRESENTATION_CONTEXT('2D SPACE',''
  ) );
#6616 = ORIENTED_EDGE('',*,*,#6617,.F.);
#6617 = EDGE_CURVE('',#430,#6595,#6618,.T.);
#6618 = SURFACE_CURVE('',#6619,(#6623,#6630),.PCURVE_S1.);
#6619 = LINE('',#6620,#6621);
#6620 = CARTESIAN_POINT('',(0.419384765625,-2.47,6.478662109375));
#6621 = VECTOR('',#6622,1.);
#6622 = DIRECTION('',(0.,-1.,0.));
#6623 = PCURVE('',#518,#6624);
#6624 = DEFINITIONAL_REPRESENTATION('',(#6625),#6629);
#6625 = LINE('',#6626,#6627);
#6626 = CARTESIAN_POINT('',(1.,0.));
#6627 = VECTOR('',#6628,1.);
#6628 = DIRECTION('',(0.,-1.));
#6629 = ( GEOMETRIC_REPRESENTATION_CONTEXT(2) 
PARAMETRIC_REPRESENTATION_CONTEXT() REPRESENTATION_CONTEXT('2D SPACE',''
  ) );
#6630 = PCURVE('',#459,#6631);
#6631 = DEFINITIONAL_REPRESENTATION('',(#6632),#6636);
#6632 = LINE('',#6633,#6634);
#6633 = CARTESIAN_POINT('',(0.,0.));
#6634 = VECTOR('',#6635,1.);
#6635 = DIRECTION('',(0.,-1.));
#6636 = ( GEOMETRIC_REPRESENTATION_CONTEXT(2) 
PARAMETRIC_REPRESENTATION_CONTEXT() REPRESENTATION_CONTEXT('2D SPACE',''
  ) );
#6637 = ADVANCED_FACE('',(#6638),#459,.T.);
#6638 = FACE_BOUND('',#6639,.T.);
#6639 = EDGE_LOOP('',(#6640,#6641,#6642,#6665));
#6640 = ORIENTED_EDGE('',*,*,#429,.T.);
#6641 = ORIENTED_EDGE('',*,*,#6617,.T.);
#6642 = ORIENTED_EDGE('',*,*,#6643,.T.);
#6643 = EDGE_CURVE('',#6595,#6644,#6646,.T.);
#6644 = VERTEX_POINT('',#6645);
#6645 = CARTESIAN_POINT('',(0.8326171875,-3.07,6.230517578125));
#6646 = SURFACE_CURVE('',#6647,(#6651,#6658),.PCURVE_S1.);
#6647 = B_SPLINE_CURVE_WITH_KNOTS('',2,(#6648,#6649,#6650),
  .UNSPECIFIED.,.F.,.F.,(3,3),(0.,1.),.PIECEWISE_BEZIER_KNOTS.);
#6648 = CARTESIAN_POINT('',(0.419384765625,-3.07,6.478662109375));
#6649 = CARTESIAN_POINT('',(0.677783203125,-3.07,6.423291015625));
#6650 = CARTESIAN_POINT('',(0.8326171875,-3.07,6.230517578125));
#6651 = PCURVE('',#459,#6652);
#6652 = DEFINITIONAL_REPRESENTATION('',(#6653),#6657);
#6653 = LINE('',#6654,#6655);
#6654 = CARTESIAN_POINT('',(0.,-0.6));
#6655 = VECTOR('',#6656,1.);
#6656 = DIRECTION('',(1.,0.));
#6657 = ( GEOMETRIC_REPRESENTATION_CONTEXT(2) 
PARAMETRIC_REPRESENTATION_CONTEXT() REPRESENTATION_CONTEXT('2D SPACE',''
  ) );
#6658 = PCURVE('',#5576,#6659);
#6659 = DEFINITIONAL_REPRESENTATION('',(#6660),#6664);
#6660 = B_SPLINE_CURVE_WITH_KNOTS('',2,(#6661,#6662,#6663),
  .UNSPECIFIED.,.F.,.F.,(3,3),(0.,1.),.PIECEWISE_BEZIER_KNOTS.);
#6661 = CARTESIAN_POINT('',(1.5873046875,1.616015625));
#6662 = CARTESIAN_POINT('',(1.845703125,1.56064453125));
#6663 = CARTESIAN_POINT('',(2.000537109375,1.36787109375));
#6664 = ( GEOMETRIC_REPRESENTATION_CONTEXT(2) 
PARAMETRIC_REPRESENTATION_CONTEXT() REPRESENTATION_CONTEXT('2D SPACE',''
  ) );
#6665 = ORIENTED_EDGE('',*,*,#6666,.F.);
#6666 = EDGE_CURVE('',#379,#6644,#6667,.T.);
#6667 = SURFACE_CURVE('',#6668,(#6672,#6679),.PCURVE_S1.);
#6668 = LINE('',#6669,#6670);
#6669 = CARTESIAN_POINT('',(0.8326171875,-2.47,6.230517578125));
#6670 = VECTOR('',#6671,1.);
#6671 = DIRECTION('',(0.,-1.,0.));
#6672 = PCURVE('',#459,#6673);
#6673 = DEFINITIONAL_REPRESENTATION('',(#6674),#6678);
#6674 = LINE('',#6675,#6676);
#6675 = CARTESIAN_POINT('',(1.,0.));
#6676 = VECTOR('',#6677,1.);
#6677 = DIRECTION('',(0.,-1.));
#6678 = ( GEOMETRIC_REPRESENTATION_CONTEXT(2) 
PARAMETRIC_REPRESENTATION_CONTEXT() REPRESENTATION_CONTEXT('2D SPACE',''
  ) );
#6679 = PCURVE('',#408,#6680);
#6680 = DEFINITIONAL_REPRESENTATION('',(#6681),#6685);
#6681 = LINE('',#6682,#6683);
#6682 = CARTESIAN_POINT('',(0.,0.));
#6683 = VECTOR('',#6684,1.);
#6684 = DIRECTION('',(0.,-1.));
#6685 = ( GEOMETRIC_REPRESENTATION_CONTEXT(2) 
PARAMETRIC_REPRESENTATION_CONTEXT() REPRESENTATION_CONTEXT('2D SPACE',''
  ) );
#6686 = ADVANCED_FACE('',(#6687),#408,.T.);
#6687 = FACE_BOUND('',#6688,.T.);
#6688 = EDGE_LOOP('',(#6689,#6690,#6691,#6714));
#6689 = ORIENTED_EDGE('',*,*,#378,.T.);
#6690 = ORIENTED_EDGE('',*,*,#6666,.T.);
#6691 = ORIENTED_EDGE('',*,*,#6692,.T.);
#6692 = EDGE_CURVE('',#6644,#6693,#6695,.T.);
#6693 = VERTEX_POINT('',#6694);
#6694 = CARTESIAN_POINT('',(0.987451171875,-3.07,5.764990234375));
#6695 = SURFACE_CURVE('',#6696,(#6700,#6707),.PCURVE_S1.);
#6696 = B_SPLINE_CURVE_WITH_KNOTS('',2,(#6697,#6698,#6699),
  .UNSPECIFIED.,.F.,.F.,(3,3),(0.,1.),.PIECEWISE_BEZIER_KNOTS.);
#6697 = CARTESIAN_POINT('',(0.8326171875,-3.07,6.230517578125));
#6698 = CARTESIAN_POINT('',(0.987451171875,-3.07,6.037744140625));
#6699 = CARTESIAN_POINT('',(0.987451171875,-3.07,5.764990234375));
#6700 = PCURVE('',#408,#6701);
#6701 = DEFINITIONAL_REPRESENTATION('',(#6702),#6706);
#6702 = LINE('',#6703,#6704);
#6703 = CARTESIAN_POINT('',(0.,-0.6));
#6704 = VECTOR('',#6705,1.);
#6705 = DIRECTION('',(1.,0.));
#6706 = ( GEOMETRIC_REPRESENTATION_CONTEXT(2) 
PARAMETRIC_REPRESENTATION_CONTEXT() REPRESENTATION_CONTEXT('2D SPACE',''
  ) );
#6707 = PCURVE('',#5576,#6708);
#6708 = DEFINITIONAL_REPRESENTATION('',(#6709),#6713);
#6709 = B_SPLINE_CURVE_WITH_KNOTS('',2,(#6710,#6711,#6712),
  .UNSPECIFIED.,.F.,.F.,(3,3),(0.,1.),.PIECEWISE_BEZIER_KNOTS.);
#6710 = CARTESIAN_POINT('',(2.000537109375,1.36787109375));
#6711 = CARTESIAN_POINT('',(2.15537109375,1.17509765625));
#6712 = CARTESIAN_POINT('',(2.15537109375,0.90234375));
#6713 = ( GEOMETRIC_REPRESENTATION_CONTEXT(2) 
PARAMETRIC_REPRESENTATION_CONTEXT() REPRESENTATION_CONTEXT('2D SPACE',''
  ) );
#6714 = ORIENTED_EDGE('',*,*,#6715,.F.);
#6715 = EDGE_CURVE('',#328,#6693,#6716,.T.);
#6716 = SURFACE_CURVE('',#6717,(#6721,#6728),.PCURVE_S1.);
#6717 = LINE('',#6718,#6719);
#6718 = CARTESIAN_POINT('',(0.987451171875,-2.47,5.764990234375));
#6719 = VECTOR('',#6720,1.);
#6720 = DIRECTION('',(0.,-1.,0.));
#6721 = PCURVE('',#408,#6722);
#6722 = DEFINITIONAL_REPRESENTATION('',(#6723),#6727);
#6723 = LINE('',#6724,#6725);
#6724 = CARTESIAN_POINT('',(1.,0.));
#6725 = VECTOR('',#6726,1.);
#6726 = DIRECTION('',(0.,-1.));
#6727 = ( GEOMETRIC_REPRESENTATION_CONTEXT(2) 
PARAMETRIC_REPRESENTATION_CONTEXT() REPRESENTATION_CONTEXT('2D SPACE',''
  ) );
#6728 = PCURVE('',#357,#6729);
#6729 = DEFINITIONAL_REPRESENTATION('',(#6730),#6734);
#6730 = LINE('',#6731,#6732);
#6731 = CARTESIAN_POINT('',(0.,0.));
#6732 = VECTOR('',#6733,1.);
#6733 = DIRECTION('',(0.,-1.));
#6734 = ( GEOMETRIC_REPRESENTATION_CONTEXT(2) 
PARAMETRIC_REPRESENTATION_CONTEXT() REPRESENTATION_CONTEXT('2D SPACE',''
  ) );
#6735 = ADVANCED_FACE('',(#6736),#357,.T.);
#6736 = FACE_BOUND('',#6737,.T.);
#6737 = EDGE_LOOP('',(#6738,#6739,#6740,#6763));
#6738 = ORIENTED_EDGE('',*,*,#327,.T.);
#6739 = ORIENTED_EDGE('',*,*,#6715,.T.);
#6740 = ORIENTED_EDGE('',*,*,#6741,.T.);
#6741 = EDGE_CURVE('',#6693,#6742,#6744,.T.);
#6742 = VERTEX_POINT('',#6743);
#6743 = CARTESIAN_POINT('',(0.698291015625,-3.07,5.090283203125));
#6744 = SURFACE_CURVE('',#6745,(#6749,#6756),.PCURVE_S1.);
#6745 = B_SPLINE_CURVE_WITH_KNOTS('',2,(#6746,#6747,#6748),
  .UNSPECIFIED.,.F.,.F.,(3,3),(0.,1.),.PIECEWISE_BEZIER_KNOTS.);
#6746 = CARTESIAN_POINT('',(0.987451171875,-3.07,5.764990234375));
#6747 = CARTESIAN_POINT('',(0.987451171875,-3.07,5.369189453125));
#6748 = CARTESIAN_POINT('',(0.698291015625,-3.07,5.090283203125));
#6749 = PCURVE('',#357,#6750);
#6750 = DEFINITIONAL_REPRESENTATION('',(#6751),#6755);
#6751 = LINE('',#6752,#6753);
#6752 = CARTESIAN_POINT('',(0.,-0.6));
#6753 = VECTOR('',#6754,1.);
#6754 = DIRECTION('',(1.,0.));
#6755 = ( GEOMETRIC_REPRESENTATION_CONTEXT(2) 
PARAMETRIC_REPRESENTATION_CONTEXT() REPRESENTATION_CONTEXT('2D SPACE',''
  ) );
#6756 = PCURVE('',#5576,#6757);
#6757 = DEFINITIONAL_REPRESENTATION('',(#6758),#6762);
#6758 = B_SPLINE_CURVE_WITH_KNOTS('',2,(#6759,#6760,#6761),
  .UNSPECIFIED.,.F.,.F.,(3,3),(0.,1.),.PIECEWISE_BEZIER_KNOTS.);
#6759 = CARTESIAN_POINT('',(2.15537109375,0.90234375));
#6760 = CARTESIAN_POINT('',(2.15537109375,0.50654296875));
#6761 = CARTESIAN_POINT('',(1.8662109375,0.22763671875));
#6762 = ( GEOMETRIC_REPRESENTATION_CONTEXT(2) 
PARAMETRIC_REPRESENTATION_CONTEXT() REPRESENTATION_CONTEXT('2D SPACE',''
  ) );
#6763 = ORIENTED_EDGE('',*,*,#6764,.F.);
#6764 = EDGE_CURVE('',#277,#6742,#6765,.T.);
#6765 = SURFACE_CURVE('',#6766,(#6770,#6777),.PCURVE_S1.);
#6766 = LINE('',#6767,#6768);
#6767 = CARTESIAN_POINT('',(0.698291015625,-2.47,5.090283203125));
#6768 = VECTOR('',#6769,1.);
#6769 = DIRECTION('',(0.,-1.,0.));
#6770 = PCURVE('',#357,#6771);
#6771 = DEFINITIONAL_REPRESENTATION('',(#6772),#6776);
#6772 = LINE('',#6773,#6774);
#6773 = CARTESIAN_POINT('',(1.,0.));
#6774 = VECTOR('',#6775,1.);
#6775 = DIRECTION('',(0.,-1.));
#6776 = ( GEOMETRIC_REPRESENTATION_CONTEXT(2) 
PARAMETRIC_REPRESENTATION_CONTEXT() REPRESENTATION_CONTEXT('2D SPACE',''
  ) );
#6777 = PCURVE('',#306,#6778);
#6778 = DEFINITIONAL_REPRESENTATION('',(#6779),#6783);
#6779 = LINE('',#6780,#6781);
#6780 = CARTESIAN_POINT('',(0.,0.));
#6781 = VECTOR('',#6782,1.);
#6782 = DIRECTION('',(0.,-1.));
#6783 = ( GEOMETRIC_REPRESENTATION_CONTEXT(2) 
PARAMETRIC_REPRESENTATION_CONTEXT() REPRESENTATION_CONTEXT('2D SPACE',''
  ) );
#6784 = ADVANCED_FACE('',(#6785),#306,.T.);
#6785 = FACE_BOUND('',#6786,.T.);
#6786 = EDGE_LOOP('',(#6787,#6788,#6789,#6812));
#6787 = ORIENTED_EDGE('',*,*,#276,.T.);
#6788 = ORIENTED_EDGE('',*,*,#6764,.T.);
#6789 = ORIENTED_EDGE('',*,*,#6790,.T.);
#6790 = EDGE_CURVE('',#6742,#6791,#6793,.T.);
#6791 = VERTEX_POINT('',#6792);
#6792 = CARTESIAN_POINT('',(-2.1533203125E-02,-3.07,4.811376953125));
#6793 = SURFACE_CURVE('',#6794,(#6798,#6805),.PCURVE_S1.);
#6794 = B_SPLINE_CURVE_WITH_KNOTS('',2,(#6795,#6796,#6797),
  .UNSPECIFIED.,.F.,.F.,(3,3),(0.,1.),.PIECEWISE_BEZIER_KNOTS.);
#6795 = CARTESIAN_POINT('',(0.698291015625,-3.07,5.090283203125));
#6796 = CARTESIAN_POINT('',(0.409130859375,-3.07,4.811376953125));
#6797 = CARTESIAN_POINT('',(-2.1533203125E-02,-3.07,4.811376953125));
#6798 = PCURVE('',#306,#6799);
#6799 = DEFINITIONAL_REPRESENTATION('',(#6800),#6804);
#6800 = LINE('',#6801,#6802);
#6801 = CARTESIAN_POINT('',(0.,-0.6));
#6802 = VECTOR('',#6803,1.);
#6803 = DIRECTION('',(1.,0.));
#6804 = ( GEOMETRIC_REPRESENTATION_CONTEXT(2) 
PARAMETRIC_REPRESENTATION_CONTEXT() REPRESENTATION_CONTEXT('2D SPACE',''
  ) );
#6805 = PCURVE('',#5576,#6806);
#6806 = DEFINITIONAL_REPRESENTATION('',(#6807),#6811);
#6807 = B_SPLINE_CURVE_WITH_KNOTS('',2,(#6808,#6809,#6810),
  .UNSPECIFIED.,.F.,.F.,(3,3),(0.,1.),.PIECEWISE_BEZIER_KNOTS.);
#6808 = CARTESIAN_POINT('',(1.8662109375,0.22763671875));
#6809 = CARTESIAN_POINT('',(1.57705078125,-5.126953125E-02));
#6810 = CARTESIAN_POINT('',(1.14638671875,-5.126953125E-02));
#6811 = ( GEOMETRIC_REPRESENTATION_CONTEXT(2) 
PARAMETRIC_REPRESENTATION_CONTEXT() REPRESENTATION_CONTEXT('2D SPACE',''
  ) );
#6812 = ORIENTED_EDGE('',*,*,#6813,.F.);
#6813 = EDGE_CURVE('',#220,#6791,#6814,.T.);
#6814 = SURFACE_CURVE('',#6815,(#6819,#6826),.PCURVE_S1.);
#6815 = LINE('',#6816,#6817);
#6816 = CARTESIAN_POINT('',(-2.1533203125E-02,-2.47,4.811376953125));
#6817 = VECTOR('',#6818,1.);
#6818 = DIRECTION('',(0.,-1.,0.));
#6819 = PCURVE('',#306,#6820);
#6820 = DEFINITIONAL_REPRESENTATION('',(#6821),#6825);
#6821 = LINE('',#6822,#6823);
#6822 = CARTESIAN_POINT('',(1.,0.));
#6823 = VECTOR('',#6824,1.);
#6824 = DIRECTION('',(0.,-1.));
#6825 = ( GEOMETRIC_REPRESENTATION_CONTEXT(2) 
PARAMETRIC_REPRESENTATION_CONTEXT() REPRESENTATION_CONTEXT('2D SPACE',''
  ) );
#6826 = PCURVE('',#253,#6827);
#6827 = DEFINITIONAL_REPRESENTATION('',(#6828),#6832);
#6828 = LINE('',#6829,#6830);
#6829 = CARTESIAN_POINT('',(0.,0.));
#6830 = VECTOR('',#6831,1.);
#6831 = DIRECTION('',(0.,-1.));
#6832 = ( GEOMETRIC_REPRESENTATION_CONTEXT(2) 
PARAMETRIC_REPRESENTATION_CONTEXT() REPRESENTATION_CONTEXT('2D SPACE',''
  ) );
#6833 = ADVANCED_FACE('',(#6834),#253,.T.);
#6834 = FACE_BOUND('',#6835,.T.);
#6835 = EDGE_LOOP('',(#6836,#6837,#6838,#6861));
#6836 = ORIENTED_EDGE('',*,*,#219,.T.);
#6837 = ORIENTED_EDGE('',*,*,#6813,.T.);
#6838 = ORIENTED_EDGE('',*,*,#6839,.T.);
#6839 = EDGE_CURVE('',#6791,#6840,#6842,.T.);
#6840 = VERTEX_POINT('',#6841);
#6841 = CARTESIAN_POINT('',(-0.698291015625,-3.07,5.04619140625));
#6842 = SURFACE_CURVE('',#6843,(#6847,#6854),.PCURVE_S1.);
#6843 = B_SPLINE_CURVE_WITH_KNOTS('',2,(#6844,#6845,#6846),
  .UNSPECIFIED.,.F.,.F.,(3,3),(0.,1.),.PIECEWISE_BEZIER_KNOTS.);
#6844 = CARTESIAN_POINT('',(-2.1533203125E-02,-3.07,4.811376953125));
#6845 = CARTESIAN_POINT('',(-0.429638671875,-3.07,4.811376953125));
#6846 = CARTESIAN_POINT('',(-0.698291015625,-3.07,5.04619140625));
#6847 = PCURVE('',#253,#6848);
#6848 = DEFINITIONAL_REPRESENTATION('',(#6849),#6853);
#6849 = LINE('',#6850,#6851);
#6850 = CARTESIAN_POINT('',(0.,-0.6));
#6851 = VECTOR('',#6852,1.);
#6852 = DIRECTION('',(1.,0.));
#6853 = ( GEOMETRIC_REPRESENTATION_CONTEXT(2) 
PARAMETRIC_REPRESENTATION_CONTEXT() REPRESENTATION_CONTEXT('2D SPACE',''
  ) );
#6854 = PCURVE('',#5576,#6855);
#6855 = DEFINITIONAL_REPRESENTATION('',(#6856),#6860);
#6856 = B_SPLINE_CURVE_WITH_KNOTS('',2,(#6857,#6858,#6859),
  .UNSPECIFIED.,.F.,.F.,(3,3),(0.,1.),.PIECEWISE_BEZIER_KNOTS.);
#6857 = CARTESIAN_POINT('',(1.14638671875,-5.126953125E-02));
#6858 = CARTESIAN_POINT('',(0.73828125,-5.126953125E-02));
#6859 = CARTESIAN_POINT('',(0.46962890625,0.183544921875));
#6860 = ( GEOMETRIC_REPRESENTATION_CONTEXT(2) 
PARAMETRIC_REPRESENTATION_CONTEXT() REPRESENTATION_CONTEXT('2D SPACE',''
  ) );
#6861 = ORIENTED_EDGE('',*,*,#6862,.F.);
#6862 = EDGE_CURVE('',#169,#6840,#6863,.T.);
#6863 = SURFACE_CURVE('',#6864,(#6868,#6875),.PCURVE_S1.);
#6864 = LINE('',#6865,#6866);
#6865 = CARTESIAN_POINT('',(-0.698291015625,-2.47,5.04619140625));
#6866 = VECTOR('',#6867,1.);
#6867 = DIRECTION('',(0.,-1.,0.));
#6868 = PCURVE('',#253,#6869);
#6869 = DEFINITIONAL_REPRESENTATION('',(#6870),#6874);
#6870 = LINE('',#6871,#6872);
#6871 = CARTESIAN_POINT('',(1.,0.));
#6872 = VECTOR('',#6873,1.);
#6873 = DIRECTION('',(0.,-1.));
#6874 = ( GEOMETRIC_REPRESENTATION_CONTEXT(2) 
PARAMETRIC_REPRESENTATION_CONTEXT() REPRESENTATION_CONTEXT('2D SPACE',''
  ) );
#6875 = PCURVE('',#198,#6876);
#6876 = DEFINITIONAL_REPRESENTATION('',(#6877),#6881);
#6877 = LINE('',#6878,#6879);
#6878 = CARTESIAN_POINT('',(0.,0.));
#6879 = VECTOR('',#6880,1.);
#6880 = DIRECTION('',(0.,-1.));
#6881 = ( GEOMETRIC_REPRESENTATION_CONTEXT(2) 
PARAMETRIC_REPRESENTATION_CONTEXT() REPRESENTATION_CONTEXT('2D SPACE',''
  ) );
#6882 = ADVANCED_FACE('',(#6883),#198,.T.);
#6883 = FACE_BOUND('',#6884,.T.);
#6884 = EDGE_LOOP('',(#6885,#6886,#6887,#6908));
#6885 = ORIENTED_EDGE('',*,*,#168,.T.);
#6886 = ORIENTED_EDGE('',*,*,#6862,.T.);
#6887 = ORIENTED_EDGE('',*,*,#6888,.T.);
#6888 = EDGE_CURVE('',#6840,#5538,#6889,.T.);
#6889 = SURFACE_CURVE('',#6890,(#6894,#6901),.PCURVE_S1.);
#6890 = B_SPLINE_CURVE_WITH_KNOTS('',2,(#6891,#6892,#6893),
  .UNSPECIFIED.,.F.,.F.,(3,3),(0.,1.),.PIECEWISE_BEZIER_KNOTS.);
#6891 = CARTESIAN_POINT('',(-0.698291015625,-3.07,5.04619140625));
#6892 = CARTESIAN_POINT('',(-0.966943359375,-3.07,5.281005859375));
#6893 = CARTESIAN_POINT('',(-1.010009765625,-3.07,5.660400390625));
#6894 = PCURVE('',#198,#6895);
#6895 = DEFINITIONAL_REPRESENTATION('',(#6896),#6900);
#6896 = LINE('',#6897,#6898);
#6897 = CARTESIAN_POINT('',(0.,-0.6));
#6898 = VECTOR('',#6899,1.);
#6899 = DIRECTION('',(1.,0.));
#6900 = ( GEOMETRIC_REPRESENTATION_CONTEXT(2) 
PARAMETRIC_REPRESENTATION_CONTEXT() REPRESENTATION_CONTEXT('2D SPACE',''
  ) );
#6901 = PCURVE('',#5576,#6902);
#6902 = DEFINITIONAL_REPRESENTATION('',(#6903),#6907);
#6903 = B_SPLINE_CURVE_WITH_KNOTS('',2,(#6904,#6905,#6906),
  .UNSPECIFIED.,.F.,.F.,(3,3),(0.,1.),.PIECEWISE_BEZIER_KNOTS.);
#6904 = CARTESIAN_POINT('',(0.46962890625,0.183544921875));
#6905 = CARTESIAN_POINT('',(0.2009765625,0.418359375));
#6906 = CARTESIAN_POINT('',(0.15791015625,0.79775390625));
#6907 = ( GEOMETRIC_REPRESENTATION_CONTEXT(2) 
PARAMETRIC_REPRESENTATION_CONTEXT() REPRESENTATION_CONTEXT('2D SPACE',''
  ) );
#6908 = ORIENTED_EDGE('',*,*,#5537,.F.);
#6909 = ADVANCED_FACE('',(#6910),#1459,.T.);
#6910 = FACE_BOUND('',#6911,.T.);
#6911 = EDGE_LOOP('',(#6912,#6913,#6936,#6964));
#6912 = ORIENTED_EDGE('',*,*,#1423,.T.);
#6913 = ORIENTED_EDGE('',*,*,#6914,.T.);
#6914 = EDGE_CURVE('',#1426,#6915,#6917,.T.);
#6915 = VERTEX_POINT('',#6916);
#6916 = CARTESIAN_POINT('',(3.003369140625,-3.07,7.569677734375));
#6917 = SURFACE_CURVE('',#6918,(#6922,#6929),.PCURVE_S1.);
#6918 = LINE('',#6919,#6920);
#6919 = CARTESIAN_POINT('',(3.003369140625,-2.47,7.569677734375));
#6920 = VECTOR('',#6921,1.);
#6921 = DIRECTION('',(0.,-1.,0.));
#6922 = PCURVE('',#1459,#6923);
#6923 = DEFINITIONAL_REPRESENTATION('',(#6924),#6928);
#6924 = LINE('',#6925,#6926);
#6925 = CARTESIAN_POINT('',(0.,0.));
#6926 = VECTOR('',#6927,1.);
#6927 = DIRECTION('',(0.,-1.));
#6928 = ( GEOMETRIC_REPRESENTATION_CONTEXT(2) 
PARAMETRIC_REPRESENTATION_CONTEXT() REPRESENTATION_CONTEXT('2D SPACE',''
  ) );
#6929 = PCURVE('',#1516,#6930);
#6930 = DEFINITIONAL_REPRESENTATION('',(#6931),#6935);
#6931 = LINE('',#6932,#6933);
#6932 = CARTESIAN_POINT('',(1.,0.));
#6933 = VECTOR('',#6934,1.);
#6934 = DIRECTION('',(0.,-1.));
#6935 = ( GEOMETRIC_REPRESENTATION_CONTEXT(2) 
PARAMETRIC_REPRESENTATION_CONTEXT() REPRESENTATION_CONTEXT('2D SPACE',''
  ) );
#6936 = ORIENTED_EDGE('',*,*,#6937,.T.);
#6937 = EDGE_CURVE('',#6915,#6938,#6940,.T.);
#6938 = VERTEX_POINT('',#6939);
#6939 = CARTESIAN_POINT('',(3.296630859375,-3.07,6.345361328125));
#6940 = SURFACE_CURVE('',#6941,(#6945,#6952),.PCURVE_S1.);
#6941 = B_SPLINE_CURVE_WITH_KNOTS('',2,(#6942,#6943,#6944),
  .UNSPECIFIED.,.F.,.F.,(3,3),(0.,1.),.PIECEWISE_BEZIER_KNOTS.);
#6942 = CARTESIAN_POINT('',(3.003369140625,-3.07,7.569677734375));
#6943 = CARTESIAN_POINT('',(3.296630859375,-3.07,7.200537109375));
#6944 = CARTESIAN_POINT('',(3.296630859375,-3.07,6.345361328125));
#6945 = PCURVE('',#1459,#6946);
#6946 = DEFINITIONAL_REPRESENTATION('',(#6947),#6951);
#6947 = LINE('',#6948,#6949);
#6948 = CARTESIAN_POINT('',(0.,-0.6));
#6949 = VECTOR('',#6950,1.);
#6950 = DIRECTION('',(1.,0.));
#6951 = ( GEOMETRIC_REPRESENTATION_CONTEXT(2) 
PARAMETRIC_REPRESENTATION_CONTEXT() REPRESENTATION_CONTEXT('2D SPACE',''
  ) );
#6952 = PCURVE('',#6953,#6958);
#6953 = PLANE('',#6954);
#6954 = AXIS2_PLACEMENT_3D('',#6955,#6956,#6957);
#6955 = CARTESIAN_POINT('',(1.167919921875,-3.07,4.862646484375));
#6956 = DIRECTION('',(0.,-1.,0.));
#6957 = DIRECTION('',(1.,0.,0.));
#6958 = DEFINITIONAL_REPRESENTATION('',(#6959),#6963);
#6959 = B_SPLINE_CURVE_WITH_KNOTS('',2,(#6960,#6961,#6962),
  .UNSPECIFIED.,.F.,.F.,(3,3),(0.,1.),.PIECEWISE_BEZIER_KNOTS.);
#6960 = CARTESIAN_POINT('',(1.83544921875,2.70703125));
#6961 = CARTESIAN_POINT('',(2.1287109375,2.337890625));
#6962 = CARTESIAN_POINT('',(2.1287109375,1.48271484375));
#6963 = ( GEOMETRIC_REPRESENTATION_CONTEXT(2) 
PARAMETRIC_REPRESENTATION_CONTEXT() REPRESENTATION_CONTEXT('2D SPACE',''
  ) );
#6964 = ORIENTED_EDGE('',*,*,#6965,.F.);
#6965 = EDGE_CURVE('',#1424,#6938,#6966,.T.);
#6966 = SURFACE_CURVE('',#6967,(#6971,#6978),.PCURVE_S1.);
#6967 = LINE('',#6968,#6969);
#6968 = CARTESIAN_POINT('',(3.296630859375,-2.47,6.345361328125));
#6969 = VECTOR('',#6970,1.);
#6970 = DIRECTION('',(0.,-1.,0.));
#6971 = PCURVE('',#1459,#6972);
#6972 = DEFINITIONAL_REPRESENTATION('',(#6973),#6977);
#6973 = LINE('',#6974,#6975);
#6974 = CARTESIAN_POINT('',(1.,0.));
#6975 = VECTOR('',#6976,1.);
#6976 = DIRECTION('',(0.,-1.));
#6977 = ( GEOMETRIC_REPRESENTATION_CONTEXT(2) 
PARAMETRIC_REPRESENTATION_CONTEXT() REPRESENTATION_CONTEXT('2D SPACE',''
  ) );
#6978 = PCURVE('',#1856,#6979);
#6979 = DEFINITIONAL_REPRESENTATION('',(#6980),#6984);
#6980 = LINE('',#6981,#6982);
#6981 = CARTESIAN_POINT('',(0.,0.));
#6982 = VECTOR('',#6983,1.);
#6983 = DIRECTION('',(0.,-1.));
#6984 = ( GEOMETRIC_REPRESENTATION_CONTEXT(2) 
PARAMETRIC_REPRESENTATION_CONTEXT() REPRESENTATION_CONTEXT('2D SPACE',''
  ) );
#6985 = ADVANCED_FACE('',(#6986),#1856,.T.);
#6986 = FACE_BOUND('',#6987,.T.);
#6987 = EDGE_LOOP('',(#6988,#6989,#6990,#7013));
#6988 = ORIENTED_EDGE('',*,*,#1824,.T.);
#6989 = ORIENTED_EDGE('',*,*,#6965,.T.);
#6990 = ORIENTED_EDGE('',*,*,#6991,.T.);
#6991 = EDGE_CURVE('',#6938,#6992,#6994,.T.);
#6992 = VERTEX_POINT('',#6993);
#6993 = CARTESIAN_POINT('',(3.001318359375,-3.07,5.118994140625));
#6994 = SURFACE_CURVE('',#6995,(#6999,#7006),.PCURVE_S1.);
#6995 = B_SPLINE_CURVE_WITH_KNOTS('',2,(#6996,#6997,#6998),
  .UNSPECIFIED.,.F.,.F.,(3,3),(0.,1.),.PIECEWISE_BEZIER_KNOTS.);
#6996 = CARTESIAN_POINT('',(3.296630859375,-3.07,6.345361328125));
#6997 = CARTESIAN_POINT('',(3.296630859375,-3.07,5.492236328125));
#6998 = CARTESIAN_POINT('',(3.001318359375,-3.07,5.118994140625));
#6999 = PCURVE('',#1856,#7000);
#7000 = DEFINITIONAL_REPRESENTATION('',(#7001),#7005);
#7001 = LINE('',#7002,#7003);
#7002 = CARTESIAN_POINT('',(0.,-0.6));
#7003 = VECTOR('',#7004,1.);
#7004 = DIRECTION('',(1.,0.));
#7005 = ( GEOMETRIC_REPRESENTATION_CONTEXT(2) 
PARAMETRIC_REPRESENTATION_CONTEXT() REPRESENTATION_CONTEXT('2D SPACE',''
  ) );
#7006 = PCURVE('',#6953,#7007);
#7007 = DEFINITIONAL_REPRESENTATION('',(#7008),#7012);
#7008 = B_SPLINE_CURVE_WITH_KNOTS('',2,(#7009,#7010,#7011),
  .UNSPECIFIED.,.F.,.F.,(3,3),(0.,1.),.PIECEWISE_BEZIER_KNOTS.);
#7009 = CARTESIAN_POINT('',(2.1287109375,1.48271484375));
#7010 = CARTESIAN_POINT('',(2.1287109375,0.62958984375));
#7011 = CARTESIAN_POINT('',(1.8333984375,0.25634765625));
#7012 = ( GEOMETRIC_REPRESENTATION_CONTEXT(2) 
PARAMETRIC_REPRESENTATION_CONTEXT() REPRESENTATION_CONTEXT('2D SPACE',''
  ) );
#7013 = ORIENTED_EDGE('',*,*,#7014,.F.);
#7014 = EDGE_CURVE('',#1768,#6992,#7015,.T.);
#7015 = SURFACE_CURVE('',#7016,(#7020,#7027),.PCURVE_S1.);
#7016 = LINE('',#7017,#7018);
#7017 = CARTESIAN_POINT('',(3.001318359375,-2.47,5.118994140625));
#7018 = VECTOR('',#7019,1.);
#7019 = DIRECTION('',(0.,-1.,0.));
#7020 = PCURVE('',#1856,#7021);
#7021 = DEFINITIONAL_REPRESENTATION('',(#7022),#7026);
#7022 = LINE('',#7023,#7024);
#7023 = CARTESIAN_POINT('',(1.,0.));
#7024 = VECTOR('',#7025,1.);
#7025 = DIRECTION('',(0.,-1.));
#7026 = ( GEOMETRIC_REPRESENTATION_CONTEXT(2) 
PARAMETRIC_REPRESENTATION_CONTEXT() REPRESENTATION_CONTEXT('2D SPACE',''
  ) );
#7027 = PCURVE('',#1801,#7028);
#7028 = DEFINITIONAL_REPRESENTATION('',(#7029),#7033);
#7029 = LINE('',#7030,#7031);
#7030 = CARTESIAN_POINT('',(0.,0.));
#7031 = VECTOR('',#7032,1.);
#7032 = DIRECTION('',(0.,-1.));
#7033 = ( GEOMETRIC_REPRESENTATION_CONTEXT(2) 
PARAMETRIC_REPRESENTATION_CONTEXT() REPRESENTATION_CONTEXT('2D SPACE',''
  ) );
#7034 = ADVANCED_FACE('',(#7035),#1801,.T.);
#7035 = FACE_BOUND('',#7036,.T.);
#7036 = EDGE_LOOP('',(#7037,#7038,#7039,#7062));
#7037 = ORIENTED_EDGE('',*,*,#1767,.T.);
#7038 = ORIENTED_EDGE('',*,*,#7014,.T.);
#7039 = ORIENTED_EDGE('',*,*,#7040,.T.);
#7040 = EDGE_CURVE('',#6992,#7041,#7043,.T.);
#7041 = VERTEX_POINT('',#7042);
#7042 = CARTESIAN_POINT('',(2.320458984375,-3.07,4.811376953125));
#7043 = SURFACE_CURVE('',#7044,(#7048,#7055),.PCURVE_S1.);
#7044 = B_SPLINE_CURVE_WITH_KNOTS('',2,(#7045,#7046,#7047),
  .UNSPECIFIED.,.F.,.F.,(3,3),(0.,1.),.PIECEWISE_BEZIER_KNOTS.);
#7045 = CARTESIAN_POINT('',(3.001318359375,-3.07,5.118994140625));
#7046 = CARTESIAN_POINT('',(2.757275390625,-3.07,4.811376953125));
#7047 = CARTESIAN_POINT('',(2.320458984375,-3.07,4.811376953125));
#7048 = PCURVE('',#1801,#7049);
#7049 = DEFINITIONAL_REPRESENTATION('',(#7050),#7054);
#7050 = LINE('',#7051,#7052);
#7051 = CARTESIAN_POINT('',(0.,-0.6));
#7052 = VECTOR('',#7053,1.);
#7053 = DIRECTION('',(1.,0.));
#7054 = ( GEOMETRIC_REPRESENTATION_CONTEXT(2) 
PARAMETRIC_REPRESENTATION_CONTEXT() REPRESENTATION_CONTEXT('2D SPACE',''
  ) );
#7055 = PCURVE('',#6953,#7056);
#7056 = DEFINITIONAL_REPRESENTATION('',(#7057),#7061);
#7057 = B_SPLINE_CURVE_WITH_KNOTS('',2,(#7058,#7059,#7060),
  .UNSPECIFIED.,.F.,.F.,(3,3),(0.,1.),.PIECEWISE_BEZIER_KNOTS.);
#7058 = CARTESIAN_POINT('',(1.8333984375,0.25634765625));
#7059 = CARTESIAN_POINT('',(1.58935546875,-5.126953125E-02));
#7060 = CARTESIAN_POINT('',(1.1525390625,-5.126953125E-02));
#7061 = ( GEOMETRIC_REPRESENTATION_CONTEXT(2) 
PARAMETRIC_REPRESENTATION_CONTEXT() REPRESENTATION_CONTEXT('2D SPACE',''
  ) );
#7062 = ORIENTED_EDGE('',*,*,#7063,.F.);
#7063 = EDGE_CURVE('',#1717,#7041,#7064,.T.);
#7064 = SURFACE_CURVE('',#7065,(#7069,#7076),.PCURVE_S1.);
#7065 = LINE('',#7066,#7067);
#7066 = CARTESIAN_POINT('',(2.320458984375,-2.47,4.811376953125));
#7067 = VECTOR('',#7068,1.);
#7068 = DIRECTION('',(0.,-1.,0.));
#7069 = PCURVE('',#1801,#7070);
#7070 = DEFINITIONAL_REPRESENTATION('',(#7071),#7075);
#7071 = LINE('',#7072,#7073);
#7072 = CARTESIAN_POINT('',(1.,0.));
#7073 = VECTOR('',#7074,1.);
#7074 = DIRECTION('',(0.,-1.));
#7075 = ( GEOMETRIC_REPRESENTATION_CONTEXT(2) 
PARAMETRIC_REPRESENTATION_CONTEXT() REPRESENTATION_CONTEXT('2D SPACE',''
  ) );
#7076 = PCURVE('',#1746,#7077);
#7077 = DEFINITIONAL_REPRESENTATION('',(#7078),#7082);
#7078 = LINE('',#7079,#7080);
#7079 = CARTESIAN_POINT('',(0.,0.));
#7080 = VECTOR('',#7081,1.);
#7081 = DIRECTION('',(0.,-1.));
#7082 = ( GEOMETRIC_REPRESENTATION_CONTEXT(2) 
PARAMETRIC_REPRESENTATION_CONTEXT() REPRESENTATION_CONTEXT('2D SPACE',''
  ) );
#7083 = ADVANCED_FACE('',(#7084),#1746,.T.);
#7084 = FACE_BOUND('',#7085,.T.);
#7085 = EDGE_LOOP('',(#7086,#7087,#7088,#7111));
#7086 = ORIENTED_EDGE('',*,*,#1716,.T.);
#7087 = ORIENTED_EDGE('',*,*,#7063,.T.);
#7088 = ORIENTED_EDGE('',*,*,#7089,.T.);
#7089 = EDGE_CURVE('',#7041,#7090,#7092,.T.);
#7090 = VERTEX_POINT('',#7091);
#7091 = CARTESIAN_POINT('',(1.612939453125,-3.07,5.14873046875));
#7092 = SURFACE_CURVE('',#7093,(#7097,#7104),.PCURVE_S1.);
#7093 = B_SPLINE_CURVE_WITH_KNOTS('',2,(#7094,#7095,#7096),
  .UNSPECIFIED.,.F.,.F.,(3,3),(0.,1.),.PIECEWISE_BEZIER_KNOTS.);
#7094 = CARTESIAN_POINT('',(2.320458984375,-3.07,4.811376953125));
#7095 = CARTESIAN_POINT('',(1.881591796875,-3.07,4.811376953125));
#7096 = CARTESIAN_POINT('',(1.612939453125,-3.07,5.14873046875));
#7097 = PCURVE('',#1746,#7098);
#7098 = DEFINITIONAL_REPRESENTATION('',(#7099),#7103);
#7099 = LINE('',#7100,#7101);
#7100 = CARTESIAN_POINT('',(0.,-0.6));
#7101 = VECTOR('',#7102,1.);
#7102 = DIRECTION('',(1.,0.));
#7103 = ( GEOMETRIC_REPRESENTATION_CONTEXT(2) 
PARAMETRIC_REPRESENTATION_CONTEXT() REPRESENTATION_CONTEXT('2D SPACE',''
  ) );
#7104 = PCURVE('',#6953,#7105);
#7105 = DEFINITIONAL_REPRESENTATION('',(#7106),#7110);
#7106 = B_SPLINE_CURVE_WITH_KNOTS('',2,(#7107,#7108,#7109),
  .UNSPECIFIED.,.F.,.F.,(3,3),(0.,1.),.PIECEWISE_BEZIER_KNOTS.);
#7107 = CARTESIAN_POINT('',(1.1525390625,-5.126953125E-02));
#7108 = CARTESIAN_POINT('',(0.713671875,-5.126953125E-02));
#7109 = CARTESIAN_POINT('',(0.44501953125,0.286083984375));
#7110 = ( GEOMETRIC_REPRESENTATION_CONTEXT(2) 
PARAMETRIC_REPRESENTATION_CONTEXT() REPRESENTATION_CONTEXT('2D SPACE',''
  ) );
#7111 = ORIENTED_EDGE('',*,*,#7112,.F.);
#7112 = EDGE_CURVE('',#1654,#7090,#7113,.T.);
#7113 = SURFACE_CURVE('',#7114,(#7118,#7125),.PCURVE_S1.);
#7114 = LINE('',#7115,#7116);
#7115 = CARTESIAN_POINT('',(1.612939453125,-2.47,5.14873046875));
#7116 = VECTOR('',#7117,1.);
#7117 = DIRECTION('',(0.,-1.,0.));
#7118 = PCURVE('',#1746,#7119);
#7119 = DEFINITIONAL_REPRESENTATION('',(#7120),#7124);
#7120 = LINE('',#7121,#7122);
#7121 = CARTESIAN_POINT('',(1.,0.));
#7122 = VECTOR('',#7123,1.);
#7123 = DIRECTION('',(0.,-1.));
#7124 = ( GEOMETRIC_REPRESENTATION_CONTEXT(2) 
PARAMETRIC_REPRESENTATION_CONTEXT() REPRESENTATION_CONTEXT('2D SPACE',''
  ) );
#7125 = PCURVE('',#1691,#7126);
#7126 = DEFINITIONAL_REPRESENTATION('',(#7127),#7131);
#7127 = LINE('',#7128,#7129);
#7128 = CARTESIAN_POINT('',(0.,0.));
#7129 = VECTOR('',#7130,1.);
#7130 = DIRECTION('',(0.,-1.));
#7131 = ( GEOMETRIC_REPRESENTATION_CONTEXT(2) 
PARAMETRIC_REPRESENTATION_CONTEXT() REPRESENTATION_CONTEXT('2D SPACE',''
  ) );
#7132 = ADVANCED_FACE('',(#7133),#1691,.T.);
#7133 = FACE_BOUND('',#7134,.T.);
#7134 = EDGE_LOOP('',(#7135,#7136,#7137,#7160));
#7135 = ORIENTED_EDGE('',*,*,#1653,.T.);
#7136 = ORIENTED_EDGE('',*,*,#7112,.T.);
#7137 = ORIENTED_EDGE('',*,*,#7138,.T.);
#7138 = EDGE_CURVE('',#7090,#7139,#7141,.T.);
#7139 = VERTEX_POINT('',#7140);
#7140 = CARTESIAN_POINT('',(1.344287109375,-3.07,6.351513671875));
#7141 = SURFACE_CURVE('',#7142,(#7146,#7153),.PCURVE_S1.);
#7142 = B_SPLINE_CURVE_WITH_KNOTS('',2,(#7143,#7144,#7145),
  .UNSPECIFIED.,.F.,.F.,(3,3),(0.,1.),.PIECEWISE_BEZIER_KNOTS.);
#7143 = CARTESIAN_POINT('',(1.612939453125,-3.07,5.14873046875));
#7144 = CARTESIAN_POINT('',(1.344287109375,-3.07,5.486083984375));
#7145 = CARTESIAN_POINT('',(1.344287109375,-3.07,6.351513671875));
#7146 = PCURVE('',#1691,#7147);
#7147 = DEFINITIONAL_REPRESENTATION('',(#7148),#7152);
#7148 = LINE('',#7149,#7150);
#7149 = CARTESIAN_POINT('',(0.,-0.6));
#7150 = VECTOR('',#7151,1.);
#7151 = DIRECTION('',(1.,0.));
#7152 = ( GEOMETRIC_REPRESENTATION_CONTEXT(2) 
PARAMETRIC_REPRESENTATION_CONTEXT() REPRESENTATION_CONTEXT('2D SPACE',''
  ) );
#7153 = PCURVE('',#6953,#7154);
#7154 = DEFINITIONAL_REPRESENTATION('',(#7155),#7159);
#7155 = B_SPLINE_CURVE_WITH_KNOTS('',2,(#7156,#7157,#7158),
  .UNSPECIFIED.,.F.,.F.,(3,3),(0.,1.),.PIECEWISE_BEZIER_KNOTS.);
#7156 = CARTESIAN_POINT('',(0.44501953125,0.286083984375));
#7157 = CARTESIAN_POINT('',(0.1763671875,0.6234375));
#7158 = CARTESIAN_POINT('',(0.1763671875,1.4888671875));
#7159 = ( GEOMETRIC_REPRESENTATION_CONTEXT(2) 
PARAMETRIC_REPRESENTATION_CONTEXT() REPRESENTATION_CONTEXT('2D SPACE',''
  ) );
#7160 = ORIENTED_EDGE('',*,*,#7161,.F.);
#7161 = EDGE_CURVE('',#1597,#7139,#7162,.T.);
#7162 = SURFACE_CURVE('',#7163,(#7167,#7174),.PCURVE_S1.);
#7163 = LINE('',#7164,#7165);
#7164 = CARTESIAN_POINT('',(1.344287109375,-2.47,6.351513671875));
#7165 = VECTOR('',#7166,1.);
#7166 = DIRECTION('',(0.,-1.,0.));
#7167 = PCURVE('',#1691,#7168);
#7168 = DEFINITIONAL_REPRESENTATION('',(#7169),#7173);
#7169 = LINE('',#7170,#7171);
#7170 = CARTESIAN_POINT('',(1.,0.));
#7171 = VECTOR('',#7172,1.);
#7172 = DIRECTION('',(0.,-1.));
#7173 = ( GEOMETRIC_REPRESENTATION_CONTEXT(2) 
PARAMETRIC_REPRESENTATION_CONTEXT() REPRESENTATION_CONTEXT('2D SPACE',''
  ) );
#7174 = PCURVE('',#1630,#7175);
#7175 = DEFINITIONAL_REPRESENTATION('',(#7176),#7180);
#7176 = LINE('',#7177,#7178);
#7177 = CARTESIAN_POINT('',(0.,0.));
#7178 = VECTOR('',#7179,1.);
#7179 = DIRECTION('',(0.,-1.));
#7180 = ( GEOMETRIC_REPRESENTATION_CONTEXT(2) 
PARAMETRIC_REPRESENTATION_CONTEXT() REPRESENTATION_CONTEXT('2D SPACE',''
  ) );
#7181 = ADVANCED_FACE('',(#7182),#1630,.T.);
#7182 = FACE_BOUND('',#7183,.T.);
#7183 = EDGE_LOOP('',(#7184,#7185,#7186,#7209));
#7184 = ORIENTED_EDGE('',*,*,#1596,.T.);
#7185 = ORIENTED_EDGE('',*,*,#7161,.T.);
#7186 = ORIENTED_EDGE('',*,*,#7187,.T.);
#7187 = EDGE_CURVE('',#7139,#7188,#7190,.T.);
#7188 = VERTEX_POINT('',#7189);
#7189 = CARTESIAN_POINT('',(1.639599609375,-3.07,7.573779296875));
#7190 = SURFACE_CURVE('',#7191,(#7195,#7202),.PCURVE_S1.);
#7191 = B_SPLINE_CURVE_WITH_KNOTS('',2,(#7192,#7193,#7194),
  .UNSPECIFIED.,.F.,.F.,(3,3),(0.,1.),.PIECEWISE_BEZIER_KNOTS.);
#7192 = CARTESIAN_POINT('',(1.344287109375,-3.07,6.351513671875));
#7193 = CARTESIAN_POINT('',(1.344287109375,-3.07,7.200537109375));
#7194 = CARTESIAN_POINT('',(1.639599609375,-3.07,7.573779296875));
#7195 = PCURVE('',#1630,#7196);
#7196 = DEFINITIONAL_REPRESENTATION('',(#7197),#7201);
#7197 = LINE('',#7198,#7199);
#7198 = CARTESIAN_POINT('',(0.,-0.6));
#7199 = VECTOR('',#7200,1.);
#7200 = DIRECTION('',(1.,0.));
#7201 = ( GEOMETRIC_REPRESENTATION_CONTEXT(2) 
PARAMETRIC_REPRESENTATION_CONTEXT() REPRESENTATION_CONTEXT('2D SPACE',''
  ) );
#7202 = PCURVE('',#6953,#7203);
#7203 = DEFINITIONAL_REPRESENTATION('',(#7204),#7208);
#7204 = B_SPLINE_CURVE_WITH_KNOTS('',2,(#7205,#7206,#7207),
  .UNSPECIFIED.,.F.,.F.,(3,3),(0.,1.),.PIECEWISE_BEZIER_KNOTS.);
#7205 = CARTESIAN_POINT('',(0.1763671875,1.4888671875));
#7206 = CARTESIAN_POINT('',(0.1763671875,2.337890625));
#7207 = CARTESIAN_POINT('',(0.4716796875,2.7111328125));
#7208 = ( GEOMETRIC_REPRESENTATION_CONTEXT(2) 
PARAMETRIC_REPRESENTATION_CONTEXT() REPRESENTATION_CONTEXT('2D SPACE',''
  ) );
#7209 = ORIENTED_EDGE('',*,*,#7210,.F.);
#7210 = EDGE_CURVE('',#1540,#7188,#7211,.T.);
#7211 = SURFACE_CURVE('',#7212,(#7216,#7223),.PCURVE_S1.);
#7212 = LINE('',#7213,#7214);
#7213 = CARTESIAN_POINT('',(1.639599609375,-2.47,7.573779296875));
#7214 = VECTOR('',#7215,1.);
#7215 = DIRECTION('',(0.,-1.,0.));
#7216 = PCURVE('',#1630,#7217);
#7217 = DEFINITIONAL_REPRESENTATION('',(#7218),#7222);
#7218 = LINE('',#7219,#7220);
#7219 = CARTESIAN_POINT('',(1.,0.));
#7220 = VECTOR('',#7221,1.);
#7221 = DIRECTION('',(0.,-1.));
#7222 = ( GEOMETRIC_REPRESENTATION_CONTEXT(2) 
PARAMETRIC_REPRESENTATION_CONTEXT() REPRESENTATION_CONTEXT('2D SPACE',''
  ) );
#7223 = PCURVE('',#1573,#7224);
#7224 = DEFINITIONAL_REPRESENTATION('',(#7225),#7229);
#7225 = LINE('',#7226,#7227);
#7226 = CARTESIAN_POINT('',(0.,0.));
#7227 = VECTOR('',#7228,1.);
#7228 = DIRECTION('',(0.,-1.));
#7229 = ( GEOMETRIC_REPRESENTATION_CONTEXT(2) 
PARAMETRIC_REPRESENTATION_CONTEXT() REPRESENTATION_CONTEXT('2D SPACE',''
  ) );
#7230 = ADVANCED_FACE('',(#7231),#1573,.T.);
#7231 = FACE_BOUND('',#7232,.T.);
#7232 = EDGE_LOOP('',(#7233,#7234,#7235,#7258));
#7233 = ORIENTED_EDGE('',*,*,#1539,.T.);
#7234 = ORIENTED_EDGE('',*,*,#7210,.T.);
#7235 = ORIENTED_EDGE('',*,*,#7236,.T.);
#7236 = EDGE_CURVE('',#7188,#7237,#7239,.T.);
#7237 = VERTEX_POINT('',#7238);
#7238 = CARTESIAN_POINT('',(2.320458984375,-3.07,7.881396484375));
#7239 = SURFACE_CURVE('',#7240,(#7244,#7251),.PCURVE_S1.);
#7240 = B_SPLINE_CURVE_WITH_KNOTS('',2,(#7241,#7242,#7243),
  .UNSPECIFIED.,.F.,.F.,(3,3),(0.,1.),.PIECEWISE_BEZIER_KNOTS.);
#7241 = CARTESIAN_POINT('',(1.639599609375,-3.07,7.573779296875));
#7242 = CARTESIAN_POINT('',(1.883642578125,-3.07,7.881396484375));
#7243 = CARTESIAN_POINT('',(2.320458984375,-3.07,7.881396484375));
#7244 = PCURVE('',#1573,#7245);
#7245 = DEFINITIONAL_REPRESENTATION('',(#7246),#7250);
#7246 = LINE('',#7247,#7248);
#7247 = CARTESIAN_POINT('',(0.,-0.6));
#7248 = VECTOR('',#7249,1.);
#7249 = DIRECTION('',(1.,0.));
#7250 = ( GEOMETRIC_REPRESENTATION_CONTEXT(2) 
PARAMETRIC_REPRESENTATION_CONTEXT() REPRESENTATION_CONTEXT('2D SPACE',''
  ) );
#7251 = PCURVE('',#6953,#7252);
#7252 = DEFINITIONAL_REPRESENTATION('',(#7253),#7257);
#7253 = B_SPLINE_CURVE_WITH_KNOTS('',2,(#7254,#7255,#7256),
  .UNSPECIFIED.,.F.,.F.,(3,3),(0.,1.),.PIECEWISE_BEZIER_KNOTS.);
#7254 = CARTESIAN_POINT('',(0.4716796875,2.7111328125));
#7255 = CARTESIAN_POINT('',(0.71572265625,3.01875));
#7256 = CARTESIAN_POINT('',(1.1525390625,3.01875));
#7257 = ( GEOMETRIC_REPRESENTATION_CONTEXT(2) 
PARAMETRIC_REPRESENTATION_CONTEXT() REPRESENTATION_CONTEXT('2D SPACE',''
  ) );
#7258 = ORIENTED_EDGE('',*,*,#7259,.F.);
#7259 = EDGE_CURVE('',#1483,#7237,#7260,.T.);
#7260 = SURFACE_CURVE('',#7261,(#7265,#7272),.PCURVE_S1.);
#7261 = LINE('',#7262,#7263);
#7262 = CARTESIAN_POINT('',(2.320458984375,-2.47,7.881396484375));
#7263 = VECTOR('',#7264,1.);
#7264 = DIRECTION('',(0.,-1.,0.));
#7265 = PCURVE('',#1573,#7266);
#7266 = DEFINITIONAL_REPRESENTATION('',(#7267),#7271);
#7267 = LINE('',#7268,#7269);
#7268 = CARTESIAN_POINT('',(1.,0.));
#7269 = VECTOR('',#7270,1.);
#7270 = DIRECTION('',(0.,-1.));
#7271 = ( GEOMETRIC_REPRESENTATION_CONTEXT(2) 
PARAMETRIC_REPRESENTATION_CONTEXT() REPRESENTATION_CONTEXT('2D SPACE',''
  ) );
#7272 = PCURVE('',#1516,#7273);
#7273 = DEFINITIONAL_REPRESENTATION('',(#7274),#7278);
#7274 = LINE('',#7275,#7276);
#7275 = CARTESIAN_POINT('',(0.,0.));
#7276 = VECTOR('',#7277,1.);
#7277 = DIRECTION('',(0.,-1.));
#7278 = ( GEOMETRIC_REPRESENTATION_CONTEXT(2) 
PARAMETRIC_REPRESENTATION_CONTEXT() REPRESENTATION_CONTEXT('2D SPACE',''
  ) );
#7279 = ADVANCED_FACE('',(#7280),#1516,.T.);
#7280 = FACE_BOUND('',#7281,.T.);
#7281 = EDGE_LOOP('',(#7282,#7283,#7284,#7305));
#7282 = ORIENTED_EDGE('',*,*,#1482,.T.);
#7283 = ORIENTED_EDGE('',*,*,#7259,.T.);
#7284 = ORIENTED_EDGE('',*,*,#7285,.T.);
#7285 = EDGE_CURVE('',#7237,#6915,#7286,.T.);
#7286 = SURFACE_CURVE('',#7287,(#7291,#7298),.PCURVE_S1.);
#7287 = B_SPLINE_CURVE_WITH_KNOTS('',2,(#7288,#7289,#7290),
  .UNSPECIFIED.,.F.,.F.,(3,3),(0.,1.),.PIECEWISE_BEZIER_KNOTS.);
#7288 = CARTESIAN_POINT('',(2.320458984375,-3.07,7.881396484375));
#7289 = CARTESIAN_POINT('',(2.757275390625,-3.07,7.881396484375));
#7290 = CARTESIAN_POINT('',(3.003369140625,-3.07,7.569677734375));
#7291 = PCURVE('',#1516,#7292);
#7292 = DEFINITIONAL_REPRESENTATION('',(#7293),#7297);
#7293 = LINE('',#7294,#7295);
#7294 = CARTESIAN_POINT('',(0.,-0.6));
#7295 = VECTOR('',#7296,1.);
#7296 = DIRECTION('',(1.,0.));
#7297 = ( GEOMETRIC_REPRESENTATION_CONTEXT(2) 
PARAMETRIC_REPRESENTATION_CONTEXT() REPRESENTATION_CONTEXT('2D SPACE',''
  ) );
#7298 = PCURVE('',#6953,#7299);
#7299 = DEFINITIONAL_REPRESENTATION('',(#7300),#7304);
#7300 = B_SPLINE_CURVE_WITH_KNOTS('',2,(#7301,#7302,#7303),
  .UNSPECIFIED.,.F.,.F.,(3,3),(0.,1.),.PIECEWISE_BEZIER_KNOTS.);
#7301 = CARTESIAN_POINT('',(1.1525390625,3.01875));
#7302 = CARTESIAN_POINT('',(1.58935546875,3.01875));
#7303 = CARTESIAN_POINT('',(1.83544921875,2.70703125));
#7304 = ( GEOMETRIC_REPRESENTATION_CONTEXT(2) 
PARAMETRIC_REPRESENTATION_CONTEXT() REPRESENTATION_CONTEXT('2D SPACE',''
  ) );
#7305 = ORIENTED_EDGE('',*,*,#6914,.F.);
#7306 = ADVANCED_FACE('',(#7307),#1898,.T.);
#7307 = FACE_BOUND('',#7308,.T.);
#7308 = EDGE_LOOP('',(#7309,#7310,#7333,#7361));
#7309 = ORIENTED_EDGE('',*,*,#1881,.F.);
#7310 = ORIENTED_EDGE('',*,*,#7311,.T.);
#7311 = EDGE_CURVE('',#1882,#7312,#7314,.T.);
#7312 = VERTEX_POINT('',#7313);
#7313 = CARTESIAN_POINT('',(-2.113330078125,-3.07,5.927001953125));
#7314 = SURFACE_CURVE('',#7315,(#7319,#7326),.PCURVE_S1.);
#7315 = LINE('',#7316,#7317);
#7316 = CARTESIAN_POINT('',(-2.113330078125,-2.47,5.927001953125));
#7317 = VECTOR('',#7318,1.);
#7318 = DIRECTION('',(0.,-1.,0.));
#7319 = PCURVE('',#1898,#7320);
#7320 = DEFINITIONAL_REPRESENTATION('',(#7321),#7325);
#7321 = LINE('',#7322,#7323);
#7322 = CARTESIAN_POINT('',(0.,0.));
#7323 = VECTOR('',#7324,1.);
#7324 = DIRECTION('',(0.,-1.));
#7325 = ( GEOMETRIC_REPRESENTATION_CONTEXT(2) 
PARAMETRIC_REPRESENTATION_CONTEXT() REPRESENTATION_CONTEXT('2D SPACE',''
  ) );
#7326 = PCURVE('',#1935,#7327);
#7327 = DEFINITIONAL_REPRESENTATION('',(#7328),#7332);
#7328 = LINE('',#7329,#7330);
#7329 = CARTESIAN_POINT('',(1.,0.));
#7330 = VECTOR('',#7331,1.);
#7331 = DIRECTION('',(0.,-1.));
#7332 = ( GEOMETRIC_REPRESENTATION_CONTEXT(2) 
PARAMETRIC_REPRESENTATION_CONTEXT() REPRESENTATION_CONTEXT('2D SPACE',''
  ) );
#7333 = ORIENTED_EDGE('',*,*,#7334,.T.);
#7334 = EDGE_CURVE('',#7312,#7335,#7337,.T.);
#7335 = VERTEX_POINT('',#7336);
#7336 = CARTESIAN_POINT('',(-2.113330078125,-3.07,7.869091796875));
#7337 = SURFACE_CURVE('',#7338,(#7342,#7349),.PCURVE_S1.);
#7338 = LINE('',#7339,#7340);
#7339 = CARTESIAN_POINT('',(-2.113330078125,-3.07,5.927001953125));
#7340 = VECTOR('',#7341,1.);
#7341 = DIRECTION('',(0.,0.,1.));
#7342 = PCURVE('',#1898,#7343);
#7343 = DEFINITIONAL_REPRESENTATION('',(#7344),#7348);
#7344 = LINE('',#7345,#7346);
#7345 = CARTESIAN_POINT('',(0.,-0.6));
#7346 = VECTOR('',#7347,1.);
#7347 = DIRECTION('',(1.,0.));
#7348 = ( GEOMETRIC_REPRESENTATION_CONTEXT(2) 
PARAMETRIC_REPRESENTATION_CONTEXT() REPRESENTATION_CONTEXT('2D SPACE',''
  ) );
#7349 = PCURVE('',#7350,#7355);
#7350 = PLANE('',#7351);
#7351 = AXIS2_PLACEMENT_3D('',#7352,#7353,#7354);
#7352 = CARTESIAN_POINT('',(-3.503759765625,-3.07,4.862646484375));
#7353 = DIRECTION('',(0.,-1.,0.));
#7354 = DIRECTION('',(1.,0.,0.));
#7355 = DEFINITIONAL_REPRESENTATION('',(#7356),#7360);
#7356 = LINE('',#7357,#7358);
#7357 = CARTESIAN_POINT('',(1.3904296875,1.06435546875));
#7358 = VECTOR('',#7359,1.);
#7359 = DIRECTION('',(0.,1.));
#7360 = ( GEOMETRIC_REPRESENTATION_CONTEXT(2) 
PARAMETRIC_REPRESENTATION_CONTEXT() REPRESENTATION_CONTEXT('2D SPACE',''
  ) );
#7361 = ORIENTED_EDGE('',*,*,#7362,.F.);
#7362 = EDGE_CURVE('',#1884,#7335,#7363,.T.);
#7363 = SURFACE_CURVE('',#7364,(#7368,#7375),.PCURVE_S1.);
#7364 = LINE('',#7365,#7366);
#7365 = CARTESIAN_POINT('',(-2.113330078125,-2.47,7.869091796875));
#7366 = VECTOR('',#7367,1.);
#7367 = DIRECTION('',(0.,-1.,0.));
#7368 = PCURVE('',#1898,#7369);
#7369 = DEFINITIONAL_REPRESENTATION('',(#7370),#7374);
#7370 = LINE('',#7371,#7372);
#7371 = CARTESIAN_POINT('',(1.94208984375,0.));
#7372 = VECTOR('',#7373,1.);
#7373 = DIRECTION('',(0.,-1.));
#7374 = ( GEOMETRIC_REPRESENTATION_CONTEXT(2) 
PARAMETRIC_REPRESENTATION_CONTEXT() REPRESENTATION_CONTEXT('2D SPACE',''
  ) );
#7375 = PCURVE('',#2421,#7376);
#7376 = DEFINITIONAL_REPRESENTATION('',(#7377),#7381);
#7377 = LINE('',#7378,#7379);
#7378 = CARTESIAN_POINT('',(0.,0.));
#7379 = VECTOR('',#7380,1.);
#7380 = DIRECTION('',(0.,-1.));
#7381 = ( GEOMETRIC_REPRESENTATION_CONTEXT(2) 
PARAMETRIC_REPRESENTATION_CONTEXT() REPRESENTATION_CONTEXT('2D SPACE',''
  ) );
#7382 = ADVANCED_FACE('',(#7383),#2421,.T.);
#7383 = FACE_BOUND('',#7384,.T.);
#7384 = EDGE_LOOP('',(#7385,#7386,#7387,#7410));
#7385 = ORIENTED_EDGE('',*,*,#2408,.F.);
#7386 = ORIENTED_EDGE('',*,*,#7362,.T.);
#7387 = ORIENTED_EDGE('',*,*,#7388,.T.);
#7388 = EDGE_CURVE('',#7335,#7389,#7391,.T.);
#7389 = VERTEX_POINT('',#7390);
#7390 = CARTESIAN_POINT('',(-1.508349609375,-3.07,7.869091796875));
#7391 = SURFACE_CURVE('',#7392,(#7396,#7403),.PCURVE_S1.);
#7392 = LINE('',#7393,#7394);
#7393 = CARTESIAN_POINT('',(-2.113330078125,-3.07,7.869091796875));
#7394 = VECTOR('',#7395,1.);
#7395 = DIRECTION('',(1.,0.,0.));
#7396 = PCURVE('',#2421,#7397);
#7397 = DEFINITIONAL_REPRESENTATION('',(#7398),#7402);
#7398 = LINE('',#7399,#7400);
#7399 = CARTESIAN_POINT('',(0.,-0.6));
#7400 = VECTOR('',#7401,1.);
#7401 = DIRECTION('',(1.,0.));
#7402 = ( GEOMETRIC_REPRESENTATION_CONTEXT(2) 
PARAMETRIC_REPRESENTATION_CONTEXT() REPRESENTATION_CONTEXT('2D SPACE',''
  ) );
#7403 = PCURVE('',#7350,#7404);
#7404 = DEFINITIONAL_REPRESENTATION('',(#7405),#7409);
#7405 = LINE('',#7406,#7407);
#7406 = CARTESIAN_POINT('',(1.3904296875,3.0064453125));
#7407 = VECTOR('',#7408,1.);
#7408 = DIRECTION('',(1.,0.));
#7409 = ( GEOMETRIC_REPRESENTATION_CONTEXT(2) 
PARAMETRIC_REPRESENTATION_CONTEXT() REPRESENTATION_CONTEXT('2D SPACE',''
  ) );
#7410 = ORIENTED_EDGE('',*,*,#7411,.F.);
#7411 = EDGE_CURVE('',#2383,#7389,#7412,.T.);
#7412 = SURFACE_CURVE('',#7413,(#7417,#7424),.PCURVE_S1.);
#7413 = LINE('',#7414,#7415);
#7414 = CARTESIAN_POINT('',(-1.508349609375,-2.47,7.869091796875));
#7415 = VECTOR('',#7416,1.);
#7416 = DIRECTION('',(0.,-1.,0.));
#7417 = PCURVE('',#2421,#7418);
#7418 = DEFINITIONAL_REPRESENTATION('',(#7419),#7423);
#7419 = LINE('',#7420,#7421);
#7420 = CARTESIAN_POINT('',(0.60498046875,0.));
#7421 = VECTOR('',#7422,1.);
#7422 = DIRECTION('',(0.,-1.));
#7423 = ( GEOMETRIC_REPRESENTATION_CONTEXT(2) 
PARAMETRIC_REPRESENTATION_CONTEXT() REPRESENTATION_CONTEXT('2D SPACE',''
  ) );
#7424 = PCURVE('',#2397,#7425);
#7425 = DEFINITIONAL_REPRESENTATION('',(#7426),#7430);
#7426 = LINE('',#7427,#7428);
#7427 = CARTESIAN_POINT('',(0.,0.));
#7428 = VECTOR('',#7429,1.);
#7429 = DIRECTION('',(0.,-1.));
#7430 = ( GEOMETRIC_REPRESENTATION_CONTEXT(2) 
PARAMETRIC_REPRESENTATION_CONTEXT() REPRESENTATION_CONTEXT('2D SPACE',''
  ) );
#7431 = ADVANCED_FACE('',(#7432),#2397,.T.);
#7432 = FACE_BOUND('',#7433,.T.);
#7433 = EDGE_LOOP('',(#7434,#7435,#7436,#7459));
#7434 = ORIENTED_EDGE('',*,*,#2382,.F.);
#7435 = ORIENTED_EDGE('',*,*,#7411,.T.);
#7436 = ORIENTED_EDGE('',*,*,#7437,.T.);
#7437 = EDGE_CURVE('',#7389,#7438,#7440,.T.);
#7438 = VERTEX_POINT('',#7439);
#7439 = CARTESIAN_POINT('',(-1.508349609375,-3.07,5.965966796875));
#7440 = SURFACE_CURVE('',#7441,(#7445,#7452),.PCURVE_S1.);
#7441 = LINE('',#7442,#7443);
#7442 = CARTESIAN_POINT('',(-1.508349609375,-3.07,7.869091796875));
#7443 = VECTOR('',#7444,1.);
#7444 = DIRECTION('',(0.,0.,-1.));
#7445 = PCURVE('',#2397,#7446);
#7446 = DEFINITIONAL_REPRESENTATION('',(#7447),#7451);
#7447 = LINE('',#7448,#7449);
#7448 = CARTESIAN_POINT('',(0.,-0.6));
#7449 = VECTOR('',#7450,1.);
#7450 = DIRECTION('',(1.,0.));
#7451 = ( GEOMETRIC_REPRESENTATION_CONTEXT(2) 
PARAMETRIC_REPRESENTATION_CONTEXT() REPRESENTATION_CONTEXT('2D SPACE',''
  ) );
#7452 = PCURVE('',#7350,#7453);
#7453 = DEFINITIONAL_REPRESENTATION('',(#7454),#7458);
#7454 = LINE('',#7455,#7456);
#7455 = CARTESIAN_POINT('',(1.99541015625,3.0064453125));
#7456 = VECTOR('',#7457,1.);
#7457 = DIRECTION('',(0.,-1.));
#7458 = ( GEOMETRIC_REPRESENTATION_CONTEXT(2) 
PARAMETRIC_REPRESENTATION_CONTEXT() REPRESENTATION_CONTEXT('2D SPACE',''
  ) );
#7459 = ORIENTED_EDGE('',*,*,#7460,.F.);
#7460 = EDGE_CURVE('',#2341,#7438,#7461,.T.);
#7461 = SURFACE_CURVE('',#7462,(#7466,#7473),.PCURVE_S1.);
#7462 = LINE('',#7463,#7464);
#7463 = CARTESIAN_POINT('',(-1.508349609375,-2.47,5.965966796875));
#7464 = VECTOR('',#7465,1.);
#7465 = DIRECTION('',(0.,-1.,0.));
#7466 = PCURVE('',#2397,#7467);
#7467 = DEFINITIONAL_REPRESENTATION('',(#7468),#7472);
#7468 = LINE('',#7469,#7470);
#7469 = CARTESIAN_POINT('',(1.903125,0.));
#7470 = VECTOR('',#7471,1.);
#7471 = DIRECTION('',(0.,-1.));
#7472 = ( GEOMETRIC_REPRESENTATION_CONTEXT(2) 
PARAMETRIC_REPRESENTATION_CONTEXT() REPRESENTATION_CONTEXT('2D SPACE',''
  ) );
#7473 = PCURVE('',#2364,#7474);
#7474 = DEFINITIONAL_REPRESENTATION('',(#7475),#7479);
#7475 = LINE('',#7476,#7477);
#7476 = CARTESIAN_POINT('',(0.,0.));
#7477 = VECTOR('',#7478,1.);
#7478 = DIRECTION('',(0.,-1.));
#7479 = ( GEOMETRIC_REPRESENTATION_CONTEXT(2) 
PARAMETRIC_REPRESENTATION_CONTEXT() REPRESENTATION_CONTEXT('2D SPACE',''
  ) );
#7480 = ADVANCED_FACE('',(#7481),#2364,.T.);
#7481 = FACE_BOUND('',#7482,.T.);
#7482 = EDGE_LOOP('',(#7483,#7484,#7485,#7508));
#7483 = ORIENTED_EDGE('',*,*,#2340,.T.);
#7484 = ORIENTED_EDGE('',*,*,#7460,.T.);
#7485 = ORIENTED_EDGE('',*,*,#7486,.T.);
#7486 = EDGE_CURVE('',#7438,#7487,#7489,.T.);
#7487 = VERTEX_POINT('',#7488);
#7488 = CARTESIAN_POINT('',(-1.573974609375,-3.07,5.391748046875));
#7489 = SURFACE_CURVE('',#7490,(#7494,#7501),.PCURVE_S1.);
#7490 = B_SPLINE_CURVE_WITH_KNOTS('',2,(#7491,#7492,#7493),
  .UNSPECIFIED.,.F.,.F.,(3,3),(0.,1.),.PIECEWISE_BEZIER_KNOTS.);
#7491 = CARTESIAN_POINT('',(-1.508349609375,-3.07,5.965966796875));
#7492 = CARTESIAN_POINT('',(-1.508349609375,-3.07,5.592724609375));
#7493 = CARTESIAN_POINT('',(-1.573974609375,-3.07,5.391748046875));
#7494 = PCURVE('',#2364,#7495);
#7495 = DEFINITIONAL_REPRESENTATION('',(#7496),#7500);
#7496 = LINE('',#7497,#7498);
#7497 = CARTESIAN_POINT('',(0.,-0.6));
#7498 = VECTOR('',#7499,1.);
#7499 = DIRECTION('',(1.,0.));
#7500 = ( GEOMETRIC_REPRESENTATION_CONTEXT(2) 
PARAMETRIC_REPRESENTATION_CONTEXT() REPRESENTATION_CONTEXT('2D SPACE',''
  ) );
#7501 = PCURVE('',#7350,#7502);
#7502 = DEFINITIONAL_REPRESENTATION('',(#7503),#7507);
#7503 = B_SPLINE_CURVE_WITH_KNOTS('',2,(#7504,#7505,#7506),
  .UNSPECIFIED.,.F.,.F.,(3,3),(0.,1.),.PIECEWISE_BEZIER_KNOTS.);
#7504 = CARTESIAN_POINT('',(1.99541015625,1.1033203125));
#7505 = CARTESIAN_POINT('',(1.99541015625,0.730078125));
#7506 = CARTESIAN_POINT('',(1.92978515625,0.5291015625));
#7507 = ( GEOMETRIC_REPRESENTATION_CONTEXT(2) 
PARAMETRIC_REPRESENTATION_CONTEXT() REPRESENTATION_CONTEXT('2D SPACE',''
  ) );
#7508 = ORIENTED_EDGE('',*,*,#7509,.F.);
#7509 = EDGE_CURVE('',#2290,#7487,#7510,.T.);
#7510 = SURFACE_CURVE('',#7511,(#7515,#7522),.PCURVE_S1.);
#7511 = LINE('',#7512,#7513);
#7512 = CARTESIAN_POINT('',(-1.573974609375,-2.47,5.391748046875));
#7513 = VECTOR('',#7514,1.);
#7514 = DIRECTION('',(0.,-1.,0.));
#7515 = PCURVE('',#2364,#7516);
#7516 = DEFINITIONAL_REPRESENTATION('',(#7517),#7521);
#7517 = LINE('',#7518,#7519);
#7518 = CARTESIAN_POINT('',(1.,0.));
#7519 = VECTOR('',#7520,1.);
#7520 = DIRECTION('',(0.,-1.));
#7521 = ( GEOMETRIC_REPRESENTATION_CONTEXT(2) 
PARAMETRIC_REPRESENTATION_CONTEXT() REPRESENTATION_CONTEXT('2D SPACE',''
  ) );
#7522 = PCURVE('',#2319,#7523);
#7523 = DEFINITIONAL_REPRESENTATION('',(#7524),#7528);
#7524 = LINE('',#7525,#7526);
#7525 = CARTESIAN_POINT('',(0.,0.));
#7526 = VECTOR('',#7527,1.);
#7527 = DIRECTION('',(0.,-1.));
#7528 = ( GEOMETRIC_REPRESENTATION_CONTEXT(2) 
PARAMETRIC_REPRESENTATION_CONTEXT() REPRESENTATION_CONTEXT('2D SPACE',''
  ) );
#7529 = ADVANCED_FACE('',(#7530),#2319,.T.);
#7530 = FACE_BOUND('',#7531,.T.);
#7531 = EDGE_LOOP('',(#7532,#7533,#7534,#7557));
#7532 = ORIENTED_EDGE('',*,*,#2289,.T.);
#7533 = ORIENTED_EDGE('',*,*,#7509,.T.);
#7534 = ORIENTED_EDGE('',*,*,#7535,.T.);
#7535 = EDGE_CURVE('',#7487,#7536,#7538,.T.);
#7536 = VERTEX_POINT('',#7537);
#7537 = CARTESIAN_POINT('',(-1.893896484375,-3.07,4.9703125));
#7538 = SURFACE_CURVE('',#7539,(#7543,#7550),.PCURVE_S1.);
#7539 = B_SPLINE_CURVE_WITH_KNOTS('',2,(#7540,#7541,#7542),
  .UNSPECIFIED.,.F.,.F.,(3,3),(0.,1.),.PIECEWISE_BEZIER_KNOTS.);
#7540 = CARTESIAN_POINT('',(-1.573974609375,-3.07,5.391748046875));
#7541 = CARTESIAN_POINT('',(-1.662158203125,-3.07,5.129248046875));
#7542 = CARTESIAN_POINT('',(-1.893896484375,-3.07,4.9703125));
#7543 = PCURVE('',#2319,#7544);
#7544 = DEFINITIONAL_REPRESENTATION('',(#7545),#7549);
#7545 = LINE('',#7546,#7547);
#7546 = CARTESIAN_POINT('',(0.,-0.6));
#7547 = VECTOR('',#7548,1.);
#7548 = DIRECTION('',(1.,0.));
#7549 = ( GEOMETRIC_REPRESENTATION_CONTEXT(2) 
PARAMETRIC_REPRESENTATION_CONTEXT() REPRESENTATION_CONTEXT('2D SPACE',''
  ) );
#7550 = PCURVE('',#7350,#7551);
#7551 = DEFINITIONAL_REPRESENTATION('',(#7552),#7556);
#7552 = B_SPLINE_CURVE_WITH_KNOTS('',2,(#7553,#7554,#7555),
  .UNSPECIFIED.,.F.,.F.,(3,3),(0.,1.),.PIECEWISE_BEZIER_KNOTS.);
#7553 = CARTESIAN_POINT('',(1.92978515625,0.5291015625));
#7554 = CARTESIAN_POINT('',(1.8416015625,0.2666015625));
#7555 = CARTESIAN_POINT('',(1.60986328125,0.107666015625));
#7556 = ( GEOMETRIC_REPRESENTATION_CONTEXT(2) 
PARAMETRIC_REPRESENTATION_CONTEXT() REPRESENTATION_CONTEXT('2D SPACE',''
  ) );
#7557 = ORIENTED_EDGE('',*,*,#7558,.F.);
#7558 = EDGE_CURVE('',#2239,#7536,#7559,.T.);
#7559 = SURFACE_CURVE('',#7560,(#7564,#7571),.PCURVE_S1.);
#7560 = LINE('',#7561,#7562);
#7561 = CARTESIAN_POINT('',(-1.893896484375,-2.47,4.9703125));
#7562 = VECTOR('',#7563,1.);
#7563 = DIRECTION('',(0.,-1.,0.));
#7564 = PCURVE('',#2319,#7565);
#7565 = DEFINITIONAL_REPRESENTATION('',(#7566),#7570);
#7566 = LINE('',#7567,#7568);
#7567 = CARTESIAN_POINT('',(1.,0.));
#7568 = VECTOR('',#7569,1.);
#7569 = DIRECTION('',(0.,-1.));
#7570 = ( GEOMETRIC_REPRESENTATION_CONTEXT(2) 
PARAMETRIC_REPRESENTATION_CONTEXT() REPRESENTATION_CONTEXT('2D SPACE',''
  ) );
#7571 = PCURVE('',#2268,#7572);
#7572 = DEFINITIONAL_REPRESENTATION('',(#7573),#7577);
#7573 = LINE('',#7574,#7575);
#7574 = CARTESIAN_POINT('',(0.,0.));
#7575 = VECTOR('',#7576,1.);
#7576 = DIRECTION('',(0.,-1.));
#7577 = ( GEOMETRIC_REPRESENTATION_CONTEXT(2) 
PARAMETRIC_REPRESENTATION_CONTEXT() REPRESENTATION_CONTEXT('2D SPACE',''
  ) );
#7578 = ADVANCED_FACE('',(#7579),#2268,.T.);
#7579 = FACE_BOUND('',#7580,.T.);
#7580 = EDGE_LOOP('',(#7581,#7582,#7583,#7606));
#7581 = ORIENTED_EDGE('',*,*,#2238,.T.);
#7582 = ORIENTED_EDGE('',*,*,#7558,.T.);
#7583 = ORIENTED_EDGE('',*,*,#7584,.T.);
#7584 = EDGE_CURVE('',#7536,#7585,#7587,.T.);
#7585 = VERTEX_POINT('',#7586);
#7586 = CARTESIAN_POINT('',(-2.505029296875,-3.07,4.811376953125));
#7587 = SURFACE_CURVE('',#7588,(#7592,#7599),.PCURVE_S1.);
#7588 = B_SPLINE_CURVE_WITH_KNOTS('',2,(#7589,#7590,#7591),
  .UNSPECIFIED.,.F.,.F.,(3,3),(0.,1.),.PIECEWISE_BEZIER_KNOTS.);
#7589 = CARTESIAN_POINT('',(-1.893896484375,-3.07,4.9703125));
#7590 = CARTESIAN_POINT('',(-2.125634765625,-3.07,4.811376953125));
#7591 = CARTESIAN_POINT('',(-2.505029296875,-3.07,4.811376953125));
#7592 = PCURVE('',#2268,#7593);
#7593 = DEFINITIONAL_REPRESENTATION('',(#7594),#7598);
#7594 = LINE('',#7595,#7596);
#7595 = CARTESIAN_POINT('',(0.,-0.6));
#7596 = VECTOR('',#7597,1.);
#7597 = DIRECTION('',(1.,0.));
#7598 = ( GEOMETRIC_REPRESENTATION_CONTEXT(2) 
PARAMETRIC_REPRESENTATION_CONTEXT() REPRESENTATION_CONTEXT('2D SPACE',''
  ) );
#7599 = PCURVE('',#7350,#7600);
#7600 = DEFINITIONAL_REPRESENTATION('',(#7601),#7605);
#7601 = B_SPLINE_CURVE_WITH_KNOTS('',2,(#7602,#7603,#7604),
  .UNSPECIFIED.,.F.,.F.,(3,3),(0.,1.),.PIECEWISE_BEZIER_KNOTS.);
#7602 = CARTESIAN_POINT('',(1.60986328125,0.107666015625));
#7603 = CARTESIAN_POINT('',(1.378125,-5.126953125E-02));
#7604 = CARTESIAN_POINT('',(0.99873046875,-5.126953125E-02));
#7605 = ( GEOMETRIC_REPRESENTATION_CONTEXT(2) 
PARAMETRIC_REPRESENTATION_CONTEXT() REPRESENTATION_CONTEXT('2D SPACE',''
  ) );
#7606 = ORIENTED_EDGE('',*,*,#7607,.F.);
#7607 = EDGE_CURVE('',#2182,#7585,#7608,.T.);
#7608 = SURFACE_CURVE('',#7609,(#7613,#7620),.PCURVE_S1.);
#7609 = LINE('',#7610,#7611);
#7610 = CARTESIAN_POINT('',(-2.505029296875,-2.47,4.811376953125));
#7611 = VECTOR('',#7612,1.);
#7612 = DIRECTION('',(0.,-1.,0.));
#7613 = PCURVE('',#2268,#7614);
#7614 = DEFINITIONAL_REPRESENTATION('',(#7615),#7619);
#7615 = LINE('',#7616,#7617);
#7616 = CARTESIAN_POINT('',(1.,0.));
#7617 = VECTOR('',#7618,1.);
#7618 = DIRECTION('',(0.,-1.));
#7619 = ( GEOMETRIC_REPRESENTATION_CONTEXT(2) 
PARAMETRIC_REPRESENTATION_CONTEXT() REPRESENTATION_CONTEXT('2D SPACE',''
  ) );
#7620 = PCURVE('',#2215,#7621);
#7621 = DEFINITIONAL_REPRESENTATION('',(#7622),#7626);
#7622 = LINE('',#7623,#7624);
#7623 = CARTESIAN_POINT('',(0.,0.));
#7624 = VECTOR('',#7625,1.);
#7625 = DIRECTION('',(0.,-1.));
#7626 = ( GEOMETRIC_REPRESENTATION_CONTEXT(2) 
PARAMETRIC_REPRESENTATION_CONTEXT() REPRESENTATION_CONTEXT('2D SPACE',''
  ) );
#7627 = ADVANCED_FACE('',(#7628),#2215,.T.);
#7628 = FACE_BOUND('',#7629,.T.);
#7629 = EDGE_LOOP('',(#7630,#7631,#7632,#7655));
#7630 = ORIENTED_EDGE('',*,*,#2181,.T.);
#7631 = ORIENTED_EDGE('',*,*,#7607,.T.);
#7632 = ORIENTED_EDGE('',*,*,#7633,.T.);
#7633 = EDGE_CURVE('',#7585,#7634,#7636,.T.);
#7634 = VERTEX_POINT('',#7635);
#7635 = CARTESIAN_POINT('',(-3.189990234375,-3.07,5.060546875));
#7636 = SURFACE_CURVE('',#7637,(#7641,#7648),.PCURVE_S1.);
#7637 = B_SPLINE_CURVE_WITH_KNOTS('',2,(#7638,#7639,#7640),
  .UNSPECIFIED.,.F.,.F.,(3,3),(0.,1.),.PIECEWISE_BEZIER_KNOTS.);
#7638 = CARTESIAN_POINT('',(-2.505029296875,-3.07,4.811376953125));
#7639 = CARTESIAN_POINT('',(-2.950048828125,-3.07,4.811376953125));
#7640 = CARTESIAN_POINT('',(-3.189990234375,-3.07,5.060546875));
#7641 = PCURVE('',#2215,#7642);
#7642 = DEFINITIONAL_REPRESENTATION('',(#7643),#7647);
#7643 = LINE('',#7644,#7645);
#7644 = CARTESIAN_POINT('',(0.,-0.6));
#7645 = VECTOR('',#7646,1.);
#7646 = DIRECTION('',(1.,0.));
#7647 = ( GEOMETRIC_REPRESENTATION_CONTEXT(2) 
PARAMETRIC_REPRESENTATION_CONTEXT() REPRESENTATION_CONTEXT('2D SPACE',''
  ) );
#7648 = PCURVE('',#7350,#7649);
#7649 = DEFINITIONAL_REPRESENTATION('',(#7650),#7654);
#7650 = B_SPLINE_CURVE_WITH_KNOTS('',2,(#7651,#7652,#7653),
  .UNSPECIFIED.,.F.,.F.,(3,3),(0.,1.),.PIECEWISE_BEZIER_KNOTS.);
#7651 = CARTESIAN_POINT('',(0.99873046875,-5.126953125E-02));
#7652 = CARTESIAN_POINT('',(0.5537109375,-5.126953125E-02));
#7653 = CARTESIAN_POINT('',(0.31376953125,0.197900390625));
#7654 = ( GEOMETRIC_REPRESENTATION_CONTEXT(2) 
PARAMETRIC_REPRESENTATION_CONTEXT() REPRESENTATION_CONTEXT('2D SPACE',''
  ) );
#7655 = ORIENTED_EDGE('',*,*,#7656,.F.);
#7656 = EDGE_CURVE('',#2125,#7634,#7657,.T.);
#7657 = SURFACE_CURVE('',#7658,(#7662,#7669),.PCURVE_S1.);
#7658 = LINE('',#7659,#7660);
#7659 = CARTESIAN_POINT('',(-3.189990234375,-2.47,5.060546875));
#7660 = VECTOR('',#7661,1.);
#7661 = DIRECTION('',(0.,-1.,0.));
#7662 = PCURVE('',#2215,#7663);
#7663 = DEFINITIONAL_REPRESENTATION('',(#7664),#7668);
#7664 = LINE('',#7665,#7666);
#7665 = CARTESIAN_POINT('',(1.,0.));
#7666 = VECTOR('',#7667,1.);
#7667 = DIRECTION('',(0.,-1.));
#7668 = ( GEOMETRIC_REPRESENTATION_CONTEXT(2) 
PARAMETRIC_REPRESENTATION_CONTEXT() REPRESENTATION_CONTEXT('2D SPACE',''
  ) );
#7669 = PCURVE('',#2158,#7670);
#7670 = DEFINITIONAL_REPRESENTATION('',(#7671),#7675);
#7671 = LINE('',#7672,#7673);
#7672 = CARTESIAN_POINT('',(0.,0.));
#7673 = VECTOR('',#7674,1.);
#7674 = DIRECTION('',(0.,-1.));
#7675 = ( GEOMETRIC_REPRESENTATION_CONTEXT(2) 
PARAMETRIC_REPRESENTATION_CONTEXT() REPRESENTATION_CONTEXT('2D SPACE',''
  ) );
#7676 = ADVANCED_FACE('',(#7677),#2158,.T.);
#7677 = FACE_BOUND('',#7678,.T.);
#7678 = EDGE_LOOP('',(#7679,#7680,#7681,#7704));
#7679 = ORIENTED_EDGE('',*,*,#2124,.T.);
#7680 = ORIENTED_EDGE('',*,*,#7656,.T.);
#7681 = ORIENTED_EDGE('',*,*,#7682,.T.);
#7682 = EDGE_CURVE('',#7634,#7683,#7685,.T.);
#7683 = VERTEX_POINT('',#7684);
#7684 = CARTESIAN_POINT('',(-3.431982421875,-3.07,5.791650390625));
#7685 = SURFACE_CURVE('',#7686,(#7690,#7697),.PCURVE_S1.);
#7686 = B_SPLINE_CURVE_WITH_KNOTS('',2,(#7687,#7688,#7689),
  .UNSPECIFIED.,.F.,.F.,(3,3),(0.,1.),.PIECEWISE_BEZIER_KNOTS.);
#7687 = CARTESIAN_POINT('',(-3.189990234375,-3.07,5.060546875));
#7688 = CARTESIAN_POINT('',(-3.429931640625,-3.07,5.309716796875));
#7689 = CARTESIAN_POINT('',(-3.431982421875,-3.07,5.791650390625));
#7690 = PCURVE('',#2158,#7691);
#7691 = DEFINITIONAL_REPRESENTATION('',(#7692),#7696);
#7692 = LINE('',#7693,#7694);
#7693 = CARTESIAN_POINT('',(0.,-0.6));
#7694 = VECTOR('',#7695,1.);
#7695 = DIRECTION('',(1.,0.));
#7696 = ( GEOMETRIC_REPRESENTATION_CONTEXT(2) 
PARAMETRIC_REPRESENTATION_CONTEXT() REPRESENTATION_CONTEXT('2D SPACE',''
  ) );
#7697 = PCURVE('',#7350,#7698);
#7698 = DEFINITIONAL_REPRESENTATION('',(#7699),#7703);
#7699 = B_SPLINE_CURVE_WITH_KNOTS('',2,(#7700,#7701,#7702),
  .UNSPECIFIED.,.F.,.F.,(3,3),(0.,1.),.PIECEWISE_BEZIER_KNOTS.);
#7700 = CARTESIAN_POINT('',(0.31376953125,0.197900390625));
#7701 = CARTESIAN_POINT('',(7.3828125E-02,0.4470703125));
#7702 = CARTESIAN_POINT('',(7.177734375E-02,0.92900390625));
#7703 = ( GEOMETRIC_REPRESENTATION_CONTEXT(2) 
PARAMETRIC_REPRESENTATION_CONTEXT() REPRESENTATION_CONTEXT('2D SPACE',''
  ) );
#7704 = ORIENTED_EDGE('',*,*,#7705,.F.);
#7705 = EDGE_CURVE('',#2099,#7683,#7706,.T.);
#7706 = SURFACE_CURVE('',#7707,(#7711,#7718),.PCURVE_S1.);
#7707 = LINE('',#7708,#7709);
#7708 = CARTESIAN_POINT('',(-3.431982421875,-2.47,5.791650390625));
#7709 = VECTOR('',#7710,1.);
#7710 = DIRECTION('',(0.,-1.,0.));
#7711 = PCURVE('',#2158,#7712);
#7712 = DEFINITIONAL_REPRESENTATION('',(#7713),#7717);
#7713 = LINE('',#7714,#7715);
#7714 = CARTESIAN_POINT('',(1.,0.));
#7715 = VECTOR('',#7716,1.);
#7716 = DIRECTION('',(0.,-1.));
#7717 = ( GEOMETRIC_REPRESENTATION_CONTEXT(2) 
PARAMETRIC_REPRESENTATION_CONTEXT() REPRESENTATION_CONTEXT('2D SPACE',''
  ) );
#7718 = PCURVE('',#2113,#7719);
#7719 = DEFINITIONAL_REPRESENTATION('',(#7720),#7724);
#7720 = LINE('',#7721,#7722);
#7721 = CARTESIAN_POINT('',(0.,0.));
#7722 = VECTOR('',#7723,1.);
#7723 = DIRECTION('',(0.,-1.));
#7724 = ( GEOMETRIC_REPRESENTATION_CONTEXT(2) 
PARAMETRIC_REPRESENTATION_CONTEXT() REPRESENTATION_CONTEXT('2D SPACE',''
  ) );
#7725 = ADVANCED_FACE('',(#7726),#2113,.T.);
#7726 = FACE_BOUND('',#7727,.T.);
#7727 = EDGE_LOOP('',(#7728,#7729,#7730,#7753));
#7728 = ORIENTED_EDGE('',*,*,#2098,.F.);
#7729 = ORIENTED_EDGE('',*,*,#7705,.T.);
#7730 = ORIENTED_EDGE('',*,*,#7731,.T.);
#7731 = EDGE_CURVE('',#7683,#7732,#7734,.T.);
#7732 = VERTEX_POINT('',#7733);
#7733 = CARTESIAN_POINT('',(-2.859814453125,-3.07,5.857275390625));
#7734 = SURFACE_CURVE('',#7735,(#7739,#7746),.PCURVE_S1.);
#7735 = LINE('',#7736,#7737);
#7736 = CARTESIAN_POINT('',(-3.431982421875,-3.07,5.791650390625));
#7737 = VECTOR('',#7738,1.);
#7738 = DIRECTION('',(0.993486681577,0.,0.113948293227));
#7739 = PCURVE('',#2113,#7740);
#7740 = DEFINITIONAL_REPRESENTATION('',(#7741),#7745);
#7741 = LINE('',#7742,#7743);
#7742 = CARTESIAN_POINT('',(0.,-0.6));
#7743 = VECTOR('',#7744,1.);
#7744 = DIRECTION('',(1.,0.));
#7745 = ( GEOMETRIC_REPRESENTATION_CONTEXT(2) 
PARAMETRIC_REPRESENTATION_CONTEXT() REPRESENTATION_CONTEXT('2D SPACE',''
  ) );
#7746 = PCURVE('',#7350,#7747);
#7747 = DEFINITIONAL_REPRESENTATION('',(#7748),#7752);
#7748 = LINE('',#7749,#7750);
#7749 = CARTESIAN_POINT('',(7.177734375E-02,0.92900390625));
#7750 = VECTOR('',#7751,1.);
#7751 = DIRECTION('',(0.993486681577,0.113948293227));
#7752 = ( GEOMETRIC_REPRESENTATION_CONTEXT(2) 
PARAMETRIC_REPRESENTATION_CONTEXT() REPRESENTATION_CONTEXT('2D SPACE',''
  ) );
#7753 = ORIENTED_EDGE('',*,*,#7754,.F.);
#7754 = EDGE_CURVE('',#2057,#7732,#7755,.T.);
#7755 = SURFACE_CURVE('',#7756,(#7760,#7767),.PCURVE_S1.);
#7756 = LINE('',#7757,#7758);
#7757 = CARTESIAN_POINT('',(-2.859814453125,-2.47,5.857275390625));
#7758 = VECTOR('',#7759,1.);
#7759 = DIRECTION('',(0.,-1.,0.));
#7760 = PCURVE('',#2113,#7761);
#7761 = DEFINITIONAL_REPRESENTATION('',(#7762),#7766);
#7762 = LINE('',#7763,#7764);
#7763 = CARTESIAN_POINT('',(0.575919113321,0.));
#7764 = VECTOR('',#7765,1.);
#7765 = DIRECTION('',(0.,-1.));
#7766 = ( GEOMETRIC_REPRESENTATION_CONTEXT(2) 
PARAMETRIC_REPRESENTATION_CONTEXT() REPRESENTATION_CONTEXT('2D SPACE',''
  ) );
#7767 = PCURVE('',#2080,#7768);
#7768 = DEFINITIONAL_REPRESENTATION('',(#7769),#7773);
#7769 = LINE('',#7770,#7771);
#7770 = CARTESIAN_POINT('',(0.,0.));
#7771 = VECTOR('',#7772,1.);
#7772 = DIRECTION('',(0.,-1.));
#7773 = ( GEOMETRIC_REPRESENTATION_CONTEXT(2) 
PARAMETRIC_REPRESENTATION_CONTEXT() REPRESENTATION_CONTEXT('2D SPACE',''
  ) );
#7774 = ADVANCED_FACE('',(#7775),#2080,.T.);
#7775 = FACE_BOUND('',#7776,.T.);
#7776 = EDGE_LOOP('',(#7777,#7778,#7779,#7802));
#7777 = ORIENTED_EDGE('',*,*,#2056,.T.);
#7778 = ORIENTED_EDGE('',*,*,#7754,.T.);
#7779 = ORIENTED_EDGE('',*,*,#7780,.T.);
#7780 = EDGE_CURVE('',#7732,#7781,#7783,.T.);
#7781 = VERTEX_POINT('',#7782);
#7782 = CARTESIAN_POINT('',(-2.783935546875,-3.07,5.492236328125));
#7783 = SURFACE_CURVE('',#7784,(#7788,#7795),.PCURVE_S1.);
#7784 = B_SPLINE_CURVE_WITH_KNOTS('',2,(#7785,#7786,#7787),
  .UNSPECIFIED.,.F.,.F.,(3,3),(0.,1.),.PIECEWISE_BEZIER_KNOTS.);
#7785 = CARTESIAN_POINT('',(-2.859814453125,-3.07,5.857275390625));
#7786 = CARTESIAN_POINT('',(-2.849560546875,-3.07,5.598876953125));
#7787 = CARTESIAN_POINT('',(-2.783935546875,-3.07,5.492236328125));
#7788 = PCURVE('',#2080,#7789);
#7789 = DEFINITIONAL_REPRESENTATION('',(#7790),#7794);
#7790 = LINE('',#7791,#7792);
#7791 = CARTESIAN_POINT('',(0.,-0.6));
#7792 = VECTOR('',#7793,1.);
#7793 = DIRECTION('',(1.,0.));
#7794 = ( GEOMETRIC_REPRESENTATION_CONTEXT(2) 
PARAMETRIC_REPRESENTATION_CONTEXT() REPRESENTATION_CONTEXT('2D SPACE',''
  ) );
#7795 = PCURVE('',#7350,#7796);
#7796 = DEFINITIONAL_REPRESENTATION('',(#7797),#7801);
#7797 = B_SPLINE_CURVE_WITH_KNOTS('',2,(#7798,#7799,#7800),
  .UNSPECIFIED.,.F.,.F.,(3,3),(0.,1.),.PIECEWISE_BEZIER_KNOTS.);
#7798 = CARTESIAN_POINT('',(0.6439453125,0.99462890625));
#7799 = CARTESIAN_POINT('',(0.65419921875,0.73623046875));
#7800 = CARTESIAN_POINT('',(0.71982421875,0.62958984375));
#7801 = ( GEOMETRIC_REPRESENTATION_CONTEXT(2) 
PARAMETRIC_REPRESENTATION_CONTEXT() REPRESENTATION_CONTEXT('2D SPACE',''
  ) );
#7802 = ORIENTED_EDGE('',*,*,#7803,.F.);
#7803 = EDGE_CURVE('',#2006,#7781,#7804,.T.);
#7804 = SURFACE_CURVE('',#7805,(#7809,#7816),.PCURVE_S1.);
#7805 = LINE('',#7806,#7807);
#7806 = CARTESIAN_POINT('',(-2.783935546875,-2.47,5.492236328125));
#7807 = VECTOR('',#7808,1.);
#7808 = DIRECTION('',(0.,-1.,0.));
#7809 = PCURVE('',#2080,#7810);
#7810 = DEFINITIONAL_REPRESENTATION('',(#7811),#7815);
#7811 = LINE('',#7812,#7813);
#7812 = CARTESIAN_POINT('',(1.,0.));
#7813 = VECTOR('',#7814,1.);
#7814 = DIRECTION('',(0.,-1.));
#7815 = ( GEOMETRIC_REPRESENTATION_CONTEXT(2) 
PARAMETRIC_REPRESENTATION_CONTEXT() REPRESENTATION_CONTEXT('2D SPACE',''
  ) );
#7816 = PCURVE('',#2035,#7817);
#7817 = DEFINITIONAL_REPRESENTATION('',(#7818),#7822);
#7818 = LINE('',#7819,#7820);
#7819 = CARTESIAN_POINT('',(0.,0.));
#7820 = VECTOR('',#7821,1.);
#7821 = DIRECTION('',(0.,-1.));
#7822 = ( GEOMETRIC_REPRESENTATION_CONTEXT(2) 
PARAMETRIC_REPRESENTATION_CONTEXT() REPRESENTATION_CONTEXT('2D SPACE',''
  ) );
#7823 = ADVANCED_FACE('',(#7824),#2035,.T.);
#7824 = FACE_BOUND('',#7825,.T.);
#7825 = EDGE_LOOP('',(#7826,#7827,#7828,#7851));
#7826 = ORIENTED_EDGE('',*,*,#2005,.T.);
#7827 = ORIENTED_EDGE('',*,*,#7803,.T.);
#7828 = ORIENTED_EDGE('',*,*,#7829,.T.);
#7829 = EDGE_CURVE('',#7781,#7830,#7832,.T.);
#7830 = VERTEX_POINT('',#7831);
#7831 = CARTESIAN_POINT('',(-2.484521484375,-3.07,5.330224609375));
#7832 = SURFACE_CURVE('',#7833,(#7837,#7844),.PCURVE_S1.);
#7833 = B_SPLINE_CURVE_WITH_KNOTS('',2,(#7834,#7835,#7836),
  .UNSPECIFIED.,.F.,.F.,(3,3),(0.,1.),.PIECEWISE_BEZIER_KNOTS.);
#7834 = CARTESIAN_POINT('',(-2.783935546875,-3.07,5.492236328125));
#7835 = CARTESIAN_POINT('',(-2.685498046875,-3.07,5.330224609375));
#7836 = CARTESIAN_POINT('',(-2.484521484375,-3.07,5.330224609375));
#7837 = PCURVE('',#2035,#7838);
#7838 = DEFINITIONAL_REPRESENTATION('',(#7839),#7843);
#7839 = LINE('',#7840,#7841);
#7840 = CARTESIAN_POINT('',(0.,-0.6));
#7841 = VECTOR('',#7842,1.);
#7842 = DIRECTION('',(1.,0.));
#7843 = ( GEOMETRIC_REPRESENTATION_CONTEXT(2) 
PARAMETRIC_REPRESENTATION_CONTEXT() REPRESENTATION_CONTEXT('2D SPACE',''
  ) );
#7844 = PCURVE('',#7350,#7845);
#7845 = DEFINITIONAL_REPRESENTATION('',(#7846),#7850);
#7846 = B_SPLINE_CURVE_WITH_KNOTS('',2,(#7847,#7848,#7849),
  .UNSPECIFIED.,.F.,.F.,(3,3),(0.,1.),.PIECEWISE_BEZIER_KNOTS.);
#7847 = CARTESIAN_POINT('',(0.71982421875,0.62958984375));
#7848 = CARTESIAN_POINT('',(0.81826171875,0.467578125));
#7849 = CARTESIAN_POINT('',(1.01923828125,0.467578125));
#7850 = ( GEOMETRIC_REPRESENTATION_CONTEXT(2) 
PARAMETRIC_REPRESENTATION_CONTEXT() REPRESENTATION_CONTEXT('2D SPACE',''
  ) );
#7851 = ORIENTED_EDGE('',*,*,#7852,.F.);
#7852 = EDGE_CURVE('',#1955,#7830,#7853,.T.);
#7853 = SURFACE_CURVE('',#7854,(#7858,#7865),.PCURVE_S1.);
#7854 = LINE('',#7855,#7856);
#7855 = CARTESIAN_POINT('',(-2.484521484375,-2.47,5.330224609375));
#7856 = VECTOR('',#7857,1.);
#7857 = DIRECTION('',(0.,-1.,0.));
#7858 = PCURVE('',#2035,#7859);
#7859 = DEFINITIONAL_REPRESENTATION('',(#7860),#7864);
#7860 = LINE('',#7861,#7862);
#7861 = CARTESIAN_POINT('',(1.,0.));
#7862 = VECTOR('',#7863,1.);
#7863 = DIRECTION('',(0.,-1.));
#7864 = ( GEOMETRIC_REPRESENTATION_CONTEXT(2) 
PARAMETRIC_REPRESENTATION_CONTEXT() REPRESENTATION_CONTEXT('2D SPACE',''
  ) );
#7865 = PCURVE('',#1984,#7866);
#7866 = DEFINITIONAL_REPRESENTATION('',(#7867),#7871);
#7867 = LINE('',#7868,#7869);
#7868 = CARTESIAN_POINT('',(0.,0.));
#7869 = VECTOR('',#7870,1.);
#7870 = DIRECTION('',(0.,-1.));
#7871 = ( GEOMETRIC_REPRESENTATION_CONTEXT(2) 
PARAMETRIC_REPRESENTATION_CONTEXT() REPRESENTATION_CONTEXT('2D SPACE',''
  ) );
#7872 = ADVANCED_FACE('',(#7873),#1984,.T.);
#7873 = FACE_BOUND('',#7874,.T.);
#7874 = EDGE_LOOP('',(#7875,#7876,#7877,#7900));
#7875 = ORIENTED_EDGE('',*,*,#1954,.T.);
#7876 = ORIENTED_EDGE('',*,*,#7852,.T.);
#7877 = ORIENTED_EDGE('',*,*,#7878,.T.);
#7878 = EDGE_CURVE('',#7830,#7879,#7881,.T.);
#7879 = VERTEX_POINT('',#7880);
#7880 = CARTESIAN_POINT('',(-2.197412109375,-3.07,5.44609375));
#7881 = SURFACE_CURVE('',#7882,(#7886,#7893),.PCURVE_S1.);
#7882 = B_SPLINE_CURVE_WITH_KNOTS('',2,(#7883,#7884,#7885),
  .UNSPECIFIED.,.F.,.F.,(3,3),(0.,1.),.PIECEWISE_BEZIER_KNOTS.);
#7883 = CARTESIAN_POINT('',(-2.484521484375,-3.07,5.330224609375));
#7884 = CARTESIAN_POINT('',(-2.281494140625,-3.07,5.330224609375));
#7885 = CARTESIAN_POINT('',(-2.197412109375,-3.07,5.44609375));
#7886 = PCURVE('',#1984,#7887);
#7887 = DEFINITIONAL_REPRESENTATION('',(#7888),#7892);
#7888 = LINE('',#7889,#7890);
#7889 = CARTESIAN_POINT('',(0.,-0.6));
#7890 = VECTOR('',#7891,1.);
#7891 = DIRECTION('',(1.,0.));
#7892 = ( GEOMETRIC_REPRESENTATION_CONTEXT(2) 
PARAMETRIC_REPRESENTATION_CONTEXT() REPRESENTATION_CONTEXT('2D SPACE',''
  ) );
#7893 = PCURVE('',#7350,#7894);
#7894 = DEFINITIONAL_REPRESENTATION('',(#7895),#7899);
#7895 = B_SPLINE_CURVE_WITH_KNOTS('',2,(#7896,#7897,#7898),
  .UNSPECIFIED.,.F.,.F.,(3,3),(0.,1.),.PIECEWISE_BEZIER_KNOTS.);
#7896 = CARTESIAN_POINT('',(1.01923828125,0.467578125));
#7897 = CARTESIAN_POINT('',(1.222265625,0.467578125));
#7898 = CARTESIAN_POINT('',(1.30634765625,0.583447265625));
#7899 = ( GEOMETRIC_REPRESENTATION_CONTEXT(2) 
PARAMETRIC_REPRESENTATION_CONTEXT() REPRESENTATION_CONTEXT('2D SPACE',''
  ) );
#7900 = ORIENTED_EDGE('',*,*,#7901,.F.);
#7901 = EDGE_CURVE('',#1910,#7879,#7902,.T.);
#7902 = SURFACE_CURVE('',#7903,(#7907,#7914),.PCURVE_S1.);
#7903 = LINE('',#7904,#7905);
#7904 = CARTESIAN_POINT('',(-2.197412109375,-2.47,5.44609375));
#7905 = VECTOR('',#7906,1.);
#7906 = DIRECTION('',(0.,-1.,0.));
#7907 = PCURVE('',#1984,#7908);
#7908 = DEFINITIONAL_REPRESENTATION('',(#7909),#7913);
#7909 = LINE('',#7910,#7911);
#7910 = CARTESIAN_POINT('',(1.,0.));
#7911 = VECTOR('',#7912,1.);
#7912 = DIRECTION('',(0.,-1.));
#7913 = ( GEOMETRIC_REPRESENTATION_CONTEXT(2) 
PARAMETRIC_REPRESENTATION_CONTEXT() REPRESENTATION_CONTEXT('2D SPACE',''
  ) );
#7914 = PCURVE('',#1935,#7915);
#7915 = DEFINITIONAL_REPRESENTATION('',(#7916),#7920);
#7916 = LINE('',#7917,#7918);
#7917 = CARTESIAN_POINT('',(0.,0.));
#7918 = VECTOR('',#7919,1.);
#7919 = DIRECTION('',(0.,-1.));
#7920 = ( GEOMETRIC_REPRESENTATION_CONTEXT(2) 
PARAMETRIC_REPRESENTATION_CONTEXT() REPRESENTATION_CONTEXT('2D SPACE',''
  ) );
#7921 = ADVANCED_FACE('',(#7922),#1935,.T.);
#7922 = FACE_BOUND('',#7923,.T.);
#7923 = EDGE_LOOP('',(#7924,#7925,#7926,#7947));
#7924 = ORIENTED_EDGE('',*,*,#1909,.T.);
#7925 = ORIENTED_EDGE('',*,*,#7901,.T.);
#7926 = ORIENTED_EDGE('',*,*,#7927,.T.);
#7927 = EDGE_CURVE('',#7879,#7312,#7928,.T.);
#7928 = SURFACE_CURVE('',#7929,(#7933,#7940),.PCURVE_S1.);
#7929 = B_SPLINE_CURVE_WITH_KNOTS('',2,(#7930,#7931,#7932),
  .UNSPECIFIED.,.F.,.F.,(3,3),(0.,1.),.PIECEWISE_BEZIER_KNOTS.);
#7930 = CARTESIAN_POINT('',(-2.197412109375,-3.07,5.44609375));
#7931 = CARTESIAN_POINT('',(-2.113330078125,-3.07,5.561962890625));
#7932 = CARTESIAN_POINT('',(-2.113330078125,-3.07,5.927001953125));
#7933 = PCURVE('',#1935,#7934);
#7934 = DEFINITIONAL_REPRESENTATION('',(#7935),#7939);
#7935 = LINE('',#7936,#7937);
#7936 = CARTESIAN_POINT('',(0.,-0.6));
#7937 = VECTOR('',#7938,1.);
#7938 = DIRECTION('',(1.,0.));
#7939 = ( GEOMETRIC_REPRESENTATION_CONTEXT(2) 
PARAMETRIC_REPRESENTATION_CONTEXT() REPRESENTATION_CONTEXT('2D SPACE',''
  ) );
#7940 = PCURVE('',#7350,#7941);
#7941 = DEFINITIONAL_REPRESENTATION('',(#7942),#7946);
#7942 = B_SPLINE_CURVE_WITH_KNOTS('',2,(#7943,#7944,#7945),
  .UNSPECIFIED.,.F.,.F.,(3,3),(0.,1.),.PIECEWISE_BEZIER_KNOTS.);
#7943 = CARTESIAN_POINT('',(1.30634765625,0.583447265625));
#7944 = CARTESIAN_POINT('',(1.3904296875,0.69931640625));
#7945 = CARTESIAN_POINT('',(1.3904296875,1.06435546875));
#7946 = ( GEOMETRIC_REPRESENTATION_CONTEXT(2) 
PARAMETRIC_REPRESENTATION_CONTEXT() REPRESENTATION_CONTEXT('2D SPACE',''
  ) );
#7947 = ORIENTED_EDGE('',*,*,#7311,.F.);
#7948 = ADVANCED_FACE('',(#7949),#2453,.F.);
#7949 = FACE_BOUND('',#7950,.F.);
#7950 = EDGE_LOOP('',(#7951,#7952,#7953,#7954));
#7951 = ORIENTED_EDGE('',*,*,#3047,.T.);
#7952 = ORIENTED_EDGE('',*,*,#2794,.T.);
#7953 = ORIENTED_EDGE('',*,*,#2435,.F.);
#7954 = ORIENTED_EDGE('',*,*,#2535,.F.);
#7955 = ADVANCED_FACE('',(#7956),#2576,.T.);
#7956 = FACE_BOUND('',#7957,.T.);
#7957 = EDGE_LOOP('',(#7958,#7981,#7982,#8005));
#7958 = ORIENTED_EDGE('',*,*,#7959,.F.);
#7959 = EDGE_CURVE('',#2560,#7960,#7962,.T.);
#7960 = VERTEX_POINT('',#7961);
#7961 = CARTESIAN_POINT('',(-2.25,24.33,11.9));
#7962 = SURFACE_CURVE('',#7963,(#7967,#7974),.PCURVE_S1.);
#7963 = LINE('',#7964,#7965);
#7964 = CARTESIAN_POINT('',(-2.25,24.33,-1.));
#7965 = VECTOR('',#7966,1.);
#7966 = DIRECTION('',(0.,0.,1.));
#7967 = PCURVE('',#2576,#7968);
#7968 = DEFINITIONAL_REPRESENTATION('',(#7969),#7973);
#7969 = LINE('',#7970,#7971);
#7970 = CARTESIAN_POINT('',(4.5,0.));
#7971 = VECTOR('',#7972,1.);
#7972 = DIRECTION('',(0.,-1.));
#7973 = ( GEOMETRIC_REPRESENTATION_CONTEXT(2) 
PARAMETRIC_REPRESENTATION_CONTEXT() REPRESENTATION_CONTEXT('2D SPACE',''
  ) );
#7974 = PCURVE('',#2756,#7975);
#7975 = DEFINITIONAL_REPRESENTATION('',(#7976),#7980);
#7976 = LINE('',#7977,#7978);
#7977 = CARTESIAN_POINT('',(0.,0.));
#7978 = VECTOR('',#7979,1.);
#7979 = DIRECTION('',(0.,-1.));
#7980 = ( GEOMETRIC_REPRESENTATION_CONTEXT(2) 
PARAMETRIC_REPRESENTATION_CONTEXT() REPRESENTATION_CONTEXT('2D SPACE',''
  ) );
#7981 = ORIENTED_EDGE('',*,*,#2559,.T.);
#7982 = ORIENTED_EDGE('',*,*,#7983,.T.);
#7983 = EDGE_CURVE('',#2562,#7984,#7986,.T.);
#7984 = VERTEX_POINT('',#7985);
#7985 = CARTESIAN_POINT('',(2.25,24.33,11.9));
#7986 = SURFACE_CURVE('',#7987,(#7991,#7998),.PCURVE_S1.);
#7987 = LINE('',#7988,#7989);
#7988 = CARTESIAN_POINT('',(2.25,24.33,-1.));
#7989 = VECTOR('',#7990,1.);
#7990 = DIRECTION('',(0.,0.,1.));
#7991 = PCURVE('',#2576,#7992);
#7992 = DEFINITIONAL_REPRESENTATION('',(#7993),#7997);
#7993 = LINE('',#7994,#7995);
#7994 = CARTESIAN_POINT('',(0.,-0.));
#7995 = VECTOR('',#7996,1.);
#7996 = DIRECTION('',(0.,-1.));
#7997 = ( GEOMETRIC_REPRESENTATION_CONTEXT(2) 
PARAMETRIC_REPRESENTATION_CONTEXT() REPRESENTATION_CONTEXT('2D SPACE',''
  ) );
#7998 = PCURVE('',#2602,#7999);
#7999 = DEFINITIONAL_REPRESENTATION('',(#8000),#8004);
#8000 = LINE('',#8001,#8002);
#8001 = CARTESIAN_POINT('',(25.8,0.));
#8002 = VECTOR('',#8003,1.);
#8003 = DIRECTION('',(0.,-1.));
#8004 = ( GEOMETRIC_REPRESENTATION_CONTEXT(2) 
PARAMETRIC_REPRESENTATION_CONTEXT() REPRESENTATION_CONTEXT('2D SPACE',''
  ) );
#8005 = ORIENTED_EDGE('',*,*,#8006,.T.);
#8006 = EDGE_CURVE('',#7984,#7960,#8007,.T.);
#8007 = SURFACE_CURVE('',#8008,(#8012,#8019),.PCURVE_S1.);
#8008 = LINE('',#8009,#8010);
#8009 = CARTESIAN_POINT('',(2.25,24.33,11.9));
#8010 = VECTOR('',#8011,1.);
#8011 = DIRECTION('',(-1.,0.,0.));
#8012 = PCURVE('',#2576,#8013);
#8013 = DEFINITIONAL_REPRESENTATION('',(#8014),#8018);
#8014 = LINE('',#8015,#8016);
#8015 = CARTESIAN_POINT('',(0.,-12.9));
#8016 = VECTOR('',#8017,1.);
#8017 = DIRECTION('',(1.,0.));
#8018 = ( GEOMETRIC_REPRESENTATION_CONTEXT(2) 
PARAMETRIC_REPRESENTATION_CONTEXT() REPRESENTATION_CONTEXT('2D SPACE',''
  ) );
#8019 = PCURVE('',#2892,#8020);
#8020 = DEFINITIONAL_REPRESENTATION('',(#8021),#8024);
#8021 = B_SPLINE_CURVE_WITH_KNOTS('',1,(#8022,#8023),.UNSPECIFIED.,.F.,
  .F.,(2,2),(0.,4.5),.PIECEWISE_BEZIER_KNOTS.);
#8022 = CARTESIAN_POINT('',(0.,0.));
#8023 = CARTESIAN_POINT('',(5.7,0.));
#8024 = ( GEOMETRIC_REPRESENTATION_CONTEXT(2) 
PARAMETRIC_REPRESENTATION_CONTEXT() REPRESENTATION_CONTEXT('2D SPACE',''
  ) );
#8025 = ADVANCED_FACE('',(#8026,#8073,#8187),#2756,.T.);
#8026 = FACE_BOUND('',#8027,.T.);
#8027 = EDGE_LOOP('',(#8028,#8051,#8052,#8053));
#8028 = ORIENTED_EDGE('',*,*,#8029,.F.);
#8029 = EDGE_CURVE('',#2718,#8030,#8032,.T.);
#8030 = VERTEX_POINT('',#8031);
#8031 = CARTESIAN_POINT('',(-2.25,1.3,11.9));
#8032 = SURFACE_CURVE('',#8033,(#8037,#8044),.PCURVE_S1.);
#8033 = LINE('',#8034,#8035);
#8034 = CARTESIAN_POINT('',(-2.25,1.3,-1.));
#8035 = VECTOR('',#8036,1.);
#8036 = DIRECTION('',(0.,0.,1.));
#8037 = PCURVE('',#2756,#8038);
#8038 = DEFINITIONAL_REPRESENTATION('',(#8039),#8043);
#8039 = LINE('',#8040,#8041);
#8040 = CARTESIAN_POINT('',(23.03,0.));
#8041 = VECTOR('',#8042,1.);
#8042 = DIRECTION('',(0.,-1.));
#8043 = ( GEOMETRIC_REPRESENTATION_CONTEXT(2) 
PARAMETRIC_REPRESENTATION_CONTEXT() REPRESENTATION_CONTEXT('2D SPACE',''
  ) );
#8044 = PCURVE('',#2732,#8045);
#8045 = DEFINITIONAL_REPRESENTATION('',(#8046),#8050);
#8046 = LINE('',#8047,#8048);
#8047 = CARTESIAN_POINT('',(0.,-0.));
#8048 = VECTOR('',#8049,1.);
#8049 = DIRECTION('',(0.,-1.));
#8050 = ( GEOMETRIC_REPRESENTATION_CONTEXT(2) 
PARAMETRIC_REPRESENTATION_CONTEXT() REPRESENTATION_CONTEXT('2D SPACE',''
  ) );
#8051 = ORIENTED_EDGE('',*,*,#2743,.T.);
#8052 = ORIENTED_EDGE('',*,*,#7959,.T.);
#8053 = ORIENTED_EDGE('',*,*,#8054,.T.);
#8054 = EDGE_CURVE('',#7960,#8030,#8055,.T.);
#8055 = SURFACE_CURVE('',#8056,(#8060,#8067),.PCURVE_S1.);
#8056 = LINE('',#8057,#8058);
#8057 = CARTESIAN_POINT('',(-2.25,24.33,11.9));
#8058 = VECTOR('',#8059,1.);
#8059 = DIRECTION('',(0.,-1.,0.));
#8060 = PCURVE('',#2756,#8061);
#8061 = DEFINITIONAL_REPRESENTATION('',(#8062),#8066);
#8062 = LINE('',#8063,#8064);
#8063 = CARTESIAN_POINT('',(0.,-12.9));
#8064 = VECTOR('',#8065,1.);
#8065 = DIRECTION('',(1.,0.));
#8066 = ( GEOMETRIC_REPRESENTATION_CONTEXT(2) 
PARAMETRIC_REPRESENTATION_CONTEXT() REPRESENTATION_CONTEXT('2D SPACE',''
  ) );
#8067 = PCURVE('',#2864,#8068);
#8068 = DEFINITIONAL_REPRESENTATION('',(#8069),#8072);
#8069 = B_SPLINE_CURVE_WITH_KNOTS('',1,(#8070,#8071),.UNSPECIFIED.,.F.,
  .F.,(2,2),(0.,25.8),.PIECEWISE_BEZIER_KNOTS.);
#8070 = CARTESIAN_POINT('',(0.,0.));
#8071 = CARTESIAN_POINT('',(27.,0.));
#8072 = ( GEOMETRIC_REPRESENTATION_CONTEXT(2) 
PARAMETRIC_REPRESENTATION_CONTEXT() REPRESENTATION_CONTEXT('2D SPACE',''
  ) );
#8073 = FACE_BOUND('',#8074,.T.);
#8074 = EDGE_LOOP('',(#8075,#8105,#8133,#8161));
#8075 = ORIENTED_EDGE('',*,*,#8076,.T.);
#8076 = EDGE_CURVE('',#8077,#8079,#8081,.T.);
#8077 = VERTEX_POINT('',#8078);
#8078 = CARTESIAN_POINT('',(-2.25,21.32,1.));
#8079 = VERTEX_POINT('',#8080);
#8080 = CARTESIAN_POINT('',(-2.25,19.32,1.));
#8081 = SURFACE_CURVE('',#8082,(#8086,#8093),.PCURVE_S1.);
#8082 = LINE('',#8083,#8084);
#8083 = CARTESIAN_POINT('',(-2.25,21.32,1.));
#8084 = VECTOR('',#8085,1.);
#8085 = DIRECTION('',(0.,-1.,0.));
#8086 = PCURVE('',#2756,#8087);
#8087 = DEFINITIONAL_REPRESENTATION('',(#8088),#8092);
#8088 = LINE('',#8089,#8090);
#8089 = CARTESIAN_POINT('',(3.01,-2.));
#8090 = VECTOR('',#8091,1.);
#8091 = DIRECTION('',(1.,0.));
#8092 = ( GEOMETRIC_REPRESENTATION_CONTEXT(2) 
PARAMETRIC_REPRESENTATION_CONTEXT() REPRESENTATION_CONTEXT('2D SPACE',''
  ) );
#8093 = PCURVE('',#8094,#8099);
#8094 = PLANE('',#8095);
#8095 = AXIS2_PLACEMENT_3D('',#8096,#8097,#8098);
#8096 = CARTESIAN_POINT('',(-1.75,20.32,1.));
#8097 = DIRECTION('',(0.,0.,1.));
#8098 = DIRECTION('',(1.,0.,-0.));
#8099 = DEFINITIONAL_REPRESENTATION('',(#8100),#8104);
#8100 = LINE('',#8101,#8102);
#8101 = CARTESIAN_POINT('',(-0.5,1.));
#8102 = VECTOR('',#8103,1.);
#8103 = DIRECTION('',(0.,-1.));
#8104 = ( GEOMETRIC_REPRESENTATION_CONTEXT(2) 
PARAMETRIC_REPRESENTATION_CONTEXT() REPRESENTATION_CONTEXT('2D SPACE',''
  ) );
#8105 = ORIENTED_EDGE('',*,*,#8106,.T.);
#8106 = EDGE_CURVE('',#8079,#8107,#8109,.T.);
#8107 = VERTEX_POINT('',#8108);
#8108 = CARTESIAN_POINT('',(-2.25,19.32,7.5));
#8109 = SURFACE_CURVE('',#8110,(#8114,#8121),.PCURVE_S1.);
#8110 = LINE('',#8111,#8112);
#8111 = CARTESIAN_POINT('',(-2.25,19.32,1.));
#8112 = VECTOR('',#8113,1.);
#8113 = DIRECTION('',(0.,0.,1.));
#8114 = PCURVE('',#2756,#8115);
#8115 = DEFINITIONAL_REPRESENTATION('',(#8116),#8120);
#8116 = LINE('',#8117,#8118);
#8117 = CARTESIAN_POINT('',(5.01,-2.));
#8118 = VECTOR('',#8119,1.);
#8119 = DIRECTION('',(0.,-1.));
#8120 = ( GEOMETRIC_REPRESENTATION_CONTEXT(2) 
PARAMETRIC_REPRESENTATION_CONTEXT() REPRESENTATION_CONTEXT('2D SPACE',''
  ) );
#8121 = PCURVE('',#8122,#8127);
#8122 = PLANE('',#8123);
#8123 = AXIS2_PLACEMENT_3D('',#8124,#8125,#8126);
#8124 = CARTESIAN_POINT('',(-2.25,19.32,1.));
#8125 = DIRECTION('',(0.,1.,0.));
#8126 = DIRECTION('',(1.,0.,0.));
#8127 = DEFINITIONAL_REPRESENTATION('',(#8128),#8132);
#8128 = LINE('',#8129,#8130);
#8129 = CARTESIAN_POINT('',(0.,0.));
#8130 = VECTOR('',#8131,1.);
#8131 = DIRECTION('',(0.,-1.));
#8132 = ( GEOMETRIC_REPRESENTATION_CONTEXT(2) 
PARAMETRIC_REPRESENTATION_CONTEXT() REPRESENTATION_CONTEXT('2D SPACE',''
  ) );
#8133 = ORIENTED_EDGE('',*,*,#8134,.F.);
#8134 = EDGE_CURVE('',#8135,#8107,#8137,.T.);
#8135 = VERTEX_POINT('',#8136);
#8136 = CARTESIAN_POINT('',(-2.25,21.32,7.5));
#8137 = SURFACE_CURVE('',#8138,(#8142,#8149),.PCURVE_S1.);
#8138 = LINE('',#8139,#8140);
#8139 = CARTESIAN_POINT('',(-2.25,21.32,7.5));
#8140 = VECTOR('',#8141,1.);
#8141 = DIRECTION('',(0.,-1.,0.));
#8142 = PCURVE('',#2756,#8143);
#8143 = DEFINITIONAL_REPRESENTATION('',(#8144),#8148);
#8144 = LINE('',#8145,#8146);
#8145 = CARTESIAN_POINT('',(3.01,-8.5));
#8146 = VECTOR('',#8147,1.);
#8147 = DIRECTION('',(1.,0.));
#8148 = ( GEOMETRIC_REPRESENTATION_CONTEXT(2) 
PARAMETRIC_REPRESENTATION_CONTEXT() REPRESENTATION_CONTEXT('2D SPACE',''
  ) );
#8149 = PCURVE('',#8150,#8155);
#8150 = PLANE('',#8151);
#8151 = AXIS2_PLACEMENT_3D('',#8152,#8153,#8154);
#8152 = CARTESIAN_POINT('',(-1.75,20.32,7.5));
#8153 = DIRECTION('',(0.,0.,1.));
#8154 = DIRECTION('',(1.,0.,-0.));
#8155 = DEFINITIONAL_REPRESENTATION('',(#8156),#8160);
#8156 = LINE('',#8157,#8158);
#8157 = CARTESIAN_POINT('',(-0.5,1.));
#8158 = VECTOR('',#8159,1.);
#8159 = DIRECTION('',(0.,-1.));
#8160 = ( GEOMETRIC_REPRESENTATION_CONTEXT(2) 
PARAMETRIC_REPRESENTATION_CONTEXT() REPRESENTATION_CONTEXT('2D SPACE',''
  ) );
#8161 = ORIENTED_EDGE('',*,*,#8162,.F.);
#8162 = EDGE_CURVE('',#8077,#8135,#8163,.T.);
#8163 = SURFACE_CURVE('',#8164,(#8168,#8175),.PCURVE_S1.);
#8164 = LINE('',#8165,#8166);
#8165 = CARTESIAN_POINT('',(-2.25,21.32,1.));
#8166 = VECTOR('',#8167,1.);
#8167 = DIRECTION('',(0.,0.,1.));
#8168 = PCURVE('',#2756,#8169);
#8169 = DEFINITIONAL_REPRESENTATION('',(#8170),#8174);
#8170 = LINE('',#8171,#8172);
#8171 = CARTESIAN_POINT('',(3.01,-2.));
#8172 = VECTOR('',#8173,1.);
#8173 = DIRECTION('',(0.,-1.));
#8174 = ( GEOMETRIC_REPRESENTATION_CONTEXT(2) 
PARAMETRIC_REPRESENTATION_CONTEXT() REPRESENTATION_CONTEXT('2D SPACE',''
  ) );
#8175 = PCURVE('',#8176,#8181);
#8176 = PLANE('',#8177);
#8177 = AXIS2_PLACEMENT_3D('',#8178,#8179,#8180);
#8178 = CARTESIAN_POINT('',(-1.25,21.32,1.));
#8179 = DIRECTION('',(0.,-1.,0.));
#8180 = DIRECTION('',(-1.,0.,0.));
#8181 = DEFINITIONAL_REPRESENTATION('',(#8182),#8186);
#8182 = LINE('',#8183,#8184);
#8183 = CARTESIAN_POINT('',(1.,0.));
#8184 = VECTOR('',#8185,1.);
#8185 = DIRECTION('',(0.,-1.));
#8186 = ( GEOMETRIC_REPRESENTATION_CONTEXT(2) 
PARAMETRIC_REPRESENTATION_CONTEXT() REPRESENTATION_CONTEXT('2D SPACE',''
  ) );
#8187 = FACE_BOUND('',#8188,.T.);
#8188 = EDGE_LOOP('',(#8189,#8219,#8247,#8275));
#8189 = ORIENTED_EDGE('',*,*,#8190,.T.);
#8190 = EDGE_CURVE('',#8191,#8193,#8195,.T.);
#8191 = VERTEX_POINT('',#8192);
#8192 = CARTESIAN_POINT('',(-2.25,3.54,1.));
#8193 = VERTEX_POINT('',#8194);
#8194 = CARTESIAN_POINT('',(-2.25,1.54,1.));
#8195 = SURFACE_CURVE('',#8196,(#8200,#8207),.PCURVE_S1.);
#8196 = LINE('',#8197,#8198);
#8197 = CARTESIAN_POINT('',(-2.25,3.54,1.));
#8198 = VECTOR('',#8199,1.);
#8199 = DIRECTION('',(0.,-1.,0.));
#8200 = PCURVE('',#2756,#8201);
#8201 = DEFINITIONAL_REPRESENTATION('',(#8202),#8206);
#8202 = LINE('',#8203,#8204);
#8203 = CARTESIAN_POINT('',(20.79,-2.));
#8204 = VECTOR('',#8205,1.);
#8205 = DIRECTION('',(1.,0.));
#8206 = ( GEOMETRIC_REPRESENTATION_CONTEXT(2) 
PARAMETRIC_REPRESENTATION_CONTEXT() REPRESENTATION_CONTEXT('2D SPACE',''
  ) );
#8207 = PCURVE('',#8208,#8213);
#8208 = PLANE('',#8209);
#8209 = AXIS2_PLACEMENT_3D('',#8210,#8211,#8212);
#8210 = CARTESIAN_POINT('',(-1.75,2.54,1.));
#8211 = DIRECTION('',(0.,0.,1.));
#8212 = DIRECTION('',(1.,0.,-0.));
#8213 = DEFINITIONAL_REPRESENTATION('',(#8214),#8218);
#8214 = LINE('',#8215,#8216);
#8215 = CARTESIAN_POINT('',(-0.5,1.));
#8216 = VECTOR('',#8217,1.);
#8217 = DIRECTION('',(0.,-1.));
#8218 = ( GEOMETRIC_REPRESENTATION_CONTEXT(2) 
PARAMETRIC_REPRESENTATION_CONTEXT() REPRESENTATION_CONTEXT('2D SPACE',''
  ) );
#8219 = ORIENTED_EDGE('',*,*,#8220,.T.);
#8220 = EDGE_CURVE('',#8193,#8221,#8223,.T.);
#8221 = VERTEX_POINT('',#8222);
#8222 = CARTESIAN_POINT('',(-2.25,1.54,7.5));
#8223 = SURFACE_CURVE('',#8224,(#8228,#8235),.PCURVE_S1.);
#8224 = LINE('',#8225,#8226);
#8225 = CARTESIAN_POINT('',(-2.25,1.54,1.));
#8226 = VECTOR('',#8227,1.);
#8227 = DIRECTION('',(0.,0.,1.));
#8228 = PCURVE('',#2756,#8229);
#8229 = DEFINITIONAL_REPRESENTATION('',(#8230),#8234);
#8230 = LINE('',#8231,#8232);
#8231 = CARTESIAN_POINT('',(22.79,-2.));
#8232 = VECTOR('',#8233,1.);
#8233 = DIRECTION('',(0.,-1.));
#8234 = ( GEOMETRIC_REPRESENTATION_CONTEXT(2) 
PARAMETRIC_REPRESENTATION_CONTEXT() REPRESENTATION_CONTEXT('2D SPACE',''
  ) );
#8235 = PCURVE('',#8236,#8241);
#8236 = PLANE('',#8237);
#8237 = AXIS2_PLACEMENT_3D('',#8238,#8239,#8240);
#8238 = CARTESIAN_POINT('',(-2.25,1.54,1.));
#8239 = DIRECTION('',(0.,1.,0.));
#8240 = DIRECTION('',(1.,0.,0.));
#8241 = DEFINITIONAL_REPRESENTATION('',(#8242),#8246);
#8242 = LINE('',#8243,#8244);
#8243 = CARTESIAN_POINT('',(0.,0.));
#8244 = VECTOR('',#8245,1.);
#8245 = DIRECTION('',(0.,-1.));
#8246 = ( GEOMETRIC_REPRESENTATION_CONTEXT(2) 
PARAMETRIC_REPRESENTATION_CONTEXT() REPRESENTATION_CONTEXT('2D SPACE',''
  ) );
#8247 = ORIENTED_EDGE('',*,*,#8248,.F.);
#8248 = EDGE_CURVE('',#8249,#8221,#8251,.T.);
#8249 = VERTEX_POINT('',#8250);
#8250 = CARTESIAN_POINT('',(-2.25,3.54,7.5));
#8251 = SURFACE_CURVE('',#8252,(#8256,#8263),.PCURVE_S1.);
#8252 = LINE('',#8253,#8254);
#8253 = CARTESIAN_POINT('',(-2.25,3.54,7.5));
#8254 = VECTOR('',#8255,1.);
#8255 = DIRECTION('',(0.,-1.,0.));
#8256 = PCURVE('',#2756,#8257);
#8257 = DEFINITIONAL_REPRESENTATION('',(#8258),#8262);
#8258 = LINE('',#8259,#8260);
#8259 = CARTESIAN_POINT('',(20.79,-8.5));
#8260 = VECTOR('',#8261,1.);
#8261 = DIRECTION('',(1.,0.));
#8262 = ( GEOMETRIC_REPRESENTATION_CONTEXT(2) 
PARAMETRIC_REPRESENTATION_CONTEXT() REPRESENTATION_CONTEXT('2D SPACE',''
  ) );
#8263 = PCURVE('',#8264,#8269);
#8264 = PLANE('',#8265);
#8265 = AXIS2_PLACEMENT_3D('',#8266,#8267,#8268);
#8266 = CARTESIAN_POINT('',(-1.75,2.54,7.5));
#8267 = DIRECTION('',(0.,0.,1.));
#8268 = DIRECTION('',(1.,0.,-0.));
#8269 = DEFINITIONAL_REPRESENTATION('',(#8270),#8274);
#8270 = LINE('',#8271,#8272);
#8271 = CARTESIAN_POINT('',(-0.5,1.));
#8272 = VECTOR('',#8273,1.);
#8273 = DIRECTION('',(0.,-1.));
#8274 = ( GEOMETRIC_REPRESENTATION_CONTEXT(2) 
PARAMETRIC_REPRESENTATION_CONTEXT() REPRESENTATION_CONTEXT('2D SPACE',''
  ) );
#8275 = ORIENTED_EDGE('',*,*,#8276,.F.);
#8276 = EDGE_CURVE('',#8191,#8249,#8277,.T.);
#8277 = SURFACE_CURVE('',#8278,(#8282,#8289),.PCURVE_S1.);
#8278 = LINE('',#8279,#8280);
#8279 = CARTESIAN_POINT('',(-2.25,3.54,1.));
#8280 = VECTOR('',#8281,1.);
#8281 = DIRECTION('',(0.,0.,1.));
#8282 = PCURVE('',#2756,#8283);
#8283 = DEFINITIONAL_REPRESENTATION('',(#8284),#8288);
#8284 = LINE('',#8285,#8286);
#8285 = CARTESIAN_POINT('',(20.79,-2.));
#8286 = VECTOR('',#8287,1.);
#8287 = DIRECTION('',(0.,-1.));
#8288 = ( GEOMETRIC_REPRESENTATION_CONTEXT(2) 
PARAMETRIC_REPRESENTATION_CONTEXT() REPRESENTATION_CONTEXT('2D SPACE',''
  ) );
#8289 = PCURVE('',#8290,#8295);
#8290 = PLANE('',#8291);
#8291 = AXIS2_PLACEMENT_3D('',#8292,#8293,#8294);
#8292 = CARTESIAN_POINT('',(-1.25,3.54,1.));
#8293 = DIRECTION('',(0.,-1.,0.));
#8294 = DIRECTION('',(-1.,0.,0.));
#8295 = DEFINITIONAL_REPRESENTATION('',(#8296),#8300);
#8296 = LINE('',#8297,#8298);
#8297 = CARTESIAN_POINT('',(1.,0.));
#8298 = VECTOR('',#8299,1.);
#8299 = DIRECTION('',(0.,-1.));
#8300 = ( GEOMETRIC_REPRESENTATION_CONTEXT(2) 
PARAMETRIC_REPRESENTATION_CONTEXT() REPRESENTATION_CONTEXT('2D SPACE',''
  ) );
#8301 = ADVANCED_FACE('',(#8302),#2732,.T.);
#8302 = FACE_BOUND('',#8303,.T.);
#8303 = EDGE_LOOP('',(#8304,#8327,#8328,#8329));
#8304 = ORIENTED_EDGE('',*,*,#8305,.F.);
#8305 = EDGE_CURVE('',#2692,#8306,#8308,.T.);
#8306 = VERTEX_POINT('',#8307);
#8307 = CARTESIAN_POINT('',(-3.25,1.3,11.9));
#8308 = SURFACE_CURVE('',#8309,(#8313,#8320),.PCURVE_S1.);
#8309 = LINE('',#8310,#8311);
#8310 = CARTESIAN_POINT('',(-3.25,1.3,-1.));
#8311 = VECTOR('',#8312,1.);
#8312 = DIRECTION('',(0.,0.,1.));
#8313 = PCURVE('',#2732,#8314);
#8314 = DEFINITIONAL_REPRESENTATION('',(#8315),#8319);
#8315 = LINE('',#8316,#8317);
#8316 = CARTESIAN_POINT('',(1.,0.));
#8317 = VECTOR('',#8318,1.);
#8318 = DIRECTION('',(0.,-1.));
#8319 = ( GEOMETRIC_REPRESENTATION_CONTEXT(2) 
PARAMETRIC_REPRESENTATION_CONTEXT() REPRESENTATION_CONTEXT('2D SPACE',''
  ) );
#8320 = PCURVE('',#2706,#8321);
#8321 = DEFINITIONAL_REPRESENTATION('',(#8322),#8326);
#8322 = LINE('',#8323,#8324);
#8323 = CARTESIAN_POINT('',(0.,0.));
#8324 = VECTOR('',#8325,1.);
#8325 = DIRECTION('',(0.,-1.));
#8326 = ( GEOMETRIC_REPRESENTATION_CONTEXT(2) 
PARAMETRIC_REPRESENTATION_CONTEXT() REPRESENTATION_CONTEXT('2D SPACE',''
  ) );
#8327 = ORIENTED_EDGE('',*,*,#2717,.T.);
#8328 = ORIENTED_EDGE('',*,*,#8029,.T.);
#8329 = ORIENTED_EDGE('',*,*,#8330,.T.);
#8330 = EDGE_CURVE('',#8030,#8306,#8331,.T.);
#8331 = SURFACE_CURVE('',#8332,(#8336,#8343),.PCURVE_S1.);
#8332 = LINE('',#8333,#8334);
#8333 = CARTESIAN_POINT('',(-2.25,1.3,11.9));
#8334 = VECTOR('',#8335,1.);
#8335 = DIRECTION('',(-1.,0.,0.));
#8336 = PCURVE('',#2732,#8337);
#8337 = DEFINITIONAL_REPRESENTATION('',(#8338),#8342);
#8338 = LINE('',#8339,#8340);
#8339 = CARTESIAN_POINT('',(0.,-12.9));
#8340 = VECTOR('',#8341,1.);
#8341 = DIRECTION('',(1.,0.));
#8342 = ( GEOMETRIC_REPRESENTATION_CONTEXT(2) 
PARAMETRIC_REPRESENTATION_CONTEXT() REPRESENTATION_CONTEXT('2D SPACE',''
  ) );
#8343 = PCURVE('',#2836,#8344);
#8344 = DEFINITIONAL_REPRESENTATION('',(#8345),#8348);
#8345 = B_SPLINE_CURVE_WITH_KNOTS('',1,(#8346,#8347),.UNSPECIFIED.,.F.,
  .F.,(2,2),(0.,1.),.PIECEWISE_BEZIER_KNOTS.);
#8346 = CARTESIAN_POINT('',(0.,0.));
#8347 = CARTESIAN_POINT('',(2.2,0.));
#8348 = ( GEOMETRIC_REPRESENTATION_CONTEXT(2) 
PARAMETRIC_REPRESENTATION_CONTEXT() REPRESENTATION_CONTEXT('2D SPACE',''
  ) );
#8349 = ADVANCED_FACE('',(#8350),#2706,.T.);
#8350 = FACE_BOUND('',#8351,.T.);
#8351 = EDGE_LOOP('',(#8352,#8375,#8376,#8377));
#8352 = ORIENTED_EDGE('',*,*,#8353,.F.);
#8353 = EDGE_CURVE('',#2666,#8354,#8356,.T.);
#8354 = VERTEX_POINT('',#8355);
#8355 = CARTESIAN_POINT('',(-3.25,-1.3,11.9));
#8356 = SURFACE_CURVE('',#8357,(#8361,#8368),.PCURVE_S1.);
#8357 = LINE('',#8358,#8359);
#8358 = CARTESIAN_POINT('',(-3.25,-1.3,-1.));
#8359 = VECTOR('',#8360,1.);
#8360 = DIRECTION('',(0.,0.,1.));
#8361 = PCURVE('',#2706,#8362);
#8362 = DEFINITIONAL_REPRESENTATION('',(#8363),#8367);
#8363 = LINE('',#8364,#8365);
#8364 = CARTESIAN_POINT('',(2.6,0.));
#8365 = VECTOR('',#8366,1.);
#8366 = DIRECTION('',(0.,-1.));
#8367 = ( GEOMETRIC_REPRESENTATION_CONTEXT(2) 
PARAMETRIC_REPRESENTATION_CONTEXT() REPRESENTATION_CONTEXT('2D SPACE',''
  ) );
#8368 = PCURVE('',#2680,#8369);
#8369 = DEFINITIONAL_REPRESENTATION('',(#8370),#8374);
#8370 = LINE('',#8371,#8372);
#8371 = CARTESIAN_POINT('',(0.,0.));
#8372 = VECTOR('',#8373,1.);
#8373 = DIRECTION('',(0.,-1.));
#8374 = ( GEOMETRIC_REPRESENTATION_CONTEXT(2) 
PARAMETRIC_REPRESENTATION_CONTEXT() REPRESENTATION_CONTEXT('2D SPACE',''
  ) );
#8375 = ORIENTED_EDGE('',*,*,#2691,.T.);
#8376 = ORIENTED_EDGE('',*,*,#8305,.T.);
#8377 = ORIENTED_EDGE('',*,*,#8378,.T.);
#8378 = EDGE_CURVE('',#8306,#8354,#8379,.T.);
#8379 = SURFACE_CURVE('',#8380,(#8384,#8391),.PCURVE_S1.);
#8380 = LINE('',#8381,#8382);
#8381 = CARTESIAN_POINT('',(-3.25,1.3,11.9));
#8382 = VECTOR('',#8383,1.);
#8383 = DIRECTION('',(0.,-1.,0.));
#8384 = PCURVE('',#2706,#8385);
#8385 = DEFINITIONAL_REPRESENTATION('',(#8386),#8390);
#8386 = LINE('',#8387,#8388);
#8387 = CARTESIAN_POINT('',(0.,-12.9));
#8388 = VECTOR('',#8389,1.);
#8389 = DIRECTION('',(1.,0.));
#8390 = ( GEOMETRIC_REPRESENTATION_CONTEXT(2) 
PARAMETRIC_REPRESENTATION_CONTEXT() REPRESENTATION_CONTEXT('2D SPACE',''
  ) );
#8391 = PCURVE('',#3030,#8392);
#8392 = DEFINITIONAL_REPRESENTATION('',(#8393),#8396);
#8393 = B_SPLINE_CURVE_WITH_KNOTS('',1,(#8394,#8395),.UNSPECIFIED.,.F.,
  .F.,(2,2),(0.,2.6),.PIECEWISE_BEZIER_KNOTS.);
#8394 = CARTESIAN_POINT('',(0.,0.));
#8395 = CARTESIAN_POINT('',(3.8,0.));
#8396 = ( GEOMETRIC_REPRESENTATION_CONTEXT(2) 
PARAMETRIC_REPRESENTATION_CONTEXT() REPRESENTATION_CONTEXT('2D SPACE',''
  ) );
#8397 = ADVANCED_FACE('',(#8398),#2680,.T.);
#8398 = FACE_BOUND('',#8399,.T.);
#8399 = EDGE_LOOP('',(#8400,#8423,#8424,#8425));
#8400 = ORIENTED_EDGE('',*,*,#8401,.F.);
#8401 = EDGE_CURVE('',#2640,#8402,#8404,.T.);
#8402 = VERTEX_POINT('',#8403);
#8403 = CARTESIAN_POINT('',(-2.25,-1.3,11.9));
#8404 = SURFACE_CURVE('',#8405,(#8409,#8416),.PCURVE_S1.);
#8405 = LINE('',#8406,#8407);
#8406 = CARTESIAN_POINT('',(-2.25,-1.3,-1.));
#8407 = VECTOR('',#8408,1.);
#8408 = DIRECTION('',(0.,0.,1.));
#8409 = PCURVE('',#2680,#8410);
#8410 = DEFINITIONAL_REPRESENTATION('',(#8411),#8415);
#8411 = LINE('',#8412,#8413);
#8412 = CARTESIAN_POINT('',(1.,0.));
#8413 = VECTOR('',#8414,1.);
#8414 = DIRECTION('',(0.,-1.));
#8415 = ( GEOMETRIC_REPRESENTATION_CONTEXT(2) 
PARAMETRIC_REPRESENTATION_CONTEXT() REPRESENTATION_CONTEXT('2D SPACE',''
  ) );
#8416 = PCURVE('',#2654,#8417);
#8417 = DEFINITIONAL_REPRESENTATION('',(#8418),#8422);
#8418 = LINE('',#8419,#8420);
#8419 = CARTESIAN_POINT('',(25.63,0.));
#8420 = VECTOR('',#8421,1.);
#8421 = DIRECTION('',(0.,-1.));
#8422 = ( GEOMETRIC_REPRESENTATION_CONTEXT(2) 
PARAMETRIC_REPRESENTATION_CONTEXT() REPRESENTATION_CONTEXT('2D SPACE',''
  ) );
#8423 = ORIENTED_EDGE('',*,*,#2665,.T.);
#8424 = ORIENTED_EDGE('',*,*,#8353,.T.);
#8425 = ORIENTED_EDGE('',*,*,#8426,.T.);
#8426 = EDGE_CURVE('',#8354,#8402,#8427,.T.);
#8427 = SURFACE_CURVE('',#8428,(#8432,#8439),.PCURVE_S1.);
#8428 = LINE('',#8429,#8430);
#8429 = CARTESIAN_POINT('',(-3.25,-1.3,11.9));
#8430 = VECTOR('',#8431,1.);
#8431 = DIRECTION('',(1.,0.,0.));
#8432 = PCURVE('',#2680,#8433);
#8433 = DEFINITIONAL_REPRESENTATION('',(#8434),#8438);
#8434 = LINE('',#8435,#8436);
#8435 = CARTESIAN_POINT('',(0.,-12.9));
#8436 = VECTOR('',#8437,1.);
#8437 = DIRECTION('',(1.,0.));
#8438 = ( GEOMETRIC_REPRESENTATION_CONTEXT(2) 
PARAMETRIC_REPRESENTATION_CONTEXT() REPRESENTATION_CONTEXT('2D SPACE',''
  ) );
#8439 = PCURVE('',#3004,#8440);
#8440 = DEFINITIONAL_REPRESENTATION('',(#8441),#8444);
#8441 = B_SPLINE_CURVE_WITH_KNOTS('',1,(#8442,#8443),.UNSPECIFIED.,.F.,
  .F.,(2,2),(0.,1.),.PIECEWISE_BEZIER_KNOTS.);
#8442 = CARTESIAN_POINT('',(0.,0.));
#8443 = CARTESIAN_POINT('',(2.2,0.));
#8444 = ( GEOMETRIC_REPRESENTATION_CONTEXT(2) 
PARAMETRIC_REPRESENTATION_CONTEXT() REPRESENTATION_CONTEXT('2D SPACE',''
  ) );
#8445 = ADVANCED_FACE('',(#8446),#2654,.T.);
#8446 = FACE_BOUND('',#8447,.T.);
#8447 = EDGE_LOOP('',(#8448,#8471,#8472,#8473));
#8448 = ORIENTED_EDGE('',*,*,#8449,.F.);
#8449 = EDGE_CURVE('',#2614,#8450,#8452,.T.);
#8450 = VERTEX_POINT('',#8451);
#8451 = CARTESIAN_POINT('',(-2.25,-1.47,11.9));
#8452 = SURFACE_CURVE('',#8453,(#8457,#8464),.PCURVE_S1.);
#8453 = LINE('',#8454,#8455);
#8454 = CARTESIAN_POINT('',(-2.25,-1.47,-1.));
#8455 = VECTOR('',#8456,1.);
#8456 = DIRECTION('',(0.,0.,1.));
#8457 = PCURVE('',#2654,#8458);
#8458 = DEFINITIONAL_REPRESENTATION('',(#8459),#8463);
#8459 = LINE('',#8460,#8461);
#8460 = CARTESIAN_POINT('',(25.8,0.));
#8461 = VECTOR('',#8462,1.);
#8462 = DIRECTION('',(0.,-1.));
#8463 = ( GEOMETRIC_REPRESENTATION_CONTEXT(2) 
PARAMETRIC_REPRESENTATION_CONTEXT() REPRESENTATION_CONTEXT('2D SPACE',''
  ) );
#8464 = PCURVE('',#2628,#8465);
#8465 = DEFINITIONAL_REPRESENTATION('',(#8466),#8470);
#8466 = LINE('',#8467,#8468);
#8467 = CARTESIAN_POINT('',(0.,0.));
#8468 = VECTOR('',#8469,1.);
#8469 = DIRECTION('',(0.,-1.));
#8470 = ( GEOMETRIC_REPRESENTATION_CONTEXT(2) 
PARAMETRIC_REPRESENTATION_CONTEXT() REPRESENTATION_CONTEXT('2D SPACE',''
  ) );
#8471 = ORIENTED_EDGE('',*,*,#2639,.T.);
#8472 = ORIENTED_EDGE('',*,*,#8401,.T.);
#8473 = ORIENTED_EDGE('',*,*,#8474,.T.);
#8474 = EDGE_CURVE('',#8402,#8450,#8475,.T.);
#8475 = SURFACE_CURVE('',#8476,(#8480,#8487),.PCURVE_S1.);
#8476 = LINE('',#8477,#8478);
#8477 = CARTESIAN_POINT('',(-2.25,24.33,11.9));
#8478 = VECTOR('',#8479,1.);
#8479 = DIRECTION('',(0.,-1.,0.));
#8480 = PCURVE('',#2654,#8481);
#8481 = DEFINITIONAL_REPRESENTATION('',(#8482),#8486);
#8482 = LINE('',#8483,#8484);
#8483 = CARTESIAN_POINT('',(0.,-12.9));
#8484 = VECTOR('',#8485,1.);
#8485 = DIRECTION('',(1.,0.));
#8486 = ( GEOMETRIC_REPRESENTATION_CONTEXT(2) 
PARAMETRIC_REPRESENTATION_CONTEXT() REPRESENTATION_CONTEXT('2D SPACE',''
  ) );
#8487 = PCURVE('',#2976,#8488);
#8488 = DEFINITIONAL_REPRESENTATION('',(#8489),#8492);
#8489 = B_SPLINE_CURVE_WITH_KNOTS('',1,(#8490,#8491),.UNSPECIFIED.,.F.,
  .F.,(2,2),(0.,25.8),.PIECEWISE_BEZIER_KNOTS.);
#8490 = CARTESIAN_POINT('',(0.,0.));
#8491 = CARTESIAN_POINT('',(27.,0.));
#8492 = ( GEOMETRIC_REPRESENTATION_CONTEXT(2) 
PARAMETRIC_REPRESENTATION_CONTEXT() REPRESENTATION_CONTEXT('2D SPACE',''
  ) );
#8493 = ADVANCED_FACE('',(#8494),#2628,.T.);
#8494 = FACE_BOUND('',#8495,.T.);
#8495 = EDGE_LOOP('',(#8496,#8519,#8520,#8521));
#8496 = ORIENTED_EDGE('',*,*,#8497,.F.);
#8497 = EDGE_CURVE('',#2588,#8498,#8500,.T.);
#8498 = VERTEX_POINT('',#8499);
#8499 = CARTESIAN_POINT('',(2.25,-1.47,11.9));
#8500 = SURFACE_CURVE('',#8501,(#8505,#8512),.PCURVE_S1.);
#8501 = LINE('',#8502,#8503);
#8502 = CARTESIAN_POINT('',(2.25,-1.47,-1.));
#8503 = VECTOR('',#8504,1.);
#8504 = DIRECTION('',(0.,0.,1.));
#8505 = PCURVE('',#2628,#8506);
#8506 = DEFINITIONAL_REPRESENTATION('',(#8507),#8511);
#8507 = LINE('',#8508,#8509);
#8508 = CARTESIAN_POINT('',(4.5,0.));
#8509 = VECTOR('',#8510,1.);
#8510 = DIRECTION('',(0.,-1.));
#8511 = ( GEOMETRIC_REPRESENTATION_CONTEXT(2) 
PARAMETRIC_REPRESENTATION_CONTEXT() REPRESENTATION_CONTEXT('2D SPACE',''
  ) );
#8512 = PCURVE('',#2602,#8513);
#8513 = DEFINITIONAL_REPRESENTATION('',(#8514),#8518);
#8514 = LINE('',#8515,#8516);
#8515 = CARTESIAN_POINT('',(0.,0.));
#8516 = VECTOR('',#8517,1.);
#8517 = DIRECTION('',(0.,-1.));
#8518 = ( GEOMETRIC_REPRESENTATION_CONTEXT(2) 
PARAMETRIC_REPRESENTATION_CONTEXT() REPRESENTATION_CONTEXT('2D SPACE',''
  ) );
#8519 = ORIENTED_EDGE('',*,*,#2613,.T.);
#8520 = ORIENTED_EDGE('',*,*,#8449,.T.);
#8521 = ORIENTED_EDGE('',*,*,#8522,.T.);
#8522 = EDGE_CURVE('',#8450,#8498,#8523,.T.);
#8523 = SURFACE_CURVE('',#8524,(#8528,#8535),.PCURVE_S1.);
#8524 = LINE('',#8525,#8526);
#8525 = CARTESIAN_POINT('',(-2.25,-1.47,11.9));
#8526 = VECTOR('',#8527,1.);
#8527 = DIRECTION('',(1.,0.,0.));
#8528 = PCURVE('',#2628,#8529);
#8529 = DEFINITIONAL_REPRESENTATION('',(#8530),#8534);
#8530 = LINE('',#8531,#8532);
#8531 = CARTESIAN_POINT('',(0.,-12.9));
#8532 = VECTOR('',#8533,1.);
#8533 = DIRECTION('',(1.,0.));
#8534 = ( GEOMETRIC_REPRESENTATION_CONTEXT(2) 
PARAMETRIC_REPRESENTATION_CONTEXT() REPRESENTATION_CONTEXT('2D SPACE',''
  ) );
#8535 = PCURVE('',#2948,#8536);
#8536 = DEFINITIONAL_REPRESENTATION('',(#8537),#8540);
#8537 = B_SPLINE_CURVE_WITH_KNOTS('',1,(#8538,#8539),.UNSPECIFIED.,.F.,
  .F.,(2,2),(0.,4.5),.PIECEWISE_BEZIER_KNOTS.);
#8538 = CARTESIAN_POINT('',(0.,0.));
#8539 = CARTESIAN_POINT('',(5.7,0.));
#8540 = ( GEOMETRIC_REPRESENTATION_CONTEXT(2) 
PARAMETRIC_REPRESENTATION_CONTEXT() REPRESENTATION_CONTEXT('2D SPACE',''
  ) );
#8541 = ADVANCED_FACE('',(#8542,#8567,#8681),#2602,.T.);
#8542 = FACE_BOUND('',#8543,.T.);
#8543 = EDGE_LOOP('',(#8544,#8545,#8546,#8547));
#8544 = ORIENTED_EDGE('',*,*,#7983,.F.);
#8545 = ORIENTED_EDGE('',*,*,#2587,.T.);
#8546 = ORIENTED_EDGE('',*,*,#8497,.T.);
#8547 = ORIENTED_EDGE('',*,*,#8548,.T.);
#8548 = EDGE_CURVE('',#8498,#7984,#8549,.T.);
#8549 = SURFACE_CURVE('',#8550,(#8554,#8561),.PCURVE_S1.);
#8550 = LINE('',#8551,#8552);
#8551 = CARTESIAN_POINT('',(2.25,-1.47,11.9));
#8552 = VECTOR('',#8553,1.);
#8553 = DIRECTION('',(0.,1.,0.));
#8554 = PCURVE('',#2602,#8555);
#8555 = DEFINITIONAL_REPRESENTATION('',(#8556),#8560);
#8556 = LINE('',#8557,#8558);
#8557 = CARTESIAN_POINT('',(0.,-12.9));
#8558 = VECTOR('',#8559,1.);
#8559 = DIRECTION('',(1.,0.));
#8560 = ( GEOMETRIC_REPRESENTATION_CONTEXT(2) 
PARAMETRIC_REPRESENTATION_CONTEXT() REPRESENTATION_CONTEXT('2D SPACE',''
  ) );
#8561 = PCURVE('',#2920,#8562);
#8562 = DEFINITIONAL_REPRESENTATION('',(#8563),#8566);
#8563 = B_SPLINE_CURVE_WITH_KNOTS('',1,(#8564,#8565),.UNSPECIFIED.,.F.,
  .F.,(2,2),(0.,25.8),.PIECEWISE_BEZIER_KNOTS.);
#8564 = CARTESIAN_POINT('',(0.,0.));
#8565 = CARTESIAN_POINT('',(27.,0.));
#8566 = ( GEOMETRIC_REPRESENTATION_CONTEXT(2) 
PARAMETRIC_REPRESENTATION_CONTEXT() REPRESENTATION_CONTEXT('2D SPACE',''
  ) );
#8567 = FACE_BOUND('',#8568,.T.);
#8568 = EDGE_LOOP('',(#8569,#8599,#8627,#8655));
#8569 = ORIENTED_EDGE('',*,*,#8570,.F.);
#8570 = EDGE_CURVE('',#8571,#8573,#8575,.T.);
#8571 = VERTEX_POINT('',#8572);
#8572 = CARTESIAN_POINT('',(2.25,1.54,1.));
#8573 = VERTEX_POINT('',#8574);
#8574 = CARTESIAN_POINT('',(2.25,1.54,7.5));
#8575 = SURFACE_CURVE('',#8576,(#8580,#8587),.PCURVE_S1.);
#8576 = LINE('',#8577,#8578);
#8577 = CARTESIAN_POINT('',(2.25,1.54,1.));
#8578 = VECTOR('',#8579,1.);
#8579 = DIRECTION('',(0.,0.,1.));
#8580 = PCURVE('',#2602,#8581);
#8581 = DEFINITIONAL_REPRESENTATION('',(#8582),#8586);
#8582 = LINE('',#8583,#8584);
#8583 = CARTESIAN_POINT('',(3.01,-2.));
#8584 = VECTOR('',#8585,1.);
#8585 = DIRECTION('',(0.,-1.));
#8586 = ( GEOMETRIC_REPRESENTATION_CONTEXT(2) 
PARAMETRIC_REPRESENTATION_CONTEXT() REPRESENTATION_CONTEXT('2D SPACE',''
  ) );
#8587 = PCURVE('',#8588,#8593);
#8588 = PLANE('',#8589);
#8589 = AXIS2_PLACEMENT_3D('',#8590,#8591,#8592);
#8590 = CARTESIAN_POINT('',(1.25,1.54,1.));
#8591 = DIRECTION('',(0.,1.,0.));
#8592 = DIRECTION('',(1.,0.,0.));
#8593 = DEFINITIONAL_REPRESENTATION('',(#8594),#8598);
#8594 = LINE('',#8595,#8596);
#8595 = CARTESIAN_POINT('',(1.,0.));
#8596 = VECTOR('',#8597,1.);
#8597 = DIRECTION('',(0.,-1.));
#8598 = ( GEOMETRIC_REPRESENTATION_CONTEXT(2) 
PARAMETRIC_REPRESENTATION_CONTEXT() REPRESENTATION_CONTEXT('2D SPACE',''
  ) );
#8599 = ORIENTED_EDGE('',*,*,#8600,.T.);
#8600 = EDGE_CURVE('',#8571,#8601,#8603,.T.);
#8601 = VERTEX_POINT('',#8602);
#8602 = CARTESIAN_POINT('',(2.25,3.54,1.));
#8603 = SURFACE_CURVE('',#8604,(#8608,#8615),.PCURVE_S1.);
#8604 = LINE('',#8605,#8606);
#8605 = CARTESIAN_POINT('',(2.25,1.54,1.));
#8606 = VECTOR('',#8607,1.);
#8607 = DIRECTION('',(0.,1.,0.));
#8608 = PCURVE('',#2602,#8609);
#8609 = DEFINITIONAL_REPRESENTATION('',(#8610),#8614);
#8610 = LINE('',#8611,#8612);
#8611 = CARTESIAN_POINT('',(3.01,-2.));
#8612 = VECTOR('',#8613,1.);
#8613 = DIRECTION('',(1.,0.));
#8614 = ( GEOMETRIC_REPRESENTATION_CONTEXT(2) 
PARAMETRIC_REPRESENTATION_CONTEXT() REPRESENTATION_CONTEXT('2D SPACE',''
  ) );
#8615 = PCURVE('',#8616,#8621);
#8616 = PLANE('',#8617);
#8617 = AXIS2_PLACEMENT_3D('',#8618,#8619,#8620);
#8618 = CARTESIAN_POINT('',(1.75,2.54,1.));
#8619 = DIRECTION('',(0.,0.,1.));
#8620 = DIRECTION('',(1.,0.,-0.));
#8621 = DEFINITIONAL_REPRESENTATION('',(#8622),#8626);
#8622 = LINE('',#8623,#8624);
#8623 = CARTESIAN_POINT('',(0.5,-1.));
#8624 = VECTOR('',#8625,1.);
#8625 = DIRECTION('',(0.,1.));
#8626 = ( GEOMETRIC_REPRESENTATION_CONTEXT(2) 
PARAMETRIC_REPRESENTATION_CONTEXT() REPRESENTATION_CONTEXT('2D SPACE',''
  ) );
#8627 = ORIENTED_EDGE('',*,*,#8628,.T.);
#8628 = EDGE_CURVE('',#8601,#8629,#8631,.T.);
#8629 = VERTEX_POINT('',#8630);
#8630 = CARTESIAN_POINT('',(2.25,3.54,7.5));
#8631 = SURFACE_CURVE('',#8632,(#8636,#8643),.PCURVE_S1.);
#8632 = LINE('',#8633,#8634);
#8633 = CARTESIAN_POINT('',(2.25,3.54,1.));
#8634 = VECTOR('',#8635,1.);
#8635 = DIRECTION('',(0.,0.,1.));
#8636 = PCURVE('',#2602,#8637);
#8637 = DEFINITIONAL_REPRESENTATION('',(#8638),#8642);
#8638 = LINE('',#8639,#8640);
#8639 = CARTESIAN_POINT('',(5.01,-2.));
#8640 = VECTOR('',#8641,1.);
#8641 = DIRECTION('',(0.,-1.));
#8642 = ( GEOMETRIC_REPRESENTATION_CONTEXT(2) 
PARAMETRIC_REPRESENTATION_CONTEXT() REPRESENTATION_CONTEXT('2D SPACE',''
  ) );
#8643 = PCURVE('',#8644,#8649);
#8644 = PLANE('',#8645);
#8645 = AXIS2_PLACEMENT_3D('',#8646,#8647,#8648);
#8646 = CARTESIAN_POINT('',(2.25,3.54,1.));
#8647 = DIRECTION('',(0.,-1.,0.));
#8648 = DIRECTION('',(-1.,0.,0.));
#8649 = DEFINITIONAL_REPRESENTATION('',(#8650),#8654);
#8650 = LINE('',#8651,#8652);
#8651 = CARTESIAN_POINT('',(0.,-0.));
#8652 = VECTOR('',#8653,1.);
#8653 = DIRECTION('',(0.,-1.));
#8654 = ( GEOMETRIC_REPRESENTATION_CONTEXT(2) 
PARAMETRIC_REPRESENTATION_CONTEXT() REPRESENTATION_CONTEXT('2D SPACE',''
  ) );
#8655 = ORIENTED_EDGE('',*,*,#8656,.F.);
#8656 = EDGE_CURVE('',#8573,#8629,#8657,.T.);
#8657 = SURFACE_CURVE('',#8658,(#8662,#8669),.PCURVE_S1.);
#8658 = LINE('',#8659,#8660);
#8659 = CARTESIAN_POINT('',(2.25,1.54,7.5));
#8660 = VECTOR('',#8661,1.);
#8661 = DIRECTION('',(0.,1.,0.));
#8662 = PCURVE('',#2602,#8663);
#8663 = DEFINITIONAL_REPRESENTATION('',(#8664),#8668);
#8664 = LINE('',#8665,#8666);
#8665 = CARTESIAN_POINT('',(3.01,-8.5));
#8666 = VECTOR('',#8667,1.);
#8667 = DIRECTION('',(1.,0.));
#8668 = ( GEOMETRIC_REPRESENTATION_CONTEXT(2) 
PARAMETRIC_REPRESENTATION_CONTEXT() REPRESENTATION_CONTEXT('2D SPACE',''
  ) );
#8669 = PCURVE('',#8670,#8675);
#8670 = PLANE('',#8671);
#8671 = AXIS2_PLACEMENT_3D('',#8672,#8673,#8674);
#8672 = CARTESIAN_POINT('',(1.75,2.54,7.5));
#8673 = DIRECTION('',(0.,0.,1.));
#8674 = DIRECTION('',(1.,0.,-0.));
#8675 = DEFINITIONAL_REPRESENTATION('',(#8676),#8680);
#8676 = LINE('',#8677,#8678);
#8677 = CARTESIAN_POINT('',(0.5,-1.));
#8678 = VECTOR('',#8679,1.);
#8679 = DIRECTION('',(0.,1.));
#8680 = ( GEOMETRIC_REPRESENTATION_CONTEXT(2) 
PARAMETRIC_REPRESENTATION_CONTEXT() REPRESENTATION_CONTEXT('2D SPACE',''
  ) );
#8681 = FACE_BOUND('',#8682,.T.);
#8682 = EDGE_LOOP('',(#8683,#8713,#8741,#8769));
#8683 = ORIENTED_EDGE('',*,*,#8684,.F.);
#8684 = EDGE_CURVE('',#8685,#8687,#8689,.T.);
#8685 = VERTEX_POINT('',#8686);
#8686 = CARTESIAN_POINT('',(2.25,19.32,1.));
#8687 = VERTEX_POINT('',#8688);
#8688 = CARTESIAN_POINT('',(2.25,19.32,7.5));
#8689 = SURFACE_CURVE('',#8690,(#8694,#8701),.PCURVE_S1.);
#8690 = LINE('',#8691,#8692);
#8691 = CARTESIAN_POINT('',(2.25,19.32,1.));
#8692 = VECTOR('',#8693,1.);
#8693 = DIRECTION('',(0.,0.,1.));
#8694 = PCURVE('',#2602,#8695);
#8695 = DEFINITIONAL_REPRESENTATION('',(#8696),#8700);
#8696 = LINE('',#8697,#8698);
#8697 = CARTESIAN_POINT('',(20.79,-2.));
#8698 = VECTOR('',#8699,1.);
#8699 = DIRECTION('',(0.,-1.));
#8700 = ( GEOMETRIC_REPRESENTATION_CONTEXT(2) 
PARAMETRIC_REPRESENTATION_CONTEXT() REPRESENTATION_CONTEXT('2D SPACE',''
  ) );
#8701 = PCURVE('',#8702,#8707);
#8702 = PLANE('',#8703);
#8703 = AXIS2_PLACEMENT_3D('',#8704,#8705,#8706);
#8704 = CARTESIAN_POINT('',(1.25,19.32,1.));
#8705 = DIRECTION('',(0.,1.,0.));
#8706 = DIRECTION('',(1.,0.,0.));
#8707 = DEFINITIONAL_REPRESENTATION('',(#8708),#8712);
#8708 = LINE('',#8709,#8710);
#8709 = CARTESIAN_POINT('',(1.,0.));
#8710 = VECTOR('',#8711,1.);
#8711 = DIRECTION('',(0.,-1.));
#8712 = ( GEOMETRIC_REPRESENTATION_CONTEXT(2) 
PARAMETRIC_REPRESENTATION_CONTEXT() REPRESENTATION_CONTEXT('2D SPACE',''
  ) );
#8713 = ORIENTED_EDGE('',*,*,#8714,.T.);
#8714 = EDGE_CURVE('',#8685,#8715,#8717,.T.);
#8715 = VERTEX_POINT('',#8716);
#8716 = CARTESIAN_POINT('',(2.25,21.32,1.));
#8717 = SURFACE_CURVE('',#8718,(#8722,#8729),.PCURVE_S1.);
#8718 = LINE('',#8719,#8720);
#8719 = CARTESIAN_POINT('',(2.25,19.32,1.));
#8720 = VECTOR('',#8721,1.);
#8721 = DIRECTION('',(0.,1.,0.));
#8722 = PCURVE('',#2602,#8723);
#8723 = DEFINITIONAL_REPRESENTATION('',(#8724),#8728);
#8724 = LINE('',#8725,#8726);
#8725 = CARTESIAN_POINT('',(20.79,-2.));
#8726 = VECTOR('',#8727,1.);
#8727 = DIRECTION('',(1.,0.));
#8728 = ( GEOMETRIC_REPRESENTATION_CONTEXT(2) 
PARAMETRIC_REPRESENTATION_CONTEXT() REPRESENTATION_CONTEXT('2D SPACE',''
  ) );
#8729 = PCURVE('',#8730,#8735);
#8730 = PLANE('',#8731);
#8731 = AXIS2_PLACEMENT_3D('',#8732,#8733,#8734);
#8732 = CARTESIAN_POINT('',(1.75,20.32,1.));
#8733 = DIRECTION('',(0.,0.,1.));
#8734 = DIRECTION('',(1.,0.,-0.));
#8735 = DEFINITIONAL_REPRESENTATION('',(#8736),#8740);
#8736 = LINE('',#8737,#8738);
#8737 = CARTESIAN_POINT('',(0.5,-1.));
#8738 = VECTOR('',#8739,1.);
#8739 = DIRECTION('',(0.,1.));
#8740 = ( GEOMETRIC_REPRESENTATION_CONTEXT(2) 
PARAMETRIC_REPRESENTATION_CONTEXT() REPRESENTATION_CONTEXT('2D SPACE',''
  ) );
#8741 = ORIENTED_EDGE('',*,*,#8742,.T.);
#8742 = EDGE_CURVE('',#8715,#8743,#8745,.T.);
#8743 = VERTEX_POINT('',#8744);
#8744 = CARTESIAN_POINT('',(2.25,21.32,7.5));
#8745 = SURFACE_CURVE('',#8746,(#8750,#8757),.PCURVE_S1.);
#8746 = LINE('',#8747,#8748);
#8747 = CARTESIAN_POINT('',(2.25,21.32,1.));
#8748 = VECTOR('',#8749,1.);
#8749 = DIRECTION('',(0.,0.,1.));
#8750 = PCURVE('',#2602,#8751);
#8751 = DEFINITIONAL_REPRESENTATION('',(#8752),#8756);
#8752 = LINE('',#8753,#8754);
#8753 = CARTESIAN_POINT('',(22.79,-2.));
#8754 = VECTOR('',#8755,1.);
#8755 = DIRECTION('',(0.,-1.));
#8756 = ( GEOMETRIC_REPRESENTATION_CONTEXT(2) 
PARAMETRIC_REPRESENTATION_CONTEXT() REPRESENTATION_CONTEXT('2D SPACE',''
  ) );
#8757 = PCURVE('',#8758,#8763);
#8758 = PLANE('',#8759);
#8759 = AXIS2_PLACEMENT_3D('',#8760,#8761,#8762);
#8760 = CARTESIAN_POINT('',(2.25,21.32,1.));
#8761 = DIRECTION('',(0.,-1.,0.));
#8762 = DIRECTION('',(-1.,0.,0.));
#8763 = DEFINITIONAL_REPRESENTATION('',(#8764),#8768);
#8764 = LINE('',#8765,#8766);
#8765 = CARTESIAN_POINT('',(0.,-0.));
#8766 = VECTOR('',#8767,1.);
#8767 = DIRECTION('',(0.,-1.));
#8768 = ( GEOMETRIC_REPRESENTATION_CONTEXT(2) 
PARAMETRIC_REPRESENTATION_CONTEXT() REPRESENTATION_CONTEXT('2D SPACE',''
  ) );
#8769 = ORIENTED_EDGE('',*,*,#8770,.F.);
#8770 = EDGE_CURVE('',#8687,#8743,#8771,.T.);
#8771 = SURFACE_CURVE('',#8772,(#8776,#8783),.PCURVE_S1.);
#8772 = LINE('',#8773,#8774);
#8773 = CARTESIAN_POINT('',(2.25,19.32,7.5));
#8774 = VECTOR('',#8775,1.);
#8775 = DIRECTION('',(0.,1.,0.));
#8776 = PCURVE('',#2602,#8777);
#8777 = DEFINITIONAL_REPRESENTATION('',(#8778),#8782);
#8778 = LINE('',#8779,#8780);
#8779 = CARTESIAN_POINT('',(20.79,-8.5));
#8780 = VECTOR('',#8781,1.);
#8781 = DIRECTION('',(1.,0.));
#8782 = ( GEOMETRIC_REPRESENTATION_CONTEXT(2) 
PARAMETRIC_REPRESENTATION_CONTEXT() REPRESENTATION_CONTEXT('2D SPACE',''
  ) );
#8783 = PCURVE('',#8784,#8789);
#8784 = PLANE('',#8785);
#8785 = AXIS2_PLACEMENT_3D('',#8786,#8787,#8788);
#8786 = CARTESIAN_POINT('',(1.75,20.32,7.5));
#8787 = DIRECTION('',(0.,0.,1.));
#8788 = DIRECTION('',(1.,0.,-0.));
#8789 = DEFINITIONAL_REPRESENTATION('',(#8790),#8794);
#8790 = LINE('',#8791,#8792);
#8791 = CARTESIAN_POINT('',(0.5,-1.));
#8792 = VECTOR('',#8793,1.);
#8793 = DIRECTION('',(0.,1.));
#8794 = ( GEOMETRIC_REPRESENTATION_CONTEXT(2) 
PARAMETRIC_REPRESENTATION_CONTEXT() REPRESENTATION_CONTEXT('2D SPACE',''
  ) );
#8795 = ADVANCED_FACE('',(#8796),#2836,.F.);
#8796 = FACE_BOUND('',#8797,.F.);
#8797 = EDGE_LOOP('',(#8798,#8876,#8877,#8897));
#8798 = ORIENTED_EDGE('',*,*,#8799,.F.);
#8799 = EDGE_CURVE('',#8030,#2819,#8800,.T.);
#8800 = SURFACE_CURVE('',#8801,(#8824,#8850),.PCURVE_S1.);
#8801 = B_SPLINE_CURVE_WITH_KNOTS('',6,(#8802,#8803,#8804,#8805,#8806,
    #8807,#8808,#8809,#8810,#8811,#8812,#8813,#8814,#8815,#8816,#8817,
    #8818,#8819,#8820,#8821,#8822,#8823),.UNSPECIFIED.,.F.,.F.,(7,5,5,5,
    7),(0.,0.137814983744,0.376810621896,0.5907463184,1.),
  .UNSPECIFIED.);
#8802 = CARTESIAN_POINT('',(-2.25,1.3,11.9));
#8803 = CARTESIAN_POINT('',(-2.259937011859,1.309937011859,
    11.909937011859));
#8804 = CARTESIAN_POINT('',(-2.270168256602,1.320168256602,
    11.920168256602));
#8805 = CARTESIAN_POINT('',(-2.280693715796,1.330693715796,
    11.930693715796));
#8806 = CARTESIAN_POINT('',(-2.291510813619,1.341510813619,
    11.941510813619));
#8807 = CARTESIAN_POINT('',(-2.302614416859,1.352614416859,
    11.952614416859));
#8808 = CARTESIAN_POINT('',(-2.333735967721,1.383735967721,
    11.983735967721));
#8809 = CARTESIAN_POINT('',(-2.354315515416,1.404315515416,
    12.004315515416));
#8810 = CARTESIAN_POINT('',(-2.375692488349,1.425692488349,
    12.025692488349));
#8811 = CARTESIAN_POINT('',(-2.397808130514,1.447808130514,
    12.047808130514));
#8812 = CARTESIAN_POINT('',(-2.420593331002,1.470593331002,
    12.070593331002));
#8813 = CARTESIAN_POINT('',(-2.464903150865,1.514903150865,
    12.114903150865));
#8814 = CARTESIAN_POINT('',(-2.486311006551,1.536311006551,
    12.136311006551));
#8815 = CARTESIAN_POINT('',(-2.508147096922,1.558147096922,
    12.158147096922));
#8816 = CARTESIAN_POINT('',(-2.530362413449,1.580362413449,
    12.180362413449));
#8817 = CARTESIAN_POINT('',(-2.552912230762,1.602912230762,
    12.202912230762));
#8818 = CARTESIAN_POINT('',(-2.619463990511,1.669463990511,
    12.269463990511));
#8819 = CARTESIAN_POINT('',(-2.664245049452,1.714245049452,
    12.314245049452));
#8820 = CARTESIAN_POINT('',(-2.709854481168,1.759854481168,
    12.359854481168));
#8821 = CARTESIAN_POINT('',(-2.756094200773,1.806094200773,
    12.406094200773));
#8822 = CARTESIAN_POINT('',(-2.802832346824,1.852832346824,
    12.452832346824));
#8823 = CARTESIAN_POINT('',(-2.85,1.9,12.5));
#8824 = PCURVE('',#2836,#8825);
#8825 = DEFINITIONAL_REPRESENTATION('',(#8826),#8849);
#8826 = B_SPLINE_CURVE_WITH_KNOTS('',6,(#8827,#8828,#8829,#8830,#8831,
    #8832,#8833,#8834,#8835,#8836,#8837,#8838,#8839,#8840,#8841,#8842,
    #8843,#8844,#8845,#8846,#8847,#8848),.UNSPECIFIED.,.F.,.F.,(7,5,5,5,
    7),(0.,0.137814983744,0.376810621896,0.5907463184,1.),
  .UNSPECIFIED.);
#8827 = CARTESIAN_POINT('',(4.176481778766E-11,1.582301057957E-11));
#8828 = CARTESIAN_POINT('',(4.372266068225E-02,1.656168641835E-02));
#8829 = CARTESIAN_POINT('',(8.665517379784E-02,3.36137609997E-02));
#8830 = CARTESIAN_POINT('',(0.128750788479,5.115619300141E-02));
#8831 = CARTESIAN_POINT('',(0.169968467956,6.918468937034E-02));
#8832 = CARTESIAN_POINT('',(0.210272889596,8.769069475872E-02));
#8833 = CARTESIAN_POINT('',(0.317894486701,0.139559946202));
#8834 = CARTESIAN_POINT('',(0.383327896279,0.17385919236));
#8835 = CARTESIAN_POINT('',(0.445770904127,0.209487480581));
#8836 = CARTESIAN_POINT('',(0.505163091093,0.24634688419));
#8837 = CARTESIAN_POINT('',(0.561523423559,0.284322218337));
#8838 = CARTESIAN_POINT('',(0.662729582594,0.358171918108));
#8839 = CARTESIAN_POINT('',(0.708165940408,0.393851677585));
#8840 = CARTESIAN_POINT('',(0.751294110731,0.430245161536));
#8841 = CARTESIAN_POINT('',(0.792211235925,0.467270689081));
#8842 = CARTESIAN_POINT('',(0.831036042708,0.504853717937));
#8843 = CARTESIAN_POINT('',(0.93839688171,0.615773317528));
#8844 = CARTESIAN_POINT('',(1.001680733667,0.690408415713));
#8845 = CARTESIAN_POINT('',(1.058654440311,0.766424135355));
#8846 = CARTESIAN_POINT('',(1.110218796269,0.84349033454));
#8847 = CARTESIAN_POINT('',(1.15712021076,0.921387244759));
#8848 = CARTESIAN_POINT('',(1.19999999999,0.999999999982));
#8849 = ( GEOMETRIC_REPRESENTATION_CONTEXT(2) 
PARAMETRIC_REPRESENTATION_CONTEXT() REPRESENTATION_CONTEXT('2D SPACE',''
  ) );
#8850 = PCURVE('',#2864,#8851);
#8851 = DEFINITIONAL_REPRESENTATION('',(#8852),#8875);
#8852 = B_SPLINE_CURVE_WITH_KNOTS('',6,(#8853,#8854,#8855,#8856,#8857,
    #8858,#8859,#8860,#8861,#8862,#8863,#8864,#8865,#8866,#8867,#8868,
    #8869,#8870,#8871,#8872,#8873,#8874),.UNSPECIFIED.,.F.,.F.,(7,5,5,5,
    7),(0.,0.137814983744,0.376810621896,0.5907463184,1.),
  .UNSPECIFIED.);
#8853 = CARTESIAN_POINT('',(24.101162790698,0.));
#8854 = CARTESIAN_POINT('',(24.082597411551,1.656168643212E-02));
#8855 = CARTESIAN_POINT('',(24.06351659684,3.361376100383E-02));
#8856 = CARTESIAN_POINT('',(24.043924159775,5.115619299393E-02));
#8857 = CARTESIAN_POINT('',(24.023828715836,6.918468936531E-02));
#8858 = CARTESIAN_POINT('',(24.003243682772,8.769069476499E-02));
#8859 = CARTESIAN_POINT('',(23.9456717279,0.139559946202));
#8860 = CARTESIAN_POINT('',(23.907734895925,0.17385919236));
#8861 = CARTESIAN_POINT('',(23.868476789986,0.209487480581));
#8862 = CARTESIAN_POINT('',(23.828025561288,0.24634688419));
#8863 = CARTESIAN_POINT('',(23.78652605222,0.284322218337));
#8864 = CARTESIAN_POINT('',(23.706176261805,0.358171918108));
#8865 = CARTESIAN_POINT('',(23.667501618703,0.393851677585));
#8866 = CARTESIAN_POINT('',(23.628207509471,0.430245161536));
#8867 = CARTESIAN_POINT('',(23.5883920402,0.467270689081));
#8868 = CARTESIAN_POINT('',(23.548143535922,0.504853717937));
#8869 = CARTESIAN_POINT('',(23.429854076286,0.615773317518));
#8870 = CARTESIAN_POINT('',(23.350876039851,0.690408415753));
#8871 = CARTESIAN_POINT('',(23.271089556385,0.76642413528));
#8872 = CARTESIAN_POINT('',(23.190871082848,0.843490334621));
#8873 = CARTESIAN_POINT('',(23.110464518059,0.921387244707));
#8874 = CARTESIAN_POINT('',(23.03,1.));
#8875 = ( GEOMETRIC_REPRESENTATION_CONTEXT(2) 
PARAMETRIC_REPRESENTATION_CONTEXT() REPRESENTATION_CONTEXT('2D SPACE',''
  ) );
#8876 = ORIENTED_EDGE('',*,*,#8330,.T.);
#8877 = ORIENTED_EDGE('',*,*,#8878,.T.);
#8878 = EDGE_CURVE('',#8306,#2821,#8879,.T.);
#8879 = SURFACE_CURVE('',#8880,(#8883,#8890),.PCURVE_S1.);
#8880 = B_SPLINE_CURVE_WITH_KNOTS('',1,(#8881,#8882),.UNSPECIFIED.,.F.,
  .F.,(2,2),(0.,1.),.PIECEWISE_BEZIER_KNOTS.);
#8881 = CARTESIAN_POINT('',(-3.25,1.3,11.9));
#8882 = CARTESIAN_POINT('',(-3.85,1.9,12.5));
#8883 = PCURVE('',#2836,#8884);
#8884 = DEFINITIONAL_REPRESENTATION('',(#8885),#8889);
#8885 = LINE('',#8886,#8887);
#8886 = CARTESIAN_POINT('',(2.2,0.));
#8887 = VECTOR('',#8888,1.);
#8888 = DIRECTION('',(0.,1.));
#8889 = ( GEOMETRIC_REPRESENTATION_CONTEXT(2) 
PARAMETRIC_REPRESENTATION_CONTEXT() REPRESENTATION_CONTEXT('2D SPACE',''
  ) );
#8890 = PCURVE('',#3030,#8891);
#8891 = DEFINITIONAL_REPRESENTATION('',(#8892),#8896);
#8892 = LINE('',#8893,#8894);
#8893 = CARTESIAN_POINT('',(0.,0.));
#8894 = VECTOR('',#8895,1.);
#8895 = DIRECTION('',(0.,1.));
#8896 = ( GEOMETRIC_REPRESENTATION_CONTEXT(2) 
PARAMETRIC_REPRESENTATION_CONTEXT() REPRESENTATION_CONTEXT('2D SPACE',''
  ) );
#8897 = ORIENTED_EDGE('',*,*,#2818,.F.);
#8898 = ADVANCED_FACE('',(#8899),#3030,.F.);
#8899 = FACE_BOUND('',#8900,.F.);
#8900 = EDGE_LOOP('',(#8901,#8902,#8922,#8923));
#8901 = ORIENTED_EDGE('',*,*,#8378,.T.);
#8902 = ORIENTED_EDGE('',*,*,#8903,.T.);
#8903 = EDGE_CURVE('',#8354,#2989,#8904,.T.);
#8904 = SURFACE_CURVE('',#8905,(#8908,#8915),.PCURVE_S1.);
#8905 = B_SPLINE_CURVE_WITH_KNOTS('',1,(#8906,#8907),.UNSPECIFIED.,.F.,
  .F.,(2,2),(0.,1.),.PIECEWISE_BEZIER_KNOTS.);
#8906 = CARTESIAN_POINT('',(-3.25,-1.3,11.9));
#8907 = CARTESIAN_POINT('',(-3.85,-1.9,12.5));
#8908 = PCURVE('',#3030,#8909);
#8909 = DEFINITIONAL_REPRESENTATION('',(#8910),#8914);
#8910 = LINE('',#8911,#8912);
#8911 = CARTESIAN_POINT('',(3.8,0.));
#8912 = VECTOR('',#8913,1.);
#8913 = DIRECTION('',(0.,1.));
#8914 = ( GEOMETRIC_REPRESENTATION_CONTEXT(2) 
PARAMETRIC_REPRESENTATION_CONTEXT() REPRESENTATION_CONTEXT('2D SPACE',''
  ) );
#8915 = PCURVE('',#3004,#8916);
#8916 = DEFINITIONAL_REPRESENTATION('',(#8917),#8921);
#8917 = LINE('',#8918,#8919);
#8918 = CARTESIAN_POINT('',(0.,0.));
#8919 = VECTOR('',#8920,1.);
#8920 = DIRECTION('',(0.,1.));
#8921 = ( GEOMETRIC_REPRESENTATION_CONTEXT(2) 
PARAMETRIC_REPRESENTATION_CONTEXT() REPRESENTATION_CONTEXT('2D SPACE',''
  ) );
#8922 = ORIENTED_EDGE('',*,*,#3016,.F.);
#8923 = ORIENTED_EDGE('',*,*,#8878,.F.);
#8924 = ADVANCED_FACE('',(#8925),#3004,.F.);
#8925 = FACE_BOUND('',#8926,.F.);
#8926 = EDGE_LOOP('',(#8927,#8928,#8929,#8995));
#8927 = ORIENTED_EDGE('',*,*,#8903,.F.);
#8928 = ORIENTED_EDGE('',*,*,#8426,.T.);
#8929 = ORIENTED_EDGE('',*,*,#8930,.F.);
#8930 = EDGE_CURVE('',#2961,#8402,#8931,.T.);
#8931 = SURFACE_CURVE('',#8932,(#8951,#8973),.PCURVE_S1.);
#8932 = B_SPLINE_CURVE_WITH_KNOTS('',5,(#8933,#8934,#8935,#8936,#8937,
    #8938,#8939,#8940,#8941,#8942,#8943,#8944,#8945,#8946,#8947,#8948,
    #8949,#8950),.UNSPECIFIED.,.F.,.F.,(6,4,4,4,6),(0.,0.33574632174,
    0.539010481246,0.75794883187,1.),.UNSPECIFIED.);
#8933 = CARTESIAN_POINT('',(-2.85,-1.9,12.5));
#8934 = CARTESIAN_POINT('',(-2.802392943817,-1.852392943817,
    12.452392943817));
#8935 = CARTESIAN_POINT('',(-2.755246016665,-1.805246016665,
    12.405246016665));
#8936 = CARTESIAN_POINT('',(-2.708680986412,-1.758680986412,
    12.358680986412));
#8937 = CARTESIAN_POINT('',(-2.662932748052,-1.712932748052,
    12.312932748052));
#8938 = CARTESIAN_POINT('',(-2.591312330907,-1.641312330907,
    12.241312330907));
#8939 = CARTESIAN_POINT('',(-2.564722316982,-1.614722316982,
    12.214722316982));
#8940 = CARTESIAN_POINT('',(-2.538624149647,-1.588624149647,
    12.188624149647));
#8941 = CARTESIAN_POINT('',(-2.513107889909,-1.563107889909,
    12.163107889909));
#8942 = CARTESIAN_POINT('',(-2.461508167364,-1.511508167364,
    12.111508167364));
#8943 = CARTESIAN_POINT('',(-2.435530548016,-1.485530548016,
    12.085530548016));
#8944 = CARTESIAN_POINT('',(-2.410452816293,-1.460452816293,
    12.060452816293));
#8945 = CARTESIAN_POINT('',(-2.386381423682,-1.436381423682,
    12.036381423682));
#8946 = CARTESIAN_POINT('',(-2.337968613782,-1.387968613782,
    11.987968613782));
#8947 = CARTESIAN_POINT('',(-2.313861556369,-1.363861556369,
    11.963861556369));
#8948 = CARTESIAN_POINT('',(-2.291169199394,-1.341169199394,
    11.941169199394));
#8949 = CARTESIAN_POINT('',(-2.269897293678,-1.319897293678,
    11.919897293678));
#8950 = CARTESIAN_POINT('',(-2.25,-1.3,11.9));
#8951 = PCURVE('',#3004,#8952);
#8952 = DEFINITIONAL_REPRESENTATION('',(#8953),#8972);
#8953 = B_SPLINE_CURVE_WITH_KNOTS('',5,(#8954,#8955,#8956,#8957,#8958,
    #8959,#8960,#8961,#8962,#8963,#8964,#8965,#8966,#8967,#8968,#8969,
    #8970,#8971),.UNSPECIFIED.,.F.,.F.,(6,4,4,4,6),(0.,0.33574632174,
    0.539010481246,0.75794883187,1.),.UNSPECIFIED.);
#8954 = CARTESIAN_POINT('',(1.000000000006,0.999999999989));
#8955 = CARTESIAN_POINT('',(1.043278618573,0.920654906388));
#8956 = CARTESIAN_POINT('',(1.090824881843,0.842076694409));
#8957 = CARTESIAN_POINT('',(1.14334697421,0.764468310708));
#8958 = CARTESIAN_POINT('',(1.201726932544,0.688221246747));
#8959 = CARTESIAN_POINT('',(1.306216120916,0.568853884845));
#8960 = CARTESIAN_POINT('',(1.348073215895,0.524537194969));
#8961 = CARTESIAN_POINT('',(1.392562240507,0.481040249412));
#8962 = CARTESIAN_POINT('',(1.439841572839,0.438513149848));
#8963 = CARTESIAN_POINT('',(1.543980952509,0.352513612274));
#8964 = CARTESIAN_POINT('',(1.601302187429,0.309217580026));
#8965 = CARTESIAN_POINT('',(1.662017781779,0.267421360488));
#8966 = CARTESIAN_POINT('',(1.726094439259,0.227302372803));
#8967 = CARTESIAN_POINT('',(1.867635242574,0.146614356306));
#8968 = CARTESIAN_POINT('',(1.945814105361,0.106435927274));
#8969 = CARTESIAN_POINT('',(2.027564750266,6.861533233523E-02));
#8970 = CARTESIAN_POINT('',(2.112452053279,3.316215612079E-02));
#8971 = CARTESIAN_POINT('',(2.19999999999,3.909845253661E-12));
#8972 = ( GEOMETRIC_REPRESENTATION_CONTEXT(2) 
PARAMETRIC_REPRESENTATION_CONTEXT() REPRESENTATION_CONTEXT('2D SPACE',''
  ) );
#8973 = PCURVE('',#2976,#8974);
#8974 = DEFINITIONAL_REPRESENTATION('',(#8975),#8994);
#8975 = B_SPLINE_CURVE_WITH_KNOTS('',5,(#8976,#8977,#8978,#8979,#8980,
    #8981,#8982,#8983,#8984,#8985,#8986,#8987,#8988,#8989,#8990,#8991,
    #8992,#8993),.UNSPECIFIED.,.F.,.F.,(6,4,4,4,6),(0.,0.33574632174,
    0.539010481246,0.75794883187,1.),.UNSPECIFIED.);
#8976 = CARTESIAN_POINT('',(26.83,1.));
#8977 = CARTESIAN_POINT('',(26.829400503611,0.920654906362));
#8978 = CARTESIAN_POINT('',(26.828801516988,0.842076694442));
#8979 = CARTESIAN_POINT('',(26.82820468137,0.764468310687));
#8980 = CARTESIAN_POINT('',(26.827613186358,0.688221246754));
#8981 = CARTESIAN_POINT('',(26.826679528908,0.568853884845));
#8982 = CARTESIAN_POINT('',(26.826331104802,0.524537194969));
#8983 = CARTESIAN_POINT('',(26.82598739289,0.481040249412));
#8984 = CARTESIAN_POINT('',(26.825649701079,0.438513149848));
#8985 = CARTESIAN_POINT('',(26.824963653926,0.352513612274));
#8986 = CARTESIAN_POINT('',(26.824616455767,0.309217580026));
#8987 = CARTESIAN_POINT('',(26.824279602821,0.267421360488));
#8988 = CARTESIAN_POINT('',(26.823954764644,0.227302372803));
#8989 = CARTESIAN_POINT('',(26.823298676674,0.146614356304));
#8990 = CARTESIAN_POINT('',(26.822970295967,0.106435927282));
#8991 = CARTESIAN_POINT('',(26.822659738832,6.861533232366E-02));
#8992 = CARTESIAN_POINT('',(26.822367431698,3.316215613003E-02));
#8993 = CARTESIAN_POINT('',(26.822093023256,0.));
#8994 = ( GEOMETRIC_REPRESENTATION_CONTEXT(2) 
PARAMETRIC_REPRESENTATION_CONTEXT() REPRESENTATION_CONTEXT('2D SPACE',''
  ) );
#8995 = ORIENTED_EDGE('',*,*,#2988,.F.);
#8996 = ADVANCED_FACE('',(#8997),#2976,.F.);
#8997 = FACE_BOUND('',#8998,.F.);
#8998 = EDGE_LOOP('',(#8999,#9000,#9001,#9021));
#8999 = ORIENTED_EDGE('',*,*,#8930,.T.);
#9000 = ORIENTED_EDGE('',*,*,#8474,.T.);
#9001 = ORIENTED_EDGE('',*,*,#9002,.T.);
#9002 = EDGE_CURVE('',#8450,#2933,#9003,.T.);
#9003 = SURFACE_CURVE('',#9004,(#9007,#9014),.PCURVE_S1.);
#9004 = B_SPLINE_CURVE_WITH_KNOTS('',1,(#9005,#9006),.UNSPECIFIED.,.F.,
  .F.,(2,2),(0.,1.),.PIECEWISE_BEZIER_KNOTS.);
#9005 = CARTESIAN_POINT('',(-2.25,-1.47,11.9));
#9006 = CARTESIAN_POINT('',(-2.85,-2.07,12.5));
#9007 = PCURVE('',#2976,#9008);
#9008 = DEFINITIONAL_REPRESENTATION('',(#9009),#9013);
#9009 = LINE('',#9010,#9011);
#9010 = CARTESIAN_POINT('',(27.,0.));
#9011 = VECTOR('',#9012,1.);
#9012 = DIRECTION('',(0.,1.));
#9013 = ( GEOMETRIC_REPRESENTATION_CONTEXT(2) 
PARAMETRIC_REPRESENTATION_CONTEXT() REPRESENTATION_CONTEXT('2D SPACE',''
  ) );
#9014 = PCURVE('',#2948,#9015);
#9015 = DEFINITIONAL_REPRESENTATION('',(#9016),#9020);
#9016 = LINE('',#9017,#9018);
#9017 = CARTESIAN_POINT('',(0.,0.));
#9018 = VECTOR('',#9019,1.);
#9019 = DIRECTION('',(0.,1.));
#9020 = ( GEOMETRIC_REPRESENTATION_CONTEXT(2) 
PARAMETRIC_REPRESENTATION_CONTEXT() REPRESENTATION_CONTEXT('2D SPACE',''
  ) );
#9021 = ORIENTED_EDGE('',*,*,#2960,.F.);
#9022 = ADVANCED_FACE('',(#9023),#2948,.F.);
#9023 = FACE_BOUND('',#9024,.F.);
#9024 = EDGE_LOOP('',(#9025,#9026,#9046,#9047));
#9025 = ORIENTED_EDGE('',*,*,#8522,.T.);
#9026 = ORIENTED_EDGE('',*,*,#9027,.T.);
#9027 = EDGE_CURVE('',#8498,#2905,#9028,.T.);
#9028 = SURFACE_CURVE('',#9029,(#9032,#9039),.PCURVE_S1.);
#9029 = B_SPLINE_CURVE_WITH_KNOTS('',1,(#9030,#9031),.UNSPECIFIED.,.F.,
  .F.,(2,2),(0.,1.),.PIECEWISE_BEZIER_KNOTS.);
#9030 = CARTESIAN_POINT('',(2.25,-1.47,11.9));
#9031 = CARTESIAN_POINT('',(2.85,-2.07,12.5));
#9032 = PCURVE('',#2948,#9033);
#9033 = DEFINITIONAL_REPRESENTATION('',(#9034),#9038);
#9034 = LINE('',#9035,#9036);
#9035 = CARTESIAN_POINT('',(5.7,0.));
#9036 = VECTOR('',#9037,1.);
#9037 = DIRECTION('',(0.,1.));
#9038 = ( GEOMETRIC_REPRESENTATION_CONTEXT(2) 
PARAMETRIC_REPRESENTATION_CONTEXT() REPRESENTATION_CONTEXT('2D SPACE',''
  ) );
#9039 = PCURVE('',#2920,#9040);
#9040 = DEFINITIONAL_REPRESENTATION('',(#9041),#9045);
#9041 = LINE('',#9042,#9043);
#9042 = CARTESIAN_POINT('',(0.,0.));
#9043 = VECTOR('',#9044,1.);
#9044 = DIRECTION('',(0.,1.));
#9045 = ( GEOMETRIC_REPRESENTATION_CONTEXT(2) 
PARAMETRIC_REPRESENTATION_CONTEXT() REPRESENTATION_CONTEXT('2D SPACE',''
  ) );
#9046 = ORIENTED_EDGE('',*,*,#2932,.F.);
#9047 = ORIENTED_EDGE('',*,*,#9002,.F.);
#9048 = ADVANCED_FACE('',(#9049),#2920,.F.);
#9049 = FACE_BOUND('',#9050,.F.);
#9050 = EDGE_LOOP('',(#9051,#9052,#9072,#9073));
#9051 = ORIENTED_EDGE('',*,*,#8548,.T.);
#9052 = ORIENTED_EDGE('',*,*,#9053,.T.);
#9053 = EDGE_CURVE('',#7984,#2877,#9054,.T.);
#9054 = SURFACE_CURVE('',#9055,(#9058,#9065),.PCURVE_S1.);
#9055 = B_SPLINE_CURVE_WITH_KNOTS('',1,(#9056,#9057),.UNSPECIFIED.,.F.,
  .F.,(2,2),(0.,1.),.PIECEWISE_BEZIER_KNOTS.);
#9056 = CARTESIAN_POINT('',(2.25,24.33,11.9));
#9057 = CARTESIAN_POINT('',(2.85,24.93,12.5));
#9058 = PCURVE('',#2920,#9059);
#9059 = DEFINITIONAL_REPRESENTATION('',(#9060),#9064);
#9060 = LINE('',#9061,#9062);
#9061 = CARTESIAN_POINT('',(27.,0.));
#9062 = VECTOR('',#9063,1.);
#9063 = DIRECTION('',(0.,1.));
#9064 = ( GEOMETRIC_REPRESENTATION_CONTEXT(2) 
PARAMETRIC_REPRESENTATION_CONTEXT() REPRESENTATION_CONTEXT('2D SPACE',''
  ) );
#9065 = PCURVE('',#2892,#9066);
#9066 = DEFINITIONAL_REPRESENTATION('',(#9067),#9071);
#9067 = LINE('',#9068,#9069);
#9068 = CARTESIAN_POINT('',(0.,0.));
#9069 = VECTOR('',#9070,1.);
#9070 = DIRECTION('',(0.,1.));
#9071 = ( GEOMETRIC_REPRESENTATION_CONTEXT(2) 
PARAMETRIC_REPRESENTATION_CONTEXT() REPRESENTATION_CONTEXT('2D SPACE',''
  ) );
#9072 = ORIENTED_EDGE('',*,*,#2904,.F.);
#9073 = ORIENTED_EDGE('',*,*,#9027,.F.);
#9074 = ADVANCED_FACE('',(#9075),#2892,.F.);
#9075 = FACE_BOUND('',#9076,.F.);
#9076 = EDGE_LOOP('',(#9077,#9078,#9098,#9099));
#9077 = ORIENTED_EDGE('',*,*,#8006,.T.);
#9078 = ORIENTED_EDGE('',*,*,#9079,.T.);
#9079 = EDGE_CURVE('',#7960,#2849,#9080,.T.);
#9080 = SURFACE_CURVE('',#9081,(#9084,#9091),.PCURVE_S1.);
#9081 = B_SPLINE_CURVE_WITH_KNOTS('',1,(#9082,#9083),.UNSPECIFIED.,.F.,
  .F.,(2,2),(0.,1.),.PIECEWISE_BEZIER_KNOTS.);
#9082 = CARTESIAN_POINT('',(-2.25,24.33,11.9));
#9083 = CARTESIAN_POINT('',(-2.85,24.93,12.5));
#9084 = PCURVE('',#2892,#9085);
#9085 = DEFINITIONAL_REPRESENTATION('',(#9086),#9090);
#9086 = LINE('',#9087,#9088);
#9087 = CARTESIAN_POINT('',(5.7,0.));
#9088 = VECTOR('',#9089,1.);
#9089 = DIRECTION('',(0.,1.));
#9090 = ( GEOMETRIC_REPRESENTATION_CONTEXT(2) 
PARAMETRIC_REPRESENTATION_CONTEXT() REPRESENTATION_CONTEXT('2D SPACE',''
  ) );
#9091 = PCURVE('',#2864,#9092);
#9092 = DEFINITIONAL_REPRESENTATION('',(#9093),#9097);
#9093 = LINE('',#9094,#9095);
#9094 = CARTESIAN_POINT('',(0.,0.));
#9095 = VECTOR('',#9096,1.);
#9096 = DIRECTION('',(0.,1.));
#9097 = ( GEOMETRIC_REPRESENTATION_CONTEXT(2) 
PARAMETRIC_REPRESENTATION_CONTEXT() REPRESENTATION_CONTEXT('2D SPACE',''
  ) );
#9098 = ORIENTED_EDGE('',*,*,#2876,.F.);
#9099 = ORIENTED_EDGE('',*,*,#9053,.F.);
#9100 = ADVANCED_FACE('',(#9101),#2864,.F.);
#9101 = FACE_BOUND('',#9102,.F.);
#9102 = EDGE_LOOP('',(#9103,#9104,#9105,#9106));
#9103 = ORIENTED_EDGE('',*,*,#9079,.F.);
#9104 = ORIENTED_EDGE('',*,*,#8054,.T.);
#9105 = ORIENTED_EDGE('',*,*,#8799,.T.);
#9106 = ORIENTED_EDGE('',*,*,#2848,.F.);
#9107 = ADVANCED_FACE('',(#9108),#3088,.T.);
#9108 = FACE_BOUND('',#9109,.T.);
#9109 = EDGE_LOOP('',(#9110,#9111,#9134,#9162));
#9110 = ORIENTED_EDGE('',*,*,#3071,.F.);
#9111 = ORIENTED_EDGE('',*,*,#9112,.T.);
#9112 = EDGE_CURVE('',#3072,#9113,#9115,.T.);
#9113 = VERTEX_POINT('',#9114);
#9114 = CARTESIAN_POINT('',(3.85,1.501142578125,4.862646484375));
#9115 = SURFACE_CURVE('',#9116,(#9120,#9127),.PCURVE_S1.);
#9116 = LINE('',#9117,#9118);
#9117 = CARTESIAN_POINT('',(3.25,1.501142578125,4.862646484375));
#9118 = VECTOR('',#9119,1.);
#9119 = DIRECTION('',(1.,0.,0.));
#9120 = PCURVE('',#3088,#9121);
#9121 = DEFINITIONAL_REPRESENTATION('',(#9122),#9126);
#9122 = LINE('',#9123,#9124);
#9123 = CARTESIAN_POINT('',(0.,-0.));
#9124 = VECTOR('',#9125,1.);
#9125 = DIRECTION('',(0.,-1.));
#9126 = ( GEOMETRIC_REPRESENTATION_CONTEXT(2) 
PARAMETRIC_REPRESENTATION_CONTEXT() REPRESENTATION_CONTEXT('2D SPACE',''
  ) );
#9127 = PCURVE('',#3114,#9128);
#9128 = DEFINITIONAL_REPRESENTATION('',(#9129),#9133);
#9129 = LINE('',#9130,#9131);
#9130 = CARTESIAN_POINT('',(2.32553258764,0.));
#9131 = VECTOR('',#9132,1.);
#9132 = DIRECTION('',(0.,-1.));
#9133 = ( GEOMETRIC_REPRESENTATION_CONTEXT(2) 
PARAMETRIC_REPRESENTATION_CONTEXT() REPRESENTATION_CONTEXT('2D SPACE',''
  ) );
#9134 = ORIENTED_EDGE('',*,*,#9135,.T.);
#9135 = EDGE_CURVE('',#9113,#9136,#9138,.T.);
#9136 = VERTEX_POINT('',#9137);
#9137 = CARTESIAN_POINT('',(3.85,0.842841796875,4.862646484375));
#9138 = SURFACE_CURVE('',#9139,(#9143,#9150),.PCURVE_S1.);
#9139 = LINE('',#9140,#9141);
#9140 = CARTESIAN_POINT('',(3.85,1.501142578125,4.862646484375));
#9141 = VECTOR('',#9142,1.);
#9142 = DIRECTION('',(0.,-1.,0.));
#9143 = PCURVE('',#3088,#9144);
#9144 = DEFINITIONAL_REPRESENTATION('',(#9145),#9149);
#9145 = LINE('',#9146,#9147);
#9146 = CARTESIAN_POINT('',(0.,-0.6));
#9147 = VECTOR('',#9148,1.);
#9148 = DIRECTION('',(1.,0.));
#9149 = ( GEOMETRIC_REPRESENTATION_CONTEXT(2) 
PARAMETRIC_REPRESENTATION_CONTEXT() REPRESENTATION_CONTEXT('2D SPACE',''
  ) );
#9150 = PCURVE('',#9151,#9156);
#9151 = PLANE('',#9152);
#9152 = AXIS2_PLACEMENT_3D('',#9153,#9154,#9155);
#9153 = CARTESIAN_POINT('',(3.85,0.110712890625,4.862646484375));
#9154 = DIRECTION('',(1.,0.,0.));
#9155 = DIRECTION('',(0.,1.,0.));
#9156 = DEFINITIONAL_REPRESENTATION('',(#9157),#9161);
#9157 = LINE('',#9158,#9159);
#9158 = CARTESIAN_POINT('',(1.3904296875,0.));
#9159 = VECTOR('',#9160,1.);
#9160 = DIRECTION('',(-1.,0.));
#9161 = ( GEOMETRIC_REPRESENTATION_CONTEXT(2) 
PARAMETRIC_REPRESENTATION_CONTEXT() REPRESENTATION_CONTEXT('2D SPACE',''
  ) );
#9162 = ORIENTED_EDGE('',*,*,#9163,.F.);
#9163 = EDGE_CURVE('',#3074,#9136,#9164,.T.);
#9164 = SURFACE_CURVE('',#9165,(#9169,#9176),.PCURVE_S1.);
#9165 = LINE('',#9166,#9167);
#9166 = CARTESIAN_POINT('',(3.25,0.842841796875,4.862646484375));
#9167 = VECTOR('',#9168,1.);
#9168 = DIRECTION('',(1.,0.,0.));
#9169 = PCURVE('',#3088,#9170);
#9170 = DEFINITIONAL_REPRESENTATION('',(#9171),#9175);
#9171 = LINE('',#9172,#9173);
#9172 = CARTESIAN_POINT('',(0.65830078125,0.));
#9173 = VECTOR('',#9174,1.);
#9174 = DIRECTION('',(0.,-1.));
#9175 = ( GEOMETRIC_REPRESENTATION_CONTEXT(2) 
PARAMETRIC_REPRESENTATION_CONTEXT() REPRESENTATION_CONTEXT('2D SPACE',''
  ) );
#9176 = PCURVE('',#3398,#9177);
#9177 = DEFINITIONAL_REPRESENTATION('',(#9178),#9182);
#9178 = LINE('',#9179,#9180);
#9179 = CARTESIAN_POINT('',(0.,0.));
#9180 = VECTOR('',#9181,1.);
#9181 = DIRECTION('',(0.,-1.));
#9182 = ( GEOMETRIC_REPRESENTATION_CONTEXT(2) 
PARAMETRIC_REPRESENTATION_CONTEXT() REPRESENTATION_CONTEXT('2D SPACE',''
  ) );
#9183 = ADVANCED_FACE('',(#9184),#3398,.T.);
#9184 = FACE_BOUND('',#9185,.T.);
#9185 = EDGE_LOOP('',(#9186,#9187,#9188,#9211));
#9186 = ORIENTED_EDGE('',*,*,#3385,.F.);
#9187 = ORIENTED_EDGE('',*,*,#9163,.T.);
#9188 = ORIENTED_EDGE('',*,*,#9189,.T.);
#9189 = EDGE_CURVE('',#9136,#9190,#9192,.T.);
#9190 = VERTEX_POINT('',#9191);
#9191 = CARTESIAN_POINT('',(3.85,0.125068359375,7.869091796875));
#9192 = SURFACE_CURVE('',#9193,(#9197,#9204),.PCURVE_S1.);
#9193 = LINE('',#9194,#9195);
#9194 = CARTESIAN_POINT('',(3.85,0.842841796875,4.862646484375));
#9195 = VECTOR('',#9196,1.);
#9196 = DIRECTION('',(0.,-0.232218471025,0.972663652922));
#9197 = PCURVE('',#3398,#9198);
#9198 = DEFINITIONAL_REPRESENTATION('',(#9199),#9203);
#9199 = LINE('',#9200,#9201);
#9200 = CARTESIAN_POINT('',(0.,-0.6));
#9201 = VECTOR('',#9202,1.);
#9202 = DIRECTION('',(1.,0.));
#9203 = ( GEOMETRIC_REPRESENTATION_CONTEXT(2) 
PARAMETRIC_REPRESENTATION_CONTEXT() REPRESENTATION_CONTEXT('2D SPACE',''
  ) );
#9204 = PCURVE('',#9151,#9205);
#9205 = DEFINITIONAL_REPRESENTATION('',(#9206),#9210);
#9206 = LINE('',#9207,#9208);
#9207 = CARTESIAN_POINT('',(0.73212890625,0.));
#9208 = VECTOR('',#9209,1.);
#9209 = DIRECTION('',(-0.232218471025,0.972663652922));
#9210 = ( GEOMETRIC_REPRESENTATION_CONTEXT(2) 
PARAMETRIC_REPRESENTATION_CONTEXT() REPRESENTATION_CONTEXT('2D SPACE',''
  ) );
#9211 = ORIENTED_EDGE('',*,*,#9212,.F.);
#9212 = EDGE_CURVE('',#3360,#9190,#9213,.T.);
#9213 = SURFACE_CURVE('',#9214,(#9218,#9225),.PCURVE_S1.);
#9214 = LINE('',#9215,#9216);
#9215 = CARTESIAN_POINT('',(3.25,0.125068359375,7.869091796875));
#9216 = VECTOR('',#9217,1.);
#9217 = DIRECTION('',(1.,0.,0.));
#9218 = PCURVE('',#3398,#9219);
#9219 = DEFINITIONAL_REPRESENTATION('',(#9220),#9224);
#9220 = LINE('',#9221,#9222);
#9221 = CARTESIAN_POINT('',(3.090940330164,0.));
#9222 = VECTOR('',#9223,1.);
#9223 = DIRECTION('',(0.,-1.));
#9224 = ( GEOMETRIC_REPRESENTATION_CONTEXT(2) 
PARAMETRIC_REPRESENTATION_CONTEXT() REPRESENTATION_CONTEXT('2D SPACE',''
  ) );
#9225 = PCURVE('',#3374,#9226);
#9226 = DEFINITIONAL_REPRESENTATION('',(#9227),#9231);
#9227 = LINE('',#9228,#9229);
#9228 = CARTESIAN_POINT('',(0.,0.));
#9229 = VECTOR('',#9230,1.);
#9230 = DIRECTION('',(0.,-1.));
#9231 = ( GEOMETRIC_REPRESENTATION_CONTEXT(2) 
PARAMETRIC_REPRESENTATION_CONTEXT() REPRESENTATION_CONTEXT('2D SPACE',''
  ) );
#9232 = ADVANCED_FACE('',(#9233),#3374,.T.);
#9233 = FACE_BOUND('',#9234,.T.);
#9234 = EDGE_LOOP('',(#9235,#9236,#9237,#9260));
#9235 = ORIENTED_EDGE('',*,*,#3359,.F.);
#9236 = ORIENTED_EDGE('',*,*,#9212,.T.);
#9237 = ORIENTED_EDGE('',*,*,#9238,.T.);
#9238 = EDGE_CURVE('',#9190,#9239,#9241,.T.);
#9239 = VERTEX_POINT('',#9240);
#9240 = CARTESIAN_POINT('',(3.85,0.746455078125,7.869091796875));
#9241 = SURFACE_CURVE('',#9242,(#9246,#9253),.PCURVE_S1.);
#9242 = LINE('',#9243,#9244);
#9243 = CARTESIAN_POINT('',(3.85,0.125068359375,7.869091796875));
#9244 = VECTOR('',#9245,1.);
#9245 = DIRECTION('',(0.,1.,0.));
#9246 = PCURVE('',#3374,#9247);
#9247 = DEFINITIONAL_REPRESENTATION('',(#9248),#9252);
#9248 = LINE('',#9249,#9250);
#9249 = CARTESIAN_POINT('',(0.,-0.6));
#9250 = VECTOR('',#9251,1.);
#9251 = DIRECTION('',(1.,0.));
#9252 = ( GEOMETRIC_REPRESENTATION_CONTEXT(2) 
PARAMETRIC_REPRESENTATION_CONTEXT() REPRESENTATION_CONTEXT('2D SPACE',''
  ) );
#9253 = PCURVE('',#9151,#9254);
#9254 = DEFINITIONAL_REPRESENTATION('',(#9255),#9259);
#9255 = LINE('',#9256,#9257);
#9256 = CARTESIAN_POINT('',(1.435546875E-02,3.0064453125));
#9257 = VECTOR('',#9258,1.);
#9258 = DIRECTION('',(1.,0.));
#9259 = ( GEOMETRIC_REPRESENTATION_CONTEXT(2) 
PARAMETRIC_REPRESENTATION_CONTEXT() REPRESENTATION_CONTEXT('2D SPACE',''
  ) );
#9260 = ORIENTED_EDGE('',*,*,#9261,.F.);
#9261 = EDGE_CURVE('',#3334,#9239,#9262,.T.);
#9262 = SURFACE_CURVE('',#9263,(#9267,#9274),.PCURVE_S1.);
#9263 = LINE('',#9264,#9265);
#9264 = CARTESIAN_POINT('',(3.25,0.746455078125,7.869091796875));
#9265 = VECTOR('',#9266,1.);
#9266 = DIRECTION('',(1.,0.,0.));
#9267 = PCURVE('',#3374,#9268);
#9268 = DEFINITIONAL_REPRESENTATION('',(#9269),#9273);
#9269 = LINE('',#9270,#9271);
#9270 = CARTESIAN_POINT('',(0.62138671875,0.));
#9271 = VECTOR('',#9272,1.);
#9272 = DIRECTION('',(0.,-1.));
#9273 = ( GEOMETRIC_REPRESENTATION_CONTEXT(2) 
PARAMETRIC_REPRESENTATION_CONTEXT() REPRESENTATION_CONTEXT('2D SPACE',''
  ) );
#9274 = PCURVE('',#3348,#9275);
#9275 = DEFINITIONAL_REPRESENTATION('',(#9276),#9280);
#9276 = LINE('',#9277,#9278);
#9277 = CARTESIAN_POINT('',(0.,0.));
#9278 = VECTOR('',#9279,1.);
#9279 = DIRECTION('',(0.,-1.));
#9280 = ( GEOMETRIC_REPRESENTATION_CONTEXT(2) 
PARAMETRIC_REPRESENTATION_CONTEXT() REPRESENTATION_CONTEXT('2D SPACE',''
  ) );
#9281 = ADVANCED_FACE('',(#9282),#3348,.T.);
#9282 = FACE_BOUND('',#9283,.T.);
#9283 = EDGE_LOOP('',(#9284,#9285,#9286,#9309));
#9284 = ORIENTED_EDGE('',*,*,#3333,.F.);
#9285 = ORIENTED_EDGE('',*,*,#9261,.T.);
#9286 = ORIENTED_EDGE('',*,*,#9287,.T.);
#9287 = EDGE_CURVE('',#9239,#9288,#9290,.T.);
#9288 = VERTEX_POINT('',#9289);
#9289 = CARTESIAN_POINT('',(3.85,1.199677734375,5.803955078125));
#9290 = SURFACE_CURVE('',#9291,(#9295,#9302),.PCURVE_S1.);
#9291 = LINE('',#9292,#9293);
#9292 = CARTESIAN_POINT('',(3.85,0.746455078125,7.869091796875));
#9293 = VECTOR('',#9294,1.);
#9294 = DIRECTION('',(0.,0.214362154382,-0.97675425096));
#9295 = PCURVE('',#3348,#9296);
#9296 = DEFINITIONAL_REPRESENTATION('',(#9297),#9301);
#9297 = LINE('',#9298,#9299);
#9298 = CARTESIAN_POINT('',(0.,-0.6));
#9299 = VECTOR('',#9300,1.);
#9300 = DIRECTION('',(1.,0.));
#9301 = ( GEOMETRIC_REPRESENTATION_CONTEXT(2) 
PARAMETRIC_REPRESENTATION_CONTEXT() REPRESENTATION_CONTEXT('2D SPACE',''
  ) );
#9302 = PCURVE('',#9151,#9303);
#9303 = DEFINITIONAL_REPRESENTATION('',(#9304),#9308);
#9304 = LINE('',#9305,#9306);
#9305 = CARTESIAN_POINT('',(0.6357421875,3.0064453125));
#9306 = VECTOR('',#9307,1.);
#9307 = DIRECTION('',(0.214362154382,-0.97675425096));
#9308 = ( GEOMETRIC_REPRESENTATION_CONTEXT(2) 
PARAMETRIC_REPRESENTATION_CONTEXT() REPRESENTATION_CONTEXT('2D SPACE',''
  ) );
#9309 = ORIENTED_EDGE('',*,*,#9310,.F.);
#9310 = EDGE_CURVE('',#3308,#9288,#9311,.T.);
#9311 = SURFACE_CURVE('',#9312,(#9316,#9323),.PCURVE_S1.);
#9312 = LINE('',#9313,#9314);
#9313 = CARTESIAN_POINT('',(3.25,1.199677734375,5.803955078125));
#9314 = VECTOR('',#9315,1.);
#9315 = DIRECTION('',(1.,0.,0.));
#9316 = PCURVE('',#3348,#9317);
#9317 = DEFINITIONAL_REPRESENTATION('',(#9318),#9322);
#9318 = LINE('',#9319,#9320);
#9319 = CARTESIAN_POINT('',(2.114284853861,0.));
#9320 = VECTOR('',#9321,1.);
#9321 = DIRECTION('',(0.,-1.));
#9322 = ( GEOMETRIC_REPRESENTATION_CONTEXT(2) 
PARAMETRIC_REPRESENTATION_CONTEXT() REPRESENTATION_CONTEXT('2D SPACE',''
  ) );
#9323 = PCURVE('',#3322,#9324);
#9324 = DEFINITIONAL_REPRESENTATION('',(#9325),#9329);
#9325 = LINE('',#9326,#9327);
#9326 = CARTESIAN_POINT('',(-1.072877612482E-16,0.));
#9327 = VECTOR('',#9328,1.);
#9328 = DIRECTION('',(0.,-1.));
#9329 = ( GEOMETRIC_REPRESENTATION_CONTEXT(2) 
PARAMETRIC_REPRESENTATION_CONTEXT() REPRESENTATION_CONTEXT('2D SPACE',''
  ) );
#9330 = ADVANCED_FACE('',(#9331),#3322,.T.);
#9331 = FACE_BOUND('',#9332,.T.);
#9332 = EDGE_LOOP('',(#9333,#9334,#9335,#9358));
#9333 = ORIENTED_EDGE('',*,*,#3307,.F.);
#9334 = ORIENTED_EDGE('',*,*,#9310,.T.);
#9335 = ORIENTED_EDGE('',*,*,#9336,.T.);
#9336 = EDGE_CURVE('',#9288,#9337,#9339,.T.);
#9337 = VERTEX_POINT('',#9338);
#9338 = CARTESIAN_POINT('',(3.85,1.749287109375,7.869091796875));
#9339 = SURFACE_CURVE('',#9340,(#9344,#9351),.PCURVE_S1.);
#9340 = LINE('',#9341,#9342);
#9341 = CARTESIAN_POINT('',(3.85,1.199677734375,5.803955078125));
#9342 = VECTOR('',#9343,1.);
#9343 = DIRECTION('',(0.,0.257184787653,0.966362243157));
#9344 = PCURVE('',#3322,#9345);
#9345 = DEFINITIONAL_REPRESENTATION('',(#9346),#9350);
#9346 = LINE('',#9347,#9348);
#9347 = CARTESIAN_POINT('',(0.,-0.6));
#9348 = VECTOR('',#9349,1.);
#9349 = DIRECTION('',(1.,0.));
#9350 = ( GEOMETRIC_REPRESENTATION_CONTEXT(2) 
PARAMETRIC_REPRESENTATION_CONTEXT() REPRESENTATION_CONTEXT('2D SPACE',''
  ) );
#9351 = PCURVE('',#9151,#9352);
#9352 = DEFINITIONAL_REPRESENTATION('',(#9353),#9357);
#9353 = LINE('',#9354,#9355);
#9354 = CARTESIAN_POINT('',(1.08896484375,0.94130859375));
#9355 = VECTOR('',#9356,1.);
#9356 = DIRECTION('',(0.257184787653,0.966362243157));
#9357 = ( GEOMETRIC_REPRESENTATION_CONTEXT(2) 
PARAMETRIC_REPRESENTATION_CONTEXT() REPRESENTATION_CONTEXT('2D SPACE',''
  ) );
#9358 = ORIENTED_EDGE('',*,*,#9359,.F.);
#9359 = EDGE_CURVE('',#3282,#9337,#9360,.T.);
#9360 = SURFACE_CURVE('',#9361,(#9365,#9372),.PCURVE_S1.);
#9361 = LINE('',#9362,#9363);
#9362 = CARTESIAN_POINT('',(3.25,1.749287109375,7.869091796875));
#9363 = VECTOR('',#9364,1.);
#9364 = DIRECTION('',(1.,0.,0.));
#9365 = PCURVE('',#3322,#9366);
#9366 = DEFINITIONAL_REPRESENTATION('',(#9367),#9371);
#9367 = LINE('',#9368,#9369);
#9368 = CARTESIAN_POINT('',(2.137021322359,0.));
#9369 = VECTOR('',#9370,1.);
#9370 = DIRECTION('',(0.,-1.));
#9371 = ( GEOMETRIC_REPRESENTATION_CONTEXT(2) 
PARAMETRIC_REPRESENTATION_CONTEXT() REPRESENTATION_CONTEXT('2D SPACE',''
  ) );
#9372 = PCURVE('',#3296,#9373);
#9373 = DEFINITIONAL_REPRESENTATION('',(#9374),#9378);
#9374 = LINE('',#9375,#9376);
#9375 = CARTESIAN_POINT('',(0.,0.));
#9376 = VECTOR('',#9377,1.);
#9377 = DIRECTION('',(0.,-1.));
#9378 = ( GEOMETRIC_REPRESENTATION_CONTEXT(2) 
PARAMETRIC_REPRESENTATION_CONTEXT() REPRESENTATION_CONTEXT('2D SPACE',''
  ) );
#9379 = ADVANCED_FACE('',(#9380),#3296,.T.);
#9380 = FACE_BOUND('',#9381,.T.);
#9381 = EDGE_LOOP('',(#9382,#9383,#9384,#9407));
#9382 = ORIENTED_EDGE('',*,*,#3281,.F.);
#9383 = ORIENTED_EDGE('',*,*,#9359,.T.);
#9384 = ORIENTED_EDGE('',*,*,#9385,.T.);
#9385 = EDGE_CURVE('',#9337,#9386,#9388,.T.);
#9386 = VERTEX_POINT('',#9387);
#9387 = CARTESIAN_POINT('',(3.85,2.471162109375,7.869091796875));
#9388 = SURFACE_CURVE('',#9389,(#9393,#9400),.PCURVE_S1.);
#9389 = LINE('',#9390,#9391);
#9390 = CARTESIAN_POINT('',(3.85,1.749287109375,7.869091796875));
#9391 = VECTOR('',#9392,1.);
#9392 = DIRECTION('',(0.,1.,0.));
#9393 = PCURVE('',#3296,#9394);
#9394 = DEFINITIONAL_REPRESENTATION('',(#9395),#9399);
#9395 = LINE('',#9396,#9397);
#9396 = CARTESIAN_POINT('',(0.,-0.6));
#9397 = VECTOR('',#9398,1.);
#9398 = DIRECTION('',(1.,0.));
#9399 = ( GEOMETRIC_REPRESENTATION_CONTEXT(2) 
PARAMETRIC_REPRESENTATION_CONTEXT() REPRESENTATION_CONTEXT('2D SPACE',''
  ) );
#9400 = PCURVE('',#9151,#9401);
#9401 = DEFINITIONAL_REPRESENTATION('',(#9402),#9406);
#9402 = LINE('',#9403,#9404);
#9403 = CARTESIAN_POINT('',(1.63857421875,3.0064453125));
#9404 = VECTOR('',#9405,1.);
#9405 = DIRECTION('',(1.,0.));
#9406 = ( GEOMETRIC_REPRESENTATION_CONTEXT(2) 
PARAMETRIC_REPRESENTATION_CONTEXT() REPRESENTATION_CONTEXT('2D SPACE',''
  ) );
#9407 = ORIENTED_EDGE('',*,*,#9408,.F.);
#9408 = EDGE_CURVE('',#3256,#9386,#9409,.T.);
#9409 = SURFACE_CURVE('',#9410,(#9414,#9421),.PCURVE_S1.);
#9410 = LINE('',#9411,#9412);
#9411 = CARTESIAN_POINT('',(3.25,2.471162109375,7.869091796875));
#9412 = VECTOR('',#9413,1.);
#9413 = DIRECTION('',(1.,0.,0.));
#9414 = PCURVE('',#3296,#9415);
#9415 = DEFINITIONAL_REPRESENTATION('',(#9416),#9420);
#9416 = LINE('',#9417,#9418);
#9417 = CARTESIAN_POINT('',(0.721875,0.));
#9418 = VECTOR('',#9419,1.);
#9419 = DIRECTION('',(0.,-1.));
#9420 = ( GEOMETRIC_REPRESENTATION_CONTEXT(2) 
PARAMETRIC_REPRESENTATION_CONTEXT() REPRESENTATION_CONTEXT('2D SPACE',''
  ) );
#9421 = PCURVE('',#3270,#9422);
#9422 = DEFINITIONAL_REPRESENTATION('',(#9423),#9427);
#9423 = LINE('',#9424,#9425);
#9424 = CARTESIAN_POINT('',(0.,0.));
#9425 = VECTOR('',#9426,1.);
#9426 = DIRECTION('',(0.,-1.));
#9427 = ( GEOMETRIC_REPRESENTATION_CONTEXT(2) 
PARAMETRIC_REPRESENTATION_CONTEXT() REPRESENTATION_CONTEXT('2D SPACE',''
  ) );
#9428 = ADVANCED_FACE('',(#9429),#3270,.T.);
#9429 = FACE_BOUND('',#9430,.T.);
#9430 = EDGE_LOOP('',(#9431,#9432,#9433,#9456));
#9431 = ORIENTED_EDGE('',*,*,#3255,.F.);
#9432 = ORIENTED_EDGE('',*,*,#9408,.T.);
#9433 = ORIENTED_EDGE('',*,*,#9434,.T.);
#9434 = EDGE_CURVE('',#9386,#9435,#9437,.T.);
#9435 = VERTEX_POINT('',#9436);
#9436 = CARTESIAN_POINT('',(3.85,2.998212890625,5.769091796875));
#9437 = SURFACE_CURVE('',#9438,(#9442,#9449),.PCURVE_S1.);
#9438 = LINE('',#9439,#9440);
#9439 = CARTESIAN_POINT('',(3.85,2.471162109375,7.869091796875));
#9440 = VECTOR('',#9441,1.);
#9441 = DIRECTION('',(0.,0.243426992513,-0.969919223088));
#9442 = PCURVE('',#3270,#9443);
#9443 = DEFINITIONAL_REPRESENTATION('',(#9444),#9448);
#9444 = LINE('',#9445,#9446);
#9445 = CARTESIAN_POINT('',(0.,-0.6));
#9446 = VECTOR('',#9447,1.);
#9447 = DIRECTION('',(1.,0.));
#9448 = ( GEOMETRIC_REPRESENTATION_CONTEXT(2) 
PARAMETRIC_REPRESENTATION_CONTEXT() REPRESENTATION_CONTEXT('2D SPACE',''
  ) );
#9449 = PCURVE('',#9151,#9450);
#9450 = DEFINITIONAL_REPRESENTATION('',(#9451),#9455);
#9451 = LINE('',#9452,#9453);
#9452 = CARTESIAN_POINT('',(2.36044921875,3.0064453125));
#9453 = VECTOR('',#9454,1.);
#9454 = DIRECTION('',(0.243426992513,-0.969919223088));
#9455 = ( GEOMETRIC_REPRESENTATION_CONTEXT(2) 
PARAMETRIC_REPRESENTATION_CONTEXT() REPRESENTATION_CONTEXT('2D SPACE',''
  ) );
#9456 = ORIENTED_EDGE('',*,*,#9457,.F.);
#9457 = EDGE_CURVE('',#3230,#9435,#9458,.T.);
#9458 = SURFACE_CURVE('',#9459,(#9463,#9470),.PCURVE_S1.);
#9459 = LINE('',#9460,#9461);
#9460 = CARTESIAN_POINT('',(3.25,2.998212890625,5.769091796875));
#9461 = VECTOR('',#9462,1.);
#9462 = DIRECTION('',(1.,0.,0.));
#9463 = PCURVE('',#3270,#9464);
#9464 = DEFINITIONAL_REPRESENTATION('',(#9465),#9469);
#9465 = LINE('',#9466,#9467);
#9466 = CARTESIAN_POINT('',(2.165128755067,0.));
#9467 = VECTOR('',#9468,1.);
#9468 = DIRECTION('',(0.,-1.));
#9469 = ( GEOMETRIC_REPRESENTATION_CONTEXT(2) 
PARAMETRIC_REPRESENTATION_CONTEXT() REPRESENTATION_CONTEXT('2D SPACE',''
  ) );
#9470 = PCURVE('',#3244,#9471);
#9471 = DEFINITIONAL_REPRESENTATION('',(#9472),#9476);
#9472 = LINE('',#9473,#9474);
#9473 = CARTESIAN_POINT('',(0.,0.));
#9474 = VECTOR('',#9475,1.);
#9475 = DIRECTION('',(0.,-1.));
#9476 = ( GEOMETRIC_REPRESENTATION_CONTEXT(2) 
PARAMETRIC_REPRESENTATION_CONTEXT() REPRESENTATION_CONTEXT('2D SPACE',''
  ) );
#9477 = ADVANCED_FACE('',(#9478),#3244,.T.);
#9478 = FACE_BOUND('',#9479,.T.);
#9479 = EDGE_LOOP('',(#9480,#9481,#9482,#9505));
#9480 = ORIENTED_EDGE('',*,*,#3229,.F.);
#9481 = ORIENTED_EDGE('',*,*,#9457,.T.);
#9482 = ORIENTED_EDGE('',*,*,#9483,.T.);
#9483 = EDGE_CURVE('',#9435,#9484,#9486,.T.);
#9484 = VERTEX_POINT('',#9485);
#9485 = CARTESIAN_POINT('',(3.85,3.459638671875,7.869091796875));
#9486 = SURFACE_CURVE('',#9487,(#9491,#9498),.PCURVE_S1.);
#9487 = LINE('',#9488,#9489);
#9488 = CARTESIAN_POINT('',(3.85,2.998212890625,5.769091796875));
#9489 = VECTOR('',#9490,1.);
#9490 = DIRECTION('',(0.,0.214607038113,0.976700475679));
#9491 = PCURVE('',#3244,#9492);
#9492 = DEFINITIONAL_REPRESENTATION('',(#9493),#9497);
#9493 = LINE('',#9494,#9495);
#9494 = CARTESIAN_POINT('',(0.,-0.6));
#9495 = VECTOR('',#9496,1.);
#9496 = DIRECTION('',(1.,0.));
#9497 = ( GEOMETRIC_REPRESENTATION_CONTEXT(2) 
PARAMETRIC_REPRESENTATION_CONTEXT() REPRESENTATION_CONTEXT('2D SPACE',''
  ) );
#9498 = PCURVE('',#9151,#9499);
#9499 = DEFINITIONAL_REPRESENTATION('',(#9500),#9504);
#9500 = LINE('',#9501,#9502);
#9501 = CARTESIAN_POINT('',(2.8875,0.9064453125));
#9502 = VECTOR('',#9503,1.);
#9503 = DIRECTION('',(0.214607038113,0.976700475679));
#9504 = ( GEOMETRIC_REPRESENTATION_CONTEXT(2) 
PARAMETRIC_REPRESENTATION_CONTEXT() REPRESENTATION_CONTEXT('2D SPACE',''
  ) );
#9505 = ORIENTED_EDGE('',*,*,#9506,.F.);
#9506 = EDGE_CURVE('',#3204,#9484,#9507,.T.);
#9507 = SURFACE_CURVE('',#9508,(#9512,#9519),.PCURVE_S1.);
#9508 = LINE('',#9509,#9510);
#9509 = CARTESIAN_POINT('',(3.25,3.459638671875,7.869091796875));
#9510 = VECTOR('',#9511,1.);
#9511 = DIRECTION('',(1.,0.,0.));
#9512 = PCURVE('',#3244,#9513);
#9513 = DEFINITIONAL_REPRESENTATION('',(#9514),#9518);
#9514 = LINE('',#9515,#9516);
#9515 = CARTESIAN_POINT('',(2.15009621915,0.));
#9516 = VECTOR('',#9517,1.);
#9517 = DIRECTION('',(0.,-1.));
#9518 = ( GEOMETRIC_REPRESENTATION_CONTEXT(2) 
PARAMETRIC_REPRESENTATION_CONTEXT() REPRESENTATION_CONTEXT('2D SPACE',''
  ) );
#9519 = PCURVE('',#3218,#9520);
#9520 = DEFINITIONAL_REPRESENTATION('',(#9521),#9525);
#9521 = LINE('',#9522,#9523);
#9522 = CARTESIAN_POINT('',(0.,0.));
#9523 = VECTOR('',#9524,1.);
#9524 = DIRECTION('',(0.,-1.));
#9525 = ( GEOMETRIC_REPRESENTATION_CONTEXT(2) 
PARAMETRIC_REPRESENTATION_CONTEXT() REPRESENTATION_CONTEXT('2D SPACE',''
  ) );
#9526 = ADVANCED_FACE('',(#9527),#3218,.T.);
#9527 = FACE_BOUND('',#9528,.T.);
#9528 = EDGE_LOOP('',(#9529,#9530,#9531,#9554));
#9529 = ORIENTED_EDGE('',*,*,#3203,.F.);
#9530 = ORIENTED_EDGE('',*,*,#9506,.T.);
#9531 = ORIENTED_EDGE('',*,*,#9532,.T.);
#9532 = EDGE_CURVE('',#9484,#9533,#9535,.T.);
#9533 = VERTEX_POINT('',#9534);
#9534 = CARTESIAN_POINT('',(3.85,4.070771484375,7.869091796875));
#9535 = SURFACE_CURVE('',#9536,(#9540,#9547),.PCURVE_S1.);
#9536 = LINE('',#9537,#9538);
#9537 = CARTESIAN_POINT('',(3.85,3.459638671875,7.869091796875));
#9538 = VECTOR('',#9539,1.);
#9539 = DIRECTION('',(0.,1.,0.));
#9540 = PCURVE('',#3218,#9541);
#9541 = DEFINITIONAL_REPRESENTATION('',(#9542),#9546);
#9542 = LINE('',#9543,#9544);
#9543 = CARTESIAN_POINT('',(0.,-0.6));
#9544 = VECTOR('',#9545,1.);
#9545 = DIRECTION('',(1.,0.));
#9546 = ( GEOMETRIC_REPRESENTATION_CONTEXT(2) 
PARAMETRIC_REPRESENTATION_CONTEXT() REPRESENTATION_CONTEXT('2D SPACE',''
  ) );
#9547 = PCURVE('',#9151,#9548);
#9548 = DEFINITIONAL_REPRESENTATION('',(#9549),#9553);
#9549 = LINE('',#9550,#9551);
#9550 = CARTESIAN_POINT('',(3.34892578125,3.0064453125));
#9551 = VECTOR('',#9552,1.);
#9552 = DIRECTION('',(1.,0.));
#9553 = ( GEOMETRIC_REPRESENTATION_CONTEXT(2) 
PARAMETRIC_REPRESENTATION_CONTEXT() REPRESENTATION_CONTEXT('2D SPACE',''
  ) );
#9554 = ORIENTED_EDGE('',*,*,#9555,.F.);
#9555 = EDGE_CURVE('',#3178,#9533,#9556,.T.);
#9556 = SURFACE_CURVE('',#9557,(#9561,#9568),.PCURVE_S1.);
#9557 = LINE('',#9558,#9559);
#9558 = CARTESIAN_POINT('',(3.25,4.070771484375,7.869091796875));
#9559 = VECTOR('',#9560,1.);
#9560 = DIRECTION('',(1.,0.,0.));
#9561 = PCURVE('',#3218,#9562);
#9562 = DEFINITIONAL_REPRESENTATION('',(#9563),#9567);
#9563 = LINE('',#9564,#9565);
#9564 = CARTESIAN_POINT('',(0.6111328125,0.));
#9565 = VECTOR('',#9566,1.);
#9566 = DIRECTION('',(0.,-1.));
#9567 = ( GEOMETRIC_REPRESENTATION_CONTEXT(2) 
PARAMETRIC_REPRESENTATION_CONTEXT() REPRESENTATION_CONTEXT('2D SPACE',''
  ) );
#9568 = PCURVE('',#3192,#9569);
#9569 = DEFINITIONAL_REPRESENTATION('',(#9570),#9574);
#9570 = LINE('',#9571,#9572);
#9571 = CARTESIAN_POINT('',(0.,0.));
#9572 = VECTOR('',#9573,1.);
#9573 = DIRECTION('',(0.,-1.));
#9574 = ( GEOMETRIC_REPRESENTATION_CONTEXT(2) 
PARAMETRIC_REPRESENTATION_CONTEXT() REPRESENTATION_CONTEXT('2D SPACE',''
  ) );
#9575 = ADVANCED_FACE('',(#9576),#3192,.T.);
#9576 = FACE_BOUND('',#9577,.T.);
#9577 = EDGE_LOOP('',(#9578,#9579,#9580,#9603));
#9578 = ORIENTED_EDGE('',*,*,#3177,.F.);
#9579 = ORIENTED_EDGE('',*,*,#9555,.T.);
#9580 = ORIENTED_EDGE('',*,*,#9581,.T.);
#9581 = EDGE_CURVE('',#9533,#9582,#9584,.T.);
#9582 = VERTEX_POINT('',#9583);
#9583 = CARTESIAN_POINT('',(3.85,3.340693359375,4.862646484375));
#9584 = SURFACE_CURVE('',#9585,(#9589,#9596),.PCURVE_S1.);
#9585 = LINE('',#9586,#9587);
#9586 = CARTESIAN_POINT('',(3.85,4.070771484375,7.869091796875));
#9587 = VECTOR('',#9588,1.);
#9588 = DIRECTION('',(0.,-0.235979443901,-0.971758047076));
#9589 = PCURVE('',#3192,#9590);
#9590 = DEFINITIONAL_REPRESENTATION('',(#9591),#9595);
#9591 = LINE('',#9592,#9593);
#9592 = CARTESIAN_POINT('',(0.,-0.6));
#9593 = VECTOR('',#9594,1.);
#9594 = DIRECTION('',(1.,0.));
#9595 = ( GEOMETRIC_REPRESENTATION_CONTEXT(2) 
PARAMETRIC_REPRESENTATION_CONTEXT() REPRESENTATION_CONTEXT('2D SPACE',''
  ) );
#9596 = PCURVE('',#9151,#9597);
#9597 = DEFINITIONAL_REPRESENTATION('',(#9598),#9602);
#9598 = LINE('',#9599,#9600);
#9599 = CARTESIAN_POINT('',(3.96005859375,3.0064453125));
#9600 = VECTOR('',#9601,1.);
#9601 = DIRECTION('',(-0.235979443901,-0.971758047076));
#9602 = ( GEOMETRIC_REPRESENTATION_CONTEXT(2) 
PARAMETRIC_REPRESENTATION_CONTEXT() REPRESENTATION_CONTEXT('2D SPACE',''
  ) );
#9603 = ORIENTED_EDGE('',*,*,#9604,.F.);
#9604 = EDGE_CURVE('',#3152,#9582,#9605,.T.);
#9605 = SURFACE_CURVE('',#9606,(#9610,#9617),.PCURVE_S1.);
#9606 = LINE('',#9607,#9608);
#9607 = CARTESIAN_POINT('',(3.25,3.340693359375,4.862646484375));
#9608 = VECTOR('',#9609,1.);
#9609 = DIRECTION('',(1.,0.,0.));
#9610 = PCURVE('',#3192,#9611);
#9611 = DEFINITIONAL_REPRESENTATION('',(#9612),#9616);
#9612 = LINE('',#9613,#9614);
#9613 = CARTESIAN_POINT('',(3.093820855456,0.));
#9614 = VECTOR('',#9615,1.);
#9615 = DIRECTION('',(0.,-1.));
#9616 = ( GEOMETRIC_REPRESENTATION_CONTEXT(2) 
PARAMETRIC_REPRESENTATION_CONTEXT() REPRESENTATION_CONTEXT('2D SPACE',''
  ) );
#9617 = PCURVE('',#3166,#9618);
#9618 = DEFINITIONAL_REPRESENTATION('',(#9619),#9623);
#9619 = LINE('',#9620,#9621);
#9620 = CARTESIAN_POINT('',(0.,-0.));
#9621 = VECTOR('',#9622,1.);
#9622 = DIRECTION('',(0.,-1.));
#9623 = ( GEOMETRIC_REPRESENTATION_CONTEXT(2) 
PARAMETRIC_REPRESENTATION_CONTEXT() REPRESENTATION_CONTEXT('2D SPACE',''
  ) );
#9624 = ADVANCED_FACE('',(#9625),#3166,.T.);
#9625 = FACE_BOUND('',#9626,.T.);
#9626 = EDGE_LOOP('',(#9627,#9628,#9629,#9652));
#9627 = ORIENTED_EDGE('',*,*,#3151,.F.);
#9628 = ORIENTED_EDGE('',*,*,#9604,.T.);
#9629 = ORIENTED_EDGE('',*,*,#9630,.T.);
#9630 = EDGE_CURVE('',#9582,#9631,#9633,.T.);
#9631 = VERTEX_POINT('',#9632);
#9632 = CARTESIAN_POINT('',(3.85,2.696748046875,4.862646484375));
#9633 = SURFACE_CURVE('',#9634,(#9638,#9645),.PCURVE_S1.);
#9634 = LINE('',#9635,#9636);
#9635 = CARTESIAN_POINT('',(3.85,3.340693359375,4.862646484375));
#9636 = VECTOR('',#9637,1.);
#9637 = DIRECTION('',(0.,-1.,0.));
#9638 = PCURVE('',#3166,#9639);
#9639 = DEFINITIONAL_REPRESENTATION('',(#9640),#9644);
#9640 = LINE('',#9641,#9642);
#9641 = CARTESIAN_POINT('',(0.,-0.6));
#9642 = VECTOR('',#9643,1.);
#9643 = DIRECTION('',(1.,0.));
#9644 = ( GEOMETRIC_REPRESENTATION_CONTEXT(2) 
PARAMETRIC_REPRESENTATION_CONTEXT() REPRESENTATION_CONTEXT('2D SPACE',''
  ) );
#9645 = PCURVE('',#9151,#9646);
#9646 = DEFINITIONAL_REPRESENTATION('',(#9647),#9651);
#9647 = LINE('',#9648,#9649);
#9648 = CARTESIAN_POINT('',(3.22998046875,0.));
#9649 = VECTOR('',#9650,1.);
#9650 = DIRECTION('',(-1.,0.));
#9651 = ( GEOMETRIC_REPRESENTATION_CONTEXT(2) 
PARAMETRIC_REPRESENTATION_CONTEXT() REPRESENTATION_CONTEXT('2D SPACE',''
  ) );
#9652 = ORIENTED_EDGE('',*,*,#9653,.F.);
#9653 = EDGE_CURVE('',#3126,#9631,#9654,.T.);
#9654 = SURFACE_CURVE('',#9655,(#9659,#9666),.PCURVE_S1.);
#9655 = LINE('',#9656,#9657);
#9656 = CARTESIAN_POINT('',(3.25,2.696748046875,4.862646484375));
#9657 = VECTOR('',#9658,1.);
#9658 = DIRECTION('',(1.,0.,0.));
#9659 = PCURVE('',#3166,#9660);
#9660 = DEFINITIONAL_REPRESENTATION('',(#9661),#9665);
#9661 = LINE('',#9662,#9663);
#9662 = CARTESIAN_POINT('',(0.6439453125,0.));
#9663 = VECTOR('',#9664,1.);
#9664 = DIRECTION('',(0.,-1.));
#9665 = ( GEOMETRIC_REPRESENTATION_CONTEXT(2) 
PARAMETRIC_REPRESENTATION_CONTEXT() REPRESENTATION_CONTEXT('2D SPACE',''
  ) );
#9666 = PCURVE('',#3140,#9667);
#9667 = DEFINITIONAL_REPRESENTATION('',(#9668),#9672);
#9668 = LINE('',#9669,#9670);
#9669 = CARTESIAN_POINT('',(0.,0.));
#9670 = VECTOR('',#9671,1.);
#9671 = DIRECTION('',(0.,-1.));
#9672 = ( GEOMETRIC_REPRESENTATION_CONTEXT(2) 
PARAMETRIC_REPRESENTATION_CONTEXT() REPRESENTATION_CONTEXT('2D SPACE',''
  ) );
#9673 = ADVANCED_FACE('',(#9674),#3140,.T.);
#9674 = FACE_BOUND('',#9675,.T.);
#9675 = EDGE_LOOP('',(#9676,#9677,#9678,#9701));
#9676 = ORIENTED_EDGE('',*,*,#3125,.F.);
#9677 = ORIENTED_EDGE('',*,*,#9653,.T.);
#9678 = ORIENTED_EDGE('',*,*,#9679,.T.);
#9679 = EDGE_CURVE('',#9631,#9680,#9682,.T.);
#9680 = VERTEX_POINT('',#9681);
#9681 = CARTESIAN_POINT('',(3.85,2.097919921875,7.110302734375));
#9682 = SURFACE_CURVE('',#9683,(#9687,#9694),.PCURVE_S1.);
#9683 = LINE('',#9684,#9685);
#9684 = CARTESIAN_POINT('',(3.85,2.696748046875,4.862646484375));
#9685 = VECTOR('',#9686,1.);
#9686 = DIRECTION('',(0.,-0.25744314484,0.966293447755));
#9687 = PCURVE('',#3140,#9688);
#9688 = DEFINITIONAL_REPRESENTATION('',(#9689),#9693);
#9689 = LINE('',#9690,#9691);
#9690 = CARTESIAN_POINT('',(0.,-0.6));
#9691 = VECTOR('',#9692,1.);
#9692 = DIRECTION('',(1.,0.));
#9693 = ( GEOMETRIC_REPRESENTATION_CONTEXT(2) 
PARAMETRIC_REPRESENTATION_CONTEXT() REPRESENTATION_CONTEXT('2D SPACE',''
  ) );
#9694 = PCURVE('',#9151,#9695);
#9695 = DEFINITIONAL_REPRESENTATION('',(#9696),#9700);
#9696 = LINE('',#9697,#9698);
#9697 = CARTESIAN_POINT('',(2.58603515625,0.));
#9698 = VECTOR('',#9699,1.);
#9699 = DIRECTION('',(-0.25744314484,0.966293447755));
#9700 = ( GEOMETRIC_REPRESENTATION_CONTEXT(2) 
PARAMETRIC_REPRESENTATION_CONTEXT() REPRESENTATION_CONTEXT('2D SPACE',''
  ) );
#9701 = ORIENTED_EDGE('',*,*,#9702,.F.);
#9702 = EDGE_CURVE('',#3100,#9680,#9703,.T.);
#9703 = SURFACE_CURVE('',#9704,(#9708,#9715),.PCURVE_S1.);
#9704 = LINE('',#9705,#9706);
#9705 = CARTESIAN_POINT('',(3.25,2.097919921875,7.110302734375));
#9706 = VECTOR('',#9707,1.);
#9707 = DIRECTION('',(1.,0.,0.));
#9708 = PCURVE('',#3140,#9709);
#9709 = DEFINITIONAL_REPRESENTATION('',(#9710),#9714);
#9710 = LINE('',#9711,#9712);
#9711 = CARTESIAN_POINT('',(2.3260597029,0.));
#9712 = VECTOR('',#9713,1.);
#9713 = DIRECTION('',(0.,-1.));
#9714 = ( GEOMETRIC_REPRESENTATION_CONTEXT(2) 
PARAMETRIC_REPRESENTATION_CONTEXT() REPRESENTATION_CONTEXT('2D SPACE',''
  ) );
#9715 = PCURVE('',#3114,#9716);
#9716 = DEFINITIONAL_REPRESENTATION('',(#9717),#9721);
#9717 = LINE('',#9718,#9719);
#9718 = CARTESIAN_POINT('',(-4.292177600013E-16,0.));
#9719 = VECTOR('',#9720,1.);
#9720 = DIRECTION('',(0.,-1.));
#9721 = ( GEOMETRIC_REPRESENTATION_CONTEXT(2) 
PARAMETRIC_REPRESENTATION_CONTEXT() REPRESENTATION_CONTEXT('2D SPACE',''
  ) );
#9722 = ADVANCED_FACE('',(#9723),#3114,.T.);
#9723 = FACE_BOUND('',#9724,.T.);
#9724 = EDGE_LOOP('',(#9725,#9726,#9727,#9748));
#9725 = ORIENTED_EDGE('',*,*,#3099,.F.);
#9726 = ORIENTED_EDGE('',*,*,#9702,.T.);
#9727 = ORIENTED_EDGE('',*,*,#9728,.T.);
#9728 = EDGE_CURVE('',#9680,#9113,#9729,.T.);
#9729 = SURFACE_CURVE('',#9730,(#9734,#9741),.PCURVE_S1.);
#9730 = LINE('',#9731,#9732);
#9731 = CARTESIAN_POINT('',(3.85,2.097919921875,7.110302734375));
#9732 = VECTOR('',#9733,1.);
#9733 = DIRECTION('',(0.,-0.25661964357,-0.966512472001));
#9734 = PCURVE('',#3114,#9735);
#9735 = DEFINITIONAL_REPRESENTATION('',(#9736),#9740);
#9736 = LINE('',#9737,#9738);
#9737 = CARTESIAN_POINT('',(0.,-0.6));
#9738 = VECTOR('',#9739,1.);
#9739 = DIRECTION('',(1.,0.));
#9740 = ( GEOMETRIC_REPRESENTATION_CONTEXT(2) 
PARAMETRIC_REPRESENTATION_CONTEXT() REPRESENTATION_CONTEXT('2D SPACE',''
  ) );
#9741 = PCURVE('',#9151,#9742);
#9742 = DEFINITIONAL_REPRESENTATION('',(#9743),#9747);
#9743 = LINE('',#9744,#9745);
#9744 = CARTESIAN_POINT('',(1.98720703125,2.24765625));
#9745 = VECTOR('',#9746,1.);
#9746 = DIRECTION('',(-0.25661964357,-0.966512472001));
#9747 = ( GEOMETRIC_REPRESENTATION_CONTEXT(2) 
PARAMETRIC_REPRESENTATION_CONTEXT() REPRESENTATION_CONTEXT('2D SPACE',''
  ) );
#9748 = ORIENTED_EDGE('',*,*,#9112,.F.);
#9749 = ADVANCED_FACE('',(#9750),#3428,.T.);
#9750 = FACE_BOUND('',#9751,.T.);
#9751 = EDGE_LOOP('',(#9752,#9753,#9776,#9804));
#9752 = ORIENTED_EDGE('',*,*,#3411,.F.);
#9753 = ORIENTED_EDGE('',*,*,#9754,.T.);
#9754 = EDGE_CURVE('',#3412,#9755,#9757,.T.);
#9755 = VERTEX_POINT('',#9756);
#9756 = CARTESIAN_POINT('',(3.85,4.989521484375,4.862646484375));
#9757 = SURFACE_CURVE('',#9758,(#9762,#9769),.PCURVE_S1.);
#9758 = LINE('',#9759,#9760);
#9759 = CARTESIAN_POINT('',(3.25,4.989521484375,4.862646484375));
#9760 = VECTOR('',#9761,1.);
#9761 = DIRECTION('',(1.,0.,0.));
#9762 = PCURVE('',#3428,#9763);
#9763 = DEFINITIONAL_REPRESENTATION('',(#9764),#9768);
#9764 = LINE('',#9765,#9766);
#9765 = CARTESIAN_POINT('',(0.,-0.));
#9766 = VECTOR('',#9767,1.);
#9767 = DIRECTION('',(0.,-1.));
#9768 = ( GEOMETRIC_REPRESENTATION_CONTEXT(2) 
PARAMETRIC_REPRESENTATION_CONTEXT() REPRESENTATION_CONTEXT('2D SPACE',''
  ) );
#9769 = PCURVE('',#3454,#9770);
#9770 = DEFINITIONAL_REPRESENTATION('',(#9771),#9775);
#9771 = LINE('',#9772,#9773);
#9772 = CARTESIAN_POINT('',(1.31455078125,0.));
#9773 = VECTOR('',#9774,1.);
#9774 = DIRECTION('',(0.,-1.));
#9775 = ( GEOMETRIC_REPRESENTATION_CONTEXT(2) 
PARAMETRIC_REPRESENTATION_CONTEXT() REPRESENTATION_CONTEXT('2D SPACE',''
  ) );
#9776 = ORIENTED_EDGE('',*,*,#9777,.T.);
#9777 = EDGE_CURVE('',#9755,#9778,#9780,.T.);
#9778 = VERTEX_POINT('',#9779);
#9779 = CARTESIAN_POINT('',(3.85,4.382490234375,4.862646484375));
#9780 = SURFACE_CURVE('',#9781,(#9785,#9792),.PCURVE_S1.);
#9781 = LINE('',#9782,#9783);
#9782 = CARTESIAN_POINT('',(3.85,4.989521484375,4.862646484375));
#9783 = VECTOR('',#9784,1.);
#9784 = DIRECTION('',(0.,-1.,0.));
#9785 = PCURVE('',#3428,#9786);
#9786 = DEFINITIONAL_REPRESENTATION('',(#9787),#9791);
#9787 = LINE('',#9788,#9789);
#9788 = CARTESIAN_POINT('',(0.,-0.6));
#9789 = VECTOR('',#9790,1.);
#9790 = DIRECTION('',(1.,0.));
#9791 = ( GEOMETRIC_REPRESENTATION_CONTEXT(2) 
PARAMETRIC_REPRESENTATION_CONTEXT() REPRESENTATION_CONTEXT('2D SPACE',''
  ) );
#9792 = PCURVE('',#9793,#9798);
#9793 = PLANE('',#9794);
#9794 = AXIS2_PLACEMENT_3D('',#9795,#9796,#9797);
#9795 = CARTESIAN_POINT('',(3.85,4.074873046875,4.862646484375));
#9796 = DIRECTION('',(1.,0.,0.));
#9797 = DIRECTION('',(0.,1.,0.));
#9798 = DEFINITIONAL_REPRESENTATION('',(#9799),#9803);
#9799 = LINE('',#9800,#9801);
#9800 = CARTESIAN_POINT('',(0.9146484375,0.));
#9801 = VECTOR('',#9802,1.);
#9802 = DIRECTION('',(-1.,0.));
#9803 = ( GEOMETRIC_REPRESENTATION_CONTEXT(2) 
PARAMETRIC_REPRESENTATION_CONTEXT() REPRESENTATION_CONTEXT('2D SPACE',''
  ) );
#9804 = ORIENTED_EDGE('',*,*,#9805,.F.);
#9805 = EDGE_CURVE('',#3414,#9778,#9806,.T.);
#9806 = SURFACE_CURVE('',#9807,(#9811,#9818),.PCURVE_S1.);
#9807 = LINE('',#9808,#9809);
#9808 = CARTESIAN_POINT('',(3.25,4.382490234375,4.862646484375));
#9809 = VECTOR('',#9810,1.);
#9810 = DIRECTION('',(1.,0.,0.));
#9811 = PCURVE('',#3428,#9812);
#9812 = DEFINITIONAL_REPRESENTATION('',(#9813),#9817);
#9813 = LINE('',#9814,#9815);
#9814 = CARTESIAN_POINT('',(0.60703125,0.));
#9815 = VECTOR('',#9816,1.);
#9816 = DIRECTION('',(0.,-1.));
#9817 = ( GEOMETRIC_REPRESENTATION_CONTEXT(2) 
PARAMETRIC_REPRESENTATION_CONTEXT() REPRESENTATION_CONTEXT('2D SPACE',''
  ) );
#9818 = PCURVE('',#3712,#9819);
#9819 = DEFINITIONAL_REPRESENTATION('',(#9820),#9824);
#9820 = LINE('',#9821,#9822);
#9821 = CARTESIAN_POINT('',(0.,0.));
#9822 = VECTOR('',#9823,1.);
#9823 = DIRECTION('',(0.,-1.));
#9824 = ( GEOMETRIC_REPRESENTATION_CONTEXT(2) 
PARAMETRIC_REPRESENTATION_CONTEXT() REPRESENTATION_CONTEXT('2D SPACE',''
  ) );
#9825 = ADVANCED_FACE('',(#9826),#3712,.T.);
#9826 = FACE_BOUND('',#9827,.T.);
#9827 = EDGE_LOOP('',(#9828,#9829,#9830,#9853));
#9828 = ORIENTED_EDGE('',*,*,#3699,.F.);
#9829 = ORIENTED_EDGE('',*,*,#9805,.T.);
#9830 = ORIENTED_EDGE('',*,*,#9831,.T.);
#9831 = EDGE_CURVE('',#9778,#9832,#9834,.T.);
#9832 = VERTEX_POINT('',#9833);
#9833 = CARTESIAN_POINT('',(3.85,4.382490234375,7.869091796875));
#9834 = SURFACE_CURVE('',#9835,(#9839,#9846),.PCURVE_S1.);
#9835 = LINE('',#9836,#9837);
#9836 = CARTESIAN_POINT('',(3.85,4.382490234375,4.862646484375));
#9837 = VECTOR('',#9838,1.);
#9838 = DIRECTION('',(0.,0.,1.));
#9839 = PCURVE('',#3712,#9840);
#9840 = DEFINITIONAL_REPRESENTATION('',(#9841),#9845);
#9841 = LINE('',#9842,#9843);
#9842 = CARTESIAN_POINT('',(0.,-0.6));
#9843 = VECTOR('',#9844,1.);
#9844 = DIRECTION('',(1.,0.));
#9845 = ( GEOMETRIC_REPRESENTATION_CONTEXT(2) 
PARAMETRIC_REPRESENTATION_CONTEXT() REPRESENTATION_CONTEXT('2D SPACE',''
  ) );
#9846 = PCURVE('',#9793,#9847);
#9847 = DEFINITIONAL_REPRESENTATION('',(#9848),#9852);
#9848 = LINE('',#9849,#9850);
#9849 = CARTESIAN_POINT('',(0.3076171875,0.));
#9850 = VECTOR('',#9851,1.);
#9851 = DIRECTION('',(0.,1.));
#9852 = ( GEOMETRIC_REPRESENTATION_CONTEXT(2) 
PARAMETRIC_REPRESENTATION_CONTEXT() REPRESENTATION_CONTEXT('2D SPACE',''
  ) );
#9853 = ORIENTED_EDGE('',*,*,#9854,.F.);
#9854 = EDGE_CURVE('',#3674,#9832,#9855,.T.);
#9855 = SURFACE_CURVE('',#9856,(#9860,#9867),.PCURVE_S1.);
#9856 = LINE('',#9857,#9858);
#9857 = CARTESIAN_POINT('',(3.25,4.382490234375,7.869091796875));
#9858 = VECTOR('',#9859,1.);
#9859 = DIRECTION('',(1.,0.,0.));
#9860 = PCURVE('',#3712,#9861);
#9861 = DEFINITIONAL_REPRESENTATION('',(#9862),#9866);
#9862 = LINE('',#9863,#9864);
#9863 = CARTESIAN_POINT('',(3.0064453125,0.));
#9864 = VECTOR('',#9865,1.);
#9865 = DIRECTION('',(0.,-1.));
#9866 = ( GEOMETRIC_REPRESENTATION_CONTEXT(2) 
PARAMETRIC_REPRESENTATION_CONTEXT() REPRESENTATION_CONTEXT('2D SPACE',''
  ) );
#9867 = PCURVE('',#3688,#9868);
#9868 = DEFINITIONAL_REPRESENTATION('',(#9869),#9873);
#9869 = LINE('',#9870,#9871);
#9870 = CARTESIAN_POINT('',(0.,0.));
#9871 = VECTOR('',#9872,1.);
#9872 = DIRECTION('',(0.,-1.));
#9873 = ( GEOMETRIC_REPRESENTATION_CONTEXT(2) 
PARAMETRIC_REPRESENTATION_CONTEXT() REPRESENTATION_CONTEXT('2D SPACE',''
  ) );
#9874 = ADVANCED_FACE('',(#9875),#3688,.T.);
#9875 = FACE_BOUND('',#9876,.T.);
#9876 = EDGE_LOOP('',(#9877,#9878,#9879,#9902));
#9877 = ORIENTED_EDGE('',*,*,#3673,.F.);
#9878 = ORIENTED_EDGE('',*,*,#9854,.T.);
#9879 = ORIENTED_EDGE('',*,*,#9880,.T.);
#9880 = EDGE_CURVE('',#9832,#9881,#9883,.T.);
#9881 = VERTEX_POINT('',#9882);
#9882 = CARTESIAN_POINT('',(3.85,4.989521484375,7.869091796875));
#9883 = SURFACE_CURVE('',#9884,(#9888,#9895),.PCURVE_S1.);
#9884 = LINE('',#9885,#9886);
#9885 = CARTESIAN_POINT('',(3.85,4.382490234375,7.869091796875));
#9886 = VECTOR('',#9887,1.);
#9887 = DIRECTION('',(0.,1.,0.));
#9888 = PCURVE('',#3688,#9889);
#9889 = DEFINITIONAL_REPRESENTATION('',(#9890),#9894);
#9890 = LINE('',#9891,#9892);
#9891 = CARTESIAN_POINT('',(0.,-0.6));
#9892 = VECTOR('',#9893,1.);
#9893 = DIRECTION('',(1.,0.));
#9894 = ( GEOMETRIC_REPRESENTATION_CONTEXT(2) 
PARAMETRIC_REPRESENTATION_CONTEXT() REPRESENTATION_CONTEXT('2D SPACE',''
  ) );
#9895 = PCURVE('',#9793,#9896);
#9896 = DEFINITIONAL_REPRESENTATION('',(#9897),#9901);
#9897 = LINE('',#9898,#9899);
#9898 = CARTESIAN_POINT('',(0.3076171875,3.0064453125));
#9899 = VECTOR('',#9900,1.);
#9900 = DIRECTION('',(1.,0.));
#9901 = ( GEOMETRIC_REPRESENTATION_CONTEXT(2) 
PARAMETRIC_REPRESENTATION_CONTEXT() REPRESENTATION_CONTEXT('2D SPACE',''
  ) );
#9902 = ORIENTED_EDGE('',*,*,#9903,.F.);
#9903 = EDGE_CURVE('',#3648,#9881,#9904,.T.);
#9904 = SURFACE_CURVE('',#9905,(#9909,#9916),.PCURVE_S1.);
#9905 = LINE('',#9906,#9907);
#9906 = CARTESIAN_POINT('',(3.25,4.989521484375,7.869091796875));
#9907 = VECTOR('',#9908,1.);
#9908 = DIRECTION('',(1.,0.,0.));
#9909 = PCURVE('',#3688,#9910);
#9910 = DEFINITIONAL_REPRESENTATION('',(#9911),#9915);
#9911 = LINE('',#9912,#9913);
#9912 = CARTESIAN_POINT('',(0.60703125,0.));
#9913 = VECTOR('',#9914,1.);
#9914 = DIRECTION('',(0.,-1.));
#9915 = ( GEOMETRIC_REPRESENTATION_CONTEXT(2) 
PARAMETRIC_REPRESENTATION_CONTEXT() REPRESENTATION_CONTEXT('2D SPACE',''
  ) );
#9916 = PCURVE('',#3662,#9917);
#9917 = DEFINITIONAL_REPRESENTATION('',(#9918),#9922);
#9918 = LINE('',#9919,#9920);
#9919 = CARTESIAN_POINT('',(0.,0.));
#9920 = VECTOR('',#9921,1.);
#9921 = DIRECTION('',(0.,-1.));
#9922 = ( GEOMETRIC_REPRESENTATION_CONTEXT(2) 
PARAMETRIC_REPRESENTATION_CONTEXT() REPRESENTATION_CONTEXT('2D SPACE',''
  ) );
#9923 = ADVANCED_FACE('',(#9924),#3662,.T.);
#9924 = FACE_BOUND('',#9925,.T.);
#9925 = EDGE_LOOP('',(#9926,#9927,#9928,#9951));
#9926 = ORIENTED_EDGE('',*,*,#3647,.F.);
#9927 = ORIENTED_EDGE('',*,*,#9903,.T.);
#9928 = ORIENTED_EDGE('',*,*,#9929,.T.);
#9929 = EDGE_CURVE('',#9881,#9930,#9932,.T.);
#9930 = VERTEX_POINT('',#9931);
#9931 = CARTESIAN_POINT('',(3.85,4.989521484375,6.685791015625));
#9932 = SURFACE_CURVE('',#9933,(#9937,#9944),.PCURVE_S1.);
#9933 = LINE('',#9934,#9935);
#9934 = CARTESIAN_POINT('',(3.85,4.989521484375,7.869091796875));
#9935 = VECTOR('',#9936,1.);
#9936 = DIRECTION('',(0.,0.,-1.));
#9937 = PCURVE('',#3662,#9938);
#9938 = DEFINITIONAL_REPRESENTATION('',(#9939),#9943);
#9939 = LINE('',#9940,#9941);
#9940 = CARTESIAN_POINT('',(0.,-0.6));
#9941 = VECTOR('',#9942,1.);
#9942 = DIRECTION('',(1.,0.));
#9943 = ( GEOMETRIC_REPRESENTATION_CONTEXT(2) 
PARAMETRIC_REPRESENTATION_CONTEXT() REPRESENTATION_CONTEXT('2D SPACE',''
  ) );
#9944 = PCURVE('',#9793,#9945);
#9945 = DEFINITIONAL_REPRESENTATION('',(#9946),#9950);
#9946 = LINE('',#9947,#9948);
#9947 = CARTESIAN_POINT('',(0.9146484375,3.0064453125));
#9948 = VECTOR('',#9949,1.);
#9949 = DIRECTION('',(0.,-1.));
#9950 = ( GEOMETRIC_REPRESENTATION_CONTEXT(2) 
PARAMETRIC_REPRESENTATION_CONTEXT() REPRESENTATION_CONTEXT('2D SPACE',''
  ) );
#9951 = ORIENTED_EDGE('',*,*,#9952,.F.);
#9952 = EDGE_CURVE('',#3622,#9930,#9953,.T.);
#9953 = SURFACE_CURVE('',#9954,(#9958,#9965),.PCURVE_S1.);
#9954 = LINE('',#9955,#9956);
#9955 = CARTESIAN_POINT('',(3.25,4.989521484375,6.685791015625));
#9956 = VECTOR('',#9957,1.);
#9957 = DIRECTION('',(1.,0.,0.));
#9958 = PCURVE('',#3662,#9959);
#9959 = DEFINITIONAL_REPRESENTATION('',(#9960),#9964);
#9960 = LINE('',#9961,#9962);
#9961 = CARTESIAN_POINT('',(1.18330078125,0.));
#9962 = VECTOR('',#9963,1.);
#9963 = DIRECTION('',(0.,-1.));
#9964 = ( GEOMETRIC_REPRESENTATION_CONTEXT(2) 
PARAMETRIC_REPRESENTATION_CONTEXT() REPRESENTATION_CONTEXT('2D SPACE',''
  ) );
#9965 = PCURVE('',#3636,#9966);
#9966 = DEFINITIONAL_REPRESENTATION('',(#9967),#9971);
#9967 = LINE('',#9968,#9969);
#9968 = CARTESIAN_POINT('',(0.,0.));
#9969 = VECTOR('',#9970,1.);
#9970 = DIRECTION('',(0.,-1.));
#9971 = ( GEOMETRIC_REPRESENTATION_CONTEXT(2) 
PARAMETRIC_REPRESENTATION_CONTEXT() REPRESENTATION_CONTEXT('2D SPACE',''
  ) );
#9972 = ADVANCED_FACE('',(#9973),#3636,.T.);
#9973 = FACE_BOUND('',#9974,.T.);
#9974 = EDGE_LOOP('',(#9975,#9976,#9977,#10000));
#9975 = ORIENTED_EDGE('',*,*,#3621,.F.);
#9976 = ORIENTED_EDGE('',*,*,#9952,.T.);
#9977 = ORIENTED_EDGE('',*,*,#9978,.T.);
#9978 = EDGE_CURVE('',#9930,#9979,#9981,.T.);
#9979 = VERTEX_POINT('',#9980);
#9980 = CARTESIAN_POINT('',(3.85,6.178974609375,6.685791015625));
#9981 = SURFACE_CURVE('',#9982,(#9986,#9993),.PCURVE_S1.);
#9982 = LINE('',#9983,#9984);
#9983 = CARTESIAN_POINT('',(3.85,4.989521484375,6.685791015625));
#9984 = VECTOR('',#9985,1.);
#9985 = DIRECTION('',(0.,1.,0.));
#9986 = PCURVE('',#3636,#9987);
#9987 = DEFINITIONAL_REPRESENTATION('',(#9988),#9992);
#9988 = LINE('',#9989,#9990);
#9989 = CARTESIAN_POINT('',(0.,-0.6));
#9990 = VECTOR('',#9991,1.);
#9991 = DIRECTION('',(1.,0.));
#9992 = ( GEOMETRIC_REPRESENTATION_CONTEXT(2) 
PARAMETRIC_REPRESENTATION_CONTEXT() REPRESENTATION_CONTEXT('2D SPACE',''
  ) );
#9993 = PCURVE('',#9793,#9994);
#9994 = DEFINITIONAL_REPRESENTATION('',(#9995),#9999);
#9995 = LINE('',#9996,#9997);
#9996 = CARTESIAN_POINT('',(0.9146484375,1.82314453125));
#9997 = VECTOR('',#9998,1.);
#9998 = DIRECTION('',(1.,0.));
#9999 = ( GEOMETRIC_REPRESENTATION_CONTEXT(2) 
PARAMETRIC_REPRESENTATION_CONTEXT() REPRESENTATION_CONTEXT('2D SPACE',''
  ) );
#10000 = ORIENTED_EDGE('',*,*,#10001,.F.);
#10001 = EDGE_CURVE('',#3596,#9979,#10002,.T.);
#10002 = SURFACE_CURVE('',#10003,(#10007,#10014),.PCURVE_S1.);
#10003 = LINE('',#10004,#10005);
#10004 = CARTESIAN_POINT('',(3.25,6.178974609375,6.685791015625));
#10005 = VECTOR('',#10006,1.);
#10006 = DIRECTION('',(1.,0.,0.));
#10007 = PCURVE('',#3636,#10008);
#10008 = DEFINITIONAL_REPRESENTATION('',(#10009),#10013);
#10009 = LINE('',#10010,#10011);
#10010 = CARTESIAN_POINT('',(1.189453125,0.));
#10011 = VECTOR('',#10012,1.);
#10012 = DIRECTION('',(0.,-1.));
#10013 = ( GEOMETRIC_REPRESENTATION_CONTEXT(2) 
PARAMETRIC_REPRESENTATION_CONTEXT() REPRESENTATION_CONTEXT('2D SPACE',''
  ) );
#10014 = PCURVE('',#3610,#10015);
#10015 = DEFINITIONAL_REPRESENTATION('',(#10016),#10020);
#10016 = LINE('',#10017,#10018);
#10017 = CARTESIAN_POINT('',(0.,0.));
#10018 = VECTOR('',#10019,1.);
#10019 = DIRECTION('',(0.,-1.));
#10020 = ( GEOMETRIC_REPRESENTATION_CONTEXT(2) 
PARAMETRIC_REPRESENTATION_CONTEXT() REPRESENTATION_CONTEXT('2D SPACE',''
  ) );
#10021 = ADVANCED_FACE('',(#10022),#3610,.T.);
#10022 = FACE_BOUND('',#10023,.T.);
#10023 = EDGE_LOOP('',(#10024,#10025,#10026,#10049));
#10024 = ORIENTED_EDGE('',*,*,#3595,.F.);
#10025 = ORIENTED_EDGE('',*,*,#10001,.T.);
#10026 = ORIENTED_EDGE('',*,*,#10027,.T.);
#10027 = EDGE_CURVE('',#9979,#10028,#10030,.T.);
#10028 = VERTEX_POINT('',#10029);
#10029 = CARTESIAN_POINT('',(3.85,6.178974609375,7.869091796875));
#10030 = SURFACE_CURVE('',#10031,(#10035,#10042),.PCURVE_S1.);
#10031 = LINE('',#10032,#10033);
#10032 = CARTESIAN_POINT('',(3.85,6.178974609375,6.685791015625));
#10033 = VECTOR('',#10034,1.);
#10034 = DIRECTION('',(0.,0.,1.));
#10035 = PCURVE('',#3610,#10036);
#10036 = DEFINITIONAL_REPRESENTATION('',(#10037),#10041);
#10037 = LINE('',#10038,#10039);
#10038 = CARTESIAN_POINT('',(0.,-0.6));
#10039 = VECTOR('',#10040,1.);
#10040 = DIRECTION('',(1.,0.));
#10041 = ( GEOMETRIC_REPRESENTATION_CONTEXT(2) 
PARAMETRIC_REPRESENTATION_CONTEXT() REPRESENTATION_CONTEXT('2D SPACE',''
  ) );
#10042 = PCURVE('',#9793,#10043);
#10043 = DEFINITIONAL_REPRESENTATION('',(#10044),#10048);
#10044 = LINE('',#10045,#10046);
#10045 = CARTESIAN_POINT('',(2.1041015625,1.82314453125));
#10046 = VECTOR('',#10047,1.);
#10047 = DIRECTION('',(0.,1.));
#10048 = ( GEOMETRIC_REPRESENTATION_CONTEXT(2) 
PARAMETRIC_REPRESENTATION_CONTEXT() REPRESENTATION_CONTEXT('2D SPACE',''
  ) );
#10049 = ORIENTED_EDGE('',*,*,#10050,.F.);
#10050 = EDGE_CURVE('',#3570,#10028,#10051,.T.);
#10051 = SURFACE_CURVE('',#10052,(#10056,#10063),.PCURVE_S1.);
#10052 = LINE('',#10053,#10054);
#10053 = CARTESIAN_POINT('',(3.25,6.178974609375,7.869091796875));
#10054 = VECTOR('',#10055,1.);
#10055 = DIRECTION('',(1.,0.,0.));
#10056 = PCURVE('',#3610,#10057);
#10057 = DEFINITIONAL_REPRESENTATION('',(#10058),#10062);
#10058 = LINE('',#10059,#10060);
#10059 = CARTESIAN_POINT('',(1.18330078125,0.));
#10060 = VECTOR('',#10061,1.);
#10061 = DIRECTION('',(0.,-1.));
#10062 = ( GEOMETRIC_REPRESENTATION_CONTEXT(2) 
PARAMETRIC_REPRESENTATION_CONTEXT() REPRESENTATION_CONTEXT('2D SPACE',''
  ) );
#10063 = PCURVE('',#3584,#10064);
#10064 = DEFINITIONAL_REPRESENTATION('',(#10065),#10069);
#10065 = LINE('',#10066,#10067);
#10066 = CARTESIAN_POINT('',(0.,0.));
#10067 = VECTOR('',#10068,1.);
#10068 = DIRECTION('',(0.,-1.));
#10069 = ( GEOMETRIC_REPRESENTATION_CONTEXT(2) 
PARAMETRIC_REPRESENTATION_CONTEXT() REPRESENTATION_CONTEXT('2D SPACE',''
  ) );
#10070 = ADVANCED_FACE('',(#10071),#3584,.T.);
#10071 = FACE_BOUND('',#10072,.T.);
#10072 = EDGE_LOOP('',(#10073,#10074,#10075,#10098));
#10073 = ORIENTED_EDGE('',*,*,#3569,.F.);
#10074 = ORIENTED_EDGE('',*,*,#10050,.T.);
#10075 = ORIENTED_EDGE('',*,*,#10076,.T.);
#10076 = EDGE_CURVE('',#10028,#10077,#10079,.T.);
#10077 = VERTEX_POINT('',#10078);
#10078 = CARTESIAN_POINT('',(3.85,6.786005859375,7.869091796875));
#10079 = SURFACE_CURVE('',#10080,(#10084,#10091),.PCURVE_S1.);
#10080 = LINE('',#10081,#10082);
#10081 = CARTESIAN_POINT('',(3.85,6.178974609375,7.869091796875));
#10082 = VECTOR('',#10083,1.);
#10083 = DIRECTION('',(0.,1.,0.));
#10084 = PCURVE('',#3584,#10085);
#10085 = DEFINITIONAL_REPRESENTATION('',(#10086),#10090);
#10086 = LINE('',#10087,#10088);
#10087 = CARTESIAN_POINT('',(0.,-0.6));
#10088 = VECTOR('',#10089,1.);
#10089 = DIRECTION('',(1.,0.));
#10090 = ( GEOMETRIC_REPRESENTATION_CONTEXT(2) 
PARAMETRIC_REPRESENTATION_CONTEXT() REPRESENTATION_CONTEXT('2D SPACE',''
  ) );
#10091 = PCURVE('',#9793,#10092);
#10092 = DEFINITIONAL_REPRESENTATION('',(#10093),#10097);
#10093 = LINE('',#10094,#10095);
#10094 = CARTESIAN_POINT('',(2.1041015625,3.0064453125));
#10095 = VECTOR('',#10096,1.);
#10096 = DIRECTION('',(1.,0.));
#10097 = ( GEOMETRIC_REPRESENTATION_CONTEXT(2) 
PARAMETRIC_REPRESENTATION_CONTEXT() REPRESENTATION_CONTEXT('2D SPACE',''
  ) );
#10098 = ORIENTED_EDGE('',*,*,#10099,.F.);
#10099 = EDGE_CURVE('',#3544,#10077,#10100,.T.);
#10100 = SURFACE_CURVE('',#10101,(#10105,#10112),.PCURVE_S1.);
#10101 = LINE('',#10102,#10103);
#10102 = CARTESIAN_POINT('',(3.25,6.786005859375,7.869091796875));
#10103 = VECTOR('',#10104,1.);
#10104 = DIRECTION('',(1.,0.,0.));
#10105 = PCURVE('',#3584,#10106);
#10106 = DEFINITIONAL_REPRESENTATION('',(#10107),#10111);
#10107 = LINE('',#10108,#10109);
#10108 = CARTESIAN_POINT('',(0.60703125,0.));
#10109 = VECTOR('',#10110,1.);
#10110 = DIRECTION('',(0.,-1.));
#10111 = ( GEOMETRIC_REPRESENTATION_CONTEXT(2) 
PARAMETRIC_REPRESENTATION_CONTEXT() REPRESENTATION_CONTEXT('2D SPACE',''
  ) );
#10112 = PCURVE('',#3558,#10113);
#10113 = DEFINITIONAL_REPRESENTATION('',(#10114),#10118);
#10114 = LINE('',#10115,#10116);
#10115 = CARTESIAN_POINT('',(0.,0.));
#10116 = VECTOR('',#10117,1.);
#10117 = DIRECTION('',(0.,-1.));
#10118 = ( GEOMETRIC_REPRESENTATION_CONTEXT(2) 
PARAMETRIC_REPRESENTATION_CONTEXT() REPRESENTATION_CONTEXT('2D SPACE',''
  ) );
#10119 = ADVANCED_FACE('',(#10120),#3558,.T.);
#10120 = FACE_BOUND('',#10121,.T.);
#10121 = EDGE_LOOP('',(#10122,#10123,#10124,#10147));
#10122 = ORIENTED_EDGE('',*,*,#3543,.F.);
#10123 = ORIENTED_EDGE('',*,*,#10099,.T.);
#10124 = ORIENTED_EDGE('',*,*,#10125,.T.);
#10125 = EDGE_CURVE('',#10077,#10126,#10128,.T.);
#10126 = VERTEX_POINT('',#10127);
#10127 = CARTESIAN_POINT('',(3.85,6.786005859375,4.862646484375));
#10128 = SURFACE_CURVE('',#10129,(#10133,#10140),.PCURVE_S1.);
#10129 = LINE('',#10130,#10131);
#10130 = CARTESIAN_POINT('',(3.85,6.786005859375,7.869091796875));
#10131 = VECTOR('',#10132,1.);
#10132 = DIRECTION('',(0.,0.,-1.));
#10133 = PCURVE('',#3558,#10134);
#10134 = DEFINITIONAL_REPRESENTATION('',(#10135),#10139);
#10135 = LINE('',#10136,#10137);
#10136 = CARTESIAN_POINT('',(0.,-0.6));
#10137 = VECTOR('',#10138,1.);
#10138 = DIRECTION('',(1.,0.));
#10139 = ( GEOMETRIC_REPRESENTATION_CONTEXT(2) 
PARAMETRIC_REPRESENTATION_CONTEXT() REPRESENTATION_CONTEXT('2D SPACE',''
  ) );
#10140 = PCURVE('',#9793,#10141);
#10141 = DEFINITIONAL_REPRESENTATION('',(#10142),#10146);
#10142 = LINE('',#10143,#10144);
#10143 = CARTESIAN_POINT('',(2.7111328125,3.0064453125));
#10144 = VECTOR('',#10145,1.);
#10145 = DIRECTION('',(0.,-1.));
#10146 = ( GEOMETRIC_REPRESENTATION_CONTEXT(2) 
PARAMETRIC_REPRESENTATION_CONTEXT() REPRESENTATION_CONTEXT('2D SPACE',''
  ) );
#10147 = ORIENTED_EDGE('',*,*,#10148,.F.);
#10148 = EDGE_CURVE('',#3518,#10126,#10149,.T.);
#10149 = SURFACE_CURVE('',#10150,(#10154,#10161),.PCURVE_S1.);
#10150 = LINE('',#10151,#10152);
#10151 = CARTESIAN_POINT('',(3.25,6.786005859375,4.862646484375));
#10152 = VECTOR('',#10153,1.);
#10153 = DIRECTION('',(1.,0.,0.));
#10154 = PCURVE('',#3558,#10155);
#10155 = DEFINITIONAL_REPRESENTATION('',(#10156),#10160);
#10156 = LINE('',#10157,#10158);
#10157 = CARTESIAN_POINT('',(3.0064453125,0.));
#10158 = VECTOR('',#10159,1.);
#10159 = DIRECTION('',(0.,-1.));
#10160 = ( GEOMETRIC_REPRESENTATION_CONTEXT(2) 
PARAMETRIC_REPRESENTATION_CONTEXT() REPRESENTATION_CONTEXT('2D SPACE',''
  ) );
#10161 = PCURVE('',#3532,#10162);
#10162 = DEFINITIONAL_REPRESENTATION('',(#10163),#10167);
#10163 = LINE('',#10164,#10165);
#10164 = CARTESIAN_POINT('',(0.,-0.));
#10165 = VECTOR('',#10166,1.);
#10166 = DIRECTION('',(0.,-1.));
#10167 = ( GEOMETRIC_REPRESENTATION_CONTEXT(2) 
PARAMETRIC_REPRESENTATION_CONTEXT() REPRESENTATION_CONTEXT('2D SPACE',''
  ) );
#10168 = ADVANCED_FACE('',(#10169),#3532,.T.);
#10169 = FACE_BOUND('',#10170,.T.);
#10170 = EDGE_LOOP('',(#10171,#10172,#10173,#10196));
#10171 = ORIENTED_EDGE('',*,*,#3517,.F.);
#10172 = ORIENTED_EDGE('',*,*,#10148,.T.);
#10173 = ORIENTED_EDGE('',*,*,#10174,.T.);
#10174 = EDGE_CURVE('',#10126,#10175,#10177,.T.);
#10175 = VERTEX_POINT('',#10176);
#10176 = CARTESIAN_POINT('',(3.85,6.178974609375,4.862646484375));
#10177 = SURFACE_CURVE('',#10178,(#10182,#10189),.PCURVE_S1.);
#10178 = LINE('',#10179,#10180);
#10179 = CARTESIAN_POINT('',(3.85,6.786005859375,4.862646484375));
#10180 = VECTOR('',#10181,1.);
#10181 = DIRECTION('',(0.,-1.,0.));
#10182 = PCURVE('',#3532,#10183);
#10183 = DEFINITIONAL_REPRESENTATION('',(#10184),#10188);
#10184 = LINE('',#10185,#10186);
#10185 = CARTESIAN_POINT('',(0.,-0.6));
#10186 = VECTOR('',#10187,1.);
#10187 = DIRECTION('',(1.,0.));
#10188 = ( GEOMETRIC_REPRESENTATION_CONTEXT(2) 
PARAMETRIC_REPRESENTATION_CONTEXT() REPRESENTATION_CONTEXT('2D SPACE',''
  ) );
#10189 = PCURVE('',#9793,#10190);
#10190 = DEFINITIONAL_REPRESENTATION('',(#10191),#10195);
#10191 = LINE('',#10192,#10193);
#10192 = CARTESIAN_POINT('',(2.7111328125,0.));
#10193 = VECTOR('',#10194,1.);
#10194 = DIRECTION('',(-1.,0.));
#10195 = ( GEOMETRIC_REPRESENTATION_CONTEXT(2) 
PARAMETRIC_REPRESENTATION_CONTEXT() REPRESENTATION_CONTEXT('2D SPACE',''
  ) );
#10196 = ORIENTED_EDGE('',*,*,#10197,.F.);
#10197 = EDGE_CURVE('',#3492,#10175,#10198,.T.);
#10198 = SURFACE_CURVE('',#10199,(#10203,#10210),.PCURVE_S1.);
#10199 = LINE('',#10200,#10201);
#10200 = CARTESIAN_POINT('',(3.25,6.178974609375,4.862646484375));
#10201 = VECTOR('',#10202,1.);
#10202 = DIRECTION('',(1.,0.,0.));
#10203 = PCURVE('',#3532,#10204);
#10204 = DEFINITIONAL_REPRESENTATION('',(#10205),#10209);
#10205 = LINE('',#10206,#10207);
#10206 = CARTESIAN_POINT('',(0.60703125,0.));
#10207 = VECTOR('',#10208,1.);
#10208 = DIRECTION('',(0.,-1.));
#10209 = ( GEOMETRIC_REPRESENTATION_CONTEXT(2) 
PARAMETRIC_REPRESENTATION_CONTEXT() REPRESENTATION_CONTEXT('2D SPACE',''
  ) );
#10210 = PCURVE('',#3506,#10211);
#10211 = DEFINITIONAL_REPRESENTATION('',(#10212),#10216);
#10212 = LINE('',#10213,#10214);
#10213 = CARTESIAN_POINT('',(0.,0.));
#10214 = VECTOR('',#10215,1.);
#10215 = DIRECTION('',(0.,-1.));
#10216 = ( GEOMETRIC_REPRESENTATION_CONTEXT(2) 
PARAMETRIC_REPRESENTATION_CONTEXT() REPRESENTATION_CONTEXT('2D SPACE',''
  ) );
#10217 = ADVANCED_FACE('',(#10218),#3506,.T.);
#10218 = FACE_BOUND('',#10219,.T.);
#10219 = EDGE_LOOP('',(#10220,#10221,#10222,#10245));
#10220 = ORIENTED_EDGE('',*,*,#3491,.F.);
#10221 = ORIENTED_EDGE('',*,*,#10197,.T.);
#10222 = ORIENTED_EDGE('',*,*,#10223,.T.);
#10223 = EDGE_CURVE('',#10175,#10224,#10226,.T.);
#10224 = VERTEX_POINT('',#10225);
#10225 = CARTESIAN_POINT('',(3.85,6.178974609375,6.177197265625));
#10226 = SURFACE_CURVE('',#10227,(#10231,#10238),.PCURVE_S1.);
#10227 = LINE('',#10228,#10229);
#10228 = CARTESIAN_POINT('',(3.85,6.178974609375,4.862646484375));
#10229 = VECTOR('',#10230,1.);
#10230 = DIRECTION('',(0.,0.,1.));
#10231 = PCURVE('',#3506,#10232);
#10232 = DEFINITIONAL_REPRESENTATION('',(#10233),#10237);
#10233 = LINE('',#10234,#10235);
#10234 = CARTESIAN_POINT('',(0.,-0.6));
#10235 = VECTOR('',#10236,1.);
#10236 = DIRECTION('',(1.,0.));
#10237 = ( GEOMETRIC_REPRESENTATION_CONTEXT(2) 
PARAMETRIC_REPRESENTATION_CONTEXT() REPRESENTATION_CONTEXT('2D SPACE',''
  ) );
#10238 = PCURVE('',#9793,#10239);
#10239 = DEFINITIONAL_REPRESENTATION('',(#10240),#10244);
#10240 = LINE('',#10241,#10242);
#10241 = CARTESIAN_POINT('',(2.1041015625,0.));
#10242 = VECTOR('',#10243,1.);
#10243 = DIRECTION('',(0.,1.));
#10244 = ( GEOMETRIC_REPRESENTATION_CONTEXT(2) 
PARAMETRIC_REPRESENTATION_CONTEXT() REPRESENTATION_CONTEXT('2D SPACE',''
  ) );
#10245 = ORIENTED_EDGE('',*,*,#10246,.F.);
#10246 = EDGE_CURVE('',#3466,#10224,#10247,.T.);
#10247 = SURFACE_CURVE('',#10248,(#10252,#10259),.PCURVE_S1.);
#10248 = LINE('',#10249,#10250);
#10249 = CARTESIAN_POINT('',(3.25,6.178974609375,6.177197265625));
#10250 = VECTOR('',#10251,1.);
#10251 = DIRECTION('',(1.,0.,0.));
#10252 = PCURVE('',#3506,#10253);
#10253 = DEFINITIONAL_REPRESENTATION('',(#10254),#10258);
#10254 = LINE('',#10255,#10256);
#10255 = CARTESIAN_POINT('',(1.31455078125,0.));
#10256 = VECTOR('',#10257,1.);
#10257 = DIRECTION('',(0.,-1.));
#10258 = ( GEOMETRIC_REPRESENTATION_CONTEXT(2) 
PARAMETRIC_REPRESENTATION_CONTEXT() REPRESENTATION_CONTEXT('2D SPACE',''
  ) );
#10259 = PCURVE('',#3480,#10260);
#10260 = DEFINITIONAL_REPRESENTATION('',(#10261),#10265);
#10261 = LINE('',#10262,#10263);
#10262 = CARTESIAN_POINT('',(0.,-0.));
#10263 = VECTOR('',#10264,1.);
#10264 = DIRECTION('',(0.,-1.));
#10265 = ( GEOMETRIC_REPRESENTATION_CONTEXT(2) 
PARAMETRIC_REPRESENTATION_CONTEXT() REPRESENTATION_CONTEXT('2D SPACE',''
  ) );
#10266 = ADVANCED_FACE('',(#10267),#3480,.T.);
#10267 = FACE_BOUND('',#10268,.T.);
#10268 = EDGE_LOOP('',(#10269,#10270,#10271,#10294));
#10269 = ORIENTED_EDGE('',*,*,#3465,.F.);
#10270 = ORIENTED_EDGE('',*,*,#10246,.T.);
#10271 = ORIENTED_EDGE('',*,*,#10272,.T.);
#10272 = EDGE_CURVE('',#10224,#10273,#10275,.T.);
#10273 = VERTEX_POINT('',#10274);
#10274 = CARTESIAN_POINT('',(3.85,4.989521484375,6.177197265625));
#10275 = SURFACE_CURVE('',#10276,(#10280,#10287),.PCURVE_S1.);
#10276 = LINE('',#10277,#10278);
#10277 = CARTESIAN_POINT('',(3.85,6.178974609375,6.177197265625));
#10278 = VECTOR('',#10279,1.);
#10279 = DIRECTION('',(0.,-1.,0.));
#10280 = PCURVE('',#3480,#10281);
#10281 = DEFINITIONAL_REPRESENTATION('',(#10282),#10286);
#10282 = LINE('',#10283,#10284);
#10283 = CARTESIAN_POINT('',(0.,-0.6));
#10284 = VECTOR('',#10285,1.);
#10285 = DIRECTION('',(1.,0.));
#10286 = ( GEOMETRIC_REPRESENTATION_CONTEXT(2) 
PARAMETRIC_REPRESENTATION_CONTEXT() REPRESENTATION_CONTEXT('2D SPACE',''
  ) );
#10287 = PCURVE('',#9793,#10288);
#10288 = DEFINITIONAL_REPRESENTATION('',(#10289),#10293);
#10289 = LINE('',#10290,#10291);
#10290 = CARTESIAN_POINT('',(2.1041015625,1.31455078125));
#10291 = VECTOR('',#10292,1.);
#10292 = DIRECTION('',(-1.,0.));
#10293 = ( GEOMETRIC_REPRESENTATION_CONTEXT(2) 
PARAMETRIC_REPRESENTATION_CONTEXT() REPRESENTATION_CONTEXT('2D SPACE',''
  ) );
#10294 = ORIENTED_EDGE('',*,*,#10295,.F.);
#10295 = EDGE_CURVE('',#3440,#10273,#10296,.T.);
#10296 = SURFACE_CURVE('',#10297,(#10301,#10308),.PCURVE_S1.);
#10297 = LINE('',#10298,#10299);
#10298 = CARTESIAN_POINT('',(3.25,4.989521484375,6.177197265625));
#10299 = VECTOR('',#10300,1.);
#10300 = DIRECTION('',(1.,0.,0.));
#10301 = PCURVE('',#3480,#10302);
#10302 = DEFINITIONAL_REPRESENTATION('',(#10303),#10307);
#10303 = LINE('',#10304,#10305);
#10304 = CARTESIAN_POINT('',(1.189453125,0.));
#10305 = VECTOR('',#10306,1.);
#10306 = DIRECTION('',(0.,-1.));
#10307 = ( GEOMETRIC_REPRESENTATION_CONTEXT(2) 
PARAMETRIC_REPRESENTATION_CONTEXT() REPRESENTATION_CONTEXT('2D SPACE',''
  ) );
#10308 = PCURVE('',#3454,#10309);
#10309 = DEFINITIONAL_REPRESENTATION('',(#10310),#10314);
#10310 = LINE('',#10311,#10312);
#10311 = CARTESIAN_POINT('',(0.,0.));
#10312 = VECTOR('',#10313,1.);
#10313 = DIRECTION('',(0.,-1.));
#10314 = ( GEOMETRIC_REPRESENTATION_CONTEXT(2) 
PARAMETRIC_REPRESENTATION_CONTEXT() REPRESENTATION_CONTEXT('2D SPACE',''
  ) );
#10315 = ADVANCED_FACE('',(#10316),#3454,.T.);
#10316 = FACE_BOUND('',#10317,.T.);
#10317 = EDGE_LOOP('',(#10318,#10319,#10320,#10341));
#10318 = ORIENTED_EDGE('',*,*,#3439,.F.);
#10319 = ORIENTED_EDGE('',*,*,#10295,.T.);
#10320 = ORIENTED_EDGE('',*,*,#10321,.T.);
#10321 = EDGE_CURVE('',#10273,#9755,#10322,.T.);
#10322 = SURFACE_CURVE('',#10323,(#10327,#10334),.PCURVE_S1.);
#10323 = LINE('',#10324,#10325);
#10324 = CARTESIAN_POINT('',(3.85,4.989521484375,6.177197265625));
#10325 = VECTOR('',#10326,1.);
#10326 = DIRECTION('',(0.,0.,-1.));
#10327 = PCURVE('',#3454,#10328);
#10328 = DEFINITIONAL_REPRESENTATION('',(#10329),#10333);
#10329 = LINE('',#10330,#10331);
#10330 = CARTESIAN_POINT('',(0.,-0.6));
#10331 = VECTOR('',#10332,1.);
#10332 = DIRECTION('',(1.,0.));
#10333 = ( GEOMETRIC_REPRESENTATION_CONTEXT(2) 
PARAMETRIC_REPRESENTATION_CONTEXT() REPRESENTATION_CONTEXT('2D SPACE',''
  ) );
#10334 = PCURVE('',#9793,#10335);
#10335 = DEFINITIONAL_REPRESENTATION('',(#10336),#10340);
#10336 = LINE('',#10337,#10338);
#10337 = CARTESIAN_POINT('',(0.9146484375,1.31455078125));
#10338 = VECTOR('',#10339,1.);
#10339 = DIRECTION('',(0.,-1.));
#10340 = ( GEOMETRIC_REPRESENTATION_CONTEXT(2) 
PARAMETRIC_REPRESENTATION_CONTEXT() REPRESENTATION_CONTEXT('2D SPACE',''
  ) );
#10341 = ORIENTED_EDGE('',*,*,#9754,.F.);
#10342 = ADVANCED_FACE('',(#10343),#3742,.T.);
#10343 = FACE_BOUND('',#10344,.T.);
#10344 = EDGE_LOOP('',(#10345,#10346,#10369,#10397));
#10345 = ORIENTED_EDGE('',*,*,#3725,.F.);
#10346 = ORIENTED_EDGE('',*,*,#10347,.T.);
#10347 = EDGE_CURVE('',#3726,#10348,#10350,.T.);
#10348 = VERTEX_POINT('',#10349);
#10349 = CARTESIAN_POINT('',(3.85,9.427412109375,4.862646484375));
#10350 = SURFACE_CURVE('',#10351,(#10355,#10362),.PCURVE_S1.);
#10351 = LINE('',#10352,#10353);
#10352 = CARTESIAN_POINT('',(3.25,9.427412109375,4.862646484375));
#10353 = VECTOR('',#10354,1.);
#10354 = DIRECTION('',(1.,0.,0.));
#10355 = PCURVE('',#3742,#10356);
#10356 = DEFINITIONAL_REPRESENTATION('',(#10357),#10361);
#10357 = LINE('',#10358,#10359);
#10358 = CARTESIAN_POINT('',(0.,-0.));
#10359 = VECTOR('',#10360,1.);
#10360 = DIRECTION('',(0.,-1.));
#10361 = ( GEOMETRIC_REPRESENTATION_CONTEXT(2) 
PARAMETRIC_REPRESENTATION_CONTEXT() REPRESENTATION_CONTEXT('2D SPACE',''
  ) );
#10362 = PCURVE('',#3768,#10363);
#10363 = DEFINITIONAL_REPRESENTATION('',(#10364),#10368);
#10364 = LINE('',#10365,#10366);
#10365 = CARTESIAN_POINT('',(0.90849609375,0.));
#10366 = VECTOR('',#10367,1.);
#10367 = DIRECTION('',(0.,-1.));
#10368 = ( GEOMETRIC_REPRESENTATION_CONTEXT(2) 
PARAMETRIC_REPRESENTATION_CONTEXT() REPRESENTATION_CONTEXT('2D SPACE',''
  ) );
#10369 = ORIENTED_EDGE('',*,*,#10370,.T.);
#10370 = EDGE_CURVE('',#10348,#10371,#10373,.T.);
#10371 = VERTEX_POINT('',#10372);
#10372 = CARTESIAN_POINT('',(3.85,8.820380859375,4.862646484375));
#10373 = SURFACE_CURVE('',#10374,(#10378,#10385),.PCURVE_S1.);
#10374 = LINE('',#10375,#10376);
#10375 = CARTESIAN_POINT('',(3.85,9.427412109375,4.862646484375));
#10376 = VECTOR('',#10377,1.);
#10377 = DIRECTION('',(0.,-1.,0.));
#10378 = PCURVE('',#3742,#10379);
#10379 = DEFINITIONAL_REPRESENTATION('',(#10380),#10384);
#10380 = LINE('',#10381,#10382);
#10381 = CARTESIAN_POINT('',(0.,-0.6));
#10382 = VECTOR('',#10383,1.);
#10383 = DIRECTION('',(1.,0.));
#10384 = ( GEOMETRIC_REPRESENTATION_CONTEXT(2) 
PARAMETRIC_REPRESENTATION_CONTEXT() REPRESENTATION_CONTEXT('2D SPACE',''
  ) );
#10385 = PCURVE('',#10386,#10391);
#10386 = PLANE('',#10387);
#10387 = AXIS2_PLACEMENT_3D('',#10388,#10389,#10390);
#10388 = CARTESIAN_POINT('',(3.85,8.506611328125,4.862646484375));
#10389 = DIRECTION('',(1.,0.,0.));
#10390 = DIRECTION('',(0.,1.,0.));
#10391 = DEFINITIONAL_REPRESENTATION('',(#10392),#10396);
#10392 = LINE('',#10393,#10394);
#10393 = CARTESIAN_POINT('',(0.92080078125,0.));
#10394 = VECTOR('',#10395,1.);
#10395 = DIRECTION('',(-1.,0.));
#10396 = ( GEOMETRIC_REPRESENTATION_CONTEXT(2) 
PARAMETRIC_REPRESENTATION_CONTEXT() REPRESENTATION_CONTEXT('2D SPACE',''
  ) );
#10397 = ORIENTED_EDGE('',*,*,#10398,.F.);
#10398 = EDGE_CURVE('',#3728,#10371,#10399,.T.);
#10399 = SURFACE_CURVE('',#10400,(#10404,#10411),.PCURVE_S1.);
#10400 = LINE('',#10401,#10402);
#10401 = CARTESIAN_POINT('',(3.25,8.820380859375,4.862646484375));
#10402 = VECTOR('',#10403,1.);
#10403 = DIRECTION('',(1.,0.,0.));
#10404 = PCURVE('',#3742,#10405);
#10405 = DEFINITIONAL_REPRESENTATION('',(#10406),#10410);
#10406 = LINE('',#10407,#10408);
#10407 = CARTESIAN_POINT('',(0.60703125,0.));
#10408 = VECTOR('',#10409,1.);
#10409 = DIRECTION('',(0.,-1.));
#10410 = ( GEOMETRIC_REPRESENTATION_CONTEXT(2) 
PARAMETRIC_REPRESENTATION_CONTEXT() REPRESENTATION_CONTEXT('2D SPACE',''
  ) );
#10411 = PCURVE('',#4026,#10412);
#10412 = DEFINITIONAL_REPRESENTATION('',(#10413),#10417);
#10413 = LINE('',#10414,#10415);
#10414 = CARTESIAN_POINT('',(0.,0.));
#10415 = VECTOR('',#10416,1.);
#10416 = DIRECTION('',(0.,-1.));
#10417 = ( GEOMETRIC_REPRESENTATION_CONTEXT(2) 
PARAMETRIC_REPRESENTATION_CONTEXT() REPRESENTATION_CONTEXT('2D SPACE',''
  ) );
#10418 = ADVANCED_FACE('',(#10419),#4026,.T.);
#10419 = FACE_BOUND('',#10420,.T.);
#10420 = EDGE_LOOP('',(#10421,#10422,#10423,#10446));
#10421 = ORIENTED_EDGE('',*,*,#4013,.F.);
#10422 = ORIENTED_EDGE('',*,*,#10398,.T.);
#10423 = ORIENTED_EDGE('',*,*,#10424,.T.);
#10424 = EDGE_CURVE('',#10371,#10425,#10427,.T.);
#10425 = VERTEX_POINT('',#10426);
#10426 = CARTESIAN_POINT('',(3.85,8.820380859375,7.869091796875));
#10427 = SURFACE_CURVE('',#10428,(#10432,#10439),.PCURVE_S1.);
#10428 = LINE('',#10429,#10430);
#10429 = CARTESIAN_POINT('',(3.85,8.820380859375,4.862646484375));
#10430 = VECTOR('',#10431,1.);
#10431 = DIRECTION('',(0.,0.,1.));
#10432 = PCURVE('',#4026,#10433);
#10433 = DEFINITIONAL_REPRESENTATION('',(#10434),#10438);
#10434 = LINE('',#10435,#10436);
#10435 = CARTESIAN_POINT('',(0.,-0.6));
#10436 = VECTOR('',#10437,1.);
#10437 = DIRECTION('',(1.,0.));
#10438 = ( GEOMETRIC_REPRESENTATION_CONTEXT(2) 
PARAMETRIC_REPRESENTATION_CONTEXT() REPRESENTATION_CONTEXT('2D SPACE',''
  ) );
#10439 = PCURVE('',#10386,#10440);
#10440 = DEFINITIONAL_REPRESENTATION('',(#10441),#10445);
#10441 = LINE('',#10442,#10443);
#10442 = CARTESIAN_POINT('',(0.31376953125,0.));
#10443 = VECTOR('',#10444,1.);
#10444 = DIRECTION('',(0.,1.));
#10445 = ( GEOMETRIC_REPRESENTATION_CONTEXT(2) 
PARAMETRIC_REPRESENTATION_CONTEXT() REPRESENTATION_CONTEXT('2D SPACE',''
  ) );
#10446 = ORIENTED_EDGE('',*,*,#10447,.F.);
#10447 = EDGE_CURVE('',#3988,#10425,#10448,.T.);
#10448 = SURFACE_CURVE('',#10449,(#10453,#10460),.PCURVE_S1.);
#10449 = LINE('',#10450,#10451);
#10450 = CARTESIAN_POINT('',(3.25,8.820380859375,7.869091796875));
#10451 = VECTOR('',#10452,1.);
#10452 = DIRECTION('',(1.,0.,0.));
#10453 = PCURVE('',#4026,#10454);
#10454 = DEFINITIONAL_REPRESENTATION('',(#10455),#10459);
#10455 = LINE('',#10456,#10457);
#10456 = CARTESIAN_POINT('',(3.0064453125,0.));
#10457 = VECTOR('',#10458,1.);
#10458 = DIRECTION('',(0.,-1.));
#10459 = ( GEOMETRIC_REPRESENTATION_CONTEXT(2) 
PARAMETRIC_REPRESENTATION_CONTEXT() REPRESENTATION_CONTEXT('2D SPACE',''
  ) );
#10460 = PCURVE('',#4002,#10461);
#10461 = DEFINITIONAL_REPRESENTATION('',(#10462),#10466);
#10462 = LINE('',#10463,#10464);
#10463 = CARTESIAN_POINT('',(0.,0.));
#10464 = VECTOR('',#10465,1.);
#10465 = DIRECTION('',(0.,-1.));
#10466 = ( GEOMETRIC_REPRESENTATION_CONTEXT(2) 
PARAMETRIC_REPRESENTATION_CONTEXT() REPRESENTATION_CONTEXT('2D SPACE',''
  ) );
#10467 = ADVANCED_FACE('',(#10468),#4002,.T.);
#10468 = FACE_BOUND('',#10469,.T.);
#10469 = EDGE_LOOP('',(#10470,#10471,#10472,#10495));
#10470 = ORIENTED_EDGE('',*,*,#3987,.F.);
#10471 = ORIENTED_EDGE('',*,*,#10447,.T.);
#10472 = ORIENTED_EDGE('',*,*,#10473,.T.);
#10473 = EDGE_CURVE('',#10425,#10474,#10476,.T.);
#10474 = VERTEX_POINT('',#10475);
#10475 = CARTESIAN_POINT('',(3.85,9.427412109375,7.869091796875));
#10476 = SURFACE_CURVE('',#10477,(#10481,#10488),.PCURVE_S1.);
#10477 = LINE('',#10478,#10479);
#10478 = CARTESIAN_POINT('',(3.85,8.820380859375,7.869091796875));
#10479 = VECTOR('',#10480,1.);
#10480 = DIRECTION('',(0.,1.,0.));
#10481 = PCURVE('',#4002,#10482);
#10482 = DEFINITIONAL_REPRESENTATION('',(#10483),#10487);
#10483 = LINE('',#10484,#10485);
#10484 = CARTESIAN_POINT('',(0.,-0.6));
#10485 = VECTOR('',#10486,1.);
#10486 = DIRECTION('',(1.,0.));
#10487 = ( GEOMETRIC_REPRESENTATION_CONTEXT(2) 
PARAMETRIC_REPRESENTATION_CONTEXT() REPRESENTATION_CONTEXT('2D SPACE',''
  ) );
#10488 = PCURVE('',#10386,#10489);
#10489 = DEFINITIONAL_REPRESENTATION('',(#10490),#10494);
#10490 = LINE('',#10491,#10492);
#10491 = CARTESIAN_POINT('',(0.31376953125,3.0064453125));
#10492 = VECTOR('',#10493,1.);
#10493 = DIRECTION('',(1.,0.));
#10494 = ( GEOMETRIC_REPRESENTATION_CONTEXT(2) 
PARAMETRIC_REPRESENTATION_CONTEXT() REPRESENTATION_CONTEXT('2D SPACE',''
  ) );
#10495 = ORIENTED_EDGE('',*,*,#10496,.F.);
#10496 = EDGE_CURVE('',#3962,#10474,#10497,.T.);
#10497 = SURFACE_CURVE('',#10498,(#10502,#10509),.PCURVE_S1.);
#10498 = LINE('',#10499,#10500);
#10499 = CARTESIAN_POINT('',(3.25,9.427412109375,7.869091796875));
#10500 = VECTOR('',#10501,1.);
#10501 = DIRECTION('',(1.,0.,0.));
#10502 = PCURVE('',#4002,#10503);
#10503 = DEFINITIONAL_REPRESENTATION('',(#10504),#10508);
#10504 = LINE('',#10505,#10506);
#10505 = CARTESIAN_POINT('',(0.60703125,0.));
#10506 = VECTOR('',#10507,1.);
#10507 = DIRECTION('',(0.,-1.));
#10508 = ( GEOMETRIC_REPRESENTATION_CONTEXT(2) 
PARAMETRIC_REPRESENTATION_CONTEXT() REPRESENTATION_CONTEXT('2D SPACE',''
  ) );
#10509 = PCURVE('',#3976,#10510);
#10510 = DEFINITIONAL_REPRESENTATION('',(#10511),#10515);
#10511 = LINE('',#10512,#10513);
#10512 = CARTESIAN_POINT('',(0.,0.));
#10513 = VECTOR('',#10514,1.);
#10514 = DIRECTION('',(0.,-1.));
#10515 = ( GEOMETRIC_REPRESENTATION_CONTEXT(2) 
PARAMETRIC_REPRESENTATION_CONTEXT() REPRESENTATION_CONTEXT('2D SPACE',''
  ) );
#10516 = ADVANCED_FACE('',(#10517),#3976,.T.);
#10517 = FACE_BOUND('',#10518,.T.);
#10518 = EDGE_LOOP('',(#10519,#10520,#10521,#10544));
#10519 = ORIENTED_EDGE('',*,*,#3961,.F.);
#10520 = ORIENTED_EDGE('',*,*,#10496,.T.);
#10521 = ORIENTED_EDGE('',*,*,#10522,.T.);
#10522 = EDGE_CURVE('',#10474,#10523,#10525,.T.);
#10523 = VERTEX_POINT('',#10524);
#10524 = CARTESIAN_POINT('',(3.85,9.427412109375,6.534033203125));
#10525 = SURFACE_CURVE('',#10526,(#10530,#10537),.PCURVE_S1.);
#10526 = LINE('',#10527,#10528);
#10527 = CARTESIAN_POINT('',(3.85,9.427412109375,7.869091796875));
#10528 = VECTOR('',#10529,1.);
#10529 = DIRECTION('',(0.,0.,-1.));
#10530 = PCURVE('',#3976,#10531);
#10531 = DEFINITIONAL_REPRESENTATION('',(#10532),#10536);
#10532 = LINE('',#10533,#10534);
#10533 = CARTESIAN_POINT('',(0.,-0.6));
#10534 = VECTOR('',#10535,1.);
#10535 = DIRECTION('',(1.,0.));
#10536 = ( GEOMETRIC_REPRESENTATION_CONTEXT(2) 
PARAMETRIC_REPRESENTATION_CONTEXT() REPRESENTATION_CONTEXT('2D SPACE',''
  ) );
#10537 = PCURVE('',#10386,#10538);
#10538 = DEFINITIONAL_REPRESENTATION('',(#10539),#10543);
#10539 = LINE('',#10540,#10541);
#10540 = CARTESIAN_POINT('',(0.92080078125,3.0064453125));
#10541 = VECTOR('',#10542,1.);
#10542 = DIRECTION('',(0.,-1.));
#10543 = ( GEOMETRIC_REPRESENTATION_CONTEXT(2) 
PARAMETRIC_REPRESENTATION_CONTEXT() REPRESENTATION_CONTEXT('2D SPACE',''
  ) );
#10544 = ORIENTED_EDGE('',*,*,#10545,.F.);
#10545 = EDGE_CURVE('',#3936,#10523,#10546,.T.);
#10546 = SURFACE_CURVE('',#10547,(#10551,#10558),.PCURVE_S1.);
#10547 = LINE('',#10548,#10549);
#10548 = CARTESIAN_POINT('',(3.25,9.427412109375,6.534033203125));
#10549 = VECTOR('',#10550,1.);
#10550 = DIRECTION('',(1.,0.,0.));
#10551 = PCURVE('',#3976,#10552);
#10552 = DEFINITIONAL_REPRESENTATION('',(#10553),#10557);
#10553 = LINE('',#10554,#10555);
#10554 = CARTESIAN_POINT('',(1.33505859375,0.));
#10555 = VECTOR('',#10556,1.);
#10556 = DIRECTION('',(0.,-1.));
#10557 = ( GEOMETRIC_REPRESENTATION_CONTEXT(2) 
PARAMETRIC_REPRESENTATION_CONTEXT() REPRESENTATION_CONTEXT('2D SPACE',''
  ) );
#10558 = PCURVE('',#3950,#10559);
#10559 = DEFINITIONAL_REPRESENTATION('',(#10560),#10564);
#10560 = LINE('',#10561,#10562);
#10561 = CARTESIAN_POINT('',(0.,0.));
#10562 = VECTOR('',#10563,1.);
#10563 = DIRECTION('',(0.,-1.));
#10564 = ( GEOMETRIC_REPRESENTATION_CONTEXT(2) 
PARAMETRIC_REPRESENTATION_CONTEXT() REPRESENTATION_CONTEXT('2D SPACE',''
  ) );
#10565 = ADVANCED_FACE('',(#10566),#3950,.T.);
#10566 = FACE_BOUND('',#10567,.T.);
#10567 = EDGE_LOOP('',(#10568,#10569,#10570,#10593));
#10568 = ORIENTED_EDGE('',*,*,#3935,.F.);
#10569 = ORIENTED_EDGE('',*,*,#10545,.T.);
#10570 = ORIENTED_EDGE('',*,*,#10571,.T.);
#10571 = EDGE_CURVE('',#10523,#10572,#10574,.T.);
#10572 = VERTEX_POINT('',#10573);
#10573 = CARTESIAN_POINT('',(3.85,10.653779296875,7.869091796875));
#10574 = SURFACE_CURVE('',#10575,(#10579,#10586),.PCURVE_S1.);
#10575 = LINE('',#10576,#10577);
#10576 = CARTESIAN_POINT('',(3.85,9.427412109375,6.534033203125));
#10577 = VECTOR('',#10578,1.);
#10578 = DIRECTION('',(0.,0.676492663495,0.736449371129));
#10579 = PCURVE('',#3950,#10580);
#10580 = DEFINITIONAL_REPRESENTATION('',(#10581),#10585);
#10581 = LINE('',#10582,#10583);
#10582 = CARTESIAN_POINT('',(0.,-0.6));
#10583 = VECTOR('',#10584,1.);
#10584 = DIRECTION('',(1.,0.));
#10585 = ( GEOMETRIC_REPRESENTATION_CONTEXT(2) 
PARAMETRIC_REPRESENTATION_CONTEXT() REPRESENTATION_CONTEXT('2D SPACE',''
  ) );
#10586 = PCURVE('',#10386,#10587);
#10587 = DEFINITIONAL_REPRESENTATION('',(#10588),#10592);
#10588 = LINE('',#10589,#10590);
#10589 = CARTESIAN_POINT('',(0.92080078125,1.67138671875));
#10590 = VECTOR('',#10591,1.);
#10591 = DIRECTION('',(0.676492663495,0.736449371129));
#10592 = ( GEOMETRIC_REPRESENTATION_CONTEXT(2) 
PARAMETRIC_REPRESENTATION_CONTEXT() REPRESENTATION_CONTEXT('2D SPACE',''
  ) );
#10593 = ORIENTED_EDGE('',*,*,#10594,.F.);
#10594 = EDGE_CURVE('',#3910,#10572,#10595,.T.);
#10595 = SURFACE_CURVE('',#10596,(#10600,#10607),.PCURVE_S1.);
#10596 = LINE('',#10597,#10598);
#10597 = CARTESIAN_POINT('',(3.25,10.653779296875,7.869091796875));
#10598 = VECTOR('',#10599,1.);
#10599 = DIRECTION('',(1.,0.,0.));
#10600 = PCURVE('',#3950,#10601);
#10601 = DEFINITIONAL_REPRESENTATION('',(#10602),#10606);
#10602 = LINE('',#10603,#10604);
#10603 = CARTESIAN_POINT('',(1.812831466883,0.));
#10604 = VECTOR('',#10605,1.);
#10605 = DIRECTION('',(0.,-1.));
#10606 = ( GEOMETRIC_REPRESENTATION_CONTEXT(2) 
PARAMETRIC_REPRESENTATION_CONTEXT() REPRESENTATION_CONTEXT('2D SPACE',''
  ) );
#10607 = PCURVE('',#3924,#10608);
#10608 = DEFINITIONAL_REPRESENTATION('',(#10609),#10613);
#10609 = LINE('',#10610,#10611);
#10610 = CARTESIAN_POINT('',(0.,0.));
#10611 = VECTOR('',#10612,1.);
#10612 = DIRECTION('',(0.,-1.));
#10613 = ( GEOMETRIC_REPRESENTATION_CONTEXT(2) 
PARAMETRIC_REPRESENTATION_CONTEXT() REPRESENTATION_CONTEXT('2D SPACE',''
  ) );
#10614 = ADVANCED_FACE('',(#10615),#3924,.T.);
#10615 = FACE_BOUND('',#10616,.T.);
#10616 = EDGE_LOOP('',(#10617,#10618,#10619,#10642));
#10617 = ORIENTED_EDGE('',*,*,#3909,.F.);
#10618 = ORIENTED_EDGE('',*,*,#10594,.T.);
#10619 = ORIENTED_EDGE('',*,*,#10620,.T.);
#10620 = EDGE_CURVE('',#10572,#10621,#10623,.T.);
#10621 = VERTEX_POINT('',#10622);
#10622 = CARTESIAN_POINT('',(3.85,11.469990234375,7.869091796875));
#10623 = SURFACE_CURVE('',#10624,(#10628,#10635),.PCURVE_S1.);
#10624 = LINE('',#10625,#10626);
#10625 = CARTESIAN_POINT('',(3.85,10.653779296875,7.869091796875));
#10626 = VECTOR('',#10627,1.);
#10627 = DIRECTION('',(0.,1.,0.));
#10628 = PCURVE('',#3924,#10629);
#10629 = DEFINITIONAL_REPRESENTATION('',(#10630),#10634);
#10630 = LINE('',#10631,#10632);
#10631 = CARTESIAN_POINT('',(0.,-0.6));
#10632 = VECTOR('',#10633,1.);
#10633 = DIRECTION('',(1.,0.));
#10634 = ( GEOMETRIC_REPRESENTATION_CONTEXT(2) 
PARAMETRIC_REPRESENTATION_CONTEXT() REPRESENTATION_CONTEXT('2D SPACE',''
  ) );
#10635 = PCURVE('',#10386,#10636);
#10636 = DEFINITIONAL_REPRESENTATION('',(#10637),#10641);
#10637 = LINE('',#10638,#10639);
#10638 = CARTESIAN_POINT('',(2.14716796875,3.0064453125));
#10639 = VECTOR('',#10640,1.);
#10640 = DIRECTION('',(1.,0.));
#10641 = ( GEOMETRIC_REPRESENTATION_CONTEXT(2) 
PARAMETRIC_REPRESENTATION_CONTEXT() REPRESENTATION_CONTEXT('2D SPACE',''
  ) );
#10642 = ORIENTED_EDGE('',*,*,#10643,.F.);
#10643 = EDGE_CURVE('',#3884,#10621,#10644,.T.);
#10644 = SURFACE_CURVE('',#10645,(#10649,#10656),.PCURVE_S1.);
#10645 = LINE('',#10646,#10647);
#10646 = CARTESIAN_POINT('',(3.25,11.469990234375,7.869091796875));
#10647 = VECTOR('',#10648,1.);
#10648 = DIRECTION('',(1.,0.,0.));
#10649 = PCURVE('',#3924,#10650);
#10650 = DEFINITIONAL_REPRESENTATION('',(#10651),#10655);
#10651 = LINE('',#10652,#10653);
#10652 = CARTESIAN_POINT('',(0.8162109375,0.));
#10653 = VECTOR('',#10654,1.);
#10654 = DIRECTION('',(0.,-1.));
#10655 = ( GEOMETRIC_REPRESENTATION_CONTEXT(2) 
PARAMETRIC_REPRESENTATION_CONTEXT() REPRESENTATION_CONTEXT('2D SPACE',''
  ) );
#10656 = PCURVE('',#3898,#10657);
#10657 = DEFINITIONAL_REPRESENTATION('',(#10658),#10662);
#10658 = LINE('',#10659,#10660);
#10659 = CARTESIAN_POINT('',(0.,0.));
#10660 = VECTOR('',#10661,1.);
#10661 = DIRECTION('',(0.,-1.));
#10662 = ( GEOMETRIC_REPRESENTATION_CONTEXT(2) 
PARAMETRIC_REPRESENTATION_CONTEXT() REPRESENTATION_CONTEXT('2D SPACE',''
  ) );
#10663 = ADVANCED_FACE('',(#10664),#3898,.T.);
#10664 = FACE_BOUND('',#10665,.T.);
#10665 = EDGE_LOOP('',(#10666,#10667,#10668,#10691));
#10666 = ORIENTED_EDGE('',*,*,#3883,.F.);
#10667 = ORIENTED_EDGE('',*,*,#10643,.T.);
#10668 = ORIENTED_EDGE('',*,*,#10669,.T.);
#10669 = EDGE_CURVE('',#10621,#10670,#10672,.T.);
#10670 = VERTEX_POINT('',#10671);
#10671 = CARTESIAN_POINT('',(3.85,10.337958984375,6.698095703125));
#10672 = SURFACE_CURVE('',#10673,(#10677,#10684),.PCURVE_S1.);
#10673 = LINE('',#10674,#10675);
#10674 = CARTESIAN_POINT('',(3.85,11.469990234375,7.869091796875));
#10675 = VECTOR('',#10676,1.);
#10676 = DIRECTION('',(0.,-0.695043793326,-0.718967402154));
#10677 = PCURVE('',#3898,#10678);
#10678 = DEFINITIONAL_REPRESENTATION('',(#10679),#10683);
#10679 = LINE('',#10680,#10681);
#10680 = CARTESIAN_POINT('',(0.,-0.6));
#10681 = VECTOR('',#10682,1.);
#10682 = DIRECTION('',(1.,0.));
#10683 = ( GEOMETRIC_REPRESENTATION_CONTEXT(2) 
PARAMETRIC_REPRESENTATION_CONTEXT() REPRESENTATION_CONTEXT('2D SPACE',''
  ) );
#10684 = PCURVE('',#10386,#10685);
#10685 = DEFINITIONAL_REPRESENTATION('',(#10686),#10690);
#10686 = LINE('',#10687,#10688);
#10687 = CARTESIAN_POINT('',(2.96337890625,3.0064453125));
#10688 = VECTOR('',#10689,1.);
#10689 = DIRECTION('',(-0.695043793326,-0.718967402154));
#10690 = ( GEOMETRIC_REPRESENTATION_CONTEXT(2) 
PARAMETRIC_REPRESENTATION_CONTEXT() REPRESENTATION_CONTEXT('2D SPACE',''
  ) );
#10691 = ORIENTED_EDGE('',*,*,#10692,.F.);
#10692 = EDGE_CURVE('',#3858,#10670,#10693,.T.);
#10693 = SURFACE_CURVE('',#10694,(#10698,#10705),.PCURVE_S1.);
#10694 = LINE('',#10695,#10696);
#10695 = CARTESIAN_POINT('',(3.25,10.337958984375,6.698095703125));
#10696 = VECTOR('',#10697,1.);
#10697 = DIRECTION('',(1.,0.,0.));
#10698 = PCURVE('',#3898,#10699);
#10699 = DEFINITIONAL_REPRESENTATION('',(#10700),#10704);
#10700 = LINE('',#10701,#10702);
#10701 = CARTESIAN_POINT('',(1.628719313619,0.));
#10702 = VECTOR('',#10703,1.);
#10703 = DIRECTION('',(0.,-1.));
#10704 = ( GEOMETRIC_REPRESENTATION_CONTEXT(2) 
PARAMETRIC_REPRESENTATION_CONTEXT() REPRESENTATION_CONTEXT('2D SPACE',''
  ) );
#10705 = PCURVE('',#3872,#10706);
#10706 = DEFINITIONAL_REPRESENTATION('',(#10707),#10711);
#10707 = LINE('',#10708,#10709);
#10708 = CARTESIAN_POINT('',(0.,0.));
#10709 = VECTOR('',#10710,1.);
#10710 = DIRECTION('',(0.,-1.));
#10711 = ( GEOMETRIC_REPRESENTATION_CONTEXT(2) 
PARAMETRIC_REPRESENTATION_CONTEXT() REPRESENTATION_CONTEXT('2D SPACE',''
  ) );
#10712 = ADVANCED_FACE('',(#10713),#3872,.T.);
#10713 = FACE_BOUND('',#10714,.T.);
#10714 = EDGE_LOOP('',(#10715,#10716,#10717,#10740));
#10715 = ORIENTED_EDGE('',*,*,#3857,.F.);
#10716 = ORIENTED_EDGE('',*,*,#10692,.T.);
#10717 = ORIENTED_EDGE('',*,*,#10718,.T.);
#10718 = EDGE_CURVE('',#10670,#10719,#10721,.T.);
#10719 = VERTEX_POINT('',#10720);
#10720 = CARTESIAN_POINT('',(3.85,11.531513671875,4.862646484375));
#10721 = SURFACE_CURVE('',#10722,(#10726,#10733),.PCURVE_S1.);
#10722 = LINE('',#10723,#10724);
#10723 = CARTESIAN_POINT('',(3.85,10.337958984375,6.698095703125));
#10724 = VECTOR('',#10725,1.);
#10725 = DIRECTION('',(0.,0.54515296029,-0.83833659701));
#10726 = PCURVE('',#3872,#10727);
#10727 = DEFINITIONAL_REPRESENTATION('',(#10728),#10732);
#10728 = LINE('',#10729,#10730);
#10729 = CARTESIAN_POINT('',(0.,-0.6));
#10730 = VECTOR('',#10731,1.);
#10731 = DIRECTION('',(1.,0.));
#10732 = ( GEOMETRIC_REPRESENTATION_CONTEXT(2) 
PARAMETRIC_REPRESENTATION_CONTEXT() REPRESENTATION_CONTEXT('2D SPACE',''
  ) );
#10733 = PCURVE('',#10386,#10734);
#10734 = DEFINITIONAL_REPRESENTATION('',(#10735),#10739);
#10735 = LINE('',#10736,#10737);
#10736 = CARTESIAN_POINT('',(1.83134765625,1.83544921875));
#10737 = VECTOR('',#10738,1.);
#10738 = DIRECTION('',(0.54515296029,-0.83833659701));
#10739 = ( GEOMETRIC_REPRESENTATION_CONTEXT(2) 
PARAMETRIC_REPRESENTATION_CONTEXT() REPRESENTATION_CONTEXT('2D SPACE',''
  ) );
#10740 = ORIENTED_EDGE('',*,*,#10741,.F.);
#10741 = EDGE_CURVE('',#3832,#10719,#10742,.T.);
#10742 = SURFACE_CURVE('',#10743,(#10747,#10754),.PCURVE_S1.);
#10743 = LINE('',#10744,#10745);
#10744 = CARTESIAN_POINT('',(3.25,11.531513671875,4.862646484375));
#10745 = VECTOR('',#10746,1.);
#10746 = DIRECTION('',(1.,0.,0.));
#10747 = PCURVE('',#3872,#10748);
#10748 = DEFINITIONAL_REPRESENTATION('',(#10749),#10753);
#10749 = LINE('',#10750,#10751);
#10750 = CARTESIAN_POINT('',(2.189394123191,0.));
#10751 = VECTOR('',#10752,1.);
#10752 = DIRECTION('',(0.,-1.));
#10753 = ( GEOMETRIC_REPRESENTATION_CONTEXT(2) 
PARAMETRIC_REPRESENTATION_CONTEXT() REPRESENTATION_CONTEXT('2D SPACE',''
  ) );
#10754 = PCURVE('',#3846,#10755);
#10755 = DEFINITIONAL_REPRESENTATION('',(#10756),#10760);
#10756 = LINE('',#10757,#10758);
#10757 = CARTESIAN_POINT('',(-4.440892098501E-16,-0.));
#10758 = VECTOR('',#10759,1.);
#10759 = DIRECTION('',(0.,-1.));
#10760 = ( GEOMETRIC_REPRESENTATION_CONTEXT(2) 
PARAMETRIC_REPRESENTATION_CONTEXT() REPRESENTATION_CONTEXT('2D SPACE',''
  ) );
#10761 = ADVANCED_FACE('',(#10762),#3846,.T.);
#10762 = FACE_BOUND('',#10763,.T.);
#10763 = EDGE_LOOP('',(#10764,#10765,#10766,#10789));
#10764 = ORIENTED_EDGE('',*,*,#3831,.F.);
#10765 = ORIENTED_EDGE('',*,*,#10741,.T.);
#10766 = ORIENTED_EDGE('',*,*,#10767,.T.);
#10767 = EDGE_CURVE('',#10719,#10768,#10770,.T.);
#10768 = VERTEX_POINT('',#10769);
#10769 = CARTESIAN_POINT('',(3.85,10.746064453125,4.862646484375));
#10770 = SURFACE_CURVE('',#10771,(#10775,#10782),.PCURVE_S1.);
#10771 = LINE('',#10772,#10773);
#10772 = CARTESIAN_POINT('',(3.85,11.531513671875,4.862646484375));
#10773 = VECTOR('',#10774,1.);
#10774 = DIRECTION('',(0.,-1.,0.));
#10775 = PCURVE('',#3846,#10776);
#10776 = DEFINITIONAL_REPRESENTATION('',(#10777),#10781);
#10777 = LINE('',#10778,#10779);
#10778 = CARTESIAN_POINT('',(0.,-0.6));
#10779 = VECTOR('',#10780,1.);
#10780 = DIRECTION('',(1.,0.));
#10781 = ( GEOMETRIC_REPRESENTATION_CONTEXT(2) 
PARAMETRIC_REPRESENTATION_CONTEXT() REPRESENTATION_CONTEXT('2D SPACE',''
  ) );
#10782 = PCURVE('',#10386,#10783);
#10783 = DEFINITIONAL_REPRESENTATION('',(#10784),#10788);
#10784 = LINE('',#10785,#10786);
#10785 = CARTESIAN_POINT('',(3.02490234375,0.));
#10786 = VECTOR('',#10787,1.);
#10787 = DIRECTION('',(-1.,0.));
#10788 = ( GEOMETRIC_REPRESENTATION_CONTEXT(2) 
PARAMETRIC_REPRESENTATION_CONTEXT() REPRESENTATION_CONTEXT('2D SPACE',''
  ) );
#10789 = ORIENTED_EDGE('',*,*,#10790,.F.);
#10790 = EDGE_CURVE('',#3806,#10768,#10791,.T.);
#10791 = SURFACE_CURVE('',#10792,(#10796,#10803),.PCURVE_S1.);
#10792 = LINE('',#10793,#10794);
#10793 = CARTESIAN_POINT('',(3.25,10.746064453125,4.862646484375));
#10794 = VECTOR('',#10795,1.);
#10795 = DIRECTION('',(1.,0.,0.));
#10796 = PCURVE('',#3846,#10797);
#10797 = DEFINITIONAL_REPRESENTATION('',(#10798),#10802);
#10798 = LINE('',#10799,#10800);
#10799 = CARTESIAN_POINT('',(0.78544921875,0.));
#10800 = VECTOR('',#10801,1.);
#10801 = DIRECTION('',(0.,-1.));
#10802 = ( GEOMETRIC_REPRESENTATION_CONTEXT(2) 
PARAMETRIC_REPRESENTATION_CONTEXT() REPRESENTATION_CONTEXT('2D SPACE',''
  ) );
#10803 = PCURVE('',#3820,#10804);
#10804 = DEFINITIONAL_REPRESENTATION('',(#10805),#10809);
#10805 = LINE('',#10806,#10807);
#10806 = CARTESIAN_POINT('',(0.,0.));
#10807 = VECTOR('',#10808,1.);
#10808 = DIRECTION('',(0.,-1.));
#10809 = ( GEOMETRIC_REPRESENTATION_CONTEXT(2) 
PARAMETRIC_REPRESENTATION_CONTEXT() REPRESENTATION_CONTEXT('2D SPACE',''
  ) );
#10810 = ADVANCED_FACE('',(#10811),#3820,.T.);
#10811 = FACE_BOUND('',#10812,.T.);
#10812 = EDGE_LOOP('',(#10813,#10814,#10815,#10838));
#10813 = ORIENTED_EDGE('',*,*,#3805,.F.);
#10814 = ORIENTED_EDGE('',*,*,#10790,.T.);
#10815 = ORIENTED_EDGE('',*,*,#10816,.T.);
#10816 = EDGE_CURVE('',#10768,#10817,#10819,.T.);
#10817 = VERTEX_POINT('',#10818);
#10818 = CARTESIAN_POINT('',(3.85,9.919599609375,6.273583984375));
#10819 = SURFACE_CURVE('',#10820,(#10824,#10831),.PCURVE_S1.);
#10820 = LINE('',#10821,#10822);
#10821 = CARTESIAN_POINT('',(3.85,10.746064453125,4.862646484375));
#10822 = VECTOR('',#10823,1.);
#10823 = DIRECTION('',(0.,-0.505429791641,0.86286773362));
#10824 = PCURVE('',#3820,#10825);
#10825 = DEFINITIONAL_REPRESENTATION('',(#10826),#10830);
#10826 = LINE('',#10827,#10828);
#10827 = CARTESIAN_POINT('',(0.,-0.6));
#10828 = VECTOR('',#10829,1.);
#10829 = DIRECTION('',(1.,0.));
#10830 = ( GEOMETRIC_REPRESENTATION_CONTEXT(2) 
PARAMETRIC_REPRESENTATION_CONTEXT() REPRESENTATION_CONTEXT('2D SPACE',''
  ) );
#10831 = PCURVE('',#10386,#10832);
#10832 = DEFINITIONAL_REPRESENTATION('',(#10833),#10837);
#10833 = LINE('',#10834,#10835);
#10834 = CARTESIAN_POINT('',(2.239453125,0.));
#10835 = VECTOR('',#10836,1.);
#10836 = DIRECTION('',(-0.505429791641,0.86286773362));
#10837 = ( GEOMETRIC_REPRESENTATION_CONTEXT(2) 
PARAMETRIC_REPRESENTATION_CONTEXT() REPRESENTATION_CONTEXT('2D SPACE',''
  ) );
#10838 = ORIENTED_EDGE('',*,*,#10839,.F.);
#10839 = EDGE_CURVE('',#3780,#10817,#10840,.T.);
#10840 = SURFACE_CURVE('',#10841,(#10845,#10852),.PCURVE_S1.);
#10841 = LINE('',#10842,#10843);
#10842 = CARTESIAN_POINT('',(3.25,9.919599609375,6.273583984375));
#10843 = VECTOR('',#10844,1.);
#10844 = DIRECTION('',(1.,0.,0.));
#10845 = PCURVE('',#3820,#10846);
#10846 = DEFINITIONAL_REPRESENTATION('',(#10847),#10851);
#10847 = LINE('',#10848,#10849);
#10848 = CARTESIAN_POINT('',(1.635172396679,0.));
#10849 = VECTOR('',#10850,1.);
#10850 = DIRECTION('',(0.,-1.));
#10851 = ( GEOMETRIC_REPRESENTATION_CONTEXT(2) 
PARAMETRIC_REPRESENTATION_CONTEXT() REPRESENTATION_CONTEXT('2D SPACE',''
  ) );
#10852 = PCURVE('',#3794,#10853);
#10853 = DEFINITIONAL_REPRESENTATION('',(#10854),#10858);
#10854 = LINE('',#10855,#10856);
#10855 = CARTESIAN_POINT('',(-2.478429202754E-18,0.));
#10856 = VECTOR('',#10857,1.);
#10857 = DIRECTION('',(0.,-1.));
#10858 = ( GEOMETRIC_REPRESENTATION_CONTEXT(2) 
PARAMETRIC_REPRESENTATION_CONTEXT() REPRESENTATION_CONTEXT('2D SPACE',''
  ) );
#10859 = ADVANCED_FACE('',(#10860),#3794,.T.);
#10860 = FACE_BOUND('',#10861,.T.);
#10861 = EDGE_LOOP('',(#10862,#10863,#10864,#10887));
#10862 = ORIENTED_EDGE('',*,*,#3779,.F.);
#10863 = ORIENTED_EDGE('',*,*,#10839,.T.);
#10864 = ORIENTED_EDGE('',*,*,#10865,.T.);
#10865 = EDGE_CURVE('',#10817,#10866,#10868,.T.);
#10866 = VERTEX_POINT('',#10867);
#10867 = CARTESIAN_POINT('',(3.85,9.427412109375,5.771142578125));
#10868 = SURFACE_CURVE('',#10869,(#10873,#10880),.PCURVE_S1.);
#10869 = LINE('',#10870,#10871);
#10870 = CARTESIAN_POINT('',(3.85,9.919599609375,6.273583984375));
#10871 = VECTOR('',#10872,1.);
#10872 = DIRECTION('',(0.,-0.699779834816,-0.714358581375));
#10873 = PCURVE('',#3794,#10874);
#10874 = DEFINITIONAL_REPRESENTATION('',(#10875),#10879);
#10875 = LINE('',#10876,#10877);
#10876 = CARTESIAN_POINT('',(0.,-0.6));
#10877 = VECTOR('',#10878,1.);
#10878 = DIRECTION('',(1.,0.));
#10879 = ( GEOMETRIC_REPRESENTATION_CONTEXT(2) 
PARAMETRIC_REPRESENTATION_CONTEXT() REPRESENTATION_CONTEXT('2D SPACE',''
  ) );
#10880 = PCURVE('',#10386,#10881);
#10881 = DEFINITIONAL_REPRESENTATION('',(#10882),#10886);
#10882 = LINE('',#10883,#10884);
#10883 = CARTESIAN_POINT('',(1.41298828125,1.4109375));
#10884 = VECTOR('',#10885,1.);
#10885 = DIRECTION('',(-0.699779834816,-0.714358581375));
#10886 = ( GEOMETRIC_REPRESENTATION_CONTEXT(2) 
PARAMETRIC_REPRESENTATION_CONTEXT() REPRESENTATION_CONTEXT('2D SPACE',''
  ) );
#10887 = ORIENTED_EDGE('',*,*,#10888,.F.);
#10888 = EDGE_CURVE('',#3754,#10866,#10889,.T.);
#10889 = SURFACE_CURVE('',#10890,(#10894,#10901),.PCURVE_S1.);
#10890 = LINE('',#10891,#10892);
#10891 = CARTESIAN_POINT('',(3.25,9.427412109375,5.771142578125));
#10892 = VECTOR('',#10893,1.);
#10893 = DIRECTION('',(1.,0.,0.));
#10894 = PCURVE('',#3794,#10895);
#10895 = DEFINITIONAL_REPRESENTATION('',(#10896),#10900);
#10896 = LINE('',#10897,#10898);
#10897 = CARTESIAN_POINT('',(0.703346217642,0.));
#10898 = VECTOR('',#10899,1.);
#10899 = DIRECTION('',(0.,-1.));
#10900 = ( GEOMETRIC_REPRESENTATION_CONTEXT(2) 
PARAMETRIC_REPRESENTATION_CONTEXT() REPRESENTATION_CONTEXT('2D SPACE',''
  ) );
#10901 = PCURVE('',#3768,#10902);
#10902 = DEFINITIONAL_REPRESENTATION('',(#10903),#10907);
#10903 = LINE('',#10904,#10905);
#10904 = CARTESIAN_POINT('',(0.,0.));
#10905 = VECTOR('',#10906,1.);
#10906 = DIRECTION('',(0.,-1.));
#10907 = ( GEOMETRIC_REPRESENTATION_CONTEXT(2) 
PARAMETRIC_REPRESENTATION_CONTEXT() REPRESENTATION_CONTEXT('2D SPACE',''
  ) );
#10908 = ADVANCED_FACE('',(#10909),#3768,.T.);
#10909 = FACE_BOUND('',#10910,.T.);
#10910 = EDGE_LOOP('',(#10911,#10912,#10913,#10934));
#10911 = ORIENTED_EDGE('',*,*,#3753,.F.);
#10912 = ORIENTED_EDGE('',*,*,#10888,.T.);
#10913 = ORIENTED_EDGE('',*,*,#10914,.T.);
#10914 = EDGE_CURVE('',#10866,#10348,#10915,.T.);
#10915 = SURFACE_CURVE('',#10916,(#10920,#10927),.PCURVE_S1.);
#10916 = LINE('',#10917,#10918);
#10917 = CARTESIAN_POINT('',(3.85,9.427412109375,5.771142578125));
#10918 = VECTOR('',#10919,1.);
#10919 = DIRECTION('',(0.,0.,-1.));
#10920 = PCURVE('',#3768,#10921);
#10921 = DEFINITIONAL_REPRESENTATION('',(#10922),#10926);
#10922 = LINE('',#10923,#10924);
#10923 = CARTESIAN_POINT('',(0.,-0.6));
#10924 = VECTOR('',#10925,1.);
#10925 = DIRECTION('',(1.,0.));
#10926 = ( GEOMETRIC_REPRESENTATION_CONTEXT(2) 
PARAMETRIC_REPRESENTATION_CONTEXT() REPRESENTATION_CONTEXT('2D SPACE',''
  ) );
#10927 = PCURVE('',#10386,#10928);
#10928 = DEFINITIONAL_REPRESENTATION('',(#10929),#10933);
#10929 = LINE('',#10930,#10931);
#10930 = CARTESIAN_POINT('',(0.92080078125,0.90849609375));
#10931 = VECTOR('',#10932,1.);
#10932 = DIRECTION('',(0.,-1.));
#10933 = ( GEOMETRIC_REPRESENTATION_CONTEXT(2) 
PARAMETRIC_REPRESENTATION_CONTEXT() REPRESENTATION_CONTEXT('2D SPACE',''
  ) );
#10934 = ORIENTED_EDGE('',*,*,#10347,.F.);
#10935 = ADVANCED_FACE('',(#10936),#4056,.T.);
#10936 = FACE_BOUND('',#10937,.T.);
#10937 = EDGE_LOOP('',(#10938,#10939,#10962,#10990));
#10938 = ORIENTED_EDGE('',*,*,#4039,.F.);
#10939 = ORIENTED_EDGE('',*,*,#10940,.T.);
#10940 = EDGE_CURVE('',#4040,#10941,#10943,.T.);
#10941 = VERTEX_POINT('',#10942);
#10942 = CARTESIAN_POINT('',(3.85,14.131904296875,4.862646484375));
#10943 = SURFACE_CURVE('',#10944,(#10948,#10955),.PCURVE_S1.);
#10944 = LINE('',#10945,#10946);
#10945 = CARTESIAN_POINT('',(3.25,14.131904296875,4.862646484375));
#10946 = VECTOR('',#10947,1.);
#10947 = DIRECTION('',(1.,0.,0.));
#10948 = PCURVE('',#4056,#10949);
#10949 = DEFINITIONAL_REPRESENTATION('',(#10950),#10954);
#10950 = LINE('',#10951,#10952);
#10951 = CARTESIAN_POINT('',(0.,-0.));
#10952 = VECTOR('',#10953,1.);
#10953 = DIRECTION('',(0.,-1.));
#10954 = ( GEOMETRIC_REPRESENTATION_CONTEXT(2) 
PARAMETRIC_REPRESENTATION_CONTEXT() REPRESENTATION_CONTEXT('2D SPACE',''
  ) );
#10955 = PCURVE('',#4082,#10956);
#10956 = DEFINITIONAL_REPRESENTATION('',(#10957),#10961);
#10957 = LINE('',#10958,#10959);
#10958 = CARTESIAN_POINT('',(0.50654296875,0.));
#10959 = VECTOR('',#10960,1.);
#10960 = DIRECTION('',(0.,-1.));
#10961 = ( GEOMETRIC_REPRESENTATION_CONTEXT(2) 
PARAMETRIC_REPRESENTATION_CONTEXT() REPRESENTATION_CONTEXT('2D SPACE',''
  ) );
#10962 = ORIENTED_EDGE('',*,*,#10963,.T.);
#10963 = EDGE_CURVE('',#10941,#10964,#10966,.T.);
#10964 = VERTEX_POINT('',#10965);
#10965 = CARTESIAN_POINT('',(3.85,11.845283203125,4.862646484375));
#10966 = SURFACE_CURVE('',#10967,(#10971,#10978),.PCURVE_S1.);
#10967 = LINE('',#10968,#10969);
#10968 = CARTESIAN_POINT('',(3.85,14.131904296875,4.862646484375));
#10969 = VECTOR('',#10970,1.);
#10970 = DIRECTION('',(0.,-1.,0.));
#10971 = PCURVE('',#4056,#10972);
#10972 = DEFINITIONAL_REPRESENTATION('',(#10973),#10977);
#10973 = LINE('',#10974,#10975);
#10974 = CARTESIAN_POINT('',(0.,-0.6));
#10975 = VECTOR('',#10976,1.);
#10976 = DIRECTION('',(1.,0.));
#10977 = ( GEOMETRIC_REPRESENTATION_CONTEXT(2) 
PARAMETRIC_REPRESENTATION_CONTEXT() REPRESENTATION_CONTEXT('2D SPACE',''
  ) );
#10978 = PCURVE('',#10979,#10984);
#10979 = PLANE('',#10980);
#10980 = AXIS2_PLACEMENT_3D('',#10981,#10982,#10983);
#10981 = CARTESIAN_POINT('',(3.85,11.539716796875,4.862646484375));
#10982 = DIRECTION('',(1.,0.,0.));
#10983 = DIRECTION('',(0.,1.,0.));
#10984 = DEFINITIONAL_REPRESENTATION('',(#10985),#10989);
#10985 = LINE('',#10986,#10987);
#10986 = CARTESIAN_POINT('',(2.5921875,0.));
#10987 = VECTOR('',#10988,1.);
#10988 = DIRECTION('',(-1.,0.));
#10989 = ( GEOMETRIC_REPRESENTATION_CONTEXT(2) 
PARAMETRIC_REPRESENTATION_CONTEXT() REPRESENTATION_CONTEXT('2D SPACE',''
  ) );
#10990 = ORIENTED_EDGE('',*,*,#10991,.F.);
#10991 = EDGE_CURVE('',#4042,#10964,#10992,.T.);
#10992 = SURFACE_CURVE('',#10993,(#10997,#11004),.PCURVE_S1.);
#10993 = LINE('',#10994,#10995);
#10994 = CARTESIAN_POINT('',(3.25,11.845283203125,4.862646484375));
#10995 = VECTOR('',#10996,1.);
#10996 = DIRECTION('',(1.,0.,0.));
#10997 = PCURVE('',#4056,#10998);
#10998 = DEFINITIONAL_REPRESENTATION('',(#10999),#11003);
#10999 = LINE('',#11000,#11001);
#11000 = CARTESIAN_POINT('',(2.28662109375,0.));
#11001 = VECTOR('',#11002,1.);
#11002 = DIRECTION('',(0.,-1.));
#11003 = ( GEOMETRIC_REPRESENTATION_CONTEXT(2) 
PARAMETRIC_REPRESENTATION_CONTEXT() REPRESENTATION_CONTEXT('2D SPACE',''
  ) );
#11004 = PCURVE('',#4340,#11005);
#11005 = DEFINITIONAL_REPRESENTATION('',(#11006),#11010);
#11006 = LINE('',#11007,#11008);
#11007 = CARTESIAN_POINT('',(0.,0.));
#11008 = VECTOR('',#11009,1.);
#11009 = DIRECTION('',(0.,-1.));
#11010 = ( GEOMETRIC_REPRESENTATION_CONTEXT(2) 
PARAMETRIC_REPRESENTATION_CONTEXT() REPRESENTATION_CONTEXT('2D SPACE',''
  ) );
#11011 = ADVANCED_FACE('',(#11012),#4340,.T.);
#11012 = FACE_BOUND('',#11013,.T.);
#11013 = EDGE_LOOP('',(#11014,#11015,#11016,#11039));
#11014 = ORIENTED_EDGE('',*,*,#4327,.F.);
#11015 = ORIENTED_EDGE('',*,*,#10991,.T.);
#11016 = ORIENTED_EDGE('',*,*,#11017,.T.);
#11017 = EDGE_CURVE('',#10964,#11018,#11020,.T.);
#11018 = VERTEX_POINT('',#11019);
#11019 = CARTESIAN_POINT('',(3.85,11.845283203125,7.869091796875));
#11020 = SURFACE_CURVE('',#11021,(#11025,#11032),.PCURVE_S1.);
#11021 = LINE('',#11022,#11023);
#11022 = CARTESIAN_POINT('',(3.85,11.845283203125,4.862646484375));
#11023 = VECTOR('',#11024,1.);
#11024 = DIRECTION('',(0.,0.,1.));
#11025 = PCURVE('',#4340,#11026);
#11026 = DEFINITIONAL_REPRESENTATION('',(#11027),#11031);
#11027 = LINE('',#11028,#11029);
#11028 = CARTESIAN_POINT('',(0.,-0.6));
#11029 = VECTOR('',#11030,1.);
#11030 = DIRECTION('',(1.,0.));
#11031 = ( GEOMETRIC_REPRESENTATION_CONTEXT(2) 
PARAMETRIC_REPRESENTATION_CONTEXT() REPRESENTATION_CONTEXT('2D SPACE',''
  ) );
#11032 = PCURVE('',#10979,#11033);
#11033 = DEFINITIONAL_REPRESENTATION('',(#11034),#11038);
#11034 = LINE('',#11035,#11036);
#11035 = CARTESIAN_POINT('',(0.30556640625,0.));
#11036 = VECTOR('',#11037,1.);
#11037 = DIRECTION('',(0.,1.));
#11038 = ( GEOMETRIC_REPRESENTATION_CONTEXT(2) 
PARAMETRIC_REPRESENTATION_CONTEXT() REPRESENTATION_CONTEXT('2D SPACE',''
  ) );
#11039 = ORIENTED_EDGE('',*,*,#11040,.F.);
#11040 = EDGE_CURVE('',#4302,#11018,#11041,.T.);
#11041 = SURFACE_CURVE('',#11042,(#11046,#11053),.PCURVE_S1.);
#11042 = LINE('',#11043,#11044);
#11043 = CARTESIAN_POINT('',(3.25,11.845283203125,7.869091796875));
#11044 = VECTOR('',#11045,1.);
#11045 = DIRECTION('',(1.,0.,0.));
#11046 = PCURVE('',#4340,#11047);
#11047 = DEFINITIONAL_REPRESENTATION('',(#11048),#11052);
#11048 = LINE('',#11049,#11050);
#11049 = CARTESIAN_POINT('',(3.0064453125,0.));
#11050 = VECTOR('',#11051,1.);
#11051 = DIRECTION('',(0.,-1.));
#11052 = ( GEOMETRIC_REPRESENTATION_CONTEXT(2) 
PARAMETRIC_REPRESENTATION_CONTEXT() REPRESENTATION_CONTEXT('2D SPACE',''
  ) );
#11053 = PCURVE('',#4316,#11054);
#11054 = DEFINITIONAL_REPRESENTATION('',(#11055),#11059);
#11055 = LINE('',#11056,#11057);
#11056 = CARTESIAN_POINT('',(0.,0.));
#11057 = VECTOR('',#11058,1.);
#11058 = DIRECTION('',(0.,-1.));
#11059 = ( GEOMETRIC_REPRESENTATION_CONTEXT(2) 
PARAMETRIC_REPRESENTATION_CONTEXT() REPRESENTATION_CONTEXT('2D SPACE',''
  ) );
#11060 = ADVANCED_FACE('',(#11061),#4316,.T.);
#11061 = FACE_BOUND('',#11062,.T.);
#11062 = EDGE_LOOP('',(#11063,#11064,#11065,#11088));
#11063 = ORIENTED_EDGE('',*,*,#4301,.F.);
#11064 = ORIENTED_EDGE('',*,*,#11040,.T.);
#11065 = ORIENTED_EDGE('',*,*,#11066,.T.);
#11066 = EDGE_CURVE('',#11018,#11067,#11069,.T.);
#11067 = VERTEX_POINT('',#11068);
#11068 = CARTESIAN_POINT('',(3.85,14.074482421875,7.869091796875));
#11069 = SURFACE_CURVE('',#11070,(#11074,#11081),.PCURVE_S1.);
#11070 = LINE('',#11071,#11072);
#11071 = CARTESIAN_POINT('',(3.85,11.845283203125,7.869091796875));
#11072 = VECTOR('',#11073,1.);
#11073 = DIRECTION('',(0.,1.,0.));
#11074 = PCURVE('',#4316,#11075);
#11075 = DEFINITIONAL_REPRESENTATION('',(#11076),#11080);
#11076 = LINE('',#11077,#11078);
#11077 = CARTESIAN_POINT('',(0.,-0.6));
#11078 = VECTOR('',#11079,1.);
#11079 = DIRECTION('',(1.,0.));
#11080 = ( GEOMETRIC_REPRESENTATION_CONTEXT(2) 
PARAMETRIC_REPRESENTATION_CONTEXT() REPRESENTATION_CONTEXT('2D SPACE',''
  ) );
#11081 = PCURVE('',#10979,#11082);
#11082 = DEFINITIONAL_REPRESENTATION('',(#11083),#11087);
#11083 = LINE('',#11084,#11085);
#11084 = CARTESIAN_POINT('',(0.30556640625,3.0064453125));
#11085 = VECTOR('',#11086,1.);
#11086 = DIRECTION('',(1.,0.));
#11087 = ( GEOMETRIC_REPRESENTATION_CONTEXT(2) 
PARAMETRIC_REPRESENTATION_CONTEXT() REPRESENTATION_CONTEXT('2D SPACE',''
  ) );
#11088 = ORIENTED_EDGE('',*,*,#11089,.F.);
#11089 = EDGE_CURVE('',#4276,#11067,#11090,.T.);
#11090 = SURFACE_CURVE('',#11091,(#11095,#11102),.PCURVE_S1.);
#11091 = LINE('',#11092,#11093);
#11092 = CARTESIAN_POINT('',(3.25,14.074482421875,7.869091796875));
#11093 = VECTOR('',#11094,1.);
#11094 = DIRECTION('',(1.,0.,0.));
#11095 = PCURVE('',#4316,#11096);
#11096 = DEFINITIONAL_REPRESENTATION('',(#11097),#11101);
#11097 = LINE('',#11098,#11099);
#11098 = CARTESIAN_POINT('',(2.22919921875,0.));
#11099 = VECTOR('',#11100,1.);
#11100 = DIRECTION('',(0.,-1.));
#11101 = ( GEOMETRIC_REPRESENTATION_CONTEXT(2) 
PARAMETRIC_REPRESENTATION_CONTEXT() REPRESENTATION_CONTEXT('2D SPACE',''
  ) );
#11102 = PCURVE('',#4290,#11103);
#11103 = DEFINITIONAL_REPRESENTATION('',(#11104),#11108);
#11104 = LINE('',#11105,#11106);
#11105 = CARTESIAN_POINT('',(0.,0.));
#11106 = VECTOR('',#11107,1.);
#11107 = DIRECTION('',(0.,-1.));
#11108 = ( GEOMETRIC_REPRESENTATION_CONTEXT(2) 
PARAMETRIC_REPRESENTATION_CONTEXT() REPRESENTATION_CONTEXT('2D SPACE',''
  ) );
#11109 = ADVANCED_FACE('',(#11110),#4290,.T.);
#11110 = FACE_BOUND('',#11111,.T.);
#11111 = EDGE_LOOP('',(#11112,#11113,#11114,#11137));
#11112 = ORIENTED_EDGE('',*,*,#4275,.F.);
#11113 = ORIENTED_EDGE('',*,*,#11089,.T.);
#11114 = ORIENTED_EDGE('',*,*,#11115,.T.);
#11115 = EDGE_CURVE('',#11067,#11116,#11118,.T.);
#11116 = VERTEX_POINT('',#11117);
#11117 = CARTESIAN_POINT('',(3.85,14.074482421875,7.360498046875));
#11118 = SURFACE_CURVE('',#11119,(#11123,#11130),.PCURVE_S1.);
#11119 = LINE('',#11120,#11121);
#11120 = CARTESIAN_POINT('',(3.85,14.074482421875,7.869091796875));
#11121 = VECTOR('',#11122,1.);
#11122 = DIRECTION('',(0.,0.,-1.));
#11123 = PCURVE('',#4290,#11124);
#11124 = DEFINITIONAL_REPRESENTATION('',(#11125),#11129);
#11125 = LINE('',#11126,#11127);
#11126 = CARTESIAN_POINT('',(0.,-0.6));
#11127 = VECTOR('',#11128,1.);
#11128 = DIRECTION('',(1.,0.));
#11129 = ( GEOMETRIC_REPRESENTATION_CONTEXT(2) 
PARAMETRIC_REPRESENTATION_CONTEXT() REPRESENTATION_CONTEXT('2D SPACE',''
  ) );
#11130 = PCURVE('',#10979,#11131);
#11131 = DEFINITIONAL_REPRESENTATION('',(#11132),#11136);
#11132 = LINE('',#11133,#11134);
#11133 = CARTESIAN_POINT('',(2.534765625,3.0064453125));
#11134 = VECTOR('',#11135,1.);
#11135 = DIRECTION('',(0.,-1.));
#11136 = ( GEOMETRIC_REPRESENTATION_CONTEXT(2) 
PARAMETRIC_REPRESENTATION_CONTEXT() REPRESENTATION_CONTEXT('2D SPACE',''
  ) );
#11137 = ORIENTED_EDGE('',*,*,#11138,.F.);
#11138 = EDGE_CURVE('',#4250,#11116,#11139,.T.);
#11139 = SURFACE_CURVE('',#11140,(#11144,#11151),.PCURVE_S1.);
#11140 = LINE('',#11141,#11142);
#11141 = CARTESIAN_POINT('',(3.25,14.074482421875,7.360498046875));
#11142 = VECTOR('',#11143,1.);
#11143 = DIRECTION('',(1.,0.,0.));
#11144 = PCURVE('',#4290,#11145);
#11145 = DEFINITIONAL_REPRESENTATION('',(#11146),#11150);
#11146 = LINE('',#11147,#11148);
#11147 = CARTESIAN_POINT('',(0.50859375,0.));
#11148 = VECTOR('',#11149,1.);
#11149 = DIRECTION('',(0.,-1.));
#11150 = ( GEOMETRIC_REPRESENTATION_CONTEXT(2) 
PARAMETRIC_REPRESENTATION_CONTEXT() REPRESENTATION_CONTEXT('2D SPACE',''
  ) );
#11151 = PCURVE('',#4264,#11152);
#11152 = DEFINITIONAL_REPRESENTATION('',(#11153),#11157);
#11153 = LINE('',#11154,#11155);
#11154 = CARTESIAN_POINT('',(0.,-0.));
#11155 = VECTOR('',#11156,1.);
#11156 = DIRECTION('',(0.,-1.));
#11157 = ( GEOMETRIC_REPRESENTATION_CONTEXT(2) 
PARAMETRIC_REPRESENTATION_CONTEXT() REPRESENTATION_CONTEXT('2D SPACE',''
  ) );
#11158 = ADVANCED_FACE('',(#11159),#4264,.T.);
#11159 = FACE_BOUND('',#11160,.T.);
#11160 = EDGE_LOOP('',(#11161,#11162,#11163,#11186));
#11161 = ORIENTED_EDGE('',*,*,#4249,.F.);
#11162 = ORIENTED_EDGE('',*,*,#11138,.T.);
#11163 = ORIENTED_EDGE('',*,*,#11164,.T.);
#11164 = EDGE_CURVE('',#11116,#11165,#11167,.T.);
#11165 = VERTEX_POINT('',#11166);
#11166 = CARTESIAN_POINT('',(3.85,12.452314453125,7.360498046875));
#11167 = SURFACE_CURVE('',#11168,(#11172,#11179),.PCURVE_S1.);
#11168 = LINE('',#11169,#11170);
#11169 = CARTESIAN_POINT('',(3.85,14.074482421875,7.360498046875));
#11170 = VECTOR('',#11171,1.);
#11171 = DIRECTION('',(0.,-1.,0.));
#11172 = PCURVE('',#4264,#11173);
#11173 = DEFINITIONAL_REPRESENTATION('',(#11174),#11178);
#11174 = LINE('',#11175,#11176);
#11175 = CARTESIAN_POINT('',(0.,-0.6));
#11176 = VECTOR('',#11177,1.);
#11177 = DIRECTION('',(1.,0.));
#11178 = ( GEOMETRIC_REPRESENTATION_CONTEXT(2) 
PARAMETRIC_REPRESENTATION_CONTEXT() REPRESENTATION_CONTEXT('2D SPACE',''
  ) );
#11179 = PCURVE('',#10979,#11180);
#11180 = DEFINITIONAL_REPRESENTATION('',(#11181),#11185);
#11181 = LINE('',#11182,#11183);
#11182 = CARTESIAN_POINT('',(2.534765625,2.4978515625));
#11183 = VECTOR('',#11184,1.);
#11184 = DIRECTION('',(-1.,0.));
#11185 = ( GEOMETRIC_REPRESENTATION_CONTEXT(2) 
PARAMETRIC_REPRESENTATION_CONTEXT() REPRESENTATION_CONTEXT('2D SPACE',''
  ) );
#11186 = ORIENTED_EDGE('',*,*,#11187,.F.);
#11187 = EDGE_CURVE('',#4224,#11165,#11188,.T.);
#11188 = SURFACE_CURVE('',#11189,(#11193,#11200),.PCURVE_S1.);
#11189 = LINE('',#11190,#11191);
#11190 = CARTESIAN_POINT('',(3.25,12.452314453125,7.360498046875));
#11191 = VECTOR('',#11192,1.);
#11192 = DIRECTION('',(1.,0.,0.));
#11193 = PCURVE('',#4264,#11194);
#11194 = DEFINITIONAL_REPRESENTATION('',(#11195),#11199);
#11195 = LINE('',#11196,#11197);
#11196 = CARTESIAN_POINT('',(1.62216796875,0.));
#11197 = VECTOR('',#11198,1.);
#11198 = DIRECTION('',(0.,-1.));
#11199 = ( GEOMETRIC_REPRESENTATION_CONTEXT(2) 
PARAMETRIC_REPRESENTATION_CONTEXT() REPRESENTATION_CONTEXT('2D SPACE',''
  ) );
#11200 = PCURVE('',#4238,#11201);
#11201 = DEFINITIONAL_REPRESENTATION('',(#11202),#11206);
#11202 = LINE('',#11203,#11204);
#11203 = CARTESIAN_POINT('',(0.,0.));
#11204 = VECTOR('',#11205,1.);
#11205 = DIRECTION('',(0.,-1.));
#11206 = ( GEOMETRIC_REPRESENTATION_CONTEXT(2) 
PARAMETRIC_REPRESENTATION_CONTEXT() REPRESENTATION_CONTEXT('2D SPACE',''
  ) );
#11207 = ADVANCED_FACE('',(#11208),#4238,.T.);
#11208 = FACE_BOUND('',#11209,.T.);
#11209 = EDGE_LOOP('',(#11210,#11211,#11212,#11235));
#11210 = ORIENTED_EDGE('',*,*,#4223,.F.);
#11211 = ORIENTED_EDGE('',*,*,#11187,.T.);
#11212 = ORIENTED_EDGE('',*,*,#11213,.T.);
#11213 = EDGE_CURVE('',#11165,#11214,#11216,.T.);
#11214 = VERTEX_POINT('',#11215);
#11215 = CARTESIAN_POINT('',(3.85,12.452314453125,6.693994140625));
#11216 = SURFACE_CURVE('',#11217,(#11221,#11228),.PCURVE_S1.);
#11217 = LINE('',#11218,#11219);
#11218 = CARTESIAN_POINT('',(3.85,12.452314453125,7.360498046875));
#11219 = VECTOR('',#11220,1.);
#11220 = DIRECTION('',(0.,0.,-1.));
#11221 = PCURVE('',#4238,#11222);
#11222 = DEFINITIONAL_REPRESENTATION('',(#11223),#11227);
#11223 = LINE('',#11224,#11225);
#11224 = CARTESIAN_POINT('',(0.,-0.6));
#11225 = VECTOR('',#11226,1.);
#11226 = DIRECTION('',(1.,0.));
#11227 = ( GEOMETRIC_REPRESENTATION_CONTEXT(2) 
PARAMETRIC_REPRESENTATION_CONTEXT() REPRESENTATION_CONTEXT('2D SPACE',''
  ) );
#11228 = PCURVE('',#10979,#11229);
#11229 = DEFINITIONAL_REPRESENTATION('',(#11230),#11234);
#11230 = LINE('',#11231,#11232);
#11231 = CARTESIAN_POINT('',(0.91259765625,2.4978515625));
#11232 = VECTOR('',#11233,1.);
#11233 = DIRECTION('',(0.,-1.));
#11234 = ( GEOMETRIC_REPRESENTATION_CONTEXT(2) 
PARAMETRIC_REPRESENTATION_CONTEXT() REPRESENTATION_CONTEXT('2D SPACE',''
  ) );
#11235 = ORIENTED_EDGE('',*,*,#11236,.F.);
#11236 = EDGE_CURVE('',#4198,#11214,#11237,.T.);
#11237 = SURFACE_CURVE('',#11238,(#11242,#11249),.PCURVE_S1.);
#11238 = LINE('',#11239,#11240);
#11239 = CARTESIAN_POINT('',(3.25,12.452314453125,6.693994140625));
#11240 = VECTOR('',#11241,1.);
#11241 = DIRECTION('',(1.,0.,0.));
#11242 = PCURVE('',#4238,#11243);
#11243 = DEFINITIONAL_REPRESENTATION('',(#11244),#11248);
#11244 = LINE('',#11245,#11246);
#11245 = CARTESIAN_POINT('',(0.66650390625,0.));
#11246 = VECTOR('',#11247,1.);
#11247 = DIRECTION('',(0.,-1.));
#11248 = ( GEOMETRIC_REPRESENTATION_CONTEXT(2) 
PARAMETRIC_REPRESENTATION_CONTEXT() REPRESENTATION_CONTEXT('2D SPACE',''
  ) );
#11249 = PCURVE('',#4212,#11250);
#11250 = DEFINITIONAL_REPRESENTATION('',(#11251),#11255);
#11251 = LINE('',#11252,#11253);
#11252 = CARTESIAN_POINT('',(0.,0.));
#11253 = VECTOR('',#11254,1.);
#11254 = DIRECTION('',(0.,-1.));
#11255 = ( GEOMETRIC_REPRESENTATION_CONTEXT(2) 
PARAMETRIC_REPRESENTATION_CONTEXT() REPRESENTATION_CONTEXT('2D SPACE',''
  ) );
#11256 = ADVANCED_FACE('',(#11257),#4212,.T.);
#11257 = FACE_BOUND('',#11258,.T.);
#11258 = EDGE_LOOP('',(#11259,#11260,#11261,#11284));
#11259 = ORIENTED_EDGE('',*,*,#4197,.F.);
#11260 = ORIENTED_EDGE('',*,*,#11236,.T.);
#11261 = ORIENTED_EDGE('',*,*,#11262,.T.);
#11262 = EDGE_CURVE('',#11214,#11263,#11265,.T.);
#11263 = VERTEX_POINT('',#11264);
#11264 = CARTESIAN_POINT('',(3.85,13.961689453125,6.693994140625));
#11265 = SURFACE_CURVE('',#11266,(#11270,#11277),.PCURVE_S1.);
#11266 = LINE('',#11267,#11268);
#11267 = CARTESIAN_POINT('',(3.85,12.452314453125,6.693994140625));
#11268 = VECTOR('',#11269,1.);
#11269 = DIRECTION('',(0.,1.,0.));
#11270 = PCURVE('',#4212,#11271);
#11271 = DEFINITIONAL_REPRESENTATION('',(#11272),#11276);
#11272 = LINE('',#11273,#11274);
#11273 = CARTESIAN_POINT('',(0.,-0.6));
#11274 = VECTOR('',#11275,1.);
#11275 = DIRECTION('',(1.,0.));
#11276 = ( GEOMETRIC_REPRESENTATION_CONTEXT(2) 
PARAMETRIC_REPRESENTATION_CONTEXT() REPRESENTATION_CONTEXT('2D SPACE',''
  ) );
#11277 = PCURVE('',#10979,#11278);
#11278 = DEFINITIONAL_REPRESENTATION('',(#11279),#11283);
#11279 = LINE('',#11280,#11281);
#11280 = CARTESIAN_POINT('',(0.91259765625,1.83134765625));
#11281 = VECTOR('',#11282,1.);
#11282 = DIRECTION('',(1.,0.));
#11283 = ( GEOMETRIC_REPRESENTATION_CONTEXT(2) 
PARAMETRIC_REPRESENTATION_CONTEXT() REPRESENTATION_CONTEXT('2D SPACE',''
  ) );
#11284 = ORIENTED_EDGE('',*,*,#11285,.F.);
#11285 = EDGE_CURVE('',#4172,#11263,#11286,.T.);
#11286 = SURFACE_CURVE('',#11287,(#11291,#11298),.PCURVE_S1.);
#11287 = LINE('',#11288,#11289);
#11288 = CARTESIAN_POINT('',(3.25,13.961689453125,6.693994140625));
#11289 = VECTOR('',#11290,1.);
#11290 = DIRECTION('',(1.,0.,0.));
#11291 = PCURVE('',#4212,#11292);
#11292 = DEFINITIONAL_REPRESENTATION('',(#11293),#11297);
#11293 = LINE('',#11294,#11295);
#11294 = CARTESIAN_POINT('',(1.509375,0.));
#11295 = VECTOR('',#11296,1.);
#11296 = DIRECTION('',(0.,-1.));
#11297 = ( GEOMETRIC_REPRESENTATION_CONTEXT(2) 
PARAMETRIC_REPRESENTATION_CONTEXT() REPRESENTATION_CONTEXT('2D SPACE',''
  ) );
#11298 = PCURVE('',#4186,#11299);
#11299 = DEFINITIONAL_REPRESENTATION('',(#11300),#11304);
#11300 = LINE('',#11301,#11302);
#11301 = CARTESIAN_POINT('',(0.,0.));
#11302 = VECTOR('',#11303,1.);
#11303 = DIRECTION('',(0.,-1.));
#11304 = ( GEOMETRIC_REPRESENTATION_CONTEXT(2) 
PARAMETRIC_REPRESENTATION_CONTEXT() REPRESENTATION_CONTEXT('2D SPACE',''
  ) );
#11305 = ADVANCED_FACE('',(#11306),#4186,.T.);
#11306 = FACE_BOUND('',#11307,.T.);
#11307 = EDGE_LOOP('',(#11308,#11309,#11310,#11333));
#11308 = ORIENTED_EDGE('',*,*,#4171,.F.);
#11309 = ORIENTED_EDGE('',*,*,#11285,.T.);
#11310 = ORIENTED_EDGE('',*,*,#11311,.T.);
#11311 = EDGE_CURVE('',#11263,#11312,#11314,.T.);
#11312 = VERTEX_POINT('',#11313);
#11313 = CARTESIAN_POINT('',(3.85,13.961689453125,6.187451171875));
#11314 = SURFACE_CURVE('',#11315,(#11319,#11326),.PCURVE_S1.);
#11315 = LINE('',#11316,#11317);
#11316 = CARTESIAN_POINT('',(3.85,13.961689453125,6.693994140625));
#11317 = VECTOR('',#11318,1.);
#11318 = DIRECTION('',(0.,0.,-1.));
#11319 = PCURVE('',#4186,#11320);
#11320 = DEFINITIONAL_REPRESENTATION('',(#11321),#11325);
#11321 = LINE('',#11322,#11323);
#11322 = CARTESIAN_POINT('',(0.,-0.6));
#11323 = VECTOR('',#11324,1.);
#11324 = DIRECTION('',(1.,0.));
#11325 = ( GEOMETRIC_REPRESENTATION_CONTEXT(2) 
PARAMETRIC_REPRESENTATION_CONTEXT() REPRESENTATION_CONTEXT('2D SPACE',''
  ) );
#11326 = PCURVE('',#10979,#11327);
#11327 = DEFINITIONAL_REPRESENTATION('',(#11328),#11332);
#11328 = LINE('',#11329,#11330);
#11329 = CARTESIAN_POINT('',(2.42197265625,1.83134765625));
#11330 = VECTOR('',#11331,1.);
#11331 = DIRECTION('',(0.,-1.));
#11332 = ( GEOMETRIC_REPRESENTATION_CONTEXT(2) 
PARAMETRIC_REPRESENTATION_CONTEXT() REPRESENTATION_CONTEXT('2D SPACE',''
  ) );
#11333 = ORIENTED_EDGE('',*,*,#11334,.F.);
#11334 = EDGE_CURVE('',#4146,#11312,#11335,.T.);
#11335 = SURFACE_CURVE('',#11336,(#11340,#11347),.PCURVE_S1.);
#11336 = LINE('',#11337,#11338);
#11337 = CARTESIAN_POINT('',(3.25,13.961689453125,6.187451171875));
#11338 = VECTOR('',#11339,1.);
#11339 = DIRECTION('',(1.,0.,0.));
#11340 = PCURVE('',#4186,#11341);
#11341 = DEFINITIONAL_REPRESENTATION('',(#11342),#11346);
#11342 = LINE('',#11343,#11344);
#11343 = CARTESIAN_POINT('',(0.50654296875,0.));
#11344 = VECTOR('',#11345,1.);
#11345 = DIRECTION('',(0.,-1.));
#11346 = ( GEOMETRIC_REPRESENTATION_CONTEXT(2) 
PARAMETRIC_REPRESENTATION_CONTEXT() REPRESENTATION_CONTEXT('2D SPACE',''
  ) );
#11347 = PCURVE('',#4160,#11348);
#11348 = DEFINITIONAL_REPRESENTATION('',(#11349),#11353);
#11349 = LINE('',#11350,#11351);
#11350 = CARTESIAN_POINT('',(0.,-0.));
#11351 = VECTOR('',#11352,1.);
#11352 = DIRECTION('',(0.,-1.));
#11353 = ( GEOMETRIC_REPRESENTATION_CONTEXT(2) 
PARAMETRIC_REPRESENTATION_CONTEXT() REPRESENTATION_CONTEXT('2D SPACE',''
  ) );
#11354 = ADVANCED_FACE('',(#11355),#4160,.T.);
#11355 = FACE_BOUND('',#11356,.T.);
#11356 = EDGE_LOOP('',(#11357,#11358,#11359,#11382));
#11357 = ORIENTED_EDGE('',*,*,#4145,.F.);
#11358 = ORIENTED_EDGE('',*,*,#11334,.T.);
#11359 = ORIENTED_EDGE('',*,*,#11360,.T.);
#11360 = EDGE_CURVE('',#11312,#11361,#11363,.T.);
#11361 = VERTEX_POINT('',#11362);
#11362 = CARTESIAN_POINT('',(3.85,12.452314453125,6.187451171875));
#11363 = SURFACE_CURVE('',#11364,(#11368,#11375),.PCURVE_S1.);
#11364 = LINE('',#11365,#11366);
#11365 = CARTESIAN_POINT('',(3.85,13.961689453125,6.187451171875));
#11366 = VECTOR('',#11367,1.);
#11367 = DIRECTION('',(0.,-1.,0.));
#11368 = PCURVE('',#4160,#11369);
#11369 = DEFINITIONAL_REPRESENTATION('',(#11370),#11374);
#11370 = LINE('',#11371,#11372);
#11371 = CARTESIAN_POINT('',(0.,-0.6));
#11372 = VECTOR('',#11373,1.);
#11373 = DIRECTION('',(1.,0.));
#11374 = ( GEOMETRIC_REPRESENTATION_CONTEXT(2) 
PARAMETRIC_REPRESENTATION_CONTEXT() REPRESENTATION_CONTEXT('2D SPACE',''
  ) );
#11375 = PCURVE('',#10979,#11376);
#11376 = DEFINITIONAL_REPRESENTATION('',(#11377),#11381);
#11377 = LINE('',#11378,#11379);
#11378 = CARTESIAN_POINT('',(2.42197265625,1.3248046875));
#11379 = VECTOR('',#11380,1.);
#11380 = DIRECTION('',(-1.,0.));
#11381 = ( GEOMETRIC_REPRESENTATION_CONTEXT(2) 
PARAMETRIC_REPRESENTATION_CONTEXT() REPRESENTATION_CONTEXT('2D SPACE',''
  ) );
#11382 = ORIENTED_EDGE('',*,*,#11383,.F.);
#11383 = EDGE_CURVE('',#4120,#11361,#11384,.T.);
#11384 = SURFACE_CURVE('',#11385,(#11389,#11396),.PCURVE_S1.);
#11385 = LINE('',#11386,#11387);
#11386 = CARTESIAN_POINT('',(3.25,12.452314453125,6.187451171875));
#11387 = VECTOR('',#11388,1.);
#11388 = DIRECTION('',(1.,0.,0.));
#11389 = PCURVE('',#4160,#11390);
#11390 = DEFINITIONAL_REPRESENTATION('',(#11391),#11395);
#11391 = LINE('',#11392,#11393);
#11392 = CARTESIAN_POINT('',(1.509375,0.));
#11393 = VECTOR('',#11394,1.);
#11394 = DIRECTION('',(0.,-1.));
#11395 = ( GEOMETRIC_REPRESENTATION_CONTEXT(2) 
PARAMETRIC_REPRESENTATION_CONTEXT() REPRESENTATION_CONTEXT('2D SPACE',''
  ) );
#11396 = PCURVE('',#4134,#11397);
#11397 = DEFINITIONAL_REPRESENTATION('',(#11398),#11402);
#11398 = LINE('',#11399,#11400);
#11399 = CARTESIAN_POINT('',(0.,0.));
#11400 = VECTOR('',#11401,1.);
#11401 = DIRECTION('',(0.,-1.));
#11402 = ( GEOMETRIC_REPRESENTATION_CONTEXT(2) 
PARAMETRIC_REPRESENTATION_CONTEXT() REPRESENTATION_CONTEXT('2D SPACE',''
  ) );
#11403 = ADVANCED_FACE('',(#11404),#4134,.T.);
#11404 = FACE_BOUND('',#11405,.T.);
#11405 = EDGE_LOOP('',(#11406,#11407,#11408,#11431));
#11406 = ORIENTED_EDGE('',*,*,#4119,.F.);
#11407 = ORIENTED_EDGE('',*,*,#11383,.T.);
#11408 = ORIENTED_EDGE('',*,*,#11409,.T.);
#11409 = EDGE_CURVE('',#11361,#11410,#11412,.T.);
#11410 = VERTEX_POINT('',#11411);
#11411 = CARTESIAN_POINT('',(3.85,12.452314453125,5.369189453125));
#11412 = SURFACE_CURVE('',#11413,(#11417,#11424),.PCURVE_S1.);
#11413 = LINE('',#11414,#11415);
#11414 = CARTESIAN_POINT('',(3.85,12.452314453125,6.187451171875));
#11415 = VECTOR('',#11416,1.);
#11416 = DIRECTION('',(0.,0.,-1.));
#11417 = PCURVE('',#4134,#11418);
#11418 = DEFINITIONAL_REPRESENTATION('',(#11419),#11423);
#11419 = LINE('',#11420,#11421);
#11420 = CARTESIAN_POINT('',(0.,-0.6));
#11421 = VECTOR('',#11422,1.);
#11422 = DIRECTION('',(1.,0.));
#11423 = ( GEOMETRIC_REPRESENTATION_CONTEXT(2) 
PARAMETRIC_REPRESENTATION_CONTEXT() REPRESENTATION_CONTEXT('2D SPACE',''
  ) );
#11424 = PCURVE('',#10979,#11425);
#11425 = DEFINITIONAL_REPRESENTATION('',(#11426),#11430);
#11426 = LINE('',#11427,#11428);
#11427 = CARTESIAN_POINT('',(0.91259765625,1.3248046875));
#11428 = VECTOR('',#11429,1.);
#11429 = DIRECTION('',(0.,-1.));
#11430 = ( GEOMETRIC_REPRESENTATION_CONTEXT(2) 
PARAMETRIC_REPRESENTATION_CONTEXT() REPRESENTATION_CONTEXT('2D SPACE',''
  ) );
#11431 = ORIENTED_EDGE('',*,*,#11432,.F.);
#11432 = EDGE_CURVE('',#4094,#11410,#11433,.T.);
#11433 = SURFACE_CURVE('',#11434,(#11438,#11445),.PCURVE_S1.);
#11434 = LINE('',#11435,#11436);
#11435 = CARTESIAN_POINT('',(3.25,12.452314453125,5.369189453125));
#11436 = VECTOR('',#11437,1.);
#11437 = DIRECTION('',(1.,0.,0.));
#11438 = PCURVE('',#4134,#11439);
#11439 = DEFINITIONAL_REPRESENTATION('',(#11440),#11444);
#11440 = LINE('',#11441,#11442);
#11441 = CARTESIAN_POINT('',(0.81826171875,0.));
#11442 = VECTOR('',#11443,1.);
#11443 = DIRECTION('',(0.,-1.));
#11444 = ( GEOMETRIC_REPRESENTATION_CONTEXT(2) 
PARAMETRIC_REPRESENTATION_CONTEXT() REPRESENTATION_CONTEXT('2D SPACE',''
  ) );
#11445 = PCURVE('',#4108,#11446);
#11446 = DEFINITIONAL_REPRESENTATION('',(#11447),#11451);
#11447 = LINE('',#11448,#11449);
#11448 = CARTESIAN_POINT('',(0.,0.));
#11449 = VECTOR('',#11450,1.);
#11450 = DIRECTION('',(0.,-1.));
#11451 = ( GEOMETRIC_REPRESENTATION_CONTEXT(2) 
PARAMETRIC_REPRESENTATION_CONTEXT() REPRESENTATION_CONTEXT('2D SPACE',''
  ) );
#11452 = ADVANCED_FACE('',(#11453),#4108,.T.);
#11453 = FACE_BOUND('',#11454,.T.);
#11454 = EDGE_LOOP('',(#11455,#11456,#11457,#11480));
#11455 = ORIENTED_EDGE('',*,*,#4093,.F.);
#11456 = ORIENTED_EDGE('',*,*,#11432,.T.);
#11457 = ORIENTED_EDGE('',*,*,#11458,.T.);
#11458 = EDGE_CURVE('',#11410,#11459,#11461,.T.);
#11459 = VERTEX_POINT('',#11460);
#11460 = CARTESIAN_POINT('',(3.85,14.131904296875,5.369189453125));
#11461 = SURFACE_CURVE('',#11462,(#11466,#11473),.PCURVE_S1.);
#11462 = LINE('',#11463,#11464);
#11463 = CARTESIAN_POINT('',(3.85,12.452314453125,5.369189453125));
#11464 = VECTOR('',#11465,1.);
#11465 = DIRECTION('',(0.,1.,0.));
#11466 = PCURVE('',#4108,#11467);
#11467 = DEFINITIONAL_REPRESENTATION('',(#11468),#11472);
#11468 = LINE('',#11469,#11470);
#11469 = CARTESIAN_POINT('',(0.,-0.6));
#11470 = VECTOR('',#11471,1.);
#11471 = DIRECTION('',(1.,0.));
#11472 = ( GEOMETRIC_REPRESENTATION_CONTEXT(2) 
PARAMETRIC_REPRESENTATION_CONTEXT() REPRESENTATION_CONTEXT('2D SPACE',''
  ) );
#11473 = PCURVE('',#10979,#11474);
#11474 = DEFINITIONAL_REPRESENTATION('',(#11475),#11479);
#11475 = LINE('',#11476,#11477);
#11476 = CARTESIAN_POINT('',(0.91259765625,0.50654296875));
#11477 = VECTOR('',#11478,1.);
#11478 = DIRECTION('',(1.,0.));
#11479 = ( GEOMETRIC_REPRESENTATION_CONTEXT(2) 
PARAMETRIC_REPRESENTATION_CONTEXT() REPRESENTATION_CONTEXT('2D SPACE',''
  ) );
#11480 = ORIENTED_EDGE('',*,*,#11481,.F.);
#11481 = EDGE_CURVE('',#4068,#11459,#11482,.T.);
#11482 = SURFACE_CURVE('',#11483,(#11487,#11494),.PCURVE_S1.);
#11483 = LINE('',#11484,#11485);
#11484 = CARTESIAN_POINT('',(3.25,14.131904296875,5.369189453125));
#11485 = VECTOR('',#11486,1.);
#11486 = DIRECTION('',(1.,0.,0.));
#11487 = PCURVE('',#4108,#11488);
#11488 = DEFINITIONAL_REPRESENTATION('',(#11489),#11493);
#11489 = LINE('',#11490,#11491);
#11490 = CARTESIAN_POINT('',(1.67958984375,0.));
#11491 = VECTOR('',#11492,1.);
#11492 = DIRECTION('',(0.,-1.));
#11493 = ( GEOMETRIC_REPRESENTATION_CONTEXT(2) 
PARAMETRIC_REPRESENTATION_CONTEXT() REPRESENTATION_CONTEXT('2D SPACE',''
  ) );
#11494 = PCURVE('',#4082,#11495);
#11495 = DEFINITIONAL_REPRESENTATION('',(#11496),#11500);
#11496 = LINE('',#11497,#11498);
#11497 = CARTESIAN_POINT('',(0.,0.));
#11498 = VECTOR('',#11499,1.);
#11499 = DIRECTION('',(0.,-1.));
#11500 = ( GEOMETRIC_REPRESENTATION_CONTEXT(2) 
PARAMETRIC_REPRESENTATION_CONTEXT() REPRESENTATION_CONTEXT('2D SPACE',''
  ) );
#11501 = ADVANCED_FACE('',(#11502),#4082,.T.);
#11502 = FACE_BOUND('',#11503,.T.);
#11503 = EDGE_LOOP('',(#11504,#11505,#11506,#11527));
#11504 = ORIENTED_EDGE('',*,*,#4067,.F.);
#11505 = ORIENTED_EDGE('',*,*,#11481,.T.);
#11506 = ORIENTED_EDGE('',*,*,#11507,.T.);
#11507 = EDGE_CURVE('',#11459,#10941,#11508,.T.);
#11508 = SURFACE_CURVE('',#11509,(#11513,#11520),.PCURVE_S1.);
#11509 = LINE('',#11510,#11511);
#11510 = CARTESIAN_POINT('',(3.85,14.131904296875,5.369189453125));
#11511 = VECTOR('',#11512,1.);
#11512 = DIRECTION('',(0.,0.,-1.));
#11513 = PCURVE('',#4082,#11514);
#11514 = DEFINITIONAL_REPRESENTATION('',(#11515),#11519);
#11515 = LINE('',#11516,#11517);
#11516 = CARTESIAN_POINT('',(0.,-0.6));
#11517 = VECTOR('',#11518,1.);
#11518 = DIRECTION('',(1.,0.));
#11519 = ( GEOMETRIC_REPRESENTATION_CONTEXT(2) 
PARAMETRIC_REPRESENTATION_CONTEXT() REPRESENTATION_CONTEXT('2D SPACE',''
  ) );
#11520 = PCURVE('',#10979,#11521);
#11521 = DEFINITIONAL_REPRESENTATION('',(#11522),#11526);
#11522 = LINE('',#11523,#11524);
#11523 = CARTESIAN_POINT('',(2.5921875,0.50654296875));
#11524 = VECTOR('',#11525,1.);
#11525 = DIRECTION('',(0.,-1.));
#11526 = ( GEOMETRIC_REPRESENTATION_CONTEXT(2) 
PARAMETRIC_REPRESENTATION_CONTEXT() REPRESENTATION_CONTEXT('2D SPACE',''
  ) );
#11527 = ORIENTED_EDGE('',*,*,#10940,.F.);
#11528 = ADVANCED_FACE('',(#11529),#4370,.T.);
#11529 = FACE_BOUND('',#11530,.T.);
#11530 = EDGE_LOOP('',(#11531,#11532,#11555,#11583));
#11531 = ORIENTED_EDGE('',*,*,#4353,.F.);
#11532 = ORIENTED_EDGE('',*,*,#11533,.T.);
#11533 = EDGE_CURVE('',#4354,#11534,#11536,.T.);
#11534 = VERTEX_POINT('',#11535);
#11535 = CARTESIAN_POINT('',(3.85,16.041181640625,4.862646484375));
#11536 = SURFACE_CURVE('',#11537,(#11541,#11548),.PCURVE_S1.);
#11537 = LINE('',#11538,#11539);
#11538 = CARTESIAN_POINT('',(3.25,16.041181640625,4.862646484375));
#11539 = VECTOR('',#11540,1.);
#11540 = DIRECTION('',(1.,0.,0.));
#11541 = PCURVE('',#4370,#11542);
#11542 = DEFINITIONAL_REPRESENTATION('',(#11543),#11547);
#11543 = LINE('',#11544,#11545);
#11544 = CARTESIAN_POINT('',(0.,-0.));
#11545 = VECTOR('',#11546,1.);
#11546 = DIRECTION('',(0.,-1.));
#11547 = ( GEOMETRIC_REPRESENTATION_CONTEXT(2) 
PARAMETRIC_REPRESENTATION_CONTEXT() REPRESENTATION_CONTEXT('2D SPACE',''
  ) );
#11548 = PCURVE('',#4396,#11549);
#11549 = DEFINITIONAL_REPRESENTATION('',(#11550),#11554);
#11550 = LINE('',#11551,#11552);
#11551 = CARTESIAN_POINT('',(1.26123046875,0.));
#11552 = VECTOR('',#11553,1.);
#11553 = DIRECTION('',(0.,-1.));
#11554 = ( GEOMETRIC_REPRESENTATION_CONTEXT(2) 
PARAMETRIC_REPRESENTATION_CONTEXT() REPRESENTATION_CONTEXT('2D SPACE',''
  ) );
#11555 = ORIENTED_EDGE('',*,*,#11556,.T.);
#11556 = EDGE_CURVE('',#11534,#11557,#11559,.T.);
#11557 = VERTEX_POINT('',#11558);
#11558 = CARTESIAN_POINT('',(3.85,15.436201171875,4.862646484375));
#11559 = SURFACE_CURVE('',#11560,(#11564,#11571),.PCURVE_S1.);
#11560 = LINE('',#11561,#11562);
#11561 = CARTESIAN_POINT('',(3.85,16.041181640625,4.862646484375));
#11562 = VECTOR('',#11563,1.);
#11563 = DIRECTION('',(0.,-1.,0.));
#11564 = PCURVE('',#4370,#11565);
#11565 = DEFINITIONAL_REPRESENTATION('',(#11566),#11570);
#11566 = LINE('',#11567,#11568);
#11567 = CARTESIAN_POINT('',(0.,-0.6));
#11568 = VECTOR('',#11569,1.);
#11569 = DIRECTION('',(1.,0.));
#11570 = ( GEOMETRIC_REPRESENTATION_CONTEXT(2) 
PARAMETRIC_REPRESENTATION_CONTEXT() REPRESENTATION_CONTEXT('2D SPACE',''
  ) );
#11571 = PCURVE('',#11572,#11577);
#11572 = PLANE('',#11573);
#11573 = AXIS2_PLACEMENT_3D('',#11574,#11575,#11576);
#11574 = CARTESIAN_POINT('',(3.85,14.341083984375,4.862646484375));
#11575 = DIRECTION('',(1.,0.,0.));
#11576 = DIRECTION('',(0.,1.,0.));
#11577 = DEFINITIONAL_REPRESENTATION('',(#11578),#11582);
#11578 = LINE('',#11579,#11580);
#11579 = CARTESIAN_POINT('',(1.70009765625,0.));
#11580 = VECTOR('',#11581,1.);
#11581 = DIRECTION('',(-1.,0.));
#11582 = ( GEOMETRIC_REPRESENTATION_CONTEXT(2) 
PARAMETRIC_REPRESENTATION_CONTEXT() REPRESENTATION_CONTEXT('2D SPACE',''
  ) );
#11583 = ORIENTED_EDGE('',*,*,#11584,.F.);
#11584 = EDGE_CURVE('',#4356,#11557,#11585,.T.);
#11585 = SURFACE_CURVE('',#11586,(#11590,#11597),.PCURVE_S1.);
#11586 = LINE('',#11587,#11588);
#11587 = CARTESIAN_POINT('',(3.25,15.436201171875,4.862646484375));
#11588 = VECTOR('',#11589,1.);
#11589 = DIRECTION('',(1.,0.,0.));
#11590 = PCURVE('',#4370,#11591);
#11591 = DEFINITIONAL_REPRESENTATION('',(#11592),#11596);
#11592 = LINE('',#11593,#11594);
#11593 = CARTESIAN_POINT('',(0.60498046875,0.));
#11594 = VECTOR('',#11595,1.);
#11595 = DIRECTION('',(0.,-1.));
#11596 = ( GEOMETRIC_REPRESENTATION_CONTEXT(2) 
PARAMETRIC_REPRESENTATION_CONTEXT() REPRESENTATION_CONTEXT('2D SPACE',''
  ) );
#11597 = PCURVE('',#4576,#11598);
#11598 = DEFINITIONAL_REPRESENTATION('',(#11599),#11603);
#11599 = LINE('',#11600,#11601);
#11600 = CARTESIAN_POINT('',(0.,0.));
#11601 = VECTOR('',#11602,1.);
#11602 = DIRECTION('',(0.,-1.));
#11603 = ( GEOMETRIC_REPRESENTATION_CONTEXT(2) 
PARAMETRIC_REPRESENTATION_CONTEXT() REPRESENTATION_CONTEXT('2D SPACE',''
  ) );
#11604 = ADVANCED_FACE('',(#11605),#4576,.T.);
#11605 = FACE_BOUND('',#11606,.T.);
#11606 = EDGE_LOOP('',(#11607,#11608,#11609,#11632));
#11607 = ORIENTED_EDGE('',*,*,#4563,.F.);
#11608 = ORIENTED_EDGE('',*,*,#11584,.T.);
#11609 = ORIENTED_EDGE('',*,*,#11610,.T.);
#11610 = EDGE_CURVE('',#11557,#11611,#11613,.T.);
#11611 = VERTEX_POINT('',#11612);
#11612 = CARTESIAN_POINT('',(3.85,15.436201171875,6.127978515625));
#11613 = SURFACE_CURVE('',#11614,(#11618,#11625),.PCURVE_S1.);
#11614 = LINE('',#11615,#11616);
#11615 = CARTESIAN_POINT('',(3.85,15.436201171875,4.862646484375));
#11616 = VECTOR('',#11617,1.);
#11617 = DIRECTION('',(0.,0.,1.));
#11618 = PCURVE('',#4576,#11619);
#11619 = DEFINITIONAL_REPRESENTATION('',(#11620),#11624);
#11620 = LINE('',#11621,#11622);
#11621 = CARTESIAN_POINT('',(0.,-0.6));
#11622 = VECTOR('',#11623,1.);
#11623 = DIRECTION('',(1.,0.));
#11624 = ( GEOMETRIC_REPRESENTATION_CONTEXT(2) 
PARAMETRIC_REPRESENTATION_CONTEXT() REPRESENTATION_CONTEXT('2D SPACE',''
  ) );
#11625 = PCURVE('',#11572,#11626);
#11626 = DEFINITIONAL_REPRESENTATION('',(#11627),#11631);
#11627 = LINE('',#11628,#11629);
#11628 = CARTESIAN_POINT('',(1.0951171875,0.));
#11629 = VECTOR('',#11630,1.);
#11630 = DIRECTION('',(0.,1.));
#11631 = ( GEOMETRIC_REPRESENTATION_CONTEXT(2) 
PARAMETRIC_REPRESENTATION_CONTEXT() REPRESENTATION_CONTEXT('2D SPACE',''
  ) );
#11632 = ORIENTED_EDGE('',*,*,#11633,.F.);
#11633 = EDGE_CURVE('',#4538,#11611,#11634,.T.);
#11634 = SURFACE_CURVE('',#11635,(#11639,#11646),.PCURVE_S1.);
#11635 = LINE('',#11636,#11637);
#11636 = CARTESIAN_POINT('',(3.25,15.436201171875,6.127978515625));
#11637 = VECTOR('',#11638,1.);
#11638 = DIRECTION('',(1.,0.,0.));
#11639 = PCURVE('',#4576,#11640);
#11640 = DEFINITIONAL_REPRESENTATION('',(#11641),#11645);
#11641 = LINE('',#11642,#11643);
#11642 = CARTESIAN_POINT('',(1.26533203125,0.));
#11643 = VECTOR('',#11644,1.);
#11644 = DIRECTION('',(0.,-1.));
#11645 = ( GEOMETRIC_REPRESENTATION_CONTEXT(2) 
PARAMETRIC_REPRESENTATION_CONTEXT() REPRESENTATION_CONTEXT('2D SPACE',''
  ) );
#11646 = PCURVE('',#4552,#11647);
#11647 = DEFINITIONAL_REPRESENTATION('',(#11648),#11652);
#11648 = LINE('',#11649,#11650);
#11649 = CARTESIAN_POINT('',(0.,0.));
#11650 = VECTOR('',#11651,1.);
#11651 = DIRECTION('',(0.,-1.));
#11652 = ( GEOMETRIC_REPRESENTATION_CONTEXT(2) 
PARAMETRIC_REPRESENTATION_CONTEXT() REPRESENTATION_CONTEXT('2D SPACE',''
  ) );
#11653 = ADVANCED_FACE('',(#11654),#4552,.T.);
#11654 = FACE_BOUND('',#11655,.T.);
#11655 = EDGE_LOOP('',(#11656,#11657,#11658,#11681));
#11656 = ORIENTED_EDGE('',*,*,#4537,.F.);
#11657 = ORIENTED_EDGE('',*,*,#11633,.T.);
#11658 = ORIENTED_EDGE('',*,*,#11659,.T.);
#11659 = EDGE_CURVE('',#11611,#11660,#11662,.T.);
#11660 = VERTEX_POINT('',#11661);
#11661 = CARTESIAN_POINT('',(3.85,14.334931640625,7.869091796875));
#11662 = SURFACE_CURVE('',#11663,(#11667,#11674),.PCURVE_S1.);
#11663 = LINE('',#11664,#11665);
#11664 = CARTESIAN_POINT('',(3.85,15.436201171875,6.127978515625));
#11665 = VECTOR('',#11666,1.);
#11666 = DIRECTION('',(0.,-0.534554660033,0.84513390385));
#11667 = PCURVE('',#4552,#11668);
#11668 = DEFINITIONAL_REPRESENTATION('',(#11669),#11673);
#11669 = LINE('',#11670,#11671);
#11670 = CARTESIAN_POINT('',(0.,-0.6));
#11671 = VECTOR('',#11672,1.);
#11672 = DIRECTION('',(1.,0.));
#11673 = ( GEOMETRIC_REPRESENTATION_CONTEXT(2) 
PARAMETRIC_REPRESENTATION_CONTEXT() REPRESENTATION_CONTEXT('2D SPACE',''
  ) );
#11674 = PCURVE('',#11572,#11675);
#11675 = DEFINITIONAL_REPRESENTATION('',(#11676),#11680);
#11676 = LINE('',#11677,#11678);
#11677 = CARTESIAN_POINT('',(1.0951171875,1.26533203125));
#11678 = VECTOR('',#11679,1.);
#11679 = DIRECTION('',(-0.534554660033,0.84513390385));
#11680 = ( GEOMETRIC_REPRESENTATION_CONTEXT(2) 
PARAMETRIC_REPRESENTATION_CONTEXT() REPRESENTATION_CONTEXT('2D SPACE',''
  ) );
#11681 = ORIENTED_EDGE('',*,*,#11682,.F.);
#11682 = EDGE_CURVE('',#4512,#11660,#11683,.T.);
#11683 = SURFACE_CURVE('',#11684,(#11688,#11695),.PCURVE_S1.);
#11684 = LINE('',#11685,#11686);
#11685 = CARTESIAN_POINT('',(3.25,14.334931640625,7.869091796875));
#11686 = VECTOR('',#11687,1.);
#11687 = DIRECTION('',(1.,0.,0.));
#11688 = PCURVE('',#4552,#11689);
#11689 = DEFINITIONAL_REPRESENTATION('',(#11690),#11694);
#11690 = LINE('',#11691,#11692);
#11691 = CARTESIAN_POINT('',(2.06016262431,0.));
#11692 = VECTOR('',#11693,1.);
#11693 = DIRECTION('',(0.,-1.));
#11694 = ( GEOMETRIC_REPRESENTATION_CONTEXT(2) 
PARAMETRIC_REPRESENTATION_CONTEXT() REPRESENTATION_CONTEXT('2D SPACE',''
  ) );
#11695 = PCURVE('',#4526,#11696);
#11696 = DEFINITIONAL_REPRESENTATION('',(#11697),#11701);
#11697 = LINE('',#11698,#11699);
#11698 = CARTESIAN_POINT('',(0.,0.));
#11699 = VECTOR('',#11700,1.);
#11700 = DIRECTION('',(0.,-1.));
#11701 = ( GEOMETRIC_REPRESENTATION_CONTEXT(2) 
PARAMETRIC_REPRESENTATION_CONTEXT() REPRESENTATION_CONTEXT('2D SPACE',''
  ) );
#11702 = ADVANCED_FACE('',(#11703),#4526,.T.);
#11703 = FACE_BOUND('',#11704,.T.);
#11704 = EDGE_LOOP('',(#11705,#11706,#11707,#11730));
#11705 = ORIENTED_EDGE('',*,*,#4511,.F.);
#11706 = ORIENTED_EDGE('',*,*,#11682,.T.);
#11707 = ORIENTED_EDGE('',*,*,#11708,.T.);
#11708 = EDGE_CURVE('',#11660,#11709,#11711,.T.);
#11709 = VERTEX_POINT('',#11710);
#11710 = CARTESIAN_POINT('',(3.85,15.046552734375,7.869091796875));
#11711 = SURFACE_CURVE('',#11712,(#11716,#11723),.PCURVE_S1.);
#11712 = LINE('',#11713,#11714);
#11713 = CARTESIAN_POINT('',(3.85,14.334931640625,7.869091796875));
#11714 = VECTOR('',#11715,1.);
#11715 = DIRECTION('',(0.,1.,0.));
#11716 = PCURVE('',#4526,#11717);
#11717 = DEFINITIONAL_REPRESENTATION('',(#11718),#11722);
#11718 = LINE('',#11719,#11720);
#11719 = CARTESIAN_POINT('',(0.,-0.6));
#11720 = VECTOR('',#11721,1.);
#11721 = DIRECTION('',(1.,0.));
#11722 = ( GEOMETRIC_REPRESENTATION_CONTEXT(2) 
PARAMETRIC_REPRESENTATION_CONTEXT() REPRESENTATION_CONTEXT('2D SPACE',''
  ) );
#11723 = PCURVE('',#11572,#11724);
#11724 = DEFINITIONAL_REPRESENTATION('',(#11725),#11729);
#11725 = LINE('',#11726,#11727);
#11726 = CARTESIAN_POINT('',(-6.15234375E-03,3.0064453125));
#11727 = VECTOR('',#11728,1.);
#11728 = DIRECTION('',(1.,0.));
#11729 = ( GEOMETRIC_REPRESENTATION_CONTEXT(2) 
PARAMETRIC_REPRESENTATION_CONTEXT() REPRESENTATION_CONTEXT('2D SPACE',''
  ) );
#11730 = ORIENTED_EDGE('',*,*,#11731,.F.);
#11731 = EDGE_CURVE('',#4486,#11709,#11732,.T.);
#11732 = SURFACE_CURVE('',#11733,(#11737,#11744),.PCURVE_S1.);
#11733 = LINE('',#11734,#11735);
#11734 = CARTESIAN_POINT('',(3.25,15.046552734375,7.869091796875));
#11735 = VECTOR('',#11736,1.);
#11736 = DIRECTION('',(1.,0.,0.));
#11737 = PCURVE('',#4526,#11738);
#11738 = DEFINITIONAL_REPRESENTATION('',(#11739),#11743);
#11739 = LINE('',#11740,#11741);
#11740 = CARTESIAN_POINT('',(0.71162109375,0.));
#11741 = VECTOR('',#11742,1.);
#11742 = DIRECTION('',(0.,-1.));
#11743 = ( GEOMETRIC_REPRESENTATION_CONTEXT(2) 
PARAMETRIC_REPRESENTATION_CONTEXT() REPRESENTATION_CONTEXT('2D SPACE',''
  ) );
#11744 = PCURVE('',#4500,#11745);
#11745 = DEFINITIONAL_REPRESENTATION('',(#11746),#11750);
#11746 = LINE('',#11747,#11748);
#11747 = CARTESIAN_POINT('',(0.,0.));
#11748 = VECTOR('',#11749,1.);
#11749 = DIRECTION('',(0.,-1.));
#11750 = ( GEOMETRIC_REPRESENTATION_CONTEXT(2) 
PARAMETRIC_REPRESENTATION_CONTEXT() REPRESENTATION_CONTEXT('2D SPACE',''
  ) );
#11751 = ADVANCED_FACE('',(#11752),#4500,.T.);
#11752 = FACE_BOUND('',#11753,.T.);
#11753 = EDGE_LOOP('',(#11754,#11755,#11756,#11779));
#11754 = ORIENTED_EDGE('',*,*,#4485,.F.);
#11755 = ORIENTED_EDGE('',*,*,#11731,.T.);
#11756 = ORIENTED_EDGE('',*,*,#11757,.T.);
#11757 = EDGE_CURVE('',#11709,#11758,#11760,.T.);
#11758 = VERTEX_POINT('',#11759);
#11759 = CARTESIAN_POINT('',(3.85,15.754072265625,6.679638671875));
#11760 = SURFACE_CURVE('',#11761,(#11765,#11772),.PCURVE_S1.);
#11761 = LINE('',#11762,#11763);
#11762 = CARTESIAN_POINT('',(3.85,15.046552734375,7.869091796875));
#11763 = VECTOR('',#11764,1.);
#11764 = DIRECTION('',(0.,0.511223326077,-0.859447910507));
#11765 = PCURVE('',#4500,#11766);
#11766 = DEFINITIONAL_REPRESENTATION('',(#11767),#11771);
#11767 = LINE('',#11768,#11769);
#11768 = CARTESIAN_POINT('',(0.,-0.6));
#11769 = VECTOR('',#11770,1.);
#11770 = DIRECTION('',(1.,0.));
#11771 = ( GEOMETRIC_REPRESENTATION_CONTEXT(2) 
PARAMETRIC_REPRESENTATION_CONTEXT() REPRESENTATION_CONTEXT('2D SPACE',''
  ) );
#11772 = PCURVE('',#11572,#11773);
#11773 = DEFINITIONAL_REPRESENTATION('',(#11774),#11778);
#11774 = LINE('',#11775,#11776);
#11775 = CARTESIAN_POINT('',(0.70546875,3.0064453125));
#11776 = VECTOR('',#11777,1.);
#11777 = DIRECTION('',(0.511223326077,-0.859447910507));
#11778 = ( GEOMETRIC_REPRESENTATION_CONTEXT(2) 
PARAMETRIC_REPRESENTATION_CONTEXT() REPRESENTATION_CONTEXT('2D SPACE',''
  ) );
#11779 = ORIENTED_EDGE('',*,*,#11780,.F.);
#11780 = EDGE_CURVE('',#4460,#11758,#11781,.T.);
#11781 = SURFACE_CURVE('',#11782,(#11786,#11793),.PCURVE_S1.);
#11782 = LINE('',#11783,#11784);
#11783 = CARTESIAN_POINT('',(3.25,15.754072265625,6.679638671875));
#11784 = VECTOR('',#11785,1.);
#11785 = DIRECTION('',(1.,0.,0.));
#11786 = PCURVE('',#4500,#11787);
#11787 = DEFINITIONAL_REPRESENTATION('',(#11788),#11792);
#11788 = LINE('',#11789,#11790);
#11789 = CARTESIAN_POINT('',(1.383973490957,0.));
#11790 = VECTOR('',#11791,1.);
#11791 = DIRECTION('',(0.,-1.));
#11792 = ( GEOMETRIC_REPRESENTATION_CONTEXT(2) 
PARAMETRIC_REPRESENTATION_CONTEXT() REPRESENTATION_CONTEXT('2D SPACE',''
  ) );
#11793 = PCURVE('',#4474,#11794);
#11794 = DEFINITIONAL_REPRESENTATION('',(#11795),#11799);
#11795 = LINE('',#11796,#11797);
#11796 = CARTESIAN_POINT('',(0.,0.));
#11797 = VECTOR('',#11798,1.);
#11798 = DIRECTION('',(0.,-1.));
#11799 = ( GEOMETRIC_REPRESENTATION_CONTEXT(2) 
PARAMETRIC_REPRESENTATION_CONTEXT() REPRESENTATION_CONTEXT('2D SPACE',''
  ) );
#11800 = ADVANCED_FACE('',(#11801),#4474,.T.);
#11801 = FACE_BOUND('',#11802,.T.);
#11802 = EDGE_LOOP('',(#11803,#11804,#11805,#11828));
#11803 = ORIENTED_EDGE('',*,*,#4459,.F.);
#11804 = ORIENTED_EDGE('',*,*,#11780,.T.);
#11805 = ORIENTED_EDGE('',*,*,#11806,.T.);
#11806 = EDGE_CURVE('',#11758,#11807,#11809,.T.);
#11807 = VERTEX_POINT('',#11808);
#11808 = CARTESIAN_POINT('',(3.85,16.447236328125,7.869091796875));
#11809 = SURFACE_CURVE('',#11810,(#11814,#11821),.PCURVE_S1.);
#11810 = LINE('',#11811,#11812);
#11811 = CARTESIAN_POINT('',(3.85,15.754072265625,6.679638671875));
#11812 = VECTOR('',#11813,1.);
#11813 = DIRECTION('',(0.,0.503500497161,0.863994935957));
#11814 = PCURVE('',#4474,#11815);
#11815 = DEFINITIONAL_REPRESENTATION('',(#11816),#11820);
#11816 = LINE('',#11817,#11818);
#11817 = CARTESIAN_POINT('',(0.,-0.6));
#11818 = VECTOR('',#11819,1.);
#11819 = DIRECTION('',(1.,0.));
#11820 = ( GEOMETRIC_REPRESENTATION_CONTEXT(2) 
PARAMETRIC_REPRESENTATION_CONTEXT() REPRESENTATION_CONTEXT('2D SPACE',''
  ) );
#11821 = PCURVE('',#11572,#11822);
#11822 = DEFINITIONAL_REPRESENTATION('',(#11823),#11827);
#11823 = LINE('',#11824,#11825);
#11824 = CARTESIAN_POINT('',(1.41298828125,1.8169921875));
#11825 = VECTOR('',#11826,1.);
#11826 = DIRECTION('',(0.503500497161,0.863994935957));
#11827 = ( GEOMETRIC_REPRESENTATION_CONTEXT(2) 
PARAMETRIC_REPRESENTATION_CONTEXT() REPRESENTATION_CONTEXT('2D SPACE',''
  ) );
#11828 = ORIENTED_EDGE('',*,*,#11829,.F.);
#11829 = EDGE_CURVE('',#4434,#11807,#11830,.T.);
#11830 = SURFACE_CURVE('',#11831,(#11835,#11842),.PCURVE_S1.);
#11831 = LINE('',#11832,#11833);
#11832 = CARTESIAN_POINT('',(3.25,16.447236328125,7.869091796875));
#11833 = VECTOR('',#11834,1.);
#11834 = DIRECTION('',(1.,0.,0.));
#11835 = PCURVE('',#4474,#11836);
#11836 = DEFINITIONAL_REPRESENTATION('',(#11837),#11841);
#11837 = LINE('',#11838,#11839);
#11838 = CARTESIAN_POINT('',(1.376689926641,0.));
#11839 = VECTOR('',#11840,1.);
#11840 = DIRECTION('',(0.,-1.));
#11841 = ( GEOMETRIC_REPRESENTATION_CONTEXT(2) 
PARAMETRIC_REPRESENTATION_CONTEXT() REPRESENTATION_CONTEXT('2D SPACE',''
  ) );
#11842 = PCURVE('',#4448,#11843);
#11843 = DEFINITIONAL_REPRESENTATION('',(#11844),#11848);
#11844 = LINE('',#11845,#11846);
#11845 = CARTESIAN_POINT('',(0.,0.));
#11846 = VECTOR('',#11847,1.);
#11847 = DIRECTION('',(0.,-1.));
#11848 = ( GEOMETRIC_REPRESENTATION_CONTEXT(2) 
PARAMETRIC_REPRESENTATION_CONTEXT() REPRESENTATION_CONTEXT('2D SPACE',''
  ) );
#11849 = ADVANCED_FACE('',(#11850),#4448,.T.);
#11850 = FACE_BOUND('',#11851,.T.);
#11851 = EDGE_LOOP('',(#11852,#11853,#11854,#11877));
#11852 = ORIENTED_EDGE('',*,*,#4433,.F.);
#11853 = ORIENTED_EDGE('',*,*,#11829,.T.);
#11854 = ORIENTED_EDGE('',*,*,#11855,.T.);
#11855 = EDGE_CURVE('',#11807,#11856,#11858,.T.);
#11856 = VERTEX_POINT('',#11857);
#11857 = CARTESIAN_POINT('',(3.85,17.146552734375,7.869091796875));
#11858 = SURFACE_CURVE('',#11859,(#11863,#11870),.PCURVE_S1.);
#11859 = LINE('',#11860,#11861);
#11860 = CARTESIAN_POINT('',(3.85,16.447236328125,7.869091796875));
#11861 = VECTOR('',#11862,1.);
#11862 = DIRECTION('',(0.,1.,0.));
#11863 = PCURVE('',#4448,#11864);
#11864 = DEFINITIONAL_REPRESENTATION('',(#11865),#11869);
#11865 = LINE('',#11866,#11867);
#11866 = CARTESIAN_POINT('',(0.,-0.6));
#11867 = VECTOR('',#11868,1.);
#11868 = DIRECTION('',(1.,0.));
#11869 = ( GEOMETRIC_REPRESENTATION_CONTEXT(2) 
PARAMETRIC_REPRESENTATION_CONTEXT() REPRESENTATION_CONTEXT('2D SPACE',''
  ) );
#11870 = PCURVE('',#11572,#11871);
#11871 = DEFINITIONAL_REPRESENTATION('',(#11872),#11876);
#11872 = LINE('',#11873,#11874);
#11873 = CARTESIAN_POINT('',(2.10615234375,3.0064453125));
#11874 = VECTOR('',#11875,1.);
#11875 = DIRECTION('',(1.,0.));
#11876 = ( GEOMETRIC_REPRESENTATION_CONTEXT(2) 
PARAMETRIC_REPRESENTATION_CONTEXT() REPRESENTATION_CONTEXT('2D SPACE',''
  ) );
#11877 = ORIENTED_EDGE('',*,*,#11878,.F.);
#11878 = EDGE_CURVE('',#4408,#11856,#11879,.T.);
#11879 = SURFACE_CURVE('',#11880,(#11884,#11891),.PCURVE_S1.);
#11880 = LINE('',#11881,#11882);
#11881 = CARTESIAN_POINT('',(3.25,17.146552734375,7.869091796875));
#11882 = VECTOR('',#11883,1.);
#11883 = DIRECTION('',(1.,0.,0.));
#11884 = PCURVE('',#4448,#11885);
#11885 = DEFINITIONAL_REPRESENTATION('',(#11886),#11890);
#11886 = LINE('',#11887,#11888);
#11887 = CARTESIAN_POINT('',(0.69931640625,0.));
#11888 = VECTOR('',#11889,1.);
#11889 = DIRECTION('',(0.,-1.));
#11890 = ( GEOMETRIC_REPRESENTATION_CONTEXT(2) 
PARAMETRIC_REPRESENTATION_CONTEXT() REPRESENTATION_CONTEXT('2D SPACE',''
  ) );
#11891 = PCURVE('',#4422,#11892);
#11892 = DEFINITIONAL_REPRESENTATION('',(#11893),#11897);
#11893 = LINE('',#11894,#11895);
#11894 = CARTESIAN_POINT('',(0.,0.));
#11895 = VECTOR('',#11896,1.);
#11896 = DIRECTION('',(0.,-1.));
#11897 = ( GEOMETRIC_REPRESENTATION_CONTEXT(2) 
PARAMETRIC_REPRESENTATION_CONTEXT() REPRESENTATION_CONTEXT('2D SPACE',''
  ) );
#11898 = ADVANCED_FACE('',(#11899),#4422,.T.);
#11899 = FACE_BOUND('',#11900,.T.);
#11900 = EDGE_LOOP('',(#11901,#11902,#11903,#11926));
#11901 = ORIENTED_EDGE('',*,*,#4407,.F.);
#11902 = ORIENTED_EDGE('',*,*,#11878,.T.);
#11903 = ORIENTED_EDGE('',*,*,#11904,.T.);
#11904 = EDGE_CURVE('',#11856,#11905,#11907,.T.);
#11905 = VERTEX_POINT('',#11906);
#11906 = CARTESIAN_POINT('',(3.85,16.041181640625,6.123876953125));
#11907 = SURFACE_CURVE('',#11908,(#11912,#11919),.PCURVE_S1.);
#11908 = LINE('',#11909,#11910);
#11909 = CARTESIAN_POINT('',(3.85,17.146552734375,7.869091796875));
#11910 = VECTOR('',#11911,1.);
#11911 = DIRECTION('',(0.,-0.535075698405,-0.844804117519));
#11912 = PCURVE('',#4422,#11913);
#11913 = DEFINITIONAL_REPRESENTATION('',(#11914),#11918);
#11914 = LINE('',#11915,#11916);
#11915 = CARTESIAN_POINT('',(0.,-0.6));
#11916 = VECTOR('',#11917,1.);
#11917 = DIRECTION('',(1.,0.));
#11918 = ( GEOMETRIC_REPRESENTATION_CONTEXT(2) 
PARAMETRIC_REPRESENTATION_CONTEXT() REPRESENTATION_CONTEXT('2D SPACE',''
  ) );
#11919 = PCURVE('',#11572,#11920);
#11920 = DEFINITIONAL_REPRESENTATION('',(#11921),#11925);
#11921 = LINE('',#11922,#11923);
#11922 = CARTESIAN_POINT('',(2.80546875,3.0064453125));
#11923 = VECTOR('',#11924,1.);
#11924 = DIRECTION('',(-0.535075698405,-0.844804117519));
#11925 = ( GEOMETRIC_REPRESENTATION_CONTEXT(2) 
PARAMETRIC_REPRESENTATION_CONTEXT() REPRESENTATION_CONTEXT('2D SPACE',''
  ) );
#11926 = ORIENTED_EDGE('',*,*,#11927,.F.);
#11927 = EDGE_CURVE('',#4382,#11905,#11928,.T.);
#11928 = SURFACE_CURVE('',#11929,(#11933,#11940),.PCURVE_S1.);
#11929 = LINE('',#11930,#11931);
#11930 = CARTESIAN_POINT('',(3.25,16.041181640625,6.123876953125));
#11931 = VECTOR('',#11932,1.);
#11932 = DIRECTION('',(1.,0.,0.));
#11933 = PCURVE('',#4422,#11934);
#11934 = DEFINITIONAL_REPRESENTATION('',(#11935),#11939);
#11935 = LINE('',#11936,#11937);
#11936 = CARTESIAN_POINT('',(2.06582189594,0.));
#11937 = VECTOR('',#11938,1.);
#11938 = DIRECTION('',(0.,-1.));
#11939 = ( GEOMETRIC_REPRESENTATION_CONTEXT(2) 
PARAMETRIC_REPRESENTATION_CONTEXT() REPRESENTATION_CONTEXT('2D SPACE',''
  ) );
#11940 = PCURVE('',#4396,#11941);
#11941 = DEFINITIONAL_REPRESENTATION('',(#11942),#11946);
#11942 = LINE('',#11943,#11944);
#11943 = CARTESIAN_POINT('',(0.,0.));
#11944 = VECTOR('',#11945,1.);
#11945 = DIRECTION('',(0.,-1.));
#11946 = ( GEOMETRIC_REPRESENTATION_CONTEXT(2) 
PARAMETRIC_REPRESENTATION_CONTEXT() REPRESENTATION_CONTEXT('2D SPACE',''
  ) );
#11947 = ADVANCED_FACE('',(#11948),#4396,.T.);
#11948 = FACE_BOUND('',#11949,.T.);
#11949 = EDGE_LOOP('',(#11950,#11951,#11952,#11973));
#11950 = ORIENTED_EDGE('',*,*,#4381,.F.);
#11951 = ORIENTED_EDGE('',*,*,#11927,.T.);
#11952 = ORIENTED_EDGE('',*,*,#11953,.T.);
#11953 = EDGE_CURVE('',#11905,#11534,#11954,.T.);
#11954 = SURFACE_CURVE('',#11955,(#11959,#11966),.PCURVE_S1.);
#11955 = LINE('',#11956,#11957);
#11956 = CARTESIAN_POINT('',(3.85,16.041181640625,6.123876953125));
#11957 = VECTOR('',#11958,1.);
#11958 = DIRECTION('',(0.,0.,-1.));
#11959 = PCURVE('',#4396,#11960);
#11960 = DEFINITIONAL_REPRESENTATION('',(#11961),#11965);
#11961 = LINE('',#11962,#11963);
#11962 = CARTESIAN_POINT('',(0.,-0.6));
#11963 = VECTOR('',#11964,1.);
#11964 = DIRECTION('',(1.,0.));
#11965 = ( GEOMETRIC_REPRESENTATION_CONTEXT(2) 
PARAMETRIC_REPRESENTATION_CONTEXT() REPRESENTATION_CONTEXT('2D SPACE',''
  ) );
#11966 = PCURVE('',#11572,#11967);
#11967 = DEFINITIONAL_REPRESENTATION('',(#11968),#11972);
#11968 = LINE('',#11969,#11970);
#11969 = CARTESIAN_POINT('',(1.70009765625,1.26123046875));
#11970 = VECTOR('',#11971,1.);
#11971 = DIRECTION('',(0.,-1.));
#11972 = ( GEOMETRIC_REPRESENTATION_CONTEXT(2) 
PARAMETRIC_REPRESENTATION_CONTEXT() REPRESENTATION_CONTEXT('2D SPACE',''
  ) );
#11973 = ORIENTED_EDGE('',*,*,#11533,.F.);
#11974 = ADVANCED_FACE('',(#11975),#4625,.T.);
#11975 = FACE_BOUND('',#11976,.T.);
#11976 = EDGE_LOOP('',(#11977,#11978,#12001,#12029));
#11977 = ORIENTED_EDGE('',*,*,#4589,.T.);
#11978 = ORIENTED_EDGE('',*,*,#11979,.T.);
#11979 = EDGE_CURVE('',#4592,#11980,#11982,.T.);
#11980 = VERTEX_POINT('',#11981);
#11981 = CARTESIAN_POINT('',(3.85,20.144794921875,7.569677734375));
#11982 = SURFACE_CURVE('',#11983,(#11987,#11994),.PCURVE_S1.);
#11983 = LINE('',#11984,#11985);
#11984 = CARTESIAN_POINT('',(3.25,20.144794921875,7.569677734375));
#11985 = VECTOR('',#11986,1.);
#11986 = DIRECTION('',(1.,0.,0.));
#11987 = PCURVE('',#4625,#11988);
#11988 = DEFINITIONAL_REPRESENTATION('',(#11989),#11993);
#11989 = LINE('',#11990,#11991);
#11990 = CARTESIAN_POINT('',(0.,0.));
#11991 = VECTOR('',#11992,1.);
#11992 = DIRECTION('',(0.,-1.));
#11993 = ( GEOMETRIC_REPRESENTATION_CONTEXT(2) 
PARAMETRIC_REPRESENTATION_CONTEXT() REPRESENTATION_CONTEXT('2D SPACE',''
  ) );
#11994 = PCURVE('',#4682,#11995);
#11995 = DEFINITIONAL_REPRESENTATION('',(#11996),#12000);
#11996 = LINE('',#11997,#11998);
#11997 = CARTESIAN_POINT('',(1.,0.));
#11998 = VECTOR('',#11999,1.);
#11999 = DIRECTION('',(0.,-1.));
#12000 = ( GEOMETRIC_REPRESENTATION_CONTEXT(2) 
PARAMETRIC_REPRESENTATION_CONTEXT() REPRESENTATION_CONTEXT('2D SPACE',''
  ) );
#12001 = ORIENTED_EDGE('',*,*,#12002,.T.);
#12002 = EDGE_CURVE('',#11980,#12003,#12005,.T.);
#12003 = VERTEX_POINT('',#12004);
#12004 = CARTESIAN_POINT('',(3.85,20.438056640625,6.345361328125));
#12005 = SURFACE_CURVE('',#12006,(#12010,#12017),.PCURVE_S1.);
#12006 = B_SPLINE_CURVE_WITH_KNOTS('',2,(#12007,#12008,#12009),
  .UNSPECIFIED.,.F.,.F.,(3,3),(0.,1.),.PIECEWISE_BEZIER_KNOTS.);
#12007 = CARTESIAN_POINT('',(3.85,20.144794921875,7.569677734375));
#12008 = CARTESIAN_POINT('',(3.85,20.438056640625,7.200537109375));
#12009 = CARTESIAN_POINT('',(3.85,20.438056640625,6.345361328125));
#12010 = PCURVE('',#4625,#12011);
#12011 = DEFINITIONAL_REPRESENTATION('',(#12012),#12016);
#12012 = LINE('',#12013,#12014);
#12013 = CARTESIAN_POINT('',(0.,-0.6));
#12014 = VECTOR('',#12015,1.);
#12015 = DIRECTION('',(1.,0.));
#12016 = ( GEOMETRIC_REPRESENTATION_CONTEXT(2) 
PARAMETRIC_REPRESENTATION_CONTEXT() REPRESENTATION_CONTEXT('2D SPACE',''
  ) );
#12017 = PCURVE('',#12018,#12023);
#12018 = PLANE('',#12019);
#12019 = AXIS2_PLACEMENT_3D('',#12020,#12021,#12022);
#12020 = CARTESIAN_POINT('',(3.85,18.309345703125,4.862646484375));
#12021 = DIRECTION('',(1.,0.,0.));
#12022 = DIRECTION('',(0.,1.,0.));
#12023 = DEFINITIONAL_REPRESENTATION('',(#12024),#12028);
#12024 = B_SPLINE_CURVE_WITH_KNOTS('',2,(#12025,#12026,#12027),
  .UNSPECIFIED.,.F.,.F.,(3,3),(0.,1.),.PIECEWISE_BEZIER_KNOTS.);
#12025 = CARTESIAN_POINT('',(1.83544921875,2.70703125));
#12026 = CARTESIAN_POINT('',(2.1287109375,2.337890625));
#12027 = CARTESIAN_POINT('',(2.1287109375,1.48271484375));
#12028 = ( GEOMETRIC_REPRESENTATION_CONTEXT(2) 
PARAMETRIC_REPRESENTATION_CONTEXT() REPRESENTATION_CONTEXT('2D SPACE',''
  ) );
#12029 = ORIENTED_EDGE('',*,*,#12030,.F.);
#12030 = EDGE_CURVE('',#4590,#12003,#12031,.T.);
#12031 = SURFACE_CURVE('',#12032,(#12036,#12043),.PCURVE_S1.);
#12032 = LINE('',#12033,#12034);
#12033 = CARTESIAN_POINT('',(3.25,20.438056640625,6.345361328125));
#12034 = VECTOR('',#12035,1.);
#12035 = DIRECTION('',(1.,0.,0.));
#12036 = PCURVE('',#4625,#12037);
#12037 = DEFINITIONAL_REPRESENTATION('',(#12038),#12042);
#12038 = LINE('',#12039,#12040);
#12039 = CARTESIAN_POINT('',(1.,0.));
#12040 = VECTOR('',#12041,1.);
#12041 = DIRECTION('',(0.,-1.));
#12042 = ( GEOMETRIC_REPRESENTATION_CONTEXT(2) 
PARAMETRIC_REPRESENTATION_CONTEXT() REPRESENTATION_CONTEXT('2D SPACE',''
  ) );
#12043 = PCURVE('',#5022,#12044);
#12044 = DEFINITIONAL_REPRESENTATION('',(#12045),#12049);
#12045 = LINE('',#12046,#12047);
#12046 = CARTESIAN_POINT('',(0.,0.));
#12047 = VECTOR('',#12048,1.);
#12048 = DIRECTION('',(0.,-1.));
#12049 = ( GEOMETRIC_REPRESENTATION_CONTEXT(2) 
PARAMETRIC_REPRESENTATION_CONTEXT() REPRESENTATION_CONTEXT('2D SPACE',''
  ) );
#12050 = ADVANCED_FACE('',(#12051),#5022,.T.);
#12051 = FACE_BOUND('',#12052,.T.);
#12052 = EDGE_LOOP('',(#12053,#12054,#12055,#12078));
#12053 = ORIENTED_EDGE('',*,*,#4990,.T.);
#12054 = ORIENTED_EDGE('',*,*,#12030,.T.);
#12055 = ORIENTED_EDGE('',*,*,#12056,.T.);
#12056 = EDGE_CURVE('',#12003,#12057,#12059,.T.);
#12057 = VERTEX_POINT('',#12058);
#12058 = CARTESIAN_POINT('',(3.85,20.142744140625,5.118994140625));
#12059 = SURFACE_CURVE('',#12060,(#12064,#12071),.PCURVE_S1.);
#12060 = B_SPLINE_CURVE_WITH_KNOTS('',2,(#12061,#12062,#12063),
  .UNSPECIFIED.,.F.,.F.,(3,3),(0.,1.),.PIECEWISE_BEZIER_KNOTS.);
#12061 = CARTESIAN_POINT('',(3.85,20.438056640625,6.345361328125));
#12062 = CARTESIAN_POINT('',(3.85,20.438056640625,5.492236328125));
#12063 = CARTESIAN_POINT('',(3.85,20.142744140625,5.118994140625));
#12064 = PCURVE('',#5022,#12065);
#12065 = DEFINITIONAL_REPRESENTATION('',(#12066),#12070);
#12066 = LINE('',#12067,#12068);
#12067 = CARTESIAN_POINT('',(0.,-0.6));
#12068 = VECTOR('',#12069,1.);
#12069 = DIRECTION('',(1.,0.));
#12070 = ( GEOMETRIC_REPRESENTATION_CONTEXT(2) 
PARAMETRIC_REPRESENTATION_CONTEXT() REPRESENTATION_CONTEXT('2D SPACE',''
  ) );
#12071 = PCURVE('',#12018,#12072);
#12072 = DEFINITIONAL_REPRESENTATION('',(#12073),#12077);
#12073 = B_SPLINE_CURVE_WITH_KNOTS('',2,(#12074,#12075,#12076),
  .UNSPECIFIED.,.F.,.F.,(3,3),(0.,1.),.PIECEWISE_BEZIER_KNOTS.);
#12074 = CARTESIAN_POINT('',(2.1287109375,1.48271484375));
#12075 = CARTESIAN_POINT('',(2.1287109375,0.62958984375));
#12076 = CARTESIAN_POINT('',(1.8333984375,0.25634765625));
#12077 = ( GEOMETRIC_REPRESENTATION_CONTEXT(2) 
PARAMETRIC_REPRESENTATION_CONTEXT() REPRESENTATION_CONTEXT('2D SPACE',''
  ) );
#12078 = ORIENTED_EDGE('',*,*,#12079,.F.);
#12079 = EDGE_CURVE('',#4934,#12057,#12080,.T.);
#12080 = SURFACE_CURVE('',#12081,(#12085,#12092),.PCURVE_S1.);
#12081 = LINE('',#12082,#12083);
#12082 = CARTESIAN_POINT('',(3.25,20.142744140625,5.118994140625));
#12083 = VECTOR('',#12084,1.);
#12084 = DIRECTION('',(1.,0.,0.));
#12085 = PCURVE('',#5022,#12086);
#12086 = DEFINITIONAL_REPRESENTATION('',(#12087),#12091);
#12087 = LINE('',#12088,#12089);
#12088 = CARTESIAN_POINT('',(1.,0.));
#12089 = VECTOR('',#12090,1.);
#12090 = DIRECTION('',(0.,-1.));
#12091 = ( GEOMETRIC_REPRESENTATION_CONTEXT(2) 
PARAMETRIC_REPRESENTATION_CONTEXT() REPRESENTATION_CONTEXT('2D SPACE',''
  ) );
#12092 = PCURVE('',#4967,#12093);
#12093 = DEFINITIONAL_REPRESENTATION('',(#12094),#12098);
#12094 = LINE('',#12095,#12096);
#12095 = CARTESIAN_POINT('',(0.,0.));
#12096 = VECTOR('',#12097,1.);
#12097 = DIRECTION('',(0.,-1.));
#12098 = ( GEOMETRIC_REPRESENTATION_CONTEXT(2) 
PARAMETRIC_REPRESENTATION_CONTEXT() REPRESENTATION_CONTEXT('2D SPACE',''
  ) );
#12099 = ADVANCED_FACE('',(#12100),#4967,.T.);
#12100 = FACE_BOUND('',#12101,.T.);
#12101 = EDGE_LOOP('',(#12102,#12103,#12104,#12127));
#12102 = ORIENTED_EDGE('',*,*,#4933,.T.);
#12103 = ORIENTED_EDGE('',*,*,#12079,.T.);
#12104 = ORIENTED_EDGE('',*,*,#12105,.T.);
#12105 = EDGE_CURVE('',#12057,#12106,#12108,.T.);
#12106 = VERTEX_POINT('',#12107);
#12107 = CARTESIAN_POINT('',(3.85,19.461884765625,4.811376953125));
#12108 = SURFACE_CURVE('',#12109,(#12113,#12120),.PCURVE_S1.);
#12109 = B_SPLINE_CURVE_WITH_KNOTS('',2,(#12110,#12111,#12112),
  .UNSPECIFIED.,.F.,.F.,(3,3),(0.,1.),.PIECEWISE_BEZIER_KNOTS.);
#12110 = CARTESIAN_POINT('',(3.85,20.142744140625,5.118994140625));
#12111 = CARTESIAN_POINT('',(3.85,19.898701171875,4.811376953125));
#12112 = CARTESIAN_POINT('',(3.85,19.461884765625,4.811376953125));
#12113 = PCURVE('',#4967,#12114);
#12114 = DEFINITIONAL_REPRESENTATION('',(#12115),#12119);
#12115 = LINE('',#12116,#12117);
#12116 = CARTESIAN_POINT('',(0.,-0.6));
#12117 = VECTOR('',#12118,1.);
#12118 = DIRECTION('',(1.,0.));
#12119 = ( GEOMETRIC_REPRESENTATION_CONTEXT(2) 
PARAMETRIC_REPRESENTATION_CONTEXT() REPRESENTATION_CONTEXT('2D SPACE',''
  ) );
#12120 = PCURVE('',#12018,#12121);
#12121 = DEFINITIONAL_REPRESENTATION('',(#12122),#12126);
#12122 = B_SPLINE_CURVE_WITH_KNOTS('',2,(#12123,#12124,#12125),
  .UNSPECIFIED.,.F.,.F.,(3,3),(0.,1.),.PIECEWISE_BEZIER_KNOTS.);
#12123 = CARTESIAN_POINT('',(1.8333984375,0.25634765625));
#12124 = CARTESIAN_POINT('',(1.58935546875,-5.126953125E-02));
#12125 = CARTESIAN_POINT('',(1.1525390625,-5.126953125E-02));
#12126 = ( GEOMETRIC_REPRESENTATION_CONTEXT(2) 
PARAMETRIC_REPRESENTATION_CONTEXT() REPRESENTATION_CONTEXT('2D SPACE',''
  ) );
#12127 = ORIENTED_EDGE('',*,*,#12128,.F.);
#12128 = EDGE_CURVE('',#4883,#12106,#12129,.T.);
#12129 = SURFACE_CURVE('',#12130,(#12134,#12141),.PCURVE_S1.);
#12130 = LINE('',#12131,#12132);
#12131 = CARTESIAN_POINT('',(3.25,19.461884765625,4.811376953125));
#12132 = VECTOR('',#12133,1.);
#12133 = DIRECTION('',(1.,0.,0.));
#12134 = PCURVE('',#4967,#12135);
#12135 = DEFINITIONAL_REPRESENTATION('',(#12136),#12140);
#12136 = LINE('',#12137,#12138);
#12137 = CARTESIAN_POINT('',(1.,0.));
#12138 = VECTOR('',#12139,1.);
#12139 = DIRECTION('',(0.,-1.));
#12140 = ( GEOMETRIC_REPRESENTATION_CONTEXT(2) 
PARAMETRIC_REPRESENTATION_CONTEXT() REPRESENTATION_CONTEXT('2D SPACE',''
  ) );
#12141 = PCURVE('',#4912,#12142);
#12142 = DEFINITIONAL_REPRESENTATION('',(#12143),#12147);
#12143 = LINE('',#12144,#12145);
#12144 = CARTESIAN_POINT('',(0.,0.));
#12145 = VECTOR('',#12146,1.);
#12146 = DIRECTION('',(0.,-1.));
#12147 = ( GEOMETRIC_REPRESENTATION_CONTEXT(2) 
PARAMETRIC_REPRESENTATION_CONTEXT() REPRESENTATION_CONTEXT('2D SPACE',''
  ) );
#12148 = ADVANCED_FACE('',(#12149),#4912,.T.);
#12149 = FACE_BOUND('',#12150,.T.);
#12150 = EDGE_LOOP('',(#12151,#12152,#12153,#12176));
#12151 = ORIENTED_EDGE('',*,*,#4882,.T.);
#12152 = ORIENTED_EDGE('',*,*,#12128,.T.);
#12153 = ORIENTED_EDGE('',*,*,#12154,.T.);
#12154 = EDGE_CURVE('',#12106,#12155,#12157,.T.);
#12155 = VERTEX_POINT('',#12156);
#12156 = CARTESIAN_POINT('',(3.85,18.754365234375,5.14873046875));
#12157 = SURFACE_CURVE('',#12158,(#12162,#12169),.PCURVE_S1.);
#12158 = B_SPLINE_CURVE_WITH_KNOTS('',2,(#12159,#12160,#12161),
  .UNSPECIFIED.,.F.,.F.,(3,3),(0.,1.),.PIECEWISE_BEZIER_KNOTS.);
#12159 = CARTESIAN_POINT('',(3.85,19.461884765625,4.811376953125));
#12160 = CARTESIAN_POINT('',(3.85,19.023017578125,4.811376953125));
#12161 = CARTESIAN_POINT('',(3.85,18.754365234375,5.14873046875));
#12162 = PCURVE('',#4912,#12163);
#12163 = DEFINITIONAL_REPRESENTATION('',(#12164),#12168);
#12164 = LINE('',#12165,#12166);
#12165 = CARTESIAN_POINT('',(0.,-0.6));
#12166 = VECTOR('',#12167,1.);
#12167 = DIRECTION('',(1.,0.));
#12168 = ( GEOMETRIC_REPRESENTATION_CONTEXT(2) 
PARAMETRIC_REPRESENTATION_CONTEXT() REPRESENTATION_CONTEXT('2D SPACE',''
  ) );
#12169 = PCURVE('',#12018,#12170);
#12170 = DEFINITIONAL_REPRESENTATION('',(#12171),#12175);
#12171 = B_SPLINE_CURVE_WITH_KNOTS('',2,(#12172,#12173,#12174),
  .UNSPECIFIED.,.F.,.F.,(3,3),(0.,1.),.PIECEWISE_BEZIER_KNOTS.);
#12172 = CARTESIAN_POINT('',(1.1525390625,-5.126953125E-02));
#12173 = CARTESIAN_POINT('',(0.713671875,-5.126953125E-02));
#12174 = CARTESIAN_POINT('',(0.44501953125,0.286083984375));
#12175 = ( GEOMETRIC_REPRESENTATION_CONTEXT(2) 
PARAMETRIC_REPRESENTATION_CONTEXT() REPRESENTATION_CONTEXT('2D SPACE',''
  ) );
#12176 = ORIENTED_EDGE('',*,*,#12177,.F.);
#12177 = EDGE_CURVE('',#4820,#12155,#12178,.T.);
#12178 = SURFACE_CURVE('',#12179,(#12183,#12190),.PCURVE_S1.);
#12179 = LINE('',#12180,#12181);
#12180 = CARTESIAN_POINT('',(3.25,18.754365234375,5.14873046875));
#12181 = VECTOR('',#12182,1.);
#12182 = DIRECTION('',(1.,0.,0.));
#12183 = PCURVE('',#4912,#12184);
#12184 = DEFINITIONAL_REPRESENTATION('',(#12185),#12189);
#12185 = LINE('',#12186,#12187);
#12186 = CARTESIAN_POINT('',(1.,0.));
#12187 = VECTOR('',#12188,1.);
#12188 = DIRECTION('',(0.,-1.));
#12189 = ( GEOMETRIC_REPRESENTATION_CONTEXT(2) 
PARAMETRIC_REPRESENTATION_CONTEXT() REPRESENTATION_CONTEXT('2D SPACE',''
  ) );
#12190 = PCURVE('',#4857,#12191);
#12191 = DEFINITIONAL_REPRESENTATION('',(#12192),#12196);
#12192 = LINE('',#12193,#12194);
#12193 = CARTESIAN_POINT('',(0.,0.));
#12194 = VECTOR('',#12195,1.);
#12195 = DIRECTION('',(0.,-1.));
#12196 = ( GEOMETRIC_REPRESENTATION_CONTEXT(2) 
PARAMETRIC_REPRESENTATION_CONTEXT() REPRESENTATION_CONTEXT('2D SPACE',''
  ) );
#12197 = ADVANCED_FACE('',(#12198),#4857,.T.);
#12198 = FACE_BOUND('',#12199,.T.);
#12199 = EDGE_LOOP('',(#12200,#12201,#12202,#12225));
#12200 = ORIENTED_EDGE('',*,*,#4819,.T.);
#12201 = ORIENTED_EDGE('',*,*,#12177,.T.);
#12202 = ORIENTED_EDGE('',*,*,#12203,.T.);
#12203 = EDGE_CURVE('',#12155,#12204,#12206,.T.);
#12204 = VERTEX_POINT('',#12205);
#12205 = CARTESIAN_POINT('',(3.85,18.485712890625,6.351513671875));
#12206 = SURFACE_CURVE('',#12207,(#12211,#12218),.PCURVE_S1.);
#12207 = B_SPLINE_CURVE_WITH_KNOTS('',2,(#12208,#12209,#12210),
  .UNSPECIFIED.,.F.,.F.,(3,3),(0.,1.),.PIECEWISE_BEZIER_KNOTS.);
#12208 = CARTESIAN_POINT('',(3.85,18.754365234375,5.14873046875));
#12209 = CARTESIAN_POINT('',(3.85,18.485712890625,5.486083984375));
#12210 = CARTESIAN_POINT('',(3.85,18.485712890625,6.351513671875));
#12211 = PCURVE('',#4857,#12212);
#12212 = DEFINITIONAL_REPRESENTATION('',(#12213),#12217);
#12213 = LINE('',#12214,#12215);
#12214 = CARTESIAN_POINT('',(0.,-0.6));
#12215 = VECTOR('',#12216,1.);
#12216 = DIRECTION('',(1.,0.));
#12217 = ( GEOMETRIC_REPRESENTATION_CONTEXT(2) 
PARAMETRIC_REPRESENTATION_CONTEXT() REPRESENTATION_CONTEXT('2D SPACE',''
  ) );
#12218 = PCURVE('',#12018,#12219);
#12219 = DEFINITIONAL_REPRESENTATION('',(#12220),#12224);
#12220 = B_SPLINE_CURVE_WITH_KNOTS('',2,(#12221,#12222,#12223),
  .UNSPECIFIED.,.F.,.F.,(3,3),(0.,1.),.PIECEWISE_BEZIER_KNOTS.);
#12221 = CARTESIAN_POINT('',(0.44501953125,0.286083984375));
#12222 = CARTESIAN_POINT('',(0.1763671875,0.6234375));
#12223 = CARTESIAN_POINT('',(0.1763671875,1.4888671875));
#12224 = ( GEOMETRIC_REPRESENTATION_CONTEXT(2) 
PARAMETRIC_REPRESENTATION_CONTEXT() REPRESENTATION_CONTEXT('2D SPACE',''
  ) );
#12225 = ORIENTED_EDGE('',*,*,#12226,.F.);
#12226 = EDGE_CURVE('',#4763,#12204,#12227,.T.);
#12227 = SURFACE_CURVE('',#12228,(#12232,#12239),.PCURVE_S1.);
#12228 = LINE('',#12229,#12230);
#12229 = CARTESIAN_POINT('',(3.25,18.485712890625,6.351513671875));
#12230 = VECTOR('',#12231,1.);
#12231 = DIRECTION('',(1.,0.,0.));
#12232 = PCURVE('',#4857,#12233);
#12233 = DEFINITIONAL_REPRESENTATION('',(#12234),#12238);
#12234 = LINE('',#12235,#12236);
#12235 = CARTESIAN_POINT('',(1.,0.));
#12236 = VECTOR('',#12237,1.);
#12237 = DIRECTION('',(0.,-1.));
#12238 = ( GEOMETRIC_REPRESENTATION_CONTEXT(2) 
PARAMETRIC_REPRESENTATION_CONTEXT() REPRESENTATION_CONTEXT('2D SPACE',''
  ) );
#12239 = PCURVE('',#4796,#12240);
#12240 = DEFINITIONAL_REPRESENTATION('',(#12241),#12245);
#12241 = LINE('',#12242,#12243);
#12242 = CARTESIAN_POINT('',(0.,0.));
#12243 = VECTOR('',#12244,1.);
#12244 = DIRECTION('',(0.,-1.));
#12245 = ( GEOMETRIC_REPRESENTATION_CONTEXT(2) 
PARAMETRIC_REPRESENTATION_CONTEXT() REPRESENTATION_CONTEXT('2D SPACE',''
  ) );
#12246 = ADVANCED_FACE('',(#12247),#4796,.T.);
#12247 = FACE_BOUND('',#12248,.T.);
#12248 = EDGE_LOOP('',(#12249,#12250,#12251,#12274));
#12249 = ORIENTED_EDGE('',*,*,#4762,.T.);
#12250 = ORIENTED_EDGE('',*,*,#12226,.T.);
#12251 = ORIENTED_EDGE('',*,*,#12252,.T.);
#12252 = EDGE_CURVE('',#12204,#12253,#12255,.T.);
#12253 = VERTEX_POINT('',#12254);
#12254 = CARTESIAN_POINT('',(3.85,18.781025390625,7.573779296875));
#12255 = SURFACE_CURVE('',#12256,(#12260,#12267),.PCURVE_S1.);
#12256 = B_SPLINE_CURVE_WITH_KNOTS('',2,(#12257,#12258,#12259),
  .UNSPECIFIED.,.F.,.F.,(3,3),(0.,1.),.PIECEWISE_BEZIER_KNOTS.);
#12257 = CARTESIAN_POINT('',(3.85,18.485712890625,6.351513671875));
#12258 = CARTESIAN_POINT('',(3.85,18.485712890625,7.200537109375));
#12259 = CARTESIAN_POINT('',(3.85,18.781025390625,7.573779296875));
#12260 = PCURVE('',#4796,#12261);
#12261 = DEFINITIONAL_REPRESENTATION('',(#12262),#12266);
#12262 = LINE('',#12263,#12264);
#12263 = CARTESIAN_POINT('',(0.,-0.6));
#12264 = VECTOR('',#12265,1.);
#12265 = DIRECTION('',(1.,0.));
#12266 = ( GEOMETRIC_REPRESENTATION_CONTEXT(2) 
PARAMETRIC_REPRESENTATION_CONTEXT() REPRESENTATION_CONTEXT('2D SPACE',''
  ) );
#12267 = PCURVE('',#12018,#12268);
#12268 = DEFINITIONAL_REPRESENTATION('',(#12269),#12273);
#12269 = B_SPLINE_CURVE_WITH_KNOTS('',2,(#12270,#12271,#12272),
  .UNSPECIFIED.,.F.,.F.,(3,3),(0.,1.),.PIECEWISE_BEZIER_KNOTS.);
#12270 = CARTESIAN_POINT('',(0.1763671875,1.4888671875));
#12271 = CARTESIAN_POINT('',(0.1763671875,2.337890625));
#12272 = CARTESIAN_POINT('',(0.4716796875,2.7111328125));
#12273 = ( GEOMETRIC_REPRESENTATION_CONTEXT(2) 
PARAMETRIC_REPRESENTATION_CONTEXT() REPRESENTATION_CONTEXT('2D SPACE',''
  ) );
#12274 = ORIENTED_EDGE('',*,*,#12275,.F.);
#12275 = EDGE_CURVE('',#4706,#12253,#12276,.T.);
#12276 = SURFACE_CURVE('',#12277,(#12281,#12288),.PCURVE_S1.);
#12277 = LINE('',#12278,#12279);
#12278 = CARTESIAN_POINT('',(3.25,18.781025390625,7.573779296875));
#12279 = VECTOR('',#12280,1.);
#12280 = DIRECTION('',(1.,0.,0.));
#12281 = PCURVE('',#4796,#12282);
#12282 = DEFINITIONAL_REPRESENTATION('',(#12283),#12287);
#12283 = LINE('',#12284,#12285);
#12284 = CARTESIAN_POINT('',(1.,0.));
#12285 = VECTOR('',#12286,1.);
#12286 = DIRECTION('',(0.,-1.));
#12287 = ( GEOMETRIC_REPRESENTATION_CONTEXT(2) 
PARAMETRIC_REPRESENTATION_CONTEXT() REPRESENTATION_CONTEXT('2D SPACE',''
  ) );
#12288 = PCURVE('',#4739,#12289);
#12289 = DEFINITIONAL_REPRESENTATION('',(#12290),#12294);
#12290 = LINE('',#12291,#12292);
#12291 = CARTESIAN_POINT('',(0.,0.));
#12292 = VECTOR('',#12293,1.);
#12293 = DIRECTION('',(0.,-1.));
#12294 = ( GEOMETRIC_REPRESENTATION_CONTEXT(2) 
PARAMETRIC_REPRESENTATION_CONTEXT() REPRESENTATION_CONTEXT('2D SPACE',''
  ) );
#12295 = ADVANCED_FACE('',(#12296),#4739,.T.);
#12296 = FACE_BOUND('',#12297,.T.);
#12297 = EDGE_LOOP('',(#12298,#12299,#12300,#12323));
#12298 = ORIENTED_EDGE('',*,*,#4705,.T.);
#12299 = ORIENTED_EDGE('',*,*,#12275,.T.);
#12300 = ORIENTED_EDGE('',*,*,#12301,.T.);
#12301 = EDGE_CURVE('',#12253,#12302,#12304,.T.);
#12302 = VERTEX_POINT('',#12303);
#12303 = CARTESIAN_POINT('',(3.85,19.461884765625,7.881396484375));
#12304 = SURFACE_CURVE('',#12305,(#12309,#12316),.PCURVE_S1.);
#12305 = B_SPLINE_CURVE_WITH_KNOTS('',2,(#12306,#12307,#12308),
  .UNSPECIFIED.,.F.,.F.,(3,3),(0.,1.),.PIECEWISE_BEZIER_KNOTS.);
#12306 = CARTESIAN_POINT('',(3.85,18.781025390625,7.573779296875));
#12307 = CARTESIAN_POINT('',(3.85,19.025068359375,7.881396484375));
#12308 = CARTESIAN_POINT('',(3.85,19.461884765625,7.881396484375));
#12309 = PCURVE('',#4739,#12310);
#12310 = DEFINITIONAL_REPRESENTATION('',(#12311),#12315);
#12311 = LINE('',#12312,#12313);
#12312 = CARTESIAN_POINT('',(0.,-0.6));
#12313 = VECTOR('',#12314,1.);
#12314 = DIRECTION('',(1.,0.));
#12315 = ( GEOMETRIC_REPRESENTATION_CONTEXT(2) 
PARAMETRIC_REPRESENTATION_CONTEXT() REPRESENTATION_CONTEXT('2D SPACE',''
  ) );
#12316 = PCURVE('',#12018,#12317);
#12317 = DEFINITIONAL_REPRESENTATION('',(#12318),#12322);
#12318 = B_SPLINE_CURVE_WITH_KNOTS('',2,(#12319,#12320,#12321),
  .UNSPECIFIED.,.F.,.F.,(3,3),(0.,1.),.PIECEWISE_BEZIER_KNOTS.);
#12319 = CARTESIAN_POINT('',(0.4716796875,2.7111328125));
#12320 = CARTESIAN_POINT('',(0.71572265625,3.01875));
#12321 = CARTESIAN_POINT('',(1.1525390625,3.01875));
#12322 = ( GEOMETRIC_REPRESENTATION_CONTEXT(2) 
PARAMETRIC_REPRESENTATION_CONTEXT() REPRESENTATION_CONTEXT('2D SPACE',''
  ) );
#12323 = ORIENTED_EDGE('',*,*,#12324,.F.);
#12324 = EDGE_CURVE('',#4649,#12302,#12325,.T.);
#12325 = SURFACE_CURVE('',#12326,(#12330,#12337),.PCURVE_S1.);
#12326 = LINE('',#12327,#12328);
#12327 = CARTESIAN_POINT('',(3.25,19.461884765625,7.881396484375));
#12328 = VECTOR('',#12329,1.);
#12329 = DIRECTION('',(1.,0.,0.));
#12330 = PCURVE('',#4739,#12331);
#12331 = DEFINITIONAL_REPRESENTATION('',(#12332),#12336);
#12332 = LINE('',#12333,#12334);
#12333 = CARTESIAN_POINT('',(1.,0.));
#12334 = VECTOR('',#12335,1.);
#12335 = DIRECTION('',(0.,-1.));
#12336 = ( GEOMETRIC_REPRESENTATION_CONTEXT(2) 
PARAMETRIC_REPRESENTATION_CONTEXT() REPRESENTATION_CONTEXT('2D SPACE',''
  ) );
#12337 = PCURVE('',#4682,#12338);
#12338 = DEFINITIONAL_REPRESENTATION('',(#12339),#12343);
#12339 = LINE('',#12340,#12341);
#12340 = CARTESIAN_POINT('',(0.,0.));
#12341 = VECTOR('',#12342,1.);
#12342 = DIRECTION('',(0.,-1.));
#12343 = ( GEOMETRIC_REPRESENTATION_CONTEXT(2) 
PARAMETRIC_REPRESENTATION_CONTEXT() REPRESENTATION_CONTEXT('2D SPACE',''
  ) );
#12344 = ADVANCED_FACE('',(#12345),#4682,.T.);
#12345 = FACE_BOUND('',#12346,.T.);
#12346 = EDGE_LOOP('',(#12347,#12348,#12349,#12370));
#12347 = ORIENTED_EDGE('',*,*,#4648,.T.);
#12348 = ORIENTED_EDGE('',*,*,#12324,.T.);
#12349 = ORIENTED_EDGE('',*,*,#12350,.T.);
#12350 = EDGE_CURVE('',#12302,#11980,#12351,.T.);
#12351 = SURFACE_CURVE('',#12352,(#12356,#12363),.PCURVE_S1.);
#12352 = B_SPLINE_CURVE_WITH_KNOTS('',2,(#12353,#12354,#12355),
  .UNSPECIFIED.,.F.,.F.,(3,3),(0.,1.),.PIECEWISE_BEZIER_KNOTS.);
#12353 = CARTESIAN_POINT('',(3.85,19.461884765625,7.881396484375));
#12354 = CARTESIAN_POINT('',(3.85,19.898701171875,7.881396484375));
#12355 = CARTESIAN_POINT('',(3.85,20.144794921875,7.569677734375));
#12356 = PCURVE('',#4682,#12357);
#12357 = DEFINITIONAL_REPRESENTATION('',(#12358),#12362);
#12358 = LINE('',#12359,#12360);
#12359 = CARTESIAN_POINT('',(0.,-0.6));
#12360 = VECTOR('',#12361,1.);
#12361 = DIRECTION('',(1.,0.));
#12362 = ( GEOMETRIC_REPRESENTATION_CONTEXT(2) 
PARAMETRIC_REPRESENTATION_CONTEXT() REPRESENTATION_CONTEXT('2D SPACE',''
  ) );
#12363 = PCURVE('',#12018,#12364);
#12364 = DEFINITIONAL_REPRESENTATION('',(#12365),#12369);
#12365 = B_SPLINE_CURVE_WITH_KNOTS('',2,(#12366,#12367,#12368),
  .UNSPECIFIED.,.F.,.F.,(3,3),(0.,1.),.PIECEWISE_BEZIER_KNOTS.);
#12366 = CARTESIAN_POINT('',(1.1525390625,3.01875));
#12367 = CARTESIAN_POINT('',(1.58935546875,3.01875));
#12368 = CARTESIAN_POINT('',(1.83544921875,2.70703125));
#12369 = ( GEOMETRIC_REPRESENTATION_CONTEXT(2) 
PARAMETRIC_REPRESENTATION_CONTEXT() REPRESENTATION_CONTEXT('2D SPACE',''
  ) );
#12370 = ORIENTED_EDGE('',*,*,#11979,.F.);
#12371 = ADVANCED_FACE('',(#12372),#5064,.T.);
#12372 = FACE_BOUND('',#12373,.T.);
#12373 = EDGE_LOOP('',(#12374,#12375,#12398,#12426));
#12374 = ORIENTED_EDGE('',*,*,#5047,.F.);
#12375 = ORIENTED_EDGE('',*,*,#12376,.T.);
#12376 = EDGE_CURVE('',#5048,#12377,#12379,.T.);
#12377 = VERTEX_POINT('',#12378);
#12378 = CARTESIAN_POINT('',(3.85,22.298115234375,7.881396484375));
#12379 = SURFACE_CURVE('',#12380,(#12384,#12391),.PCURVE_S1.);
#12380 = LINE('',#12381,#12382);
#12381 = CARTESIAN_POINT('',(3.25,22.298115234375,7.881396484375));
#12382 = VECTOR('',#12383,1.);
#12383 = DIRECTION('',(1.,0.,0.));
#12384 = PCURVE('',#5064,#12385);
#12385 = DEFINITIONAL_REPRESENTATION('',(#12386),#12390);
#12386 = LINE('',#12387,#12388);
#12387 = CARTESIAN_POINT('',(0.,0.));
#12388 = VECTOR('',#12389,1.);
#12389 = DIRECTION('',(0.,-1.));
#12390 = ( GEOMETRIC_REPRESENTATION_CONTEXT(2) 
PARAMETRIC_REPRESENTATION_CONTEXT() REPRESENTATION_CONTEXT('2D SPACE',''
  ) );
#12391 = PCURVE('',#5090,#12392);
#12392 = DEFINITIONAL_REPRESENTATION('',(#12393),#12397);
#12393 = LINE('',#12394,#12395);
#12394 = CARTESIAN_POINT('',(0.467578125,0.));
#12395 = VECTOR('',#12396,1.);
#12396 = DIRECTION('',(0.,-1.));
#12397 = ( GEOMETRIC_REPRESENTATION_CONTEXT(2) 
PARAMETRIC_REPRESENTATION_CONTEXT() REPRESENTATION_CONTEXT('2D SPACE',''
  ) );
#12398 = ORIENTED_EDGE('',*,*,#12399,.T.);
#12399 = EDGE_CURVE('',#12377,#12400,#12402,.T.);
#12400 = VERTEX_POINT('',#12401);
#12401 = CARTESIAN_POINT('',(3.85,22.298115234375,4.862646484375));
#12402 = SURFACE_CURVE('',#12403,(#12407,#12414),.PCURVE_S1.);
#12403 = LINE('',#12404,#12405);
#12404 = CARTESIAN_POINT('',(3.85,22.298115234375,7.881396484375));
#12405 = VECTOR('',#12406,1.);
#12406 = DIRECTION('',(0.,0.,-1.));
#12407 = PCURVE('',#5064,#12408);
#12408 = DEFINITIONAL_REPRESENTATION('',(#12409),#12413);
#12409 = LINE('',#12410,#12411);
#12410 = CARTESIAN_POINT('',(0.,-0.6));
#12411 = VECTOR('',#12412,1.);
#12412 = DIRECTION('',(1.,0.));
#12413 = ( GEOMETRIC_REPRESENTATION_CONTEXT(2) 
PARAMETRIC_REPRESENTATION_CONTEXT() REPRESENTATION_CONTEXT('2D SPACE',''
  ) );
#12414 = PCURVE('',#12415,#12420);
#12415 = PLANE('',#12416);
#12416 = AXIS2_PLACEMENT_3D('',#12417,#12418,#12419);
#12417 = CARTESIAN_POINT('',(3.85,20.645185546875,4.862646484375));
#12418 = DIRECTION('',(1.,0.,0.));
#12419 = DIRECTION('',(0.,1.,0.));
#12420 = DEFINITIONAL_REPRESENTATION('',(#12421),#12425);
#12421 = LINE('',#12422,#12423);
#12422 = CARTESIAN_POINT('',(1.6529296875,3.01875));
#12423 = VECTOR('',#12424,1.);
#12424 = DIRECTION('',(0.,-1.));
#12425 = ( GEOMETRIC_REPRESENTATION_CONTEXT(2) 
PARAMETRIC_REPRESENTATION_CONTEXT() REPRESENTATION_CONTEXT('2D SPACE',''
  ) );
#12426 = ORIENTED_EDGE('',*,*,#12427,.F.);
#12427 = EDGE_CURVE('',#5050,#12400,#12428,.T.);
#12428 = SURFACE_CURVE('',#12429,(#12433,#12440),.PCURVE_S1.);
#12429 = LINE('',#12430,#12431);
#12430 = CARTESIAN_POINT('',(3.25,22.298115234375,4.862646484375));
#12431 = VECTOR('',#12432,1.);
#12432 = DIRECTION('',(1.,0.,0.));
#12433 = PCURVE('',#5064,#12434);
#12434 = DEFINITIONAL_REPRESENTATION('',(#12435),#12439);
#12435 = LINE('',#12436,#12437);
#12436 = CARTESIAN_POINT('',(3.01875,0.));
#12437 = VECTOR('',#12438,1.);
#12438 = DIRECTION('',(0.,-1.));
#12439 = ( GEOMETRIC_REPRESENTATION_CONTEXT(2) 
PARAMETRIC_REPRESENTATION_CONTEXT() REPRESENTATION_CONTEXT('2D SPACE',''
  ) );
#12440 = PCURVE('',#5310,#12441);
#12441 = DEFINITIONAL_REPRESENTATION('',(#12442),#12446);
#12442 = LINE('',#12443,#12444);
#12443 = CARTESIAN_POINT('',(0.,-0.));
#12444 = VECTOR('',#12445,1.);
#12445 = DIRECTION('',(0.,-1.));
#12446 = ( GEOMETRIC_REPRESENTATION_CONTEXT(2) 
PARAMETRIC_REPRESENTATION_CONTEXT() REPRESENTATION_CONTEXT('2D SPACE',''
  ) );
#12447 = ADVANCED_FACE('',(#12448),#5310,.T.);
#12448 = FACE_BOUND('',#12449,.T.);
#12449 = EDGE_LOOP('',(#12450,#12451,#12452,#12475));
#12450 = ORIENTED_EDGE('',*,*,#5297,.F.);
#12451 = ORIENTED_EDGE('',*,*,#12427,.T.);
#12452 = ORIENTED_EDGE('',*,*,#12453,.T.);
#12453 = EDGE_CURVE('',#12400,#12454,#12456,.T.);
#12454 = VERTEX_POINT('',#12455);
#12455 = CARTESIAN_POINT('',(3.85,21.721845703125,4.862646484375));
#12456 = SURFACE_CURVE('',#12457,(#12461,#12468),.PCURVE_S1.);
#12457 = LINE('',#12458,#12459);
#12458 = CARTESIAN_POINT('',(3.85,22.298115234375,4.862646484375));
#12459 = VECTOR('',#12460,1.);
#12460 = DIRECTION('',(0.,-1.,0.));
#12461 = PCURVE('',#5310,#12462);
#12462 = DEFINITIONAL_REPRESENTATION('',(#12463),#12467);
#12463 = LINE('',#12464,#12465);
#12464 = CARTESIAN_POINT('',(0.,-0.6));
#12465 = VECTOR('',#12466,1.);
#12466 = DIRECTION('',(1.,0.));
#12467 = ( GEOMETRIC_REPRESENTATION_CONTEXT(2) 
PARAMETRIC_REPRESENTATION_CONTEXT() REPRESENTATION_CONTEXT('2D SPACE',''
  ) );
#12468 = PCURVE('',#12415,#12469);
#12469 = DEFINITIONAL_REPRESENTATION('',(#12470),#12474);
#12470 = LINE('',#12471,#12472);
#12471 = CARTESIAN_POINT('',(1.6529296875,0.));
#12472 = VECTOR('',#12473,1.);
#12473 = DIRECTION('',(-1.,0.));
#12474 = ( GEOMETRIC_REPRESENTATION_CONTEXT(2) 
PARAMETRIC_REPRESENTATION_CONTEXT() REPRESENTATION_CONTEXT('2D SPACE',''
  ) );
#12475 = ORIENTED_EDGE('',*,*,#12476,.F.);
#12476 = EDGE_CURVE('',#5272,#12454,#12477,.T.);
#12477 = SURFACE_CURVE('',#12478,(#12482,#12489),.PCURVE_S1.);
#12478 = LINE('',#12479,#12480);
#12479 = CARTESIAN_POINT('',(3.25,21.721845703125,4.862646484375));
#12480 = VECTOR('',#12481,1.);
#12481 = DIRECTION('',(1.,0.,0.));
#12482 = PCURVE('',#5310,#12483);
#12483 = DEFINITIONAL_REPRESENTATION('',(#12484),#12488);
#12484 = LINE('',#12485,#12486);
#12485 = CARTESIAN_POINT('',(0.57626953125,0.));
#12486 = VECTOR('',#12487,1.);
#12487 = DIRECTION('',(0.,-1.));
#12488 = ( GEOMETRIC_REPRESENTATION_CONTEXT(2) 
PARAMETRIC_REPRESENTATION_CONTEXT() REPRESENTATION_CONTEXT('2D SPACE',''
  ) );
#12489 = PCURVE('',#5286,#12490);
#12490 = DEFINITIONAL_REPRESENTATION('',(#12491),#12495);
#12491 = LINE('',#12492,#12493);
#12492 = CARTESIAN_POINT('',(0.,0.));
#12493 = VECTOR('',#12494,1.);
#12494 = DIRECTION('',(0.,-1.));
#12495 = ( GEOMETRIC_REPRESENTATION_CONTEXT(2) 
PARAMETRIC_REPRESENTATION_CONTEXT() REPRESENTATION_CONTEXT('2D SPACE',''
  ) );
#12496 = ADVANCED_FACE('',(#12497),#5286,.T.);
#12497 = FACE_BOUND('',#12498,.T.);
#12498 = EDGE_LOOP('',(#12499,#12500,#12501,#12524));
#12499 = ORIENTED_EDGE('',*,*,#5271,.F.);
#12500 = ORIENTED_EDGE('',*,*,#12476,.T.);
#12501 = ORIENTED_EDGE('',*,*,#12502,.T.);
#12502 = EDGE_CURVE('',#12454,#12503,#12505,.T.);
#12503 = VERTEX_POINT('',#12504);
#12504 = CARTESIAN_POINT('',(3.85,21.721845703125,7.034423828125));
#12505 = SURFACE_CURVE('',#12506,(#12510,#12517),.PCURVE_S1.);
#12506 = LINE('',#12507,#12508);
#12507 = CARTESIAN_POINT('',(3.85,21.721845703125,4.862646484375));
#12508 = VECTOR('',#12509,1.);
#12509 = DIRECTION('',(0.,0.,1.));
#12510 = PCURVE('',#5286,#12511);
#12511 = DEFINITIONAL_REPRESENTATION('',(#12512),#12516);
#12512 = LINE('',#12513,#12514);
#12513 = CARTESIAN_POINT('',(0.,-0.6));
#12514 = VECTOR('',#12515,1.);
#12515 = DIRECTION('',(1.,0.));
#12516 = ( GEOMETRIC_REPRESENTATION_CONTEXT(2) 
PARAMETRIC_REPRESENTATION_CONTEXT() REPRESENTATION_CONTEXT('2D SPACE',''
  ) );
#12517 = PCURVE('',#12415,#12518);
#12518 = DEFINITIONAL_REPRESENTATION('',(#12519),#12523);
#12519 = LINE('',#12520,#12521);
#12520 = CARTESIAN_POINT('',(1.07666015625,0.));
#12521 = VECTOR('',#12522,1.);
#12522 = DIRECTION('',(0.,1.));
#12523 = ( GEOMETRIC_REPRESENTATION_CONTEXT(2) 
PARAMETRIC_REPRESENTATION_CONTEXT() REPRESENTATION_CONTEXT('2D SPACE',''
  ) );
#12524 = ORIENTED_EDGE('',*,*,#12525,.F.);
#12525 = EDGE_CURVE('',#5221,#12503,#12526,.T.);
#12526 = SURFACE_CURVE('',#12527,(#12531,#12538),.PCURVE_S1.);
#12527 = LINE('',#12528,#12529);
#12528 = CARTESIAN_POINT('',(3.25,21.721845703125,7.034423828125));
#12529 = VECTOR('',#12530,1.);
#12530 = DIRECTION('',(1.,0.,0.));
#12531 = PCURVE('',#5286,#12532);
#12532 = DEFINITIONAL_REPRESENTATION('',(#12533),#12537);
#12533 = LINE('',#12534,#12535);
#12534 = CARTESIAN_POINT('',(2.17177734375,0.));
#12535 = VECTOR('',#12536,1.);
#12536 = DIRECTION('',(0.,-1.));
#12537 = ( GEOMETRIC_REPRESENTATION_CONTEXT(2) 
PARAMETRIC_REPRESENTATION_CONTEXT() REPRESENTATION_CONTEXT('2D SPACE',''
  ) );
#12538 = PCURVE('',#5250,#12539);
#12539 = DEFINITIONAL_REPRESENTATION('',(#12540),#12544);
#12540 = LINE('',#12541,#12542);
#12541 = CARTESIAN_POINT('',(0.,0.));
#12542 = VECTOR('',#12543,1.);
#12543 = DIRECTION('',(0.,-1.));
#12544 = ( GEOMETRIC_REPRESENTATION_CONTEXT(2) 
PARAMETRIC_REPRESENTATION_CONTEXT() REPRESENTATION_CONTEXT('2D SPACE',''
  ) );
#12545 = ADVANCED_FACE('',(#12546),#5250,.T.);
#12546 = FACE_BOUND('',#12547,.T.);
#12547 = EDGE_LOOP('',(#12548,#12549,#12550,#12573));
#12548 = ORIENTED_EDGE('',*,*,#5220,.T.);
#12549 = ORIENTED_EDGE('',*,*,#12525,.T.);
#12550 = ORIENTED_EDGE('',*,*,#12551,.T.);
#12551 = EDGE_CURVE('',#12503,#12552,#12554,.T.);
#12552 = VERTEX_POINT('',#12553);
#12553 = CARTESIAN_POINT('',(3.85,20.977412109375,6.597607421875));
#12554 = SURFACE_CURVE('',#12555,(#12559,#12566),.PCURVE_S1.);
#12555 = B_SPLINE_CURVE_WITH_KNOTS('',2,(#12556,#12557,#12558),
  .UNSPECIFIED.,.F.,.F.,(3,3),(0.,1.),.PIECEWISE_BEZIER_KNOTS.);
#12556 = CARTESIAN_POINT('',(3.85,21.721845703125,7.034423828125));
#12557 = CARTESIAN_POINT('',(3.85,21.406025390625,6.739111328125));
#12558 = CARTESIAN_POINT('',(3.85,20.977412109375,6.597607421875));
#12559 = PCURVE('',#5250,#12560);
#12560 = DEFINITIONAL_REPRESENTATION('',(#12561),#12565);
#12561 = LINE('',#12562,#12563);
#12562 = CARTESIAN_POINT('',(0.,-0.6));
#12563 = VECTOR('',#12564,1.);
#12564 = DIRECTION('',(1.,0.));
#12565 = ( GEOMETRIC_REPRESENTATION_CONTEXT(2) 
PARAMETRIC_REPRESENTATION_CONTEXT() REPRESENTATION_CONTEXT('2D SPACE',''
  ) );
#12566 = PCURVE('',#12415,#12567);
#12567 = DEFINITIONAL_REPRESENTATION('',(#12568),#12572);
#12568 = B_SPLINE_CURVE_WITH_KNOTS('',2,(#12569,#12570,#12571),
  .UNSPECIFIED.,.F.,.F.,(3,3),(0.,1.),.PIECEWISE_BEZIER_KNOTS.);
#12569 = CARTESIAN_POINT('',(1.07666015625,2.17177734375));
#12570 = CARTESIAN_POINT('',(0.76083984375,1.87646484375));
#12571 = CARTESIAN_POINT('',(0.3322265625,1.7349609375));
#12572 = ( GEOMETRIC_REPRESENTATION_CONTEXT(2) 
PARAMETRIC_REPRESENTATION_CONTEXT() REPRESENTATION_CONTEXT('2D SPACE',''
  ) );
#12573 = ORIENTED_EDGE('',*,*,#12574,.F.);
#12574 = EDGE_CURVE('',#5195,#12552,#12575,.T.);
#12575 = SURFACE_CURVE('',#12576,(#12580,#12587),.PCURVE_S1.);
#12576 = LINE('',#12577,#12578);
#12577 = CARTESIAN_POINT('',(3.25,20.977412109375,6.597607421875));
#12578 = VECTOR('',#12579,1.);
#12579 = DIRECTION('',(1.,0.,0.));
#12580 = PCURVE('',#5250,#12581);
#12581 = DEFINITIONAL_REPRESENTATION('',(#12582),#12586);
#12582 = LINE('',#12583,#12584);
#12583 = CARTESIAN_POINT('',(1.,0.));
#12584 = VECTOR('',#12585,1.);
#12585 = DIRECTION('',(0.,-1.));
#12586 = ( GEOMETRIC_REPRESENTATION_CONTEXT(2) 
PARAMETRIC_REPRESENTATION_CONTEXT() REPRESENTATION_CONTEXT('2D SPACE',''
  ) );
#12587 = PCURVE('',#5209,#12588);
#12588 = DEFINITIONAL_REPRESENTATION('',(#12589),#12593);
#12589 = LINE('',#12590,#12591);
#12590 = CARTESIAN_POINT('',(0.,0.));
#12591 = VECTOR('',#12592,1.);
#12592 = DIRECTION('',(0.,-1.));
#12593 = ( GEOMETRIC_REPRESENTATION_CONTEXT(2) 
PARAMETRIC_REPRESENTATION_CONTEXT() REPRESENTATION_CONTEXT('2D SPACE',''
  ) );
#12594 = ADVANCED_FACE('',(#12595),#5209,.T.);
#12595 = FACE_BOUND('',#12596,.T.);
#12596 = EDGE_LOOP('',(#12597,#12598,#12599,#12622));
#12597 = ORIENTED_EDGE('',*,*,#5194,.F.);
#12598 = ORIENTED_EDGE('',*,*,#12574,.T.);
#12599 = ORIENTED_EDGE('',*,*,#12600,.T.);
#12600 = EDGE_CURVE('',#12552,#12601,#12603,.T.);
#12601 = VERTEX_POINT('',#12602);
#12602 = CARTESIAN_POINT('',(3.85,20.977412109375,7.120556640625));
#12603 = SURFACE_CURVE('',#12604,(#12608,#12615),.PCURVE_S1.);
#12604 = LINE('',#12605,#12606);
#12605 = CARTESIAN_POINT('',(3.85,20.977412109375,6.597607421875));
#12606 = VECTOR('',#12607,1.);
#12607 = DIRECTION('',(0.,0.,1.));
#12608 = PCURVE('',#5209,#12609);
#12609 = DEFINITIONAL_REPRESENTATION('',(#12610),#12614);
#12610 = LINE('',#12611,#12612);
#12611 = CARTESIAN_POINT('',(0.,-0.6));
#12612 = VECTOR('',#12613,1.);
#12613 = DIRECTION('',(1.,0.));
#12614 = ( GEOMETRIC_REPRESENTATION_CONTEXT(2) 
PARAMETRIC_REPRESENTATION_CONTEXT() REPRESENTATION_CONTEXT('2D SPACE',''
  ) );
#12615 = PCURVE('',#12415,#12616);
#12616 = DEFINITIONAL_REPRESENTATION('',(#12617),#12621);
#12617 = LINE('',#12618,#12619);
#12618 = CARTESIAN_POINT('',(0.3322265625,1.7349609375));
#12619 = VECTOR('',#12620,1.);
#12620 = DIRECTION('',(0.,1.));
#12621 = ( GEOMETRIC_REPRESENTATION_CONTEXT(2) 
PARAMETRIC_REPRESENTATION_CONTEXT() REPRESENTATION_CONTEXT('2D SPACE',''
  ) );
#12622 = ORIENTED_EDGE('',*,*,#12623,.F.);
#12623 = EDGE_CURVE('',#5153,#12601,#12624,.T.);
#12624 = SURFACE_CURVE('',#12625,(#12629,#12636),.PCURVE_S1.);
#12625 = LINE('',#12626,#12627);
#12626 = CARTESIAN_POINT('',(3.25,20.977412109375,7.120556640625));
#12627 = VECTOR('',#12628,1.);
#12628 = DIRECTION('',(1.,0.,0.));
#12629 = PCURVE('',#5209,#12630);
#12630 = DEFINITIONAL_REPRESENTATION('',(#12631),#12635);
#12631 = LINE('',#12632,#12633);
#12632 = CARTESIAN_POINT('',(0.52294921875,0.));
#12633 = VECTOR('',#12634,1.);
#12634 = DIRECTION('',(0.,-1.));
#12635 = ( GEOMETRIC_REPRESENTATION_CONTEXT(2) 
PARAMETRIC_REPRESENTATION_CONTEXT() REPRESENTATION_CONTEXT('2D SPACE',''
  ) );
#12636 = PCURVE('',#5176,#12637);
#12637 = DEFINITIONAL_REPRESENTATION('',(#12638),#12642);
#12638 = LINE('',#12639,#12640);
#12639 = CARTESIAN_POINT('',(0.,0.));
#12640 = VECTOR('',#12641,1.);
#12641 = DIRECTION('',(0.,-1.));
#12642 = ( GEOMETRIC_REPRESENTATION_CONTEXT(2) 
PARAMETRIC_REPRESENTATION_CONTEXT() REPRESENTATION_CONTEXT('2D SPACE',''
  ) );
#12643 = ADVANCED_FACE('',(#12644),#5176,.T.);
#12644 = FACE_BOUND('',#12645,.T.);
#12645 = EDGE_LOOP('',(#12646,#12647,#12648,#12671));
#12646 = ORIENTED_EDGE('',*,*,#5152,.T.);
#12647 = ORIENTED_EDGE('',*,*,#12623,.T.);
#12648 = ORIENTED_EDGE('',*,*,#12649,.T.);
#12649 = EDGE_CURVE('',#12601,#12650,#12652,.T.);
#12650 = VERTEX_POINT('',#12651);
#12651 = CARTESIAN_POINT('',(3.85,21.467548828125,7.40048828125));
#12652 = SURFACE_CURVE('',#12653,(#12657,#12664),.PCURVE_S1.);
#12653 = B_SPLINE_CURVE_WITH_KNOTS('',2,(#12654,#12655,#12656),
  .UNSPECIFIED.,.F.,.F.,(3,3),(0.,1.),.PIECEWISE_BEZIER_KNOTS.);
#12654 = CARTESIAN_POINT('',(3.85,20.977412109375,7.120556640625));
#12655 = CARTESIAN_POINT('',(3.85,21.202998046875,7.194384765625));
#12656 = CARTESIAN_POINT('',(3.85,21.467548828125,7.40048828125));
#12657 = PCURVE('',#5176,#12658);
#12658 = DEFINITIONAL_REPRESENTATION('',(#12659),#12663);
#12659 = LINE('',#12660,#12661);
#12660 = CARTESIAN_POINT('',(0.,-0.6));
#12661 = VECTOR('',#12662,1.);
#12662 = DIRECTION('',(1.,0.));
#12663 = ( GEOMETRIC_REPRESENTATION_CONTEXT(2) 
PARAMETRIC_REPRESENTATION_CONTEXT() REPRESENTATION_CONTEXT('2D SPACE',''
  ) );
#12664 = PCURVE('',#12415,#12665);
#12665 = DEFINITIONAL_REPRESENTATION('',(#12666),#12670);
#12666 = B_SPLINE_CURVE_WITH_KNOTS('',2,(#12667,#12668,#12669),
  .UNSPECIFIED.,.F.,.F.,(3,3),(0.,1.),.PIECEWISE_BEZIER_KNOTS.);
#12667 = CARTESIAN_POINT('',(0.3322265625,2.25791015625));
#12668 = CARTESIAN_POINT('',(0.5578125,2.33173828125));
#12669 = CARTESIAN_POINT('',(0.82236328125,2.537841796875));
#12670 = ( GEOMETRIC_REPRESENTATION_CONTEXT(2) 
PARAMETRIC_REPRESENTATION_CONTEXT() REPRESENTATION_CONTEXT('2D SPACE',''
  ) );
#12671 = ORIENTED_EDGE('',*,*,#12672,.F.);
#12672 = EDGE_CURVE('',#5102,#12650,#12673,.T.);
#12673 = SURFACE_CURVE('',#12674,(#12678,#12685),.PCURVE_S1.);
#12674 = LINE('',#12675,#12676);
#12675 = CARTESIAN_POINT('',(3.25,21.467548828125,7.40048828125));
#12676 = VECTOR('',#12677,1.);
#12677 = DIRECTION('',(1.,0.,0.));
#12678 = PCURVE('',#5176,#12679);
#12679 = DEFINITIONAL_REPRESENTATION('',(#12680),#12684);
#12680 = LINE('',#12681,#12682);
#12681 = CARTESIAN_POINT('',(1.,0.));
#12682 = VECTOR('',#12683,1.);
#12683 = DIRECTION('',(0.,-1.));
#12684 = ( GEOMETRIC_REPRESENTATION_CONTEXT(2) 
PARAMETRIC_REPRESENTATION_CONTEXT() REPRESENTATION_CONTEXT('2D SPACE',''
  ) );
#12685 = PCURVE('',#5131,#12686);
#12686 = DEFINITIONAL_REPRESENTATION('',(#12687),#12691);
#12687 = LINE('',#12688,#12689);
#12688 = CARTESIAN_POINT('',(0.,0.));
#12689 = VECTOR('',#12690,1.);
#12690 = DIRECTION('',(0.,-1.));
#12691 = ( GEOMETRIC_REPRESENTATION_CONTEXT(2) 
PARAMETRIC_REPRESENTATION_CONTEXT() REPRESENTATION_CONTEXT('2D SPACE',''
  ) );
#12692 = ADVANCED_FACE('',(#12693),#5131,.T.);
#12693 = FACE_BOUND('',#12694,.T.);
#12694 = EDGE_LOOP('',(#12695,#12696,#12697,#12720));
#12695 = ORIENTED_EDGE('',*,*,#5101,.T.);
#12696 = ORIENTED_EDGE('',*,*,#12672,.T.);
#12697 = ORIENTED_EDGE('',*,*,#12698,.T.);
#12698 = EDGE_CURVE('',#12650,#12699,#12701,.T.);
#12699 = VERTEX_POINT('',#12700);
#12700 = CARTESIAN_POINT('',(3.85,21.830537109375,7.881396484375));
#12701 = SURFACE_CURVE('',#12702,(#12706,#12713),.PCURVE_S1.);
#12702 = B_SPLINE_CURVE_WITH_KNOTS('',2,(#12703,#12704,#12705),
  .UNSPECIFIED.,.F.,.F.,(3,3),(0.,1.),.PIECEWISE_BEZIER_KNOTS.);
#12703 = CARTESIAN_POINT('',(3.85,21.467548828125,7.40048828125));
#12704 = CARTESIAN_POINT('',(3.85,21.732099609375,7.606591796875));
#12705 = CARTESIAN_POINT('',(3.85,21.830537109375,7.881396484375));
#12706 = PCURVE('',#5131,#12707);
#12707 = DEFINITIONAL_REPRESENTATION('',(#12708),#12712);
#12708 = LINE('',#12709,#12710);
#12709 = CARTESIAN_POINT('',(0.,-0.6));
#12710 = VECTOR('',#12711,1.);
#12711 = DIRECTION('',(1.,0.));
#12712 = ( GEOMETRIC_REPRESENTATION_CONTEXT(2) 
PARAMETRIC_REPRESENTATION_CONTEXT() REPRESENTATION_CONTEXT('2D SPACE',''
  ) );
#12713 = PCURVE('',#12415,#12714);
#12714 = DEFINITIONAL_REPRESENTATION('',(#12715),#12719);
#12715 = B_SPLINE_CURVE_WITH_KNOTS('',2,(#12716,#12717,#12718),
  .UNSPECIFIED.,.F.,.F.,(3,3),(0.,1.),.PIECEWISE_BEZIER_KNOTS.);
#12716 = CARTESIAN_POINT('',(0.82236328125,2.537841796875));
#12717 = CARTESIAN_POINT('',(1.0869140625,2.7439453125));
#12718 = CARTESIAN_POINT('',(1.1853515625,3.01875));
#12719 = ( GEOMETRIC_REPRESENTATION_CONTEXT(2) 
PARAMETRIC_REPRESENTATION_CONTEXT() REPRESENTATION_CONTEXT('2D SPACE',''
  ) );
#12720 = ORIENTED_EDGE('',*,*,#12721,.F.);
#12721 = EDGE_CURVE('',#5076,#12699,#12722,.T.);
#12722 = SURFACE_CURVE('',#12723,(#12727,#12734),.PCURVE_S1.);
#12723 = LINE('',#12724,#12725);
#12724 = CARTESIAN_POINT('',(3.25,21.830537109375,7.881396484375));
#12725 = VECTOR('',#12726,1.);
#12726 = DIRECTION('',(1.,0.,0.));
#12727 = PCURVE('',#5131,#12728);
#12728 = DEFINITIONAL_REPRESENTATION('',(#12729),#12733);
#12729 = LINE('',#12730,#12731);
#12730 = CARTESIAN_POINT('',(1.,0.));
#12731 = VECTOR('',#12732,1.);
#12732 = DIRECTION('',(0.,-1.));
#12733 = ( GEOMETRIC_REPRESENTATION_CONTEXT(2) 
PARAMETRIC_REPRESENTATION_CONTEXT() REPRESENTATION_CONTEXT('2D SPACE',''
  ) );
#12734 = PCURVE('',#5090,#12735);
#12735 = DEFINITIONAL_REPRESENTATION('',(#12736),#12740);
#12736 = LINE('',#12737,#12738);
#12737 = CARTESIAN_POINT('',(0.,0.));
#12738 = VECTOR('',#12739,1.);
#12739 = DIRECTION('',(0.,-1.));
#12740 = ( GEOMETRIC_REPRESENTATION_CONTEXT(2) 
PARAMETRIC_REPRESENTATION_CONTEXT() REPRESENTATION_CONTEXT('2D SPACE',''
  ) );
#12741 = ADVANCED_FACE('',(#12742),#5090,.T.);
#12742 = FACE_BOUND('',#12743,.T.);
#12743 = EDGE_LOOP('',(#12744,#12745,#12746,#12767));
#12744 = ORIENTED_EDGE('',*,*,#5075,.F.);
#12745 = ORIENTED_EDGE('',*,*,#12721,.T.);
#12746 = ORIENTED_EDGE('',*,*,#12747,.T.);
#12747 = EDGE_CURVE('',#12699,#12377,#12748,.T.);
#12748 = SURFACE_CURVE('',#12749,(#12753,#12760),.PCURVE_S1.);
#12749 = LINE('',#12750,#12751);
#12750 = CARTESIAN_POINT('',(3.85,21.830537109375,7.881396484375));
#12751 = VECTOR('',#12752,1.);
#12752 = DIRECTION('',(0.,1.,0.));
#12753 = PCURVE('',#5090,#12754);
#12754 = DEFINITIONAL_REPRESENTATION('',(#12755),#12759);
#12755 = LINE('',#12756,#12757);
#12756 = CARTESIAN_POINT('',(0.,-0.6));
#12757 = VECTOR('',#12758,1.);
#12758 = DIRECTION('',(1.,0.));
#12759 = ( GEOMETRIC_REPRESENTATION_CONTEXT(2) 
PARAMETRIC_REPRESENTATION_CONTEXT() REPRESENTATION_CONTEXT('2D SPACE',''
  ) );
#12760 = PCURVE('',#12415,#12761);
#12761 = DEFINITIONAL_REPRESENTATION('',(#12762),#12766);
#12762 = LINE('',#12763,#12764);
#12763 = CARTESIAN_POINT('',(1.1853515625,3.01875));
#12764 = VECTOR('',#12765,1.);
#12765 = DIRECTION('',(1.,0.));
#12766 = ( GEOMETRIC_REPRESENTATION_CONTEXT(2) 
PARAMETRIC_REPRESENTATION_CONTEXT() REPRESENTATION_CONTEXT('2D SPACE',''
  ) );
#12767 = ORIENTED_EDGE('',*,*,#12376,.F.);
#12768 = ADVANCED_FACE('',(#12769),#5340,.T.);
#12769 = FACE_BOUND('',#12770,.T.);
#12770 = EDGE_LOOP('',(#12771,#12772,#12795,#12823));
#12771 = ORIENTED_EDGE('',*,*,#5323,.F.);
#12772 = ORIENTED_EDGE('',*,*,#12773,.T.);
#12773 = EDGE_CURVE('',#5324,#12774,#12776,.T.);
#12774 = VERTEX_POINT('',#12775);
#12775 = CARTESIAN_POINT('',(3.85,8.475849609375,5.664501953125));
#12776 = SURFACE_CURVE('',#12777,(#12781,#12788),.PCURVE_S1.);
#12777 = LINE('',#12778,#12779);
#12778 = CARTESIAN_POINT('',(3.25,8.475849609375,5.664501953125));
#12779 = VECTOR('',#12780,1.);
#12780 = DIRECTION('',(1.,0.,0.));
#12781 = PCURVE('',#5340,#12782);
#12782 = DEFINITIONAL_REPRESENTATION('',(#12783),#12787);
#12783 = LINE('',#12784,#12785);
#12784 = CARTESIAN_POINT('',(0.,-0.));
#12785 = VECTOR('',#12786,1.);
#12786 = DIRECTION('',(0.,-1.));
#12787 = ( GEOMETRIC_REPRESENTATION_CONTEXT(2) 
PARAMETRIC_REPRESENTATION_CONTEXT() REPRESENTATION_CONTEXT('2D SPACE',''
  ) );
#12788 = PCURVE('',#5366,#12789);
#12789 = DEFINITIONAL_REPRESENTATION('',(#12790),#12794);
#12790 = LINE('',#12791,#12792);
#12791 = CARTESIAN_POINT('',(0.57626953125,0.));
#12792 = VECTOR('',#12793,1.);
#12793 = DIRECTION('',(0.,-1.));
#12794 = ( GEOMETRIC_REPRESENTATION_CONTEXT(2) 
PARAMETRIC_REPRESENTATION_CONTEXT() REPRESENTATION_CONTEXT('2D SPACE',''
  ) );
#12795 = ORIENTED_EDGE('',*,*,#12796,.T.);
#12796 = EDGE_CURVE('',#12774,#12797,#12799,.T.);
#12797 = VERTEX_POINT('',#12798);
#12798 = CARTESIAN_POINT('',(3.85,7.343818359375,5.664501953125));
#12799 = SURFACE_CURVE('',#12800,(#12804,#12811),.PCURVE_S1.);
#12800 = LINE('',#12801,#12802);
#12801 = CARTESIAN_POINT('',(3.85,8.475849609375,5.664501953125));
#12802 = VECTOR('',#12803,1.);
#12803 = DIRECTION('',(0.,-1.,0.));
#12804 = PCURVE('',#5340,#12805);
#12805 = DEFINITIONAL_REPRESENTATION('',(#12806),#12810);
#12806 = LINE('',#12807,#12808);
#12807 = CARTESIAN_POINT('',(0.,-0.6));
#12808 = VECTOR('',#12809,1.);
#12809 = DIRECTION('',(1.,0.));
#12810 = ( GEOMETRIC_REPRESENTATION_CONTEXT(2) 
PARAMETRIC_REPRESENTATION_CONTEXT() REPRESENTATION_CONTEXT('2D SPACE',''
  ) );
#12811 = PCURVE('',#12812,#12817);
#12812 = PLANE('',#12813);
#12813 = AXIS2_PLACEMENT_3D('',#12814,#12815,#12816);
#12814 = CARTESIAN_POINT('',(3.85,7.107978515625,4.862646484375));
#12815 = DIRECTION('',(1.,0.,0.));
#12816 = DIRECTION('',(0.,1.,0.));
#12817 = DEFINITIONAL_REPRESENTATION('',(#12818),#12822);
#12818 = LINE('',#12819,#12820);
#12819 = CARTESIAN_POINT('',(1.36787109375,0.80185546875));
#12820 = VECTOR('',#12821,1.);
#12821 = DIRECTION('',(-1.,0.));
#12822 = ( GEOMETRIC_REPRESENTATION_CONTEXT(2) 
PARAMETRIC_REPRESENTATION_CONTEXT() REPRESENTATION_CONTEXT('2D SPACE',''
  ) );
#12823 = ORIENTED_EDGE('',*,*,#12824,.F.);
#12824 = EDGE_CURVE('',#5326,#12797,#12825,.T.);
#12825 = SURFACE_CURVE('',#12826,(#12830,#12837),.PCURVE_S1.);
#12826 = LINE('',#12827,#12828);
#12827 = CARTESIAN_POINT('',(3.25,7.343818359375,5.664501953125));
#12828 = VECTOR('',#12829,1.);
#12829 = DIRECTION('',(1.,0.,0.));
#12830 = PCURVE('',#5340,#12831);
#12831 = DEFINITIONAL_REPRESENTATION('',(#12832),#12836);
#12832 = LINE('',#12833,#12834);
#12833 = CARTESIAN_POINT('',(1.13203125,0.));
#12834 = VECTOR('',#12835,1.);
#12835 = DIRECTION('',(0.,-1.));
#12836 = ( GEOMETRIC_REPRESENTATION_CONTEXT(2) 
PARAMETRIC_REPRESENTATION_CONTEXT() REPRESENTATION_CONTEXT('2D SPACE',''
  ) );
#12837 = PCURVE('',#5416,#12838);
#12838 = DEFINITIONAL_REPRESENTATION('',(#12839),#12843);
#12839 = LINE('',#12840,#12841);
#12840 = CARTESIAN_POINT('',(0.,0.));
#12841 = VECTOR('',#12842,1.);
#12842 = DIRECTION('',(0.,-1.));
#12843 = ( GEOMETRIC_REPRESENTATION_CONTEXT(2) 
PARAMETRIC_REPRESENTATION_CONTEXT() REPRESENTATION_CONTEXT('2D SPACE',''
  ) );
#12844 = ADVANCED_FACE('',(#12845),#5416,.T.);
#12845 = FACE_BOUND('',#12846,.T.);
#12846 = EDGE_LOOP('',(#12847,#12848,#12849,#12872));
#12847 = ORIENTED_EDGE('',*,*,#5403,.F.);
#12848 = ORIENTED_EDGE('',*,*,#12824,.T.);
#12849 = ORIENTED_EDGE('',*,*,#12850,.T.);
#12850 = EDGE_CURVE('',#12797,#12851,#12853,.T.);
#12851 = VERTEX_POINT('',#12852);
#12852 = CARTESIAN_POINT('',(3.85,7.343818359375,6.240771484375));
#12853 = SURFACE_CURVE('',#12854,(#12858,#12865),.PCURVE_S1.);
#12854 = LINE('',#12855,#12856);
#12855 = CARTESIAN_POINT('',(3.85,7.343818359375,5.664501953125));
#12856 = VECTOR('',#12857,1.);
#12857 = DIRECTION('',(0.,0.,1.));
#12858 = PCURVE('',#5416,#12859);
#12859 = DEFINITIONAL_REPRESENTATION('',(#12860),#12864);
#12860 = LINE('',#12861,#12862);
#12861 = CARTESIAN_POINT('',(0.,-0.6));
#12862 = VECTOR('',#12863,1.);
#12863 = DIRECTION('',(1.,0.));
#12864 = ( GEOMETRIC_REPRESENTATION_CONTEXT(2) 
PARAMETRIC_REPRESENTATION_CONTEXT() REPRESENTATION_CONTEXT('2D SPACE',''
  ) );
#12865 = PCURVE('',#12812,#12866);
#12866 = DEFINITIONAL_REPRESENTATION('',(#12867),#12871);
#12867 = LINE('',#12868,#12869);
#12868 = CARTESIAN_POINT('',(0.23583984375,0.80185546875));
#12869 = VECTOR('',#12870,1.);
#12870 = DIRECTION('',(0.,1.));
#12871 = ( GEOMETRIC_REPRESENTATION_CONTEXT(2) 
PARAMETRIC_REPRESENTATION_CONTEXT() REPRESENTATION_CONTEXT('2D SPACE',''
  ) );
#12872 = ORIENTED_EDGE('',*,*,#12873,.F.);
#12873 = EDGE_CURVE('',#5378,#12851,#12874,.T.);
#12874 = SURFACE_CURVE('',#12875,(#12879,#12886),.PCURVE_S1.);
#12875 = LINE('',#12876,#12877);
#12876 = CARTESIAN_POINT('',(3.25,7.343818359375,6.240771484375));
#12877 = VECTOR('',#12878,1.);
#12878 = DIRECTION('',(1.,0.,0.));
#12879 = PCURVE('',#5416,#12880);
#12880 = DEFINITIONAL_REPRESENTATION('',(#12881),#12885);
#12881 = LINE('',#12882,#12883);
#12882 = CARTESIAN_POINT('',(0.57626953125,0.));
#12883 = VECTOR('',#12884,1.);
#12884 = DIRECTION('',(0.,-1.));
#12885 = ( GEOMETRIC_REPRESENTATION_CONTEXT(2) 
PARAMETRIC_REPRESENTATION_CONTEXT() REPRESENTATION_CONTEXT('2D SPACE',''
  ) );
#12886 = PCURVE('',#5392,#12887);
#12887 = DEFINITIONAL_REPRESENTATION('',(#12888),#12892);
#12888 = LINE('',#12889,#12890);
#12889 = CARTESIAN_POINT('',(0.,0.));
#12890 = VECTOR('',#12891,1.);
#12891 = DIRECTION('',(0.,-1.));
#12892 = ( GEOMETRIC_REPRESENTATION_CONTEXT(2) 
PARAMETRIC_REPRESENTATION_CONTEXT() REPRESENTATION_CONTEXT('2D SPACE',''
  ) );
#12893 = ADVANCED_FACE('',(#12894),#5392,.T.);
#12894 = FACE_BOUND('',#12895,.T.);
#12895 = EDGE_LOOP('',(#12896,#12897,#12898,#12921));
#12896 = ORIENTED_EDGE('',*,*,#5377,.F.);
#12897 = ORIENTED_EDGE('',*,*,#12873,.T.);
#12898 = ORIENTED_EDGE('',*,*,#12899,.T.);
#12899 = EDGE_CURVE('',#12851,#12900,#12902,.T.);
#12900 = VERTEX_POINT('',#12901);
#12901 = CARTESIAN_POINT('',(3.85,8.475849609375,6.240771484375));
#12902 = SURFACE_CURVE('',#12903,(#12907,#12914),.PCURVE_S1.);
#12903 = LINE('',#12904,#12905);
#12904 = CARTESIAN_POINT('',(3.85,7.343818359375,6.240771484375));
#12905 = VECTOR('',#12906,1.);
#12906 = DIRECTION('',(0.,1.,0.));
#12907 = PCURVE('',#5392,#12908);
#12908 = DEFINITIONAL_REPRESENTATION('',(#12909),#12913);
#12909 = LINE('',#12910,#12911);
#12910 = CARTESIAN_POINT('',(0.,-0.6));
#12911 = VECTOR('',#12912,1.);
#12912 = DIRECTION('',(1.,0.));
#12913 = ( GEOMETRIC_REPRESENTATION_CONTEXT(2) 
PARAMETRIC_REPRESENTATION_CONTEXT() REPRESENTATION_CONTEXT('2D SPACE',''
  ) );
#12914 = PCURVE('',#12812,#12915);
#12915 = DEFINITIONAL_REPRESENTATION('',(#12916),#12920);
#12916 = LINE('',#12917,#12918);
#12917 = CARTESIAN_POINT('',(0.23583984375,1.378125));
#12918 = VECTOR('',#12919,1.);
#12919 = DIRECTION('',(1.,0.));
#12920 = ( GEOMETRIC_REPRESENTATION_CONTEXT(2) 
PARAMETRIC_REPRESENTATION_CONTEXT() REPRESENTATION_CONTEXT('2D SPACE',''
  ) );
#12921 = ORIENTED_EDGE('',*,*,#12922,.F.);
#12922 = EDGE_CURVE('',#5352,#12900,#12923,.T.);
#12923 = SURFACE_CURVE('',#12924,(#12928,#12935),.PCURVE_S1.);
#12924 = LINE('',#12925,#12926);
#12925 = CARTESIAN_POINT('',(3.25,8.475849609375,6.240771484375));
#12926 = VECTOR('',#12927,1.);
#12927 = DIRECTION('',(1.,0.,0.));
#12928 = PCURVE('',#5392,#12929);
#12929 = DEFINITIONAL_REPRESENTATION('',(#12930),#12934);
#12930 = LINE('',#12931,#12932);
#12931 = CARTESIAN_POINT('',(1.13203125,0.));
#12932 = VECTOR('',#12933,1.);
#12933 = DIRECTION('',(0.,-1.));
#12934 = ( GEOMETRIC_REPRESENTATION_CONTEXT(2) 
PARAMETRIC_REPRESENTATION_CONTEXT() REPRESENTATION_CONTEXT('2D SPACE',''
  ) );
#12935 = PCURVE('',#5366,#12936);
#12936 = DEFINITIONAL_REPRESENTATION('',(#12937),#12941);
#12937 = LINE('',#12938,#12939);
#12938 = CARTESIAN_POINT('',(0.,0.));
#12939 = VECTOR('',#12940,1.);
#12940 = DIRECTION('',(0.,-1.));
#12941 = ( GEOMETRIC_REPRESENTATION_CONTEXT(2) 
PARAMETRIC_REPRESENTATION_CONTEXT() REPRESENTATION_CONTEXT('2D SPACE',''
  ) );
#12942 = ADVANCED_FACE('',(#12943),#5366,.T.);
#12943 = FACE_BOUND('',#12944,.T.);
#12944 = EDGE_LOOP('',(#12945,#12946,#12947,#12968));
#12945 = ORIENTED_EDGE('',*,*,#5351,.F.);
#12946 = ORIENTED_EDGE('',*,*,#12922,.T.);
#12947 = ORIENTED_EDGE('',*,*,#12948,.T.);
#12948 = EDGE_CURVE('',#12900,#12774,#12949,.T.);
#12949 = SURFACE_CURVE('',#12950,(#12954,#12961),.PCURVE_S1.);
#12950 = LINE('',#12951,#12952);
#12951 = CARTESIAN_POINT('',(3.85,8.475849609375,6.240771484375));
#12952 = VECTOR('',#12953,1.);
#12953 = DIRECTION('',(0.,0.,-1.));
#12954 = PCURVE('',#5366,#12955);
#12955 = DEFINITIONAL_REPRESENTATION('',(#12956),#12960);
#12956 = LINE('',#12957,#12958);
#12957 = CARTESIAN_POINT('',(0.,-0.6));
#12958 = VECTOR('',#12959,1.);
#12959 = DIRECTION('',(1.,0.));
#12960 = ( GEOMETRIC_REPRESENTATION_CONTEXT(2) 
PARAMETRIC_REPRESENTATION_CONTEXT() REPRESENTATION_CONTEXT('2D SPACE',''
  ) );
#12961 = PCURVE('',#12812,#12962);
#12962 = DEFINITIONAL_REPRESENTATION('',(#12963),#12967);
#12963 = LINE('',#12964,#12965);
#12964 = CARTESIAN_POINT('',(1.36787109375,1.378125));
#12965 = VECTOR('',#12966,1.);
#12966 = DIRECTION('',(0.,-1.));
#12967 = ( GEOMETRIC_REPRESENTATION_CONTEXT(2) 
PARAMETRIC_REPRESENTATION_CONTEXT() REPRESENTATION_CONTEXT('2D SPACE',''
  ) );
#12968 = ORIENTED_EDGE('',*,*,#12773,.F.);
#12969 = ADVANCED_FACE('',(#12970),#5446,.T.);
#12970 = FACE_BOUND('',#12971,.T.);
#12971 = EDGE_LOOP('',(#12972,#12973,#12996,#13024));
#12972 = ORIENTED_EDGE('',*,*,#5429,.F.);
#12973 = ORIENTED_EDGE('',*,*,#12974,.T.);
#12974 = EDGE_CURVE('',#5430,#12975,#12977,.T.);
#12975 = VERTEX_POINT('',#12976);
#12976 = CARTESIAN_POINT('',(3.85,18.278583984375,5.664501953125));
#12977 = SURFACE_CURVE('',#12978,(#12982,#12989),.PCURVE_S1.);
#12978 = LINE('',#12979,#12980);
#12979 = CARTESIAN_POINT('',(3.25,18.278583984375,5.664501953125));
#12980 = VECTOR('',#12981,1.);
#12981 = DIRECTION('',(1.,0.,0.));
#12982 = PCURVE('',#5446,#12983);
#12983 = DEFINITIONAL_REPRESENTATION('',(#12984),#12988);
#12984 = LINE('',#12985,#12986);
#12985 = CARTESIAN_POINT('',(0.,-0.));
#12986 = VECTOR('',#12987,1.);
#12987 = DIRECTION('',(0.,-1.));
#12988 = ( GEOMETRIC_REPRESENTATION_CONTEXT(2) 
PARAMETRIC_REPRESENTATION_CONTEXT() REPRESENTATION_CONTEXT('2D SPACE',''
  ) );
#12989 = PCURVE('',#5472,#12990);
#12990 = DEFINITIONAL_REPRESENTATION('',(#12991),#12995);
#12991 = LINE('',#12992,#12993);
#12992 = CARTESIAN_POINT('',(0.57626953125,0.));
#12993 = VECTOR('',#12994,1.);
#12994 = DIRECTION('',(0.,-1.));
#12995 = ( GEOMETRIC_REPRESENTATION_CONTEXT(2) 
PARAMETRIC_REPRESENTATION_CONTEXT() REPRESENTATION_CONTEXT('2D SPACE',''
  ) );
#12996 = ORIENTED_EDGE('',*,*,#12997,.T.);
#12997 = EDGE_CURVE('',#12975,#12998,#13000,.T.);
#12998 = VERTEX_POINT('',#12999);
#12999 = CARTESIAN_POINT('',(3.85,17.146552734375,5.664501953125));
#13000 = SURFACE_CURVE('',#13001,(#13005,#13012),.PCURVE_S1.);
#13001 = LINE('',#13002,#13003);
#13002 = CARTESIAN_POINT('',(3.85,18.278583984375,5.664501953125));
#13003 = VECTOR('',#13004,1.);
#13004 = DIRECTION('',(0.,-1.,0.));
#13005 = PCURVE('',#5446,#13006);
#13006 = DEFINITIONAL_REPRESENTATION('',(#13007),#13011);
#13007 = LINE('',#13008,#13009);
#13008 = CARTESIAN_POINT('',(0.,-0.6));
#13009 = VECTOR('',#13010,1.);
#13010 = DIRECTION('',(1.,0.));
#13011 = ( GEOMETRIC_REPRESENTATION_CONTEXT(2) 
PARAMETRIC_REPRESENTATION_CONTEXT() REPRESENTATION_CONTEXT('2D SPACE',''
  ) );
#13012 = PCURVE('',#13013,#13018);
#13013 = PLANE('',#13014);
#13014 = AXIS2_PLACEMENT_3D('',#13015,#13016,#13017);
#13015 = CARTESIAN_POINT('',(3.85,16.910712890625,4.862646484375));
#13016 = DIRECTION('',(1.,0.,0.));
#13017 = DIRECTION('',(0.,1.,0.));
#13018 = DEFINITIONAL_REPRESENTATION('',(#13019),#13023);
#13019 = LINE('',#13020,#13021);
#13020 = CARTESIAN_POINT('',(1.36787109375,0.80185546875));
#13021 = VECTOR('',#13022,1.);
#13022 = DIRECTION('',(-1.,0.));
#13023 = ( GEOMETRIC_REPRESENTATION_CONTEXT(2) 
PARAMETRIC_REPRESENTATION_CONTEXT() REPRESENTATION_CONTEXT('2D SPACE',''
  ) );
#13024 = ORIENTED_EDGE('',*,*,#13025,.F.);
#13025 = EDGE_CURVE('',#5432,#12998,#13026,.T.);
#13026 = SURFACE_CURVE('',#13027,(#13031,#13038),.PCURVE_S1.);
#13027 = LINE('',#13028,#13029);
#13028 = CARTESIAN_POINT('',(3.25,17.146552734375,5.664501953125));
#13029 = VECTOR('',#13030,1.);
#13030 = DIRECTION('',(1.,0.,0.));
#13031 = PCURVE('',#5446,#13032);
#13032 = DEFINITIONAL_REPRESENTATION('',(#13033),#13037);
#13033 = LINE('',#13034,#13035);
#13034 = CARTESIAN_POINT('',(1.13203125,0.));
#13035 = VECTOR('',#13036,1.);
#13036 = DIRECTION('',(0.,-1.));
#13037 = ( GEOMETRIC_REPRESENTATION_CONTEXT(2) 
PARAMETRIC_REPRESENTATION_CONTEXT() REPRESENTATION_CONTEXT('2D SPACE',''
  ) );
#13038 = PCURVE('',#5522,#13039);
#13039 = DEFINITIONAL_REPRESENTATION('',(#13040),#13044);
#13040 = LINE('',#13041,#13042);
#13041 = CARTESIAN_POINT('',(0.,0.));
#13042 = VECTOR('',#13043,1.);
#13043 = DIRECTION('',(0.,-1.));
#13044 = ( GEOMETRIC_REPRESENTATION_CONTEXT(2) 
PARAMETRIC_REPRESENTATION_CONTEXT() REPRESENTATION_CONTEXT('2D SPACE',''
  ) );
#13045 = ADVANCED_FACE('',(#13046),#5522,.T.);
#13046 = FACE_BOUND('',#13047,.T.);
#13047 = EDGE_LOOP('',(#13048,#13049,#13050,#13073));
#13048 = ORIENTED_EDGE('',*,*,#5509,.F.);
#13049 = ORIENTED_EDGE('',*,*,#13025,.T.);
#13050 = ORIENTED_EDGE('',*,*,#13051,.T.);
#13051 = EDGE_CURVE('',#12998,#13052,#13054,.T.);
#13052 = VERTEX_POINT('',#13053);
#13053 = CARTESIAN_POINT('',(3.85,17.146552734375,6.240771484375));
#13054 = SURFACE_CURVE('',#13055,(#13059,#13066),.PCURVE_S1.);
#13055 = LINE('',#13056,#13057);
#13056 = CARTESIAN_POINT('',(3.85,17.146552734375,5.664501953125));
#13057 = VECTOR('',#13058,1.);
#13058 = DIRECTION('',(0.,0.,1.));
#13059 = PCURVE('',#5522,#13060);
#13060 = DEFINITIONAL_REPRESENTATION('',(#13061),#13065);
#13061 = LINE('',#13062,#13063);
#13062 = CARTESIAN_POINT('',(0.,-0.6));
#13063 = VECTOR('',#13064,1.);
#13064 = DIRECTION('',(1.,0.));
#13065 = ( GEOMETRIC_REPRESENTATION_CONTEXT(2) 
PARAMETRIC_REPRESENTATION_CONTEXT() REPRESENTATION_CONTEXT('2D SPACE',''
  ) );
#13066 = PCURVE('',#13013,#13067);
#13067 = DEFINITIONAL_REPRESENTATION('',(#13068),#13072);
#13068 = LINE('',#13069,#13070);
#13069 = CARTESIAN_POINT('',(0.23583984375,0.80185546875));
#13070 = VECTOR('',#13071,1.);
#13071 = DIRECTION('',(0.,1.));
#13072 = ( GEOMETRIC_REPRESENTATION_CONTEXT(2) 
PARAMETRIC_REPRESENTATION_CONTEXT() REPRESENTATION_CONTEXT('2D SPACE',''
  ) );
#13073 = ORIENTED_EDGE('',*,*,#13074,.F.);
#13074 = EDGE_CURVE('',#5484,#13052,#13075,.T.);
#13075 = SURFACE_CURVE('',#13076,(#13080,#13087),.PCURVE_S1.);
#13076 = LINE('',#13077,#13078);
#13077 = CARTESIAN_POINT('',(3.25,17.146552734375,6.240771484375));
#13078 = VECTOR('',#13079,1.);
#13079 = DIRECTION('',(1.,0.,0.));
#13080 = PCURVE('',#5522,#13081);
#13081 = DEFINITIONAL_REPRESENTATION('',(#13082),#13086);
#13082 = LINE('',#13083,#13084);
#13083 = CARTESIAN_POINT('',(0.57626953125,0.));
#13084 = VECTOR('',#13085,1.);
#13085 = DIRECTION('',(0.,-1.));
#13086 = ( GEOMETRIC_REPRESENTATION_CONTEXT(2) 
PARAMETRIC_REPRESENTATION_CONTEXT() REPRESENTATION_CONTEXT('2D SPACE',''
  ) );
#13087 = PCURVE('',#5498,#13088);
#13088 = DEFINITIONAL_REPRESENTATION('',(#13089),#13093);
#13089 = LINE('',#13090,#13091);
#13090 = CARTESIAN_POINT('',(0.,0.));
#13091 = VECTOR('',#13092,1.);
#13092 = DIRECTION('',(0.,-1.));
#13093 = ( GEOMETRIC_REPRESENTATION_CONTEXT(2) 
PARAMETRIC_REPRESENTATION_CONTEXT() REPRESENTATION_CONTEXT('2D SPACE',''
  ) );
#13094 = ADVANCED_FACE('',(#13095),#5498,.T.);
#13095 = FACE_BOUND('',#13096,.T.);
#13096 = EDGE_LOOP('',(#13097,#13098,#13099,#13122));
#13097 = ORIENTED_EDGE('',*,*,#5483,.F.);
#13098 = ORIENTED_EDGE('',*,*,#13074,.T.);
#13099 = ORIENTED_EDGE('',*,*,#13100,.T.);
#13100 = EDGE_CURVE('',#13052,#13101,#13103,.T.);
#13101 = VERTEX_POINT('',#13102);
#13102 = CARTESIAN_POINT('',(3.85,18.278583984375,6.240771484375));
#13103 = SURFACE_CURVE('',#13104,(#13108,#13115),.PCURVE_S1.);
#13104 = LINE('',#13105,#13106);
#13105 = CARTESIAN_POINT('',(3.85,17.146552734375,6.240771484375));
#13106 = VECTOR('',#13107,1.);
#13107 = DIRECTION('',(0.,1.,0.));
#13108 = PCURVE('',#5498,#13109);
#13109 = DEFINITIONAL_REPRESENTATION('',(#13110),#13114);
#13110 = LINE('',#13111,#13112);
#13111 = CARTESIAN_POINT('',(0.,-0.6));
#13112 = VECTOR('',#13113,1.);
#13113 = DIRECTION('',(1.,0.));
#13114 = ( GEOMETRIC_REPRESENTATION_CONTEXT(2) 
PARAMETRIC_REPRESENTATION_CONTEXT() REPRESENTATION_CONTEXT('2D SPACE',''
  ) );
#13115 = PCURVE('',#13013,#13116);
#13116 = DEFINITIONAL_REPRESENTATION('',(#13117),#13121);
#13117 = LINE('',#13118,#13119);
#13118 = CARTESIAN_POINT('',(0.23583984375,1.378125));
#13119 = VECTOR('',#13120,1.);
#13120 = DIRECTION('',(1.,0.));
#13121 = ( GEOMETRIC_REPRESENTATION_CONTEXT(2) 
PARAMETRIC_REPRESENTATION_CONTEXT() REPRESENTATION_CONTEXT('2D SPACE',''
  ) );
#13122 = ORIENTED_EDGE('',*,*,#13123,.F.);
#13123 = EDGE_CURVE('',#5458,#13101,#13124,.T.);
#13124 = SURFACE_CURVE('',#13125,(#13129,#13136),.PCURVE_S1.);
#13125 = LINE('',#13126,#13127);
#13126 = CARTESIAN_POINT('',(3.25,18.278583984375,6.240771484375));
#13127 = VECTOR('',#13128,1.);
#13128 = DIRECTION('',(1.,0.,0.));
#13129 = PCURVE('',#5498,#13130);
#13130 = DEFINITIONAL_REPRESENTATION('',(#13131),#13135);
#13131 = LINE('',#13132,#13133);
#13132 = CARTESIAN_POINT('',(1.13203125,0.));
#13133 = VECTOR('',#13134,1.);
#13134 = DIRECTION('',(0.,-1.));
#13135 = ( GEOMETRIC_REPRESENTATION_CONTEXT(2) 
PARAMETRIC_REPRESENTATION_CONTEXT() REPRESENTATION_CONTEXT('2D SPACE',''
  ) );
#13136 = PCURVE('',#5472,#13137);
#13137 = DEFINITIONAL_REPRESENTATION('',(#13138),#13142);
#13138 = LINE('',#13139,#13140);
#13139 = CARTESIAN_POINT('',(0.,0.));
#13140 = VECTOR('',#13141,1.);
#13141 = DIRECTION('',(0.,-1.));
#13142 = ( GEOMETRIC_REPRESENTATION_CONTEXT(2) 
PARAMETRIC_REPRESENTATION_CONTEXT() REPRESENTATION_CONTEXT('2D SPACE',''
  ) );
#13143 = ADVANCED_FACE('',(#13144),#5472,.T.);
#13144 = FACE_BOUND('',#13145,.T.);
#13145 = EDGE_LOOP('',(#13146,#13147,#13148,#13169));
#13146 = ORIENTED_EDGE('',*,*,#5457,.F.);
#13147 = ORIENTED_EDGE('',*,*,#13123,.T.);
#13148 = ORIENTED_EDGE('',*,*,#13149,.T.);
#13149 = EDGE_CURVE('',#13101,#12975,#13150,.T.);
#13150 = SURFACE_CURVE('',#13151,(#13155,#13162),.PCURVE_S1.);
#13151 = LINE('',#13152,#13153);
#13152 = CARTESIAN_POINT('',(3.85,18.278583984375,6.240771484375));
#13153 = VECTOR('',#13154,1.);
#13154 = DIRECTION('',(0.,0.,-1.));
#13155 = PCURVE('',#5472,#13156);
#13156 = DEFINITIONAL_REPRESENTATION('',(#13157),#13161);
#13157 = LINE('',#13158,#13159);
#13158 = CARTESIAN_POINT('',(0.,-0.6));
#13159 = VECTOR('',#13160,1.);
#13160 = DIRECTION('',(1.,0.));
#13161 = ( GEOMETRIC_REPRESENTATION_CONTEXT(2) 
PARAMETRIC_REPRESENTATION_CONTEXT() REPRESENTATION_CONTEXT('2D SPACE',''
  ) );
#13162 = PCURVE('',#13013,#13163);
#13163 = DEFINITIONAL_REPRESENTATION('',(#13164),#13168);
#13164 = LINE('',#13165,#13166);
#13165 = CARTESIAN_POINT('',(1.36787109375,1.378125));
#13166 = VECTOR('',#13167,1.);
#13167 = DIRECTION('',(0.,-1.));
#13168 = ( GEOMETRIC_REPRESENTATION_CONTEXT(2) 
PARAMETRIC_REPRESENTATION_CONTEXT() REPRESENTATION_CONTEXT('2D SPACE',''
  ) );
#13169 = ORIENTED_EDGE('',*,*,#12974,.F.);
#13170 = ADVANCED_FACE('',(#13171),#5576,.T.);
#13171 = FACE_BOUND('',#13172,.F.);
#13172 = EDGE_LOOP('',(#13173,#13174,#13175,#13176,#13177,#13178,#13179,
    #13180,#13181,#13182,#13183,#13184,#13185,#13186,#13187,#13188,
    #13189,#13190,#13191,#13192,#13193,#13194,#13195,#13196,#13197,
    #13198,#13199,#13200));
#13173 = ORIENTED_EDGE('',*,*,#5560,.T.);
#13174 = ORIENTED_EDGE('',*,*,#5614,.T.);
#13175 = ORIENTED_EDGE('',*,*,#5663,.T.);
#13176 = ORIENTED_EDGE('',*,*,#5712,.T.);
#13177 = ORIENTED_EDGE('',*,*,#5761,.T.);
#13178 = ORIENTED_EDGE('',*,*,#5810,.T.);
#13179 = ORIENTED_EDGE('',*,*,#5859,.T.);
#13180 = ORIENTED_EDGE('',*,*,#5908,.T.);
#13181 = ORIENTED_EDGE('',*,*,#5957,.T.);
#13182 = ORIENTED_EDGE('',*,*,#6006,.T.);
#13183 = ORIENTED_EDGE('',*,*,#6055,.T.);
#13184 = ORIENTED_EDGE('',*,*,#6104,.T.);
#13185 = ORIENTED_EDGE('',*,*,#6153,.T.);
#13186 = ORIENTED_EDGE('',*,*,#6202,.T.);
#13187 = ORIENTED_EDGE('',*,*,#6251,.T.);
#13188 = ORIENTED_EDGE('',*,*,#6300,.T.);
#13189 = ORIENTED_EDGE('',*,*,#6349,.T.);
#13190 = ORIENTED_EDGE('',*,*,#6398,.T.);
#13191 = ORIENTED_EDGE('',*,*,#6447,.T.);
#13192 = ORIENTED_EDGE('',*,*,#6496,.T.);
#13193 = ORIENTED_EDGE('',*,*,#6545,.T.);
#13194 = ORIENTED_EDGE('',*,*,#6594,.T.);
#13195 = ORIENTED_EDGE('',*,*,#6643,.T.);
#13196 = ORIENTED_EDGE('',*,*,#6692,.T.);
#13197 = ORIENTED_EDGE('',*,*,#6741,.T.);
#13198 = ORIENTED_EDGE('',*,*,#6790,.T.);
#13199 = ORIENTED_EDGE('',*,*,#6839,.T.);
#13200 = ORIENTED_EDGE('',*,*,#6888,.T.);
#13201 = ADVANCED_FACE('',(#13202,#13212),#6953,.T.);
#13202 = FACE_BOUND('',#13203,.F.);
#13203 = EDGE_LOOP('',(#13204,#13205,#13206,#13207,#13208,#13209,#13210,
    #13211));
#13204 = ORIENTED_EDGE('',*,*,#7285,.T.);
#13205 = ORIENTED_EDGE('',*,*,#6937,.T.);
#13206 = ORIENTED_EDGE('',*,*,#6991,.T.);
#13207 = ORIENTED_EDGE('',*,*,#7040,.T.);
#13208 = ORIENTED_EDGE('',*,*,#7089,.T.);
#13209 = ORIENTED_EDGE('',*,*,#7138,.T.);
#13210 = ORIENTED_EDGE('',*,*,#7187,.T.);
#13211 = ORIENTED_EDGE('',*,*,#7236,.T.);
#13212 = FACE_BOUND('',#13213,.F.);
#13213 = EDGE_LOOP('',(#13214,#13246,#13276,#13306,#13336,#13366,#13396,
    #13426,#13456,#13486,#13516,#13546));
#13214 = ORIENTED_EDGE('',*,*,#13215,.T.);
#13215 = EDGE_CURVE('',#13216,#13218,#13220,.T.);
#13216 = VERTEX_POINT('',#13217);
#13217 = CARTESIAN_POINT('',(2.320458984375,-3.07,7.403564453125));
#13218 = VERTEX_POINT('',#13219);
#13219 = CARTESIAN_POINT('',(2.133837890625,-3.07,7.3369140625));
#13220 = SURFACE_CURVE('',#13221,(#13225,#13232),.PCURVE_S1.);
#13221 = B_SPLINE_CURVE_WITH_KNOTS('',2,(#13222,#13223,#13224),
  .UNSPECIFIED.,.F.,.F.,(3,3),(0.,1.),.PIECEWISE_BEZIER_KNOTS.);
#13222 = CARTESIAN_POINT('',(2.320458984375,-3.07,7.403564453125));
#13223 = CARTESIAN_POINT('',(2.215869140625,-3.07,7.403564453125));
#13224 = CARTESIAN_POINT('',(2.133837890625,-3.07,7.3369140625));
#13225 = PCURVE('',#6953,#13226);
#13226 = DEFINITIONAL_REPRESENTATION('',(#13227),#13231);
#13227 = B_SPLINE_CURVE_WITH_KNOTS('',2,(#13228,#13229,#13230),
  .UNSPECIFIED.,.F.,.F.,(3,3),(0.,1.),.PIECEWISE_BEZIER_KNOTS.);
#13228 = CARTESIAN_POINT('',(1.1525390625,2.54091796875));
#13229 = CARTESIAN_POINT('',(1.04794921875,2.54091796875));
#13230 = CARTESIAN_POINT('',(0.96591796875,2.474267578125));
#13231 = ( GEOMETRIC_REPRESENTATION_CONTEXT(2) 
PARAMETRIC_REPRESENTATION_CONTEXT() REPRESENTATION_CONTEXT('2D SPACE',''
  ) );
#13232 = PCURVE('',#13233,#13240);
#13233 = SURFACE_OF_LINEAR_EXTRUSION('',#13234,#13238);
#13234 = B_SPLINE_CURVE_WITH_KNOTS('',2,(#13235,#13236,#13237),
  .UNSPECIFIED.,.F.,.F.,(3,3),(0.,1.),.PIECEWISE_BEZIER_KNOTS.);
#13235 = CARTESIAN_POINT('',(2.320458984375,-2.47,7.403564453125));
#13236 = CARTESIAN_POINT('',(2.215869140625,-2.47,7.403564453125));
#13237 = CARTESIAN_POINT('',(2.133837890625,-2.47,7.3369140625));
#13238 = VECTOR('',#13239,1.);
#13239 = DIRECTION('',(-0.,1.,-0.));
#13240 = DEFINITIONAL_REPRESENTATION('',(#13241),#13245);
#13241 = LINE('',#13242,#13243);
#13242 = CARTESIAN_POINT('',(0.,-0.6));
#13243 = VECTOR('',#13244,1.);
#13244 = DIRECTION('',(1.,0.));
#13245 = ( GEOMETRIC_REPRESENTATION_CONTEXT(2) 
PARAMETRIC_REPRESENTATION_CONTEXT() REPRESENTATION_CONTEXT('2D SPACE',''
  ) );
#13246 = ORIENTED_EDGE('',*,*,#13247,.T.);
#13247 = EDGE_CURVE('',#13218,#13248,#13250,.T.);
#13248 = VERTEX_POINT('',#13249);
#13249 = CARTESIAN_POINT('',(2.006689453125,-3.07,7.097998046875));
#13250 = SURFACE_CURVE('',#13251,(#13255,#13262),.PCURVE_S1.);
#13251 = B_SPLINE_CURVE_WITH_KNOTS('',2,(#13252,#13253,#13254),
  .UNSPECIFIED.,.F.,.F.,(3,3),(0.,1.),.PIECEWISE_BEZIER_KNOTS.);
#13252 = CARTESIAN_POINT('',(2.133837890625,-3.07,7.3369140625));
#13253 = CARTESIAN_POINT('',(2.051806640625,-3.07,7.270263671875));
#13254 = CARTESIAN_POINT('',(2.006689453125,-3.07,7.097998046875));
#13255 = PCURVE('',#6953,#13256);
#13256 = DEFINITIONAL_REPRESENTATION('',(#13257),#13261);
#13257 = B_SPLINE_CURVE_WITH_KNOTS('',2,(#13258,#13259,#13260),
  .UNSPECIFIED.,.F.,.F.,(3,3),(0.,1.),.PIECEWISE_BEZIER_KNOTS.);
#13258 = CARTESIAN_POINT('',(0.96591796875,2.474267578125));
#13259 = CARTESIAN_POINT('',(0.88388671875,2.4076171875));
#13260 = CARTESIAN_POINT('',(0.83876953125,2.2353515625));
#13261 = ( GEOMETRIC_REPRESENTATION_CONTEXT(2) 
PARAMETRIC_REPRESENTATION_CONTEXT() REPRESENTATION_CONTEXT('2D SPACE',''
  ) );
#13262 = PCURVE('',#13263,#13270);
#13263 = SURFACE_OF_LINEAR_EXTRUSION('',#13264,#13268);
#13264 = B_SPLINE_CURVE_WITH_KNOTS('',2,(#13265,#13266,#13267),
  .UNSPECIFIED.,.F.,.F.,(3,3),(0.,1.),.PIECEWISE_BEZIER_KNOTS.);
#13265 = CARTESIAN_POINT('',(2.133837890625,-2.47,7.3369140625));
#13266 = CARTESIAN_POINT('',(2.051806640625,-2.47,7.270263671875));
#13267 = CARTESIAN_POINT('',(2.006689453125,-2.47,7.097998046875));
#13268 = VECTOR('',#13269,1.);
#13269 = DIRECTION('',(-0.,1.,-0.));
#13270 = DEFINITIONAL_REPRESENTATION('',(#13271),#13275);
#13271 = LINE('',#13272,#13273);
#13272 = CARTESIAN_POINT('',(0.,-0.6));
#13273 = VECTOR('',#13274,1.);
#13274 = DIRECTION('',(1.,0.));
#13275 = ( GEOMETRIC_REPRESENTATION_CONTEXT(2) 
PARAMETRIC_REPRESENTATION_CONTEXT() REPRESENTATION_CONTEXT('2D SPACE',''
  ) );
#13276 = ORIENTED_EDGE('',*,*,#13277,.T.);
#13277 = EDGE_CURVE('',#13248,#13278,#13280,.T.);
#13278 = VERTEX_POINT('',#13279);
#13279 = CARTESIAN_POINT('',(1.947216796875,-3.07,6.345361328125));
#13280 = SURFACE_CURVE('',#13281,(#13285,#13292),.PCURVE_S1.);
#13281 = B_SPLINE_CURVE_WITH_KNOTS('',2,(#13282,#13283,#13284),
  .UNSPECIFIED.,.F.,.F.,(3,3),(0.,1.),.PIECEWISE_BEZIER_KNOTS.);
#13282 = CARTESIAN_POINT('',(2.006689453125,-3.07,7.097998046875));
#13283 = CARTESIAN_POINT('',(1.947216796875,-3.07,6.874462890625));
#13284 = CARTESIAN_POINT('',(1.947216796875,-3.07,6.345361328125));
#13285 = PCURVE('',#6953,#13286);
#13286 = DEFINITIONAL_REPRESENTATION('',(#13287),#13291);
#13287 = B_SPLINE_CURVE_WITH_KNOTS('',2,(#13288,#13289,#13290),
  .UNSPECIFIED.,.F.,.F.,(3,3),(0.,1.),.PIECEWISE_BEZIER_KNOTS.);
#13288 = CARTESIAN_POINT('',(0.83876953125,2.2353515625));
#13289 = CARTESIAN_POINT('',(0.779296875,2.01181640625));
#13290 = CARTESIAN_POINT('',(0.779296875,1.48271484375));
#13291 = ( GEOMETRIC_REPRESENTATION_CONTEXT(2) 
PARAMETRIC_REPRESENTATION_CONTEXT() REPRESENTATION_CONTEXT('2D SPACE',''
  ) );
#13292 = PCURVE('',#13293,#13300);
#13293 = SURFACE_OF_LINEAR_EXTRUSION('',#13294,#13298);
#13294 = B_SPLINE_CURVE_WITH_KNOTS('',2,(#13295,#13296,#13297),
  .UNSPECIFIED.,.F.,.F.,(3,3),(0.,1.),.PIECEWISE_BEZIER_KNOTS.);
#13295 = CARTESIAN_POINT('',(2.006689453125,-2.47,7.097998046875));
#13296 = CARTESIAN_POINT('',(1.947216796875,-2.47,6.874462890625));
#13297 = CARTESIAN_POINT('',(1.947216796875,-2.47,6.345361328125));
#13298 = VECTOR('',#13299,1.);
#13299 = DIRECTION('',(-0.,1.,-0.));
#13300 = DEFINITIONAL_REPRESENTATION('',(#13301),#13305);
#13301 = LINE('',#13302,#13303);
#13302 = CARTESIAN_POINT('',(0.,-0.6));
#13303 = VECTOR('',#13304,1.);
#13304 = DIRECTION('',(1.,0.));
#13305 = ( GEOMETRIC_REPRESENTATION_CONTEXT(2) 
PARAMETRIC_REPRESENTATION_CONTEXT() REPRESENTATION_CONTEXT('2D SPACE',''
  ) );
#13306 = ORIENTED_EDGE('',*,*,#13307,.T.);
#13307 = EDGE_CURVE('',#13278,#13308,#13310,.T.);
#13308 = VERTEX_POINT('',#13309);
#13309 = CARTESIAN_POINT('',(2.000537109375,-3.07,5.618359375));
#13310 = SURFACE_CURVE('',#13311,(#13315,#13322),.PCURVE_S1.);
#13311 = B_SPLINE_CURVE_WITH_KNOTS('',2,(#13312,#13313,#13314),
  .UNSPECIFIED.,.F.,.F.,(3,3),(0.,1.),.PIECEWISE_BEZIER_KNOTS.);
#13312 = CARTESIAN_POINT('',(1.947216796875,-3.07,6.345361328125));
#13313 = CARTESIAN_POINT('',(1.947216796875,-3.07,5.816259765625));
#13314 = CARTESIAN_POINT('',(2.000537109375,-3.07,5.618359375));
#13315 = PCURVE('',#6953,#13316);
#13316 = DEFINITIONAL_REPRESENTATION('',(#13317),#13321);
#13317 = B_SPLINE_CURVE_WITH_KNOTS('',2,(#13318,#13319,#13320),
  .UNSPECIFIED.,.F.,.F.,(3,3),(0.,1.),.PIECEWISE_BEZIER_KNOTS.);
#13318 = CARTESIAN_POINT('',(0.779296875,1.48271484375));
#13319 = CARTESIAN_POINT('',(0.779296875,0.95361328125));
#13320 = CARTESIAN_POINT('',(0.8326171875,0.755712890625));
#13321 = ( GEOMETRIC_REPRESENTATION_CONTEXT(2) 
PARAMETRIC_REPRESENTATION_CONTEXT() REPRESENTATION_CONTEXT('2D SPACE',''
  ) );
#13322 = PCURVE('',#13323,#13330);
#13323 = SURFACE_OF_LINEAR_EXTRUSION('',#13324,#13328);
#13324 = B_SPLINE_CURVE_WITH_KNOTS('',2,(#13325,#13326,#13327),
  .UNSPECIFIED.,.F.,.F.,(3,3),(0.,1.),.PIECEWISE_BEZIER_KNOTS.);
#13325 = CARTESIAN_POINT('',(1.947216796875,-2.47,6.345361328125));
#13326 = CARTESIAN_POINT('',(1.947216796875,-2.47,5.816259765625));
#13327 = CARTESIAN_POINT('',(2.000537109375,-2.47,5.618359375));
#13328 = VECTOR('',#13329,1.);
#13329 = DIRECTION('',(-0.,1.,-0.));
#13330 = DEFINITIONAL_REPRESENTATION('',(#13331),#13335);
#13331 = LINE('',#13332,#13333);
#13332 = CARTESIAN_POINT('',(0.,-0.6));
#13333 = VECTOR('',#13334,1.);
#13334 = DIRECTION('',(1.,0.));
#13335 = ( GEOMETRIC_REPRESENTATION_CONTEXT(2) 
PARAMETRIC_REPRESENTATION_CONTEXT() REPRESENTATION_CONTEXT('2D SPACE',''
  ) );
#13336 = ORIENTED_EDGE('',*,*,#13337,.T.);
#13337 = EDGE_CURVE('',#13308,#13338,#13340,.T.);
#13338 = VERTEX_POINT('',#13339);
#13339 = CARTESIAN_POINT('',(2.13486328125,-3.07,5.354833984375));
#13340 = SURFACE_CURVE('',#13341,(#13345,#13352),.PCURVE_S1.);
#13341 = B_SPLINE_CURVE_WITH_KNOTS('',2,(#13342,#13343,#13344),
  .UNSPECIFIED.,.F.,.F.,(3,3),(0.,1.),.PIECEWISE_BEZIER_KNOTS.);
#13342 = CARTESIAN_POINT('',(2.000537109375,-3.07,5.618359375));
#13343 = CARTESIAN_POINT('',(2.053857421875,-3.07,5.420458984375));
#13344 = CARTESIAN_POINT('',(2.13486328125,-3.07,5.354833984375));
#13345 = PCURVE('',#6953,#13346);
#13346 = DEFINITIONAL_REPRESENTATION('',(#13347),#13351);
#13347 = B_SPLINE_CURVE_WITH_KNOTS('',2,(#13348,#13349,#13350),
  .UNSPECIFIED.,.F.,.F.,(3,3),(0.,1.),.PIECEWISE_BEZIER_KNOTS.);
#13348 = CARTESIAN_POINT('',(0.8326171875,0.755712890625));
#13349 = CARTESIAN_POINT('',(0.8859375,0.5578125));
#13350 = CARTESIAN_POINT('',(0.966943359375,0.4921875));
#13351 = ( GEOMETRIC_REPRESENTATION_CONTEXT(2) 
PARAMETRIC_REPRESENTATION_CONTEXT() REPRESENTATION_CONTEXT('2D SPACE',''
  ) );
#13352 = PCURVE('',#13353,#13360);
#13353 = SURFACE_OF_LINEAR_EXTRUSION('',#13354,#13358);
#13354 = B_SPLINE_CURVE_WITH_KNOTS('',2,(#13355,#13356,#13357),
  .UNSPECIFIED.,.F.,.F.,(3,3),(0.,1.),.PIECEWISE_BEZIER_KNOTS.);
#13355 = CARTESIAN_POINT('',(2.000537109375,-2.47,5.618359375));
#13356 = CARTESIAN_POINT('',(2.053857421875,-2.47,5.420458984375));
#13357 = CARTESIAN_POINT('',(2.13486328125,-2.47,5.354833984375));
#13358 = VECTOR('',#13359,1.);
#13359 = DIRECTION('',(-0.,1.,-0.));
#13360 = DEFINITIONAL_REPRESENTATION('',(#13361),#13365);
#13361 = LINE('',#13362,#13363);
#13362 = CARTESIAN_POINT('',(0.,-0.6));
#13363 = VECTOR('',#13364,1.);
#13364 = DIRECTION('',(1.,0.));
#13365 = ( GEOMETRIC_REPRESENTATION_CONTEXT(2) 
PARAMETRIC_REPRESENTATION_CONTEXT() REPRESENTATION_CONTEXT('2D SPACE',''
  ) );
#13366 = ORIENTED_EDGE('',*,*,#13367,.T.);
#13367 = EDGE_CURVE('',#13338,#13368,#13370,.T.);
#13368 = VERTEX_POINT('',#13369);
#13369 = CARTESIAN_POINT('',(2.320458984375,-3.07,5.289208984375));
#13370 = SURFACE_CURVE('',#13371,(#13375,#13382),.PCURVE_S1.);
#13371 = B_SPLINE_CURVE_WITH_KNOTS('',2,(#13372,#13373,#13374),
  .UNSPECIFIED.,.F.,.F.,(3,3),(0.,1.),.PIECEWISE_BEZIER_KNOTS.);
#13372 = CARTESIAN_POINT('',(2.13486328125,-3.07,5.354833984375));
#13373 = CARTESIAN_POINT('',(2.215869140625,-3.07,5.289208984375));
#13374 = CARTESIAN_POINT('',(2.320458984375,-3.07,5.289208984375));
#13375 = PCURVE('',#6953,#13376);
#13376 = DEFINITIONAL_REPRESENTATION('',(#13377),#13381);
#13377 = B_SPLINE_CURVE_WITH_KNOTS('',2,(#13378,#13379,#13380),
  .UNSPECIFIED.,.F.,.F.,(3,3),(0.,1.),.PIECEWISE_BEZIER_KNOTS.);
#13378 = CARTESIAN_POINT('',(0.966943359375,0.4921875));
#13379 = CARTESIAN_POINT('',(1.04794921875,0.4265625));
#13380 = CARTESIAN_POINT('',(1.1525390625,0.4265625));
#13381 = ( GEOMETRIC_REPRESENTATION_CONTEXT(2) 
PARAMETRIC_REPRESENTATION_CONTEXT() REPRESENTATION_CONTEXT('2D SPACE',''
  ) );
#13382 = PCURVE('',#13383,#13390);
#13383 = SURFACE_OF_LINEAR_EXTRUSION('',#13384,#13388);
#13384 = B_SPLINE_CURVE_WITH_KNOTS('',2,(#13385,#13386,#13387),
  .UNSPECIFIED.,.F.,.F.,(3,3),(0.,1.),.PIECEWISE_BEZIER_KNOTS.);
#13385 = CARTESIAN_POINT('',(2.13486328125,-2.47,5.354833984375));
#13386 = CARTESIAN_POINT('',(2.215869140625,-2.47,5.289208984375));
#13387 = CARTESIAN_POINT('',(2.320458984375,-2.47,5.289208984375));
#13388 = VECTOR('',#13389,1.);
#13389 = DIRECTION('',(-0.,1.,-0.));
#13390 = DEFINITIONAL_REPRESENTATION('',(#13391),#13395);
#13391 = LINE('',#13392,#13393);
#13392 = CARTESIAN_POINT('',(0.,-0.6));
#13393 = VECTOR('',#13394,1.);
#13394 = DIRECTION('',(1.,0.));
#13395 = ( GEOMETRIC_REPRESENTATION_CONTEXT(2) 
PARAMETRIC_REPRESENTATION_CONTEXT() REPRESENTATION_CONTEXT('2D SPACE',''
  ) );
#13396 = ORIENTED_EDGE('',*,*,#13397,.T.);
#13397 = EDGE_CURVE('',#13368,#13398,#13400,.T.);
#13398 = VERTEX_POINT('',#13399);
#13399 = CARTESIAN_POINT('',(2.507080078125,-3.07,5.355859375));
#13400 = SURFACE_CURVE('',#13401,(#13405,#13412),.PCURVE_S1.);
#13401 = B_SPLINE_CURVE_WITH_KNOTS('',2,(#13402,#13403,#13404),
  .UNSPECIFIED.,.F.,.F.,(3,3),(0.,1.),.PIECEWISE_BEZIER_KNOTS.);
#13402 = CARTESIAN_POINT('',(2.320458984375,-3.07,5.289208984375));
#13403 = CARTESIAN_POINT('',(2.425048828125,-3.07,5.289208984375));
#13404 = CARTESIAN_POINT('',(2.507080078125,-3.07,5.355859375));
#13405 = PCURVE('',#6953,#13406);
#13406 = DEFINITIONAL_REPRESENTATION('',(#13407),#13411);
#13407 = B_SPLINE_CURVE_WITH_KNOTS('',2,(#13408,#13409,#13410),
  .UNSPECIFIED.,.F.,.F.,(3,3),(0.,1.),.PIECEWISE_BEZIER_KNOTS.);
#13408 = CARTESIAN_POINT('',(1.1525390625,0.4265625));
#13409 = CARTESIAN_POINT('',(1.25712890625,0.4265625));
#13410 = CARTESIAN_POINT('',(1.33916015625,0.493212890625));
#13411 = ( GEOMETRIC_REPRESENTATION_CONTEXT(2) 
PARAMETRIC_REPRESENTATION_CONTEXT() REPRESENTATION_CONTEXT('2D SPACE',''
  ) );
#13412 = PCURVE('',#13413,#13420);
#13413 = SURFACE_OF_LINEAR_EXTRUSION('',#13414,#13418);
#13414 = B_SPLINE_CURVE_WITH_KNOTS('',2,(#13415,#13416,#13417),
  .UNSPECIFIED.,.F.,.F.,(3,3),(0.,1.),.PIECEWISE_BEZIER_KNOTS.);
#13415 = CARTESIAN_POINT('',(2.320458984375,-2.47,5.289208984375));
#13416 = CARTESIAN_POINT('',(2.425048828125,-2.47,5.289208984375));
#13417 = CARTESIAN_POINT('',(2.507080078125,-2.47,5.355859375));
#13418 = VECTOR('',#13419,1.);
#13419 = DIRECTION('',(-0.,1.,-0.));
#13420 = DEFINITIONAL_REPRESENTATION('',(#13421),#13425);
#13421 = LINE('',#13422,#13423);
#13422 = CARTESIAN_POINT('',(0.,-0.6));
#13423 = VECTOR('',#13424,1.);
#13424 = DIRECTION('',(1.,0.));
#13425 = ( GEOMETRIC_REPRESENTATION_CONTEXT(2) 
PARAMETRIC_REPRESENTATION_CONTEXT() REPRESENTATION_CONTEXT('2D SPACE',''
  ) );
#13426 = ORIENTED_EDGE('',*,*,#13427,.T.);
#13427 = EDGE_CURVE('',#13398,#13428,#13430,.T.);
#13428 = VERTEX_POINT('',#13429);
#13429 = CARTESIAN_POINT('',(2.634228515625,-3.07,5.594775390625));
#13430 = SURFACE_CURVE('',#13431,(#13435,#13442),.PCURVE_S1.);
#13431 = B_SPLINE_CURVE_WITH_KNOTS('',2,(#13432,#13433,#13434),
  .UNSPECIFIED.,.F.,.F.,(3,3),(0.,1.),.PIECEWISE_BEZIER_KNOTS.);
#13432 = CARTESIAN_POINT('',(2.507080078125,-3.07,5.355859375));
#13433 = CARTESIAN_POINT('',(2.589111328125,-3.07,5.422509765625));
#13434 = CARTESIAN_POINT('',(2.634228515625,-3.07,5.594775390625));
#13435 = PCURVE('',#6953,#13436);
#13436 = DEFINITIONAL_REPRESENTATION('',(#13437),#13441);
#13437 = B_SPLINE_CURVE_WITH_KNOTS('',2,(#13438,#13439,#13440),
  .UNSPECIFIED.,.F.,.F.,(3,3),(0.,1.),.PIECEWISE_BEZIER_KNOTS.);
#13438 = CARTESIAN_POINT('',(1.33916015625,0.493212890625));
#13439 = CARTESIAN_POINT('',(1.42119140625,0.55986328125));
#13440 = CARTESIAN_POINT('',(1.46630859375,0.73212890625));
#13441 = ( GEOMETRIC_REPRESENTATION_CONTEXT(2) 
PARAMETRIC_REPRESENTATION_CONTEXT() REPRESENTATION_CONTEXT('2D SPACE',''
  ) );
#13442 = PCURVE('',#13443,#13450);
#13443 = SURFACE_OF_LINEAR_EXTRUSION('',#13444,#13448);
#13444 = B_SPLINE_CURVE_WITH_KNOTS('',2,(#13445,#13446,#13447),
  .UNSPECIFIED.,.F.,.F.,(3,3),(0.,1.),.PIECEWISE_BEZIER_KNOTS.);
#13445 = CARTESIAN_POINT('',(2.507080078125,-2.47,5.355859375));
#13446 = CARTESIAN_POINT('',(2.589111328125,-2.47,5.422509765625));
#13447 = CARTESIAN_POINT('',(2.634228515625,-2.47,5.594775390625));
#13448 = VECTOR('',#13449,1.);
#13449 = DIRECTION('',(-0.,1.,-0.));
#13450 = DEFINITIONAL_REPRESENTATION('',(#13451),#13455);
#13451 = LINE('',#13452,#13453);
#13452 = CARTESIAN_POINT('',(0.,-0.6));
#13453 = VECTOR('',#13454,1.);
#13454 = DIRECTION('',(1.,0.));
#13455 = ( GEOMETRIC_REPRESENTATION_CONTEXT(2) 
PARAMETRIC_REPRESENTATION_CONTEXT() REPRESENTATION_CONTEXT('2D SPACE',''
  ) );
#13456 = ORIENTED_EDGE('',*,*,#13457,.T.);
#13457 = EDGE_CURVE('',#13428,#13458,#13460,.T.);
#13458 = VERTEX_POINT('',#13459);
#13459 = CARTESIAN_POINT('',(2.693701171875,-3.07,6.345361328125));
#13460 = SURFACE_CURVE('',#13461,(#13465,#13472),.PCURVE_S1.);
#13461 = B_SPLINE_CURVE_WITH_KNOTS('',2,(#13462,#13463,#13464),
  .UNSPECIFIED.,.F.,.F.,(3,3),(0.,1.),.PIECEWISE_BEZIER_KNOTS.);
#13462 = CARTESIAN_POINT('',(2.634228515625,-3.07,5.594775390625));
#13463 = CARTESIAN_POINT('',(2.693701171875,-3.07,5.816259765625));
#13464 = CARTESIAN_POINT('',(2.693701171875,-3.07,6.345361328125));
#13465 = PCURVE('',#6953,#13466);
#13466 = DEFINITIONAL_REPRESENTATION('',(#13467),#13471);
#13467 = B_SPLINE_CURVE_WITH_KNOTS('',2,(#13468,#13469,#13470),
  .UNSPECIFIED.,.F.,.F.,(3,3),(0.,1.),.PIECEWISE_BEZIER_KNOTS.);
#13468 = CARTESIAN_POINT('',(1.46630859375,0.73212890625));
#13469 = CARTESIAN_POINT('',(1.52578125,0.95361328125));
#13470 = CARTESIAN_POINT('',(1.52578125,1.48271484375));
#13471 = ( GEOMETRIC_REPRESENTATION_CONTEXT(2) 
PARAMETRIC_REPRESENTATION_CONTEXT() REPRESENTATION_CONTEXT('2D SPACE',''
  ) );
#13472 = PCURVE('',#13473,#13480);
#13473 = SURFACE_OF_LINEAR_EXTRUSION('',#13474,#13478);
#13474 = B_SPLINE_CURVE_WITH_KNOTS('',2,(#13475,#13476,#13477),
  .UNSPECIFIED.,.F.,.F.,(3,3),(0.,1.),.PIECEWISE_BEZIER_KNOTS.);
#13475 = CARTESIAN_POINT('',(2.634228515625,-2.47,5.594775390625));
#13476 = CARTESIAN_POINT('',(2.693701171875,-2.47,5.816259765625));
#13477 = CARTESIAN_POINT('',(2.693701171875,-2.47,6.345361328125));
#13478 = VECTOR('',#13479,1.);
#13479 = DIRECTION('',(-0.,1.,-0.));
#13480 = DEFINITIONAL_REPRESENTATION('',(#13481),#13485);
#13481 = LINE('',#13482,#13483);
#13482 = CARTESIAN_POINT('',(0.,-0.6));
#13483 = VECTOR('',#13484,1.);
#13484 = DIRECTION('',(1.,0.));
#13485 = ( GEOMETRIC_REPRESENTATION_CONTEXT(2) 
PARAMETRIC_REPRESENTATION_CONTEXT() REPRESENTATION_CONTEXT('2D SPACE',''
  ) );
#13486 = ORIENTED_EDGE('',*,*,#13487,.T.);
#13487 = EDGE_CURVE('',#13458,#13488,#13490,.T.);
#13488 = VERTEX_POINT('',#13489);
#13489 = CARTESIAN_POINT('',(2.640380859375,-3.07,7.07236328125));
#13490 = SURFACE_CURVE('',#13491,(#13495,#13502),.PCURVE_S1.);
#13491 = B_SPLINE_CURVE_WITH_KNOTS('',2,(#13492,#13493,#13494),
  .UNSPECIFIED.,.F.,.F.,(3,3),(0.,1.),.PIECEWISE_BEZIER_KNOTS.);
#13492 = CARTESIAN_POINT('',(2.693701171875,-3.07,6.345361328125));
#13493 = CARTESIAN_POINT('',(2.693701171875,-3.07,6.874462890625));
#13494 = CARTESIAN_POINT('',(2.640380859375,-3.07,7.07236328125));
#13495 = PCURVE('',#6953,#13496);
#13496 = DEFINITIONAL_REPRESENTATION('',(#13497),#13501);
#13497 = B_SPLINE_CURVE_WITH_KNOTS('',2,(#13498,#13499,#13500),
  .UNSPECIFIED.,.F.,.F.,(3,3),(0.,1.),.PIECEWISE_BEZIER_KNOTS.);
#13498 = CARTESIAN_POINT('',(1.52578125,1.48271484375));
#13499 = CARTESIAN_POINT('',(1.52578125,2.01181640625));
#13500 = CARTESIAN_POINT('',(1.4724609375,2.209716796875));
#13501 = ( GEOMETRIC_REPRESENTATION_CONTEXT(2) 
PARAMETRIC_REPRESENTATION_CONTEXT() REPRESENTATION_CONTEXT('2D SPACE',''
  ) );
#13502 = PCURVE('',#13503,#13510);
#13503 = SURFACE_OF_LINEAR_EXTRUSION('',#13504,#13508);
#13504 = B_SPLINE_CURVE_WITH_KNOTS('',2,(#13505,#13506,#13507),
  .UNSPECIFIED.,.F.,.F.,(3,3),(0.,1.),.PIECEWISE_BEZIER_KNOTS.);
#13505 = CARTESIAN_POINT('',(2.693701171875,-2.47,6.345361328125));
#13506 = CARTESIAN_POINT('',(2.693701171875,-2.47,6.874462890625));
#13507 = CARTESIAN_POINT('',(2.640380859375,-2.47,7.07236328125));
#13508 = VECTOR('',#13509,1.);
#13509 = DIRECTION('',(-0.,1.,-0.));
#13510 = DEFINITIONAL_REPRESENTATION('',(#13511),#13515);
#13511 = LINE('',#13512,#13513);
#13512 = CARTESIAN_POINT('',(0.,-0.6));
#13513 = VECTOR('',#13514,1.);
#13514 = DIRECTION('',(1.,0.));
#13515 = ( GEOMETRIC_REPRESENTATION_CONTEXT(2) 
PARAMETRIC_REPRESENTATION_CONTEXT() REPRESENTATION_CONTEXT('2D SPACE',''
  ) );
#13516 = ORIENTED_EDGE('',*,*,#13517,.T.);
#13517 = EDGE_CURVE('',#13488,#13518,#13520,.T.);
#13518 = VERTEX_POINT('',#13519);
#13519 = CARTESIAN_POINT('',(2.5060546875,-3.07,7.3369140625));
#13520 = SURFACE_CURVE('',#13521,(#13525,#13532),.PCURVE_S1.);
#13521 = B_SPLINE_CURVE_WITH_KNOTS('',2,(#13522,#13523,#13524),
  .UNSPECIFIED.,.F.,.F.,(3,3),(0.,1.),.PIECEWISE_BEZIER_KNOTS.);
#13522 = CARTESIAN_POINT('',(2.640380859375,-3.07,7.07236328125));
#13523 = CARTESIAN_POINT('',(2.587060546875,-3.07,7.270263671875));
#13524 = CARTESIAN_POINT('',(2.5060546875,-3.07,7.3369140625));
#13525 = PCURVE('',#6953,#13526);
#13526 = DEFINITIONAL_REPRESENTATION('',(#13527),#13531);
#13527 = B_SPLINE_CURVE_WITH_KNOTS('',2,(#13528,#13529,#13530),
  .UNSPECIFIED.,.F.,.F.,(3,3),(0.,1.),.PIECEWISE_BEZIER_KNOTS.);
#13528 = CARTESIAN_POINT('',(1.4724609375,2.209716796875));
#13529 = CARTESIAN_POINT('',(1.419140625,2.4076171875));
#13530 = CARTESIAN_POINT('',(1.338134765625,2.474267578125));
#13531 = ( GEOMETRIC_REPRESENTATION_CONTEXT(2) 
PARAMETRIC_REPRESENTATION_CONTEXT() REPRESENTATION_CONTEXT('2D SPACE',''
  ) );
#13532 = PCURVE('',#13533,#13540);
#13533 = SURFACE_OF_LINEAR_EXTRUSION('',#13534,#13538);
#13534 = B_SPLINE_CURVE_WITH_KNOTS('',2,(#13535,#13536,#13537),
  .UNSPECIFIED.,.F.,.F.,(3,3),(0.,1.),.PIECEWISE_BEZIER_KNOTS.);
#13535 = CARTESIAN_POINT('',(2.640380859375,-2.47,7.07236328125));
#13536 = CARTESIAN_POINT('',(2.587060546875,-2.47,7.270263671875));
#13537 = CARTESIAN_POINT('',(2.5060546875,-2.47,7.3369140625));
#13538 = VECTOR('',#13539,1.);
#13539 = DIRECTION('',(-0.,1.,-0.));
#13540 = DEFINITIONAL_REPRESENTATION('',(#13541),#13545);
#13541 = LINE('',#13542,#13543);
#13542 = CARTESIAN_POINT('',(0.,-0.6));
#13543 = VECTOR('',#13544,1.);
#13544 = DIRECTION('',(1.,0.));
#13545 = ( GEOMETRIC_REPRESENTATION_CONTEXT(2) 
PARAMETRIC_REPRESENTATION_CONTEXT() REPRESENTATION_CONTEXT('2D SPACE',''
  ) );
#13546 = ORIENTED_EDGE('',*,*,#13547,.T.);
#13547 = EDGE_CURVE('',#13518,#13216,#13548,.T.);
#13548 = SURFACE_CURVE('',#13549,(#13553,#13560),.PCURVE_S1.);
#13549 = B_SPLINE_CURVE_WITH_KNOTS('',2,(#13550,#13551,#13552),
  .UNSPECIFIED.,.F.,.F.,(3,3),(0.,1.),.PIECEWISE_BEZIER_KNOTS.);
#13550 = CARTESIAN_POINT('',(2.5060546875,-3.07,7.3369140625));
#13551 = CARTESIAN_POINT('',(2.425048828125,-3.07,7.403564453125));
#13552 = CARTESIAN_POINT('',(2.320458984375,-3.07,7.403564453125));
#13553 = PCURVE('',#6953,#13554);
#13554 = DEFINITIONAL_REPRESENTATION('',(#13555),#13559);
#13555 = B_SPLINE_CURVE_WITH_KNOTS('',2,(#13556,#13557,#13558),
  .UNSPECIFIED.,.F.,.F.,(3,3),(0.,1.),.PIECEWISE_BEZIER_KNOTS.);
#13556 = CARTESIAN_POINT('',(1.338134765625,2.474267578125));
#13557 = CARTESIAN_POINT('',(1.25712890625,2.54091796875));
#13558 = CARTESIAN_POINT('',(1.1525390625,2.54091796875));
#13559 = ( GEOMETRIC_REPRESENTATION_CONTEXT(2) 
PARAMETRIC_REPRESENTATION_CONTEXT() REPRESENTATION_CONTEXT('2D SPACE',''
  ) );
#13560 = PCURVE('',#13561,#13568);
#13561 = SURFACE_OF_LINEAR_EXTRUSION('',#13562,#13566);
#13562 = B_SPLINE_CURVE_WITH_KNOTS('',2,(#13563,#13564,#13565),
  .UNSPECIFIED.,.F.,.F.,(3,3),(0.,1.),.PIECEWISE_BEZIER_KNOTS.);
#13563 = CARTESIAN_POINT('',(2.5060546875,-2.47,7.3369140625));
#13564 = CARTESIAN_POINT('',(2.425048828125,-2.47,7.403564453125));
#13565 = CARTESIAN_POINT('',(2.320458984375,-2.47,7.403564453125));
#13566 = VECTOR('',#13567,1.);
#13567 = DIRECTION('',(-0.,1.,-0.));
#13568 = DEFINITIONAL_REPRESENTATION('',(#13569),#13573);
#13569 = LINE('',#13570,#13571);
#13570 = CARTESIAN_POINT('',(0.,-0.6));
#13571 = VECTOR('',#13572,1.);
#13572 = DIRECTION('',(1.,0.));
#13573 = ( GEOMETRIC_REPRESENTATION_CONTEXT(2) 
PARAMETRIC_REPRESENTATION_CONTEXT() REPRESENTATION_CONTEXT('2D SPACE',''
  ) );
#13574 = ADVANCED_FACE('',(#13575),#7350,.T.);
#13575 = FACE_BOUND('',#13576,.F.);
#13576 = EDGE_LOOP('',(#13577,#13578,#13579,#13580,#13581,#13582,#13583,
    #13584,#13585,#13586,#13587,#13588,#13589));
#13577 = ORIENTED_EDGE('',*,*,#7334,.T.);
#13578 = ORIENTED_EDGE('',*,*,#7388,.T.);
#13579 = ORIENTED_EDGE('',*,*,#7437,.T.);
#13580 = ORIENTED_EDGE('',*,*,#7486,.T.);
#13581 = ORIENTED_EDGE('',*,*,#7535,.T.);
#13582 = ORIENTED_EDGE('',*,*,#7584,.T.);
#13583 = ORIENTED_EDGE('',*,*,#7633,.T.);
#13584 = ORIENTED_EDGE('',*,*,#7682,.T.);
#13585 = ORIENTED_EDGE('',*,*,#7731,.T.);
#13586 = ORIENTED_EDGE('',*,*,#7780,.T.);
#13587 = ORIENTED_EDGE('',*,*,#7829,.T.);
#13588 = ORIENTED_EDGE('',*,*,#7878,.T.);
#13589 = ORIENTED_EDGE('',*,*,#7927,.T.);
#13590 = ADVANCED_FACE('',(#13591),#8094,.F.);
#13591 = FACE_BOUND('',#13592,.F.);
#13592 = EDGE_LOOP('',(#13593,#13616,#13644,#13665));
#13593 = ORIENTED_EDGE('',*,*,#13594,.T.);
#13594 = EDGE_CURVE('',#8079,#13595,#13597,.T.);
#13595 = VERTEX_POINT('',#13596);
#13596 = CARTESIAN_POINT('',(-1.25,19.32,1.));
#13597 = SURFACE_CURVE('',#13598,(#13602,#13609),.PCURVE_S1.);
#13598 = LINE('',#13599,#13600);
#13599 = CARTESIAN_POINT('',(-2.25,19.32,1.));
#13600 = VECTOR('',#13601,1.);
#13601 = DIRECTION('',(1.,0.,0.));
#13602 = PCURVE('',#8094,#13603);
#13603 = DEFINITIONAL_REPRESENTATION('',(#13604),#13608);
#13604 = LINE('',#13605,#13606);
#13605 = CARTESIAN_POINT('',(-0.5,-1.));
#13606 = VECTOR('',#13607,1.);
#13607 = DIRECTION('',(1.,0.));
#13608 = ( GEOMETRIC_REPRESENTATION_CONTEXT(2) 
PARAMETRIC_REPRESENTATION_CONTEXT() REPRESENTATION_CONTEXT('2D SPACE',''
  ) );
#13609 = PCURVE('',#8122,#13610);
#13610 = DEFINITIONAL_REPRESENTATION('',(#13611),#13615);
#13611 = LINE('',#13612,#13613);
#13612 = CARTESIAN_POINT('',(0.,0.));
#13613 = VECTOR('',#13614,1.);
#13614 = DIRECTION('',(1.,0.));
#13615 = ( GEOMETRIC_REPRESENTATION_CONTEXT(2) 
PARAMETRIC_REPRESENTATION_CONTEXT() REPRESENTATION_CONTEXT('2D SPACE',''
  ) );
#13616 = ORIENTED_EDGE('',*,*,#13617,.T.);
#13617 = EDGE_CURVE('',#13595,#13618,#13620,.T.);
#13618 = VERTEX_POINT('',#13619);
#13619 = CARTESIAN_POINT('',(-1.25,21.32,1.));
#13620 = SURFACE_CURVE('',#13621,(#13625,#13632),.PCURVE_S1.);
#13621 = LINE('',#13622,#13623);
#13622 = CARTESIAN_POINT('',(-1.25,19.32,1.));
#13623 = VECTOR('',#13624,1.);
#13624 = DIRECTION('',(0.,1.,0.));
#13625 = PCURVE('',#8094,#13626);
#13626 = DEFINITIONAL_REPRESENTATION('',(#13627),#13631);
#13627 = LINE('',#13628,#13629);
#13628 = CARTESIAN_POINT('',(0.5,-1.));
#13629 = VECTOR('',#13630,1.);
#13630 = DIRECTION('',(0.,1.));
#13631 = ( GEOMETRIC_REPRESENTATION_CONTEXT(2) 
PARAMETRIC_REPRESENTATION_CONTEXT() REPRESENTATION_CONTEXT('2D SPACE',''
  ) );
#13632 = PCURVE('',#13633,#13638);
#13633 = PLANE('',#13634);
#13634 = AXIS2_PLACEMENT_3D('',#13635,#13636,#13637);
#13635 = CARTESIAN_POINT('',(-1.25,19.32,1.));
#13636 = DIRECTION('',(-1.,0.,0.));
#13637 = DIRECTION('',(0.,1.,0.));
#13638 = DEFINITIONAL_REPRESENTATION('',(#13639),#13643);
#13639 = LINE('',#13640,#13641);
#13640 = CARTESIAN_POINT('',(0.,0.));
#13641 = VECTOR('',#13642,1.);
#13642 = DIRECTION('',(1.,0.));
#13643 = ( GEOMETRIC_REPRESENTATION_CONTEXT(2) 
PARAMETRIC_REPRESENTATION_CONTEXT() REPRESENTATION_CONTEXT('2D SPACE',''
  ) );
#13644 = ORIENTED_EDGE('',*,*,#13645,.T.);
#13645 = EDGE_CURVE('',#13618,#8077,#13646,.T.);
#13646 = SURFACE_CURVE('',#13647,(#13651,#13658),.PCURVE_S1.);
#13647 = LINE('',#13648,#13649);
#13648 = CARTESIAN_POINT('',(-1.25,21.32,1.));
#13649 = VECTOR('',#13650,1.);
#13650 = DIRECTION('',(-1.,0.,0.));
#13651 = PCURVE('',#8094,#13652);
#13652 = DEFINITIONAL_REPRESENTATION('',(#13653),#13657);
#13653 = LINE('',#13654,#13655);
#13654 = CARTESIAN_POINT('',(0.5,1.));
#13655 = VECTOR('',#13656,1.);
#13656 = DIRECTION('',(-1.,0.));
#13657 = ( GEOMETRIC_REPRESENTATION_CONTEXT(2) 
PARAMETRIC_REPRESENTATION_CONTEXT() REPRESENTATION_CONTEXT('2D SPACE',''
  ) );
#13658 = PCURVE('',#8176,#13659);
#13659 = DEFINITIONAL_REPRESENTATION('',(#13660),#13664);
#13660 = LINE('',#13661,#13662);
#13661 = CARTESIAN_POINT('',(0.,-0.));
#13662 = VECTOR('',#13663,1.);
#13663 = DIRECTION('',(1.,0.));
#13664 = ( GEOMETRIC_REPRESENTATION_CONTEXT(2) 
PARAMETRIC_REPRESENTATION_CONTEXT() REPRESENTATION_CONTEXT('2D SPACE',''
  ) );
#13665 = ORIENTED_EDGE('',*,*,#8076,.T.);
#13666 = ADVANCED_FACE('',(#13667),#8176,.F.);
#13667 = FACE_BOUND('',#13668,.F.);
#13668 = EDGE_LOOP('',(#13669,#13692,#13713,#13714));
#13669 = ORIENTED_EDGE('',*,*,#13670,.T.);
#13670 = EDGE_CURVE('',#13618,#13671,#13673,.T.);
#13671 = VERTEX_POINT('',#13672);
#13672 = CARTESIAN_POINT('',(-1.25,21.32,7.5));
#13673 = SURFACE_CURVE('',#13674,(#13678,#13685),.PCURVE_S1.);
#13674 = LINE('',#13675,#13676);
#13675 = CARTESIAN_POINT('',(-1.25,21.32,1.));
#13676 = VECTOR('',#13677,1.);
#13677 = DIRECTION('',(0.,0.,1.));
#13678 = PCURVE('',#8176,#13679);
#13679 = DEFINITIONAL_REPRESENTATION('',(#13680),#13684);
#13680 = LINE('',#13681,#13682);
#13681 = CARTESIAN_POINT('',(0.,-0.));
#13682 = VECTOR('',#13683,1.);
#13683 = DIRECTION('',(0.,-1.));
#13684 = ( GEOMETRIC_REPRESENTATION_CONTEXT(2) 
PARAMETRIC_REPRESENTATION_CONTEXT() REPRESENTATION_CONTEXT('2D SPACE',''
  ) );
#13685 = PCURVE('',#13633,#13686);
#13686 = DEFINITIONAL_REPRESENTATION('',(#13687),#13691);
#13687 = LINE('',#13688,#13689);
#13688 = CARTESIAN_POINT('',(2.,0.));
#13689 = VECTOR('',#13690,1.);
#13690 = DIRECTION('',(0.,-1.));
#13691 = ( GEOMETRIC_REPRESENTATION_CONTEXT(2) 
PARAMETRIC_REPRESENTATION_CONTEXT() REPRESENTATION_CONTEXT('2D SPACE',''
  ) );
#13692 = ORIENTED_EDGE('',*,*,#13693,.T.);
#13693 = EDGE_CURVE('',#13671,#8135,#13694,.T.);
#13694 = SURFACE_CURVE('',#13695,(#13699,#13706),.PCURVE_S1.);
#13695 = LINE('',#13696,#13697);
#13696 = CARTESIAN_POINT('',(-1.25,21.32,7.5));
#13697 = VECTOR('',#13698,1.);
#13698 = DIRECTION('',(-1.,0.,0.));
#13699 = PCURVE('',#8176,#13700);
#13700 = DEFINITIONAL_REPRESENTATION('',(#13701),#13705);
#13701 = LINE('',#13702,#13703);
#13702 = CARTESIAN_POINT('',(0.,-6.5));
#13703 = VECTOR('',#13704,1.);
#13704 = DIRECTION('',(1.,0.));
#13705 = ( GEOMETRIC_REPRESENTATION_CONTEXT(2) 
PARAMETRIC_REPRESENTATION_CONTEXT() REPRESENTATION_CONTEXT('2D SPACE',''
  ) );
#13706 = PCURVE('',#8150,#13707);
#13707 = DEFINITIONAL_REPRESENTATION('',(#13708),#13712);
#13708 = LINE('',#13709,#13710);
#13709 = CARTESIAN_POINT('',(0.5,1.));
#13710 = VECTOR('',#13711,1.);
#13711 = DIRECTION('',(-1.,0.));
#13712 = ( GEOMETRIC_REPRESENTATION_CONTEXT(2) 
PARAMETRIC_REPRESENTATION_CONTEXT() REPRESENTATION_CONTEXT('2D SPACE',''
  ) );
#13713 = ORIENTED_EDGE('',*,*,#8162,.F.);
#13714 = ORIENTED_EDGE('',*,*,#13645,.F.);
#13715 = ADVANCED_FACE('',(#13716),#8150,.T.);
#13716 = FACE_BOUND('',#13717,.T.);
#13717 = EDGE_LOOP('',(#13718,#13741,#13762,#13763));
#13718 = ORIENTED_EDGE('',*,*,#13719,.T.);
#13719 = EDGE_CURVE('',#8107,#13720,#13722,.T.);
#13720 = VERTEX_POINT('',#13721);
#13721 = CARTESIAN_POINT('',(-1.25,19.32,7.5));
#13722 = SURFACE_CURVE('',#13723,(#13727,#13734),.PCURVE_S1.);
#13723 = LINE('',#13724,#13725);
#13724 = CARTESIAN_POINT('',(-2.25,19.32,7.5));
#13725 = VECTOR('',#13726,1.);
#13726 = DIRECTION('',(1.,0.,0.));
#13727 = PCURVE('',#8150,#13728);
#13728 = DEFINITIONAL_REPRESENTATION('',(#13729),#13733);
#13729 = LINE('',#13730,#13731);
#13730 = CARTESIAN_POINT('',(-0.5,-1.));
#13731 = VECTOR('',#13732,1.);
#13732 = DIRECTION('',(1.,0.));
#13733 = ( GEOMETRIC_REPRESENTATION_CONTEXT(2) 
PARAMETRIC_REPRESENTATION_CONTEXT() REPRESENTATION_CONTEXT('2D SPACE',''
  ) );
#13734 = PCURVE('',#8122,#13735);
#13735 = DEFINITIONAL_REPRESENTATION('',(#13736),#13740);
#13736 = LINE('',#13737,#13738);
#13737 = CARTESIAN_POINT('',(0.,-6.5));
#13738 = VECTOR('',#13739,1.);
#13739 = DIRECTION('',(1.,0.));
#13740 = ( GEOMETRIC_REPRESENTATION_CONTEXT(2) 
PARAMETRIC_REPRESENTATION_CONTEXT() REPRESENTATION_CONTEXT('2D SPACE',''
  ) );
#13741 = ORIENTED_EDGE('',*,*,#13742,.T.);
#13742 = EDGE_CURVE('',#13720,#13671,#13743,.T.);
#13743 = SURFACE_CURVE('',#13744,(#13748,#13755),.PCURVE_S1.);
#13744 = LINE('',#13745,#13746);
#13745 = CARTESIAN_POINT('',(-1.25,19.32,7.5));
#13746 = VECTOR('',#13747,1.);
#13747 = DIRECTION('',(0.,1.,0.));
#13748 = PCURVE('',#8150,#13749);
#13749 = DEFINITIONAL_REPRESENTATION('',(#13750),#13754);
#13750 = LINE('',#13751,#13752);
#13751 = CARTESIAN_POINT('',(0.5,-1.));
#13752 = VECTOR('',#13753,1.);
#13753 = DIRECTION('',(0.,1.));
#13754 = ( GEOMETRIC_REPRESENTATION_CONTEXT(2) 
PARAMETRIC_REPRESENTATION_CONTEXT() REPRESENTATION_CONTEXT('2D SPACE',''
  ) );
#13755 = PCURVE('',#13633,#13756);
#13756 = DEFINITIONAL_REPRESENTATION('',(#13757),#13761);
#13757 = LINE('',#13758,#13759);
#13758 = CARTESIAN_POINT('',(0.,-6.5));
#13759 = VECTOR('',#13760,1.);
#13760 = DIRECTION('',(1.,0.));
#13761 = ( GEOMETRIC_REPRESENTATION_CONTEXT(2) 
PARAMETRIC_REPRESENTATION_CONTEXT() REPRESENTATION_CONTEXT('2D SPACE',''
  ) );
#13762 = ORIENTED_EDGE('',*,*,#13693,.T.);
#13763 = ORIENTED_EDGE('',*,*,#8134,.T.);
#13764 = ADVANCED_FACE('',(#13765),#8122,.F.);
#13765 = FACE_BOUND('',#13766,.F.);
#13766 = EDGE_LOOP('',(#13767,#13768,#13769,#13790));
#13767 = ORIENTED_EDGE('',*,*,#8106,.T.);
#13768 = ORIENTED_EDGE('',*,*,#13719,.T.);
#13769 = ORIENTED_EDGE('',*,*,#13770,.F.);
#13770 = EDGE_CURVE('',#13595,#13720,#13771,.T.);
#13771 = SURFACE_CURVE('',#13772,(#13776,#13783),.PCURVE_S1.);
#13772 = LINE('',#13773,#13774);
#13773 = CARTESIAN_POINT('',(-1.25,19.32,1.));
#13774 = VECTOR('',#13775,1.);
#13775 = DIRECTION('',(0.,0.,1.));
#13776 = PCURVE('',#8122,#13777);
#13777 = DEFINITIONAL_REPRESENTATION('',(#13778),#13782);
#13778 = LINE('',#13779,#13780);
#13779 = CARTESIAN_POINT('',(1.,0.));
#13780 = VECTOR('',#13781,1.);
#13781 = DIRECTION('',(0.,-1.));
#13782 = ( GEOMETRIC_REPRESENTATION_CONTEXT(2) 
PARAMETRIC_REPRESENTATION_CONTEXT() REPRESENTATION_CONTEXT('2D SPACE',''
  ) );
#13783 = PCURVE('',#13633,#13784);
#13784 = DEFINITIONAL_REPRESENTATION('',(#13785),#13789);
#13785 = LINE('',#13786,#13787);
#13786 = CARTESIAN_POINT('',(0.,0.));
#13787 = VECTOR('',#13788,1.);
#13788 = DIRECTION('',(0.,-1.));
#13789 = ( GEOMETRIC_REPRESENTATION_CONTEXT(2) 
PARAMETRIC_REPRESENTATION_CONTEXT() REPRESENTATION_CONTEXT('2D SPACE',''
  ) );
#13790 = ORIENTED_EDGE('',*,*,#13594,.F.);
#13791 = ADVANCED_FACE('',(#13792),#8208,.F.);
#13792 = FACE_BOUND('',#13793,.F.);
#13793 = EDGE_LOOP('',(#13794,#13817,#13845,#13866));
#13794 = ORIENTED_EDGE('',*,*,#13795,.T.);
#13795 = EDGE_CURVE('',#8193,#13796,#13798,.T.);
#13796 = VERTEX_POINT('',#13797);
#13797 = CARTESIAN_POINT('',(-1.25,1.54,1.));
#13798 = SURFACE_CURVE('',#13799,(#13803,#13810),.PCURVE_S1.);
#13799 = LINE('',#13800,#13801);
#13800 = CARTESIAN_POINT('',(-2.25,1.54,1.));
#13801 = VECTOR('',#13802,1.);
#13802 = DIRECTION('',(1.,0.,0.));
#13803 = PCURVE('',#8208,#13804);
#13804 = DEFINITIONAL_REPRESENTATION('',(#13805),#13809);
#13805 = LINE('',#13806,#13807);
#13806 = CARTESIAN_POINT('',(-0.5,-1.));
#13807 = VECTOR('',#13808,1.);
#13808 = DIRECTION('',(1.,0.));
#13809 = ( GEOMETRIC_REPRESENTATION_CONTEXT(2) 
PARAMETRIC_REPRESENTATION_CONTEXT() REPRESENTATION_CONTEXT('2D SPACE',''
  ) );
#13810 = PCURVE('',#8236,#13811);
#13811 = DEFINITIONAL_REPRESENTATION('',(#13812),#13816);
#13812 = LINE('',#13813,#13814);
#13813 = CARTESIAN_POINT('',(0.,0.));
#13814 = VECTOR('',#13815,1.);
#13815 = DIRECTION('',(1.,0.));
#13816 = ( GEOMETRIC_REPRESENTATION_CONTEXT(2) 
PARAMETRIC_REPRESENTATION_CONTEXT() REPRESENTATION_CONTEXT('2D SPACE',''
  ) );
#13817 = ORIENTED_EDGE('',*,*,#13818,.T.);
#13818 = EDGE_CURVE('',#13796,#13819,#13821,.T.);
#13819 = VERTEX_POINT('',#13820);
#13820 = CARTESIAN_POINT('',(-1.25,3.54,1.));
#13821 = SURFACE_CURVE('',#13822,(#13826,#13833),.PCURVE_S1.);
#13822 = LINE('',#13823,#13824);
#13823 = CARTESIAN_POINT('',(-1.25,1.54,1.));
#13824 = VECTOR('',#13825,1.);
#13825 = DIRECTION('',(0.,1.,0.));
#13826 = PCURVE('',#8208,#13827);
#13827 = DEFINITIONAL_REPRESENTATION('',(#13828),#13832);
#13828 = LINE('',#13829,#13830);
#13829 = CARTESIAN_POINT('',(0.5,-1.));
#13830 = VECTOR('',#13831,1.);
#13831 = DIRECTION('',(0.,1.));
#13832 = ( GEOMETRIC_REPRESENTATION_CONTEXT(2) 
PARAMETRIC_REPRESENTATION_CONTEXT() REPRESENTATION_CONTEXT('2D SPACE',''
  ) );
#13833 = PCURVE('',#13834,#13839);
#13834 = PLANE('',#13835);
#13835 = AXIS2_PLACEMENT_3D('',#13836,#13837,#13838);
#13836 = CARTESIAN_POINT('',(-1.25,1.54,1.));
#13837 = DIRECTION('',(-1.,0.,0.));
#13838 = DIRECTION('',(0.,1.,0.));
#13839 = DEFINITIONAL_REPRESENTATION('',(#13840),#13844);
#13840 = LINE('',#13841,#13842);
#13841 = CARTESIAN_POINT('',(0.,0.));
#13842 = VECTOR('',#13843,1.);
#13843 = DIRECTION('',(1.,0.));
#13844 = ( GEOMETRIC_REPRESENTATION_CONTEXT(2) 
PARAMETRIC_REPRESENTATION_CONTEXT() REPRESENTATION_CONTEXT('2D SPACE',''
  ) );
#13845 = ORIENTED_EDGE('',*,*,#13846,.T.);
#13846 = EDGE_CURVE('',#13819,#8191,#13847,.T.);
#13847 = SURFACE_CURVE('',#13848,(#13852,#13859),.PCURVE_S1.);
#13848 = LINE('',#13849,#13850);
#13849 = CARTESIAN_POINT('',(-1.25,3.54,1.));
#13850 = VECTOR('',#13851,1.);
#13851 = DIRECTION('',(-1.,0.,0.));
#13852 = PCURVE('',#8208,#13853);
#13853 = DEFINITIONAL_REPRESENTATION('',(#13854),#13858);
#13854 = LINE('',#13855,#13856);
#13855 = CARTESIAN_POINT('',(0.5,1.));
#13856 = VECTOR('',#13857,1.);
#13857 = DIRECTION('',(-1.,0.));
#13858 = ( GEOMETRIC_REPRESENTATION_CONTEXT(2) 
PARAMETRIC_REPRESENTATION_CONTEXT() REPRESENTATION_CONTEXT('2D SPACE',''
  ) );
#13859 = PCURVE('',#8290,#13860);
#13860 = DEFINITIONAL_REPRESENTATION('',(#13861),#13865);
#13861 = LINE('',#13862,#13863);
#13862 = CARTESIAN_POINT('',(0.,-0.));
#13863 = VECTOR('',#13864,1.);
#13864 = DIRECTION('',(1.,0.));
#13865 = ( GEOMETRIC_REPRESENTATION_CONTEXT(2) 
PARAMETRIC_REPRESENTATION_CONTEXT() REPRESENTATION_CONTEXT('2D SPACE',''
  ) );
#13866 = ORIENTED_EDGE('',*,*,#8190,.T.);
#13867 = ADVANCED_FACE('',(#13868),#8290,.F.);
#13868 = FACE_BOUND('',#13869,.F.);
#13869 = EDGE_LOOP('',(#13870,#13893,#13914,#13915));
#13870 = ORIENTED_EDGE('',*,*,#13871,.T.);
#13871 = EDGE_CURVE('',#13819,#13872,#13874,.T.);
#13872 = VERTEX_POINT('',#13873);
#13873 = CARTESIAN_POINT('',(-1.25,3.54,7.5));
#13874 = SURFACE_CURVE('',#13875,(#13879,#13886),.PCURVE_S1.);
#13875 = LINE('',#13876,#13877);
#13876 = CARTESIAN_POINT('',(-1.25,3.54,1.));
#13877 = VECTOR('',#13878,1.);
#13878 = DIRECTION('',(0.,0.,1.));
#13879 = PCURVE('',#8290,#13880);
#13880 = DEFINITIONAL_REPRESENTATION('',(#13881),#13885);
#13881 = LINE('',#13882,#13883);
#13882 = CARTESIAN_POINT('',(0.,-0.));
#13883 = VECTOR('',#13884,1.);
#13884 = DIRECTION('',(0.,-1.));
#13885 = ( GEOMETRIC_REPRESENTATION_CONTEXT(2) 
PARAMETRIC_REPRESENTATION_CONTEXT() REPRESENTATION_CONTEXT('2D SPACE',''
  ) );
#13886 = PCURVE('',#13834,#13887);
#13887 = DEFINITIONAL_REPRESENTATION('',(#13888),#13892);
#13888 = LINE('',#13889,#13890);
#13889 = CARTESIAN_POINT('',(2.,0.));
#13890 = VECTOR('',#13891,1.);
#13891 = DIRECTION('',(0.,-1.));
#13892 = ( GEOMETRIC_REPRESENTATION_CONTEXT(2) 
PARAMETRIC_REPRESENTATION_CONTEXT() REPRESENTATION_CONTEXT('2D SPACE',''
  ) );
#13893 = ORIENTED_EDGE('',*,*,#13894,.T.);
#13894 = EDGE_CURVE('',#13872,#8249,#13895,.T.);
#13895 = SURFACE_CURVE('',#13896,(#13900,#13907),.PCURVE_S1.);
#13896 = LINE('',#13897,#13898);
#13897 = CARTESIAN_POINT('',(-1.25,3.54,7.5));
#13898 = VECTOR('',#13899,1.);
#13899 = DIRECTION('',(-1.,0.,0.));
#13900 = PCURVE('',#8290,#13901);
#13901 = DEFINITIONAL_REPRESENTATION('',(#13902),#13906);
#13902 = LINE('',#13903,#13904);
#13903 = CARTESIAN_POINT('',(0.,-6.5));
#13904 = VECTOR('',#13905,1.);
#13905 = DIRECTION('',(1.,0.));
#13906 = ( GEOMETRIC_REPRESENTATION_CONTEXT(2) 
PARAMETRIC_REPRESENTATION_CONTEXT() REPRESENTATION_CONTEXT('2D SPACE',''
  ) );
#13907 = PCURVE('',#8264,#13908);
#13908 = DEFINITIONAL_REPRESENTATION('',(#13909),#13913);
#13909 = LINE('',#13910,#13911);
#13910 = CARTESIAN_POINT('',(0.5,1.));
#13911 = VECTOR('',#13912,1.);
#13912 = DIRECTION('',(-1.,0.));
#13913 = ( GEOMETRIC_REPRESENTATION_CONTEXT(2) 
PARAMETRIC_REPRESENTATION_CONTEXT() REPRESENTATION_CONTEXT('2D SPACE',''
  ) );
#13914 = ORIENTED_EDGE('',*,*,#8276,.F.);
#13915 = ORIENTED_EDGE('',*,*,#13846,.F.);
#13916 = ADVANCED_FACE('',(#13917),#8236,.F.);
#13917 = FACE_BOUND('',#13918,.F.);
#13918 = EDGE_LOOP('',(#13919,#13920,#13943,#13964));
#13919 = ORIENTED_EDGE('',*,*,#8220,.T.);
#13920 = ORIENTED_EDGE('',*,*,#13921,.T.);
#13921 = EDGE_CURVE('',#8221,#13922,#13924,.T.);
#13922 = VERTEX_POINT('',#13923);
#13923 = CARTESIAN_POINT('',(-1.25,1.54,7.5));
#13924 = SURFACE_CURVE('',#13925,(#13929,#13936),.PCURVE_S1.);
#13925 = LINE('',#13926,#13927);
#13926 = CARTESIAN_POINT('',(-2.25,1.54,7.5));
#13927 = VECTOR('',#13928,1.);
#13928 = DIRECTION('',(1.,0.,0.));
#13929 = PCURVE('',#8236,#13930);
#13930 = DEFINITIONAL_REPRESENTATION('',(#13931),#13935);
#13931 = LINE('',#13932,#13933);
#13932 = CARTESIAN_POINT('',(0.,-6.5));
#13933 = VECTOR('',#13934,1.);
#13934 = DIRECTION('',(1.,0.));
#13935 = ( GEOMETRIC_REPRESENTATION_CONTEXT(2) 
PARAMETRIC_REPRESENTATION_CONTEXT() REPRESENTATION_CONTEXT('2D SPACE',''
  ) );
#13936 = PCURVE('',#8264,#13937);
#13937 = DEFINITIONAL_REPRESENTATION('',(#13938),#13942);
#13938 = LINE('',#13939,#13940);
#13939 = CARTESIAN_POINT('',(-0.5,-1.));
#13940 = VECTOR('',#13941,1.);
#13941 = DIRECTION('',(1.,0.));
#13942 = ( GEOMETRIC_REPRESENTATION_CONTEXT(2) 
PARAMETRIC_REPRESENTATION_CONTEXT() REPRESENTATION_CONTEXT('2D SPACE',''
  ) );
#13943 = ORIENTED_EDGE('',*,*,#13944,.F.);
#13944 = EDGE_CURVE('',#13796,#13922,#13945,.T.);
#13945 = SURFACE_CURVE('',#13946,(#13950,#13957),.PCURVE_S1.);
#13946 = LINE('',#13947,#13948);
#13947 = CARTESIAN_POINT('',(-1.25,1.54,1.));
#13948 = VECTOR('',#13949,1.);
#13949 = DIRECTION('',(0.,0.,1.));
#13950 = PCURVE('',#8236,#13951);
#13951 = DEFINITIONAL_REPRESENTATION('',(#13952),#13956);
#13952 = LINE('',#13953,#13954);
#13953 = CARTESIAN_POINT('',(1.,0.));
#13954 = VECTOR('',#13955,1.);
#13955 = DIRECTION('',(0.,-1.));
#13956 = ( GEOMETRIC_REPRESENTATION_CONTEXT(2) 
PARAMETRIC_REPRESENTATION_CONTEXT() REPRESENTATION_CONTEXT('2D SPACE',''
  ) );
#13957 = PCURVE('',#13834,#13958);
#13958 = DEFINITIONAL_REPRESENTATION('',(#13959),#13963);
#13959 = LINE('',#13960,#13961);
#13960 = CARTESIAN_POINT('',(0.,0.));
#13961 = VECTOR('',#13962,1.);
#13962 = DIRECTION('',(0.,-1.));
#13963 = ( GEOMETRIC_REPRESENTATION_CONTEXT(2) 
PARAMETRIC_REPRESENTATION_CONTEXT() REPRESENTATION_CONTEXT('2D SPACE',''
  ) );
#13964 = ORIENTED_EDGE('',*,*,#13795,.F.);
#13965 = ADVANCED_FACE('',(#13966),#8264,.T.);
#13966 = FACE_BOUND('',#13967,.T.);
#13967 = EDGE_LOOP('',(#13968,#13969,#13990,#13991));
#13968 = ORIENTED_EDGE('',*,*,#13921,.T.);
#13969 = ORIENTED_EDGE('',*,*,#13970,.T.);
#13970 = EDGE_CURVE('',#13922,#13872,#13971,.T.);
#13971 = SURFACE_CURVE('',#13972,(#13976,#13983),.PCURVE_S1.);
#13972 = LINE('',#13973,#13974);
#13973 = CARTESIAN_POINT('',(-1.25,1.54,7.5));
#13974 = VECTOR('',#13975,1.);
#13975 = DIRECTION('',(0.,1.,0.));
#13976 = PCURVE('',#8264,#13977);
#13977 = DEFINITIONAL_REPRESENTATION('',(#13978),#13982);
#13978 = LINE('',#13979,#13980);
#13979 = CARTESIAN_POINT('',(0.5,-1.));
#13980 = VECTOR('',#13981,1.);
#13981 = DIRECTION('',(0.,1.));
#13982 = ( GEOMETRIC_REPRESENTATION_CONTEXT(2) 
PARAMETRIC_REPRESENTATION_CONTEXT() REPRESENTATION_CONTEXT('2D SPACE',''
  ) );
#13983 = PCURVE('',#13834,#13984);
#13984 = DEFINITIONAL_REPRESENTATION('',(#13985),#13989);
#13985 = LINE('',#13986,#13987);
#13986 = CARTESIAN_POINT('',(0.,-6.5));
#13987 = VECTOR('',#13988,1.);
#13988 = DIRECTION('',(1.,0.));
#13989 = ( GEOMETRIC_REPRESENTATION_CONTEXT(2) 
PARAMETRIC_REPRESENTATION_CONTEXT() REPRESENTATION_CONTEXT('2D SPACE',''
  ) );
#13990 = ORIENTED_EDGE('',*,*,#13894,.T.);
#13991 = ORIENTED_EDGE('',*,*,#8248,.T.);
#13992 = ADVANCED_FACE('',(#13993),#8588,.F.);
#13993 = FACE_BOUND('',#13994,.F.);
#13994 = EDGE_LOOP('',(#13995,#14025,#14046,#14047));
#13995 = ORIENTED_EDGE('',*,*,#13996,.T.);
#13996 = EDGE_CURVE('',#13997,#13999,#14001,.T.);
#13997 = VERTEX_POINT('',#13998);
#13998 = CARTESIAN_POINT('',(1.25,1.54,1.));
#13999 = VERTEX_POINT('',#14000);
#14000 = CARTESIAN_POINT('',(1.25,1.54,7.5));
#14001 = SURFACE_CURVE('',#14002,(#14006,#14013),.PCURVE_S1.);
#14002 = LINE('',#14003,#14004);
#14003 = CARTESIAN_POINT('',(1.25,1.54,1.));
#14004 = VECTOR('',#14005,1.);
#14005 = DIRECTION('',(0.,0.,1.));
#14006 = PCURVE('',#8588,#14007);
#14007 = DEFINITIONAL_REPRESENTATION('',(#14008),#14012);
#14008 = LINE('',#14009,#14010);
#14009 = CARTESIAN_POINT('',(0.,0.));
#14010 = VECTOR('',#14011,1.);
#14011 = DIRECTION('',(0.,-1.));
#14012 = ( GEOMETRIC_REPRESENTATION_CONTEXT(2) 
PARAMETRIC_REPRESENTATION_CONTEXT() REPRESENTATION_CONTEXT('2D SPACE',''
  ) );
#14013 = PCURVE('',#14014,#14019);
#14014 = PLANE('',#14015);
#14015 = AXIS2_PLACEMENT_3D('',#14016,#14017,#14018);
#14016 = CARTESIAN_POINT('',(1.25,3.54,1.));
#14017 = DIRECTION('',(1.,0.,-0.));
#14018 = DIRECTION('',(0.,-1.,0.));
#14019 = DEFINITIONAL_REPRESENTATION('',(#14020),#14024);
#14020 = LINE('',#14021,#14022);
#14021 = CARTESIAN_POINT('',(2.,0.));
#14022 = VECTOR('',#14023,1.);
#14023 = DIRECTION('',(0.,-1.));
#14024 = ( GEOMETRIC_REPRESENTATION_CONTEXT(2) 
PARAMETRIC_REPRESENTATION_CONTEXT() REPRESENTATION_CONTEXT('2D SPACE',''
  ) );
#14025 = ORIENTED_EDGE('',*,*,#14026,.T.);
#14026 = EDGE_CURVE('',#13999,#8573,#14027,.T.);
#14027 = SURFACE_CURVE('',#14028,(#14032,#14039),.PCURVE_S1.);
#14028 = LINE('',#14029,#14030);
#14029 = CARTESIAN_POINT('',(1.25,1.54,7.5));
#14030 = VECTOR('',#14031,1.);
#14031 = DIRECTION('',(1.,0.,0.));
#14032 = PCURVE('',#8588,#14033);
#14033 = DEFINITIONAL_REPRESENTATION('',(#14034),#14038);
#14034 = LINE('',#14035,#14036);
#14035 = CARTESIAN_POINT('',(0.,-6.5));
#14036 = VECTOR('',#14037,1.);
#14037 = DIRECTION('',(1.,0.));
#14038 = ( GEOMETRIC_REPRESENTATION_CONTEXT(2) 
PARAMETRIC_REPRESENTATION_CONTEXT() REPRESENTATION_CONTEXT('2D SPACE',''
  ) );
#14039 = PCURVE('',#8670,#14040);
#14040 = DEFINITIONAL_REPRESENTATION('',(#14041),#14045);
#14041 = LINE('',#14042,#14043);
#14042 = CARTESIAN_POINT('',(-0.5,-1.));
#14043 = VECTOR('',#14044,1.);
#14044 = DIRECTION('',(1.,0.));
#14045 = ( GEOMETRIC_REPRESENTATION_CONTEXT(2) 
PARAMETRIC_REPRESENTATION_CONTEXT() REPRESENTATION_CONTEXT('2D SPACE',''
  ) );
#14046 = ORIENTED_EDGE('',*,*,#8570,.F.);
#14047 = ORIENTED_EDGE('',*,*,#14048,.F.);
#14048 = EDGE_CURVE('',#13997,#8571,#14049,.T.);
#14049 = SURFACE_CURVE('',#14050,(#14054,#14061),.PCURVE_S1.);
#14050 = LINE('',#14051,#14052);
#14051 = CARTESIAN_POINT('',(1.25,1.54,1.));
#14052 = VECTOR('',#14053,1.);
#14053 = DIRECTION('',(1.,0.,0.));
#14054 = PCURVE('',#8588,#14055);
#14055 = DEFINITIONAL_REPRESENTATION('',(#14056),#14060);
#14056 = LINE('',#14057,#14058);
#14057 = CARTESIAN_POINT('',(0.,0.));
#14058 = VECTOR('',#14059,1.);
#14059 = DIRECTION('',(1.,0.));
#14060 = ( GEOMETRIC_REPRESENTATION_CONTEXT(2) 
PARAMETRIC_REPRESENTATION_CONTEXT() REPRESENTATION_CONTEXT('2D SPACE',''
  ) );
#14061 = PCURVE('',#8616,#14062);
#14062 = DEFINITIONAL_REPRESENTATION('',(#14063),#14067);
#14063 = LINE('',#14064,#14065);
#14064 = CARTESIAN_POINT('',(-0.5,-1.));
#14065 = VECTOR('',#14066,1.);
#14066 = DIRECTION('',(1.,0.));
#14067 = ( GEOMETRIC_REPRESENTATION_CONTEXT(2) 
PARAMETRIC_REPRESENTATION_CONTEXT() REPRESENTATION_CONTEXT('2D SPACE',''
  ) );
#14068 = ADVANCED_FACE('',(#14069),#8616,.F.);
#14069 = FACE_BOUND('',#14070,.F.);
#14070 = EDGE_LOOP('',(#14071,#14072,#14073,#14096));
#14071 = ORIENTED_EDGE('',*,*,#14048,.T.);
#14072 = ORIENTED_EDGE('',*,*,#8600,.T.);
#14073 = ORIENTED_EDGE('',*,*,#14074,.T.);
#14074 = EDGE_CURVE('',#8601,#14075,#14077,.T.);
#14075 = VERTEX_POINT('',#14076);
#14076 = CARTESIAN_POINT('',(1.25,3.54,1.));
#14077 = SURFACE_CURVE('',#14078,(#14082,#14089),.PCURVE_S1.);
#14078 = LINE('',#14079,#14080);
#14079 = CARTESIAN_POINT('',(2.25,3.54,1.));
#14080 = VECTOR('',#14081,1.);
#14081 = DIRECTION('',(-1.,0.,0.));
#14082 = PCURVE('',#8616,#14083);
#14083 = DEFINITIONAL_REPRESENTATION('',(#14084),#14088);
#14084 = LINE('',#14085,#14086);
#14085 = CARTESIAN_POINT('',(0.5,1.));
#14086 = VECTOR('',#14087,1.);
#14087 = DIRECTION('',(-1.,0.));
#14088 = ( GEOMETRIC_REPRESENTATION_CONTEXT(2) 
PARAMETRIC_REPRESENTATION_CONTEXT() REPRESENTATION_CONTEXT('2D SPACE',''
  ) );
#14089 = PCURVE('',#8644,#14090);
#14090 = DEFINITIONAL_REPRESENTATION('',(#14091),#14095);
#14091 = LINE('',#14092,#14093);
#14092 = CARTESIAN_POINT('',(0.,-0.));
#14093 = VECTOR('',#14094,1.);
#14094 = DIRECTION('',(1.,0.));
#14095 = ( GEOMETRIC_REPRESENTATION_CONTEXT(2) 
PARAMETRIC_REPRESENTATION_CONTEXT() REPRESENTATION_CONTEXT('2D SPACE',''
  ) );
#14096 = ORIENTED_EDGE('',*,*,#14097,.T.);
#14097 = EDGE_CURVE('',#14075,#13997,#14098,.T.);
#14098 = SURFACE_CURVE('',#14099,(#14103,#14110),.PCURVE_S1.);
#14099 = LINE('',#14100,#14101);
#14100 = CARTESIAN_POINT('',(1.25,3.54,1.));
#14101 = VECTOR('',#14102,1.);
#14102 = DIRECTION('',(0.,-1.,0.));
#14103 = PCURVE('',#8616,#14104);
#14104 = DEFINITIONAL_REPRESENTATION('',(#14105),#14109);
#14105 = LINE('',#14106,#14107);
#14106 = CARTESIAN_POINT('',(-0.5,1.));
#14107 = VECTOR('',#14108,1.);
#14108 = DIRECTION('',(0.,-1.));
#14109 = ( GEOMETRIC_REPRESENTATION_CONTEXT(2) 
PARAMETRIC_REPRESENTATION_CONTEXT() REPRESENTATION_CONTEXT('2D SPACE',''
  ) );
#14110 = PCURVE('',#14014,#14111);
#14111 = DEFINITIONAL_REPRESENTATION('',(#14112),#14116);
#14112 = LINE('',#14113,#14114);
#14113 = CARTESIAN_POINT('',(0.,0.));
#14114 = VECTOR('',#14115,1.);
#14115 = DIRECTION('',(1.,0.));
#14116 = ( GEOMETRIC_REPRESENTATION_CONTEXT(2) 
PARAMETRIC_REPRESENTATION_CONTEXT() REPRESENTATION_CONTEXT('2D SPACE',''
  ) );
#14117 = ADVANCED_FACE('',(#14118),#8670,.T.);
#14118 = FACE_BOUND('',#14119,.T.);
#14119 = EDGE_LOOP('',(#14120,#14121,#14122,#14145));
#14120 = ORIENTED_EDGE('',*,*,#14026,.T.);
#14121 = ORIENTED_EDGE('',*,*,#8656,.T.);
#14122 = ORIENTED_EDGE('',*,*,#14123,.T.);
#14123 = EDGE_CURVE('',#8629,#14124,#14126,.T.);
#14124 = VERTEX_POINT('',#14125);
#14125 = CARTESIAN_POINT('',(1.25,3.54,7.5));
#14126 = SURFACE_CURVE('',#14127,(#14131,#14138),.PCURVE_S1.);
#14127 = LINE('',#14128,#14129);
#14128 = CARTESIAN_POINT('',(2.25,3.54,7.5));
#14129 = VECTOR('',#14130,1.);
#14130 = DIRECTION('',(-1.,0.,0.));
#14131 = PCURVE('',#8670,#14132);
#14132 = DEFINITIONAL_REPRESENTATION('',(#14133),#14137);
#14133 = LINE('',#14134,#14135);
#14134 = CARTESIAN_POINT('',(0.5,1.));
#14135 = VECTOR('',#14136,1.);
#14136 = DIRECTION('',(-1.,0.));
#14137 = ( GEOMETRIC_REPRESENTATION_CONTEXT(2) 
PARAMETRIC_REPRESENTATION_CONTEXT() REPRESENTATION_CONTEXT('2D SPACE',''
  ) );
#14138 = PCURVE('',#8644,#14139);
#14139 = DEFINITIONAL_REPRESENTATION('',(#14140),#14144);
#14140 = LINE('',#14141,#14142);
#14141 = CARTESIAN_POINT('',(0.,-6.5));
#14142 = VECTOR('',#14143,1.);
#14143 = DIRECTION('',(1.,0.));
#14144 = ( GEOMETRIC_REPRESENTATION_CONTEXT(2) 
PARAMETRIC_REPRESENTATION_CONTEXT() REPRESENTATION_CONTEXT('2D SPACE',''
  ) );
#14145 = ORIENTED_EDGE('',*,*,#14146,.T.);
#14146 = EDGE_CURVE('',#14124,#13999,#14147,.T.);
#14147 = SURFACE_CURVE('',#14148,(#14152,#14159),.PCURVE_S1.);
#14148 = LINE('',#14149,#14150);
#14149 = CARTESIAN_POINT('',(1.25,3.54,7.5));
#14150 = VECTOR('',#14151,1.);
#14151 = DIRECTION('',(0.,-1.,0.));
#14152 = PCURVE('',#8670,#14153);
#14153 = DEFINITIONAL_REPRESENTATION('',(#14154),#14158);
#14154 = LINE('',#14155,#14156);
#14155 = CARTESIAN_POINT('',(-0.5,1.));
#14156 = VECTOR('',#14157,1.);
#14157 = DIRECTION('',(0.,-1.));
#14158 = ( GEOMETRIC_REPRESENTATION_CONTEXT(2) 
PARAMETRIC_REPRESENTATION_CONTEXT() REPRESENTATION_CONTEXT('2D SPACE',''
  ) );
#14159 = PCURVE('',#14014,#14160);
#14160 = DEFINITIONAL_REPRESENTATION('',(#14161),#14165);
#14161 = LINE('',#14162,#14163);
#14162 = CARTESIAN_POINT('',(0.,-6.5));
#14163 = VECTOR('',#14164,1.);
#14164 = DIRECTION('',(1.,0.));
#14165 = ( GEOMETRIC_REPRESENTATION_CONTEXT(2) 
PARAMETRIC_REPRESENTATION_CONTEXT() REPRESENTATION_CONTEXT('2D SPACE',''
  ) );
#14166 = ADVANCED_FACE('',(#14167),#8644,.F.);
#14167 = FACE_BOUND('',#14168,.F.);
#14168 = EDGE_LOOP('',(#14169,#14170,#14171,#14192));
#14169 = ORIENTED_EDGE('',*,*,#8628,.T.);
#14170 = ORIENTED_EDGE('',*,*,#14123,.T.);
#14171 = ORIENTED_EDGE('',*,*,#14172,.F.);
#14172 = EDGE_CURVE('',#14075,#14124,#14173,.T.);
#14173 = SURFACE_CURVE('',#14174,(#14178,#14185),.PCURVE_S1.);
#14174 = LINE('',#14175,#14176);
#14175 = CARTESIAN_POINT('',(1.25,3.54,1.));
#14176 = VECTOR('',#14177,1.);
#14177 = DIRECTION('',(0.,0.,1.));
#14178 = PCURVE('',#8644,#14179);
#14179 = DEFINITIONAL_REPRESENTATION('',(#14180),#14184);
#14180 = LINE('',#14181,#14182);
#14181 = CARTESIAN_POINT('',(1.,0.));
#14182 = VECTOR('',#14183,1.);
#14183 = DIRECTION('',(0.,-1.));
#14184 = ( GEOMETRIC_REPRESENTATION_CONTEXT(2) 
PARAMETRIC_REPRESENTATION_CONTEXT() REPRESENTATION_CONTEXT('2D SPACE',''
  ) );
#14185 = PCURVE('',#14014,#14186);
#14186 = DEFINITIONAL_REPRESENTATION('',(#14187),#14191);
#14187 = LINE('',#14188,#14189);
#14188 = CARTESIAN_POINT('',(0.,0.));
#14189 = VECTOR('',#14190,1.);
#14190 = DIRECTION('',(0.,-1.));
#14191 = ( GEOMETRIC_REPRESENTATION_CONTEXT(2) 
PARAMETRIC_REPRESENTATION_CONTEXT() REPRESENTATION_CONTEXT('2D SPACE',''
  ) );
#14192 = ORIENTED_EDGE('',*,*,#14074,.F.);
#14193 = ADVANCED_FACE('',(#14194),#8702,.F.);
#14194 = FACE_BOUND('',#14195,.F.);
#14195 = EDGE_LOOP('',(#14196,#14226,#14247,#14248));
#14196 = ORIENTED_EDGE('',*,*,#14197,.T.);
#14197 = EDGE_CURVE('',#14198,#14200,#14202,.T.);
#14198 = VERTEX_POINT('',#14199);
#14199 = CARTESIAN_POINT('',(1.25,19.32,1.));
#14200 = VERTEX_POINT('',#14201);
#14201 = CARTESIAN_POINT('',(1.25,19.32,7.5));
#14202 = SURFACE_CURVE('',#14203,(#14207,#14214),.PCURVE_S1.);
#14203 = LINE('',#14204,#14205);
#14204 = CARTESIAN_POINT('',(1.25,19.32,1.));
#14205 = VECTOR('',#14206,1.);
#14206 = DIRECTION('',(0.,0.,1.));
#14207 = PCURVE('',#8702,#14208);
#14208 = DEFINITIONAL_REPRESENTATION('',(#14209),#14213);
#14209 = LINE('',#14210,#14211);
#14210 = CARTESIAN_POINT('',(0.,0.));
#14211 = VECTOR('',#14212,1.);
#14212 = DIRECTION('',(0.,-1.));
#14213 = ( GEOMETRIC_REPRESENTATION_CONTEXT(2) 
PARAMETRIC_REPRESENTATION_CONTEXT() REPRESENTATION_CONTEXT('2D SPACE',''
  ) );
#14214 = PCURVE('',#14215,#14220);
#14215 = PLANE('',#14216);
#14216 = AXIS2_PLACEMENT_3D('',#14217,#14218,#14219);
#14217 = CARTESIAN_POINT('',(1.25,21.32,1.));
#14218 = DIRECTION('',(1.,0.,-0.));
#14219 = DIRECTION('',(0.,-1.,0.));
#14220 = DEFINITIONAL_REPRESENTATION('',(#14221),#14225);
#14221 = LINE('',#14222,#14223);
#14222 = CARTESIAN_POINT('',(2.,0.));
#14223 = VECTOR('',#14224,1.);
#14224 = DIRECTION('',(0.,-1.));
#14225 = ( GEOMETRIC_REPRESENTATION_CONTEXT(2) 
PARAMETRIC_REPRESENTATION_CONTEXT() REPRESENTATION_CONTEXT('2D SPACE',''
  ) );
#14226 = ORIENTED_EDGE('',*,*,#14227,.T.);
#14227 = EDGE_CURVE('',#14200,#8687,#14228,.T.);
#14228 = SURFACE_CURVE('',#14229,(#14233,#14240),.PCURVE_S1.);
#14229 = LINE('',#14230,#14231);
#14230 = CARTESIAN_POINT('',(1.25,19.32,7.5));
#14231 = VECTOR('',#14232,1.);
#14232 = DIRECTION('',(1.,0.,0.));
#14233 = PCURVE('',#8702,#14234);
#14234 = DEFINITIONAL_REPRESENTATION('',(#14235),#14239);
#14235 = LINE('',#14236,#14237);
#14236 = CARTESIAN_POINT('',(0.,-6.5));
#14237 = VECTOR('',#14238,1.);
#14238 = DIRECTION('',(1.,0.));
#14239 = ( GEOMETRIC_REPRESENTATION_CONTEXT(2) 
PARAMETRIC_REPRESENTATION_CONTEXT() REPRESENTATION_CONTEXT('2D SPACE',''
  ) );
#14240 = PCURVE('',#8784,#14241);
#14241 = DEFINITIONAL_REPRESENTATION('',(#14242),#14246);
#14242 = LINE('',#14243,#14244);
#14243 = CARTESIAN_POINT('',(-0.5,-1.));
#14244 = VECTOR('',#14245,1.);
#14245 = DIRECTION('',(1.,0.));
#14246 = ( GEOMETRIC_REPRESENTATION_CONTEXT(2) 
PARAMETRIC_REPRESENTATION_CONTEXT() REPRESENTATION_CONTEXT('2D SPACE',''
  ) );
#14247 = ORIENTED_EDGE('',*,*,#8684,.F.);
#14248 = ORIENTED_EDGE('',*,*,#14249,.F.);
#14249 = EDGE_CURVE('',#14198,#8685,#14250,.T.);
#14250 = SURFACE_CURVE('',#14251,(#14255,#14262),.PCURVE_S1.);
#14251 = LINE('',#14252,#14253);
#14252 = CARTESIAN_POINT('',(1.25,19.32,1.));
#14253 = VECTOR('',#14254,1.);
#14254 = DIRECTION('',(1.,0.,0.));
#14255 = PCURVE('',#8702,#14256);
#14256 = DEFINITIONAL_REPRESENTATION('',(#14257),#14261);
#14257 = LINE('',#14258,#14259);
#14258 = CARTESIAN_POINT('',(0.,0.));
#14259 = VECTOR('',#14260,1.);
#14260 = DIRECTION('',(1.,0.));
#14261 = ( GEOMETRIC_REPRESENTATION_CONTEXT(2) 
PARAMETRIC_REPRESENTATION_CONTEXT() REPRESENTATION_CONTEXT('2D SPACE',''
  ) );
#14262 = PCURVE('',#8730,#14263);
#14263 = DEFINITIONAL_REPRESENTATION('',(#14264),#14268);
#14264 = LINE('',#14265,#14266);
#14265 = CARTESIAN_POINT('',(-0.5,-1.));
#14266 = VECTOR('',#14267,1.);
#14267 = DIRECTION('',(1.,0.));
#14268 = ( GEOMETRIC_REPRESENTATION_CONTEXT(2) 
PARAMETRIC_REPRESENTATION_CONTEXT() REPRESENTATION_CONTEXT('2D SPACE',''
  ) );
#14269 = ADVANCED_FACE('',(#14270),#8784,.T.);
#14270 = FACE_BOUND('',#14271,.T.);
#14271 = EDGE_LOOP('',(#14272,#14273,#14274,#14297));
#14272 = ORIENTED_EDGE('',*,*,#14227,.T.);
#14273 = ORIENTED_EDGE('',*,*,#8770,.T.);
#14274 = ORIENTED_EDGE('',*,*,#14275,.T.);
#14275 = EDGE_CURVE('',#8743,#14276,#14278,.T.);
#14276 = VERTEX_POINT('',#14277);
#14277 = CARTESIAN_POINT('',(1.25,21.32,7.5));
#14278 = SURFACE_CURVE('',#14279,(#14283,#14290),.PCURVE_S1.);
#14279 = LINE('',#14280,#14281);
#14280 = CARTESIAN_POINT('',(2.25,21.32,7.5));
#14281 = VECTOR('',#14282,1.);
#14282 = DIRECTION('',(-1.,0.,0.));
#14283 = PCURVE('',#8784,#14284);
#14284 = DEFINITIONAL_REPRESENTATION('',(#14285),#14289);
#14285 = LINE('',#14286,#14287);
#14286 = CARTESIAN_POINT('',(0.5,1.));
#14287 = VECTOR('',#14288,1.);
#14288 = DIRECTION('',(-1.,0.));
#14289 = ( GEOMETRIC_REPRESENTATION_CONTEXT(2) 
PARAMETRIC_REPRESENTATION_CONTEXT() REPRESENTATION_CONTEXT('2D SPACE',''
  ) );
#14290 = PCURVE('',#8758,#14291);
#14291 = DEFINITIONAL_REPRESENTATION('',(#14292),#14296);
#14292 = LINE('',#14293,#14294);
#14293 = CARTESIAN_POINT('',(0.,-6.5));
#14294 = VECTOR('',#14295,1.);
#14295 = DIRECTION('',(1.,0.));
#14296 = ( GEOMETRIC_REPRESENTATION_CONTEXT(2) 
PARAMETRIC_REPRESENTATION_CONTEXT() REPRESENTATION_CONTEXT('2D SPACE',''
  ) );
#14297 = ORIENTED_EDGE('',*,*,#14298,.T.);
#14298 = EDGE_CURVE('',#14276,#14200,#14299,.T.);
#14299 = SURFACE_CURVE('',#14300,(#14304,#14311),.PCURVE_S1.);
#14300 = LINE('',#14301,#14302);
#14301 = CARTESIAN_POINT('',(1.25,21.32,7.5));
#14302 = VECTOR('',#14303,1.);
#14303 = DIRECTION('',(0.,-1.,0.));
#14304 = PCURVE('',#8784,#14305);
#14305 = DEFINITIONAL_REPRESENTATION('',(#14306),#14310);
#14306 = LINE('',#14307,#14308);
#14307 = CARTESIAN_POINT('',(-0.5,1.));
#14308 = VECTOR('',#14309,1.);
#14309 = DIRECTION('',(0.,-1.));
#14310 = ( GEOMETRIC_REPRESENTATION_CONTEXT(2) 
PARAMETRIC_REPRESENTATION_CONTEXT() REPRESENTATION_CONTEXT('2D SPACE',''
  ) );
#14311 = PCURVE('',#14215,#14312);
#14312 = DEFINITIONAL_REPRESENTATION('',(#14313),#14317);
#14313 = LINE('',#14314,#14315);
#14314 = CARTESIAN_POINT('',(0.,-6.5));
#14315 = VECTOR('',#14316,1.);
#14316 = DIRECTION('',(1.,0.));
#14317 = ( GEOMETRIC_REPRESENTATION_CONTEXT(2) 
PARAMETRIC_REPRESENTATION_CONTEXT() REPRESENTATION_CONTEXT('2D SPACE',''
  ) );
#14318 = ADVANCED_FACE('',(#14319),#8758,.F.);
#14319 = FACE_BOUND('',#14320,.F.);
#14320 = EDGE_LOOP('',(#14321,#14322,#14323,#14346));
#14321 = ORIENTED_EDGE('',*,*,#8742,.T.);
#14322 = ORIENTED_EDGE('',*,*,#14275,.T.);
#14323 = ORIENTED_EDGE('',*,*,#14324,.F.);
#14324 = EDGE_CURVE('',#14325,#14276,#14327,.T.);
#14325 = VERTEX_POINT('',#14326);
#14326 = CARTESIAN_POINT('',(1.25,21.32,1.));
#14327 = SURFACE_CURVE('',#14328,(#14332,#14339),.PCURVE_S1.);
#14328 = LINE('',#14329,#14330);
#14329 = CARTESIAN_POINT('',(1.25,21.32,1.));
#14330 = VECTOR('',#14331,1.);
#14331 = DIRECTION('',(0.,0.,1.));
#14332 = PCURVE('',#8758,#14333);
#14333 = DEFINITIONAL_REPRESENTATION('',(#14334),#14338);
#14334 = LINE('',#14335,#14336);
#14335 = CARTESIAN_POINT('',(1.,0.));
#14336 = VECTOR('',#14337,1.);
#14337 = DIRECTION('',(0.,-1.));
#14338 = ( GEOMETRIC_REPRESENTATION_CONTEXT(2) 
PARAMETRIC_REPRESENTATION_CONTEXT() REPRESENTATION_CONTEXT('2D SPACE',''
  ) );
#14339 = PCURVE('',#14215,#14340);
#14340 = DEFINITIONAL_REPRESENTATION('',(#14341),#14345);
#14341 = LINE('',#14342,#14343);
#14342 = CARTESIAN_POINT('',(0.,0.));
#14343 = VECTOR('',#14344,1.);
#14344 = DIRECTION('',(0.,-1.));
#14345 = ( GEOMETRIC_REPRESENTATION_CONTEXT(2) 
PARAMETRIC_REPRESENTATION_CONTEXT() REPRESENTATION_CONTEXT('2D SPACE',''
  ) );
#14346 = ORIENTED_EDGE('',*,*,#14347,.F.);
#14347 = EDGE_CURVE('',#8715,#14325,#14348,.T.);
#14348 = SURFACE_CURVE('',#14349,(#14353,#14360),.PCURVE_S1.);
#14349 = LINE('',#14350,#14351);
#14350 = CARTESIAN_POINT('',(2.25,21.32,1.));
#14351 = VECTOR('',#14352,1.);
#14352 = DIRECTION('',(-1.,0.,0.));
#14353 = PCURVE('',#8758,#14354);
#14354 = DEFINITIONAL_REPRESENTATION('',(#14355),#14359);
#14355 = LINE('',#14356,#14357);
#14356 = CARTESIAN_POINT('',(0.,-0.));
#14357 = VECTOR('',#14358,1.);
#14358 = DIRECTION('',(1.,0.));
#14359 = ( GEOMETRIC_REPRESENTATION_CONTEXT(2) 
PARAMETRIC_REPRESENTATION_CONTEXT() REPRESENTATION_CONTEXT('2D SPACE',''
  ) );
#14360 = PCURVE('',#8730,#14361);
#14361 = DEFINITIONAL_REPRESENTATION('',(#14362),#14366);
#14362 = LINE('',#14363,#14364);
#14363 = CARTESIAN_POINT('',(0.5,1.));
#14364 = VECTOR('',#14365,1.);
#14365 = DIRECTION('',(-1.,0.));
#14366 = ( GEOMETRIC_REPRESENTATION_CONTEXT(2) 
PARAMETRIC_REPRESENTATION_CONTEXT() REPRESENTATION_CONTEXT('2D SPACE',''
  ) );
#14367 = ADVANCED_FACE('',(#14368),#8730,.F.);
#14368 = FACE_BOUND('',#14369,.F.);
#14369 = EDGE_LOOP('',(#14370,#14371,#14372,#14373));
#14370 = ORIENTED_EDGE('',*,*,#14249,.T.);
#14371 = ORIENTED_EDGE('',*,*,#8714,.T.);
#14372 = ORIENTED_EDGE('',*,*,#14347,.T.);
#14373 = ORIENTED_EDGE('',*,*,#14374,.T.);
#14374 = EDGE_CURVE('',#14325,#14198,#14375,.T.);
#14375 = SURFACE_CURVE('',#14376,(#14380,#14387),.PCURVE_S1.);
#14376 = LINE('',#14377,#14378);
#14377 = CARTESIAN_POINT('',(1.25,21.32,1.));
#14378 = VECTOR('',#14379,1.);
#14379 = DIRECTION('',(0.,-1.,0.));
#14380 = PCURVE('',#8730,#14381);
#14381 = DEFINITIONAL_REPRESENTATION('',(#14382),#14386);
#14382 = LINE('',#14383,#14384);
#14383 = CARTESIAN_POINT('',(-0.5,1.));
#14384 = VECTOR('',#14385,1.);
#14385 = DIRECTION('',(0.,-1.));
#14386 = ( GEOMETRIC_REPRESENTATION_CONTEXT(2) 
PARAMETRIC_REPRESENTATION_CONTEXT() REPRESENTATION_CONTEXT('2D SPACE',''
  ) );
#14387 = PCURVE('',#14215,#14388);
#14388 = DEFINITIONAL_REPRESENTATION('',(#14389),#14393);
#14389 = LINE('',#14390,#14391);
#14390 = CARTESIAN_POINT('',(0.,0.));
#14391 = VECTOR('',#14392,1.);
#14392 = DIRECTION('',(1.,0.));
#14393 = ( GEOMETRIC_REPRESENTATION_CONTEXT(2) 
PARAMETRIC_REPRESENTATION_CONTEXT() REPRESENTATION_CONTEXT('2D SPACE',''
  ) );
#14394 = ADVANCED_FACE('',(#14395),#9151,.T.);
#14395 = FACE_BOUND('',#14396,.F.);
#14396 = EDGE_LOOP('',(#14397,#14398,#14399,#14400,#14401,#14402,#14403,
    #14404,#14405,#14406,#14407,#14408,#14409));
#14397 = ORIENTED_EDGE('',*,*,#9135,.T.);
#14398 = ORIENTED_EDGE('',*,*,#9189,.T.);
#14399 = ORIENTED_EDGE('',*,*,#9238,.T.);
#14400 = ORIENTED_EDGE('',*,*,#9287,.T.);
#14401 = ORIENTED_EDGE('',*,*,#9336,.T.);
#14402 = ORIENTED_EDGE('',*,*,#9385,.T.);
#14403 = ORIENTED_EDGE('',*,*,#9434,.T.);
#14404 = ORIENTED_EDGE('',*,*,#9483,.T.);
#14405 = ORIENTED_EDGE('',*,*,#9532,.T.);
#14406 = ORIENTED_EDGE('',*,*,#9581,.T.);
#14407 = ORIENTED_EDGE('',*,*,#9630,.T.);
#14408 = ORIENTED_EDGE('',*,*,#9679,.T.);
#14409 = ORIENTED_EDGE('',*,*,#9728,.T.);
#14410 = ADVANCED_FACE('',(#14411),#9793,.T.);
#14411 = FACE_BOUND('',#14412,.F.);
#14412 = EDGE_LOOP('',(#14413,#14414,#14415,#14416,#14417,#14418,#14419,
    #14420,#14421,#14422,#14423,#14424));
#14413 = ORIENTED_EDGE('',*,*,#9777,.T.);
#14414 = ORIENTED_EDGE('',*,*,#9831,.T.);
#14415 = ORIENTED_EDGE('',*,*,#9880,.T.);
#14416 = ORIENTED_EDGE('',*,*,#9929,.T.);
#14417 = ORIENTED_EDGE('',*,*,#9978,.T.);
#14418 = ORIENTED_EDGE('',*,*,#10027,.T.);
#14419 = ORIENTED_EDGE('',*,*,#10076,.T.);
#14420 = ORIENTED_EDGE('',*,*,#10125,.T.);
#14421 = ORIENTED_EDGE('',*,*,#10174,.T.);
#14422 = ORIENTED_EDGE('',*,*,#10223,.T.);
#14423 = ORIENTED_EDGE('',*,*,#10272,.T.);
#14424 = ORIENTED_EDGE('',*,*,#10321,.T.);
#14425 = ADVANCED_FACE('',(#14426),#10386,.T.);
#14426 = FACE_BOUND('',#14427,.F.);
#14427 = EDGE_LOOP('',(#14428,#14429,#14430,#14431,#14432,#14433,#14434,
    #14435,#14436,#14437,#14438,#14439));
#14428 = ORIENTED_EDGE('',*,*,#10370,.T.);
#14429 = ORIENTED_EDGE('',*,*,#10424,.T.);
#14430 = ORIENTED_EDGE('',*,*,#10473,.T.);
#14431 = ORIENTED_EDGE('',*,*,#10522,.T.);
#14432 = ORIENTED_EDGE('',*,*,#10571,.T.);
#14433 = ORIENTED_EDGE('',*,*,#10620,.T.);
#14434 = ORIENTED_EDGE('',*,*,#10669,.T.);
#14435 = ORIENTED_EDGE('',*,*,#10718,.T.);
#14436 = ORIENTED_EDGE('',*,*,#10767,.T.);
#14437 = ORIENTED_EDGE('',*,*,#10816,.T.);
#14438 = ORIENTED_EDGE('',*,*,#10865,.T.);
#14439 = ORIENTED_EDGE('',*,*,#10914,.T.);
#14440 = ADVANCED_FACE('',(#14441),#10979,.T.);
#14441 = FACE_BOUND('',#14442,.F.);
#14442 = EDGE_LOOP('',(#14443,#14444,#14445,#14446,#14447,#14448,#14449,
    #14450,#14451,#14452,#14453,#14454));
#14443 = ORIENTED_EDGE('',*,*,#10963,.T.);
#14444 = ORIENTED_EDGE('',*,*,#11017,.T.);
#14445 = ORIENTED_EDGE('',*,*,#11066,.T.);
#14446 = ORIENTED_EDGE('',*,*,#11115,.T.);
#14447 = ORIENTED_EDGE('',*,*,#11164,.T.);
#14448 = ORIENTED_EDGE('',*,*,#11213,.T.);
#14449 = ORIENTED_EDGE('',*,*,#11262,.T.);
#14450 = ORIENTED_EDGE('',*,*,#11311,.T.);
#14451 = ORIENTED_EDGE('',*,*,#11360,.T.);
#14452 = ORIENTED_EDGE('',*,*,#11409,.T.);
#14453 = ORIENTED_EDGE('',*,*,#11458,.T.);
#14454 = ORIENTED_EDGE('',*,*,#11507,.T.);
#14455 = ADVANCED_FACE('',(#14456),#11572,.T.);
#14456 = FACE_BOUND('',#14457,.F.);
#14457 = EDGE_LOOP('',(#14458,#14459,#14460,#14461,#14462,#14463,#14464,
    #14465,#14466));
#14458 = ORIENTED_EDGE('',*,*,#11556,.T.);
#14459 = ORIENTED_EDGE('',*,*,#11610,.T.);
#14460 = ORIENTED_EDGE('',*,*,#11659,.T.);
#14461 = ORIENTED_EDGE('',*,*,#11708,.T.);
#14462 = ORIENTED_EDGE('',*,*,#11757,.T.);
#14463 = ORIENTED_EDGE('',*,*,#11806,.T.);
#14464 = ORIENTED_EDGE('',*,*,#11855,.T.);
#14465 = ORIENTED_EDGE('',*,*,#11904,.T.);
#14466 = ORIENTED_EDGE('',*,*,#11953,.T.);
#14467 = ADVANCED_FACE('',(#14468,#14478),#12018,.T.);
#14468 = FACE_BOUND('',#14469,.F.);
#14469 = EDGE_LOOP('',(#14470,#14471,#14472,#14473,#14474,#14475,#14476,
    #14477));
#14470 = ORIENTED_EDGE('',*,*,#12350,.T.);
#14471 = ORIENTED_EDGE('',*,*,#12002,.T.);
#14472 = ORIENTED_EDGE('',*,*,#12056,.T.);
#14473 = ORIENTED_EDGE('',*,*,#12105,.T.);
#14474 = ORIENTED_EDGE('',*,*,#12154,.T.);
#14475 = ORIENTED_EDGE('',*,*,#12203,.T.);
#14476 = ORIENTED_EDGE('',*,*,#12252,.T.);
#14477 = ORIENTED_EDGE('',*,*,#12301,.T.);
#14478 = FACE_BOUND('',#14479,.F.);
#14479 = EDGE_LOOP('',(#14480,#14512,#14542,#14572,#14602,#14632,#14662,
    #14692,#14722,#14752,#14782,#14812));
#14480 = ORIENTED_EDGE('',*,*,#14481,.T.);
#14481 = EDGE_CURVE('',#14482,#14484,#14486,.T.);
#14482 = VERTEX_POINT('',#14483);
#14483 = CARTESIAN_POINT('',(3.85,19.461884765625,7.403564453125));
#14484 = VERTEX_POINT('',#14485);
#14485 = CARTESIAN_POINT('',(3.85,19.275263671875,7.3369140625));
#14486 = SURFACE_CURVE('',#14487,(#14491,#14498),.PCURVE_S1.);
#14487 = B_SPLINE_CURVE_WITH_KNOTS('',2,(#14488,#14489,#14490),
  .UNSPECIFIED.,.F.,.F.,(3,3),(0.,1.),.PIECEWISE_BEZIER_KNOTS.);
#14488 = CARTESIAN_POINT('',(3.85,19.461884765625,7.403564453125));
#14489 = CARTESIAN_POINT('',(3.85,19.357294921875,7.403564453125));
#14490 = CARTESIAN_POINT('',(3.85,19.275263671875,7.3369140625));
#14491 = PCURVE('',#12018,#14492);
#14492 = DEFINITIONAL_REPRESENTATION('',(#14493),#14497);
#14493 = B_SPLINE_CURVE_WITH_KNOTS('',2,(#14494,#14495,#14496),
  .UNSPECIFIED.,.F.,.F.,(3,3),(0.,1.),.PIECEWISE_BEZIER_KNOTS.);
#14494 = CARTESIAN_POINT('',(1.1525390625,2.54091796875));
#14495 = CARTESIAN_POINT('',(1.04794921875,2.54091796875));
#14496 = CARTESIAN_POINT('',(0.96591796875,2.474267578125));
#14497 = ( GEOMETRIC_REPRESENTATION_CONTEXT(2) 
PARAMETRIC_REPRESENTATION_CONTEXT() REPRESENTATION_CONTEXT('2D SPACE',''
  ) );
#14498 = PCURVE('',#14499,#14506);
#14499 = SURFACE_OF_LINEAR_EXTRUSION('',#14500,#14504);
#14500 = B_SPLINE_CURVE_WITH_KNOTS('',2,(#14501,#14502,#14503),
  .UNSPECIFIED.,.F.,.F.,(3,3),(0.,1.),.PIECEWISE_BEZIER_KNOTS.);
#14501 = CARTESIAN_POINT('',(3.25,19.461884765625,7.403564453125));
#14502 = CARTESIAN_POINT('',(3.25,19.357294921875,7.403564453125));
#14503 = CARTESIAN_POINT('',(3.25,19.275263671875,7.3369140625));
#14504 = VECTOR('',#14505,1.);
#14505 = DIRECTION('',(-1.,-0.,-0.));
#14506 = DEFINITIONAL_REPRESENTATION('',(#14507),#14511);
#14507 = LINE('',#14508,#14509);
#14508 = CARTESIAN_POINT('',(0.,-0.6));
#14509 = VECTOR('',#14510,1.);
#14510 = DIRECTION('',(1.,0.));
#14511 = ( GEOMETRIC_REPRESENTATION_CONTEXT(2) 
PARAMETRIC_REPRESENTATION_CONTEXT() REPRESENTATION_CONTEXT('2D SPACE',''
  ) );
#14512 = ORIENTED_EDGE('',*,*,#14513,.T.);
#14513 = EDGE_CURVE('',#14484,#14514,#14516,.T.);
#14514 = VERTEX_POINT('',#14515);
#14515 = CARTESIAN_POINT('',(3.85,19.148115234375,7.097998046875));
#14516 = SURFACE_CURVE('',#14517,(#14521,#14528),.PCURVE_S1.);
#14517 = B_SPLINE_CURVE_WITH_KNOTS('',2,(#14518,#14519,#14520),
  .UNSPECIFIED.,.F.,.F.,(3,3),(0.,1.),.PIECEWISE_BEZIER_KNOTS.);
#14518 = CARTESIAN_POINT('',(3.85,19.275263671875,7.3369140625));
#14519 = CARTESIAN_POINT('',(3.85,19.193232421875,7.270263671875));
#14520 = CARTESIAN_POINT('',(3.85,19.148115234375,7.097998046875));
#14521 = PCURVE('',#12018,#14522);
#14522 = DEFINITIONAL_REPRESENTATION('',(#14523),#14527);
#14523 = B_SPLINE_CURVE_WITH_KNOTS('',2,(#14524,#14525,#14526),
  .UNSPECIFIED.,.F.,.F.,(3,3),(0.,1.),.PIECEWISE_BEZIER_KNOTS.);
#14524 = CARTESIAN_POINT('',(0.96591796875,2.474267578125));
#14525 = CARTESIAN_POINT('',(0.88388671875,2.4076171875));
#14526 = CARTESIAN_POINT('',(0.83876953125,2.2353515625));
#14527 = ( GEOMETRIC_REPRESENTATION_CONTEXT(2) 
PARAMETRIC_REPRESENTATION_CONTEXT() REPRESENTATION_CONTEXT('2D SPACE',''
  ) );
#14528 = PCURVE('',#14529,#14536);
#14529 = SURFACE_OF_LINEAR_EXTRUSION('',#14530,#14534);
#14530 = B_SPLINE_CURVE_WITH_KNOTS('',2,(#14531,#14532,#14533),
  .UNSPECIFIED.,.F.,.F.,(3,3),(0.,1.),.PIECEWISE_BEZIER_KNOTS.);
#14531 = CARTESIAN_POINT('',(3.25,19.275263671875,7.3369140625));
#14532 = CARTESIAN_POINT('',(3.25,19.193232421875,7.270263671875));
#14533 = CARTESIAN_POINT('',(3.25,19.148115234375,7.097998046875));
#14534 = VECTOR('',#14535,1.);
#14535 = DIRECTION('',(-1.,-0.,-0.));
#14536 = DEFINITIONAL_REPRESENTATION('',(#14537),#14541);
#14537 = LINE('',#14538,#14539);
#14538 = CARTESIAN_POINT('',(0.,-0.6));
#14539 = VECTOR('',#14540,1.);
#14540 = DIRECTION('',(1.,0.));
#14541 = ( GEOMETRIC_REPRESENTATION_CONTEXT(2) 
PARAMETRIC_REPRESENTATION_CONTEXT() REPRESENTATION_CONTEXT('2D SPACE',''
  ) );
#14542 = ORIENTED_EDGE('',*,*,#14543,.T.);
#14543 = EDGE_CURVE('',#14514,#14544,#14546,.T.);
#14544 = VERTEX_POINT('',#14545);
#14545 = CARTESIAN_POINT('',(3.85,19.088642578125,6.345361328125));
#14546 = SURFACE_CURVE('',#14547,(#14551,#14558),.PCURVE_S1.);
#14547 = B_SPLINE_CURVE_WITH_KNOTS('',2,(#14548,#14549,#14550),
  .UNSPECIFIED.,.F.,.F.,(3,3),(0.,1.),.PIECEWISE_BEZIER_KNOTS.);
#14548 = CARTESIAN_POINT('',(3.85,19.148115234375,7.097998046875));
#14549 = CARTESIAN_POINT('',(3.85,19.088642578125,6.874462890625));
#14550 = CARTESIAN_POINT('',(3.85,19.088642578125,6.345361328125));
#14551 = PCURVE('',#12018,#14552);
#14552 = DEFINITIONAL_REPRESENTATION('',(#14553),#14557);
#14553 = B_SPLINE_CURVE_WITH_KNOTS('',2,(#14554,#14555,#14556),
  .UNSPECIFIED.,.F.,.F.,(3,3),(0.,1.),.PIECEWISE_BEZIER_KNOTS.);
#14554 = CARTESIAN_POINT('',(0.83876953125,2.2353515625));
#14555 = CARTESIAN_POINT('',(0.779296875,2.01181640625));
#14556 = CARTESIAN_POINT('',(0.779296875,1.48271484375));
#14557 = ( GEOMETRIC_REPRESENTATION_CONTEXT(2) 
PARAMETRIC_REPRESENTATION_CONTEXT() REPRESENTATION_CONTEXT('2D SPACE',''
  ) );
#14558 = PCURVE('',#14559,#14566);
#14559 = SURFACE_OF_LINEAR_EXTRUSION('',#14560,#14564);
#14560 = B_SPLINE_CURVE_WITH_KNOTS('',2,(#14561,#14562,#14563),
  .UNSPECIFIED.,.F.,.F.,(3,3),(0.,1.),.PIECEWISE_BEZIER_KNOTS.);
#14561 = CARTESIAN_POINT('',(3.25,19.148115234375,7.097998046875));
#14562 = CARTESIAN_POINT('',(3.25,19.088642578125,6.874462890625));
#14563 = CARTESIAN_POINT('',(3.25,19.088642578125,6.345361328125));
#14564 = VECTOR('',#14565,1.);
#14565 = DIRECTION('',(-1.,-0.,-0.));
#14566 = DEFINITIONAL_REPRESENTATION('',(#14567),#14571);
#14567 = LINE('',#14568,#14569);
#14568 = CARTESIAN_POINT('',(0.,-0.6));
#14569 = VECTOR('',#14570,1.);
#14570 = DIRECTION('',(1.,0.));
#14571 = ( GEOMETRIC_REPRESENTATION_CONTEXT(2) 
PARAMETRIC_REPRESENTATION_CONTEXT() REPRESENTATION_CONTEXT('2D SPACE',''
  ) );
#14572 = ORIENTED_EDGE('',*,*,#14573,.T.);
#14573 = EDGE_CURVE('',#14544,#14574,#14576,.T.);
#14574 = VERTEX_POINT('',#14575);
#14575 = CARTESIAN_POINT('',(3.85,19.141962890625,5.618359375));
#14576 = SURFACE_CURVE('',#14577,(#14581,#14588),.PCURVE_S1.);
#14577 = B_SPLINE_CURVE_WITH_KNOTS('',2,(#14578,#14579,#14580),
  .UNSPECIFIED.,.F.,.F.,(3,3),(0.,1.),.PIECEWISE_BEZIER_KNOTS.);
#14578 = CARTESIAN_POINT('',(3.85,19.088642578125,6.345361328125));
#14579 = CARTESIAN_POINT('',(3.85,19.088642578125,5.816259765625));
#14580 = CARTESIAN_POINT('',(3.85,19.141962890625,5.618359375));
#14581 = PCURVE('',#12018,#14582);
#14582 = DEFINITIONAL_REPRESENTATION('',(#14583),#14587);
#14583 = B_SPLINE_CURVE_WITH_KNOTS('',2,(#14584,#14585,#14586),
  .UNSPECIFIED.,.F.,.F.,(3,3),(0.,1.),.PIECEWISE_BEZIER_KNOTS.);
#14584 = CARTESIAN_POINT('',(0.779296875,1.48271484375));
#14585 = CARTESIAN_POINT('',(0.779296875,0.95361328125));
#14586 = CARTESIAN_POINT('',(0.8326171875,0.755712890625));
#14587 = ( GEOMETRIC_REPRESENTATION_CONTEXT(2) 
PARAMETRIC_REPRESENTATION_CONTEXT() REPRESENTATION_CONTEXT('2D SPACE',''
  ) );
#14588 = PCURVE('',#14589,#14596);
#14589 = SURFACE_OF_LINEAR_EXTRUSION('',#14590,#14594);
#14590 = B_SPLINE_CURVE_WITH_KNOTS('',2,(#14591,#14592,#14593),
  .UNSPECIFIED.,.F.,.F.,(3,3),(0.,1.),.PIECEWISE_BEZIER_KNOTS.);
#14591 = CARTESIAN_POINT('',(3.25,19.088642578125,6.345361328125));
#14592 = CARTESIAN_POINT('',(3.25,19.088642578125,5.816259765625));
#14593 = CARTESIAN_POINT('',(3.25,19.141962890625,5.618359375));
#14594 = VECTOR('',#14595,1.);
#14595 = DIRECTION('',(-1.,-0.,-0.));
#14596 = DEFINITIONAL_REPRESENTATION('',(#14597),#14601);
#14597 = LINE('',#14598,#14599);
#14598 = CARTESIAN_POINT('',(0.,-0.6));
#14599 = VECTOR('',#14600,1.);
#14600 = DIRECTION('',(1.,0.));
#14601 = ( GEOMETRIC_REPRESENTATION_CONTEXT(2) 
PARAMETRIC_REPRESENTATION_CONTEXT() REPRESENTATION_CONTEXT('2D SPACE',''
  ) );
#14602 = ORIENTED_EDGE('',*,*,#14603,.T.);
#14603 = EDGE_CURVE('',#14574,#14604,#14606,.T.);
#14604 = VERTEX_POINT('',#14605);
#14605 = CARTESIAN_POINT('',(3.85,19.2762890625,5.354833984375));
#14606 = SURFACE_CURVE('',#14607,(#14611,#14618),.PCURVE_S1.);
#14607 = B_SPLINE_CURVE_WITH_KNOTS('',2,(#14608,#14609,#14610),
  .UNSPECIFIED.,.F.,.F.,(3,3),(0.,1.),.PIECEWISE_BEZIER_KNOTS.);
#14608 = CARTESIAN_POINT('',(3.85,19.141962890625,5.618359375));
#14609 = CARTESIAN_POINT('',(3.85,19.195283203125,5.420458984375));
#14610 = CARTESIAN_POINT('',(3.85,19.2762890625,5.354833984375));
#14611 = PCURVE('',#12018,#14612);
#14612 = DEFINITIONAL_REPRESENTATION('',(#14613),#14617);
#14613 = B_SPLINE_CURVE_WITH_KNOTS('',2,(#14614,#14615,#14616),
  .UNSPECIFIED.,.F.,.F.,(3,3),(0.,1.),.PIECEWISE_BEZIER_KNOTS.);
#14614 = CARTESIAN_POINT('',(0.8326171875,0.755712890625));
#14615 = CARTESIAN_POINT('',(0.8859375,0.5578125));
#14616 = CARTESIAN_POINT('',(0.966943359375,0.4921875));
#14617 = ( GEOMETRIC_REPRESENTATION_CONTEXT(2) 
PARAMETRIC_REPRESENTATION_CONTEXT() REPRESENTATION_CONTEXT('2D SPACE',''
  ) );
#14618 = PCURVE('',#14619,#14626);
#14619 = SURFACE_OF_LINEAR_EXTRUSION('',#14620,#14624);
#14620 = B_SPLINE_CURVE_WITH_KNOTS('',2,(#14621,#14622,#14623),
  .UNSPECIFIED.,.F.,.F.,(3,3),(0.,1.),.PIECEWISE_BEZIER_KNOTS.);
#14621 = CARTESIAN_POINT('',(3.25,19.141962890625,5.618359375));
#14622 = CARTESIAN_POINT('',(3.25,19.195283203125,5.420458984375));
#14623 = CARTESIAN_POINT('',(3.25,19.2762890625,5.354833984375));
#14624 = VECTOR('',#14625,1.);
#14625 = DIRECTION('',(-1.,-0.,-0.));
#14626 = DEFINITIONAL_REPRESENTATION('',(#14627),#14631);
#14627 = LINE('',#14628,#14629);
#14628 = CARTESIAN_POINT('',(0.,-0.6));
#14629 = VECTOR('',#14630,1.);
#14630 = DIRECTION('',(1.,0.));
#14631 = ( GEOMETRIC_REPRESENTATION_CONTEXT(2) 
PARAMETRIC_REPRESENTATION_CONTEXT() REPRESENTATION_CONTEXT('2D SPACE',''
  ) );
#14632 = ORIENTED_EDGE('',*,*,#14633,.T.);
#14633 = EDGE_CURVE('',#14604,#14634,#14636,.T.);
#14634 = VERTEX_POINT('',#14635);
#14635 = CARTESIAN_POINT('',(3.85,19.461884765625,5.289208984375));
#14636 = SURFACE_CURVE('',#14637,(#14641,#14648),.PCURVE_S1.);
#14637 = B_SPLINE_CURVE_WITH_KNOTS('',2,(#14638,#14639,#14640),
  .UNSPECIFIED.,.F.,.F.,(3,3),(0.,1.),.PIECEWISE_BEZIER_KNOTS.);
#14638 = CARTESIAN_POINT('',(3.85,19.2762890625,5.354833984375));
#14639 = CARTESIAN_POINT('',(3.85,19.357294921875,5.289208984375));
#14640 = CARTESIAN_POINT('',(3.85,19.461884765625,5.289208984375));
#14641 = PCURVE('',#12018,#14642);
#14642 = DEFINITIONAL_REPRESENTATION('',(#14643),#14647);
#14643 = B_SPLINE_CURVE_WITH_KNOTS('',2,(#14644,#14645,#14646),
  .UNSPECIFIED.,.F.,.F.,(3,3),(0.,1.),.PIECEWISE_BEZIER_KNOTS.);
#14644 = CARTESIAN_POINT('',(0.966943359375,0.4921875));
#14645 = CARTESIAN_POINT('',(1.04794921875,0.4265625));
#14646 = CARTESIAN_POINT('',(1.1525390625,0.4265625));
#14647 = ( GEOMETRIC_REPRESENTATION_CONTEXT(2) 
PARAMETRIC_REPRESENTATION_CONTEXT() REPRESENTATION_CONTEXT('2D SPACE',''
  ) );
#14648 = PCURVE('',#14649,#14656);
#14649 = SURFACE_OF_LINEAR_EXTRUSION('',#14650,#14654);
#14650 = B_SPLINE_CURVE_WITH_KNOTS('',2,(#14651,#14652,#14653),
  .UNSPECIFIED.,.F.,.F.,(3,3),(0.,1.),.PIECEWISE_BEZIER_KNOTS.);
#14651 = CARTESIAN_POINT('',(3.25,19.2762890625,5.354833984375));
#14652 = CARTESIAN_POINT('',(3.25,19.357294921875,5.289208984375));
#14653 = CARTESIAN_POINT('',(3.25,19.461884765625,5.289208984375));
#14654 = VECTOR('',#14655,1.);
#14655 = DIRECTION('',(-1.,-0.,-0.));
#14656 = DEFINITIONAL_REPRESENTATION('',(#14657),#14661);
#14657 = LINE('',#14658,#14659);
#14658 = CARTESIAN_POINT('',(0.,-0.6));
#14659 = VECTOR('',#14660,1.);
#14660 = DIRECTION('',(1.,0.));
#14661 = ( GEOMETRIC_REPRESENTATION_CONTEXT(2) 
PARAMETRIC_REPRESENTATION_CONTEXT() REPRESENTATION_CONTEXT('2D SPACE',''
  ) );
#14662 = ORIENTED_EDGE('',*,*,#14663,.T.);
#14663 = EDGE_CURVE('',#14634,#14664,#14666,.T.);
#14664 = VERTEX_POINT('',#14665);
#14665 = CARTESIAN_POINT('',(3.85,19.648505859375,5.355859375));
#14666 = SURFACE_CURVE('',#14667,(#14671,#14678),.PCURVE_S1.);
#14667 = B_SPLINE_CURVE_WITH_KNOTS('',2,(#14668,#14669,#14670),
  .UNSPECIFIED.,.F.,.F.,(3,3),(0.,1.),.PIECEWISE_BEZIER_KNOTS.);
#14668 = CARTESIAN_POINT('',(3.85,19.461884765625,5.289208984375));
#14669 = CARTESIAN_POINT('',(3.85,19.566474609375,5.289208984375));
#14670 = CARTESIAN_POINT('',(3.85,19.648505859375,5.355859375));
#14671 = PCURVE('',#12018,#14672);
#14672 = DEFINITIONAL_REPRESENTATION('',(#14673),#14677);
#14673 = B_SPLINE_CURVE_WITH_KNOTS('',2,(#14674,#14675,#14676),
  .UNSPECIFIED.,.F.,.F.,(3,3),(0.,1.),.PIECEWISE_BEZIER_KNOTS.);
#14674 = CARTESIAN_POINT('',(1.1525390625,0.4265625));
#14675 = CARTESIAN_POINT('',(1.25712890625,0.4265625));
#14676 = CARTESIAN_POINT('',(1.33916015625,0.493212890625));
#14677 = ( GEOMETRIC_REPRESENTATION_CONTEXT(2) 
PARAMETRIC_REPRESENTATION_CONTEXT() REPRESENTATION_CONTEXT('2D SPACE',''
  ) );
#14678 = PCURVE('',#14679,#14686);
#14679 = SURFACE_OF_LINEAR_EXTRUSION('',#14680,#14684);
#14680 = B_SPLINE_CURVE_WITH_KNOTS('',2,(#14681,#14682,#14683),
  .UNSPECIFIED.,.F.,.F.,(3,3),(0.,1.),.PIECEWISE_BEZIER_KNOTS.);
#14681 = CARTESIAN_POINT('',(3.25,19.461884765625,5.289208984375));
#14682 = CARTESIAN_POINT('',(3.25,19.566474609375,5.289208984375));
#14683 = CARTESIAN_POINT('',(3.25,19.648505859375,5.355859375));
#14684 = VECTOR('',#14685,1.);
#14685 = DIRECTION('',(-1.,-0.,-0.));
#14686 = DEFINITIONAL_REPRESENTATION('',(#14687),#14691);
#14687 = LINE('',#14688,#14689);
#14688 = CARTESIAN_POINT('',(0.,-0.6));
#14689 = VECTOR('',#14690,1.);
#14690 = DIRECTION('',(1.,0.));
#14691 = ( GEOMETRIC_REPRESENTATION_CONTEXT(2) 
PARAMETRIC_REPRESENTATION_CONTEXT() REPRESENTATION_CONTEXT('2D SPACE',''
  ) );
#14692 = ORIENTED_EDGE('',*,*,#14693,.T.);
#14693 = EDGE_CURVE('',#14664,#14694,#14696,.T.);
#14694 = VERTEX_POINT('',#14695);
#14695 = CARTESIAN_POINT('',(3.85,19.775654296875,5.594775390625));
#14696 = SURFACE_CURVE('',#14697,(#14701,#14708),.PCURVE_S1.);
#14697 = B_SPLINE_CURVE_WITH_KNOTS('',2,(#14698,#14699,#14700),
  .UNSPECIFIED.,.F.,.F.,(3,3),(0.,1.),.PIECEWISE_BEZIER_KNOTS.);
#14698 = CARTESIAN_POINT('',(3.85,19.648505859375,5.355859375));
#14699 = CARTESIAN_POINT('',(3.85,19.730537109375,5.422509765625));
#14700 = CARTESIAN_POINT('',(3.85,19.775654296875,5.594775390625));
#14701 = PCURVE('',#12018,#14702);
#14702 = DEFINITIONAL_REPRESENTATION('',(#14703),#14707);
#14703 = B_SPLINE_CURVE_WITH_KNOTS('',2,(#14704,#14705,#14706),
  .UNSPECIFIED.,.F.,.F.,(3,3),(0.,1.),.PIECEWISE_BEZIER_KNOTS.);
#14704 = CARTESIAN_POINT('',(1.33916015625,0.493212890625));
#14705 = CARTESIAN_POINT('',(1.42119140625,0.55986328125));
#14706 = CARTESIAN_POINT('',(1.46630859375,0.73212890625));
#14707 = ( GEOMETRIC_REPRESENTATION_CONTEXT(2) 
PARAMETRIC_REPRESENTATION_CONTEXT() REPRESENTATION_CONTEXT('2D SPACE',''
  ) );
#14708 = PCURVE('',#14709,#14716);
#14709 = SURFACE_OF_LINEAR_EXTRUSION('',#14710,#14714);
#14710 = B_SPLINE_CURVE_WITH_KNOTS('',2,(#14711,#14712,#14713),
  .UNSPECIFIED.,.F.,.F.,(3,3),(0.,1.),.PIECEWISE_BEZIER_KNOTS.);
#14711 = CARTESIAN_POINT('',(3.25,19.648505859375,5.355859375));
#14712 = CARTESIAN_POINT('',(3.25,19.730537109375,5.422509765625));
#14713 = CARTESIAN_POINT('',(3.25,19.775654296875,5.594775390625));
#14714 = VECTOR('',#14715,1.);
#14715 = DIRECTION('',(-1.,-0.,-0.));
#14716 = DEFINITIONAL_REPRESENTATION('',(#14717),#14721);
#14717 = LINE('',#14718,#14719);
#14718 = CARTESIAN_POINT('',(0.,-0.6));
#14719 = VECTOR('',#14720,1.);
#14720 = DIRECTION('',(1.,0.));
#14721 = ( GEOMETRIC_REPRESENTATION_CONTEXT(2) 
PARAMETRIC_REPRESENTATION_CONTEXT() REPRESENTATION_CONTEXT('2D SPACE',''
  ) );
#14722 = ORIENTED_EDGE('',*,*,#14723,.T.);
#14723 = EDGE_CURVE('',#14694,#14724,#14726,.T.);
#14724 = VERTEX_POINT('',#14725);
#14725 = CARTESIAN_POINT('',(3.85,19.835126953125,6.345361328125));
#14726 = SURFACE_CURVE('',#14727,(#14731,#14738),.PCURVE_S1.);
#14727 = B_SPLINE_CURVE_WITH_KNOTS('',2,(#14728,#14729,#14730),
  .UNSPECIFIED.,.F.,.F.,(3,3),(0.,1.),.PIECEWISE_BEZIER_KNOTS.);
#14728 = CARTESIAN_POINT('',(3.85,19.775654296875,5.594775390625));
#14729 = CARTESIAN_POINT('',(3.85,19.835126953125,5.816259765625));
#14730 = CARTESIAN_POINT('',(3.85,19.835126953125,6.345361328125));
#14731 = PCURVE('',#12018,#14732);
#14732 = DEFINITIONAL_REPRESENTATION('',(#14733),#14737);
#14733 = B_SPLINE_CURVE_WITH_KNOTS('',2,(#14734,#14735,#14736),
  .UNSPECIFIED.,.F.,.F.,(3,3),(0.,1.),.PIECEWISE_BEZIER_KNOTS.);
#14734 = CARTESIAN_POINT('',(1.46630859375,0.73212890625));
#14735 = CARTESIAN_POINT('',(1.52578125,0.95361328125));
#14736 = CARTESIAN_POINT('',(1.52578125,1.48271484375));
#14737 = ( GEOMETRIC_REPRESENTATION_CONTEXT(2) 
PARAMETRIC_REPRESENTATION_CONTEXT() REPRESENTATION_CONTEXT('2D SPACE',''
  ) );
#14738 = PCURVE('',#14739,#14746);
#14739 = SURFACE_OF_LINEAR_EXTRUSION('',#14740,#14744);
#14740 = B_SPLINE_CURVE_WITH_KNOTS('',2,(#14741,#14742,#14743),
  .UNSPECIFIED.,.F.,.F.,(3,3),(0.,1.),.PIECEWISE_BEZIER_KNOTS.);
#14741 = CARTESIAN_POINT('',(3.25,19.775654296875,5.594775390625));
#14742 = CARTESIAN_POINT('',(3.25,19.835126953125,5.816259765625));
#14743 = CARTESIAN_POINT('',(3.25,19.835126953125,6.345361328125));
#14744 = VECTOR('',#14745,1.);
#14745 = DIRECTION('',(-1.,-0.,-0.));
#14746 = DEFINITIONAL_REPRESENTATION('',(#14747),#14751);
#14747 = LINE('',#14748,#14749);
#14748 = CARTESIAN_POINT('',(0.,-0.6));
#14749 = VECTOR('',#14750,1.);
#14750 = DIRECTION('',(1.,0.));
#14751 = ( GEOMETRIC_REPRESENTATION_CONTEXT(2) 
PARAMETRIC_REPRESENTATION_CONTEXT() REPRESENTATION_CONTEXT('2D SPACE',''
  ) );
#14752 = ORIENTED_EDGE('',*,*,#14753,.T.);
#14753 = EDGE_CURVE('',#14724,#14754,#14756,.T.);
#14754 = VERTEX_POINT('',#14755);
#14755 = CARTESIAN_POINT('',(3.85,19.781806640625,7.07236328125));
#14756 = SURFACE_CURVE('',#14757,(#14761,#14768),.PCURVE_S1.);
#14757 = B_SPLINE_CURVE_WITH_KNOTS('',2,(#14758,#14759,#14760),
  .UNSPECIFIED.,.F.,.F.,(3,3),(0.,1.),.PIECEWISE_BEZIER_KNOTS.);
#14758 = CARTESIAN_POINT('',(3.85,19.835126953125,6.345361328125));
#14759 = CARTESIAN_POINT('',(3.85,19.835126953125,6.874462890625));
#14760 = CARTESIAN_POINT('',(3.85,19.781806640625,7.07236328125));
#14761 = PCURVE('',#12018,#14762);
#14762 = DEFINITIONAL_REPRESENTATION('',(#14763),#14767);
#14763 = B_SPLINE_CURVE_WITH_KNOTS('',2,(#14764,#14765,#14766),
  .UNSPECIFIED.,.F.,.F.,(3,3),(0.,1.),.PIECEWISE_BEZIER_KNOTS.);
#14764 = CARTESIAN_POINT('',(1.52578125,1.48271484375));
#14765 = CARTESIAN_POINT('',(1.52578125,2.01181640625));
#14766 = CARTESIAN_POINT('',(1.4724609375,2.209716796875));
#14767 = ( GEOMETRIC_REPRESENTATION_CONTEXT(2) 
PARAMETRIC_REPRESENTATION_CONTEXT() REPRESENTATION_CONTEXT('2D SPACE',''
  ) );
#14768 = PCURVE('',#14769,#14776);
#14769 = SURFACE_OF_LINEAR_EXTRUSION('',#14770,#14774);
#14770 = B_SPLINE_CURVE_WITH_KNOTS('',2,(#14771,#14772,#14773),
  .UNSPECIFIED.,.F.,.F.,(3,3),(0.,1.),.PIECEWISE_BEZIER_KNOTS.);
#14771 = CARTESIAN_POINT('',(3.25,19.835126953125,6.345361328125));
#14772 = CARTESIAN_POINT('',(3.25,19.835126953125,6.874462890625));
#14773 = CARTESIAN_POINT('',(3.25,19.781806640625,7.07236328125));
#14774 = VECTOR('',#14775,1.);
#14775 = DIRECTION('',(-1.,-0.,-0.));
#14776 = DEFINITIONAL_REPRESENTATION('',(#14777),#14781);
#14777 = LINE('',#14778,#14779);
#14778 = CARTESIAN_POINT('',(0.,-0.6));
#14779 = VECTOR('',#14780,1.);
#14780 = DIRECTION('',(1.,0.));
#14781 = ( GEOMETRIC_REPRESENTATION_CONTEXT(2) 
PARAMETRIC_REPRESENTATION_CONTEXT() REPRESENTATION_CONTEXT('2D SPACE',''
  ) );
#14782 = ORIENTED_EDGE('',*,*,#14783,.T.);
#14783 = EDGE_CURVE('',#14754,#14784,#14786,.T.);
#14784 = VERTEX_POINT('',#14785);
#14785 = CARTESIAN_POINT('',(3.85,19.64748046875,7.3369140625));
#14786 = SURFACE_CURVE('',#14787,(#14791,#14798),.PCURVE_S1.);
#14787 = B_SPLINE_CURVE_WITH_KNOTS('',2,(#14788,#14789,#14790),
  .UNSPECIFIED.,.F.,.F.,(3,3),(0.,1.),.PIECEWISE_BEZIER_KNOTS.);
#14788 = CARTESIAN_POINT('',(3.85,19.781806640625,7.07236328125));
#14789 = CARTESIAN_POINT('',(3.85,19.728486328125,7.270263671875));
#14790 = CARTESIAN_POINT('',(3.85,19.64748046875,7.3369140625));
#14791 = PCURVE('',#12018,#14792);
#14792 = DEFINITIONAL_REPRESENTATION('',(#14793),#14797);
#14793 = B_SPLINE_CURVE_WITH_KNOTS('',2,(#14794,#14795,#14796),
  .UNSPECIFIED.,.F.,.F.,(3,3),(0.,1.),.PIECEWISE_BEZIER_KNOTS.);
#14794 = CARTESIAN_POINT('',(1.4724609375,2.209716796875));
#14795 = CARTESIAN_POINT('',(1.419140625,2.4076171875));
#14796 = CARTESIAN_POINT('',(1.338134765625,2.474267578125));
#14797 = ( GEOMETRIC_REPRESENTATION_CONTEXT(2) 
PARAMETRIC_REPRESENTATION_CONTEXT() REPRESENTATION_CONTEXT('2D SPACE',''
  ) );
#14798 = PCURVE('',#14799,#14806);
#14799 = SURFACE_OF_LINEAR_EXTRUSION('',#14800,#14804);
#14800 = B_SPLINE_CURVE_WITH_KNOTS('',2,(#14801,#14802,#14803),
  .UNSPECIFIED.,.F.,.F.,(3,3),(0.,1.),.PIECEWISE_BEZIER_KNOTS.);
#14801 = CARTESIAN_POINT('',(3.25,19.781806640625,7.07236328125));
#14802 = CARTESIAN_POINT('',(3.25,19.728486328125,7.270263671875));
#14803 = CARTESIAN_POINT('',(3.25,19.64748046875,7.3369140625));
#14804 = VECTOR('',#14805,1.);
#14805 = DIRECTION('',(-1.,-0.,-0.));
#14806 = DEFINITIONAL_REPRESENTATION('',(#14807),#14811);
#14807 = LINE('',#14808,#14809);
#14808 = CARTESIAN_POINT('',(0.,-0.6));
#14809 = VECTOR('',#14810,1.);
#14810 = DIRECTION('',(1.,0.));
#14811 = ( GEOMETRIC_REPRESENTATION_CONTEXT(2) 
PARAMETRIC_REPRESENTATION_CONTEXT() REPRESENTATION_CONTEXT('2D SPACE',''
  ) );
#14812 = ORIENTED_EDGE('',*,*,#14813,.T.);
#14813 = EDGE_CURVE('',#14784,#14482,#14814,.T.);
#14814 = SURFACE_CURVE('',#14815,(#14819,#14826),.PCURVE_S1.);
#14815 = B_SPLINE_CURVE_WITH_KNOTS('',2,(#14816,#14817,#14818),
  .UNSPECIFIED.,.F.,.F.,(3,3),(0.,1.),.PIECEWISE_BEZIER_KNOTS.);
#14816 = CARTESIAN_POINT('',(3.85,19.64748046875,7.3369140625));
#14817 = CARTESIAN_POINT('',(3.85,19.566474609375,7.403564453125));
#14818 = CARTESIAN_POINT('',(3.85,19.461884765625,7.403564453125));
#14819 = PCURVE('',#12018,#14820);
#14820 = DEFINITIONAL_REPRESENTATION('',(#14821),#14825);
#14821 = B_SPLINE_CURVE_WITH_KNOTS('',2,(#14822,#14823,#14824),
  .UNSPECIFIED.,.F.,.F.,(3,3),(0.,1.),.PIECEWISE_BEZIER_KNOTS.);
#14822 = CARTESIAN_POINT('',(1.338134765625,2.474267578125));
#14823 = CARTESIAN_POINT('',(1.25712890625,2.54091796875));
#14824 = CARTESIAN_POINT('',(1.1525390625,2.54091796875));
#14825 = ( GEOMETRIC_REPRESENTATION_CONTEXT(2) 
PARAMETRIC_REPRESENTATION_CONTEXT() REPRESENTATION_CONTEXT('2D SPACE',''
  ) );
#14826 = PCURVE('',#14827,#14834);
#14827 = SURFACE_OF_LINEAR_EXTRUSION('',#14828,#14832);
#14828 = B_SPLINE_CURVE_WITH_KNOTS('',2,(#14829,#14830,#14831),
  .UNSPECIFIED.,.F.,.F.,(3,3),(0.,1.),.PIECEWISE_BEZIER_KNOTS.);
#14829 = CARTESIAN_POINT('',(3.25,19.64748046875,7.3369140625));
#14830 = CARTESIAN_POINT('',(3.25,19.566474609375,7.403564453125));
#14831 = CARTESIAN_POINT('',(3.25,19.461884765625,7.403564453125));
#14832 = VECTOR('',#14833,1.);
#14833 = DIRECTION('',(-1.,-0.,-0.));
#14834 = DEFINITIONAL_REPRESENTATION('',(#14835),#14839);
#14835 = LINE('',#14836,#14837);
#14836 = CARTESIAN_POINT('',(0.,-0.6));
#14837 = VECTOR('',#14838,1.);
#14838 = DIRECTION('',(1.,0.));
#14839 = ( GEOMETRIC_REPRESENTATION_CONTEXT(2) 
PARAMETRIC_REPRESENTATION_CONTEXT() REPRESENTATION_CONTEXT('2D SPACE',''
  ) );
#14840 = ADVANCED_FACE('',(#14841),#12415,.T.);
#14841 = FACE_BOUND('',#14842,.F.);
#14842 = EDGE_LOOP('',(#14843,#14844,#14845,#14846,#14847,#14848,#14849,
    #14850));
#14843 = ORIENTED_EDGE('',*,*,#12399,.T.);
#14844 = ORIENTED_EDGE('',*,*,#12453,.T.);
#14845 = ORIENTED_EDGE('',*,*,#12502,.T.);
#14846 = ORIENTED_EDGE('',*,*,#12551,.T.);
#14847 = ORIENTED_EDGE('',*,*,#12600,.T.);
#14848 = ORIENTED_EDGE('',*,*,#12649,.T.);
#14849 = ORIENTED_EDGE('',*,*,#12698,.T.);
#14850 = ORIENTED_EDGE('',*,*,#12747,.T.);
#14851 = ADVANCED_FACE('',(#14852),#12812,.T.);
#14852 = FACE_BOUND('',#14853,.F.);
#14853 = EDGE_LOOP('',(#14854,#14855,#14856,#14857));
#14854 = ORIENTED_EDGE('',*,*,#12796,.T.);
#14855 = ORIENTED_EDGE('',*,*,#12850,.T.);
#14856 = ORIENTED_EDGE('',*,*,#12899,.T.);
#14857 = ORIENTED_EDGE('',*,*,#12948,.T.);
#14858 = ADVANCED_FACE('',(#14859),#13013,.T.);
#14859 = FACE_BOUND('',#14860,.F.);
#14860 = EDGE_LOOP('',(#14861,#14862,#14863,#14864));
#14861 = ORIENTED_EDGE('',*,*,#12997,.T.);
#14862 = ORIENTED_EDGE('',*,*,#13051,.T.);
#14863 = ORIENTED_EDGE('',*,*,#13100,.T.);
#14864 = ORIENTED_EDGE('',*,*,#13149,.T.);
#14865 = ADVANCED_FACE('',(#14866),#13233,.T.);
#14866 = FACE_BOUND('',#14867,.T.);
#14867 = EDGE_LOOP('',(#14868,#14913,#14934,#14935));
#14868 = ORIENTED_EDGE('',*,*,#14869,.T.);
#14869 = EDGE_CURVE('',#14870,#14872,#14874,.T.);
#14870 = VERTEX_POINT('',#14871);
#14871 = CARTESIAN_POINT('',(2.133837890625,-2.67,7.3369140625));
#14872 = VERTEX_POINT('',#14873);
#14873 = CARTESIAN_POINT('',(2.320458984375,-2.67,7.403564453125));
#14874 = SURFACE_CURVE('',#14875,(#14884,#14896),.PCURVE_S1.);
#14875 = B_SPLINE_CURVE_WITH_KNOTS('',4,(#14876,#14877,#14878,#14879,
    #14880,#14881,#14882,#14883),.UNSPECIFIED.,.F.,.F.,(5,3,5),(0.,
    0.524036655386,1.),.UNSPECIFIED.);
#14876 = CARTESIAN_POINT('',(2.133837890625,-2.67,7.3369140625));
#14877 = CARTESIAN_POINT('',(2.155292799917,-2.67,7.3543461763));
#14878 = CARTESIAN_POINT('',(2.177813619513,-2.67,7.36876897743));
#14879 = CARTESIAN_POINT('',(2.20139012165,-2.67,7.380143751653));
#14880 = CARTESIAN_POINT('',(2.248353568118,-2.67,7.396019210898));
#14881 = CARTESIAN_POINT('',(2.271559539768,-2.67,7.401054799182));
#14882 = CARTESIAN_POINT('',(2.295602368764,-2.67,7.403564453125));
#14883 = CARTESIAN_POINT('',(2.320458984375,-2.67,7.403564453125));
#14884 = PCURVE('',#13233,#14885);
#14885 = DEFINITIONAL_REPRESENTATION('',(#14886),#14895);
#14886 = B_SPLINE_CURVE_WITH_KNOTS('',4,(#14887,#14888,#14889,#14890,
    #14891,#14892,#14893,#14894),.UNSPECIFIED.,.F.,.F.,(5,3,5),(0.,
    0.524036655386,1.),.UNSPECIFIED.);
#14887 = CARTESIAN_POINT('',(1.,-0.2));
#14888 = CARTESIAN_POINT('',(0.869227219553,-0.2));
#14889 = CARTESIAN_POINT('',(0.738227965357,-0.2));
#14890 = CARTESIAN_POINT('',(0.607113773307,-0.2));
#14891 = CARTESIAN_POINT('',(0.356914150896,-0.2));
#14892 = CARTESIAN_POINT('',(0.237828378732,-0.2));
#14893 = CARTESIAN_POINT('',(0.118829012073,-0.2));
#14894 = CARTESIAN_POINT('',(0.,-0.2));
#14895 = ( GEOMETRIC_REPRESENTATION_CONTEXT(2) 
PARAMETRIC_REPRESENTATION_CONTEXT() REPRESENTATION_CONTEXT('2D SPACE',''
  ) );
#14896 = PCURVE('',#14897,#14902);
#14897 = PLANE('',#14898);
#14898 = AXIS2_PLACEMENT_3D('',#14899,#14900,#14901);
#14899 = CARTESIAN_POINT('',(-4.45,-2.67,0.));
#14900 = DIRECTION('',(0.,1.,0.));
#14901 = DIRECTION('',(1.,0.,0.));
#14902 = DEFINITIONAL_REPRESENTATION('',(#14903),#14912);
#14903 = B_SPLINE_CURVE_WITH_KNOTS('',4,(#14904,#14905,#14906,#14907,
    #14908,#14909,#14910,#14911),.UNSPECIFIED.,.F.,.F.,(5,3,5),(0.,
    0.524036655386,1.),.UNSPECIFIED.);
#14904 = CARTESIAN_POINT('',(6.583837890625,-7.3369140625));
#14905 = CARTESIAN_POINT('',(6.605292799917,-7.3543461763));
#14906 = CARTESIAN_POINT('',(6.627813619513,-7.36876897743));
#14907 = CARTESIAN_POINT('',(6.65139012165,-7.380143751653));
#14908 = CARTESIAN_POINT('',(6.698353568118,-7.396019210898));
#14909 = CARTESIAN_POINT('',(6.721559539768,-7.401054799182));
#14910 = CARTESIAN_POINT('',(6.745602368764,-7.403564453125));
#14911 = CARTESIAN_POINT('',(6.770458984375,-7.403564453125));
#14912 = ( GEOMETRIC_REPRESENTATION_CONTEXT(2) 
PARAMETRIC_REPRESENTATION_CONTEXT() REPRESENTATION_CONTEXT('2D SPACE',''
  ) );
#14913 = ORIENTED_EDGE('',*,*,#14914,.T.);
#14914 = EDGE_CURVE('',#14872,#13216,#14915,.T.);
#14915 = SURFACE_CURVE('',#14916,(#14920,#14927),.PCURVE_S1.);
#14916 = LINE('',#14917,#14918);
#14917 = CARTESIAN_POINT('',(2.320458984375,-2.47,7.403564453125));
#14918 = VECTOR('',#14919,1.);
#14919 = DIRECTION('',(0.,-1.,0.));
#14920 = PCURVE('',#13233,#14921);
#14921 = DEFINITIONAL_REPRESENTATION('',(#14922),#14926);
#14922 = LINE('',#14923,#14924);
#14923 = CARTESIAN_POINT('',(0.,0.));
#14924 = VECTOR('',#14925,1.);
#14925 = DIRECTION('',(0.,-1.));
#14926 = ( GEOMETRIC_REPRESENTATION_CONTEXT(2) 
PARAMETRIC_REPRESENTATION_CONTEXT() REPRESENTATION_CONTEXT('2D SPACE',''
  ) );
#14927 = PCURVE('',#13561,#14928);
#14928 = DEFINITIONAL_REPRESENTATION('',(#14929),#14933);
#14929 = LINE('',#14930,#14931);
#14930 = CARTESIAN_POINT('',(1.,0.));
#14931 = VECTOR('',#14932,1.);
#14932 = DIRECTION('',(0.,-1.));
#14933 = ( GEOMETRIC_REPRESENTATION_CONTEXT(2) 
PARAMETRIC_REPRESENTATION_CONTEXT() REPRESENTATION_CONTEXT('2D SPACE',''
  ) );
#14934 = ORIENTED_EDGE('',*,*,#13215,.T.);
#14935 = ORIENTED_EDGE('',*,*,#14936,.F.);
#14936 = EDGE_CURVE('',#14870,#13218,#14937,.T.);
#14937 = SURFACE_CURVE('',#14938,(#14942,#14949),.PCURVE_S1.);
#14938 = LINE('',#14939,#14940);
#14939 = CARTESIAN_POINT('',(2.133837890625,-2.47,7.3369140625));
#14940 = VECTOR('',#14941,1.);
#14941 = DIRECTION('',(0.,-1.,0.));
#14942 = PCURVE('',#13233,#14943);
#14943 = DEFINITIONAL_REPRESENTATION('',(#14944),#14948);
#14944 = LINE('',#14945,#14946);
#14945 = CARTESIAN_POINT('',(1.,0.));
#14946 = VECTOR('',#14947,1.);
#14947 = DIRECTION('',(0.,-1.));
#14948 = ( GEOMETRIC_REPRESENTATION_CONTEXT(2) 
PARAMETRIC_REPRESENTATION_CONTEXT() REPRESENTATION_CONTEXT('2D SPACE',''
  ) );
#14949 = PCURVE('',#13263,#14950);
#14950 = DEFINITIONAL_REPRESENTATION('',(#14951),#14955);
#14951 = LINE('',#14952,#14953);
#14952 = CARTESIAN_POINT('',(0.,0.));
#14953 = VECTOR('',#14954,1.);
#14954 = DIRECTION('',(0.,-1.));
#14955 = ( GEOMETRIC_REPRESENTATION_CONTEXT(2) 
PARAMETRIC_REPRESENTATION_CONTEXT() REPRESENTATION_CONTEXT('2D SPACE',''
  ) );
#14956 = ADVANCED_FACE('',(#14957),#13263,.T.);
#14957 = FACE_BOUND('',#14958,.T.);
#14958 = EDGE_LOOP('',(#14959,#14991,#14992,#14993));
#14959 = ORIENTED_EDGE('',*,*,#14960,.T.);
#14960 = EDGE_CURVE('',#14961,#14870,#14963,.T.);
#14961 = VERTEX_POINT('',#14962);
#14962 = CARTESIAN_POINT('',(2.006689453125,-2.67,7.097998046875));
#14963 = SURFACE_CURVE('',#14964,(#14971,#14981),.PCURVE_S1.);
#14964 = B_SPLINE_CURVE_WITH_KNOTS('',5,(#14965,#14966,#14967,#14968,
    #14969,#14970),.UNSPECIFIED.,.F.,.F.,(6,6),(0.,1.),
  .PIECEWISE_BEZIER_KNOTS.);
#14965 = CARTESIAN_POINT('',(2.006689453125,-2.67,7.097998046875));
#14966 = CARTESIAN_POINT('',(2.024334669914,-2.67,7.165370692797));
#14967 = CARTESIAN_POINT('',(2.045763276277,-2.67,7.22361793996));
#14968 = CARTESIAN_POINT('',(2.07113212314,-2.67,7.27198172768));
#14969 = CARTESIAN_POINT('',(2.10051763216,-2.67,7.309841352497));
#14970 = CARTESIAN_POINT('',(2.133837890625,-2.67,7.3369140625));
#14971 = PCURVE('',#13263,#14972);
#14972 = DEFINITIONAL_REPRESENTATION('',(#14973),#14980);
#14973 = B_SPLINE_CURVE_WITH_KNOTS('',5,(#14974,#14975,#14976,#14977,
    #14978,#14979),.UNSPECIFIED.,.F.,.F.,(6,6),(0.,1.),
  .PIECEWISE_BEZIER_KNOTS.);
#14974 = CARTESIAN_POINT('',(1.,-0.2));
#14975 = CARTESIAN_POINT('',(0.804451277143,-0.2));
#14976 = CARTESIAN_POINT('',(0.606083085147,-0.2));
#14977 = CARTESIAN_POINT('',(0.405408601091,-0.2));
#14978 = CARTESIAN_POINT('',(0.203094908738,-0.2));
#14979 = CARTESIAN_POINT('',(0.,-0.2));
#14980 = ( GEOMETRIC_REPRESENTATION_CONTEXT(2) 
PARAMETRIC_REPRESENTATION_CONTEXT() REPRESENTATION_CONTEXT('2D SPACE',''
  ) );
#14981 = PCURVE('',#14897,#14982);
#14982 = DEFINITIONAL_REPRESENTATION('',(#14983),#14990);
#14983 = B_SPLINE_CURVE_WITH_KNOTS('',5,(#14984,#14985,#14986,#14987,
    #14988,#14989),.UNSPECIFIED.,.F.,.F.,(6,6),(0.,1.),
  .PIECEWISE_BEZIER_KNOTS.);
#14984 = CARTESIAN_POINT('',(6.456689453125,-7.097998046875));
#14985 = CARTESIAN_POINT('',(6.474334669914,-7.165370692797));
#14986 = CARTESIAN_POINT('',(6.495763276277,-7.22361793996));
#14987 = CARTESIAN_POINT('',(6.52113212314,-7.27198172768));
#14988 = CARTESIAN_POINT('',(6.55051763216,-7.309841352497));
#14989 = CARTESIAN_POINT('',(6.583837890625,-7.3369140625));
#14990 = ( GEOMETRIC_REPRESENTATION_CONTEXT(2) 
PARAMETRIC_REPRESENTATION_CONTEXT() REPRESENTATION_CONTEXT('2D SPACE',''
  ) );
#14991 = ORIENTED_EDGE('',*,*,#14936,.T.);
#14992 = ORIENTED_EDGE('',*,*,#13247,.T.);
#14993 = ORIENTED_EDGE('',*,*,#14994,.F.);
#14994 = EDGE_CURVE('',#14961,#13248,#14995,.T.);
#14995 = SURFACE_CURVE('',#14996,(#15000,#15007),.PCURVE_S1.);
#14996 = LINE('',#14997,#14998);
#14997 = CARTESIAN_POINT('',(2.006689453125,-2.47,7.097998046875));
#14998 = VECTOR('',#14999,1.);
#14999 = DIRECTION('',(0.,-1.,0.));
#15000 = PCURVE('',#13263,#15001);
#15001 = DEFINITIONAL_REPRESENTATION('',(#15002),#15006);
#15002 = LINE('',#15003,#15004);
#15003 = CARTESIAN_POINT('',(1.,0.));
#15004 = VECTOR('',#15005,1.);
#15005 = DIRECTION('',(0.,-1.));
#15006 = ( GEOMETRIC_REPRESENTATION_CONTEXT(2) 
PARAMETRIC_REPRESENTATION_CONTEXT() REPRESENTATION_CONTEXT('2D SPACE',''
  ) );
#15007 = PCURVE('',#13293,#15008);
#15008 = DEFINITIONAL_REPRESENTATION('',(#15009),#15013);
#15009 = LINE('',#15010,#15011);
#15010 = CARTESIAN_POINT('',(0.,0.));
#15011 = VECTOR('',#15012,1.);
#15012 = DIRECTION('',(0.,-1.));
#15013 = ( GEOMETRIC_REPRESENTATION_CONTEXT(2) 
PARAMETRIC_REPRESENTATION_CONTEXT() REPRESENTATION_CONTEXT('2D SPACE',''
  ) );
#15014 = ADVANCED_FACE('',(#15015),#13293,.T.);
#15015 = FACE_BOUND('',#15016,.T.);
#15016 = EDGE_LOOP('',(#15017,#15055,#15056,#15057));
#15017 = ORIENTED_EDGE('',*,*,#15018,.T.);
#15018 = EDGE_CURVE('',#15019,#14961,#15021,.T.);
#15019 = VERTEX_POINT('',#15020);
#15020 = CARTESIAN_POINT('',(1.947216796875,-2.67,6.345361328125));
#15021 = SURFACE_CURVE('',#15022,(#15031,#15043),.PCURVE_S1.);
#15022 = B_SPLINE_CURVE_WITH_KNOTS('',7,(#15023,#15024,#15025,#15026,
    #15027,#15028,#15029,#15030),.UNSPECIFIED.,.F.,.F.,(8,8),(0.,1.),
  .PIECEWISE_BEZIER_KNOTS.);
#15023 = CARTESIAN_POINT('',(1.947216796875,-2.67,6.345361328125));
#15024 = CARTESIAN_POINT('',(1.947216796875,-2.67,6.476404456825));
#15025 = CARTESIAN_POINT('',(1.949344978521,-2.67,6.602120108372));
#15026 = CARTESIAN_POINT('',(1.953928287588,-2.67,6.721722278102));
#15027 = CARTESIAN_POINT('',(1.961405633203,-2.67,6.833651346045));
#15028 = CARTESIAN_POINT('',(1.972300089002,-2.67,6.93566216161));
#15029 = CARTESIAN_POINT('',(1.987219644076,-2.67,7.02481841976));
#15030 = CARTESIAN_POINT('',(2.006689453125,-2.67,7.097998046875));
#15031 = PCURVE('',#13293,#15032);
#15032 = DEFINITIONAL_REPRESENTATION('',(#15033),#15042);
#15033 = B_SPLINE_CURVE_WITH_KNOTS('',7,(#15034,#15035,#15036,#15037,
    #15038,#15039,#15040,#15041),.UNSPECIFIED.,.F.,.F.,(8,8),(0.,1.),
  .PIECEWISE_BEZIER_KNOTS.);
#15034 = CARTESIAN_POINT('',(1.,-0.2));
#15035 = CARTESIAN_POINT('',(0.876164485245,-0.2));
#15036 = CARTESIAN_POINT('',(0.747030391,-0.2));
#15037 = CARTESIAN_POINT('',(0.61175305885,-0.2));
#15038 = CARTESIAN_POINT('',(0.469675275782,-0.2));
#15039 = CARTESIAN_POINT('',(0.320379007056,-0.2));
#15040 = CARTESIAN_POINT('',(0.163687064581,-0.2));
#15041 = CARTESIAN_POINT('',(0.,-0.2));
#15042 = ( GEOMETRIC_REPRESENTATION_CONTEXT(2) 
PARAMETRIC_REPRESENTATION_CONTEXT() REPRESENTATION_CONTEXT('2D SPACE',''
  ) );
#15043 = PCURVE('',#14897,#15044);
#15044 = DEFINITIONAL_REPRESENTATION('',(#15045),#15054);
#15045 = B_SPLINE_CURVE_WITH_KNOTS('',7,(#15046,#15047,#15048,#15049,
    #15050,#15051,#15052,#15053),.UNSPECIFIED.,.F.,.F.,(8,8),(0.,1.),
  .PIECEWISE_BEZIER_KNOTS.);
#15046 = CARTESIAN_POINT('',(6.397216796875,-6.345361328125));
#15047 = CARTESIAN_POINT('',(6.397216796875,-6.476404456825));
#15048 = CARTESIAN_POINT('',(6.399344978521,-6.602120108372));
#15049 = CARTESIAN_POINT('',(6.403928287588,-6.721722278102));
#15050 = CARTESIAN_POINT('',(6.411405633203,-6.833651346045));
#15051 = CARTESIAN_POINT('',(6.422300089002,-6.93566216161));
#15052 = CARTESIAN_POINT('',(6.437219644076,-7.02481841976));
#15053 = CARTESIAN_POINT('',(6.456689453125,-7.097998046875));
#15054 = ( GEOMETRIC_REPRESENTATION_CONTEXT(2) 
PARAMETRIC_REPRESENTATION_CONTEXT() REPRESENTATION_CONTEXT('2D SPACE',''
  ) );
#15055 = ORIENTED_EDGE('',*,*,#14994,.T.);
#15056 = ORIENTED_EDGE('',*,*,#13277,.T.);
#15057 = ORIENTED_EDGE('',*,*,#15058,.F.);
#15058 = EDGE_CURVE('',#15019,#13278,#15059,.T.);
#15059 = SURFACE_CURVE('',#15060,(#15064,#15071),.PCURVE_S1.);
#15060 = LINE('',#15061,#15062);
#15061 = CARTESIAN_POINT('',(1.947216796875,-2.47,6.345361328125));
#15062 = VECTOR('',#15063,1.);
#15063 = DIRECTION('',(0.,-1.,0.));
#15064 = PCURVE('',#13293,#15065);
#15065 = DEFINITIONAL_REPRESENTATION('',(#15066),#15070);
#15066 = LINE('',#15067,#15068);
#15067 = CARTESIAN_POINT('',(1.,0.));
#15068 = VECTOR('',#15069,1.);
#15069 = DIRECTION('',(0.,-1.));
#15070 = ( GEOMETRIC_REPRESENTATION_CONTEXT(2) 
PARAMETRIC_REPRESENTATION_CONTEXT() REPRESENTATION_CONTEXT('2D SPACE',''
  ) );
#15071 = PCURVE('',#13323,#15072);
#15072 = DEFINITIONAL_REPRESENTATION('',(#15073),#15077);
#15073 = LINE('',#15074,#15075);
#15074 = CARTESIAN_POINT('',(0.,0.));
#15075 = VECTOR('',#15076,1.);
#15076 = DIRECTION('',(0.,-1.));
#15077 = ( GEOMETRIC_REPRESENTATION_CONTEXT(2) 
PARAMETRIC_REPRESENTATION_CONTEXT() REPRESENTATION_CONTEXT('2D SPACE',''
  ) );
#15078 = ADVANCED_FACE('',(#15079),#13323,.T.);
#15079 = FACE_BOUND('',#15080,.T.);
#15080 = EDGE_LOOP('',(#15081,#15119,#15120,#15121));
#15081 = ORIENTED_EDGE('',*,*,#15082,.T.);
#15082 = EDGE_CURVE('',#15083,#15019,#15085,.T.);
#15083 = VERTEX_POINT('',#15084);
#15084 = CARTESIAN_POINT('',(2.000537109375,-2.67,5.618359375));
#15085 = SURFACE_CURVE('',#15086,(#15095,#15107),.PCURVE_S1.);
#15086 = B_SPLINE_CURVE_WITH_KNOTS('',7,(#15087,#15088,#15089,#15090,
    #15091,#15092,#15093,#15094),.UNSPECIFIED.,.F.,.F.,(8,8),(0.,1.),
  .PIECEWISE_BEZIER_KNOTS.);
#15087 = CARTESIAN_POINT('',(2.000537109375,-2.67,5.618359375));
#15088 = CARTESIAN_POINT('',(1.98293120944,-2.67,5.683704349761));
#15089 = CARTESIAN_POINT('',(1.969493713899,-2.67,5.767229735235));
#15090 = CARTESIAN_POINT('',(1.959756752997,-2.67,5.865313381149));
#15091 = CARTESIAN_POINT('',(1.95312213674,-2.67,5.974398390745));
#15092 = CARTESIAN_POINT('',(1.949083495038,-2.67,6.09181682906));
#15093 = CARTESIAN_POINT('',(1.947216796875,-2.67,6.21574758902));
#15094 = CARTESIAN_POINT('',(1.947216796875,-2.67,6.345361328125));
#15095 = PCURVE('',#13323,#15096);
#15096 = DEFINITIONAL_REPRESENTATION('',(#15097),#15106);
#15097 = B_SPLINE_CURVE_WITH_KNOTS('',7,(#15098,#15099,#15100,#15101,
    #15102,#15103,#15104,#15105),.UNSPECIFIED.,.F.,.F.,(8,8),(0.,1.),
  .PIECEWISE_BEZIER_KNOTS.);
#15098 = CARTESIAN_POINT('',(1.,-0.2));
#15099 = CARTESIAN_POINT('',(0.834904381557,-0.2));
#15100 = CARTESIAN_POINT('',(0.677096393747,-0.2));
#15101 = CARTESIAN_POINT('',(0.527252616775,-0.2));
#15102 = CARTESIAN_POINT('',(0.38522300062,-0.2));
#15103 = CARTESIAN_POINT('',(0.250556400974,-0.2));
#15104 = CARTESIAN_POINT('',(0.122484744226,-0.2));
#15105 = CARTESIAN_POINT('',(0.,-0.2));
#15106 = ( GEOMETRIC_REPRESENTATION_CONTEXT(2) 
PARAMETRIC_REPRESENTATION_CONTEXT() REPRESENTATION_CONTEXT('2D SPACE',''
  ) );
#15107 = PCURVE('',#14897,#15108);
#15108 = DEFINITIONAL_REPRESENTATION('',(#15109),#15118);
#15109 = B_SPLINE_CURVE_WITH_KNOTS('',7,(#15110,#15111,#15112,#15113,
    #15114,#15115,#15116,#15117),.UNSPECIFIED.,.F.,.F.,(8,8),(0.,1.),
  .PIECEWISE_BEZIER_KNOTS.);
#15110 = CARTESIAN_POINT('',(6.450537109375,-5.618359375));
#15111 = CARTESIAN_POINT('',(6.43293120944,-5.683704349761));
#15112 = CARTESIAN_POINT('',(6.419493713899,-5.767229735235));
#15113 = CARTESIAN_POINT('',(6.409756752997,-5.865313381149));
#15114 = CARTESIAN_POINT('',(6.40312213674,-5.974398390745));
#15115 = CARTESIAN_POINT('',(6.399083495038,-6.09181682906));
#15116 = CARTESIAN_POINT('',(6.397216796875,-6.21574758902));
#15117 = CARTESIAN_POINT('',(6.397216796875,-6.345361328125));
#15118 = ( GEOMETRIC_REPRESENTATION_CONTEXT(2) 
PARAMETRIC_REPRESENTATION_CONTEXT() REPRESENTATION_CONTEXT('2D SPACE',''
  ) );
#15119 = ORIENTED_EDGE('',*,*,#15058,.T.);
#15120 = ORIENTED_EDGE('',*,*,#13307,.T.);
#15121 = ORIENTED_EDGE('',*,*,#15122,.F.);
#15122 = EDGE_CURVE('',#15083,#13308,#15123,.T.);
#15123 = SURFACE_CURVE('',#15124,(#15128,#15135),.PCURVE_S1.);
#15124 = LINE('',#15125,#15126);
#15125 = CARTESIAN_POINT('',(2.000537109375,-2.47,5.618359375));
#15126 = VECTOR('',#15127,1.);
#15127 = DIRECTION('',(0.,-1.,0.));
#15128 = PCURVE('',#13323,#15129);
#15129 = DEFINITIONAL_REPRESENTATION('',(#15130),#15134);
#15130 = LINE('',#15131,#15132);
#15131 = CARTESIAN_POINT('',(1.,0.));
#15132 = VECTOR('',#15133,1.);
#15133 = DIRECTION('',(0.,-1.));
#15134 = ( GEOMETRIC_REPRESENTATION_CONTEXT(2) 
PARAMETRIC_REPRESENTATION_CONTEXT() REPRESENTATION_CONTEXT('2D SPACE',''
  ) );
#15135 = PCURVE('',#13353,#15136);
#15136 = DEFINITIONAL_REPRESENTATION('',(#15137),#15141);
#15137 = LINE('',#15138,#15139);
#15138 = CARTESIAN_POINT('',(0.,0.));
#15139 = VECTOR('',#15140,1.);
#15140 = DIRECTION('',(0.,-1.));
#15141 = ( GEOMETRIC_REPRESENTATION_CONTEXT(2) 
PARAMETRIC_REPRESENTATION_CONTEXT() REPRESENTATION_CONTEXT('2D SPACE',''
  ) );
#15142 = ADVANCED_FACE('',(#15143),#13353,.T.);
#15143 = FACE_BOUND('',#15144,.T.);
#15144 = EDGE_LOOP('',(#15145,#15177,#15178,#15179));
#15145 = ORIENTED_EDGE('',*,*,#15146,.T.);
#15146 = EDGE_CURVE('',#15147,#15083,#15149,.T.);
#15147 = VERTEX_POINT('',#15148);
#15148 = CARTESIAN_POINT('',(2.13486328125,-2.67,5.354833984375));
#15149 = SURFACE_CURVE('',#15150,(#15157,#15167),.PCURVE_S1.);
#15150 = B_SPLINE_CURVE_WITH_KNOTS('',5,(#15151,#15152,#15153,#15154,
    #15155,#15156),.UNSPECIFIED.,.F.,.F.,(6,6),(0.,1.),
  .PIECEWISE_BEZIER_KNOTS.);
#15151 = CARTESIAN_POINT('',(2.13486328125,-2.67,5.354833984375));
#15152 = CARTESIAN_POINT('',(2.101697020615,-2.67,5.38170285375));
#15153 = CARTESIAN_POINT('',(2.071638447295,-2.67,5.422263347605));
#15154 = CARTESIAN_POINT('',(2.044820506116,-2.67,5.475998429343));
#15155 = CARTESIAN_POINT('',(2.021170635305,-2.67,5.541777249913));
#15156 = CARTESIAN_POINT('',(2.000537109375,-2.67,5.618359375));
#15157 = PCURVE('',#13353,#15158);
#15158 = DEFINITIONAL_REPRESENTATION('',(#15159),#15166);
#15159 = B_SPLINE_CURVE_WITH_KNOTS('',5,(#15160,#15161,#15162,#15163,
    #15164,#15165),.UNSPECIFIED.,.F.,.F.,(6,6),(0.,1.),
  .PIECEWISE_BEZIER_KNOTS.);
#15160 = CARTESIAN_POINT('',(1.,-0.2));
#15161 = CARTESIAN_POINT('',(0.795284804758,-0.2));
#15162 = CARTESIAN_POINT('',(0.591846763243,-0.2));
#15163 = CARTESIAN_POINT('',(0.390958613554,-0.2));
#15164 = CARTESIAN_POINT('',(0.19348654352,-0.2));
#15165 = CARTESIAN_POINT('',(0.,-0.2));
#15166 = ( GEOMETRIC_REPRESENTATION_CONTEXT(2) 
PARAMETRIC_REPRESENTATION_CONTEXT() REPRESENTATION_CONTEXT('2D SPACE',''
  ) );
#15167 = PCURVE('',#14897,#15168);
#15168 = DEFINITIONAL_REPRESENTATION('',(#15169),#15176);
#15169 = B_SPLINE_CURVE_WITH_KNOTS('',5,(#15170,#15171,#15172,#15173,
    #15174,#15175),.UNSPECIFIED.,.F.,.F.,(6,6),(0.,1.),
  .PIECEWISE_BEZIER_KNOTS.);
#15170 = CARTESIAN_POINT('',(6.58486328125,-5.354833984375));
#15171 = CARTESIAN_POINT('',(6.551697020615,-5.38170285375));
#15172 = CARTESIAN_POINT('',(6.521638447295,-5.422263347605));
#15173 = CARTESIAN_POINT('',(6.494820506116,-5.475998429343));
#15174 = CARTESIAN_POINT('',(6.471170635305,-5.541777249913));
#15175 = CARTESIAN_POINT('',(6.450537109375,-5.618359375));
#15176 = ( GEOMETRIC_REPRESENTATION_CONTEXT(2) 
PARAMETRIC_REPRESENTATION_CONTEXT() REPRESENTATION_CONTEXT('2D SPACE',''
  ) );
#15177 = ORIENTED_EDGE('',*,*,#15122,.T.);
#15178 = ORIENTED_EDGE('',*,*,#13337,.T.);
#15179 = ORIENTED_EDGE('',*,*,#15180,.F.);
#15180 = EDGE_CURVE('',#15147,#13338,#15181,.T.);
#15181 = SURFACE_CURVE('',#15182,(#15186,#15193),.PCURVE_S1.);
#15182 = LINE('',#15183,#15184);
#15183 = CARTESIAN_POINT('',(2.13486328125,-2.47,5.354833984375));
#15184 = VECTOR('',#15185,1.);
#15185 = DIRECTION('',(0.,-1.,0.));
#15186 = PCURVE('',#13353,#15187);
#15187 = DEFINITIONAL_REPRESENTATION('',(#15188),#15192);
#15188 = LINE('',#15189,#15190);
#15189 = CARTESIAN_POINT('',(1.,0.));
#15190 = VECTOR('',#15191,1.);
#15191 = DIRECTION('',(0.,-1.));
#15192 = ( GEOMETRIC_REPRESENTATION_CONTEXT(2) 
PARAMETRIC_REPRESENTATION_CONTEXT() REPRESENTATION_CONTEXT('2D SPACE',''
  ) );
#15193 = PCURVE('',#13383,#15194);
#15194 = DEFINITIONAL_REPRESENTATION('',(#15195),#15199);
#15195 = LINE('',#15196,#15197);
#15196 = CARTESIAN_POINT('',(0.,0.));
#15197 = VECTOR('',#15198,1.);
#15198 = DIRECTION('',(0.,-1.));
#15199 = ( GEOMETRIC_REPRESENTATION_CONTEXT(2) 
PARAMETRIC_REPRESENTATION_CONTEXT() REPRESENTATION_CONTEXT('2D SPACE',''
  ) );
#15200 = ADVANCED_FACE('',(#15201),#13383,.T.);
#15201 = FACE_BOUND('',#15202,.T.);
#15202 = EDGE_LOOP('',(#15203,#15241,#15242,#15243));
#15203 = ORIENTED_EDGE('',*,*,#15204,.T.);
#15204 = EDGE_CURVE('',#15205,#15147,#15207,.T.);
#15205 = VERTEX_POINT('',#15206);
#15206 = CARTESIAN_POINT('',(2.320458984375,-2.67,5.289208984375));
#15207 = SURFACE_CURVE('',#15208,(#15217,#15229),.PCURVE_S1.);
#15208 = B_SPLINE_CURVE_WITH_KNOTS('',4,(#15209,#15210,#15211,#15212,
    #15213,#15214,#15215,#15216),.UNSPECIFIED.,.F.,.F.,(5,3,5),(0.,
    0.508010680165,1.),.UNSPECIFIED.);
#15209 = CARTESIAN_POINT('',(2.320458984375,-2.67,5.289208984375));
#15210 = CARTESIAN_POINT('',(2.293935702893,-2.67,5.289208984375));
#15211 = CARTESIAN_POINT('',(2.268381109355,-2.67,5.292022506574));
#15212 = CARTESIAN_POINT('',(2.243823454521,-2.67,5.297669926474));
#15213 = CARTESIAN_POINT('',(2.19748274758,-2.67,5.314351677925));
#15214 = CARTESIAN_POINT('',(2.17563656506,-2.67,5.325210519306));
#15215 = CARTESIAN_POINT('',(2.154760649543,-2.67,5.338714597403));
#15216 = CARTESIAN_POINT('',(2.13486328125,-2.67,5.354833984375));
#15217 = PCURVE('',#13383,#15218);
#15218 = DEFINITIONAL_REPRESENTATION('',(#15219),#15228);
#15219 = B_SPLINE_CURVE_WITH_KNOTS('',4,(#15220,#15221,#15222,#15223,
    #15224,#15225,#15226,#15227),.UNSPECIFIED.,.F.,.F.,(5,3,5),(0.,
    0.508010680165,1.),.UNSPECIFIED.);
#15220 = CARTESIAN_POINT('',(1.,-0.2));
#15221 = CARTESIAN_POINT('',(0.873203360236,-0.2));
#15222 = CARTESIAN_POINT('',(0.746203920682,-0.2));
#15223 = CARTESIAN_POINT('',(0.619101730801,-0.2));
#15224 = CARTESIAN_POINT('',(0.368906733405,-0.2));
#15225 = CARTESIAN_POINT('',(0.245813621693,-0.2));
#15226 = CARTESIAN_POINT('',(0.122814376927,-0.2));
#15227 = CARTESIAN_POINT('',(0.,-0.2));
#15228 = ( GEOMETRIC_REPRESENTATION_CONTEXT(2) 
PARAMETRIC_REPRESENTATION_CONTEXT() REPRESENTATION_CONTEXT('2D SPACE',''
  ) );
#15229 = PCURVE('',#14897,#15230);
#15230 = DEFINITIONAL_REPRESENTATION('',(#15231),#15240);
#15231 = B_SPLINE_CURVE_WITH_KNOTS('',4,(#15232,#15233,#15234,#15235,
    #15236,#15237,#15238,#15239),.UNSPECIFIED.,.F.,.F.,(5,3,5),(0.,
    0.508010680165,1.),.UNSPECIFIED.);
#15232 = CARTESIAN_POINT('',(6.770458984375,-5.289208984375));
#15233 = CARTESIAN_POINT('',(6.743935702893,-5.289208984375));
#15234 = CARTESIAN_POINT('',(6.718381109355,-5.292022506574));
#15235 = CARTESIAN_POINT('',(6.693823454521,-5.297669926474));
#15236 = CARTESIAN_POINT('',(6.64748274758,-5.314351677925));
#15237 = CARTESIAN_POINT('',(6.62563656506,-5.325210519306));
#15238 = CARTESIAN_POINT('',(6.604760649543,-5.338714597403));
#15239 = CARTESIAN_POINT('',(6.58486328125,-5.354833984375));
#15240 = ( GEOMETRIC_REPRESENTATION_CONTEXT(2) 
PARAMETRIC_REPRESENTATION_CONTEXT() REPRESENTATION_CONTEXT('2D SPACE',''
  ) );
#15241 = ORIENTED_EDGE('',*,*,#15180,.T.);
#15242 = ORIENTED_EDGE('',*,*,#13367,.T.);
#15243 = ORIENTED_EDGE('',*,*,#15244,.F.);
#15244 = EDGE_CURVE('',#15205,#13368,#15245,.T.);
#15245 = SURFACE_CURVE('',#15246,(#15250,#15257),.PCURVE_S1.);
#15246 = LINE('',#15247,#15248);
#15247 = CARTESIAN_POINT('',(2.320458984375,-2.47,5.289208984375));
#15248 = VECTOR('',#15249,1.);
#15249 = DIRECTION('',(0.,-1.,0.));
#15250 = PCURVE('',#13383,#15251);
#15251 = DEFINITIONAL_REPRESENTATION('',(#15252),#15256);
#15252 = LINE('',#15253,#15254);
#15253 = CARTESIAN_POINT('',(1.,0.));
#15254 = VECTOR('',#15255,1.);
#15255 = DIRECTION('',(0.,-1.));
#15256 = ( GEOMETRIC_REPRESENTATION_CONTEXT(2) 
PARAMETRIC_REPRESENTATION_CONTEXT() REPRESENTATION_CONTEXT('2D SPACE',''
  ) );
#15257 = PCURVE('',#13413,#15258);
#15258 = DEFINITIONAL_REPRESENTATION('',(#15259),#15263);
#15259 = LINE('',#15260,#15261);
#15260 = CARTESIAN_POINT('',(0.,0.));
#15261 = VECTOR('',#15262,1.);
#15262 = DIRECTION('',(0.,-1.));
#15263 = ( GEOMETRIC_REPRESENTATION_CONTEXT(2) 
PARAMETRIC_REPRESENTATION_CONTEXT() REPRESENTATION_CONTEXT('2D SPACE',''
  ) );
#15264 = ADVANCED_FACE('',(#15265),#13413,.T.);
#15265 = FACE_BOUND('',#15266,.T.);
#15266 = EDGE_LOOP('',(#15267,#15305,#15306,#15307));
#15267 = ORIENTED_EDGE('',*,*,#15268,.T.);
#15268 = EDGE_CURVE('',#15269,#15205,#15271,.T.);
#15269 = VERTEX_POINT('',#15270);
#15270 = CARTESIAN_POINT('',(2.507080078125,-2.67,5.355859375));
#15271 = SURFACE_CURVE('',#15272,(#15281,#15293),.PCURVE_S1.);
#15272 = B_SPLINE_CURVE_WITH_KNOTS('',4,(#15273,#15274,#15275,#15276,
    #15277,#15278,#15279,#15280),.UNSPECIFIED.,.F.,.F.,(5,3,5),(0.,
    0.524036655386,1.),.UNSPECIFIED.);
#15273 = CARTESIAN_POINT('',(2.507080078125,-2.67,5.355859375));
#15274 = CARTESIAN_POINT('',(2.485625168833,-2.67,5.3384272612));
#15275 = CARTESIAN_POINT('',(2.463104349237,-2.67,5.32400446007));
#15276 = CARTESIAN_POINT('',(2.4395278471,-2.67,5.312629685847));
#15277 = CARTESIAN_POINT('',(2.392564400632,-2.67,5.296754226602));
#15278 = CARTESIAN_POINT('',(2.369358428982,-2.67,5.291718638318));
#15279 = CARTESIAN_POINT('',(2.345315599986,-2.67,5.289208984375));
#15280 = CARTESIAN_POINT('',(2.320458984375,-2.67,5.289208984375));
#15281 = PCURVE('',#13413,#15282);
#15282 = DEFINITIONAL_REPRESENTATION('',(#15283),#15292);
#15283 = B_SPLINE_CURVE_WITH_KNOTS('',4,(#15284,#15285,#15286,#15287,
    #15288,#15289,#15290,#15291),.UNSPECIFIED.,.F.,.F.,(5,3,5),(0.,
    0.524036655386,1.),.UNSPECIFIED.);
#15284 = CARTESIAN_POINT('',(1.,-0.2));
#15285 = CARTESIAN_POINT('',(0.869227219553,-0.2));
#15286 = CARTESIAN_POINT('',(0.738227965357,-0.2));
#15287 = CARTESIAN_POINT('',(0.607113773307,-0.2));
#15288 = CARTESIAN_POINT('',(0.356914150896,-0.2));
#15289 = CARTESIAN_POINT('',(0.237828378732,-0.2));
#15290 = CARTESIAN_POINT('',(0.118829012073,-0.2));
#15291 = CARTESIAN_POINT('',(0.,-0.2));
#15292 = ( GEOMETRIC_REPRESENTATION_CONTEXT(2) 
PARAMETRIC_REPRESENTATION_CONTEXT() REPRESENTATION_CONTEXT('2D SPACE',''
  ) );
#15293 = PCURVE('',#14897,#15294);
#15294 = DEFINITIONAL_REPRESENTATION('',(#15295),#15304);
#15295 = B_SPLINE_CURVE_WITH_KNOTS('',4,(#15296,#15297,#15298,#15299,
    #15300,#15301,#15302,#15303),.UNSPECIFIED.,.F.,.F.,(5,3,5),(0.,
    0.524036655386,1.),.UNSPECIFIED.);
#15296 = CARTESIAN_POINT('',(6.957080078125,-5.355859375));
#15297 = CARTESIAN_POINT('',(6.935625168833,-5.3384272612));
#15298 = CARTESIAN_POINT('',(6.913104349237,-5.32400446007));
#15299 = CARTESIAN_POINT('',(6.8895278471,-5.312629685847));
#15300 = CARTESIAN_POINT('',(6.842564400632,-5.296754226602));
#15301 = CARTESIAN_POINT('',(6.819358428982,-5.291718638318));
#15302 = CARTESIAN_POINT('',(6.795315599986,-5.289208984375));
#15303 = CARTESIAN_POINT('',(6.770458984375,-5.289208984375));
#15304 = ( GEOMETRIC_REPRESENTATION_CONTEXT(2) 
PARAMETRIC_REPRESENTATION_CONTEXT() REPRESENTATION_CONTEXT('2D SPACE',''
  ) );
#15305 = ORIENTED_EDGE('',*,*,#15244,.T.);
#15306 = ORIENTED_EDGE('',*,*,#13397,.T.);
#15307 = ORIENTED_EDGE('',*,*,#15308,.F.);
#15308 = EDGE_CURVE('',#15269,#13398,#15309,.T.);
#15309 = SURFACE_CURVE('',#15310,(#15314,#15321),.PCURVE_S1.);
#15310 = LINE('',#15311,#15312);
#15311 = CARTESIAN_POINT('',(2.507080078125,-2.47,5.355859375));
#15312 = VECTOR('',#15313,1.);
#15313 = DIRECTION('',(0.,-1.,0.));
#15314 = PCURVE('',#13413,#15315);
#15315 = DEFINITIONAL_REPRESENTATION('',(#15316),#15320);
#15316 = LINE('',#15317,#15318);
#15317 = CARTESIAN_POINT('',(1.,0.));
#15318 = VECTOR('',#15319,1.);
#15319 = DIRECTION('',(0.,-1.));
#15320 = ( GEOMETRIC_REPRESENTATION_CONTEXT(2) 
PARAMETRIC_REPRESENTATION_CONTEXT() REPRESENTATION_CONTEXT('2D SPACE',''
  ) );
#15321 = PCURVE('',#13443,#15322);
#15322 = DEFINITIONAL_REPRESENTATION('',(#15323),#15327);
#15323 = LINE('',#15324,#15325);
#15324 = CARTESIAN_POINT('',(0.,0.));
#15325 = VECTOR('',#15326,1.);
#15326 = DIRECTION('',(0.,-1.));
#15327 = ( GEOMETRIC_REPRESENTATION_CONTEXT(2) 
PARAMETRIC_REPRESENTATION_CONTEXT() REPRESENTATION_CONTEXT('2D SPACE',''
  ) );
#15328 = ADVANCED_FACE('',(#15329),#13443,.T.);
#15329 = FACE_BOUND('',#15330,.T.);
#15330 = EDGE_LOOP('',(#15331,#15363,#15364,#15365));
#15331 = ORIENTED_EDGE('',*,*,#15332,.T.);
#15332 = EDGE_CURVE('',#15333,#15269,#15335,.T.);
#15333 = VERTEX_POINT('',#15334);
#15334 = CARTESIAN_POINT('',(2.634228515625,-2.67,5.594775390625));
#15335 = SURFACE_CURVE('',#15336,(#15343,#15353),.PCURVE_S1.);
#15336 = B_SPLINE_CURVE_WITH_KNOTS('',5,(#15337,#15338,#15339,#15340,
    #15341,#15342),.UNSPECIFIED.,.F.,.F.,(6,6),(0.,1.),
  .PIECEWISE_BEZIER_KNOTS.);
#15337 = CARTESIAN_POINT('',(2.634228515625,-2.67,5.594775390625));
#15338 = CARTESIAN_POINT('',(2.616583298836,-2.67,5.527402744703));
#15339 = CARTESIAN_POINT('',(2.595154692473,-2.67,5.46915549754));
#15340 = CARTESIAN_POINT('',(2.56978584561,-2.67,5.42079170982));
#15341 = CARTESIAN_POINT('',(2.54040033659,-2.67,5.382932085003));
#15342 = CARTESIAN_POINT('',(2.507080078125,-2.67,5.355859375));
#15343 = PCURVE('',#13443,#15344);
#15344 = DEFINITIONAL_REPRESENTATION('',(#15345),#15352);
#15345 = B_SPLINE_CURVE_WITH_KNOTS('',5,(#15346,#15347,#15348,#15349,
    #15350,#15351),.UNSPECIFIED.,.F.,.F.,(6,6),(0.,1.),
  .PIECEWISE_BEZIER_KNOTS.);
#15346 = CARTESIAN_POINT('',(1.,-0.2));
#15347 = CARTESIAN_POINT('',(0.804451277143,-0.2));
#15348 = CARTESIAN_POINT('',(0.606083085147,-0.2));
#15349 = CARTESIAN_POINT('',(0.405408601091,-0.2));
#15350 = CARTESIAN_POINT('',(0.203094908738,-0.2));
#15351 = CARTESIAN_POINT('',(0.,-0.2));
#15352 = ( GEOMETRIC_REPRESENTATION_CONTEXT(2) 
PARAMETRIC_REPRESENTATION_CONTEXT() REPRESENTATION_CONTEXT('2D SPACE',''
  ) );
#15353 = PCURVE('',#14897,#15354);
#15354 = DEFINITIONAL_REPRESENTATION('',(#15355),#15362);
#15355 = B_SPLINE_CURVE_WITH_KNOTS('',5,(#15356,#15357,#15358,#15359,
    #15360,#15361),.UNSPECIFIED.,.F.,.F.,(6,6),(0.,1.),
  .PIECEWISE_BEZIER_KNOTS.);
#15356 = CARTESIAN_POINT('',(7.084228515625,-5.594775390625));
#15357 = CARTESIAN_POINT('',(7.066583298836,-5.527402744703));
#15358 = CARTESIAN_POINT('',(7.045154692473,-5.46915549754));
#15359 = CARTESIAN_POINT('',(7.01978584561,-5.42079170982));
#15360 = CARTESIAN_POINT('',(6.99040033659,-5.382932085003));
#15361 = CARTESIAN_POINT('',(6.957080078125,-5.355859375));
#15362 = ( GEOMETRIC_REPRESENTATION_CONTEXT(2) 
PARAMETRIC_REPRESENTATION_CONTEXT() REPRESENTATION_CONTEXT('2D SPACE',''
  ) );
#15363 = ORIENTED_EDGE('',*,*,#15308,.T.);
#15364 = ORIENTED_EDGE('',*,*,#13427,.T.);
#15365 = ORIENTED_EDGE('',*,*,#15366,.F.);
#15366 = EDGE_CURVE('',#15333,#13428,#15367,.T.);
#15367 = SURFACE_CURVE('',#15368,(#15372,#15379),.PCURVE_S1.);
#15368 = LINE('',#15369,#15370);
#15369 = CARTESIAN_POINT('',(2.634228515625,-2.47,5.594775390625));
#15370 = VECTOR('',#15371,1.);
#15371 = DIRECTION('',(0.,-1.,0.));
#15372 = PCURVE('',#13443,#15373);
#15373 = DEFINITIONAL_REPRESENTATION('',(#15374),#15378);
#15374 = LINE('',#15375,#15376);
#15375 = CARTESIAN_POINT('',(1.,0.));
#15376 = VECTOR('',#15377,1.);
#15377 = DIRECTION('',(0.,-1.));
#15378 = ( GEOMETRIC_REPRESENTATION_CONTEXT(2) 
PARAMETRIC_REPRESENTATION_CONTEXT() REPRESENTATION_CONTEXT('2D SPACE',''
  ) );
#15379 = PCURVE('',#13473,#15380);
#15380 = DEFINITIONAL_REPRESENTATION('',(#15381),#15385);
#15381 = LINE('',#15382,#15383);
#15382 = CARTESIAN_POINT('',(0.,0.));
#15383 = VECTOR('',#15384,1.);
#15384 = DIRECTION('',(0.,-1.));
#15385 = ( GEOMETRIC_REPRESENTATION_CONTEXT(2) 
PARAMETRIC_REPRESENTATION_CONTEXT() REPRESENTATION_CONTEXT('2D SPACE',''
  ) );
#15386 = ADVANCED_FACE('',(#15387),#13473,.T.);
#15387 = FACE_BOUND('',#15388,.T.);
#15388 = EDGE_LOOP('',(#15389,#15427,#15428,#15429));
#15389 = ORIENTED_EDGE('',*,*,#15390,.T.);
#15390 = EDGE_CURVE('',#15391,#15333,#15393,.T.);
#15391 = VERTEX_POINT('',#15392);
#15392 = CARTESIAN_POINT('',(2.693701171875,-2.67,6.345361328125));
#15393 = SURFACE_CURVE('',#15394,(#15403,#15415),.PCURVE_S1.);
#15394 = B_SPLINE_CURVE_WITH_KNOTS('',7,(#15395,#15396,#15397,#15398,
    #15399,#15400,#15401,#15402),.UNSPECIFIED.,.F.,.F.,(8,8),(0.,1.),
  .PIECEWISE_BEZIER_KNOTS.);
#15395 = CARTESIAN_POINT('',(2.693701171875,-2.67,6.345361328125));
#15396 = CARTESIAN_POINT('',(2.693701171875,-2.67,6.214431304802));
#15397 = CARTESIAN_POINT('',(2.691576656809,-2.67,6.088857929963));
#15398 = CARTESIAN_POINT('',(2.686999527253,-2.67,5.969431285497));
#15399 = CARTESIAN_POINT('',(2.67952815194,-2.67,5.857731560245));
#15400 = CARTESIAN_POINT('',(2.668636148568,-2.67,5.756036996382));
#15401 = CARTESIAN_POINT('',(2.653711117896,-2.67,5.667331288739));
#15402 = CARTESIAN_POINT('',(2.634228515625,-2.67,5.594775390625));
#15403 = PCURVE('',#13473,#15404);
#15404 = DEFINITIONAL_REPRESENTATION('',(#15405),#15414);
#15405 = B_SPLINE_CURVE_WITH_KNOTS('',7,(#15406,#15407,#15408,#15409,
    #15410,#15411,#15412,#15413),.UNSPECIFIED.,.F.,.F.,(8,8),(0.,1.),
  .PIECEWISE_BEZIER_KNOTS.);
#15406 = CARTESIAN_POINT('',(1.,-0.2));
#15407 = CARTESIAN_POINT('',(0.876271369618,-0.2));
#15408 = CARTESIAN_POINT('',(0.747220299325,-0.2));
#15409 = CARTESIAN_POINT('',(0.611989690818,-0.2));
#15410 = CARTESIAN_POINT('',(0.469914160686,-0.2));
#15411 = CARTESIAN_POINT('',(0.320573728205,-0.2));
#15412 = CARTESIAN_POINT('',(0.163794620081,-0.2));
#15413 = CARTESIAN_POINT('',(0.,-0.2));
#15414 = ( GEOMETRIC_REPRESENTATION_CONTEXT(2) 
PARAMETRIC_REPRESENTATION_CONTEXT() REPRESENTATION_CONTEXT('2D SPACE',''
  ) );
#15415 = PCURVE('',#14897,#15416);
#15416 = DEFINITIONAL_REPRESENTATION('',(#15417),#15426);
#15417 = B_SPLINE_CURVE_WITH_KNOTS('',7,(#15418,#15419,#15420,#15421,
    #15422,#15423,#15424,#15425),.UNSPECIFIED.,.F.,.F.,(8,8),(0.,1.),
  .PIECEWISE_BEZIER_KNOTS.);
#15418 = CARTESIAN_POINT('',(7.143701171875,-6.345361328125));
#15419 = CARTESIAN_POINT('',(7.143701171875,-6.214431304802));
#15420 = CARTESIAN_POINT('',(7.141576656809,-6.088857929963));
#15421 = CARTESIAN_POINT('',(7.136999527253,-5.969431285497));
#15422 = CARTESIAN_POINT('',(7.12952815194,-5.857731560245));
#15423 = CARTESIAN_POINT('',(7.118636148568,-5.756036996382));
#15424 = CARTESIAN_POINT('',(7.103711117896,-5.667331288739));
#15425 = CARTESIAN_POINT('',(7.084228515625,-5.594775390625));
#15426 = ( GEOMETRIC_REPRESENTATION_CONTEXT(2) 
PARAMETRIC_REPRESENTATION_CONTEXT() REPRESENTATION_CONTEXT('2D SPACE',''
  ) );
#15427 = ORIENTED_EDGE('',*,*,#15366,.T.);
#15428 = ORIENTED_EDGE('',*,*,#13457,.T.);
#15429 = ORIENTED_EDGE('',*,*,#15430,.F.);
#15430 = EDGE_CURVE('',#15391,#13458,#15431,.T.);
#15431 = SURFACE_CURVE('',#15432,(#15436,#15443),.PCURVE_S1.);
#15432 = LINE('',#15433,#15434);
#15433 = CARTESIAN_POINT('',(2.693701171875,-2.47,6.345361328125));
#15434 = VECTOR('',#15435,1.);
#15435 = DIRECTION('',(0.,-1.,0.));
#15436 = PCURVE('',#13473,#15437);
#15437 = DEFINITIONAL_REPRESENTATION('',(#15438),#15442);
#15438 = LINE('',#15439,#15440);
#15439 = CARTESIAN_POINT('',(1.,0.));
#15440 = VECTOR('',#15441,1.);
#15441 = DIRECTION('',(0.,-1.));
#15442 = ( GEOMETRIC_REPRESENTATION_CONTEXT(2) 
PARAMETRIC_REPRESENTATION_CONTEXT() REPRESENTATION_CONTEXT('2D SPACE',''
  ) );
#15443 = PCURVE('',#13503,#15444);
#15444 = DEFINITIONAL_REPRESENTATION('',(#15445),#15449);
#15445 = LINE('',#15446,#15447);
#15446 = CARTESIAN_POINT('',(0.,0.));
#15447 = VECTOR('',#15448,1.);
#15448 = DIRECTION('',(0.,-1.));
#15449 = ( GEOMETRIC_REPRESENTATION_CONTEXT(2) 
PARAMETRIC_REPRESENTATION_CONTEXT() REPRESENTATION_CONTEXT('2D SPACE',''
  ) );
#15450 = ADVANCED_FACE('',(#15451),#13503,.T.);
#15451 = FACE_BOUND('',#15452,.T.);
#15452 = EDGE_LOOP('',(#15453,#15491,#15492,#15493));
#15453 = ORIENTED_EDGE('',*,*,#15454,.T.);
#15454 = EDGE_CURVE('',#15455,#15391,#15457,.T.);
#15455 = VERTEX_POINT('',#15456);
#15456 = CARTESIAN_POINT('',(2.640380859375,-2.67,7.07236328125));
#15457 = SURFACE_CURVE('',#15458,(#15467,#15479),.PCURVE_S1.);
#15458 = B_SPLINE_CURVE_WITH_KNOTS('',7,(#15459,#15460,#15461,#15462,
    #15463,#15464,#15465,#15466),.UNSPECIFIED.,.F.,.F.,(8,8),(0.,1.),
  .PIECEWISE_BEZIER_KNOTS.);
#15459 = CARTESIAN_POINT('',(2.640380859375,-2.67,7.07236328125));
#15460 = CARTESIAN_POINT('',(2.65798675931,-2.67,7.007018306489));
#15461 = CARTESIAN_POINT('',(2.671424254851,-2.67,6.923492921015));
#15462 = CARTESIAN_POINT('',(2.681161215753,-2.67,6.8254092751));
#15463 = CARTESIAN_POINT('',(2.68779583201,-2.67,6.716324265505));
#15464 = CARTESIAN_POINT('',(2.691834473712,-2.67,6.59890582719));
#15465 = CARTESIAN_POINT('',(2.693701171875,-2.67,6.47497506723));
#15466 = CARTESIAN_POINT('',(2.693701171875,-2.67,6.345361328125));
#15467 = PCURVE('',#13503,#15468);
#15468 = DEFINITIONAL_REPRESENTATION('',(#15469),#15478);
#15469 = B_SPLINE_CURVE_WITH_KNOTS('',7,(#15470,#15471,#15472,#15473,
    #15474,#15475,#15476,#15477),.UNSPECIFIED.,.F.,.F.,(8,8),(0.,1.),
  .PIECEWISE_BEZIER_KNOTS.);
#15470 = CARTESIAN_POINT('',(1.,-0.2));
#15471 = CARTESIAN_POINT('',(0.834904381557,-0.2));
#15472 = CARTESIAN_POINT('',(0.677096393747,-0.2));
#15473 = CARTESIAN_POINT('',(0.527252616775,-0.2));
#15474 = CARTESIAN_POINT('',(0.38522300062,-0.2));
#15475 = CARTESIAN_POINT('',(0.250556400974,-0.2));
#15476 = CARTESIAN_POINT('',(0.122484744226,-0.2));
#15477 = CARTESIAN_POINT('',(0.,-0.2));
#15478 = ( GEOMETRIC_REPRESENTATION_CONTEXT(2) 
PARAMETRIC_REPRESENTATION_CONTEXT() REPRESENTATION_CONTEXT('2D SPACE',''
  ) );
#15479 = PCURVE('',#14897,#15480);
#15480 = DEFINITIONAL_REPRESENTATION('',(#15481),#15490);
#15481 = B_SPLINE_CURVE_WITH_KNOTS('',7,(#15482,#15483,#15484,#15485,
    #15486,#15487,#15488,#15489),.UNSPECIFIED.,.F.,.F.,(8,8),(0.,1.),
  .PIECEWISE_BEZIER_KNOTS.);
#15482 = CARTESIAN_POINT('',(7.090380859375,-7.07236328125));
#15483 = CARTESIAN_POINT('',(7.10798675931,-7.007018306489));
#15484 = CARTESIAN_POINT('',(7.121424254851,-6.923492921015));
#15485 = CARTESIAN_POINT('',(7.131161215753,-6.8254092751));
#15486 = CARTESIAN_POINT('',(7.13779583201,-6.716324265505));
#15487 = CARTESIAN_POINT('',(7.141834473712,-6.59890582719));
#15488 = CARTESIAN_POINT('',(7.143701171875,-6.47497506723));
#15489 = CARTESIAN_POINT('',(7.143701171875,-6.345361328125));
#15490 = ( GEOMETRIC_REPRESENTATION_CONTEXT(2) 
PARAMETRIC_REPRESENTATION_CONTEXT() REPRESENTATION_CONTEXT('2D SPACE',''
  ) );
#15491 = ORIENTED_EDGE('',*,*,#15430,.T.);
#15492 = ORIENTED_EDGE('',*,*,#13487,.T.);
#15493 = ORIENTED_EDGE('',*,*,#15494,.F.);
#15494 = EDGE_CURVE('',#15455,#13488,#15495,.T.);
#15495 = SURFACE_CURVE('',#15496,(#15500,#15507),.PCURVE_S1.);
#15496 = LINE('',#15497,#15498);
#15497 = CARTESIAN_POINT('',(2.640380859375,-2.47,7.07236328125));
#15498 = VECTOR('',#15499,1.);
#15499 = DIRECTION('',(0.,-1.,0.));
#15500 = PCURVE('',#13503,#15501);
#15501 = DEFINITIONAL_REPRESENTATION('',(#15502),#15506);
#15502 = LINE('',#15503,#15504);
#15503 = CARTESIAN_POINT('',(1.,0.));
#15504 = VECTOR('',#15505,1.);
#15505 = DIRECTION('',(0.,-1.));
#15506 = ( GEOMETRIC_REPRESENTATION_CONTEXT(2) 
PARAMETRIC_REPRESENTATION_CONTEXT() REPRESENTATION_CONTEXT('2D SPACE',''
  ) );
#15507 = PCURVE('',#13533,#15508);
#15508 = DEFINITIONAL_REPRESENTATION('',(#15509),#15513);
#15509 = LINE('',#15510,#15511);
#15510 = CARTESIAN_POINT('',(0.,0.));
#15511 = VECTOR('',#15512,1.);
#15512 = DIRECTION('',(0.,-1.));
#15513 = ( GEOMETRIC_REPRESENTATION_CONTEXT(2) 
PARAMETRIC_REPRESENTATION_CONTEXT() REPRESENTATION_CONTEXT('2D SPACE',''
  ) );
#15514 = ADVANCED_FACE('',(#15515),#13533,.T.);
#15515 = FACE_BOUND('',#15516,.T.);
#15516 = EDGE_LOOP('',(#15517,#15549,#15550,#15551));
#15517 = ORIENTED_EDGE('',*,*,#15518,.T.);
#15518 = EDGE_CURVE('',#15519,#15455,#15521,.T.);
#15519 = VERTEX_POINT('',#15520);
#15520 = CARTESIAN_POINT('',(2.5060546875,-2.67,7.3369140625));
#15521 = SURFACE_CURVE('',#15522,(#15529,#15539),.PCURVE_S1.);
#15522 = B_SPLINE_CURVE_WITH_KNOTS('',5,(#15523,#15524,#15525,#15526,
    #15527,#15528),.UNSPECIFIED.,.F.,.F.,(6,6),(0.,1.),
  .PIECEWISE_BEZIER_KNOTS.);
#15523 = CARTESIAN_POINT('',(2.5060546875,-2.67,7.3369140625));
#15524 = CARTESIAN_POINT('',(2.539219229286,-2.67,7.309626781284));
#15525 = CARTESIAN_POINT('',(2.569274237208,-2.67,7.268761138184));
#15526 = CARTESIAN_POINT('',(2.596091142179,-2.67,7.214834536131));
#15527 = CARTESIAN_POINT('',(2.619743020881,-2.67,7.148961412585));
#15528 = CARTESIAN_POINT('',(2.640380859375,-2.67,7.07236328125));
#15529 = PCURVE('',#13533,#15530);
#15530 = DEFINITIONAL_REPRESENTATION('',(#15531),#15538);
#15531 = B_SPLINE_CURVE_WITH_KNOTS('',5,(#15532,#15533,#15534,#15535,
    #15536,#15537),.UNSPECIFIED.,.F.,.F.,(6,6),(0.,1.),
  .PIECEWISE_BEZIER_KNOTS.);
#15532 = CARTESIAN_POINT('',(1.,-0.2));
#15533 = CARTESIAN_POINT('',(0.795295414171,-0.2));
#15534 = CARTESIAN_POINT('',(0.591881252498,-0.2));
#15535 = CARTESIAN_POINT('',(0.391007759303,-0.2));
#15536 = CARTESIAN_POINT('',(0.193526983683,-0.2));
#15537 = CARTESIAN_POINT('',(0.,-0.2));
#15538 = ( GEOMETRIC_REPRESENTATION_CONTEXT(2) 
PARAMETRIC_REPRESENTATION_CONTEXT() REPRESENTATION_CONTEXT('2D SPACE',''
  ) );
#15539 = PCURVE('',#14897,#15540);
#15540 = DEFINITIONAL_REPRESENTATION('',(#15541),#15548);
#15541 = B_SPLINE_CURVE_WITH_KNOTS('',5,(#15542,#15543,#15544,#15545,
    #15546,#15547),.UNSPECIFIED.,.F.,.F.,(6,6),(0.,1.),
  .PIECEWISE_BEZIER_KNOTS.);
#15542 = CARTESIAN_POINT('',(6.9560546875,-7.3369140625));
#15543 = CARTESIAN_POINT('',(6.989219229286,-7.309626781284));
#15544 = CARTESIAN_POINT('',(7.019274237208,-7.268761138184));
#15545 = CARTESIAN_POINT('',(7.046091142179,-7.214834536131));
#15546 = CARTESIAN_POINT('',(7.069743020881,-7.148961412585));
#15547 = CARTESIAN_POINT('',(7.090380859375,-7.07236328125));
#15548 = ( GEOMETRIC_REPRESENTATION_CONTEXT(2) 
PARAMETRIC_REPRESENTATION_CONTEXT() REPRESENTATION_CONTEXT('2D SPACE',''
  ) );
#15549 = ORIENTED_EDGE('',*,*,#15494,.T.);
#15550 = ORIENTED_EDGE('',*,*,#13517,.T.);
#15551 = ORIENTED_EDGE('',*,*,#15552,.F.);
#15552 = EDGE_CURVE('',#15519,#13518,#15553,.T.);
#15553 = SURFACE_CURVE('',#15554,(#15558,#15565),.PCURVE_S1.);
#15554 = LINE('',#15555,#15556);
#15555 = CARTESIAN_POINT('',(2.5060546875,-2.47,7.3369140625));
#15556 = VECTOR('',#15557,1.);
#15557 = DIRECTION('',(0.,-1.,0.));
#15558 = PCURVE('',#13533,#15559);
#15559 = DEFINITIONAL_REPRESENTATION('',(#15560),#15564);
#15560 = LINE('',#15561,#15562);
#15561 = CARTESIAN_POINT('',(1.,0.));
#15562 = VECTOR('',#15563,1.);
#15563 = DIRECTION('',(0.,-1.));
#15564 = ( GEOMETRIC_REPRESENTATION_CONTEXT(2) 
PARAMETRIC_REPRESENTATION_CONTEXT() REPRESENTATION_CONTEXT('2D SPACE',''
  ) );
#15565 = PCURVE('',#13561,#15566);
#15566 = DEFINITIONAL_REPRESENTATION('',(#15567),#15571);
#15567 = LINE('',#15568,#15569);
#15568 = CARTESIAN_POINT('',(0.,0.));
#15569 = VECTOR('',#15570,1.);
#15570 = DIRECTION('',(0.,-1.));
#15571 = ( GEOMETRIC_REPRESENTATION_CONTEXT(2) 
PARAMETRIC_REPRESENTATION_CONTEXT() REPRESENTATION_CONTEXT('2D SPACE',''
  ) );
#15572 = ADVANCED_FACE('',(#15573),#13561,.T.);
#15573 = FACE_BOUND('',#15574,.T.);
#15574 = EDGE_LOOP('',(#15575,#15611,#15612,#15613));
#15575 = ORIENTED_EDGE('',*,*,#15576,.T.);
#15576 = EDGE_CURVE('',#14872,#15519,#15577,.T.);
#15577 = SURFACE_CURVE('',#15578,(#15587,#15599),.PCURVE_S1.);
#15578 = B_SPLINE_CURVE_WITH_KNOTS('',4,(#15579,#15580,#15581,#15582,
    #15583,#15584,#15585,#15586),.UNSPECIFIED.,.F.,.F.,(5,3,5),(0.,
    0.49199075822,1.),.UNSPECIFIED.);
#15579 = CARTESIAN_POINT('',(2.320458984375,-2.67,7.403564453125));
#15580 = CARTESIAN_POINT('',(2.34614809623,-2.67,7.403564453125));
#15581 = CARTESIAN_POINT('',(2.370928491638,-2.67,7.400883880378));
#15582 = CARTESIAN_POINT('',(2.394773968035,-2.67,7.39550393703));
#15583 = CARTESIAN_POINT('',(2.4413044945,-2.67,7.379094799406));
#15584 = CARTESIAN_POINT('',(2.463926542132,-2.67,7.367887354357));
#15585 = CARTESIAN_POINT('',(2.485512985028,-2.67,7.353815463268));
#15586 = CARTESIAN_POINT('',(2.5060546875,-2.67,7.3369140625));
#15587 = PCURVE('',#13561,#15588);
#15588 = DEFINITIONAL_REPRESENTATION('',(#15589),#15598);
#15589 = B_SPLINE_CURVE_WITH_KNOTS('',4,(#15590,#15591,#15592,#15593,
    #15594,#15595,#15596,#15597),.UNSPECIFIED.,.F.,.F.,(5,3,5),(0.,
    0.49199075822,1.),.UNSPECIFIED.);
#15590 = CARTESIAN_POINT('',(1.,-0.2));
#15591 = CARTESIAN_POINT('',(0.877191173952,-0.2));
#15592 = CARTESIAN_POINT('',(0.754192109979,-0.2));
#15593 = CARTESIAN_POINT('',(0.631096273253,-0.2));
#15594 = CARTESIAN_POINT('',(0.380895896119,-0.2));
#15595 = CARTESIAN_POINT('',(0.253791016698,-0.2));
#15596 = CARTESIAN_POINT('',(0.126791460708,-0.2));
#15597 = CARTESIAN_POINT('',(0.,-0.2));
#15598 = ( GEOMETRIC_REPRESENTATION_CONTEXT(2) 
PARAMETRIC_REPRESENTATION_CONTEXT() REPRESENTATION_CONTEXT('2D SPACE',''
  ) );
#15599 = PCURVE('',#14897,#15600);
#15600 = DEFINITIONAL_REPRESENTATION('',(#15601),#15610);
#15601 = B_SPLINE_CURVE_WITH_KNOTS('',4,(#15602,#15603,#15604,#15605,
    #15606,#15607,#15608,#15609),.UNSPECIFIED.,.F.,.F.,(5,3,5),(0.,
    0.49199075822,1.),.UNSPECIFIED.);
#15602 = CARTESIAN_POINT('',(6.770458984375,-7.403564453125));
#15603 = CARTESIAN_POINT('',(6.79614809623,-7.403564453125));
#15604 = CARTESIAN_POINT('',(6.820928491638,-7.400883880378));
#15605 = CARTESIAN_POINT('',(6.844773968035,-7.39550393703));
#15606 = CARTESIAN_POINT('',(6.8913044945,-7.379094799406));
#15607 = CARTESIAN_POINT('',(6.913926542132,-7.367887354357));
#15608 = CARTESIAN_POINT('',(6.935512985028,-7.353815463268));
#15609 = CARTESIAN_POINT('',(6.9560546875,-7.3369140625));
#15610 = ( GEOMETRIC_REPRESENTATION_CONTEXT(2) 
PARAMETRIC_REPRESENTATION_CONTEXT() REPRESENTATION_CONTEXT('2D SPACE',''
  ) );
#15611 = ORIENTED_EDGE('',*,*,#15552,.T.);
#15612 = ORIENTED_EDGE('',*,*,#13547,.T.);
#15613 = ORIENTED_EDGE('',*,*,#14914,.F.);
#15614 = ADVANCED_FACE('',(#15615),#13633,.F.);
#15615 = FACE_BOUND('',#15616,.F.);
#15616 = EDGE_LOOP('',(#15617,#15618,#15619,#15620));
#15617 = ORIENTED_EDGE('',*,*,#13770,.T.);
#15618 = ORIENTED_EDGE('',*,*,#13742,.T.);
#15619 = ORIENTED_EDGE('',*,*,#13670,.F.);
#15620 = ORIENTED_EDGE('',*,*,#13617,.F.);
#15621 = ADVANCED_FACE('',(#15622),#13834,.F.);
#15622 = FACE_BOUND('',#15623,.F.);
#15623 = EDGE_LOOP('',(#15624,#15625,#15626,#15627));
#15624 = ORIENTED_EDGE('',*,*,#13944,.T.);
#15625 = ORIENTED_EDGE('',*,*,#13970,.T.);
#15626 = ORIENTED_EDGE('',*,*,#13871,.F.);
#15627 = ORIENTED_EDGE('',*,*,#13818,.F.);
#15628 = ADVANCED_FACE('',(#15629),#14014,.F.);
#15629 = FACE_BOUND('',#15630,.F.);
#15630 = EDGE_LOOP('',(#15631,#15632,#15633,#15634));
#15631 = ORIENTED_EDGE('',*,*,#14172,.T.);
#15632 = ORIENTED_EDGE('',*,*,#14146,.T.);
#15633 = ORIENTED_EDGE('',*,*,#13996,.F.);
#15634 = ORIENTED_EDGE('',*,*,#14097,.F.);
#15635 = ADVANCED_FACE('',(#15636),#14215,.F.);
#15636 = FACE_BOUND('',#15637,.F.);
#15637 = EDGE_LOOP('',(#15638,#15639,#15640,#15641));
#15638 = ORIENTED_EDGE('',*,*,#14324,.T.);
#15639 = ORIENTED_EDGE('',*,*,#14298,.T.);
#15640 = ORIENTED_EDGE('',*,*,#14197,.F.);
#15641 = ORIENTED_EDGE('',*,*,#14374,.F.);
#15642 = ADVANCED_FACE('',(#15643),#14499,.T.);
#15643 = FACE_BOUND('',#15644,.T.);
#15644 = EDGE_LOOP('',(#15645,#15690,#15711,#15712));
#15645 = ORIENTED_EDGE('',*,*,#15646,.T.);
#15646 = EDGE_CURVE('',#15647,#15649,#15651,.T.);
#15647 = VERTEX_POINT('',#15648);
#15648 = CARTESIAN_POINT('',(3.45,19.275263671875,7.3369140625));
#15649 = VERTEX_POINT('',#15650);
#15650 = CARTESIAN_POINT('',(3.45,19.461884765625,7.403564453125));
#15651 = SURFACE_CURVE('',#15652,(#15661,#15673),.PCURVE_S1.);
#15652 = B_SPLINE_CURVE_WITH_KNOTS('',4,(#15653,#15654,#15655,#15656,
    #15657,#15658,#15659,#15660),.UNSPECIFIED.,.F.,.F.,(5,3,5),(0.,
    0.524036655386,1.),.UNSPECIFIED.);
#15653 = CARTESIAN_POINT('',(3.45,19.275263671875,7.3369140625));
#15654 = CARTESIAN_POINT('',(3.45,19.296718581167,7.3543461763));
#15655 = CARTESIAN_POINT('',(3.45,19.319239400763,7.36876897743));
#15656 = CARTESIAN_POINT('',(3.45,19.3428159029,7.380143751653));
#15657 = CARTESIAN_POINT('',(3.45,19.389779349368,7.396019210898));
#15658 = CARTESIAN_POINT('',(3.45,19.412985321018,7.401054799182));
#15659 = CARTESIAN_POINT('',(3.45,19.437028150014,7.403564453125));
#15660 = CARTESIAN_POINT('',(3.45,19.461884765625,7.403564453125));
#15661 = PCURVE('',#14499,#15662);
#15662 = DEFINITIONAL_REPRESENTATION('',(#15663),#15672);
#15663 = B_SPLINE_CURVE_WITH_KNOTS('',4,(#15664,#15665,#15666,#15667,
    #15668,#15669,#15670,#15671),.UNSPECIFIED.,.F.,.F.,(5,3,5),(0.,
    0.524036655386,1.),.UNSPECIFIED.);
#15664 = CARTESIAN_POINT('',(1.,-0.2));
#15665 = CARTESIAN_POINT('',(0.869227219553,-0.2));
#15666 = CARTESIAN_POINT('',(0.738227965357,-0.2));
#15667 = CARTESIAN_POINT('',(0.607113773307,-0.2));
#15668 = CARTESIAN_POINT('',(0.356914150896,-0.2));
#15669 = CARTESIAN_POINT('',(0.237828378732,-0.2));
#15670 = CARTESIAN_POINT('',(0.118829012073,-0.2));
#15671 = CARTESIAN_POINT('',(0.,-0.2));
#15672 = ( GEOMETRIC_REPRESENTATION_CONTEXT(2) 
PARAMETRIC_REPRESENTATION_CONTEXT() REPRESENTATION_CONTEXT('2D SPACE',''
  ) );
#15673 = PCURVE('',#15674,#15679);
#15674 = PLANE('',#15675);
#15675 = AXIS2_PLACEMENT_3D('',#15676,#15677,#15678);
#15676 = CARTESIAN_POINT('',(3.45,-2.67,0.));
#15677 = DIRECTION('',(-1.,0.,0.));
#15678 = DIRECTION('',(0.,1.,0.));
#15679 = DEFINITIONAL_REPRESENTATION('',(#15680),#15689);
#15680 = B_SPLINE_CURVE_WITH_KNOTS('',4,(#15681,#15682,#15683,#15684,
    #15685,#15686,#15687,#15688),.UNSPECIFIED.,.F.,.F.,(5,3,5),(0.,
    0.524036655386,1.),.UNSPECIFIED.);
#15681 = CARTESIAN_POINT('',(21.945263671875,-7.3369140625));
#15682 = CARTESIAN_POINT('',(21.966718581167,-7.3543461763));
#15683 = CARTESIAN_POINT('',(21.989239400763,-7.36876897743));
#15684 = CARTESIAN_POINT('',(22.0128159029,-7.380143751653));
#15685 = CARTESIAN_POINT('',(22.059779349368,-7.396019210898));
#15686 = CARTESIAN_POINT('',(22.082985321018,-7.401054799182));
#15687 = CARTESIAN_POINT('',(22.107028150014,-7.403564453125));
#15688 = CARTESIAN_POINT('',(22.131884765625,-7.403564453125));
#15689 = ( GEOMETRIC_REPRESENTATION_CONTEXT(2) 
PARAMETRIC_REPRESENTATION_CONTEXT() REPRESENTATION_CONTEXT('2D SPACE',''
  ) );
#15690 = ORIENTED_EDGE('',*,*,#15691,.T.);
#15691 = EDGE_CURVE('',#15649,#14482,#15692,.T.);
#15692 = SURFACE_CURVE('',#15693,(#15697,#15704),.PCURVE_S1.);
#15693 = LINE('',#15694,#15695);
#15694 = CARTESIAN_POINT('',(3.25,19.461884765625,7.403564453125));
#15695 = VECTOR('',#15696,1.);
#15696 = DIRECTION('',(1.,0.,0.));
#15697 = PCURVE('',#14499,#15698);
#15698 = DEFINITIONAL_REPRESENTATION('',(#15699),#15703);
#15699 = LINE('',#15700,#15701);
#15700 = CARTESIAN_POINT('',(0.,0.));
#15701 = VECTOR('',#15702,1.);
#15702 = DIRECTION('',(0.,-1.));
#15703 = ( GEOMETRIC_REPRESENTATION_CONTEXT(2) 
PARAMETRIC_REPRESENTATION_CONTEXT() REPRESENTATION_CONTEXT('2D SPACE',''
  ) );
#15704 = PCURVE('',#14827,#15705);
#15705 = DEFINITIONAL_REPRESENTATION('',(#15706),#15710);
#15706 = LINE('',#15707,#15708);
#15707 = CARTESIAN_POINT('',(1.,0.));
#15708 = VECTOR('',#15709,1.);
#15709 = DIRECTION('',(0.,-1.));
#15710 = ( GEOMETRIC_REPRESENTATION_CONTEXT(2) 
PARAMETRIC_REPRESENTATION_CONTEXT() REPRESENTATION_CONTEXT('2D SPACE',''
  ) );
#15711 = ORIENTED_EDGE('',*,*,#14481,.T.);
#15712 = ORIENTED_EDGE('',*,*,#15713,.F.);
#15713 = EDGE_CURVE('',#15647,#14484,#15714,.T.);
#15714 = SURFACE_CURVE('',#15715,(#15719,#15726),.PCURVE_S1.);
#15715 = LINE('',#15716,#15717);
#15716 = CARTESIAN_POINT('',(3.25,19.275263671875,7.3369140625));
#15717 = VECTOR('',#15718,1.);
#15718 = DIRECTION('',(1.,0.,0.));
#15719 = PCURVE('',#14499,#15720);
#15720 = DEFINITIONAL_REPRESENTATION('',(#15721),#15725);
#15721 = LINE('',#15722,#15723);
#15722 = CARTESIAN_POINT('',(1.,0.));
#15723 = VECTOR('',#15724,1.);
#15724 = DIRECTION('',(0.,-1.));
#15725 = ( GEOMETRIC_REPRESENTATION_CONTEXT(2) 
PARAMETRIC_REPRESENTATION_CONTEXT() REPRESENTATION_CONTEXT('2D SPACE',''
  ) );
#15726 = PCURVE('',#14529,#15727);
#15727 = DEFINITIONAL_REPRESENTATION('',(#15728),#15732);
#15728 = LINE('',#15729,#15730);
#15729 = CARTESIAN_POINT('',(0.,0.));
#15730 = VECTOR('',#15731,1.);
#15731 = DIRECTION('',(0.,-1.));
#15732 = ( GEOMETRIC_REPRESENTATION_CONTEXT(2) 
PARAMETRIC_REPRESENTATION_CONTEXT() REPRESENTATION_CONTEXT('2D SPACE',''
  ) );
#15733 = ADVANCED_FACE('',(#15734),#14529,.T.);
#15734 = FACE_BOUND('',#15735,.T.);
#15735 = EDGE_LOOP('',(#15736,#15768,#15769,#15770));
#15736 = ORIENTED_EDGE('',*,*,#15737,.T.);
#15737 = EDGE_CURVE('',#15738,#15647,#15740,.T.);
#15738 = VERTEX_POINT('',#15739);
#15739 = CARTESIAN_POINT('',(3.45,19.148115234375,7.097998046875));
#15740 = SURFACE_CURVE('',#15741,(#15748,#15758),.PCURVE_S1.);
#15741 = B_SPLINE_CURVE_WITH_KNOTS('',5,(#15742,#15743,#15744,#15745,
    #15746,#15747),.UNSPECIFIED.,.F.,.F.,(6,6),(0.,1.),
  .PIECEWISE_BEZIER_KNOTS.);
#15742 = CARTESIAN_POINT('',(3.45,19.148115234375,7.097998046875));
#15743 = CARTESIAN_POINT('',(3.45,19.165760451164,7.165370692797));
#15744 = CARTESIAN_POINT('',(3.45,19.187189057527,7.22361793996));
#15745 = CARTESIAN_POINT('',(3.45,19.21255790439,7.27198172768));
#15746 = CARTESIAN_POINT('',(3.45,19.24194341341,7.309841352497));
#15747 = CARTESIAN_POINT('',(3.45,19.275263671875,7.3369140625));
#15748 = PCURVE('',#14529,#15749);
#15749 = DEFINITIONAL_REPRESENTATION('',(#15750),#15757);
#15750 = B_SPLINE_CURVE_WITH_KNOTS('',5,(#15751,#15752,#15753,#15754,
    #15755,#15756),.UNSPECIFIED.,.F.,.F.,(6,6),(0.,1.),
  .PIECEWISE_BEZIER_KNOTS.);
#15751 = CARTESIAN_POINT('',(1.,-0.2));
#15752 = CARTESIAN_POINT('',(0.804451277143,-0.2));
#15753 = CARTESIAN_POINT('',(0.606083085147,-0.2));
#15754 = CARTESIAN_POINT('',(0.405408601091,-0.2));
#15755 = CARTESIAN_POINT('',(0.203094908738,-0.2));
#15756 = CARTESIAN_POINT('',(0.,-0.2));
#15757 = ( GEOMETRIC_REPRESENTATION_CONTEXT(2) 
PARAMETRIC_REPRESENTATION_CONTEXT() REPRESENTATION_CONTEXT('2D SPACE',''
  ) );
#15758 = PCURVE('',#15674,#15759);
#15759 = DEFINITIONAL_REPRESENTATION('',(#15760),#15767);
#15760 = B_SPLINE_CURVE_WITH_KNOTS('',5,(#15761,#15762,#15763,#15764,
    #15765,#15766),.UNSPECIFIED.,.F.,.F.,(6,6),(0.,1.),
  .PIECEWISE_BEZIER_KNOTS.);
#15761 = CARTESIAN_POINT('',(21.818115234375,-7.097998046875));
#15762 = CARTESIAN_POINT('',(21.835760451164,-7.165370692797));
#15763 = CARTESIAN_POINT('',(21.857189057527,-7.22361793996));
#15764 = CARTESIAN_POINT('',(21.88255790439,-7.27198172768));
#15765 = CARTESIAN_POINT('',(21.91194341341,-7.309841352497));
#15766 = CARTESIAN_POINT('',(21.945263671875,-7.3369140625));
#15767 = ( GEOMETRIC_REPRESENTATION_CONTEXT(2) 
PARAMETRIC_REPRESENTATION_CONTEXT() REPRESENTATION_CONTEXT('2D SPACE',''
  ) );
#15768 = ORIENTED_EDGE('',*,*,#15713,.T.);
#15769 = ORIENTED_EDGE('',*,*,#14513,.T.);
#15770 = ORIENTED_EDGE('',*,*,#15771,.F.);
#15771 = EDGE_CURVE('',#15738,#14514,#15772,.T.);
#15772 = SURFACE_CURVE('',#15773,(#15777,#15784),.PCURVE_S1.);
#15773 = LINE('',#15774,#15775);
#15774 = CARTESIAN_POINT('',(3.25,19.148115234375,7.097998046875));
#15775 = VECTOR('',#15776,1.);
#15776 = DIRECTION('',(1.,0.,0.));
#15777 = PCURVE('',#14529,#15778);
#15778 = DEFINITIONAL_REPRESENTATION('',(#15779),#15783);
#15779 = LINE('',#15780,#15781);
#15780 = CARTESIAN_POINT('',(1.,0.));
#15781 = VECTOR('',#15782,1.);
#15782 = DIRECTION('',(0.,-1.));
#15783 = ( GEOMETRIC_REPRESENTATION_CONTEXT(2) 
PARAMETRIC_REPRESENTATION_CONTEXT() REPRESENTATION_CONTEXT('2D SPACE',''
  ) );
#15784 = PCURVE('',#14559,#15785);
#15785 = DEFINITIONAL_REPRESENTATION('',(#15786),#15790);
#15786 = LINE('',#15787,#15788);
#15787 = CARTESIAN_POINT('',(0.,0.));
#15788 = VECTOR('',#15789,1.);
#15789 = DIRECTION('',(0.,-1.));
#15790 = ( GEOMETRIC_REPRESENTATION_CONTEXT(2) 
PARAMETRIC_REPRESENTATION_CONTEXT() REPRESENTATION_CONTEXT('2D SPACE',''
  ) );
#15791 = ADVANCED_FACE('',(#15792),#14559,.T.);
#15792 = FACE_BOUND('',#15793,.T.);
#15793 = EDGE_LOOP('',(#15794,#15832,#15833,#15834));
#15794 = ORIENTED_EDGE('',*,*,#15795,.T.);
#15795 = EDGE_CURVE('',#15796,#15738,#15798,.T.);
#15796 = VERTEX_POINT('',#15797);
#15797 = CARTESIAN_POINT('',(3.45,19.088642578125,6.345361328125));
#15798 = SURFACE_CURVE('',#15799,(#15808,#15820),.PCURVE_S1.);
#15799 = B_SPLINE_CURVE_WITH_KNOTS('',7,(#15800,#15801,#15802,#15803,
    #15804,#15805,#15806,#15807),.UNSPECIFIED.,.F.,.F.,(8,8),(0.,1.),
  .PIECEWISE_BEZIER_KNOTS.);
#15800 = CARTESIAN_POINT('',(3.45,19.088642578125,6.345361328125));
#15801 = CARTESIAN_POINT('',(3.45,19.088642578125,6.476404456825));
#15802 = CARTESIAN_POINT('',(3.45,19.090770759771,6.602120108372));
#15803 = CARTESIAN_POINT('',(3.45,19.095354068838,6.721722278101));
#15804 = CARTESIAN_POINT('',(3.45,19.102831414453,6.833651346046));
#15805 = CARTESIAN_POINT('',(3.45,19.113725870252,6.935662161609));
#15806 = CARTESIAN_POINT('',(3.45,19.128645425326,7.024818419761));
#15807 = CARTESIAN_POINT('',(3.45,19.148115234375,7.097998046875));
#15808 = PCURVE('',#14559,#15809);
#15809 = DEFINITIONAL_REPRESENTATION('',(#15810),#15819);
#15810 = B_SPLINE_CURVE_WITH_KNOTS('',7,(#15811,#15812,#15813,#15814,
    #15815,#15816,#15817,#15818),.UNSPECIFIED.,.F.,.F.,(8,8),(0.,1.),
  .PIECEWISE_BEZIER_KNOTS.);
#15811 = CARTESIAN_POINT('',(1.,-0.2));
#15812 = CARTESIAN_POINT('',(0.876164485245,-0.2));
#15813 = CARTESIAN_POINT('',(0.747030391,-0.2));
#15814 = CARTESIAN_POINT('',(0.611753058851,-0.2));
#15815 = CARTESIAN_POINT('',(0.469675275781,-0.2));
#15816 = CARTESIAN_POINT('',(0.320379007057,-0.2));
#15817 = CARTESIAN_POINT('',(0.163687064581,-0.2));
#15818 = CARTESIAN_POINT('',(0.,-0.2));
#15819 = ( GEOMETRIC_REPRESENTATION_CONTEXT(2) 
PARAMETRIC_REPRESENTATION_CONTEXT() REPRESENTATION_CONTEXT('2D SPACE',''
  ) );
#15820 = PCURVE('',#15674,#15821);
#15821 = DEFINITIONAL_REPRESENTATION('',(#15822),#15831);
#15822 = B_SPLINE_CURVE_WITH_KNOTS('',7,(#15823,#15824,#15825,#15826,
    #15827,#15828,#15829,#15830),.UNSPECIFIED.,.F.,.F.,(8,8),(0.,1.),
  .PIECEWISE_BEZIER_KNOTS.);
#15823 = CARTESIAN_POINT('',(21.758642578125,-6.345361328125));
#15824 = CARTESIAN_POINT('',(21.758642578125,-6.476404456825));
#15825 = CARTESIAN_POINT('',(21.760770759771,-6.602120108372));
#15826 = CARTESIAN_POINT('',(21.765354068838,-6.721722278101));
#15827 = CARTESIAN_POINT('',(21.772831414453,-6.833651346046));
#15828 = CARTESIAN_POINT('',(21.783725870252,-6.935662161609));
#15829 = CARTESIAN_POINT('',(21.798645425326,-7.024818419761));
#15830 = CARTESIAN_POINT('',(21.818115234375,-7.097998046875));
#15831 = ( GEOMETRIC_REPRESENTATION_CONTEXT(2) 
PARAMETRIC_REPRESENTATION_CONTEXT() REPRESENTATION_CONTEXT('2D SPACE',''
  ) );
#15832 = ORIENTED_EDGE('',*,*,#15771,.T.);
#15833 = ORIENTED_EDGE('',*,*,#14543,.T.);
#15834 = ORIENTED_EDGE('',*,*,#15835,.F.);
#15835 = EDGE_CURVE('',#15796,#14544,#15836,.T.);
#15836 = SURFACE_CURVE('',#15837,(#15841,#15848),.PCURVE_S1.);
#15837 = LINE('',#15838,#15839);
#15838 = CARTESIAN_POINT('',(3.25,19.088642578125,6.345361328125));
#15839 = VECTOR('',#15840,1.);
#15840 = DIRECTION('',(1.,0.,0.));
#15841 = PCURVE('',#14559,#15842);
#15842 = DEFINITIONAL_REPRESENTATION('',(#15843),#15847);
#15843 = LINE('',#15844,#15845);
#15844 = CARTESIAN_POINT('',(1.,0.));
#15845 = VECTOR('',#15846,1.);
#15846 = DIRECTION('',(0.,-1.));
#15847 = ( GEOMETRIC_REPRESENTATION_CONTEXT(2) 
PARAMETRIC_REPRESENTATION_CONTEXT() REPRESENTATION_CONTEXT('2D SPACE',''
  ) );
#15848 = PCURVE('',#14589,#15849);
#15849 = DEFINITIONAL_REPRESENTATION('',(#15850),#15854);
#15850 = LINE('',#15851,#15852);
#15851 = CARTESIAN_POINT('',(0.,0.));
#15852 = VECTOR('',#15853,1.);
#15853 = DIRECTION('',(0.,-1.));
#15854 = ( GEOMETRIC_REPRESENTATION_CONTEXT(2) 
PARAMETRIC_REPRESENTATION_CONTEXT() REPRESENTATION_CONTEXT('2D SPACE',''
  ) );
#15855 = ADVANCED_FACE('',(#15856),#14589,.T.);
#15856 = FACE_BOUND('',#15857,.T.);
#15857 = EDGE_LOOP('',(#15858,#15896,#15897,#15898));
#15858 = ORIENTED_EDGE('',*,*,#15859,.T.);
#15859 = EDGE_CURVE('',#15860,#15796,#15862,.T.);
#15860 = VERTEX_POINT('',#15861);
#15861 = CARTESIAN_POINT('',(3.45,19.141962890625,5.618359375));
#15862 = SURFACE_CURVE('',#15863,(#15872,#15884),.PCURVE_S1.);
#15863 = B_SPLINE_CURVE_WITH_KNOTS('',7,(#15864,#15865,#15866,#15867,
    #15868,#15869,#15870,#15871),.UNSPECIFIED.,.F.,.F.,(8,8),(0.,1.),
  .PIECEWISE_BEZIER_KNOTS.);
#15864 = CARTESIAN_POINT('',(3.45,19.141962890625,5.618359375));
#15865 = CARTESIAN_POINT('',(3.45,19.12435699069,5.683704349761));
#15866 = CARTESIAN_POINT('',(3.45,19.110919495149,5.767229735235));
#15867 = CARTESIAN_POINT('',(3.45,19.101182534247,5.86531338115));
#15868 = CARTESIAN_POINT('',(3.45,19.09454791799,5.974398390745));
#15869 = CARTESIAN_POINT('',(3.45,19.090509276288,6.09181682906));
#15870 = CARTESIAN_POINT('',(3.45,19.088642578125,6.21574758902));
#15871 = CARTESIAN_POINT('',(3.45,19.088642578125,6.345361328125));
#15872 = PCURVE('',#14589,#15873);
#15873 = DEFINITIONAL_REPRESENTATION('',(#15874),#15883);
#15874 = B_SPLINE_CURVE_WITH_KNOTS('',7,(#15875,#15876,#15877,#15878,
    #15879,#15880,#15881,#15882),.UNSPECIFIED.,.F.,.F.,(8,8),(0.,1.),
  .PIECEWISE_BEZIER_KNOTS.);
#15875 = CARTESIAN_POINT('',(1.,-0.2));
#15876 = CARTESIAN_POINT('',(0.834904381557,-0.2));
#15877 = CARTESIAN_POINT('',(0.677096393747,-0.2));
#15878 = CARTESIAN_POINT('',(0.527252616775,-0.2));
#15879 = CARTESIAN_POINT('',(0.38522300062,-0.2));
#15880 = CARTESIAN_POINT('',(0.250556400974,-0.2));
#15881 = CARTESIAN_POINT('',(0.122484744226,-0.2));
#15882 = CARTESIAN_POINT('',(0.,-0.2));
#15883 = ( GEOMETRIC_REPRESENTATION_CONTEXT(2) 
PARAMETRIC_REPRESENTATION_CONTEXT() REPRESENTATION_CONTEXT('2D SPACE',''
  ) );
#15884 = PCURVE('',#15674,#15885);
#15885 = DEFINITIONAL_REPRESENTATION('',(#15886),#15895);
#15886 = B_SPLINE_CURVE_WITH_KNOTS('',7,(#15887,#15888,#15889,#15890,
    #15891,#15892,#15893,#15894),.UNSPECIFIED.,.F.,.F.,(8,8),(0.,1.),
  .PIECEWISE_BEZIER_KNOTS.);
#15887 = CARTESIAN_POINT('',(21.811962890625,-5.618359375));
#15888 = CARTESIAN_POINT('',(21.79435699069,-5.683704349761));
#15889 = CARTESIAN_POINT('',(21.780919495149,-5.767229735235));
#15890 = CARTESIAN_POINT('',(21.771182534247,-5.86531338115));
#15891 = CARTESIAN_POINT('',(21.76454791799,-5.974398390745));
#15892 = CARTESIAN_POINT('',(21.760509276288,-6.09181682906));
#15893 = CARTESIAN_POINT('',(21.758642578125,-6.21574758902));
#15894 = CARTESIAN_POINT('',(21.758642578125,-6.345361328125));
#15895 = ( GEOMETRIC_REPRESENTATION_CONTEXT(2) 
PARAMETRIC_REPRESENTATION_CONTEXT() REPRESENTATION_CONTEXT('2D SPACE',''
  ) );
#15896 = ORIENTED_EDGE('',*,*,#15835,.T.);
#15897 = ORIENTED_EDGE('',*,*,#14573,.T.);
#15898 = ORIENTED_EDGE('',*,*,#15899,.F.);
#15899 = EDGE_CURVE('',#15860,#14574,#15900,.T.);
#15900 = SURFACE_CURVE('',#15901,(#15905,#15912),.PCURVE_S1.);
#15901 = LINE('',#15902,#15903);
#15902 = CARTESIAN_POINT('',(3.25,19.141962890625,5.618359375));
#15903 = VECTOR('',#15904,1.);
#15904 = DIRECTION('',(1.,0.,0.));
#15905 = PCURVE('',#14589,#15906);
#15906 = DEFINITIONAL_REPRESENTATION('',(#15907),#15911);
#15907 = LINE('',#15908,#15909);
#15908 = CARTESIAN_POINT('',(1.,0.));
#15909 = VECTOR('',#15910,1.);
#15910 = DIRECTION('',(0.,-1.));
#15911 = ( GEOMETRIC_REPRESENTATION_CONTEXT(2) 
PARAMETRIC_REPRESENTATION_CONTEXT() REPRESENTATION_CONTEXT('2D SPACE',''
  ) );
#15912 = PCURVE('',#14619,#15913);
#15913 = DEFINITIONAL_REPRESENTATION('',(#15914),#15918);
#15914 = LINE('',#15915,#15916);
#15915 = CARTESIAN_POINT('',(0.,0.));
#15916 = VECTOR('',#15917,1.);
#15917 = DIRECTION('',(0.,-1.));
#15918 = ( GEOMETRIC_REPRESENTATION_CONTEXT(2) 
PARAMETRIC_REPRESENTATION_CONTEXT() REPRESENTATION_CONTEXT('2D SPACE',''
  ) );
#15919 = ADVANCED_FACE('',(#15920),#14619,.T.);
#15920 = FACE_BOUND('',#15921,.T.);
#15921 = EDGE_LOOP('',(#15922,#15954,#15955,#15956));
#15922 = ORIENTED_EDGE('',*,*,#15923,.T.);
#15923 = EDGE_CURVE('',#15924,#15860,#15926,.T.);
#15924 = VERTEX_POINT('',#15925);
#15925 = CARTESIAN_POINT('',(3.45,19.2762890625,5.354833984375));
#15926 = SURFACE_CURVE('',#15927,(#15934,#15944),.PCURVE_S1.);
#15927 = B_SPLINE_CURVE_WITH_KNOTS('',5,(#15928,#15929,#15930,#15931,
    #15932,#15933),.UNSPECIFIED.,.F.,.F.,(6,6),(0.,1.),
  .PIECEWISE_BEZIER_KNOTS.);
#15928 = CARTESIAN_POINT('',(3.45,19.2762890625,5.354833984375));
#15929 = CARTESIAN_POINT('',(3.45,19.243122801865,5.38170285375));
#15930 = CARTESIAN_POINT('',(3.45,19.213064228545,5.422263347605));
#15931 = CARTESIAN_POINT('',(3.45,19.186246287366,5.475998429343));
#15932 = CARTESIAN_POINT('',(3.45,19.162596416555,5.541777249913));
#15933 = CARTESIAN_POINT('',(3.45,19.141962890625,5.618359375));
#15934 = PCURVE('',#14619,#15935);
#15935 = DEFINITIONAL_REPRESENTATION('',(#15936),#15943);
#15936 = B_SPLINE_CURVE_WITH_KNOTS('',5,(#15937,#15938,#15939,#15940,
    #15941,#15942),.UNSPECIFIED.,.F.,.F.,(6,6),(0.,1.),
  .PIECEWISE_BEZIER_KNOTS.);
#15937 = CARTESIAN_POINT('',(1.,-0.2));
#15938 = CARTESIAN_POINT('',(0.795284804758,-0.2));
#15939 = CARTESIAN_POINT('',(0.591846763243,-0.2));
#15940 = CARTESIAN_POINT('',(0.390958613554,-0.2));
#15941 = CARTESIAN_POINT('',(0.19348654352,-0.2));
#15942 = CARTESIAN_POINT('',(0.,-0.2));
#15943 = ( GEOMETRIC_REPRESENTATION_CONTEXT(2) 
PARAMETRIC_REPRESENTATION_CONTEXT() REPRESENTATION_CONTEXT('2D SPACE',''
  ) );
#15944 = PCURVE('',#15674,#15945);
#15945 = DEFINITIONAL_REPRESENTATION('',(#15946),#15953);
#15946 = B_SPLINE_CURVE_WITH_KNOTS('',5,(#15947,#15948,#15949,#15950,
    #15951,#15952),.UNSPECIFIED.,.F.,.F.,(6,6),(0.,1.),
  .PIECEWISE_BEZIER_KNOTS.);
#15947 = CARTESIAN_POINT('',(21.9462890625,-5.354833984375));
#15948 = CARTESIAN_POINT('',(21.913122801865,-5.38170285375));
#15949 = CARTESIAN_POINT('',(21.883064228545,-5.422263347605));
#15950 = CARTESIAN_POINT('',(21.856246287366,-5.475998429343));
#15951 = CARTESIAN_POINT('',(21.832596416555,-5.541777249913));
#15952 = CARTESIAN_POINT('',(21.811962890625,-5.618359375));
#15953 = ( GEOMETRIC_REPRESENTATION_CONTEXT(2) 
PARAMETRIC_REPRESENTATION_CONTEXT() REPRESENTATION_CONTEXT('2D SPACE',''
  ) );
#15954 = ORIENTED_EDGE('',*,*,#15899,.T.);
#15955 = ORIENTED_EDGE('',*,*,#14603,.T.);
#15956 = ORIENTED_EDGE('',*,*,#15957,.F.);
#15957 = EDGE_CURVE('',#15924,#14604,#15958,.T.);
#15958 = SURFACE_CURVE('',#15959,(#15963,#15970),.PCURVE_S1.);
#15959 = LINE('',#15960,#15961);
#15960 = CARTESIAN_POINT('',(3.25,19.2762890625,5.354833984375));
#15961 = VECTOR('',#15962,1.);
#15962 = DIRECTION('',(1.,0.,0.));
#15963 = PCURVE('',#14619,#15964);
#15964 = DEFINITIONAL_REPRESENTATION('',(#15965),#15969);
#15965 = LINE('',#15966,#15967);
#15966 = CARTESIAN_POINT('',(1.,0.));
#15967 = VECTOR('',#15968,1.);
#15968 = DIRECTION('',(0.,-1.));
#15969 = ( GEOMETRIC_REPRESENTATION_CONTEXT(2) 
PARAMETRIC_REPRESENTATION_CONTEXT() REPRESENTATION_CONTEXT('2D SPACE',''
  ) );
#15970 = PCURVE('',#14649,#15971);
#15971 = DEFINITIONAL_REPRESENTATION('',(#15972),#15976);
#15972 = LINE('',#15973,#15974);
#15973 = CARTESIAN_POINT('',(0.,0.));
#15974 = VECTOR('',#15975,1.);
#15975 = DIRECTION('',(0.,-1.));
#15976 = ( GEOMETRIC_REPRESENTATION_CONTEXT(2) 
PARAMETRIC_REPRESENTATION_CONTEXT() REPRESENTATION_CONTEXT('2D SPACE',''
  ) );
#15977 = ADVANCED_FACE('',(#15978),#14649,.T.);
#15978 = FACE_BOUND('',#15979,.T.);
#15979 = EDGE_LOOP('',(#15980,#16018,#16019,#16020));
#15980 = ORIENTED_EDGE('',*,*,#15981,.T.);
#15981 = EDGE_CURVE('',#15982,#15924,#15984,.T.);
#15982 = VERTEX_POINT('',#15983);
#15983 = CARTESIAN_POINT('',(3.45,19.461884765625,5.289208984375));
#15984 = SURFACE_CURVE('',#15985,(#15994,#16006),.PCURVE_S1.);
#15985 = B_SPLINE_CURVE_WITH_KNOTS('',4,(#15986,#15987,#15988,#15989,
    #15990,#15991,#15992,#15993),.UNSPECIFIED.,.F.,.F.,(5,3,5),(0.,
    0.508010680165,1.),.UNSPECIFIED.);
#15986 = CARTESIAN_POINT('',(3.45,19.461884765625,5.289208984375));
#15987 = CARTESIAN_POINT('',(3.45,19.435361484143,5.289208984375));
#15988 = CARTESIAN_POINT('',(3.45,19.409806890605,5.292022506574));
#15989 = CARTESIAN_POINT('',(3.45,19.385249235771,5.297669926474));
#15990 = CARTESIAN_POINT('',(3.45,19.33890852883,5.314351677925));
#15991 = CARTESIAN_POINT('',(3.45,19.31706234631,5.325210519306));
#15992 = CARTESIAN_POINT('',(3.45,19.296186430793,5.338714597403));
#15993 = CARTESIAN_POINT('',(3.45,19.2762890625,5.354833984375));
#15994 = PCURVE('',#14649,#15995);
#15995 = DEFINITIONAL_REPRESENTATION('',(#15996),#16005);
#15996 = B_SPLINE_CURVE_WITH_KNOTS('',4,(#15997,#15998,#15999,#16000,
    #16001,#16002,#16003,#16004),.UNSPECIFIED.,.F.,.F.,(5,3,5),(0.,
    0.508010680165,1.),.UNSPECIFIED.);
#15997 = CARTESIAN_POINT('',(1.,-0.2));
#15998 = CARTESIAN_POINT('',(0.873203360236,-0.2));
#15999 = CARTESIAN_POINT('',(0.746203920682,-0.2));
#16000 = CARTESIAN_POINT('',(0.619101730801,-0.2));
#16001 = CARTESIAN_POINT('',(0.368906733405,-0.2));
#16002 = CARTESIAN_POINT('',(0.245813621693,-0.2));
#16003 = CARTESIAN_POINT('',(0.122814376927,-0.2));
#16004 = CARTESIAN_POINT('',(0.,-0.2));
#16005 = ( GEOMETRIC_REPRESENTATION_CONTEXT(2) 
PARAMETRIC_REPRESENTATION_CONTEXT() REPRESENTATION_CONTEXT('2D SPACE',''
  ) );
#16006 = PCURVE('',#15674,#16007);
#16007 = DEFINITIONAL_REPRESENTATION('',(#16008),#16017);
#16008 = B_SPLINE_CURVE_WITH_KNOTS('',4,(#16009,#16010,#16011,#16012,
    #16013,#16014,#16015,#16016),.UNSPECIFIED.,.F.,.F.,(5,3,5),(0.,
    0.508010680165,1.),.UNSPECIFIED.);
#16009 = CARTESIAN_POINT('',(22.131884765625,-5.289208984375));
#16010 = CARTESIAN_POINT('',(22.105361484143,-5.289208984375));
#16011 = CARTESIAN_POINT('',(22.079806890605,-5.292022506574));
#16012 = CARTESIAN_POINT('',(22.055249235771,-5.297669926474));
#16013 = CARTESIAN_POINT('',(22.00890852883,-5.314351677925));
#16014 = CARTESIAN_POINT('',(21.98706234631,-5.325210519306));
#16015 = CARTESIAN_POINT('',(21.966186430793,-5.338714597403));
#16016 = CARTESIAN_POINT('',(21.9462890625,-5.354833984375));
#16017 = ( GEOMETRIC_REPRESENTATION_CONTEXT(2) 
PARAMETRIC_REPRESENTATION_CONTEXT() REPRESENTATION_CONTEXT('2D SPACE',''
  ) );
#16018 = ORIENTED_EDGE('',*,*,#15957,.T.);
#16019 = ORIENTED_EDGE('',*,*,#14633,.T.);
#16020 = ORIENTED_EDGE('',*,*,#16021,.F.);
#16021 = EDGE_CURVE('',#15982,#14634,#16022,.T.);
#16022 = SURFACE_CURVE('',#16023,(#16027,#16034),.PCURVE_S1.);
#16023 = LINE('',#16024,#16025);
#16024 = CARTESIAN_POINT('',(3.25,19.461884765625,5.289208984375));
#16025 = VECTOR('',#16026,1.);
#16026 = DIRECTION('',(1.,0.,0.));
#16027 = PCURVE('',#14649,#16028);
#16028 = DEFINITIONAL_REPRESENTATION('',(#16029),#16033);
#16029 = LINE('',#16030,#16031);
#16030 = CARTESIAN_POINT('',(1.,0.));
#16031 = VECTOR('',#16032,1.);
#16032 = DIRECTION('',(0.,-1.));
#16033 = ( GEOMETRIC_REPRESENTATION_CONTEXT(2) 
PARAMETRIC_REPRESENTATION_CONTEXT() REPRESENTATION_CONTEXT('2D SPACE',''
  ) );
#16034 = PCURVE('',#14679,#16035);
#16035 = DEFINITIONAL_REPRESENTATION('',(#16036),#16040);
#16036 = LINE('',#16037,#16038);
#16037 = CARTESIAN_POINT('',(0.,0.));
#16038 = VECTOR('',#16039,1.);
#16039 = DIRECTION('',(0.,-1.));
#16040 = ( GEOMETRIC_REPRESENTATION_CONTEXT(2) 
PARAMETRIC_REPRESENTATION_CONTEXT() REPRESENTATION_CONTEXT('2D SPACE',''
  ) );
#16041 = ADVANCED_FACE('',(#16042),#14679,.T.);
#16042 = FACE_BOUND('',#16043,.T.);
#16043 = EDGE_LOOP('',(#16044,#16082,#16083,#16084));
#16044 = ORIENTED_EDGE('',*,*,#16045,.T.);
#16045 = EDGE_CURVE('',#16046,#15982,#16048,.T.);
#16046 = VERTEX_POINT('',#16047);
#16047 = CARTESIAN_POINT('',(3.45,19.648505859375,5.355859375));
#16048 = SURFACE_CURVE('',#16049,(#16058,#16070),.PCURVE_S1.);
#16049 = B_SPLINE_CURVE_WITH_KNOTS('',4,(#16050,#16051,#16052,#16053,
    #16054,#16055,#16056,#16057),.UNSPECIFIED.,.F.,.F.,(5,3,5),(0.,
    0.524036655386,1.),.UNSPECIFIED.);
#16050 = CARTESIAN_POINT('',(3.45,19.648505859375,5.355859375));
#16051 = CARTESIAN_POINT('',(3.45,19.627050950083,5.3384272612));
#16052 = CARTESIAN_POINT('',(3.45,19.604530130487,5.32400446007));
#16053 = CARTESIAN_POINT('',(3.45,19.58095362835,5.312629685847));
#16054 = CARTESIAN_POINT('',(3.45,19.533990181882,5.296754226602));
#16055 = CARTESIAN_POINT('',(3.45,19.510784210232,5.291718638318));
#16056 = CARTESIAN_POINT('',(3.45,19.486741381236,5.289208984375));
#16057 = CARTESIAN_POINT('',(3.45,19.461884765625,5.289208984375));
#16058 = PCURVE('',#14679,#16059);
#16059 = DEFINITIONAL_REPRESENTATION('',(#16060),#16069);
#16060 = B_SPLINE_CURVE_WITH_KNOTS('',4,(#16061,#16062,#16063,#16064,
    #16065,#16066,#16067,#16068),.UNSPECIFIED.,.F.,.F.,(5,3,5),(0.,
    0.524036655386,1.),.UNSPECIFIED.);
#16061 = CARTESIAN_POINT('',(1.,-0.2));
#16062 = CARTESIAN_POINT('',(0.869227219553,-0.2));
#16063 = CARTESIAN_POINT('',(0.738227965357,-0.2));
#16064 = CARTESIAN_POINT('',(0.607113773307,-0.2));
#16065 = CARTESIAN_POINT('',(0.356914150896,-0.2));
#16066 = CARTESIAN_POINT('',(0.237828378732,-0.2));
#16067 = CARTESIAN_POINT('',(0.118829012073,-0.2));
#16068 = CARTESIAN_POINT('',(0.,-0.2));
#16069 = ( GEOMETRIC_REPRESENTATION_CONTEXT(2) 
PARAMETRIC_REPRESENTATION_CONTEXT() REPRESENTATION_CONTEXT('2D SPACE',''
  ) );
#16070 = PCURVE('',#15674,#16071);
#16071 = DEFINITIONAL_REPRESENTATION('',(#16072),#16081);
#16072 = B_SPLINE_CURVE_WITH_KNOTS('',4,(#16073,#16074,#16075,#16076,
    #16077,#16078,#16079,#16080),.UNSPECIFIED.,.F.,.F.,(5,3,5),(0.,
    0.524036655386,1.),.UNSPECIFIED.);
#16073 = CARTESIAN_POINT('',(22.318505859375,-5.355859375));
#16074 = CARTESIAN_POINT('',(22.297050950083,-5.3384272612));
#16075 = CARTESIAN_POINT('',(22.274530130487,-5.32400446007));
#16076 = CARTESIAN_POINT('',(22.25095362835,-5.312629685847));
#16077 = CARTESIAN_POINT('',(22.203990181882,-5.296754226602));
#16078 = CARTESIAN_POINT('',(22.180784210232,-5.291718638318));
#16079 = CARTESIAN_POINT('',(22.156741381236,-5.289208984375));
#16080 = CARTESIAN_POINT('',(22.131884765625,-5.289208984375));
#16081 = ( GEOMETRIC_REPRESENTATION_CONTEXT(2) 
PARAMETRIC_REPRESENTATION_CONTEXT() REPRESENTATION_CONTEXT('2D SPACE',''
  ) );
#16082 = ORIENTED_EDGE('',*,*,#16021,.T.);
#16083 = ORIENTED_EDGE('',*,*,#14663,.T.);
#16084 = ORIENTED_EDGE('',*,*,#16085,.F.);
#16085 = EDGE_CURVE('',#16046,#14664,#16086,.T.);
#16086 = SURFACE_CURVE('',#16087,(#16091,#16098),.PCURVE_S1.);
#16087 = LINE('',#16088,#16089);
#16088 = CARTESIAN_POINT('',(3.25,19.648505859375,5.355859375));
#16089 = VECTOR('',#16090,1.);
#16090 = DIRECTION('',(1.,0.,0.));
#16091 = PCURVE('',#14679,#16092);
#16092 = DEFINITIONAL_REPRESENTATION('',(#16093),#16097);
#16093 = LINE('',#16094,#16095);
#16094 = CARTESIAN_POINT('',(1.,0.));
#16095 = VECTOR('',#16096,1.);
#16096 = DIRECTION('',(0.,-1.));
#16097 = ( GEOMETRIC_REPRESENTATION_CONTEXT(2) 
PARAMETRIC_REPRESENTATION_CONTEXT() REPRESENTATION_CONTEXT('2D SPACE',''
  ) );
#16098 = PCURVE('',#14709,#16099);
#16099 = DEFINITIONAL_REPRESENTATION('',(#16100),#16104);
#16100 = LINE('',#16101,#16102);
#16101 = CARTESIAN_POINT('',(0.,0.));
#16102 = VECTOR('',#16103,1.);
#16103 = DIRECTION('',(0.,-1.));
#16104 = ( GEOMETRIC_REPRESENTATION_CONTEXT(2) 
PARAMETRIC_REPRESENTATION_CONTEXT() REPRESENTATION_CONTEXT('2D SPACE',''
  ) );
#16105 = ADVANCED_FACE('',(#16106),#14709,.T.);
#16106 = FACE_BOUND('',#16107,.T.);
#16107 = EDGE_LOOP('',(#16108,#16140,#16141,#16142));
#16108 = ORIENTED_EDGE('',*,*,#16109,.T.);
#16109 = EDGE_CURVE('',#16110,#16046,#16112,.T.);
#16110 = VERTEX_POINT('',#16111);
#16111 = CARTESIAN_POINT('',(3.45,19.775654296875,5.594775390625));
#16112 = SURFACE_CURVE('',#16113,(#16120,#16130),.PCURVE_S1.);
#16113 = B_SPLINE_CURVE_WITH_KNOTS('',5,(#16114,#16115,#16116,#16117,
    #16118,#16119),.UNSPECIFIED.,.F.,.F.,(6,6),(0.,1.),
  .PIECEWISE_BEZIER_KNOTS.);
#16114 = CARTESIAN_POINT('',(3.45,19.775654296875,5.594775390625));
#16115 = CARTESIAN_POINT('',(3.45,19.758009080086,5.527402744703));
#16116 = CARTESIAN_POINT('',(3.45,19.736580473723,5.46915549754));
#16117 = CARTESIAN_POINT('',(3.45,19.71121162686,5.42079170982));
#16118 = CARTESIAN_POINT('',(3.45,19.68182611784,5.382932085003));
#16119 = CARTESIAN_POINT('',(3.45,19.648505859375,5.355859375));
#16120 = PCURVE('',#14709,#16121);
#16121 = DEFINITIONAL_REPRESENTATION('',(#16122),#16129);
#16122 = B_SPLINE_CURVE_WITH_KNOTS('',5,(#16123,#16124,#16125,#16126,
    #16127,#16128),.UNSPECIFIED.,.F.,.F.,(6,6),(0.,1.),
  .PIECEWISE_BEZIER_KNOTS.);
#16123 = CARTESIAN_POINT('',(1.,-0.2));
#16124 = CARTESIAN_POINT('',(0.804451277143,-0.2));
#16125 = CARTESIAN_POINT('',(0.606083085147,-0.2));
#16126 = CARTESIAN_POINT('',(0.405408601091,-0.2));
#16127 = CARTESIAN_POINT('',(0.203094908738,-0.2));
#16128 = CARTESIAN_POINT('',(0.,-0.2));
#16129 = ( GEOMETRIC_REPRESENTATION_CONTEXT(2) 
PARAMETRIC_REPRESENTATION_CONTEXT() REPRESENTATION_CONTEXT('2D SPACE',''
  ) );
#16130 = PCURVE('',#15674,#16131);
#16131 = DEFINITIONAL_REPRESENTATION('',(#16132),#16139);
#16132 = B_SPLINE_CURVE_WITH_KNOTS('',5,(#16133,#16134,#16135,#16136,
    #16137,#16138),.UNSPECIFIED.,.F.,.F.,(6,6),(0.,1.),
  .PIECEWISE_BEZIER_KNOTS.);
#16133 = CARTESIAN_POINT('',(22.445654296875,-5.594775390625));
#16134 = CARTESIAN_POINT('',(22.428009080086,-5.527402744703));
#16135 = CARTESIAN_POINT('',(22.406580473723,-5.46915549754));
#16136 = CARTESIAN_POINT('',(22.38121162686,-5.42079170982));
#16137 = CARTESIAN_POINT('',(22.35182611784,-5.382932085003));
#16138 = CARTESIAN_POINT('',(22.318505859375,-5.355859375));
#16139 = ( GEOMETRIC_REPRESENTATION_CONTEXT(2) 
PARAMETRIC_REPRESENTATION_CONTEXT() REPRESENTATION_CONTEXT('2D SPACE',''
  ) );
#16140 = ORIENTED_EDGE('',*,*,#16085,.T.);
#16141 = ORIENTED_EDGE('',*,*,#14693,.T.);
#16142 = ORIENTED_EDGE('',*,*,#16143,.F.);
#16143 = EDGE_CURVE('',#16110,#14694,#16144,.T.);
#16144 = SURFACE_CURVE('',#16145,(#16149,#16156),.PCURVE_S1.);
#16145 = LINE('',#16146,#16147);
#16146 = CARTESIAN_POINT('',(3.25,19.775654296875,5.594775390625));
#16147 = VECTOR('',#16148,1.);
#16148 = DIRECTION('',(1.,0.,0.));
#16149 = PCURVE('',#14709,#16150);
#16150 = DEFINITIONAL_REPRESENTATION('',(#16151),#16155);
#16151 = LINE('',#16152,#16153);
#16152 = CARTESIAN_POINT('',(1.,0.));
#16153 = VECTOR('',#16154,1.);
#16154 = DIRECTION('',(0.,-1.));
#16155 = ( GEOMETRIC_REPRESENTATION_CONTEXT(2) 
PARAMETRIC_REPRESENTATION_CONTEXT() REPRESENTATION_CONTEXT('2D SPACE',''
  ) );
#16156 = PCURVE('',#14739,#16157);
#16157 = DEFINITIONAL_REPRESENTATION('',(#16158),#16162);
#16158 = LINE('',#16159,#16160);
#16159 = CARTESIAN_POINT('',(0.,0.));
#16160 = VECTOR('',#16161,1.);
#16161 = DIRECTION('',(0.,-1.));
#16162 = ( GEOMETRIC_REPRESENTATION_CONTEXT(2) 
PARAMETRIC_REPRESENTATION_CONTEXT() REPRESENTATION_CONTEXT('2D SPACE',''
  ) );
#16163 = ADVANCED_FACE('',(#16164),#14739,.T.);
#16164 = FACE_BOUND('',#16165,.T.);
#16165 = EDGE_LOOP('',(#16166,#16204,#16205,#16206));
#16166 = ORIENTED_EDGE('',*,*,#16167,.T.);
#16167 = EDGE_CURVE('',#16168,#16110,#16170,.T.);
#16168 = VERTEX_POINT('',#16169);
#16169 = CARTESIAN_POINT('',(3.45,19.835126953125,6.345361328125));
#16170 = SURFACE_CURVE('',#16171,(#16180,#16192),.PCURVE_S1.);
#16171 = B_SPLINE_CURVE_WITH_KNOTS('',7,(#16172,#16173,#16174,#16175,
    #16176,#16177,#16178,#16179),.UNSPECIFIED.,.F.,.F.,(8,8),(0.,1.),
  .PIECEWISE_BEZIER_KNOTS.);
#16172 = CARTESIAN_POINT('',(3.45,19.835126953125,6.345361328125));
#16173 = CARTESIAN_POINT('',(3.45,19.835126953125,6.214431304802));
#16174 = CARTESIAN_POINT('',(3.45,19.833002438059,6.088857929963));
#16175 = CARTESIAN_POINT('',(3.45,19.828425308503,5.969431285497));
#16176 = CARTESIAN_POINT('',(3.45,19.82095393319,5.857731560245));
#16177 = CARTESIAN_POINT('',(3.45,19.810061929818,5.756036996382));
#16178 = CARTESIAN_POINT('',(3.45,19.795136899146,5.667331288739));
#16179 = CARTESIAN_POINT('',(3.45,19.775654296875,5.594775390625));
#16180 = PCURVE('',#14739,#16181);
#16181 = DEFINITIONAL_REPRESENTATION('',(#16182),#16191);
#16182 = B_SPLINE_CURVE_WITH_KNOTS('',7,(#16183,#16184,#16185,#16186,
    #16187,#16188,#16189,#16190),.UNSPECIFIED.,.F.,.F.,(8,8),(0.,1.),
  .PIECEWISE_BEZIER_KNOTS.);
#16183 = CARTESIAN_POINT('',(1.,-0.2));
#16184 = CARTESIAN_POINT('',(0.876271369618,-0.2));
#16185 = CARTESIAN_POINT('',(0.747220299325,-0.2));
#16186 = CARTESIAN_POINT('',(0.611989690818,-0.2));
#16187 = CARTESIAN_POINT('',(0.469914160686,-0.2));
#16188 = CARTESIAN_POINT('',(0.320573728205,-0.2));
#16189 = CARTESIAN_POINT('',(0.163794620081,-0.2));
#16190 = CARTESIAN_POINT('',(0.,-0.2));
#16191 = ( GEOMETRIC_REPRESENTATION_CONTEXT(2) 
PARAMETRIC_REPRESENTATION_CONTEXT() REPRESENTATION_CONTEXT('2D SPACE',''
  ) );
#16192 = PCURVE('',#15674,#16193);
#16193 = DEFINITIONAL_REPRESENTATION('',(#16194),#16203);
#16194 = B_SPLINE_CURVE_WITH_KNOTS('',7,(#16195,#16196,#16197,#16198,
    #16199,#16200,#16201,#16202),.UNSPECIFIED.,.F.,.F.,(8,8),(0.,1.),
  .PIECEWISE_BEZIER_KNOTS.);
#16195 = CARTESIAN_POINT('',(22.505126953125,-6.345361328125));
#16196 = CARTESIAN_POINT('',(22.505126953125,-6.214431304802));
#16197 = CARTESIAN_POINT('',(22.503002438059,-6.088857929963));
#16198 = CARTESIAN_POINT('',(22.498425308503,-5.969431285497));
#16199 = CARTESIAN_POINT('',(22.49095393319,-5.857731560245));
#16200 = CARTESIAN_POINT('',(22.480061929818,-5.756036996382));
#16201 = CARTESIAN_POINT('',(22.465136899146,-5.667331288739));
#16202 = CARTESIAN_POINT('',(22.445654296875,-5.594775390625));
#16203 = ( GEOMETRIC_REPRESENTATION_CONTEXT(2) 
PARAMETRIC_REPRESENTATION_CONTEXT() REPRESENTATION_CONTEXT('2D SPACE',''
  ) );
#16204 = ORIENTED_EDGE('',*,*,#16143,.T.);
#16205 = ORIENTED_EDGE('',*,*,#14723,.T.);
#16206 = ORIENTED_EDGE('',*,*,#16207,.F.);
#16207 = EDGE_CURVE('',#16168,#14724,#16208,.T.);
#16208 = SURFACE_CURVE('',#16209,(#16213,#16220),.PCURVE_S1.);
#16209 = LINE('',#16210,#16211);
#16210 = CARTESIAN_POINT('',(3.25,19.835126953125,6.345361328125));
#16211 = VECTOR('',#16212,1.);
#16212 = DIRECTION('',(1.,0.,0.));
#16213 = PCURVE('',#14739,#16214);
#16214 = DEFINITIONAL_REPRESENTATION('',(#16215),#16219);
#16215 = LINE('',#16216,#16217);
#16216 = CARTESIAN_POINT('',(1.,0.));
#16217 = VECTOR('',#16218,1.);
#16218 = DIRECTION('',(0.,-1.));
#16219 = ( GEOMETRIC_REPRESENTATION_CONTEXT(2) 
PARAMETRIC_REPRESENTATION_CONTEXT() REPRESENTATION_CONTEXT('2D SPACE',''
  ) );
#16220 = PCURVE('',#14769,#16221);
#16221 = DEFINITIONAL_REPRESENTATION('',(#16222),#16226);
#16222 = LINE('',#16223,#16224);
#16223 = CARTESIAN_POINT('',(0.,0.));
#16224 = VECTOR('',#16225,1.);
#16225 = DIRECTION('',(0.,-1.));
#16226 = ( GEOMETRIC_REPRESENTATION_CONTEXT(2) 
PARAMETRIC_REPRESENTATION_CONTEXT() REPRESENTATION_CONTEXT('2D SPACE',''
  ) );
#16227 = ADVANCED_FACE('',(#16228),#14769,.T.);
#16228 = FACE_BOUND('',#16229,.T.);
#16229 = EDGE_LOOP('',(#16230,#16268,#16269,#16270));
#16230 = ORIENTED_EDGE('',*,*,#16231,.T.);
#16231 = EDGE_CURVE('',#16232,#16168,#16234,.T.);
#16232 = VERTEX_POINT('',#16233);
#16233 = CARTESIAN_POINT('',(3.45,19.781806640625,7.07236328125));
#16234 = SURFACE_CURVE('',#16235,(#16244,#16256),.PCURVE_S1.);
#16235 = B_SPLINE_CURVE_WITH_KNOTS('',7,(#16236,#16237,#16238,#16239,
    #16240,#16241,#16242,#16243),.UNSPECIFIED.,.F.,.F.,(8,8),(0.,1.),
  .PIECEWISE_BEZIER_KNOTS.);
#16236 = CARTESIAN_POINT('',(3.45,19.781806640625,7.07236328125));
#16237 = CARTESIAN_POINT('',(3.45,19.79941254056,7.007018306489));
#16238 = CARTESIAN_POINT('',(3.45,19.812850036101,6.923492921015));
#16239 = CARTESIAN_POINT('',(3.45,19.822586997003,6.8254092751));
#16240 = CARTESIAN_POINT('',(3.45,19.82922161326,6.716324265505));
#16241 = CARTESIAN_POINT('',(3.45,19.833260254962,6.59890582719));
#16242 = CARTESIAN_POINT('',(3.45,19.835126953125,6.47497506723));
#16243 = CARTESIAN_POINT('',(3.45,19.835126953125,6.345361328125));
#16244 = PCURVE('',#14769,#16245);
#16245 = DEFINITIONAL_REPRESENTATION('',(#16246),#16255);
#16246 = B_SPLINE_CURVE_WITH_KNOTS('',7,(#16247,#16248,#16249,#16250,
    #16251,#16252,#16253,#16254),.UNSPECIFIED.,.F.,.F.,(8,8),(0.,1.),
  .PIECEWISE_BEZIER_KNOTS.);
#16247 = CARTESIAN_POINT('',(1.,-0.2));
#16248 = CARTESIAN_POINT('',(0.834904381557,-0.2));
#16249 = CARTESIAN_POINT('',(0.677096393747,-0.2));
#16250 = CARTESIAN_POINT('',(0.527252616775,-0.2));
#16251 = CARTESIAN_POINT('',(0.38522300062,-0.2));
#16252 = CARTESIAN_POINT('',(0.250556400974,-0.2));
#16253 = CARTESIAN_POINT('',(0.122484744226,-0.2));
#16254 = CARTESIAN_POINT('',(0.,-0.2));
#16255 = ( GEOMETRIC_REPRESENTATION_CONTEXT(2) 
PARAMETRIC_REPRESENTATION_CONTEXT() REPRESENTATION_CONTEXT('2D SPACE',''
  ) );
#16256 = PCURVE('',#15674,#16257);
#16257 = DEFINITIONAL_REPRESENTATION('',(#16258),#16267);
#16258 = B_SPLINE_CURVE_WITH_KNOTS('',7,(#16259,#16260,#16261,#16262,
    #16263,#16264,#16265,#16266),.UNSPECIFIED.,.F.,.F.,(8,8),(0.,1.),
  .PIECEWISE_BEZIER_KNOTS.);
#16259 = CARTESIAN_POINT('',(22.451806640625,-7.07236328125));
#16260 = CARTESIAN_POINT('',(22.46941254056,-7.007018306489));
#16261 = CARTESIAN_POINT('',(22.482850036101,-6.923492921015));
#16262 = CARTESIAN_POINT('',(22.492586997003,-6.8254092751));
#16263 = CARTESIAN_POINT('',(22.49922161326,-6.716324265505));
#16264 = CARTESIAN_POINT('',(22.503260254962,-6.59890582719));
#16265 = CARTESIAN_POINT('',(22.505126953125,-6.47497506723));
#16266 = CARTESIAN_POINT('',(22.505126953125,-6.345361328125));
#16267 = ( GEOMETRIC_REPRESENTATION_CONTEXT(2) 
PARAMETRIC_REPRESENTATION_CONTEXT() REPRESENTATION_CONTEXT('2D SPACE',''
  ) );
#16268 = ORIENTED_EDGE('',*,*,#16207,.T.);
#16269 = ORIENTED_EDGE('',*,*,#14753,.T.);
#16270 = ORIENTED_EDGE('',*,*,#16271,.F.);
#16271 = EDGE_CURVE('',#16232,#14754,#16272,.T.);
#16272 = SURFACE_CURVE('',#16273,(#16277,#16284),.PCURVE_S1.);
#16273 = LINE('',#16274,#16275);
#16274 = CARTESIAN_POINT('',(3.25,19.781806640625,7.07236328125));
#16275 = VECTOR('',#16276,1.);
#16276 = DIRECTION('',(1.,0.,0.));
#16277 = PCURVE('',#14769,#16278);
#16278 = DEFINITIONAL_REPRESENTATION('',(#16279),#16283);
#16279 = LINE('',#16280,#16281);
#16280 = CARTESIAN_POINT('',(1.,0.));
#16281 = VECTOR('',#16282,1.);
#16282 = DIRECTION('',(0.,-1.));
#16283 = ( GEOMETRIC_REPRESENTATION_CONTEXT(2) 
PARAMETRIC_REPRESENTATION_CONTEXT() REPRESENTATION_CONTEXT('2D SPACE',''
  ) );
#16284 = PCURVE('',#14799,#16285);
#16285 = DEFINITIONAL_REPRESENTATION('',(#16286),#16290);
#16286 = LINE('',#16287,#16288);
#16287 = CARTESIAN_POINT('',(0.,0.));
#16288 = VECTOR('',#16289,1.);
#16289 = DIRECTION('',(0.,-1.));
#16290 = ( GEOMETRIC_REPRESENTATION_CONTEXT(2) 
PARAMETRIC_REPRESENTATION_CONTEXT() REPRESENTATION_CONTEXT('2D SPACE',''
  ) );
#16291 = ADVANCED_FACE('',(#16292),#14799,.T.);
#16292 = FACE_BOUND('',#16293,.T.);
#16293 = EDGE_LOOP('',(#16294,#16326,#16327,#16328));
#16294 = ORIENTED_EDGE('',*,*,#16295,.T.);
#16295 = EDGE_CURVE('',#16296,#16232,#16298,.T.);
#16296 = VERTEX_POINT('',#16297);
#16297 = CARTESIAN_POINT('',(3.45,19.64748046875,7.3369140625));
#16298 = SURFACE_CURVE('',#16299,(#16306,#16316),.PCURVE_S1.);
#16299 = B_SPLINE_CURVE_WITH_KNOTS('',5,(#16300,#16301,#16302,#16303,
    #16304,#16305),.UNSPECIFIED.,.F.,.F.,(6,6),(0.,1.),
  .PIECEWISE_BEZIER_KNOTS.);
#16300 = CARTESIAN_POINT('',(3.45,19.64748046875,7.3369140625));
#16301 = CARTESIAN_POINT('',(3.45,19.680645010536,7.309626781284));
#16302 = CARTESIAN_POINT('',(3.45,19.710700018458,7.268761138184));
#16303 = CARTESIAN_POINT('',(3.45,19.737516923429,7.214834536131));
#16304 = CARTESIAN_POINT('',(3.45,19.761168802131,7.148961412585));
#16305 = CARTESIAN_POINT('',(3.45,19.781806640625,7.07236328125));
#16306 = PCURVE('',#14799,#16307);
#16307 = DEFINITIONAL_REPRESENTATION('',(#16308),#16315);
#16308 = B_SPLINE_CURVE_WITH_KNOTS('',5,(#16309,#16310,#16311,#16312,
    #16313,#16314),.UNSPECIFIED.,.F.,.F.,(6,6),(0.,1.),
  .PIECEWISE_BEZIER_KNOTS.);
#16309 = CARTESIAN_POINT('',(1.,-0.2));
#16310 = CARTESIAN_POINT('',(0.795295414171,-0.2));
#16311 = CARTESIAN_POINT('',(0.591881252498,-0.2));
#16312 = CARTESIAN_POINT('',(0.391007759303,-0.2));
#16313 = CARTESIAN_POINT('',(0.193526983683,-0.2));
#16314 = CARTESIAN_POINT('',(0.,-0.2));
#16315 = ( GEOMETRIC_REPRESENTATION_CONTEXT(2) 
PARAMETRIC_REPRESENTATION_CONTEXT() REPRESENTATION_CONTEXT('2D SPACE',''
  ) );
#16316 = PCURVE('',#15674,#16317);
#16317 = DEFINITIONAL_REPRESENTATION('',(#16318),#16325);
#16318 = B_SPLINE_CURVE_WITH_KNOTS('',5,(#16319,#16320,#16321,#16322,
    #16323,#16324),.UNSPECIFIED.,.F.,.F.,(6,6),(0.,1.),
  .PIECEWISE_BEZIER_KNOTS.);
#16319 = CARTESIAN_POINT('',(22.31748046875,-7.3369140625));
#16320 = CARTESIAN_POINT('',(22.350645010536,-7.309626781284));
#16321 = CARTESIAN_POINT('',(22.380700018458,-7.268761138184));
#16322 = CARTESIAN_POINT('',(22.407516923429,-7.214834536131));
#16323 = CARTESIAN_POINT('',(22.431168802131,-7.148961412585));
#16324 = CARTESIAN_POINT('',(22.451806640625,-7.07236328125));
#16325 = ( GEOMETRIC_REPRESENTATION_CONTEXT(2) 
PARAMETRIC_REPRESENTATION_CONTEXT() REPRESENTATION_CONTEXT('2D SPACE',''
  ) );
#16326 = ORIENTED_EDGE('',*,*,#16271,.T.);
#16327 = ORIENTED_EDGE('',*,*,#14783,.T.);
#16328 = ORIENTED_EDGE('',*,*,#16329,.F.);
#16329 = EDGE_CURVE('',#16296,#14784,#16330,.T.);
#16330 = SURFACE_CURVE('',#16331,(#16335,#16342),.PCURVE_S1.);
#16331 = LINE('',#16332,#16333);
#16332 = CARTESIAN_POINT('',(3.25,19.64748046875,7.3369140625));
#16333 = VECTOR('',#16334,1.);
#16334 = DIRECTION('',(1.,0.,0.));
#16335 = PCURVE('',#14799,#16336);
#16336 = DEFINITIONAL_REPRESENTATION('',(#16337),#16341);
#16337 = LINE('',#16338,#16339);
#16338 = CARTESIAN_POINT('',(1.,0.));
#16339 = VECTOR('',#16340,1.);
#16340 = DIRECTION('',(0.,-1.));
#16341 = ( GEOMETRIC_REPRESENTATION_CONTEXT(2) 
PARAMETRIC_REPRESENTATION_CONTEXT() REPRESENTATION_CONTEXT('2D SPACE',''
  ) );
#16342 = PCURVE('',#14827,#16343);
#16343 = DEFINITIONAL_REPRESENTATION('',(#16344),#16348);
#16344 = LINE('',#16345,#16346);
#16345 = CARTESIAN_POINT('',(0.,0.));
#16346 = VECTOR('',#16347,1.);
#16347 = DIRECTION('',(0.,-1.));
#16348 = ( GEOMETRIC_REPRESENTATION_CONTEXT(2) 
PARAMETRIC_REPRESENTATION_CONTEXT() REPRESENTATION_CONTEXT('2D SPACE',''
  ) );
#16349 = ADVANCED_FACE('',(#16350),#14827,.T.);
#16350 = FACE_BOUND('',#16351,.T.);
#16351 = EDGE_LOOP('',(#16352,#16388,#16389,#16390));
#16352 = ORIENTED_EDGE('',*,*,#16353,.T.);
#16353 = EDGE_CURVE('',#15649,#16296,#16354,.T.);
#16354 = SURFACE_CURVE('',#16355,(#16364,#16376),.PCURVE_S1.);
#16355 = B_SPLINE_CURVE_WITH_KNOTS('',4,(#16356,#16357,#16358,#16359,
    #16360,#16361,#16362,#16363),.UNSPECIFIED.,.F.,.F.,(5,3,5),(0.,
    0.49199075822,1.),.UNSPECIFIED.);
#16356 = CARTESIAN_POINT('',(3.45,19.461884765625,7.403564453125));
#16357 = CARTESIAN_POINT('',(3.45,19.48757387748,7.403564453125));
#16358 = CARTESIAN_POINT('',(3.45,19.512354272888,7.400883880378));
#16359 = CARTESIAN_POINT('',(3.45,19.536199749285,7.39550393703));
#16360 = CARTESIAN_POINT('',(3.45,19.58273027575,7.379094799406));
#16361 = CARTESIAN_POINT('',(3.45,19.605352323382,7.367887354357));
#16362 = CARTESIAN_POINT('',(3.45,19.626938766278,7.353815463268));
#16363 = CARTESIAN_POINT('',(3.45,19.64748046875,7.3369140625));
#16364 = PCURVE('',#14827,#16365);
#16365 = DEFINITIONAL_REPRESENTATION('',(#16366),#16375);
#16366 = B_SPLINE_CURVE_WITH_KNOTS('',4,(#16367,#16368,#16369,#16370,
    #16371,#16372,#16373,#16374),.UNSPECIFIED.,.F.,.F.,(5,3,5),(0.,
    0.49199075822,1.),.UNSPECIFIED.);
#16367 = CARTESIAN_POINT('',(1.,-0.2));
#16368 = CARTESIAN_POINT('',(0.877191173952,-0.2));
#16369 = CARTESIAN_POINT('',(0.754192109979,-0.2));
#16370 = CARTESIAN_POINT('',(0.631096273253,-0.2));
#16371 = CARTESIAN_POINT('',(0.380895896119,-0.2));
#16372 = CARTESIAN_POINT('',(0.253791016698,-0.2));
#16373 = CARTESIAN_POINT('',(0.126791460708,-0.2));
#16374 = CARTESIAN_POINT('',(0.,-0.2));
#16375 = ( GEOMETRIC_REPRESENTATION_CONTEXT(2) 
PARAMETRIC_REPRESENTATION_CONTEXT() REPRESENTATION_CONTEXT('2D SPACE',''
  ) );
#16376 = PCURVE('',#15674,#16377);
#16377 = DEFINITIONAL_REPRESENTATION('',(#16378),#16387);
#16378 = B_SPLINE_CURVE_WITH_KNOTS('',4,(#16379,#16380,#16381,#16382,
    #16383,#16384,#16385,#16386),.UNSPECIFIED.,.F.,.F.,(5,3,5),(0.,
    0.49199075822,1.),.UNSPECIFIED.);
#16379 = CARTESIAN_POINT('',(22.131884765625,-7.403564453125));
#16380 = CARTESIAN_POINT('',(22.15757387748,-7.403564453125));
#16381 = CARTESIAN_POINT('',(22.182354272888,-7.400883880378));
#16382 = CARTESIAN_POINT('',(22.206199749285,-7.39550393703));
#16383 = CARTESIAN_POINT('',(22.25273027575,-7.379094799406));
#16384 = CARTESIAN_POINT('',(22.275352323382,-7.367887354357));
#16385 = CARTESIAN_POINT('',(22.296938766278,-7.353815463268));
#16386 = CARTESIAN_POINT('',(22.31748046875,-7.3369140625));
#16387 = ( GEOMETRIC_REPRESENTATION_CONTEXT(2) 
PARAMETRIC_REPRESENTATION_CONTEXT() REPRESENTATION_CONTEXT('2D SPACE',''
  ) );
#16388 = ORIENTED_EDGE('',*,*,#16329,.T.);
#16389 = ORIENTED_EDGE('',*,*,#14813,.T.);
#16390 = ORIENTED_EDGE('',*,*,#15691,.F.);
#16391 = ADVANCED_FACE('',(#16392),#14897,.F.);
#16392 = FACE_BOUND('',#16393,.F.);
#16393 = EDGE_LOOP('',(#16394,#16395,#16396,#16397,#16398,#16399,#16400,
    #16401,#16402,#16403,#16404,#16405));
#16394 = ORIENTED_EDGE('',*,*,#14960,.T.);
#16395 = ORIENTED_EDGE('',*,*,#14869,.T.);
#16396 = ORIENTED_EDGE('',*,*,#15576,.T.);
#16397 = ORIENTED_EDGE('',*,*,#15518,.T.);
#16398 = ORIENTED_EDGE('',*,*,#15454,.T.);
#16399 = ORIENTED_EDGE('',*,*,#15390,.T.);
#16400 = ORIENTED_EDGE('',*,*,#15332,.T.);
#16401 = ORIENTED_EDGE('',*,*,#15268,.T.);
#16402 = ORIENTED_EDGE('',*,*,#15204,.T.);
#16403 = ORIENTED_EDGE('',*,*,#15146,.T.);
#16404 = ORIENTED_EDGE('',*,*,#15082,.T.);
#16405 = ORIENTED_EDGE('',*,*,#15018,.T.);
#16406 = ADVANCED_FACE('',(#16407),#15674,.F.);
#16407 = FACE_BOUND('',#16408,.F.);
#16408 = EDGE_LOOP('',(#16409,#16410,#16411,#16412,#16413,#16414,#16415,
    #16416,#16417,#16418,#16419,#16420));
#16409 = ORIENTED_EDGE('',*,*,#15737,.T.);
#16410 = ORIENTED_EDGE('',*,*,#15646,.T.);
#16411 = ORIENTED_EDGE('',*,*,#16353,.T.);
#16412 = ORIENTED_EDGE('',*,*,#16295,.T.);
#16413 = ORIENTED_EDGE('',*,*,#16231,.T.);
#16414 = ORIENTED_EDGE('',*,*,#16167,.T.);
#16415 = ORIENTED_EDGE('',*,*,#16109,.T.);
#16416 = ORIENTED_EDGE('',*,*,#16045,.T.);
#16417 = ORIENTED_EDGE('',*,*,#15981,.T.);
#16418 = ORIENTED_EDGE('',*,*,#15923,.T.);
#16419 = ORIENTED_EDGE('',*,*,#15859,.T.);
#16420 = ORIENTED_EDGE('',*,*,#15795,.T.);
#16421 = ( GEOMETRIC_REPRESENTATION_CONTEXT(3) 
GLOBAL_UNCERTAINTY_ASSIGNED_CONTEXT((#16425)) 
GLOBAL_UNIT_ASSIGNED_CONTEXT((#16422,#16423,#16424)) 
REPRESENTATION_CONTEXT('Context #1',
  '3D Context with UNIT and UNCERTAINTY') );
#16422 = ( LENGTH_UNIT() NAMED_UNIT(*) SI_UNIT(.MILLI.,.METRE.) );
#16423 = ( NAMED_UNIT(*) PLANE_ANGLE_UNIT() SI_UNIT($,.RADIAN.) );
#16424 = ( NAMED_UNIT(*) SI_UNIT($,.STERADIAN.) SOLID_ANGLE_UNIT() );
#16425 = UNCERTAINTY_MEASURE_WITH_UNIT(LENGTH_MEASURE(1.E-06),#16422,
  'distance_accuracy_value','confusion accuracy');
#16426 = PRODUCT_RELATED_PRODUCT_CATEGORY('part',$,(#7));
ENDSEC;
END-ISO-10303-21;
